{"type":"FeatureCollection","features":[{"type":"Feature","geometry":{"type":"MultiPolygon","coordinates":[[[[-0.63415,52.16806],[-0.63003,52.16063],[-0.63052,52.15597],[-0.63975,52.15235],[-0.63476,52.13909],[-0.62066,52.13356],[-0.60675,52.13305],[-0.59951,52.12603],[-0.59714,52.11546],[-0.59177,52.11069],[-0.60049,52.1059],[-0.59787,52.10168],[-0.60353,52.09875],[-0.60705,52.0919],[-0.63306,52.07969],[-0.64117,52.06847],[-0.64957,52.06473],[-0.669,52.04871],[-0.66098,52.04518],[-0.65842,52.04405],[-0.64304,52.03689],[-0.64138,52.0237],[-0.65028,52.01769],[-0.64415,52.0114],[-0.6545,52.00662],[-0.6611,51.99883],[-0.65539,51.98175],[-0.64656,51.9729],[-0.65295,51.96923],[-0.6512,51.96828],[-0.65506,51.96142],[-0.66187,51.95644],[-0.6717,51.95527],[-0.67135,51.94415],[-0.67722,51.94457],[-0.68166,51.94245],[-0.68026,51.93636],[-0.68155,51.93514],[-0.68365,51.9349],[-0.69048,51.9276],[-0.69194,51.9219],[-0.70213,51.90912],[-0.69219,51.90016],[-0.68265,51.90028],[-0.67839,51.90152],[-0.67321,51.90182],[-0.6671,51.89685],[-0.66021,51.89455],[-0.65482,51.88816],[-0.63732,51.8826],[-0.62023,51.88426],[-0.60852,51.87587],[-0.58478,51.86996],[-0.5716,51.85956],[-0.56945,51.85329],[-0.56518,51.85103],[-0.56354,51.84763],[-0.56011,51.84534],[-0.53939,51.83148],[-0.54317,51.82603],[-0.5536,51.82671],[-0.55922,51.8302],[-0.56011,51.82888],[-0.56518,51.82141],[-0.57239,51.81943],[-0.58179,51.8069],[-0.59139,51.80848],[-0.59625,51.81394],[-0.61087,51.81229],[-0.63157,51.81922],[-0.63592,51.81802],[-0.64753,51.81422],[-0.659,51.81543],[-0.66677,51.81627],[-0.67283,51.82026],[-0.68434,51.83634],[-0.68933,51.84034],[-0.69429,51.84121],[-0.68674,51.84924],[-0.69189,51.85603],[-0.69614,51.85756],[-0.70671,51.85509],[-0.71441,51.85752],[-0.72063,51.85561],[-0.72319,51.85056],[-0.73131,51.84832],[-0.7366,51.84287],[-0.74565,51.84209],[-0.74477,51.83762],[-0.73908,51.83475],[-0.72319,51.81773],[-0.71811,51.81661],[-0.70884,51.81983],[-0.70148,51.81494],[-0.6837,51.79807],[-0.68325,51.79469],[-0.68842,51.79222],[-0.68101,51.78712],[-0.67616,51.77846],[-0.67734,51.77587],[-0.67607,51.77328],[-0.67597,51.77126],[-0.67344,51.76847],[-0.65985,51.76347],[-0.64359,51.7544],[-0.6326,51.75328],[-0.62846,51.7546],[-0.61374,51.75091],[-0.61291,51.74742],[-0.60907,51.74947],[-0.60512,51.74987],[-0.60084,51.75135],[-0.59524,51.75131],[-0.58635,51.75211],[-0.58411,51.74676],[-0.58247,51.74532],[-0.57374,51.73714],[-0.56367,51.73962],[-0.56307,51.73711],[-0.56011,51.73526],[-0.55149,51.72778],[-0.55236,51.72349],[-0.56011,51.71793],[-0.5622,51.71329],[-0.56011,51.71103],[-0.55584,51.70642],[-0.54794,51.70213],[-0.54458,51.69702],[-0.54726,51.68266],[-0.54008,51.68038],[-0.52424,51.68211],[-0.52416,51.67936],[-0.51012,51.67915],[-0.50579,51.67386],[-0.51474,51.66617],[-0.52097,51.66712],[-0.52423,51.65791],[-0.53181,51.66225],[-0.53631,51.66006],[-0.53548,51.65206],[-0.5318,51.64879],[-0.53736,51.64291],[-0.5388,51.64045],[-0.53923,51.63804],[-0.5341,51.63715],[-0.5357,51.63531],[-0.53454,51.63003],[-0.53195,51.62551],[-0.53023,51.61782],[-0.52919,51.61596],[-0.5282,51.6147],[-0.52627,51.61378],[-0.52535,51.61215],[-0.52425,51.6102],[-0.52247,51.60506],[-0.52056,51.60184],[-0.5178,51.60025],[-0.51137,51.59966],[-0.50056,51.59969],[-0.48918,51.57776],[-0.48493,51.57508],[-0.48211,51.5623],[-0.47695,51.55962],[-0.47805,51.55497],[-0.48531,51.55074],[-0.491,51.54456],[-0.49465,51.53842],[-0.48963,51.53006],[-0.48894,51.52861],[-0.49082,51.52623],[-0.49022,51.52458],[-0.49114,51.52128],[-0.49033,51.52017],[-0.49161,51.51886],[-0.49229,51.51707],[-0.49116,51.51525],[-0.48953,51.51408],[-0.48975,51.51152],[-0.4855,51.51002],[-0.48393,51.50633],[-0.48999,51.49475],[-0.49008,51.49458],[-0.49813,51.48903],[-0.50967,51.46917],[-0.49156,51.46257],[-0.45861,51.45631],[-0.46129,51.45239],[-0.46145,51.44899],[-0.45743,51.44909],[-0.45741,51.443],[-0.45536,51.44212],[-0.45644,51.43822],[-0.44625,51.43999],[-0.44768,51.435],[-0.43972,51.43462],[-0.43995,51.43065],[-0.4278,51.42925],[-0.42745,51.43082],[-0.42416,51.43098],[-0.42085,51.43222],[-0.41855,51.43211],[-0.40774,51.42358],[-0.40533,51.42248],[-0.40172,51.42331],[-0.39808,51.42355],[-0.39448,51.42324],[-0.39131,51.42232],[-0.38763,51.42022],[-0.38665,51.4159],[-0.38936,51.41157],[-0.38332,51.40854],[-0.37386,51.40849],[-0.3591,51.41151],[-0.33834,51.40084],[-0.32586,51.39144],[-0.3177,51.39367],[-0.31575,51.38839],[-0.31312,51.38879],[-0.30822,51.38009],[-0.30843,51.37586],[-0.31265,51.37475],[-0.3179,51.3698],[-0.3185,51.36618],[-0.31826,51.3635],[-0.323,51.35547],[-0.32792,51.35218],[-0.33066,51.32901],[-0.33008,51.32751],[-0.32826,51.32646],[-0.32397,51.32669],[-0.31892,51.32795],[-0.31366,51.33141],[-0.3109,51.33239],[-0.30616,51.33508],[-0.30489,51.33675],[-0.30538,51.33947],[-0.30399,51.34304],[-0.30128,51.34529],[-0.29989,51.34767],[-0.29776,51.34924],[-0.29287,51.35237],[-0.29263,51.35361],[-0.29117,51.3552],[-0.29105,51.35656],[-0.28894,51.35871],[-0.28694,51.35937],[-0.28504,51.36121],[-0.28824,51.36208],[-0.28567,51.36405],[-0.28404,51.36515],[-0.27978,51.36782],[-0.27653,51.3688],[-0.2758,51.37001],[-0.27399,51.37065],[-0.27251,51.37226],[-0.26464,51.37562],[-0.26243,51.37725],[-0.26111,51.3796],[-0.25839,51.37897],[-0.25391,51.37877],[-0.24786,51.38016],[-0.24499,51.38003],[-0.24464,51.36906],[-0.24526,51.36706],[-0.23391,51.36538],[-0.22691,51.36262],[-0.21782,51.344],[-0.22878,51.33633],[-0.22091,51.32986],[-0.21605,51.32982],[-0.21406,51.33034],[-0.21187,51.33331],[-0.213,51.33554],[-0.20205,51.34013],[-0.19638,51.34309],[-0.18457,51.33919],[-0.18233,51.33804],[-0.17203,51.3301],[-0.16384,51.32968],[-0.16296,51.32523],[-0.15651,51.32151],[-0.16099,51.31895],[-0.15523,51.30981],[-0.15687,51.30371],[-0.14996,51.30028],[-0.13734,51.29997],[-0.12426,51.28675],[-0.11774,51.28709],[-0.11695,51.28937],[-0.1157,51.29072],[-0.10111,51.29628],[-0.09429,51.29935],[-0.09721,51.30029],[-0.092,51.30164],[-0.0887,51.3051],[-0.08216,51.31138],[-0.08361,51.3166],[-0.08213,51.31691],[-0.07303,51.32077],[-0.06396,51.31863],[-0.06062,51.32006],[-0.05836,51.32038],[-0.05622,51.32166],[-0.04854,51.32588],[-0.05007,51.332],[-0.04207,51.33422],[-0.03793,51.33864],[-0.02281,51.3377],[-0.01465,51.3317],[-0.01084,51.33362],[0.00233,51.32913],[0.00662,51.31565],[0.01038,51.31614],[0.00843,51.31036],[0.0122,51.29959],[0.0149,51.29278],[0.01766,51.29189],[0.02477,51.30178],[0.03189,51.30664],[0.04156,51.30298],[0.0439,51.29853],[0.04243,51.29267],[0.0502,51.29379],[0.06056,51.28961],[0.08162,51.29183],[0.08585,51.29314],[0.0893,51.29608],[0.09122,51.29682],[0.0845,51.30384],[0.08409,51.30975],[0.08655,51.31657],[0.09387,51.32024],[0.1025,51.32627],[0.11415,51.3281],[0.1203,51.33278],[0.11723,51.34075],[0.11902,51.34397],[0.12536,51.3456],[0.13047,51.34511],[0.13587,51.34459],[0.14138,51.34964],[0.14738,51.36699],[0.1527,51.37712],[0.14874,51.39228],[0.16136,51.39236],[0.15567,51.40333],[0.14887,51.4085],[0.14897,51.40864],[0.15297,51.4087],[0.15007,51.41311],[0.15592,51.43087],[0.165,51.42933],[0.1666,51.43132],[0.16723,51.43575],[0.17095,51.4412],[0.1791,51.44344],[0.18387,51.44474],[0.19105,51.44878],[0.19371,51.45141],[0.20276,51.45393],[0.20265,51.45623],[0.21065,51.46248],[0.21042,51.46564],[0.21151,51.46836],[0.20887,51.47103],[0.21192,51.47331],[0.21161,51.47509],[0.21661,51.47689],[0.21642,51.4791],[0.21744,51.48007],[0.23095,51.47319],[0.23978,51.46868],[0.2441,51.46702],[0.2557,51.46254],[0.27656,51.45356],[0.27867,51.45341],[0.28154,51.45388],[0.28477,51.45363],[0.29141,51.45474],[0.29425,51.45599],[0.30938,51.46608],[0.31546,51.465],[0.32912,51.45084],[0.33973,51.44753],[0.35597,51.44579],[0.36975,51.44522],[0.40661,51.44329],[0.42847,51.44677],[0.43358,51.44741],[0.43782,51.44736],[0.44315,51.45],[0.4589,51.45494],[0.45603,51.46428],[0.47072,51.48321],[0.48366,51.48712],[0.5142,51.48547],[0.52527,51.48433],[0.53071,51.48513],[0.54659,51.48682],[0.55234,51.4852],[0.55481,51.48209],[0.56081,51.48434],[0.57247,51.48417],[0.58107,51.48066],[0.58761,51.48391],[0.60879,51.47973],[0.6157,51.47547],[0.64405,51.47883],[0.65082,51.47699],[0.6599,51.47723],[0.67274,51.47278],[0.68445,51.47495],[0.7005,51.47221],[0.71951,51.46007],[0.72226,51.45488],[0.72283,51.44343],[0.71298,51.43575],[0.70297,51.43357],[0.69128,51.43317],[0.67756,51.43342],[0.67453,51.43445],[0.67512,51.43575],[0.67611,51.43871],[0.6693,51.44385],[0.66371,51.44434],[0.6622,51.44629],[0.65824,51.44425],[0.65694,51.44878],[0.64913,51.44497],[0.63247,51.44434],[0.6288,51.43828],[0.61823,51.43575],[0.61817,51.43219],[0.61318,51.42907],[0.61072,51.42359],[0.61413,51.42367],[0.61828,51.42813],[0.62345,51.42373],[0.61016,51.41751],[0.57628,51.41504],[0.56424,51.41138],[0.54712,51.41207],[0.53702,51.41339],[0.53097,51.41149],[0.52599,51.40529],[0.52083,51.39887],[0.51975,51.3884],[0.51469,51.38929],[0.5109,51.39469],[0.50887,51.39635],[0.50709,51.39687],[0.50393,51.39708],[0.50158,51.39536],[0.49974,51.39292],[0.49147,51.38929],[0.48973,51.38257],[0.48048,51.38105],[0.47456,51.37779],[0.47072,51.37594],[0.44934,51.36561],[0.44858,51.35987],[0.4554,51.35202],[0.44921,51.34852],[0.45693,51.35154],[0.45048,51.36271],[0.45192,51.36578],[0.45709,51.36799],[0.47072,51.37284],[0.48984,51.37965],[0.50173,51.39165],[0.50895,51.39354],[0.51469,51.38427],[0.52233,51.38564],[0.52591,51.39529],[0.53312,51.40529],[0.53616,51.40953],[0.54737,51.40781],[0.54965,51.40529],[0.55525,51.3991],[0.58243,51.39029],[0.59153,51.39023],[0.60437,51.38197],[0.61502,51.37877],[0.62132,51.38243],[0.62131,51.38856],[0.6341,51.38851],[0.63417,51.38544],[0.62402,51.37921],[0.62369,51.37663],[0.62689,51.37521],[0.63035,51.38071],[0.6401,51.38819],[0.64097,51.39501],[0.64725,51.39711],[0.65741,51.392],[0.66223,51.38413],[0.66687,51.38203],[0.66666,51.37912],[0.67518,51.37665],[0.68204,51.3813],[0.68604,51.39077],[0.69774,51.39359],[0.70257,51.39164],[0.69471,51.38435],[0.69557,51.38076],[0.71218,51.38374],[0.71809,51.38845],[0.70201,51.39647],[0.69699,51.40529],[0.69779,51.41515],[0.69685,51.41927],[0.69904,51.42092],[0.70979,51.41998],[0.72791,51.42288],[0.7315,51.41585],[0.72189,51.41686],[0.7171,51.41357],[0.72299,51.40529],[0.72762,51.3988],[0.74119,51.39488],[0.75181,51.38792],[0.76219,51.38401],[0.76341,51.38021],[0.75956,51.37069],[0.76498,51.36196],[0.76975,51.36249],[0.77467,51.36147],[0.77915,51.36159],[0.80939,51.3591],[0.81588,51.35537],[0.83497,51.3542],[0.86002,51.35576],[0.87159,51.35422],[0.89394,51.34502],[0.89406,51.33646],[0.89548,51.33636],[0.89826,51.34156],[0.91812,51.34524],[0.9202,51.3454],[0.93351,51.34646],[0.93714,51.34675],[0.9503,51.34575],[0.95751,51.345],[0.96854,51.34658],[0.97641,51.34623],[0.99782,51.34755],[1.00838,51.34996],[1.01158,51.35174],[1.02555,51.36387],[1.05431,51.3655],[1.06296,51.3661],[1.06584,51.36702],[1.06946,51.36933],[1.08228,51.36816],[1.0947,51.36873],[1.10215,51.37246],[1.11232,51.372],[1.11907,51.37212],[1.12664,51.37326],[1.1368,51.37298],[1.14922,51.37316],[1.16011,51.37405],[1.16612,51.37455],[1.20044,51.37979],[1.22429,51.37932],[1.2273,51.37917],[1.23594,51.37873],[1.25134,51.37683],[1.256,51.3768],[1.26324,51.37767],[1.27924,51.37815],[1.29065,51.38248],[1.31983,51.38193],[1.32447,51.38234],[1.32805,51.38192],[1.33122,51.38245],[1.33333,51.38341],[1.33322,51.38547],[1.33497,51.38634],[1.34106,51.38482],[1.34528,51.38513],[1.35174,51.38686],[1.36138,51.38575],[1.37439,51.38741],[1.38875,51.39282],[1.40305,51.39228],[1.4177,51.39176],[1.42512,51.39327],[1.43481,51.38928],[1.44212,51.38718],[1.44106,51.38488],[1.44342,51.38351],[1.44514,51.38283],[1.4462,51.38],[1.449,51.37823],[1.44975,51.37718],[1.44962,51.37463],[1.44842,51.37203],[1.44843,51.3695],[1.44589,51.36762],[1.44353,51.3581],[1.44261,51.35108],[1.43646,51.34265],[1.43315,51.33853],[1.43008,51.3362],[1.42794,51.33465],[1.42629,51.33345],[1.42601,51.33207],[1.42448,51.33044],[1.42242,51.32788],[1.41548,51.32733],[1.41303,51.32394],[1.40981,51.32627],[1.37708,51.32917],[1.3647,51.32277],[1.35989,51.31174],[1.36769,51.31292],[1.37133,51.31045],[1.37789,51.28653],[1.39403,51.25647],[1.39903,51.24721],[1.40263,51.23872],[1.40497,51.22982],[1.40503,51.22668],[1.40518,51.2184],[1.40421,51.21273],[1.40573,51.18933],[1.40113,51.16516],[1.37734,51.14116],[1.36415,51.13605],[1.3439,51.1315],[1.34269,51.12799],[1.33711,51.12469],[1.32952,51.1238],[1.32487,51.12524],[1.31608,51.12188],[1.31458,51.11901],[1.31781,51.1162],[1.31532,51.11394],[1.29918,51.11263],[1.2686,51.10203],[1.26152,51.10263],[1.24993,51.1003],[1.2273,51.09963],[1.22119,51.09809],[1.20594,51.09249],[1.19991,51.08393],[1.19123,51.08129],[1.18841,51.0774],[1.1776,51.07594],[1.17279,51.07476],[1.1691,51.07373],[1.16309,51.07314],[1.16011,51.07315],[1.14851,51.07318],[1.12462,51.07131],[1.09471,51.06757],[1.07561,51.06346],[1.0604,51.05914],[1.04802,51.05444],[1.03892,51.05023],[1.03747,51.04868],[1.03468,51.04709],[1.01673,51.03668],[1.00607,51.03117],[0.99429,51.02258],[0.98356,51.0122],[0.97706,51.00261],[0.97403,50.99631],[0.96419,50.96808],[0.96409,50.96148],[0.96633,50.95175],[0.9734,50.93436],[0.97474,50.93193],[0.97839,50.92528],[0.98108,50.91814],[0.98109,50.9152],[0.98057,50.91403],[0.97894,50.91304],[0.97274,50.91111],[0.95484,50.91107],[0.93351,50.9128],[0.92987,50.91309],[0.9202,50.91435],[0.89294,50.9179],[0.88432,50.91921],[0.87131,50.92119],[0.85478,50.92371],[0.83952,50.92579],[0.83497,50.92642],[0.79603,50.93237],[0.77481,50.93208],[0.77244,50.93103],[0.77333,50.9277],[0.75152,50.92268],[0.70984,50.90198],[0.70293,50.89758],[0.69226,50.89216],[0.68264,50.88589],[0.67947,50.88123],[0.67283,50.87782],[0.67032,50.87532],[0.66958,50.87348],[0.66659,50.87199],[0.65861,50.86991],[0.65246,50.86921],[0.65026,50.86784],[0.64698,50.86802],[0.63867,50.867],[0.63585,50.86581],[0.63177,50.86522],[0.62895,50.86269],[0.62366,50.86114],[0.6204,50.86069],[0.61775,50.86085],[0.6119,50.85979],[0.60873,50.85971],[0.59643,50.85524],[0.58683,50.85402],[0.57583,50.85382],[0.57169,50.85303],[0.55764,50.85059],[0.54378,50.85017],[0.53721,50.84995],[0.52482,50.84871],[0.51658,50.84694],[0.50923,50.84406],[0.50314,50.84312],[0.50125,50.84276],[0.49836,50.84127],[0.48601,50.83936],[0.48094,50.83775],[0.47621,50.83713],[0.47072,50.83663],[0.46302,50.83593],[0.42733,50.83211],[0.41363,50.83045],[0.37751,50.82038],[0.36342,50.81606],[0.35,50.80981],[0.34375,50.80444],[0.33929,50.79916],[0.33198,50.78945],[0.32889,50.78536],[0.31579,50.78104],[0.31019,50.77921],[0.30722,50.77722],[0.30291,50.77533],[0.30166,50.77394],[0.2961,50.77034],[0.29167,50.76594],[0.28601,50.76039],[0.2717,50.75245],[0.25773,50.73786],[0.2441,50.73575],[0.24,50.73512],[0.23095,50.7361],[0.20998,50.73839],[0.19128,50.74692],[0.1791,50.74978],[0.17771,50.7505],[0.165,50.75404],[0.15749,50.75614],[0.15402,50.75784],[0.14903,50.75898],[0.14614,50.7588],[0.1419,50.75669],[0.13787,50.75575],[0.13047,50.757],[0.12399,50.7581],[0.10441,50.76607],[0.09378,50.77179],[0.09184,50.77283],[0.07681,50.77959],[0.06681,50.78247],[0.05664,50.78436],[0.05443,50.78167],[0.0497,50.78067],[0.02971,50.78296],[-4e-05,50.78868],[-0.00195,50.78945],[-0.01258,50.79204],[-0.03818,50.7995],[-0.0561,50.80185],[-0.09004,50.81118],[-0.09742,50.80877],[-0.1058,50.8094],[-0.11308,50.81441],[-0.12374,50.8167],[-0.13694,50.81891],[-0.15687,50.82198],[-0.16687,50.82308],[-0.17914,50.82414],[-0.18127,50.82435],[-0.19171,50.82561],[-0.2084,50.82675],[-0.21601,50.82756],[-0.23791,50.82835],[-0.24098,50.82844],[-0.24168,50.83043],[-0.25099,50.8305],[-0.25096,50.82677],[-0.29051,50.82518],[-0.32388,50.8196],[-0.32828,50.81908],[-0.33271,50.81747],[-0.36001,50.81128],[-0.3782,50.808],[-0.38836,50.80668],[-0.40567,50.80566],[-0.41954,50.80529],[-0.42304,50.80432],[-0.43594,50.80317],[-0.45288,50.80242],[-0.46245,50.80213],[-0.47326,50.80305],[-0.49518,50.80258],[-0.50738,50.80263],[-0.52276,50.80214],[-0.53813,50.80231],[-0.54561,50.80012],[-0.56032,50.79975],[-0.56518,50.79903],[-0.57036,50.79826],[-0.58013,50.79528],[-0.58739,50.79467],[-0.58924,50.79422],[-0.59091,50.79305],[-0.59496,50.79243],[-0.60373,50.79105],[-0.61696,50.79065],[-0.62265,50.78945],[-0.62738,50.78846],[-0.63008,50.78781],[-0.64228,50.78744],[-0.65403,50.78613],[-0.65583,50.78467],[-0.65955,50.78397],[-0.67182,50.78194],[-0.68224,50.78001],[-0.68824,50.77949],[-0.70139,50.77785],[-0.7032,50.77703],[-0.71649,50.77447],[-0.72856,50.77129],[-0.75001,50.76068],[-0.75708,50.77119],[-0.76307,50.77291],[-0.76355,50.77216],[-0.76157,50.76971],[-0.76375,50.76817],[-0.7797,50.76821],[-0.78495,50.7603],[-0.77257,50.76132],[-0.75906,50.75263],[-0.76512,50.7413],[-0.77979,50.72788],[-0.78577,50.72318],[-0.78909,50.72274],[-0.79707,50.7252],[-0.80464,50.73061],[-0.81334,50.73673],[-0.81587,50.73855],[-0.82376,50.74245],[-0.83205,50.74834],[-0.84283,50.75356],[-0.86295,50.76189],[-0.87579,50.76575],[-0.90234,50.77311],[-0.91416,50.7797],[-0.90551,50.78327],[-0.90071,50.78945],[-0.89399,50.7916],[-0.88972,50.80049],[-0.87814,50.80734],[-0.86892,50.80782],[-0.85954,50.80312],[-0.84413,50.80006],[-0.8348,50.8044],[-0.82513,50.80481],[-0.82428,50.80975],[-0.81518,50.81427],[-0.81511,50.81962],[-0.80966,50.82719],[-0.81302,50.83058],[-0.81756,50.82857],[-0.82168,50.81527],[-0.84574,50.80511],[-0.85577,50.80749],[-0.85315,50.81123],[-0.86587,50.81229],[-0.8688,50.81514],[-0.86901,50.81792],[-0.86366,50.82265],[-0.85225,50.8281],[-0.86074,50.82978],[-0.85897,50.83889],[-0.86969,50.83901],[-0.86987,50.8344],[-0.87275,50.83246],[-0.86641,50.82723],[-0.87346,50.81899],[-0.87453,50.81397],[-0.87811,50.81204],[-0.88643,50.81439],[-0.89167,50.81836],[-0.89541,50.83089],[-0.89252,50.83474],[-0.8964,50.83848],[-0.91218,50.83965],[-0.91567,50.83772],[-0.90833,50.81709],[-0.91139,50.8043],[-0.92017,50.80584],[-0.93006,50.81281],[-0.94126,50.81548],[-0.93947,50.81849],[-0.9416,50.82631],[-0.93219,50.83966],[-0.93283,50.84315],[-0.95119,50.84264],[-0.95616,50.83969],[-0.97247,50.84189],[-0.98061,50.83779],[-0.98909,50.8379],[-1.00179,50.84372],[-1.01819,50.84318],[-1.01839,50.83699],[-1.02397,50.83292],[-1.02554,50.82672],[-1.03378,50.82903],[-1.03708,50.83477],[-1.04406,50.83184],[-1.04227,50.81511],[-1.03921,50.79837],[-1.03903,50.7944],[-1.04406,50.7902],[-1.03192,50.79248],[-1.02973,50.78945],[-1.03842,50.78549],[-1.08179,50.77815],[-1.09097,50.77829],[-1.10088,50.78505],[-1.10632,50.78945],[-1.10869,50.79137],[-1.10583,50.79704],[-1.11121,50.79972],[-1.11084,50.80609],[-1.10473,50.80627],[-1.10335,50.81005],[-1.09133,50.80905],[-1.09359,50.81388],[-1.09999,50.8149],[-1.09784,50.81899],[-1.09405,50.8201],[-1.0983,50.82593],[-1.09225,50.82727],[-1.08545,50.82481],[-1.08269,50.83139],[-1.08753,50.83048],[-1.09486,50.83164],[-1.10518,50.83762],[-1.10426,50.84608],[-1.11308,50.84651],[-1.11658,50.8425],[-1.11297,50.83697],[-1.12059,50.83577],[-1.13933,50.83849],[-1.14323,50.83906],[-1.15285,50.84194],[-1.15378,50.84482],[-1.16013,50.8448],[-1.16493,50.84131],[-1.17173,50.84068],[-1.17577,50.84734],[-1.16862,50.84903],[-1.16851,50.85161],[-1.17825,50.84857],[-1.17652,50.83946],[-1.16493,50.83708],[-1.15851,50.83848],[-1.15143,50.83459],[-1.14983,50.82672],[-1.14485,50.82456],[-1.14092,50.8163],[-1.13933,50.81534],[-1.12503,50.80664],[-1.13573,50.80452],[-1.13443,50.80214],[-1.12469,50.80367],[-1.12395,50.79935],[-1.11746,50.79546],[-1.11841,50.79213],[-1.12693,50.7917],[-1.13026,50.78945],[-1.13639,50.78532],[-1.12483,50.78899],[-1.11769,50.78695],[-1.13685,50.77498],[-1.13933,50.77433],[-1.14316,50.77423],[-1.14977,50.77828],[-1.15541,50.78193],[-1.16135,50.78437],[-1.16625,50.78557],[-1.17104,50.78559],[-1.17595,50.78645],[-1.18475,50.78784],[-1.1908,50.7903],[-1.19341,50.79206],[-1.19644,50.7941],[-1.19963,50.79757],[-1.20935,50.80613],[-1.21407,50.80936],[-1.23661,50.81729],[-1.24211,50.81768],[-1.24511,50.81711],[-1.2501,50.81926],[-1.26006,50.82497],[-1.26518,50.82712],[-1.26707,50.82742],[-1.26919,50.82801],[-1.29732,50.83597],[-1.30593,50.8405],[-1.30786,50.84416],[-1.30383,50.84829],[-1.30749,50.85405],[-1.3078,50.86342],[-1.30557,50.87359],[-1.29716,50.87939],[-1.30112,50.88468],[-1.30385,50.88265],[-1.30145,50.87932],[-1.31263,50.87569],[-1.31391,50.87315],[-1.31011,50.86814],[-1.31337,50.86068],[-1.31225,50.8495],[-1.32811,50.85513],[-1.35171,50.87011],[-1.35837,50.87571],[-1.36516,50.88007],[-1.38276,50.88975],[-1.38245,50.89797],[-1.38367,50.90414],[-1.37176,50.91196],[-1.37672,50.9159],[-1.38599,50.91679],[-1.37969,50.92086],[-1.38916,50.91916],[-1.38901,50.91526],[-1.3782,50.91117],[-1.38826,50.90507],[-1.38824,50.89643],[-1.39409,50.8871],[-1.4167,50.90056],[-1.44093,50.90807],[-1.44282,50.90826],[-1.44701,50.90383],[-1.45094,50.90414],[-1.46433,50.91024],[-1.47704,50.92396],[-1.47682,50.92072],[-1.47415,50.91531],[-1.47624,50.91072],[-1.46123,50.90375],[-1.45237,50.90141],[-1.43999,50.90116],[-1.42702,50.89651],[-1.42005,50.8909],[-1.40724,50.87982],[-1.39748,50.87477],[-1.40065,50.87188],[-1.39875,50.87144],[-1.39565,50.86911],[-1.38719,50.86441],[-1.38418,50.86301],[-1.35315,50.84629],[-1.34059,50.84262],[-1.3364,50.83825],[-1.33945,50.83349],[-1.33769,50.82864],[-1.32247,50.82557],[-1.32141,50.82065],[-1.31436,50.82216],[-1.30812,50.81898],[-1.31129,50.81321],[-1.32792,50.8024],[-1.33703,50.79206],[-1.34099,50.78756],[-1.35257,50.78399],[-1.38659,50.78556],[-1.40108,50.78322],[-1.40681,50.78607],[-1.40676,50.79206],[-1.41057,50.80148],[-1.41478,50.80286],[-1.41966,50.80103],[-1.41852,50.80624],[-1.43157,50.81067],[-1.43456,50.80897],[-1.42127,50.8052],[-1.42198,50.80007],[-1.41251,50.79921],[-1.41046,50.79206],[-1.41122,50.78403],[-1.39604,50.77497],[-1.41803,50.76691],[-1.46748,50.75978],[-1.48545,50.75583],[-1.51366,50.75346],[-1.53595,50.75924],[-1.52908,50.75456],[-1.52953,50.75069],[-1.52626,50.74832],[-1.5271,50.74422],[-1.53486,50.74398],[-1.53537,50.74116],[-1.53166,50.7397],[-1.53203,50.73673],[-1.54387,50.72793],[-1.5519,50.7274],[-1.55456,50.72346],[-1.55928,50.72152],[-1.56422,50.72232],[-1.57762,50.71657],[-1.60394,50.72287],[-1.63041,50.72918],[-1.65817,50.73413],[-1.67536,50.73587],[-1.69205,50.73663],[-1.69094,50.73985],[-1.68463,50.74382],[-1.68279,50.74661],[-1.68166,50.75015],[-1.6818,50.75185],[-1.6906,50.7516],[-1.7039,50.75256],[-1.71358,50.75224],[-1.71795,50.75217],[-1.72761,50.75093],[-1.74415,50.74745],[-1.74406,50.75536],[-1.73955,50.76445],[-1.74904,50.77951],[-1.75715,50.77799],[-1.7685,50.77271],[-1.77019,50.76936],[-1.77614,50.76634],[-1.78436,50.76505],[-1.78773,50.76657],[-1.78901,50.77909],[-1.80068,50.788],[-1.8025,50.79206],[-1.80428,50.79602],[-1.80257,50.79893],[-1.80485,50.80284],[-1.80972,50.80495],[-1.81157,50.80833],[-1.80397,50.81316],[-1.80637,50.81653],[-1.80283,50.82154],[-1.80392,50.82895],[-1.80109,50.83091],[-1.79601,50.83094],[-1.79186,50.83528],[-1.80334,50.84447],[-1.80088,50.84833],[-1.80452,50.85168],[-1.80555,50.85921],[-1.81073,50.86442],[-1.81628,50.85839],[-1.82668,50.85581],[-1.85093,50.85872],[-1.85284,50.86639],[-1.84817,50.87006],[-1.84577,50.87796],[-1.84748,50.8824],[-1.84476,50.88618],[-1.84854,50.88988],[-1.84487,50.89317],[-1.84169,50.89702],[-1.83985,50.89789],[-1.83722,50.89719],[-1.83146,50.89739],[-1.82494,50.89577],[-1.82388,50.89822],[-1.81652,50.90395],[-1.81967,50.91219],[-1.81157,50.92706],[-1.82286,50.9266],[-1.83444,50.92934],[-1.84097,50.93141],[-1.84967,50.92918],[-1.8629,50.92002],[-1.87146,50.91773],[-1.88037,50.92493],[-1.88156,50.92638],[-1.89254,50.93162],[-1.89688,50.93439],[-1.89855,50.93587],[-1.89907,50.93839],[-1.90917,50.94532],[-1.91056,50.94922],[-1.91243,50.95102],[-1.91247,50.9522],[-1.91609,50.95313],[-1.91873,50.95636],[-1.92099,50.9615],[-1.92717,50.96359],[-1.92987,50.96779],[-1.93485,50.96909],[-1.93921,50.96965],[-1.94207,50.97336],[-1.94482,50.97575],[-1.94812,50.97647],[-1.95018,50.97746],[-1.95251,50.97858],[-1.95545,50.97826],[-1.95721,50.98319],[-1.95707,50.98556],[-1.95681,50.98983],[-1.95018,50.98399],[-1.9271,50.99714],[-1.88855,50.9999],[-1.87745,51.00348],[-1.87422,50.98768],[-1.87107,50.98705],[-1.85198,51.00509],[-1.83701,51.00905],[-1.81583,50.98675],[-1.8079,50.99144],[-1.80181,50.99149],[-1.75679,50.98091],[-1.75293,50.97807],[-1.74465,50.97792],[-1.71992,50.97646],[-1.70965,50.97099],[-1.69763,50.96043],[-1.68928,50.95464],[-1.67686,50.94966],[-1.66164,50.94528],[-1.65399,50.94666],[-1.64673,50.94928],[-1.64277,50.95163],[-1.64115,50.95302],[-1.64036,50.95544],[-1.63495,50.95924],[-1.62925,50.95738],[-1.62367,50.95529],[-1.61973,50.95856],[-1.60474,50.97771],[-1.61809,50.98258],[-1.62887,50.99903],[-1.61858,51.00368],[-1.60706,51.00224],[-1.60956,51.00778],[-1.60394,51.00811],[-1.59818,51.00844],[-1.60394,51.01645],[-1.60394,51.01969],[-1.59938,51.02373],[-1.60394,51.02508],[-1.60884,51.02653],[-1.6202,51.03266],[-1.62925,51.03255],[-1.63236,51.03278],[-1.63206,51.03601],[-1.63494,51.04089],[-1.63399,51.04206],[-1.63357,51.04656],[-1.63241,51.04766],[-1.63277,51.0493],[-1.63008,51.06541],[-1.62925,51.06662],[-1.62788,51.06966],[-1.62925,51.08125],[-1.63438,51.08628],[-1.63629,51.09284],[-1.63397,51.09641],[-1.62925,51.10075],[-1.62694,51.10286],[-1.62678,51.10402],[-1.62842,51.10605],[-1.62832,51.10765],[-1.62925,51.1089],[-1.63081,51.1112],[-1.63063,51.11287],[-1.62925,51.11377],[-1.62687,51.11709],[-1.62925,51.11937],[-1.64056,51.12538],[-1.65626,51.1272],[-1.66296,51.12719],[-1.66291,51.13],[-1.66082,51.13442],[-1.65433,51.15382],[-1.65702,51.15931],[-1.6714,51.17797],[-1.66944,51.18481],[-1.66956,51.19035],[-1.69304,51.2038],[-1.68977,51.21477],[-1.65306,51.22025],[-1.63482,51.21773],[-1.62925,51.22539],[-1.62734,51.22818],[-1.61987,51.24015],[-1.6111,51.2431],[-1.60677,51.25211],[-1.60394,51.25169],[-1.60141,51.25132],[-1.59876,51.25331],[-1.57762,51.25563],[-1.54542,51.24572],[-1.53594,51.24862],[-1.53011,51.26064],[-1.53176,51.26219],[-1.53996,51.26165],[-1.53692,51.2768],[-1.54199,51.28124],[-1.53495,51.28647],[-1.52355,51.28738],[-1.52353,51.29275],[-1.52042,51.29605],[-1.5273,51.30016],[-1.52579,51.3068],[-1.52784,51.31265],[-1.5331,51.31673],[-1.53266,51.32251],[-1.53186,51.32813],[-1.5271,51.33158],[-1.52845,51.33408],[-1.52749,51.33847],[-1.52126,51.33844],[-1.51626,51.33936],[-1.5114,51.335],[-1.49974,51.33034],[-1.49828,51.32938],[-1.4862,51.34799],[-1.5,51.35638],[-1.49584,51.36899],[-1.51191,51.37184],[-1.51542,51.37758],[-1.52721,51.379],[-1.53901,51.38845],[-1.55467,51.3958],[-1.55547,51.39908],[-1.55382,51.40944],[-1.56134,51.40853],[-1.5639,51.41287],[-1.57046,51.41672],[-1.56502,51.42139],[-1.55046,51.42185],[-1.53907,51.42589],[-1.52632,51.42475],[-1.53125,51.43013],[-1.52402,51.44251],[-1.52459,51.44917],[-1.52901,51.45551],[-1.54753,51.46043],[-1.55818,51.46914],[-1.56202,51.47589],[-1.56667,51.47769],[-1.57068,51.48604],[-1.58163,51.49371],[-1.58778,51.51244],[-1.58469,51.52491],[-1.58908,51.52449],[-1.59001,51.52174],[-1.59208,51.52149],[-1.59402,51.51978],[-1.59804,51.5187],[-1.60279,51.5183],[-1.60394,51.52015],[-1.61393,51.53627],[-1.62925,51.54988],[-1.64145,51.56193],[-1.64757,51.57143],[-1.65394,51.57563],[-1.67632,51.56998],[-1.68395,51.57362],[-1.69109,51.58353],[-1.69041,51.58439],[-1.6854,51.59021],[-1.69023,51.60527],[-1.68138,51.6128],[-1.67438,51.6124],[-1.668,51.61592],[-1.67254,51.62245],[-1.66056,51.63482],[-1.66336,51.63939],[-1.67454,51.64152],[-1.68541,51.65143],[-1.69087,51.65256],[-1.68902,51.65682],[-1.69076,51.66327],[-1.69945,51.67089],[-1.69548,51.68243],[-1.69058,51.68722],[-1.68306,51.69011],[-1.67726,51.68862],[-1.67419,51.68272],[-1.671,51.68171],[-1.65892,51.6811],[-1.64824,51.68409],[-1.65827,51.69669],[-1.66589,51.69777],[-1.6864,51.71084],[-1.69369,51.72159],[-1.69474,51.72399],[-1.68594,51.73041],[-1.68793,51.74114],[-1.6948,51.75139],[-1.70121,51.77081],[-1.71947,51.78321],[-1.71383,51.78613],[-1.69343,51.79415],[-1.68686,51.79824],[-1.68373,51.80134],[-1.67726,51.81579],[-1.68216,51.81832],[-1.68617,51.83432],[-1.67637,51.85031],[-1.67867,51.85292],[-1.6816,51.85945],[-1.68601,51.86252],[-1.68606,51.86627],[-1.66824,51.8768],[-1.66862,51.88073],[-1.65956,51.89581],[-1.65518,51.89698],[-1.64493,51.89507],[-1.63325,51.89958],[-1.63375,51.90547],[-1.63566,51.91222],[-1.64416,51.91408],[-1.64167,51.92061],[-1.64429,51.92265],[-1.61615,51.93863],[-1.6318,51.95486],[-1.63661,51.95675],[-1.65456,51.95807],[-1.65379,51.96183],[-1.66254,51.9647],[-1.66834,51.97498],[-1.66456,51.98332],[-1.66573,51.98749],[-1.63895,51.97553],[-1.6122,51.95598],[-1.60394,51.96056],[-1.59789,51.96392],[-1.59278,51.96987],[-1.59714,51.97572],[-1.58014,51.9733],[-1.55249,51.98016],[-1.55055,51.98159],[-1.55622,51.99153],[-1.5421,51.99626],[-1.52757,51.99229],[-1.52281,51.99684],[-1.52087,52.0061],[-1.51021,52.0255],[-1.50266,52.04518],[-1.49902,52.05465],[-1.49919,52.06351],[-1.50207,52.06746],[-1.50094,52.07192],[-1.49175,52.07649],[-1.49376,52.08157],[-1.48567,52.08848],[-1.48713,52.09321],[-1.48047,52.09408],[-1.47715,52.10062],[-1.46718,52.09726],[-1.44796,52.09817],[-1.4485,52.10624],[-1.4526,52.11253],[-1.44893,52.11553],[-1.4255,52.11805],[-1.41868,52.11716],[-1.40456,52.11009],[-1.40036,52.10464],[-1.38485,52.09468],[-1.37462,52.09914],[-1.35916,52.10177],[-1.36018,52.10592],[-1.36985,52.11307],[-1.37186,52.1175],[-1.39051,52.11728],[-1.39254,52.1196],[-1.38582,52.12755],[-1.36715,52.13556],[-1.34922,52.13561],[-1.34917,52.14103],[-1.34177,52.14514],[-1.34274,52.15359],[-1.33825,52.1588],[-1.3344,52.15977],[-1.3319,52.16848],[-1.30755,52.14609],[-1.30699,52.14254],[-1.26919,52.11303],[-1.25374,52.10438],[-1.24842,52.09688],[-1.25407,52.09571],[-1.26919,52.09789],[-1.28518,52.09337],[-1.31497,52.09027],[-1.32021,52.08755],[-1.32054,52.0822],[-1.31601,52.07988],[-1.29936,52.0801],[-1.29855,52.07641],[-1.30589,52.07088],[-1.30093,52.06904],[-1.30092,52.06724],[-1.308,52.06325],[-1.30801,52.05738],[-1.31208,52.05192],[-1.30908,52.04879],[-1.30067,52.04518],[-1.29645,52.04086],[-1.29495,52.03981],[-1.29323,52.02828],[-1.28528,52.02579],[-1.27881,52.01502],[-1.27894,52.012],[-1.28361,52.01022],[-1.27846,52.00704],[-1.27881,52.0044],[-1.2834,51.99946],[-1.28318,51.99226],[-1.2871,51.98823],[-1.28431,51.98272],[-1.26919,51.98282],[-1.25999,51.98133],[-1.24219,51.98586],[-1.23661,51.98403],[-1.22749,51.98104],[-1.20064,51.97794],[-1.19624,51.97792],[-1.18989,51.98133],[-1.17565,51.98306],[-1.16387,51.99284],[-1.15181,51.99341],[-1.14315,51.99703],[-1.13933,51.99736],[-1.1349,51.99775],[-1.1312,52.00431],[-1.11806,52.01543],[-1.13613,52.02003],[-1.13123,52.03287],[-1.11937,52.04518],[-1.11757,52.04705],[-1.10152,52.04822],[-1.09545,52.05108],[-1.08413,52.05263],[-1.07875,52.05775],[-1.06376,52.06218],[-1.05331,52.06019],[-1.04008,52.06567],[-1.031,52.06337],[-1.02637,52.06442],[-1.02955,52.0697],[-1.03848,52.07338],[-1.02629,52.07568],[-1.02143,52.07496],[-1.02005,52.0733],[-1.01623,52.07264],[-1.01348,52.07287],[-1.01283,52.0716],[-1.00751,52.0721],[-0.99594,52.07289],[-0.98486,52.07016],[-0.97489,52.07236],[-0.9682,52.07151],[-0.9611,52.07814],[-0.95263,52.08099],[-0.94002,52.07584],[-0.94415,52.07076],[-0.93168,52.05332],[-0.92866,52.04518],[-0.92616,52.03842],[-0.90708,52.0221],[-0.89575,52.02794],[-0.88967,52.03091],[-0.88325,52.02877],[-0.87874,52.0297],[-0.87129,52.04025],[-0.87176,52.04185],[-0.87057,52.0438],[-0.86789,52.04518],[-0.86596,52.04617],[-0.85898,52.04531],[-0.854,52.04918],[-0.85361,52.05176],[-0.85962,52.05468],[-0.86212,52.06042],[-0.85919,52.06322],[-0.8531,52.06434],[-0.84991,52.06446],[-0.8452,52.06297],[-0.83947,52.06383],[-0.83555,52.06642],[-0.83276,52.06932],[-0.83272,52.07087],[-0.83138,52.07195],[-0.83536,52.07459],[-0.83646,52.08092],[-0.84422,52.08568],[-0.84705,52.09106],[-0.86813,52.1],[-0.8663,52.1029],[-0.87073,52.11104],[-0.88622,52.11416],[-0.88067,52.12062],[-0.88069,52.12633],[-0.86865,52.13029],[-0.85481,52.13136],[-0.84729,52.12947],[-0.83016,52.13203],[-0.82849,52.13457],[-0.83114,52.14315],[-0.81424,52.14321],[-0.80924,52.15001],[-0.80708,52.15635],[-0.80408,52.15731],[-0.79989,52.15669],[-0.79211,52.15132],[-0.78768,52.15424],[-0.78338,52.16028],[-0.78028,52.16336],[-0.78306,52.16419],[-0.78316,52.16593],[-0.77948,52.16559],[-0.77784,52.16877],[-0.77355,52.16889],[-0.7653,52.1711],[-0.76176,52.1651],[-0.74896,52.16764],[-0.70542,52.19157],[-0.68696,52.19598],[-0.6681,52.19503],[-0.65735,52.19009],[-0.64297,52.18857],[-0.63812,52.18341],[-0.62741,52.18155],[-0.62822,52.17361],[-0.63415,52.16806]]],[[[-1.28322,50.7289],[-1.28954,50.7095],[-1.27725,50.73081],[-1.28576,50.74017],[-1.29067,50.75388],[-1.28751,50.76297],[-1.27805,50.76593],[-1.26919,50.76445],[-1.26723,50.76358],[-1.26,50.75976],[-1.2566,50.75505],[-1.24825,50.75175],[-1.23949,50.74383],[-1.23661,50.74316],[-1.21565,50.73825],[-1.21671,50.73536],[-1.18262,50.7332],[-1.17874,50.73412],[-1.17204,50.7332],[-1.16426,50.73274],[-1.1628,50.73352],[-1.1602,50.73318],[-1.14361,50.72896],[-1.13933,50.72706],[-1.13683,50.72667],[-1.13013,50.72676],[-1.12077,50.72332],[-1.11461,50.72197],[-1.11138,50.72194],[-1.10956,50.72149],[-1.10816,50.72014],[-1.10623,50.7142],[-1.1052,50.71309],[-1.1031,50.71264],[-1.10137,50.70737],[-1.09833,50.70556],[-1.09763,50.69558],[-1.10398,50.69737],[-1.10609,50.69323],[-1.09764,50.69139],[-1.09114,50.695],[-1.08268,50.69426],[-1.07187,50.68845],[-1.07026,50.68433],[-1.09461,50.67156],[-1.09776,50.6658],[-1.10884,50.66552],[-1.11458,50.66557],[-1.12485,50.66391],[-1.13353,50.66188],[-1.13933,50.65982],[-1.1432,50.65844],[-1.15196,50.65444],[-1.16059,50.64933],[-1.16593,50.64376],[-1.16787,50.64173],[-1.16888,50.63873],[-1.16921,50.63626],[-1.17063,50.63141],[-1.17416,50.62506],[-1.17462,50.62315],[-1.17442,50.6206],[-1.17308,50.61871],[-1.17227,50.61536],[-1.17698,50.61053],[-1.17527,50.60815],[-1.17515,50.60689],[-1.18444,50.59786],[-1.20469,50.59307],[-1.23661,50.58461],[-1.2505,50.58092],[-1.26919,50.57962],[-1.29482,50.57517],[-1.30107,50.57565],[-1.3074,50.57787],[-1.31744,50.58873],[-1.33942,50.60189],[-1.36215,50.61],[-1.38914,50.62653],[-1.41032,50.63409],[-1.44643,50.64276],[-1.45857,50.65034],[-1.46433,50.65156],[-1.47637,50.66148],[-1.48698,50.66684],[-1.51056,50.66955],[-1.5324,50.66668],[-1.57327,50.66085],[-1.58013,50.66269],[-1.57104,50.66605],[-1.56752,50.67398],[-1.54818,50.67937],[-1.53878,50.68999],[-1.53522,50.69333],[-1.53369,50.70108],[-1.52951,50.70412],[-1.52082,50.70717],[-1.50081,50.70678],[-1.48631,50.70689],[-1.46988,50.70999],[-1.44093,50.72238],[-1.4256,50.72645],[-1.41369,50.72458],[-1.41443,50.7144],[-1.4044,50.71909],[-1.39357,50.71685],[-1.39381,50.72309],[-1.40328,50.72755],[-1.35394,50.73909],[-1.34594,50.74662],[-1.34361,50.75148],[-1.32882,50.75801],[-1.32054,50.76525],[-1.30681,50.76712],[-1.2997,50.76599],[-1.29547,50.76004],[-1.29284,50.75749],[-1.29385,50.75058],[-1.29262,50.74802],[-1.29264,50.74653],[-1.29096,50.74534],[-1.28953,50.74185],[-1.29006,50.73848],[-1.28705,50.73593],[-1.28695,50.73416],[-1.28322,50.7289]]],[[[0.94969,51.37338],[0.94507,51.36903],[0.93669,51.36908],[0.93351,51.36718],[0.92304,51.3609],[0.9202,51.36001],[0.90651,51.35569],[0.88941,51.35582],[0.88432,51.35752],[0.87131,51.3645],[0.85623,51.36473],[0.83943,51.36373],[0.83497,51.36468],[0.80902,51.37015],[0.79734,51.36901],[0.78859,51.37298],[0.77452,51.36794],[0.76497,51.37262],[0.76913,51.37939],[0.76655,51.38414],[0.75146,51.39114],[0.75062,51.39394],[0.73163,51.40132],[0.7293,51.40529],[0.72679,51.40958],[0.73417,51.40959],[0.74092,51.41211],[0.74188,51.41515],[0.73603,51.42264],[0.74143,51.42642],[0.74315,51.4278],[0.74381,51.43079],[0.74725,51.43367],[0.74802,51.43575],[0.74338,51.44282],[0.74539,51.44685],[0.76761,51.44119],[0.7916,51.43927],[0.81493,51.42829],[0.82547,51.4257],[0.83497,51.42555],[0.88605,51.42051],[0.90196,51.41547],[0.91349,51.40529],[0.9202,51.40105],[0.93351,51.39263],[0.93654,51.39071],[0.94969,51.37338]]],[[[-0.95679,50.81538],[-0.95713,50.80826],[-0.96415,50.81101],[-0.96657,50.81028],[-0.96276,50.809],[-0.96362,50.80735],[-0.97189,50.80719],[-0.97092,50.80578],[-0.95763,50.80216],[-0.95713,50.78945],[-0.9482,50.78424],[-0.93749,50.7855],[-0.93715,50.78053],[-0.94531,50.7776],[-0.97866,50.78262],[-1.01942,50.78582],[-1.02184,50.78945],[-1.02481,50.79394],[-1.0232,50.79556],[-1.01895,50.79326],[-1.00307,50.79428],[-0.99405,50.79895],[-0.99001,50.80353],[-0.98405,50.82052],[-0.98615,50.82654],[-0.97774,50.83308],[-0.95803,50.83075],[-0.95141,50.8251],[-0.95679,50.81538]]],[[[0.69113,51.41153],[0.69079,51.40529],[0.69071,51.40388],[0.69527,51.39799],[0.69171,51.39657],[0.68373,51.39817],[0.68041,51.4],[0.67298,51.3986],[0.67137,51.40131],[0.67404,51.40237],[0.67146,51.40373],[0.67065,51.40529],[0.67007,51.40641],[0.66655,51.40597],[0.6658,51.40727],[0.66794,51.40922],[0.67206,51.41009],[0.67455,51.40777],[0.67562,51.40893],[0.68235,51.40888],[0.68242,51.41252],[0.68921,51.41224],[0.69113,51.41153]]],[[[0.6647,51.42373],[0.6739,51.42323],[0.67798,51.42368],[0.68359,51.42307],[0.6879,51.42162],[0.68737,51.41876],[0.68854,51.41519],[0.68606,51.41473],[0.68276,51.41879],[0.67712,51.41919],[0.67561,51.4182],[0.67627,51.41468],[0.67186,51.41339],[0.67043,51.41435],[0.67021,51.4178],[0.66759,51.42044],[0.65997,51.41832],[0.65959,51.419],[0.6647,51.42373]]],[[[0.57044,51.40771],[0.5734,51.40549],[0.57869,51.40615],[0.58005,51.40529],[0.58261,51.40326],[0.58129,51.40243],[0.57417,51.40299],[0.56334,51.40216],[0.56036,51.40335],[0.5608,51.40529],[0.56204,51.40681],[0.56506,51.408],[0.57044,51.40771]]],[[[-1.38086,50.77955],[-1.38717,50.77712],[-1.39126,50.77845],[-1.38442,50.78037],[-1.38086,50.77955]]],[[[-1.5484,50.70788],[-1.55167,50.70615],[-1.55435,50.71007],[-1.55228,50.71067],[-1.5484,50.70788]]],[[[-1.40562,50.72612],[-1.40747,50.72303],[-1.41112,50.72337],[-1.41087,50.72597],[-1.40562,50.72612]]],[[[-0.90813,50.78651],[-0.91022,50.78476],[-0.91334,50.78533],[-0.91229,50.78919],[-0.90813,50.78651]]],[[[-0.90619,50.80153],[-0.90762,50.79733],[-0.91151,50.79944],[-0.90892,50.80162],[-0.90619,50.80153]]],[[[-1.00722,50.8221],[-1.00874,50.82196],[-1.01185,50.82396],[-1.00916,50.82689],[-1.00774,50.82515],[-1.00722,50.8221]]],[[[-1.01174,50.82759],[-1.01393,50.82529],[-1.01794,50.82803],[-1.01504,50.82948],[-1.01174,50.82759]]],[[[-1.00271,50.83192],[-1.00388,50.8307],[-1.00748,50.83194],[-1.00896,50.83385],[-1.00522,50.83439],[-1.00271,50.83192]]],[[[-1.11028,50.78945],[-1.11573,50.78783],[-1.11601,50.78945],[-1.11584,50.79056],[-1.11358,50.79138],[-1.11028,50.78945]]],[[[-1.55875,50.70922],[-1.55735,50.70609],[-1.56083,50.7067],[-1.56129,50.70916],[-1.55875,50.70922]]],[[[-1.55532,50.70802],[-1.55406,50.70616],[-1.55682,50.70621],[-1.55771,50.707],[-1.55532,50.70802]]]]},"properties":{"code":"UKJ","nom":"South East (England)","country":"GB"}},{"type":"Feature","geometry":{"type":"MultiPolygon","coordinates":[[[[-2.66119,55.14508],[-2.65577,55.13616],[-2.64542,55.13106],[-2.63218,55.12806],[-2.6208,55.12901],[-2.60231,55.1248],[-2.59948,55.11633],[-2.59398,55.11269],[-2.5927,55.1055],[-2.58278,55.10086],[-2.58328,55.0991],[-2.5772,55.09656],[-2.57477,55.09657],[-2.56979,55.0966],[-2.56173,55.09024],[-2.56128,55.08397],[-2.5574,55.083],[-2.55144,55.08151],[-2.54307,55.08406],[-2.53383,55.08301],[-2.52865,55.08527],[-2.51897,55.08537],[-2.51567,55.08887],[-2.50332,55.09044],[-2.4863,55.08312],[-2.49439,55.08098],[-2.49873,55.07703],[-2.49354,55.06833],[-2.50216,55.06191],[-2.50052,55.05734],[-2.49261,55.05374],[-2.49234,55.05036],[-2.48427,55.0441],[-2.48403,55.04066],[-2.49229,55.03775],[-2.50322,55.03658],[-2.50645,55.03433],[-2.51201,55.03499],[-2.52435,55.03256],[-2.52963,55.02978],[-2.53971,55.02806],[-2.55152,55.02187],[-2.5574,55.02094],[-2.56405,55.01989],[-2.57037,55.01685],[-2.5729,55.00533],[-2.5687,55.00077],[-2.57477,54.98657],[-2.57982,54.983],[-2.5869,54.98142],[-2.59219,54.97457],[-2.59956,54.97346],[-2.60087,54.97158],[-2.59522,54.96395],[-2.57477,54.95969],[-2.56838,54.95836],[-2.57094,54.94853],[-2.56797,54.94195],[-2.56044,54.93478],[-2.5574,54.93374],[-2.54644,54.92999],[-2.54614,54.92805],[-2.5574,54.92449],[-2.55887,54.92137],[-2.56573,54.91808],[-2.56843,54.90832],[-2.57738,54.89672],[-2.60539,54.88445],[-2.59313,54.87534],[-2.59021,54.87385],[-2.58856,54.8696],[-2.58116,54.8643],[-2.57477,54.85559],[-2.57331,54.85361],[-2.57477,54.85264],[-2.58174,54.84796],[-2.58263,54.84593],[-2.56787,54.82402],[-2.5574,54.81653],[-2.54323,54.81219],[-2.53477,54.80734],[-2.52877,54.80612],[-2.49516,54.81081],[-2.48125,54.81761],[-2.46142,54.83324],[-2.45263,54.83224],[-2.42298,54.84299],[-2.41126,54.85584],[-2.40167,54.85115],[-2.39267,54.83457],[-2.37418,54.82784],[-2.3691,54.821],[-2.35704,54.81335],[-2.34724,54.80714],[-2.32788,54.80479],[-2.32218,54.79468],[-2.3184,54.79325],[-2.31476,54.79264],[-2.31204,54.79108],[-2.3138,54.78194],[-2.3093,54.773],[-2.31105,54.77184],[-2.32218,54.76444],[-2.32307,54.76048],[-2.32218,54.75808],[-2.32082,54.75513],[-2.32218,54.75338],[-2.32687,54.74669],[-2.32694,54.73857],[-2.33182,54.73254],[-2.32981,54.72837],[-2.32576,54.72666],[-2.34118,54.71595],[-2.34405,54.70249],[-2.35547,54.6972],[-2.35049,54.68513],[-2.32218,54.66918],[-2.30527,54.66987],[-2.30152,54.66645],[-2.29394,54.66413],[-2.28888,54.65106],[-2.32218,54.63304],[-2.32496,54.63166],[-2.32218,54.62829],[-2.30862,54.61181],[-2.30642,54.60362],[-2.30446,54.5963],[-2.27173,54.58254],[-2.26156,54.57404],[-2.24607,54.56536],[-2.21095,54.55221],[-2.20945,54.54343],[-2.19801,54.53346],[-2.18226,54.5355],[-2.17289,54.53224],[-2.17404,54.52248],[-2.16837,54.51869],[-2.16283,54.50484],[-2.16618,54.48977],[-2.15939,54.47118],[-2.16165,54.46479],[-2.17017,54.45826],[-2.17177,54.46104],[-2.1772,54.46119],[-2.1883,54.45008],[-2.19261,54.44874],[-2.23386,54.44837],[-2.25035,54.45169],[-2.26649,54.44748],[-2.26718,54.44303],[-2.28096,54.43917],[-2.2914,54.43836],[-2.29268,54.43224],[-2.30336,54.42536],[-2.30737,54.41848],[-2.30567,54.39909],[-2.29344,54.3914],[-2.29202,54.38425],[-2.29793,54.37728],[-2.31635,54.3761],[-2.32553,54.36869],[-2.32783,54.36765],[-2.33759,54.36326],[-2.3452,54.35983],[-2.35704,54.35616],[-2.3599,54.35528],[-2.36767,54.35612],[-2.35896,54.3503],[-2.35704,54.34949],[-2.33716,54.34115],[-2.33315,54.33443],[-2.32063,54.33144],[-2.31052,54.32392],[-2.31522,54.31375],[-2.32214,54.31095],[-2.32099,54.30691],[-2.32421,54.30268],[-2.32097,54.29905],[-2.32327,54.293],[-2.31778,54.28677],[-2.32353,54.27933],[-2.31583,54.26975],[-2.32019,54.26033],[-2.31906,54.25721],[-2.32476,54.24276],[-2.33766,54.23794],[-2.34774,54.23831],[-2.35704,54.24448],[-2.36447,54.24941],[-2.37174,54.24788],[-2.37406,54.24031],[-2.39682,54.2388],[-2.40443,54.22604],[-2.41279,54.22645],[-2.43519,54.22341],[-2.44251,54.22574],[-2.46083,54.22676],[-2.47349,54.2151],[-2.48104,54.20163],[-2.50997,54.18019],[-2.52835,54.16928],[-2.52887,54.16429],[-2.53529,54.15736],[-2.54324,54.15714],[-2.54776,54.15374],[-2.5574,54.15264],[-2.56052,54.15228],[-2.55805,54.14466],[-2.56294,54.14035],[-2.56341,54.12469],[-2.56088,54.12186],[-2.5574,54.12084],[-2.54598,54.11748],[-2.54422,54.11332],[-2.5371,54.10884],[-2.53617,54.10438],[-2.52519,54.10202],[-2.52456,54.09575],[-2.51057,54.09517],[-2.50653,54.09179],[-2.49353,54.08981],[-2.48667,54.08554],[-2.48017,54.08469],[-2.46685,54.07578],[-2.46431,54.07532],[-2.46558,54.07178],[-2.46396,54.06113],[-2.46898,54.05493],[-2.47003,54.05233],[-2.47051,54.0509],[-2.46952,54.04626],[-2.45822,54.04075],[-2.43559,54.04175],[-2.42591,54.03874],[-2.41853,54.0414],[-2.39224,54.04401],[-2.37407,54.04909],[-2.36307,54.04109],[-2.36006,54.03177],[-2.36157,54.02808],[-2.35704,54.02032],[-2.34457,54.01699],[-2.3407,54.01092],[-2.3419,54.00873],[-2.34911,54.01091],[-2.35194,54.00973],[-2.35317,54.00246],[-2.3499,53.99407],[-2.34021,53.99041],[-2.32655,53.99344],[-2.31971,53.99312],[-2.29931,53.98137],[-2.29516,53.97562],[-2.27995,53.97468],[-2.23399,53.98105],[-2.22106,53.97793],[-2.2311,53.97154],[-2.22511,53.96177],[-2.21612,53.96458],[-2.21009,53.96336],[-2.20023,53.9696],[-2.19598,53.9696],[-2.19555,53.96638],[-2.19358,53.96144],[-2.18773,53.95422],[-2.18448,53.9523],[-2.18023,53.94673],[-2.1852,53.94092],[-2.18224,53.93543],[-2.17615,53.93493],[-2.17183,53.93726],[-2.1669,53.93581],[-2.16255,53.93271],[-2.16284,53.92731],[-2.15168,53.929],[-2.14792,53.92637],[-2.139,53.92789],[-2.13376,53.92683],[-2.12497,53.92278],[-2.12169,53.91802],[-2.11461,53.91601],[-2.10738,53.90805],[-2.11318,53.90461],[-2.10844,53.89865],[-2.10358,53.89218],[-2.09583,53.8882],[-2.08222,53.87614],[-2.0876,53.86951],[-2.08041,53.86926],[-2.07314,53.86161],[-2.06154,53.85854],[-2.04613,53.85014],[-2.04503,53.83893],[-2.04688,53.82955],[-2.06121,53.82567],[-2.08482,53.81859],[-2.09204,53.81413],[-2.10275,53.80934],[-2.11224,53.80574],[-2.1275,53.79891],[-2.12948,53.79231],[-2.12918,53.79096],[-2.12566,53.78969],[-2.12478,53.78809],[-2.12729,53.78615],[-2.13045,53.78518],[-2.13633,53.78014],[-2.13499,53.77688],[-2.1313,53.77444],[-2.13019,53.77037],[-2.13075,53.7652],[-2.13004,53.76312],[-2.13155,53.7581],[-2.12948,53.75463],[-2.13127,53.75141],[-2.1334,53.74971],[-2.1409,53.74572],[-2.14577,53.73607],[-2.14907,53.73451],[-2.15494,53.73511],[-2.16293,53.73145],[-2.17326,53.72305],[-2.16588,53.71088],[-2.16234,53.70634],[-2.16201,53.7044],[-2.16255,53.69926],[-2.16107,53.6977],[-2.15041,53.69462],[-2.14522,53.69233],[-2.14814,53.68615],[-2.14629,53.68227],[-2.14234,53.67879],[-2.13852,53.68336],[-2.13334,53.68503],[-2.12805,53.6815],[-2.12451,53.6746],[-2.11407,53.67117],[-2.09872,53.67243],[-2.0886,53.67076],[-2.08276,53.67772],[-2.07411,53.67772],[-2.05668,53.68308],[-2.0512,53.68306],[-2.0507,53.67955],[-2.05419,53.67606],[-2.05313,53.67093],[-2.03619,53.66032],[-2.04124,53.64257],[-2.03892,53.63953],[-2.02981,53.63541],[-2.03085,53.62927],[-2.02683,53.62427],[-2.02639,53.62082],[-2.023,53.61587],[-2.01862,53.616],[-2.01474,53.61538],[-2.00943,53.61681],[-1.9812,53.58914],[-1.97041,53.5835],[-1.96683,53.58005],[-1.96228,53.57897],[-1.94723,53.57181],[-1.94193,53.56158],[-1.92748,53.55467],[-1.92563,53.55322],[-1.91311,53.55098],[-1.90958,53.53842],[-1.91185,53.53806],[-1.91422,53.53674],[-1.91574,53.53297],[-1.92241,53.53085],[-1.92344,53.52299],[-1.92674,53.52098],[-1.92266,53.51841],[-1.92182,53.5172],[-1.91673,53.51452],[-1.91746,53.51311],[-1.92194,53.50998],[-1.92436,53.5096],[-1.92604,53.50869],[-1.93546,53.50581],[-1.93884,53.5065],[-1.94239,53.50664],[-1.94685,53.50457],[-1.9513,53.50423],[-1.95564,53.50448],[-1.95944,53.50594],[-1.96228,53.50879],[-1.96335,53.50985],[-1.971,53.50469],[-1.97238,53.5029],[-1.97091,53.49517],[-1.97498,53.48774],[-1.97689,53.48634],[-1.98157,53.48499],[-1.98693,53.4816],[-1.98789,53.46965],[-1.9815,53.46453],[-1.98074,53.46294],[-1.98795,53.46073],[-1.98737,53.45891],[-1.98683,53.45433],[-1.98942,53.45402],[-1.99289,53.45241],[-1.99497,53.45052],[-1.99479,53.44692],[-1.99634,53.44577],[-1.99851,53.44584],[-2.00594,53.44183],[-2.0067,53.43747],[-2.01514,53.43859],[-2.02722,53.43238],[-2.02619,53.42983],[-2.02031,53.42554],[-2.0223,53.42055],[-2.01385,53.41664],[-1.99229,53.41522],[-1.99393,53.41321],[-1.99327,53.41193],[-1.99395,53.40921],[-1.99615,53.40469],[-2.00174,53.39652],[-2.00445,53.39379],[-2.00502,53.39056],[-2.00535,53.38656],[-2.01254,53.38395],[-2.02196,53.37598],[-2.02607,53.37407],[-2.03147,53.37469],[-2.02941,53.37124],[-2.03102,53.37029],[-2.03308,53.36729],[-2.02752,53.36447],[-2.02031,53.36625],[-2.00978,53.36149],[-2.01045,53.35673],[-2.00803,53.35499],[-2.0056,53.34581],[-2.01368,53.33982],[-2.01362,53.33245],[-2.01017,53.33105],[-2.01023,53.32385],[-2.00152,53.31895],[-2.00903,53.30291],[-2.00813,53.28672],[-2.00567,53.26802],[-2.00864,53.26068],[-2.00087,53.25525],[-2.00143,53.24902],[-1.99863,53.24481],[-1.9825,53.2385],[-1.97539,53.2304],[-1.97681,53.22765],[-1.98967,53.22296],[-1.98738,53.21361],[-2.00097,53.194],[-2.01745,53.18956],[-2.03017,53.19336],[-2.04644,53.19222],[-2.05807,53.18146],[-2.05882,53.17642],[-2.07691,53.17082],[-2.08644,53.17028],[-2.09023,53.17188],[-2.10035,53.16959],[-2.11401,53.16946],[-2.12012,53.17408],[-2.12842,53.17549],[-2.13377,53.18261],[-2.1407,53.1836],[-2.14466,53.174],[-2.14138,53.15667],[-2.15405,53.15899],[-2.15971,53.15309],[-2.17524,53.14613],[-2.1865,53.136],[-2.19359,53.12956],[-2.19636,53.12713],[-2.20262,53.12165],[-2.21129,53.11584],[-2.22463,53.10436],[-2.23792,53.10107],[-2.23884,53.09998],[-2.23897,53.09829],[-2.24635,53.09163],[-2.24655,53.09021],[-2.25265,53.09349],[-2.25864,53.08981],[-2.27708,53.08593],[-2.27453,53.08397],[-2.27526,53.08221],[-2.27847,53.08093],[-2.28166,53.08034],[-2.29408,53.07883],[-2.3049,53.08274],[-2.3167,53.08113],[-2.32814,53.07641],[-2.33178,53.06997],[-2.34857,53.05585],[-2.35429,53.0584],[-2.35704,53.05633],[-2.35935,53.05459],[-2.37503,53.05455],[-2.38095,53.05211],[-2.38406,53.04797],[-2.38507,53.03338],[-2.38047,53.02867],[-2.38288,53.02544],[-2.37044,53.01459],[-2.38197,53.00808],[-2.38077,52.99843],[-2.39749,52.99518],[-2.40584,52.99547],[-2.40562,52.99113],[-2.41109,52.9882],[-2.43814,52.98559],[-2.43481,52.97976],[-2.43566,52.96979],[-2.44313,52.97018],[-2.45089,52.96614],[-2.47545,52.96187],[-2.48113,52.95884],[-2.49269,52.96763],[-2.49808,52.96823],[-2.50781,52.96559],[-2.51334,52.97102],[-2.52041,52.97371],[-2.52274,52.97097],[-2.52397,52.95459],[-2.53049,52.94762],[-2.53535,52.94867],[-2.54546,52.9561],[-2.55458,52.95858],[-2.5574,52.96097],[-2.56133,52.96429],[-2.57229,52.96232],[-2.57138,52.9598],[-2.57477,52.95805],[-2.57837,52.95617],[-2.58608,52.95599],[-2.58909,52.95867],[-2.59684,52.96284],[-2.59774,52.97189],[-2.59389,52.9746],[-2.59851,52.97589],[-2.59739,52.9786],[-2.60474,52.97972],[-2.60446,52.98418],[-2.60811,52.98795],[-2.6228,52.98756],[-2.62801,52.99512],[-2.63485,52.99642],[-2.64279,52.9935],[-2.65201,52.99473],[-2.67176,52.98705],[-2.68472,52.9868],[-2.69927,52.99546],[-2.70075,52.9933],[-2.70455,52.99044],[-2.71186,52.98611],[-2.71513,52.98507],[-2.71656,52.98407],[-2.72028,52.98402],[-2.72509,52.98296],[-2.72682,52.9833],[-2.74358,52.98683],[-2.75882,52.98698],[-2.7689,52.99416],[-2.78896,52.99494],[-2.79925,52.99039],[-2.82753,52.99476],[-2.83562,52.99862],[-2.83946,53.01165],[-2.84405,53.01765],[-2.85247,53.01757],[-2.8595,53.02106],[-2.85994,53.02858],[-2.85593,53.03617],[-2.86178,53.0386],[-2.8663,53.04598],[-2.86205,53.05626],[-2.86649,53.05871],[-2.86545,53.06238],[-2.86889,53.06726],[-2.87743,53.07253],[-2.87912,53.08197],[-2.89185,53.08936],[-2.90093,53.09085],[-2.89882,53.09753],[-2.89564,53.09846],[-2.89652,53.09605],[-2.89397,53.09634],[-2.88822,53.10327],[-2.88843,53.10512],[-2.89252,53.10482],[-2.89196,53.10792],[-2.88452,53.11176],[-2.88159,53.11988],[-2.88651,53.12143],[-2.90251,53.1125],[-2.91092,53.11306],[-2.92724,53.11939],[-2.94369,53.1221],[-2.94774,53.12713],[-2.9638,53.13278],[-2.97815,53.14884],[-2.98438,53.14845],[-2.99292,53.15331],[-2.99182,53.15643],[-2.98523,53.15801],[-2.97773,53.15702],[-2.97087,53.16081],[-2.96836,53.16061],[-2.96625,53.15989],[-2.96236,53.16235],[-2.95605,53.16407],[-2.95346,53.16537],[-2.94889,53.16603],[-2.94654,53.16714],[-2.94403,53.16527],[-2.94029,53.16677],[-2.92778,53.17149],[-2.92657,53.17338],[-2.92283,53.17532],[-2.92094,53.17711],[-2.9203,53.17946],[-2.92038,53.1826],[-2.92228,53.18932],[-2.92905,53.19421],[-2.93258,53.19544],[-2.93518,53.19626],[-2.93727,53.19765],[-2.94371,53.20411],[-2.9495,53.2113],[-2.96615,53.21872],[-2.97782,53.22542],[-2.9849,53.2285],[-2.99255,53.23304],[-3.01117,53.24171],[-3.01641,53.24415],[-3.02585,53.24847],[-3.03605,53.25183],[-3.04866,53.25224],[-3.0611,53.25275],[-3.07225,53.25338],[-3.08051,53.25497],[-3.08419,53.25612],[-3.08805,53.25776],[-3.095,53.26181],[-3.09734,53.2636],[-3.09912,53.26505],[-3.10135,53.26694],[-3.09932,53.26835],[-3.09944,53.27065],[-3.09655,53.27223],[-3.09458,53.27204],[-3.0921,53.26903],[-3.08731,53.27247],[-3.09097,53.27705],[-3.08221,53.28005],[-3.106,53.28984],[-3.10699,53.29516],[-3.11071,53.29632],[-3.12278,53.31936],[-3.11981,53.32313],[-3.13786,53.33374],[-3.14808,53.34184],[-3.15443,53.34539],[-3.15747,53.34604],[-3.16235,53.34829],[-3.18151,53.36391],[-3.18627,53.36448],[-3.19056,53.36827],[-3.19835,53.3762],[-3.19957,53.38704],[-3.17552,53.4003],[-3.14095,53.41189],[-3.12474,53.41492],[-3.11887,53.41644],[-3.10602,53.42067],[-3.1041,53.42047],[-3.10017,53.42171],[-3.09636,53.42322],[-3.08986,53.42698],[-3.07301,53.43507],[-3.0567,53.44012],[-3.03904,53.4408],[-3.03008,53.42715],[-3.02671,53.42162],[-3.02424,53.41934],[-3.0237,53.41787],[-3.01684,53.4117],[-3.01449,53.40594],[-3.01528,53.40477],[-3.0128,53.40157],[-3.01117,53.39737],[-3.00653,53.38541],[-3.00546,53.38068],[-2.99531,53.36803],[-2.9875,53.36195],[-2.98302,53.36151],[-2.97323,53.35307],[-2.96358,53.34187],[-2.9582,53.3326],[-2.95772,53.33144],[-2.95258,53.32691],[-2.94957,53.32333],[-2.94665,53.32253],[-2.9395,53.31575],[-2.93265,53.31056],[-2.92856,53.30828],[-2.92,53.30535],[-2.91769,53.30612],[-2.91488,53.30573],[-2.91134,53.3042],[-2.90768,53.30152],[-2.90584,53.30117],[-2.90362,53.29883],[-2.878,53.29102],[-2.856,53.29227],[-2.85308,53.29538],[-2.84089,53.29877],[-2.84734,53.30202],[-2.84761,53.30529],[-2.83728,53.30813],[-2.81673,53.30629],[-2.79996,53.29909],[-2.78927,53.29687],[-2.75497,53.31207],[-2.75241,53.31475],[-2.75362,53.31712],[-2.75989,53.32233],[-2.76334,53.32749],[-2.76292,53.33127],[-2.76138,53.33368],[-2.75901,53.33564],[-2.75999,53.33665],[-2.75874,53.33845],[-2.75588,53.34205],[-2.75375,53.34348],[-2.74358,53.34532],[-2.72196,53.34452],[-2.6991,53.35647],[-2.68472,53.35528],[-2.67523,53.35449],[-2.67176,53.35536],[-2.66646,53.35826],[-2.66397,53.36695],[-2.65823,53.37305],[-2.65417,53.37403],[-2.64317,53.37266],[-2.63721,53.3769],[-2.62824,53.37556],[-2.63864,53.37813],[-2.64228,53.37737],[-2.64566,53.37397],[-2.65428,53.37585],[-2.65652,53.37546],[-2.66015,53.37394],[-2.66465,53.37005],[-2.67028,53.36219],[-2.67176,53.35897],[-2.67763,53.35699],[-2.68472,53.35917],[-2.69338,53.36184],[-2.69993,53.36226],[-2.70212,53.36188],[-2.7051,53.36115],[-2.71239,53.35784],[-2.71885,53.35531],[-2.72225,53.35573],[-2.72802,53.35461],[-2.72903,53.35311],[-2.73171,53.35211],[-2.73129,53.34948],[-2.73305,53.34801],[-2.73667,53.34787],[-2.74117,53.34974],[-2.74358,53.3501],[-2.74746,53.35067],[-2.75876,53.34956],[-2.76434,53.34819],[-2.76896,53.34558],[-2.77721,53.3356],[-2.77827,53.33294],[-2.77745,53.33002],[-2.77972,53.32693],[-2.78517,53.32363],[-2.78765,53.32282],[-2.79461,53.32226],[-2.79763,53.32451],[-2.8035,53.32746],[-2.81778,53.33265],[-2.82238,53.33329],[-2.8244,53.33292],[-2.82668,53.33167],[-2.82881,53.331],[-2.83634,53.32706],[-2.8398,53.32682],[-2.85485,53.32748],[-2.87814,53.33422],[-2.90084,53.34374],[-2.90488,53.34571],[-2.91001,53.34946],[-2.91443,53.35217],[-2.9159,53.35375],[-2.91891,53.35496],[-2.92243,53.35728],[-2.94572,53.36722],[-2.96929,53.37583],[-2.98446,53.38619],[-2.99505,53.40095],[-3.00176,53.4111],[-3.00874,53.43841],[-3.01117,53.44136],[-3.0224,53.45498],[-3.02902,53.45594],[-3.03638,53.46146],[-3.04051,53.46522],[-3.0382,53.46963],[-3.04338,53.47789],[-3.06017,53.49775],[-3.06377,53.51056],[-3.06552,53.52216],[-3.07336,53.52237],[-3.07931,53.52617],[-3.08228,53.53086],[-3.08539,53.53378],[-3.09831,53.53899],[-3.10002,53.53976],[-3.1021,53.54165],[-3.1048,53.54737],[-3.10546,53.55155],[-3.10444,53.55885],[-3.10246,53.56544],[-3.09763,53.57418],[-3.0917,53.58168],[-3.08857,53.58428],[-3.08608,53.58743],[-3.08016,53.59352],[-3.0654,53.60652],[-3.0621,53.6102],[-3.05341,53.62082],[-3.04962,53.62545],[-3.04911,53.62838],[-3.04747,53.62986],[-3.03105,53.64727],[-3.01777,53.65424],[-3.01117,53.6601],[-2.97887,53.6888],[-2.97586,53.6911],[-2.97556,53.69678],[-2.96641,53.69804],[-2.96307,53.69325],[-2.9562,53.69753],[-2.95156,53.7008],[-2.95356,53.705],[-2.94702,53.70634],[-2.94082,53.70761],[-2.94774,53.71377],[-2.93939,53.72407],[-2.91803,53.72607],[-2.91348,53.72441],[-2.90747,53.72845],[-2.90059,53.72649],[-2.89246,53.73027],[-2.88579,53.72993],[-2.86245,53.73377],[-2.84857,53.72984],[-2.83374,53.72213],[-2.85213,53.7332],[-2.85328,53.73568],[-2.85007,53.73657],[-2.82697,53.7429],[-2.81858,53.74233],[-2.8162,53.74519],[-2.78954,53.75142],[-2.77439,53.75344],[-2.75716,53.75647],[-2.76427,53.75645],[-2.78548,53.75383],[-2.79406,53.75213],[-2.81631,53.74727],[-2.82066,53.74639],[-2.82314,53.74537],[-2.8308,53.74422],[-2.85726,53.73813],[-2.86294,53.73749],[-2.87201,53.73657],[-2.87567,53.73619],[-2.87853,53.73543],[-2.88997,53.73452],[-2.90342,53.73256],[-2.91871,53.73153],[-2.92585,53.73144],[-2.92915,53.73154],[-2.93722,53.73248],[-2.94182,53.73229],[-2.94936,53.73275],[-2.95158,53.73308],[-2.9519,53.73437],[-2.95793,53.73347],[-2.96336,53.73437],[-2.97475,53.73398],[-2.98006,53.73447],[-2.98876,53.73657],[-2.99164,53.73726],[-2.99466,53.73748],[-3.00081,53.73675],[-3.0047,53.73686],[-3.01117,53.73827],[-3.02686,53.7431],[-3.03613,53.749],[-3.04747,53.75731],[-3.05059,53.75931],[-3.05163,53.76094],[-3.05512,53.76355],[-3.05551,53.766],[-3.0573,53.76827],[-3.05793,53.7718],[-3.05737,53.77648],[-3.05877,53.78407],[-3.05691,53.79855],[-3.05744,53.81142],[-3.05644,53.81429],[-3.05661,53.81921],[-3.05698,53.8211],[-3.05608,53.8225],[-3.05646,53.82878],[-3.05572,53.84125],[-3.05425,53.84995],[-3.05139,53.85723],[-3.04922,53.86605],[-3.04831,53.87295],[-3.04794,53.87577],[-3.04747,53.88083],[-3.04685,53.88758],[-3.04719,53.89167],[-3.04747,53.89308],[-3.05082,53.90976],[-3.05089,53.91354],[-3.05093,53.91621],[-3.05017,53.9192],[-3.04747,53.92166],[-3.04237,53.92403],[-3.03864,53.92451],[-3.03159,53.92658],[-3.02342,53.92629],[-3.01841,53.92718],[-3.01413,53.92858],[-3.01108,53.92871],[-3.00807,53.92858],[-3.00584,53.92718],[-3.00419,53.92448],[-3.00516,53.9223],[-3.01117,53.92027],[-3.00637,53.91712],[-3.00637,53.91354],[-3.00637,53.90132],[-3.00193,53.89368],[-2.99329,53.88572],[-2.98118,53.88142],[-2.97729,53.88054],[-2.9705,53.87654],[-2.9688,53.87405],[-2.97053,53.87295],[-2.97223,53.87186],[-2.97764,53.87155],[-2.97898,53.87085],[-2.9791,53.86795],[-2.97767,53.86596],[-2.97681,53.86207],[-2.9597,53.86032],[-2.95048,53.85247],[-2.94254,53.85083],[-2.95261,53.85778],[-2.95799,53.86225],[-2.97137,53.86478],[-2.96483,53.87233],[-2.96527,53.8757],[-2.99151,53.89596],[-2.99462,53.90307],[-2.99207,53.90721],[-2.99528,53.90946],[-2.99478,53.91354],[-2.99737,53.91811],[-2.99599,53.92718],[-2.99534,53.93139],[-2.92795,53.95014],[-2.91631,53.95133],[-2.91294,53.94451],[-2.90445,53.94054],[-2.8873,53.94229],[-2.89334,53.94542],[-2.88875,53.94712],[-2.87873,53.94783],[-2.874,53.95322],[-2.86588,53.95574],[-2.86403,53.96025],[-2.85646,53.96602],[-2.87153,53.97042],[-2.8766,53.97503],[-2.87783,53.97914],[-2.8699,53.98398],[-2.86927,53.9917],[-2.85342,54.00012],[-2.84125,53.99781],[-2.83299,53.99883],[-2.82945,54.0155],[-2.82997,54.02011],[-2.82844,54.02789],[-2.83184,54.03247],[-2.83539,54.03502],[-2.84212,54.04113],[-2.84279,54.04386],[-2.84188,54.04543],[-2.82437,54.05151],[-2.80946,54.05498],[-2.83822,54.0491],[-2.84519,54.04297],[-2.8333,54.02713],[-2.83593,54.0103],[-2.84425,54.00584],[-2.86032,54.00433],[-2.87386,54.00539],[-2.87636,53.99447],[-2.88102,53.99013],[-2.88422,53.99219],[-2.90003,53.98872],[-2.90241,53.99788],[-2.90047,53.99966],[-2.90666,54.00819],[-2.90314,54.01971],[-2.92312,54.03068],[-2.91355,54.03383],[-2.91848,54.03553],[-2.91164,54.03814],[-2.90611,54.03961],[-2.90652,54.04257],[-2.90536,54.04457],[-2.90592,54.04616],[-2.90478,54.04804],[-2.89733,54.04953],[-2.89246,54.05819],[-2.88621,54.06515],[-2.88176,54.06628],[-2.87756,54.06899],[-2.87663,54.07115],[-2.87455,54.07333],[-2.86764,54.07361],[-2.85754,54.07714],[-2.84879,54.07731],[-2.84063,54.07942],[-2.82632,54.08697],[-2.82881,54.09198],[-2.82657,54.09997],[-2.81017,54.1072],[-2.80137,54.11563],[-2.79854,54.12241],[-2.79799,54.12434],[-2.79671,54.12584],[-2.79545,54.12733],[-2.80203,54.12838],[-2.80265,54.12584],[-2.80302,54.12434],[-2.80137,54.12265],[-2.8043,54.12084],[-2.81626,54.12169],[-2.8207,54.12434],[-2.82208,54.12584],[-2.83029,54.13479],[-2.8289,54.14114],[-2.83726,54.14278],[-2.84185,54.14968],[-2.84022,54.15121],[-2.84216,54.15239],[-2.85742,54.15359],[-2.8636,54.15664],[-2.86559,54.16124],[-2.86236,54.16725],[-2.86947,54.17674],[-2.86767,54.17986],[-2.8597,54.18023],[-2.86432,54.18397],[-2.86327,54.1922],[-2.85435,54.19395],[-2.83291,54.20418],[-2.82521,54.20475],[-2.80752,54.21836],[-2.78915,54.22734],[-2.78861,54.22839],[-2.78925,54.23138],[-2.79499,54.23477],[-2.79989,54.24521],[-2.80623,54.24656],[-2.80838,54.24448],[-2.80223,54.24319],[-2.80327,54.23366],[-2.79716,54.22696],[-2.83163,54.2187],[-2.84459,54.20575],[-2.87845,54.20155],[-2.90458,54.19474],[-2.91229,54.18645],[-2.9196,54.17771],[-2.93405,54.16608],[-2.93308,54.15601],[-2.94167,54.15817],[-2.9461,54.15486],[-2.96553,54.15037],[-2.9667,54.14737],[-2.98421,54.13774],[-3.00059,54.13269],[-3.01117,54.13172],[-3.01597,54.13304],[-3.01378,54.13725],[-3.01117,54.13884],[-3.00617,54.14191],[-3.00069,54.15339],[-3.00551,54.15812],[-3.00415,54.1653],[-2.99733,54.17155],[-3.00739,54.17322],[-3.01117,54.17837],[-3.03255,54.19555],[-3.0157,54.20463],[-3.02454,54.21779],[-3.03291,54.22767],[-3.04469,54.22696],[-3.04747,54.22938],[-3.04859,54.23309],[-3.04747,54.23508],[-3.03501,54.23931],[-3.03084,54.244],[-3.03217,54.24572],[-3.03835,54.24035],[-3.04747,54.23998],[-3.05159,54.23455],[-3.05284,54.22166],[-3.04747,54.21817],[-3.04381,54.21862],[-3.03729,54.2163],[-3.03279,54.21176],[-3.0409,54.20289],[-3.04747,54.2001],[-3.04969,54.20062],[-3.05312,54.19894],[-3.05483,54.19534],[-3.05493,54.19361],[-3.0539,54.18901],[-3.06261,54.17888],[-3.06079,54.17709],[-3.05905,54.17314],[-3.05863,54.17199],[-3.06006,54.16968],[-3.05981,54.16671],[-3.06087,54.16203],[-3.0703,54.15931],[-3.07675,54.15512],[-3.07806,54.15388],[-3.07936,54.15057],[-3.08375,54.14698],[-3.08526,54.1415],[-3.08772,54.13824],[-3.08762,54.1363],[-3.09069,54.13483],[-3.09482,54.131],[-3.10061,54.12805],[-3.10146,54.12584],[-3.10634,54.11893],[-3.11887,54.11366],[-3.13238,54.10207],[-3.14906,54.0936],[-3.17313,54.07928],[-3.17413,54.08337],[-3.18614,54.09092],[-3.1863,54.09632],[-3.19024,54.10137],[-3.19407,54.10327],[-3.19855,54.10302],[-3.2144,54.09809],[-3.22045,54.09398],[-3.22568,54.09439],[-3.23856,54.10394],[-3.24186,54.11237],[-3.24419,54.12434],[-3.24416,54.12584],[-3.2441,54.12911],[-3.24048,54.14719],[-3.23774,54.15551],[-3.24296,54.15773],[-3.25002,54.15568],[-3.25656,54.16382],[-3.25619,54.16855],[-3.24596,54.17194],[-3.22768,54.17183],[-3.21818,54.17689],[-3.21558,54.18388],[-3.21864,54.18707],[-3.21227,54.20011],[-3.21203,54.20766],[-3.20653,54.21006],[-3.20495,54.21513],[-3.19428,54.22914],[-3.21158,54.24782],[-3.21539,54.25651],[-3.22978,54.26009],[-3.2233,54.25329],[-3.22711,54.24923],[-3.22425,54.24586],[-3.22622,54.23941],[-3.23482,54.232],[-3.23438,54.22806],[-3.24185,54.22606],[-3.25394,54.21916],[-3.25501,54.21596],[-3.25067,54.21477],[-3.24919,54.20998],[-3.24045,54.20305],[-3.25364,54.19248],[-3.26879,54.19038],[-3.2778,54.19404],[-3.2832,54.19638],[-3.28921,54.19156],[-3.29647,54.18926],[-3.31293,54.18865],[-3.3217,54.19052],[-3.33003,54.19639],[-3.35254,54.22022],[-3.36488,54.23181],[-3.3792,54.24433],[-3.38667,54.24939],[-3.38899,54.25177],[-3.39304,54.25352],[-3.3942,54.25449],[-3.40384,54.26438],[-3.40477,54.26794],[-3.40836,54.27095],[-3.41982,54.2829],[-3.42141,54.29223],[-3.41657,54.30749],[-3.42389,54.33083],[-3.42234,54.33804],[-3.41418,54.3447],[-3.40836,54.33946],[-3.40565,54.33702],[-3.39824,54.33701],[-3.39238,54.34078],[-3.40437,54.34171],[-3.40836,54.35039],[-3.41175,54.35775],[-3.42209,54.35913],[-3.43208,54.35689],[-3.43668,54.35928],[-3.4372,54.36413],[-3.44032,54.36493],[-3.4382,54.35739],[-3.42183,54.35322],[-3.41898,54.35048],[-3.42694,54.34379],[-3.43134,54.34342],[-3.43769,54.3457],[-3.44927,54.35536],[-3.46398,54.36765],[-3.47142,54.3751],[-3.47722,54.38707],[-3.4995,54.40573],[-3.50144,54.40698],[-3.57784,54.46485],[-3.59406,54.48281],[-3.60703,54.4904],[-3.61898,54.49103],[-3.62702,54.50173],[-3.63525,54.50709],[-3.63895,54.51292],[-3.63823,54.51726],[-3.62625,54.52069],[-3.62273,54.52284],[-3.6136,54.5251],[-3.61195,54.52764],[-3.6074,54.53086],[-3.60628,54.53277],[-3.60359,54.54019],[-3.60353,54.54226],[-3.59995,54.54814],[-3.59179,54.55228],[-3.59019,54.55532],[-3.59027,54.55967],[-3.58921,54.56116],[-3.58444,54.56424],[-3.58085,54.57257],[-3.58224,54.59058],[-3.57254,54.60079],[-3.5706,54.60326],[-3.57166,54.60662],[-3.57047,54.60781],[-3.57103,54.61103],[-3.56844,54.61291],[-3.56905,54.61619],[-3.57088,54.61929],[-3.56971,54.62262],[-3.57,54.62451],[-3.57552,54.63534],[-3.57456,54.6394],[-3.57735,54.65063],[-3.56877,54.64941],[-3.5604,54.66264],[-3.55076,54.66965],[-3.54746,54.67396],[-3.54338,54.67667],[-3.53814,54.67889],[-3.53349,54.68194],[-3.52613,54.68589],[-3.51897,54.69304],[-3.51194,54.70639],[-3.50945,54.71708],[-3.50089,54.71784],[-3.49338,54.72584],[-3.47896,54.73246],[-3.47175,54.73629],[-3.465,54.73859],[-3.46144,54.74041],[-3.45165,54.74818],[-3.44927,54.74973],[-3.4454,54.75224],[-3.43871,54.75676],[-3.43574,54.76075],[-3.4333,54.7663],[-3.43212,54.77184],[-3.43175,54.78169],[-3.43755,54.8016],[-3.41027,54.8398],[-3.40836,54.84434],[-3.39833,54.86819],[-3.3866,54.875],[-3.3675,54.89083],[-3.34808,54.89817],[-3.34018,54.89893],[-3.33466,54.89276],[-3.30433,54.88555],[-3.29513,54.87986],[-3.28707,54.87845],[-3.28062,54.87357],[-3.28771,54.89217],[-3.28135,54.89278],[-3.27181,54.89049],[-3.26418,54.8925],[-3.25173,54.90349],[-3.25512,54.90817],[-3.25284,54.91113],[-3.23211,54.90922],[-3.23506,54.91139],[-3.25019,54.91347],[-3.25928,54.9111],[-3.26896,54.90432],[-3.27988,54.90333],[-3.30512,54.91021],[-3.31256,54.91459],[-3.31348,54.91733],[-3.3105,54.92173],[-3.28467,54.94156],[-3.24958,54.94433],[-3.23047,54.95216],[-3.21139,54.95436],[-3.18709,54.95021],[-3.17722,54.94243],[-3.15801,54.93802],[-3.15356,54.93243],[-3.141,54.92838],[-3.11915,54.92789],[-3.10687,54.92814],[-3.09654,54.93254],[-3.07435,54.93767],[-3.06317,54.94572],[-3.03415,54.94422],[-3.02716,54.94511],[-3.01459,54.94672],[-3.0062,54.94408],[-3.00767,54.94656],[-3.01289,54.94796],[-3.02716,54.94688],[-3.03742,54.9461],[-3.05736,54.95101],[-3.069,54.94878],[-3.08239,54.94045],[-3.10965,54.93392],[-3.12091,54.93486],[-3.12602,54.93804],[-3.13086,54.9474],[-3.12319,54.95133],[-3.11207,54.95111],[-3.10928,54.95493],[-3.11607,54.95733],[-3.11696,54.95929],[-3.1105,54.96487],[-3.10351,54.96602],[-3.10772,54.96816],[-3.10453,54.97083],[-3.08043,54.97029],[-3.06847,54.97558],[-3.0588,54.98258],[-3.04153,54.9725],[-3.0392,54.97308],[-3.03918,54.97531],[-3.04527,54.97862],[-3.05026,54.98471],[-3.05737,54.9869],[-3.05637,54.99188],[-3.04557,54.99899],[-3.04773,55.00982],[-3.04101,55.01616],[-3.03989,55.02163],[-3.03189,55.02519],[-3.03281,55.03053],[-3.02774,55.03561],[-3.04448,55.04675],[-3.05204,55.04853],[-3.04973,55.05238],[-3.03622,55.05539],[-2.96044,55.05003],[-2.95421,55.05456],[-2.93901,55.05953],[-2.94211,55.06463],[-2.93961,55.06885],[-2.92468,55.07168],[-2.91552,55.07774],[-2.91063,55.07719],[-2.89722,55.07828],[-2.89584,55.08103],[-2.89273,55.08723],[-2.88497,55.08753],[-2.88284,55.09224],[-2.88466,55.09466],[-2.87857,55.09546],[-2.87261,55.09953],[-2.87059,55.10594],[-2.85851,55.10842],[-2.85285,55.1088],[-2.84568,55.11202],[-2.84483,55.11578],[-2.83921,55.11787],[-2.84053,55.12194],[-2.83343,55.12172],[-2.8285,55.12443],[-2.82738,55.12718],[-2.83235,55.13251],[-2.8252,55.13798],[-2.81033,55.13668],[-2.78541,55.14218],[-2.7738,55.14937],[-2.74709,55.1585],[-2.74358,55.16046],[-2.73039,55.1678],[-2.70478,55.17304],[-2.68975,55.18906],[-2.67545,55.17565],[-2.68195,55.16625],[-2.67629,55.15588],[-2.66945,55.1487],[-2.66119,55.14508]]],[[[-3.24388,54.09354],[-3.23695,54.0875],[-3.22987,54.08772],[-3.23103,54.08396],[-3.22464,54.08089],[-3.22627,54.07497],[-3.22355,54.06854],[-3.2201,54.06639],[-3.211,54.06506],[-3.20511,54.05232],[-3.19593,54.04916],[-3.1795,54.05462],[-3.17222,54.05478],[-3.17373,54.04735],[-3.19555,54.04459],[-3.21013,54.04813],[-3.24735,54.08241],[-3.26403,54.10263],[-3.26868,54.10829],[-3.27284,54.12434],[-3.27308,54.12584],[-3.27593,54.14332],[-3.27011,54.14847],[-3.25601,54.15248],[-3.25377,54.15137],[-3.2635,54.14793],[-3.26461,54.14479],[-3.25139,54.12584],[-3.25034,54.12434],[-3.24995,54.12082],[-3.25053,54.11584],[-3.2496,54.11368],[-3.24577,54.11053],[-3.24595,54.10726],[-3.24388,54.09354]]],[[[-3.17207,54.06437],[-3.17376,54.06167],[-3.17715,54.0635],[-3.17411,54.06679],[-3.17207,54.06437]]],[[[-3.15104,54.06842],[-3.15095,54.06469],[-3.15458,54.06596],[-3.15575,54.06804],[-3.15104,54.06842]]],[[[-3.17185,54.07342],[-3.1754,54.07282],[-3.17753,54.0754],[-3.17526,54.07694],[-3.17185,54.07342]]],[[[-2.88336,54.19714],[-2.88633,54.19466],[-2.88914,54.19578],[-2.8876,54.19845],[-2.88336,54.19714]]]]},"properties":{"code":"UKD","nom":"North West (England)","country":"GB"}},{"type":"Feature","geometry":{"type":"MultiPolygon","coordinates":[[[[-2.00042,55.78554],[-1.99185,55.76842],[-2.00348,55.76609],[-2.01392,55.77392],[-2.02222,55.77395],[-2.03525,55.77037],[-2.03997,55.76112],[-2.05305,55.75807],[-2.03953,55.75983],[-2.03126,55.76951],[-2.02655,55.7709],[-2.02531,55.76943],[-2.01774,55.77135],[-2.013,55.77083],[-2.00298,55.7619],[-1.99228,55.76067],[-1.98321,55.75106],[-1.98035,55.74986],[-1.97708,55.74712],[-1.97574,55.74615],[-1.97388,55.74565],[-1.9716,55.74182],[-1.96311,55.73834],[-1.96228,55.73663],[-1.95936,55.73272],[-1.92045,55.71246],[-1.91193,55.70544],[-1.88437,55.69431],[-1.87989,55.68511],[-1.87332,55.68211],[-1.87317,55.67495],[-1.86823,55.66868],[-1.86735,55.66756],[-1.85699,55.65626],[-1.8471,55.65194],[-1.83895,55.64233],[-1.83121,55.63882],[-1.8112,55.63405],[-1.80416,55.63546],[-1.79205,55.64531],[-1.78813,55.64566],[-1.77926,55.64017],[-1.76558,55.62709],[-1.76618,55.62185],[-1.77061,55.61835],[-1.78328,55.61647],[-1.76867,55.60496],[-1.76323,55.60534],[-1.75719,55.61183],[-1.74235,55.61813],[-1.72431,55.61695],[-1.71587,55.61239],[-1.69315,55.60651],[-1.66449,55.58638],[-1.64427,55.57984],[-1.64005,55.57782],[-1.64503,55.57466],[-1.64422,55.57079],[-1.62346,55.5518],[-1.63249,55.54982],[-1.63726,55.54137],[-1.62896,55.53022],[-1.61951,55.52624],[-1.61839,55.5228],[-1.61132,55.52102],[-1.61804,55.51421],[-1.61388,55.50892],[-1.61624,55.50312],[-1.61423,55.49862],[-1.60892,55.4951],[-1.60394,55.49382],[-1.59176,55.49069],[-1.59267,55.47385],[-1.58918,55.46268],[-1.59276,55.45703],[-1.58637,55.44811],[-1.59249,55.43964],[-1.58635,55.43433],[-1.57613,55.43083],[-1.58159,55.4177],[-1.57949,55.40819],[-1.59254,55.40282],[-1.59657,55.39517],[-1.60394,55.38975],[-1.60973,55.3855],[-1.60599,55.37396],[-1.60394,55.36875],[-1.60083,55.36083],[-1.58852,55.34533],[-1.58473,55.34049],[-1.59177,55.34108],[-1.59172,55.33848],[-1.58383,55.33568],[-1.57141,55.33655],[-1.54973,55.32152],[-1.55038,55.31158],[-1.55752,55.30732],[-1.5699,55.29152],[-1.57085,55.27555],[-1.56563,55.2626],[-1.55354,55.24674],[-1.52651,55.22731],[-1.52859,55.2229],[-1.52673,55.21712],[-1.51824,55.20702],[-1.51132,55.20004],[-1.50428,55.1977],[-1.50434,55.19117],[-1.50102,55.18604],[-1.51222,55.18323],[-1.51472,55.1745],[-1.5272,55.1614],[-1.51077,55.13677],[-1.51469,55.1369],[-1.52362,55.14138],[-1.55487,55.13404],[-1.53472,55.13508],[-1.52511,55.1363],[-1.51438,55.13378],[-1.5102,55.13157],[-1.50456,55.12944],[-1.49729,55.12446],[-1.49841,55.11273],[-1.49768,55.1082],[-1.4945,55.10247],[-1.48241,55.08973],[-1.47114,55.0849],[-1.46875,55.08052],[-1.46417,55.07907],[-1.46169,55.07439],[-1.45175,55.06934],[-1.45461,55.06298],[-1.45042,55.05371],[-1.44572,55.04833],[-1.4328,55.04105],[-1.43067,55.03717],[-1.42981,55.03057],[-1.41614,55.01824],[-1.41631,55.01578],[-1.42896,55.01324],[-1.43363,55.00921],[-1.44099,55.00703],[-1.44877,54.99338],[-1.4554,54.98915],[-1.50218,54.98876],[-1.51953,54.9877],[-1.53078,54.98408],[-1.53401,54.98108],[-1.53507,54.97759],[-1.53608,54.97106],[-1.53744,54.96452],[-1.54176,54.96267],[-1.54561,54.96206],[-1.55155,54.96012],[-1.55441,54.96017],[-1.56075,54.96319],[-1.5654,54.96465],[-1.57014,54.9655],[-1.57841,54.96543],[-1.58059,54.96614],[-1.58828,54.9707],[-1.60394,54.96857],[-1.58938,54.96918],[-1.57895,54.96385],[-1.57638,54.96338],[-1.572,54.96415],[-1.56818,54.96394],[-1.56278,54.96229],[-1.5585,54.95974],[-1.55595,54.95857],[-1.55245,54.95823],[-1.54777,54.95997],[-1.53936,54.96065],[-1.53582,54.96176],[-1.53428,54.96368],[-1.5341,54.96516],[-1.53164,54.97738],[-1.52809,54.98204],[-1.51871,54.98532],[-1.50634,54.98613],[-1.49297,54.98631],[-1.4813,54.98583],[-1.473,54.98616],[-1.46442,54.98419],[-1.44904,54.98546],[-1.44784,54.98666],[-1.44932,54.98727],[-1.44503,54.99197],[-1.44386,54.99333],[-1.43928,55.00387],[-1.42755,55.00751],[-1.41492,55.0044],[-1.41084,54.99894],[-1.40453,54.99424],[-1.38158,54.98558],[-1.38084,54.98033],[-1.36207,54.97141],[-1.35571,54.96299],[-1.35391,54.95728],[-1.35655,54.95032],[-1.3639,54.94418],[-1.36456,54.9421],[-1.36654,54.93942],[-1.36783,54.93475],[-1.36749,54.93319],[-1.36533,54.93121],[-1.36279,54.91886],[-1.36791,54.91695],[-1.37234,54.91176],[-1.37957,54.9104],[-1.37103,54.9104],[-1.36192,54.91652],[-1.3521,54.90755],[-1.35157,54.9056],[-1.36074,54.89889],[-1.35793,54.88575],[-1.35398,54.88003],[-1.35546,54.87868],[-1.3555,54.87565],[-1.35119,54.86888],[-1.34742,54.86488],[-1.34822,54.86232],[-1.34737,54.86069],[-1.34723,54.85853],[-1.34538,54.85504],[-1.3358,54.84417],[-1.32985,54.83961],[-1.32175,54.83765],[-1.3248,54.8332],[-1.31807,54.82167],[-1.31469,54.81477],[-1.31263,54.81205],[-1.31233,54.80664],[-1.3115,54.8008],[-1.3102,54.79869],[-1.31157,54.79488],[-1.31059,54.79258],[-1.31067,54.79018],[-1.3083,54.78649],[-1.30868,54.78521],[-1.30878,54.78119],[-1.30134,54.77184],[-1.30068,54.76986],[-1.29738,54.76625],[-1.29225,54.76102],[-1.29125,54.76018],[-1.2868,54.75672],[-1.2797,54.75352],[-1.27694,54.75047],[-1.27048,54.74664],[-1.26648,54.74355],[-1.26659,54.74118],[-1.26248,54.73822],[-1.24223,54.72259],[-1.23147,54.71771],[-1.22922,54.71672],[-1.21764,54.7116],[-1.21494,54.71113],[-1.20988,54.70898],[-1.17918,54.69968],[-1.17593,54.69709],[-1.17967,54.69393],[-1.18925,54.69567],[-1.1947,54.6924],[-1.19344,54.68857],[-1.19849,54.68469],[-1.19847,54.67957],[-1.18302,54.65967],[-1.16258,54.64664],[-1.16671,54.64378],[-1.1648,54.63391],[-1.18836,54.6317],[-1.20074,54.62294],[-1.16707,54.62036],[-1.16162,54.62177],[-1.15931,54.61368],[-1.16587,54.60963],[-1.16924,54.60362],[-1.19789,54.58544],[-1.20644,54.58251],[-1.22922,54.58569],[-1.24433,54.59152],[-1.2539,54.5913],[-1.25856,54.58751],[-1.26215,54.57205],[-1.26125,54.5719],[-1.26036,54.57175],[-1.25699,54.5869],[-1.25208,54.59036],[-1.24589,54.59],[-1.23309,54.58499],[-1.22922,54.58408],[-1.21535,54.58084],[-1.2047,54.58024],[-1.19684,54.58174],[-1.16371,54.60211],[-1.15338,54.60178],[-1.15549,54.60655],[-1.15128,54.61622],[-1.15309,54.62637],[-1.13933,54.62961],[-1.13783,54.6384],[-1.12858,54.63571],[-1.11401,54.62805],[-1.08454,54.62044],[-1.07309,54.62139],[-1.05951,54.61811],[-1.05171,54.61591],[-1.04095,54.6083],[-1.03624,54.60609],[-1.03076,54.60362],[-1.02514,54.60108],[-1.01631,54.5983],[-1.00233,54.59364],[-0.98435,54.58937],[-0.96797,54.58591],[-0.9602,54.58508],[-0.94931,54.58677],[-0.94347,54.58885],[-0.94095,54.58914],[-0.93826,54.58881],[-0.92117,54.58505],[-0.89814,54.57199],[-0.87341,54.56983],[-0.85301,54.5717],[-0.83107,54.56619],[-0.82416,54.56216],[-0.80905,54.5589],[-0.79147,54.56057],[-0.79091,54.55948],[-0.80125,54.55182],[-0.81591,54.55185],[-0.82751,54.54797],[-0.83679,54.54221],[-0.84832,54.53008],[-0.85285,54.50287],[-0.84386,54.49127],[-0.84831,54.48828],[-0.85831,54.48819],[-0.87417,54.491],[-0.88007,54.49671],[-0.89413,54.49696],[-0.90376,54.4939],[-0.95057,54.48828],[-0.96611,54.49625],[-0.96774,54.49732],[-0.98119,54.49981],[-1.00332,54.50306],[-1.02372,54.50209],[-1.03677,54.49409],[-1.03862,54.49489],[-1.0428,54.49532],[-1.04453,54.49606],[-1.05108,54.49656],[-1.05766,54.49905],[-1.05994,54.50038],[-1.06472,54.49857],[-1.06785,54.5005],[-1.07812,54.50387],[-1.08717,54.50341],[-1.09444,54.50681],[-1.10611,54.50575],[-1.1117,54.50442],[-1.11219,54.50085],[-1.11425,54.49902],[-1.1183,54.49825],[-1.12273,54.49904],[-1.12658,54.49877],[-1.13078,54.50009],[-1.13933,54.50164],[-1.14612,54.50287],[-1.14989,54.50143],[-1.16424,54.50347],[-1.17439,54.50289],[-1.18317,54.5068],[-1.19548,54.50663],[-1.20729,54.50815],[-1.22014,54.51094],[-1.22922,54.51173],[-1.23479,54.51037],[-1.23482,54.50682],[-1.24203,54.50242],[-1.25556,54.50075],[-1.25391,54.49744],[-1.25823,54.48773],[-1.27505,54.49055],[-1.28952,54.48804],[-1.28744,54.48314],[-1.29935,54.4772],[-1.3129,54.4768],[-1.31876,54.47243],[-1.34394,54.46423],[-1.34654,54.47234],[-1.35596,54.47249],[-1.3639,54.46673],[-1.36705,54.46821],[-1.37432,54.47523],[-1.37445,54.48284],[-1.37121,54.48686],[-1.38094,54.49408],[-1.38343,54.48783],[-1.39368,54.48612],[-1.39752,54.48749],[-1.40037,54.49335],[-1.40686,54.49319],[-1.40967,54.48959],[-1.40871,54.48075],[-1.4135,54.47737],[-1.4317,54.47991],[-1.42769,54.48497],[-1.43478,54.48751],[-1.44278,54.49084],[-1.44651,54.49443],[-1.45094,54.49678],[-1.45484,54.50044],[-1.4565,54.50281],[-1.45851,54.50392],[-1.46235,54.50421],[-1.46735,54.50253],[-1.47419,54.50098],[-1.47519,54.49991],[-1.47556,54.49811],[-1.4732,54.49608],[-1.4636,54.49652],[-1.46114,54.49588],[-1.45939,54.49458],[-1.45847,54.49284],[-1.45841,54.49125],[-1.46125,54.48762],[-1.46183,54.48595],[-1.46134,54.48471],[-1.45758,54.48148],[-1.46137,54.47841],[-1.4638,54.47355],[-1.46019,54.47131],[-1.45943,54.46884],[-1.4544,54.46715],[-1.45341,54.46602],[-1.45527,54.46487],[-1.46197,54.4629],[-1.46279,54.46139],[-1.46097,54.45874],[-1.45738,54.4571],[-1.45545,54.45553],[-1.45481,54.45379],[-1.45615,54.45245],[-1.46053,54.45116],[-1.4631,54.45138],[-1.47106,54.45472],[-1.47199,54.45565],[-1.46881,54.46297],[-1.47557,54.4729],[-1.47962,54.47451],[-1.48864,54.47375],[-1.49767,54.4763],[-1.49305,54.48518],[-1.50238,54.48337],[-1.51069,54.4772],[-1.51534,54.48349],[-1.52806,54.48417],[-1.53,54.47723],[-1.52146,54.47197],[-1.53375,54.46973],[-1.54752,54.47274],[-1.55649,54.48484],[-1.57413,54.49115],[-1.58182,54.49766],[-1.58069,54.50397],[-1.58832,54.50507],[-1.58429,54.50802],[-1.57958,54.51162],[-1.58486,54.5128],[-1.60216,54.51117],[-1.60149,54.51758],[-1.60394,54.51831],[-1.60946,54.51996],[-1.61204,54.52005],[-1.61423,54.5196],[-1.61866,54.51651],[-1.62869,54.51401],[-1.63733,54.51577],[-1.63883,54.5173],[-1.63251,54.52009],[-1.63348,54.5246],[-1.65358,54.52486],[-1.6563,54.52676],[-1.6557,54.53267],[-1.65915,54.53473],[-1.67087,54.53548],[-1.68216,54.53372],[-1.69687,54.53606],[-1.69856,54.53615],[-1.72063,54.54199],[-1.723,54.54127],[-1.72718,54.53139],[-1.73401,54.52815],[-1.75008,54.5298],[-1.75978,54.529],[-1.76912,54.53246],[-1.77823,54.532],[-1.78095,54.52762],[-1.77674,54.52395],[-1.77641,54.50785],[-1.78338,54.50545],[-1.79301,54.48519],[-1.82139,54.49506],[-1.82742,54.50211],[-1.83953,54.50798],[-1.84693,54.50425],[-1.85752,54.50288],[-1.85954,54.48239],[-1.86764,54.48181],[-1.87611,54.47863],[-1.89438,54.4668],[-1.92727,54.45704],[-1.93494,54.45678],[-1.94249,54.45345],[-1.94685,54.45428],[-1.94914,54.45426],[-1.95151,54.45347],[-1.95528,54.45387],[-1.96047,54.45218],[-1.96228,54.45207],[-1.96944,54.45203],[-1.97597,54.45931],[-1.98507,54.46041],[-1.99845,54.46738],[-2.01489,54.47155],[-2.04326,54.4752],[-2.0432,54.48364],[-2.06014,54.4805],[-2.08436,54.46909],[-2.11281,54.46425],[-2.11655,54.46232],[-2.12296,54.46158],[-2.12652,54.46215],[-2.136,54.46151],[-2.13884,54.46171],[-2.14144,54.46098],[-2.15007,54.46002],[-2.15533,54.45707],[-2.15918,54.45557],[-2.15988,54.45654],[-2.16467,54.45655],[-2.16728,54.45776],[-2.17017,54.45826],[-2.16165,54.46479],[-2.15939,54.47118],[-2.16618,54.48977],[-2.16283,54.50484],[-2.16837,54.51869],[-2.17404,54.52248],[-2.17289,54.53224],[-2.18226,54.5355],[-2.19801,54.53346],[-2.20945,54.54343],[-2.21095,54.55221],[-2.24607,54.56536],[-2.26156,54.57404],[-2.27173,54.58254],[-2.30446,54.5963],[-2.30642,54.60362],[-2.30862,54.61181],[-2.32218,54.62829],[-2.32496,54.63166],[-2.32218,54.63304],[-2.28888,54.65106],[-2.29394,54.66413],[-2.30152,54.66645],[-2.30527,54.66987],[-2.32218,54.66918],[-2.35049,54.68513],[-2.35547,54.6972],[-2.34405,54.70249],[-2.34118,54.71595],[-2.32576,54.72666],[-2.32981,54.72837],[-2.33182,54.73254],[-2.32694,54.73857],[-2.32687,54.74669],[-2.32218,54.75338],[-2.32082,54.75513],[-2.32218,54.75808],[-2.32307,54.76048],[-2.32218,54.76444],[-2.31105,54.77184],[-2.3093,54.773],[-2.3138,54.78194],[-2.31204,54.79108],[-2.31476,54.79264],[-2.3184,54.79325],[-2.32218,54.79468],[-2.32788,54.80479],[-2.34724,54.80714],[-2.35704,54.81335],[-2.3691,54.821],[-2.37418,54.82784],[-2.39267,54.83457],[-2.40167,54.85115],[-2.41126,54.85584],[-2.42298,54.84299],[-2.45263,54.83224],[-2.46142,54.83324],[-2.48125,54.81761],[-2.49516,54.81081],[-2.52877,54.80612],[-2.53477,54.80734],[-2.54323,54.81219],[-2.5574,54.81653],[-2.56787,54.82402],[-2.58263,54.84593],[-2.58174,54.84796],[-2.57477,54.85264],[-2.57331,54.85361],[-2.57477,54.85559],[-2.58116,54.8643],[-2.58856,54.8696],[-2.59021,54.87385],[-2.59313,54.87534],[-2.60539,54.88445],[-2.57738,54.89672],[-2.56843,54.90832],[-2.56573,54.91808],[-2.55887,54.92137],[-2.5574,54.92449],[-2.54614,54.92805],[-2.54644,54.92999],[-2.5574,54.93374],[-2.56044,54.93478],[-2.56797,54.94195],[-2.57094,54.94853],[-2.56838,54.95836],[-2.57477,54.95969],[-2.59522,54.96395],[-2.60087,54.97158],[-2.59956,54.97346],[-2.59219,54.97457],[-2.5869,54.98142],[-2.57982,54.983],[-2.57477,54.98657],[-2.5687,55.00077],[-2.5729,55.00533],[-2.57037,55.01685],[-2.56405,55.01989],[-2.5574,55.02094],[-2.55152,55.02187],[-2.53971,55.02806],[-2.52963,55.02978],[-2.52435,55.03256],[-2.51201,55.03499],[-2.50645,55.03433],[-2.50322,55.03658],[-2.49229,55.03775],[-2.48403,55.04066],[-2.48427,55.0441],[-2.49234,55.05036],[-2.49261,55.05374],[-2.50052,55.05734],[-2.50216,55.06191],[-2.49354,55.06833],[-2.49873,55.07703],[-2.49439,55.08098],[-2.4863,55.08312],[-2.50332,55.09044],[-2.51567,55.08887],[-2.51897,55.08537],[-2.52865,55.08527],[-2.53383,55.08301],[-2.54307,55.08406],[-2.55144,55.08151],[-2.5574,55.083],[-2.56128,55.08397],[-2.56173,55.09024],[-2.56979,55.0966],[-2.57477,55.09657],[-2.5772,55.09656],[-2.58328,55.0991],[-2.58278,55.10086],[-2.5927,55.1055],[-2.59398,55.11269],[-2.59948,55.11633],[-2.60231,55.1248],[-2.6208,55.12901],[-2.63218,55.12806],[-2.64542,55.13106],[-2.65577,55.13616],[-2.66119,55.14508],[-2.66945,55.1487],[-2.67629,55.15588],[-2.68195,55.16625],[-2.67545,55.17565],[-2.68975,55.18906],[-2.68472,55.1948],[-2.68247,55.19737],[-2.68194,55.20364],[-2.66828,55.21955],[-2.64802,55.22027],[-2.64542,55.22091],[-2.63403,55.2237],[-2.63499,55.23056],[-2.63006,55.24352],[-2.61689,55.24745],[-2.62851,55.25135],[-2.64418,55.25997],[-2.62818,55.26278],[-2.62618,55.26878],[-2.60894,55.2831],[-2.57734,55.29532],[-2.57477,55.29739],[-2.56813,55.30275],[-2.5663,55.3034],[-2.5649,55.3058],[-2.56413,55.30711],[-2.56011,55.3088],[-2.55959,55.30996],[-2.5574,55.31145],[-2.5574,55.31354],[-2.55914,55.31522],[-2.55896,55.31794],[-2.5574,55.31756],[-2.55038,55.31587],[-2.54868,55.31733],[-2.54426,55.31834],[-2.54306,55.31968],[-2.53072,55.32279],[-2.52506,55.32189],[-2.51993,55.32327],[-2.51765,55.32474],[-2.51367,55.32971],[-2.50921,55.33173],[-2.50684,55.33404],[-2.50214,55.3371],[-2.50221,55.3403],[-2.49876,55.34219],[-2.49613,55.3466],[-2.48847,55.35192],[-2.47702,55.35444],[-2.46261,55.35326],[-2.44233,55.35933],[-2.43002,55.35694],[-2.41592,55.35895],[-2.40241,55.35434],[-2.39859,55.34846],[-2.39077,55.34782],[-2.38001,55.34933],[-2.37219,55.35518],[-2.35704,55.36049],[-2.33743,55.36736],[-2.34517,55.37309],[-2.33111,55.38138],[-2.33522,55.38484],[-2.3358,55.39247],[-2.34469,55.39952],[-2.33376,55.40304],[-2.33324,55.40931],[-2.32218,55.40786],[-2.31373,55.40739],[-2.3111,55.41014],[-2.29622,55.41531],[-2.29294,55.42075],[-2.27421,55.42646],[-2.26976,55.42958],[-2.26269,55.4292],[-2.25969,55.4326],[-2.24179,55.432],[-2.23148,55.42916],[-2.20684,55.43734],[-2.19456,55.44539],[-2.18821,55.46192],[-2.16547,55.46847],[-2.17525,55.47233],[-2.20282,55.47772],[-2.2054,55.48178],[-2.20462,55.49102],[-2.2126,55.49973],[-2.22769,55.50956],[-2.22507,55.52322],[-2.23289,55.53149],[-2.23574,55.54907],[-2.2417,55.55562],[-2.24913,55.55815],[-2.27618,55.57534],[-2.28829,55.5806],[-2.29145,55.58595],[-2.28724,55.59609],[-2.28818,55.60038],[-2.29541,55.6081],[-2.30763,55.61194],[-2.31364,55.61845],[-2.30949,55.62763],[-2.32657,55.62766],[-2.33386,55.63149],[-2.3349,55.63455],[-2.32742,55.63684],[-2.32405,55.64283],[-2.30458,55.6471],[-2.27905,55.64293],[-2.25619,55.64447],[-2.24469,55.63983],[-2.23462,55.64136],[-2.23358,55.64585],[-2.2436,55.64849],[-2.24706,55.65233],[-2.22965,55.66231],[-2.21894,55.66447],[-2.21855,55.66868],[-2.21786,55.67617],[-2.20967,55.68049],[-2.20624,55.68562],[-2.19782,55.689],[-2.18355,55.70157],[-2.16783,55.70626],[-2.17655,55.71827],[-2.16835,55.72225],[-2.15086,55.72344],[-2.14805,55.72736],[-2.14931,55.73494],[-2.146,55.73845],[-2.13802,55.74033],[-2.12507,55.73768],[-2.11906,55.7385],[-2.11584,55.74708],[-2.10679,55.7495],[-2.10903,55.75718],[-2.10727,55.75984],[-2.10026,55.76208],[-2.08609,55.76224],[-2.08558,55.76213],[-2.0867,55.79205],[-2.07614,55.79488],[-2.06275,55.80235],[-2.04982,55.80375],[-2.03433,55.81116],[-2.03013,55.80438],[-2.02424,55.80183],[-2.01344,55.79219],[-2.00042,55.78554]]],[[[-1.80106,55.68941],[-1.79732,55.68731],[-1.79232,55.68864],[-1.79183,55.68609],[-1.78864,55.68498],[-1.78438,55.68472],[-1.77972,55.68609],[-1.779,55.68411],[-1.77977,55.68034],[-1.78179,55.67671],[-1.77915,55.66893],[-1.7884,55.66869],[-1.79333,55.6707],[-1.7963,55.66868],[-1.80294,55.66868],[-1.80671,55.67178],[-1.80688,55.6735],[-1.80495,55.67541],[-1.80546,55.67764],[-1.80874,55.68008],[-1.81552,55.6825],[-1.83093,55.68352],[-1.83466,55.68253],[-1.8401,55.67921],[-1.84218,55.6788],[-1.84828,55.68015],[-1.85219,55.68174],[-1.85487,55.68575],[-1.85362,55.68766],[-1.84871,55.68831],[-1.84232,55.68727],[-1.84046,55.68757],[-1.83449,55.68578],[-1.8276,55.68487],[-1.82001,55.68469],[-1.81327,55.68515],[-1.80772,55.68762],[-1.80106,55.68941]]],[[[-1.78441,55.64896],[-1.7869,55.64691],[-1.79061,55.64777],[-1.78957,55.65157],[-1.79162,55.65671],[-1.79422,55.65795],[-1.79255,55.6586],[-1.78769,55.65674],[-1.78441,55.64896]]],[[[-1.60439,55.64264],[-1.60469,55.64027],[-1.6065,55.64048],[-1.61308,55.64454],[-1.61328,55.64602],[-1.61069,55.64679],[-1.60439,55.64264]]],[[[-1.62127,55.6334],[-1.62377,55.62918],[-1.62528,55.62937],[-1.62678,55.63428],[-1.62566,55.63485],[-1.62127,55.6334]]],[[[-1.16446,54.62833],[-1.16735,54.62598],[-1.1712,54.62726],[-1.16843,54.62946],[-1.16446,54.62833]]],[[[-1.62577,55.63802],[-1.62624,55.63643],[-1.62916,55.63699],[-1.63109,55.63899],[-1.63076,55.64072],[-1.62782,55.64008],[-1.62815,55.63825],[-1.62577,55.63802]]],[[[-1.49957,55.13048],[-1.5013,55.1293],[-1.50714,55.13312],[-1.50526,55.13373],[-1.49957,55.13048]]],[[[-1.53663,55.33615],[-1.53761,55.33281],[-1.54067,55.3336],[-1.53983,55.33709],[-1.53663,55.33615]]],[[[-1.6515,55.61597],[-1.65528,55.61485],[-1.6592,55.61734],[-1.65576,55.61789],[-1.6515,55.61597]]],[[[-1.62084,55.63862],[-1.62412,55.6386],[-1.62351,55.63962],[-1.61816,55.64146],[-1.6164,55.6399],[-1.62084,55.63862]]],[[[-1.13675,54.64522],[-1.1376,54.64217],[-1.13933,54.64228],[-1.14078,54.64301],[-1.13933,54.64627],[-1.13675,54.64522]]]]},"properties":{"code":"UKC","nom":"North East (England)","country":"GB"}},{"type":"Feature","geometry":{"type":"MultiPolygon","coordinates":[[[[0.73886,52.98174],[0.74535,52.979],[0.73929,52.97558],[0.74874,52.97292],[0.75145,52.96918],[0.75613,52.97079],[0.75612,52.97704],[0.77131,52.97829],[0.78187,52.97716],[0.79784,52.97641],[0.81277,52.9725],[0.81579,52.97393],[0.81341,52.97581],[0.81563,52.97722],[0.83304,52.97752],[0.8371,52.97962],[0.85017,52.97281],[0.85259,52.9617],[0.86072,52.96591],[0.85716,52.96933],[0.87076,52.97876],[0.87798,52.9767],[0.8839,52.96996],[0.89459,52.96916],[0.90631,52.96334],[0.92054,52.96494],[0.93616,52.9627],[0.95088,52.96353],[0.96378,52.96073],[0.97006,52.96338],[0.9827,52.96339],[0.98472,52.95914],[0.99089,52.95772],[0.99391,52.95886],[0.98919,52.96365],[1.01447,52.96255],[1.02307,52.9655],[1.02558,52.9645],[1.04003,52.96803],[1.12889,52.95092],[1.16011,52.9482],[1.16512,52.94776],[1.18085,52.94668],[1.18467,52.94641],[1.18651,52.94638],[1.20686,52.94604],[1.22231,52.94466],[1.22993,52.94353],[1.24204,52.94243],[1.25127,52.94179],[1.25439,52.94097],[1.26931,52.93896],[1.28343,52.93578],[1.29556,52.93396],[1.3011,52.93277],[1.30251,52.93183],[1.30652,52.93092],[1.31579,52.92797],[1.32164,52.9259],[1.34328,52.92004],[1.35045,52.91629],[1.35241,52.91474],[1.39659,52.89736],[1.40658,52.89387],[1.41398,52.8907],[1.43323,52.8815],[1.44067,52.87734],[1.44656,52.87265],[1.4656,52.86123],[1.46709,52.86034],[1.49602,52.84531],[1.4974,52.84459],[1.51194,52.83821],[1.51827,52.83543],[1.52782,52.83004],[1.54115,52.82252],[1.56348,52.81115],[1.60491,52.78953],[1.61505,52.78424],[1.61777,52.78267],[1.64118,52.76816],[1.67548,52.74269],[1.68427,52.735],[1.69945,52.71919],[1.70808,52.69895],[1.7148,52.68789],[1.7173,52.68278],[1.72291,52.67418],[1.72672,52.66895],[1.72845,52.6634],[1.73008,52.65852],[1.73198,52.65471],[1.73703,52.64754],[1.7417,52.63438],[1.74396,52.62939],[1.7443,52.6263],[1.74353,52.62317],[1.74106,52.61808],[1.73959,52.60839],[1.73838,52.57253],[1.73213,52.56935],[1.73279,52.55689],[1.7344,52.54891],[1.73579,52.54391],[1.73902,52.53498],[1.74054,52.5321],[1.74901,52.51663],[1.75098,52.51025],[1.75772,52.49717],[1.75775,52.49579],[1.7604,52.48997],[1.76258,52.48141],[1.75643,52.47173],[1.7504,52.47009],[1.74146,52.45919],[1.73527,52.4495],[1.73351,52.44482],[1.73089,52.43256],[1.72904,52.42389],[1.72924,52.42133],[1.73135,52.41846],[1.73236,52.41353],[1.72857,52.40017],[1.7249,52.39324],[1.71617,52.38224],[1.71207,52.37708],[1.70495,52.3663],[1.70113,52.36207],[1.69717,52.35602],[1.69206,52.34908],[1.68649,52.33275],[1.67756,52.31796],[1.6756,52.3134],[1.6735,52.31411],[1.66727,52.31165],[1.6608,52.30781],[1.65186,52.30125],[1.64278,52.29212],[1.63736,52.28462],[1.63419,52.27866],[1.63046,52.26845],[1.62989,52.2641],[1.62941,52.2459],[1.62525,52.22455],[1.62463,52.22083],[1.62392,52.21498],[1.62315,52.20405],[1.621,52.18467],[1.61867,52.18127],[1.61505,52.17598],[1.61128,52.17048],[1.60491,52.15651],[1.5992,52.144],[1.5829,52.14283],[1.57651,52.14434],[1.57334,52.14789],[1.57884,52.15249],[1.57773,52.1561],[1.57027,52.1595],[1.55708,52.15954],[1.55292,52.16486],[1.53581,52.16459],[1.51407,52.1565],[1.51194,52.15845],[1.50873,52.15985],[1.51162,52.1553],[1.51617,52.15346],[1.53355,52.15495],[1.56477,52.15229],[1.57601,52.14448],[1.58737,52.13931],[1.5826,52.12406],[1.56874,52.11069],[1.56421,52.09968],[1.56667,52.10026],[1.57524,52.11267],[1.58462,52.12046],[1.5888,52.12228],[1.59082,52.11968],[1.58419,52.09622],[1.57517,52.08595],[1.50981,52.06515],[1.50642,52.06617],[1.50695,52.0702],[1.50052,52.07139],[1.49602,52.06593],[1.49481,52.06445],[1.4656,52.04952],[1.46122,52.04672],[1.45522,52.03396],[1.44422,52.02566],[1.43194,52.00562],[1.41093,51.99316],[1.39498,51.98779],[1.39402,51.99406],[1.38916,51.99907],[1.3652,52.00892],[1.36576,52.0159],[1.36297,52.02235],[1.35869,52.02601],[1.34517,52.03141],[1.34539,52.03373],[1.35146,52.03809],[1.3516,52.04444],[1.34194,52.05334],[1.34441,52.05704],[1.34327,52.0637],[1.33074,52.06881],[1.3273,52.07441],[1.31962,52.08033],[1.32008,52.08734],[1.32607,52.08941],[1.33114,52.09387],[1.33592,52.10175],[1.33201,52.10096],[1.32586,52.09556],[1.32371,52.0904],[1.31727,52.08821],[1.31294,52.07823],[1.29509,52.0773],[1.31703,52.07563],[1.32318,52.06985],[1.3253,52.06377],[1.33285,52.05887],[1.33373,52.05051],[1.34723,52.0416],[1.34036,52.03368],[1.34178,52.02849],[1.3578,52.02051],[1.35917,52.00976],[1.36266,52.00558],[1.3819,51.99725],[1.39103,51.98849],[1.38903,51.98029],[1.36955,51.96468],[1.36287,51.96245],[1.3445,51.95557],[1.32238,51.93813],[1.31696,51.94859],[1.3144,51.95182],[1.29611,51.96012],[1.2928,51.96444],[1.28516,51.96733],[1.28285,51.97018],[1.28098,51.97923],[1.28299,51.98904],[1.27987,51.99231],[1.2658,51.99562],[1.25777,52.00012],[1.25555,51.99706],[1.23794,52.00304],[1.23007,52.00634],[1.22691,52.00656],[1.21945,52.00587],[1.21573,52.00653],[1.2105,52.01143],[1.20025,52.01478],[1.19763,52.01538],[1.18948,52.01481],[1.18703,52.01551],[1.18502,52.0168],[1.18252,52.01953],[1.18085,52.02044],[1.17886,52.02151],[1.1699,52.02957],[1.16011,52.03261],[1.15843,52.03618],[1.16011,52.03998],[1.16105,52.04184],[1.16289,52.04464],[1.16066,52.04617],[1.1501,52.034],[1.16011,52.0275],[1.16698,52.01825],[1.1836,52.00826],[1.20243,52.00497],[1.21213,51.99694],[1.22903,51.99621],[1.26602,51.98788],[1.26966,51.98488],[1.27128,51.97255],[1.27839,51.96061],[1.27459,51.95609],[1.2689,51.95495],[1.24682,51.96068],[1.23728,51.95977],[1.21944,51.95335],[1.21016,51.95595],[1.18796,51.9559],[1.17778,51.96443],[1.1635,51.96735],[1.16011,51.9661],[1.15542,51.96436],[1.13896,51.96048],[1.12957,51.95405],[1.1181,51.956],[1.10112,51.95386],[1.08675,51.95857],[1.0735,51.95533],[1.06486,51.94899],[1.05638,51.95149],[1.05635,51.95029],[1.06,51.94861],[1.06439,51.94611],[1.07607,51.94682],[1.08156,51.94484],[1.09817,51.94376],[1.11878,51.94038],[1.13574,51.94067],[1.15154,51.94589],[1.16011,51.94681],[1.16846,51.94771],[1.18109,51.94171],[1.19253,51.94069],[1.20569,51.94249],[1.21376,51.94115],[1.21932,51.9441],[1.21978,51.94069],[1.22533,51.93971],[1.23199,51.94061],[1.23312,51.94422],[1.2437,51.94788],[1.25853,51.94764],[1.26297,51.94568],[1.27453,51.93994],[1.2806,51.94043],[1.28229,51.94539],[1.28959,51.94909],[1.29048,51.93902],[1.28539,51.93691],[1.28135,51.93484],[1.27622,51.93066],[1.27306,51.92809],[1.26975,51.92384],[1.26189,51.91791],[1.26111,51.91687],[1.25907,51.91634],[1.25419,51.9041],[1.24776,51.89732],[1.24289,51.89605],[1.24603,51.89054],[1.24073,51.88693],[1.23188,51.88796],[1.23161,51.89397],[1.2273,51.89588],[1.22205,51.89684],[1.22842,51.89268],[1.22704,51.88572],[1.20238,51.87775],[1.19479,51.87286],[1.20644,51.87208],[1.22146,51.87789],[1.22314,51.87346],[1.22912,51.86891],[1.22817,51.85891],[1.23293,51.85849],[1.23692,51.86112],[1.24401,51.85984],[1.24878,51.86161],[1.25266,51.85961],[1.25328,51.86285],[1.25953,51.86401],[1.2659,51.86424],[1.26942,51.86637],[1.26913,51.8814],[1.28965,51.87253],[1.2905,51.86828],[1.28643,51.85983],[1.26071,51.8386],[1.25824,51.83615],[1.2531,51.83281],[1.23887,51.8212],[1.23195,51.81716],[1.22823,51.81515],[1.1961,51.80115],[1.18085,51.79645],[1.1789,51.79584],[1.16141,51.78963],[1.15021,51.78477],[1.13348,51.77754],[1.12444,51.77542],[1.09451,51.77192],[1.05373,51.76961],[1.0422,51.77049],[1.0339,51.77757],[1.03151,51.78324],[1.03729,51.78967],[1.03026,51.79559],[1.01888,51.80028],[1.02103,51.80255],[1.03339,51.801],[1.05025,51.80537],[1.06322,51.81171],[1.06528,51.81515],[1.06397,51.81905],[1.06305,51.81842],[1.06325,51.81515],[1.05994,51.81175],[1.0435,51.80657],[1.01253,51.80543],[0.99561,51.81515],[0.98412,51.82894],[0.98562,51.83533],[0.99199,51.83767],[0.98494,51.83961],[0.98031,51.84692],[0.97161,51.84999],[0.96625,51.85176],[0.96074,51.85317],[0.97466,51.84223],[0.97751,51.82393],[0.96821,51.81931],[0.97042,51.81515],[0.97193,51.8123],[0.95981,51.81048],[0.95548,51.80808],[0.99148,51.80255],[0.99868,51.79947],[0.99905,51.79595],[0.97689,51.78425],[0.95134,51.77698],[0.93334,51.77427],[0.9202,51.77446],[0.91304,51.77456],[0.90722,51.7762],[0.90418,51.77812],[0.90431,51.78355],[0.90966,51.79223],[0.8953,51.78983],[0.89157,51.77393],[0.88658,51.77659],[0.88747,51.7796],[0.88432,51.78122],[0.88115,51.78286],[0.87605,51.78448],[0.87131,51.78325],[0.86265,51.78489],[0.85992,51.78597],[0.85737,51.78596],[0.85473,51.78535],[0.85037,51.78518],[0.84794,51.78376],[0.8447,51.78303],[0.84456,51.78138],[0.85863,51.78275],[0.87086,51.7799],[0.88421,51.77434],[0.89155,51.76727],[0.88221,51.7653],[0.86568,51.76851],[0.85435,51.77287],[0.85375,51.76629],[0.87655,51.75591],[0.85232,51.7426],[0.83492,51.73872],[0.81398,51.73892],[0.79371,51.74362],[0.78993,51.73792],[0.78143,51.73859],[0.77455,51.74204],[0.77042,51.73967],[0.764,51.73985],[0.75013,51.73524],[0.74611,51.73195],[0.7376,51.73274],[0.73466,51.72998],[0.72211,51.73584],[0.71377,51.73638],[0.71354,51.73273],[0.706,51.72451],[0.70157,51.72763],[0.68804,51.73171],[0.68872,51.72855],[0.69663,51.72638],[0.69835,51.7228],[0.71307,51.71509],[0.71796,51.71577],[0.76292,51.70793],[0.762,51.70522],[0.75329,51.70068],[0.75404,51.69613],[0.74853,51.69397],[0.74743,51.68998],[0.75139,51.68883],[0.7563,51.69174],[0.76286,51.69988],[0.77209,51.70049],[0.77685,51.70463],[0.79102,51.709],[0.79754,51.71777],[0.8192,51.71999],[0.83497,51.71592],[0.84842,51.71587],[0.87215,51.72445],[0.88432,51.73621],[0.88795,51.73713],[0.89329,51.74219],[0.90507,51.7457],[0.9202,51.7466],[0.92843,51.74708],[0.93351,51.74407],[0.94554,51.73692],[0.94985,51.72227],[0.94093,51.69977],[0.94893,51.68281],[0.93754,51.65188],[0.93559,51.6503],[0.93511,51.64639],[0.93735,51.64038],[0.93718,51.63621],[0.93351,51.63369],[0.92688,51.62913],[0.9202,51.62713],[0.90591,51.62286],[0.88432,51.6229],[0.87131,51.62293],[0.85905,51.62139],[0.83846,51.62332],[0.83497,51.62324],[0.8251,51.62302],[0.80688,51.62627],[0.79517,51.62549],[0.77649,51.63602],[0.76311,51.64072],[0.74246,51.63483],[0.71802,51.63803],[0.71424,51.64079],[0.7111,51.63992],[0.70621,51.63671],[0.69622,51.6386],[0.67333,51.6366],[0.634,51.63936],[0.64547,51.63598],[0.64093,51.6336],[0.62271,51.63298],[0.60731,51.63001],[0.59666,51.63183],[0.59077,51.63065],[0.6051,51.62893],[0.62849,51.63156],[0.64435,51.63004],[0.64935,51.63493],[0.65578,51.63506],[0.71131,51.63365],[0.72187,51.63459],[0.74368,51.63156],[0.76584,51.63507],[0.78905,51.62369],[0.83497,51.6182],[0.8572,51.61555],[0.86516,51.61215],[0.86561,51.60145],[0.86076,51.59688],[0.83497,51.59829],[0.82584,51.59879],[0.81687,51.60144],[0.81508,51.5962],[0.79864,51.58772],[0.76395,51.58387],[0.75347,51.58066],[0.72544,51.57925],[0.72807,51.57708],[0.73373,51.57682],[0.76865,51.58012],[0.78632,51.58449],[0.80494,51.58491],[0.80583,51.5809],[0.79598,51.57666],[0.79533,51.57364],[0.80367,51.57776],[0.8058,51.57881],[0.81259,51.58859],[0.82302,51.59397],[0.83352,51.59293],[0.83497,51.59105],[0.83764,51.58756],[0.84247,51.59198],[0.86471,51.59569],[0.86967,51.60017],[0.87494,51.61215],[0.88078,51.61436],[0.90527,51.6148],[0.9202,51.61674],[0.93351,51.61848],[0.94389,51.61983],[0.95494,51.61832],[0.95317,51.61215],[0.93501,51.59703],[0.93351,51.59611],[0.9202,51.58799],[0.91154,51.5827],[0.90159,51.57776],[0.88432,51.56918],[0.86308,51.55861],[0.85139,51.55684],[0.84494,51.5501],[0.83497,51.54615],[0.82124,51.54071],[0.78888,51.52275],[0.78281,51.52159],[0.7766,51.52272],[0.76832,51.52547],[0.75959,51.52785],[0.75174,51.52941],[0.74525,51.53008],[0.73569,51.52967],[0.73162,51.53015],[0.72057,51.5326],[0.71755,51.53201],[0.7141,51.53229],[0.71265,51.53302],[0.70141,51.53328],[0.692,51.53504],[0.68796,51.53538],[0.68055,51.53581],[0.67078,51.53815],[0.65233,51.53912],[0.6487,51.54041],[0.64408,51.54107],[0.64025,51.54007],[0.64012,51.53787],[0.64377,51.53695],[0.63987,51.53343],[0.63552,51.53152],[0.63169,51.53118],[0.62679,51.53217],[0.58768,51.53876],[0.56631,51.54113],[0.57334,51.53926],[0.59918,51.53572],[0.60578,51.53046],[0.62279,51.52895],[0.6313,51.52402],[0.63513,51.52211],[0.62349,51.51608],[0.60337,51.51279],[0.59118,51.51119],[0.58618,51.51276],[0.58152,51.50967],[0.57213,51.50808],[0.55396,51.51044],[0.54264,51.51959],[0.52689,51.51938],[0.5178,51.53008],[0.5137,51.53118],[0.51007,51.53008],[0.51468,51.52858],[0.51816,51.52596],[0.51915,51.5198],[0.52201,51.51659],[0.54004,51.51302],[0.53376,51.50942],[0.52429,51.50819],[0.5194,51.50928],[0.50709,51.50549],[0.49479,51.50654],[0.47072,51.50431],[0.45763,51.50524],[0.44549,51.5002],[0.44086,51.49165],[0.43371,51.4616],[0.41878,51.4566],[0.39844,51.45365],[0.37421,51.45181],[0.34262,51.45224],[0.33513,51.45747],[0.33465,51.46259],[0.32815,51.46937],[0.31725,51.47356],[0.30522,51.47379],[0.29293,51.47007],[0.28034,51.46213],[0.24673,51.47307],[0.2441,51.47479],[0.23095,51.48338],[0.22797,51.48532],[0.22611,51.48559],[0.21561,51.48962],[0.21051,51.49004],[0.21496,51.4961],[0.22894,51.49931],[0.22758,51.50625],[0.23095,51.50673],[0.241,51.50816],[0.23808,51.51865],[0.24366,51.51909],[0.2429,51.52439],[0.25011,51.52738],[0.25431,51.51918],[0.26235,51.51793],[0.26688,51.53225],[0.29536,51.53515],[0.30091,51.53862],[0.32249,51.54052],[0.33243,51.54064],[0.33362,51.54258],[0.32677,51.55167],[0.31567,51.55822],[0.31308,51.56581],[0.29025,51.56449],[0.28117,51.57934],[0.27097,51.59028],[0.26938,51.59527],[0.27038,51.59731],[0.26992,51.59957],[0.26092,51.60039],[0.25511,51.60243],[0.2633,51.60919],[0.25927,51.61215],[0.25318,51.61711],[0.2441,51.62169],[0.23095,51.6283],[0.22413,51.63173],[0.22212,51.63012],[0.21759,51.62909],[0.21229,51.62698],[0.20851,51.62668],[0.20366,51.62517],[0.20035,51.62493],[0.19703,51.62556],[0.18337,51.62545],[0.1791,51.62432],[0.16998,51.62191],[0.165,51.62231],[0.16284,51.62279],[0.15111,51.62324],[0.13823,51.62354],[0.12923,51.62144],[0.12153,51.61637],[0.10561,51.61301],[0.10073,51.61305],[0.09811,51.61542],[0.09324,51.61325],[0.09378,51.60983],[0.08814,51.60499],[0.08001,51.60657],[0.07201,51.60507],[0.06304,51.60691],[0.06259,51.60707],[0.05264,51.61215],[0.04981,51.61359],[0.05375,51.61828],[0.04375,51.61694],[0.04084,51.61574],[0.03282,51.62224],[0.03056,51.62329],[0.02912,51.62511],[0.02687,51.62591],[0.02186,51.62883],[0.02526,51.63525],[0.0252,51.63729],[0.0217,51.64068],[0.00284,51.64177],[-0.01222,51.64623],[-0.0118,51.64885],[-0.01174,51.65303],[-0.0089,51.66022],[-0.00979,51.66177],[-0.01145,51.66384],[-0.01052,51.66917],[-0.01137,51.67125],[-0.01029,51.67666],[-0.01188,51.68088],[-0.01973,51.68115],[-0.02834,51.68233],[-0.03335,51.68249],[-0.04242,51.68295],[-0.0442,51.68343],[-0.04712,51.68345],[-0.04889,51.68405],[-0.05656,51.68299],[-0.06198,51.68301],[-0.06715,51.68413],[-0.0778,51.68843],[-0.08478,51.69009],[-0.09474,51.69011],[-0.10578,51.69188],[-0.14978,51.68573],[-0.16345,51.68811],[-0.16346,51.68592],[-0.1702,51.67544],[-0.17635,51.67264],[-0.18205,51.6686],[-0.19239,51.66449],[-0.19983,51.67017],[-0.21,51.66655],[-0.21057,51.662],[-0.22578,51.65784],[-0.23017,51.65939],[-0.24931,51.65606],[-0.25152,51.64795],[-0.25401,51.64418],[-0.25538,51.64334],[-0.25845,51.64216],[-0.26321,51.64436],[-0.26763,51.6436],[-0.2682,51.64233],[-0.27303,51.64124],[-0.27297,51.64109],[-0.27514,51.63921],[-0.28797,51.63667],[-0.30442,51.63635],[-0.31664,51.64053],[-0.33242,51.63382],[-0.33825,51.62947],[-0.33985,51.63072],[-0.34919,51.62691],[-0.35964,51.62526],[-0.36256,51.62353],[-0.3655,51.62133],[-0.36814,51.62065],[-0.37535,51.6183],[-0.37847,51.61778],[-0.38196,51.61743],[-0.38454,51.61616],[-0.38592,51.61584],[-0.40401,51.61318],[-0.41192,51.61419],[-0.41692,51.61649],[-0.42645,51.617],[-0.43825,51.61992],[-0.44047,51.62009],[-0.44349,51.61953],[-0.44567,51.61953],[-0.44914,51.61516],[-0.45709,51.61229],[-0.46223,51.61422],[-0.49704,51.63167],[-0.49923,51.63048],[-0.50007,51.62923],[-0.49941,51.62224],[-0.49598,51.61807],[-0.49814,51.61215],[-0.49898,51.60984],[-0.49686,51.60237],[-0.50056,51.59969],[-0.51137,51.59966],[-0.5178,51.60025],[-0.52056,51.60184],[-0.52247,51.60506],[-0.52425,51.6102],[-0.52535,51.61215],[-0.52627,51.61378],[-0.5282,51.6147],[-0.52919,51.61596],[-0.53023,51.61782],[-0.53195,51.62551],[-0.53454,51.63003],[-0.5357,51.63531],[-0.5341,51.63715],[-0.53923,51.63804],[-0.5388,51.64045],[-0.53736,51.64291],[-0.5318,51.64879],[-0.53548,51.65206],[-0.53631,51.66006],[-0.53181,51.66225],[-0.52423,51.65791],[-0.52097,51.66712],[-0.51474,51.66617],[-0.50579,51.67386],[-0.51012,51.67915],[-0.52416,51.67936],[-0.52424,51.68211],[-0.54008,51.68038],[-0.54726,51.68266],[-0.54458,51.69702],[-0.54794,51.70213],[-0.55584,51.70642],[-0.56011,51.71103],[-0.5622,51.71329],[-0.56011,51.71793],[-0.55236,51.72349],[-0.55149,51.72778],[-0.56011,51.73526],[-0.56307,51.73711],[-0.56367,51.73962],[-0.57374,51.73714],[-0.58247,51.74532],[-0.58411,51.74676],[-0.58635,51.75211],[-0.59524,51.75131],[-0.60084,51.75135],[-0.60512,51.74987],[-0.60907,51.74947],[-0.61291,51.74742],[-0.61374,51.75091],[-0.62846,51.7546],[-0.6326,51.75328],[-0.64359,51.7544],[-0.65985,51.76347],[-0.67344,51.76847],[-0.67597,51.77126],[-0.67607,51.77328],[-0.67734,51.77587],[-0.67616,51.77846],[-0.68101,51.78712],[-0.68842,51.79222],[-0.68325,51.79469],[-0.6837,51.79807],[-0.70148,51.81494],[-0.70884,51.81983],[-0.71811,51.81661],[-0.72319,51.81773],[-0.73908,51.83475],[-0.74477,51.83762],[-0.74565,51.84209],[-0.7366,51.84287],[-0.73131,51.84832],[-0.72319,51.85056],[-0.72063,51.85561],[-0.71441,51.85752],[-0.70671,51.85509],[-0.69614,51.85756],[-0.69189,51.85603],[-0.68674,51.84924],[-0.69429,51.84121],[-0.68933,51.84034],[-0.68434,51.83634],[-0.67283,51.82026],[-0.66677,51.81627],[-0.659,51.81543],[-0.64753,51.81422],[-0.63592,51.81802],[-0.63157,51.81922],[-0.61087,51.81229],[-0.59625,51.81394],[-0.59139,51.80848],[-0.58179,51.8069],[-0.57239,51.81943],[-0.56518,51.82141],[-0.56011,51.82888],[-0.55922,51.8302],[-0.5536,51.82671],[-0.54317,51.82603],[-0.53939,51.83148],[-0.56011,51.84534],[-0.56354,51.84763],[-0.56518,51.85103],[-0.56945,51.85329],[-0.5716,51.85956],[-0.58478,51.86996],[-0.60852,51.87587],[-0.62023,51.88426],[-0.63732,51.8826],[-0.65482,51.88816],[-0.66021,51.89455],[-0.6671,51.89685],[-0.67321,51.90182],[-0.67839,51.90152],[-0.68265,51.90028],[-0.69219,51.90016],[-0.70213,51.90912],[-0.69194,51.9219],[-0.69048,51.9276],[-0.68365,51.9349],[-0.68155,51.93514],[-0.68026,51.93636],[-0.68166,51.94245],[-0.67722,51.94457],[-0.67135,51.94415],[-0.6717,51.95527],[-0.66187,51.95644],[-0.65506,51.96142],[-0.6512,51.96828],[-0.65295,51.96923],[-0.64656,51.9729],[-0.65539,51.98175],[-0.6611,51.99883],[-0.6545,52.00662],[-0.64415,52.0114],[-0.65028,52.01769],[-0.64138,52.0237],[-0.64304,52.03689],[-0.65842,52.04405],[-0.66098,52.04518],[-0.669,52.04871],[-0.64957,52.06473],[-0.64117,52.06847],[-0.63306,52.07969],[-0.60705,52.0919],[-0.60353,52.09875],[-0.59787,52.10168],[-0.60049,52.1059],[-0.59177,52.11069],[-0.59714,52.11546],[-0.59951,52.12603],[-0.60675,52.13305],[-0.62066,52.13356],[-0.63476,52.13909],[-0.63975,52.15235],[-0.63052,52.15597],[-0.63003,52.16063],[-0.63415,52.16806],[-0.62822,52.17361],[-0.62741,52.18155],[-0.63812,52.18341],[-0.64297,52.18857],[-0.65735,52.19009],[-0.6681,52.19503],[-0.66863,52.19773],[-0.66142,52.20813],[-0.65846,52.21009],[-0.64859,52.22088],[-0.64358,52.22336],[-0.63729,52.22732],[-0.63962,52.22895],[-0.64271,52.23344],[-0.64341,52.23586],[-0.64304,52.23854],[-0.64545,52.24246],[-0.64975,52.25411],[-0.64999,52.25678],[-0.65361,52.26829],[-0.64097,52.27216],[-0.63105,52.27071],[-0.62512,52.27533],[-0.61057,52.2795],[-0.60568,52.27883],[-0.58827,52.27382],[-0.58629,52.27291],[-0.58807,52.27078],[-0.58084,52.26523],[-0.57931,52.26644],[-0.57154,52.25825],[-0.56565,52.25347],[-0.56011,52.25585],[-0.5547,52.25818],[-0.54084,52.25705],[-0.53841,52.26645],[-0.53115,52.2704],[-0.53436,52.2811],[-0.54132,52.28999],[-0.51525,52.31417],[-0.51979,52.3177],[-0.5168,52.31765],[-0.50699,52.31987],[-0.48743,52.32108],[-0.48184,52.32076],[-0.47622,52.31807],[-0.47384,52.31984],[-0.46532,52.32296],[-0.46447,52.3261],[-0.46475,52.33031],[-0.46519,52.33261],[-0.46705,52.33529],[-0.46667,52.33891],[-0.48319,52.34095],[-0.47818,52.34838],[-0.4979,52.35999],[-0.49944,52.36699],[-0.48941,52.37388],[-0.4959,52.37952],[-0.49366,52.3806],[-0.48776,52.37935],[-0.48363,52.38115],[-0.47121,52.3801],[-0.46768,52.38232],[-0.45721,52.38285],[-0.45393,52.38517],[-0.44396,52.384],[-0.43711,52.38843],[-0.43238,52.39609],[-0.41763,52.40305],[-0.41956,52.40603],[-0.41746,52.41047],[-0.41079,52.4128],[-0.40151,52.41549],[-0.37895,52.42805],[-0.36395,52.43283],[-0.36968,52.43586],[-0.37028,52.4392],[-0.35346,52.46028],[-0.34154,52.46695],[-0.3489,52.47237],[-0.34775,52.47724],[-0.35862,52.48962],[-0.35881,52.49721],[-0.35295,52.5032],[-0.35396,52.5056],[-0.37839,52.51118],[-0.39059,52.51856],[-0.4118,52.52476],[-0.41271,52.52838],[-0.40412,52.53319],[-0.40157,52.53901],[-0.40324,52.54822],[-0.41438,52.55142],[-0.41875,52.55858],[-0.41698,52.56122],[-0.41021,52.56201],[-0.40757,52.56442],[-0.41531,52.57078],[-0.41538,52.57874],[-0.42689,52.58199],[-0.46885,52.57494],[-0.47891,52.57425],[-0.4803,52.57784],[-0.49184,52.58171],[-0.49765,52.58685],[-0.49091,52.59107],[-0.48509,52.6016],[-0.4813,52.60348],[-0.47942,52.61363],[-0.47096,52.61795],[-0.47422,52.62863],[-0.48843,52.63329],[-0.49477,52.64031],[-0.48432,52.64613],[-0.4764,52.64536],[-0.47485,52.64854],[-0.4684,52.64975],[-0.45407,52.64966],[-0.45042,52.65409],[-0.44151,52.65226],[-0.43211,52.64858],[-0.42748,52.64887],[-0.41818,52.64692],[-0.41383,52.64814],[-0.40516,52.64827],[-0.39986,52.6499],[-0.39433,52.65371],[-0.3775,52.65601],[-0.36832,52.65956],[-0.36281,52.66011],[-0.35942,52.66003],[-0.33949,52.66662],[-0.3345,52.67448],[-0.30997,52.67348],[-0.28927,52.66976],[-0.28028,52.66612],[-0.26265,52.65258],[-0.25866,52.65165],[-0.2286,52.66409],[-0.21253,52.66675],[-0.20533,52.66713],[-0.19246,52.65284],[-0.1789,52.66012],[-0.14231,52.65199],[-0.1022,52.67221],[-0.08892,52.66693],[-0.07708,52.67139],[-0.0669,52.67204],[-0.06292,52.67473],[-0.05796,52.6741],[-0.04492,52.66913],[-0.03304,52.66531],[-0.03133,52.66152],[0.0,52.66351],[0.02156,52.66489],[0.04807,52.68105],[0.04922,52.68775],[0.04513,52.69268],[0.04475,52.70112],[0.04481,52.71397],[0.04807,52.71827],[0.06476,52.72696],[0.08907,52.72363],[0.09378,52.72681],[0.09848,52.72998],[0.11122,52.72979],[0.13047,52.73825],[0.1322,52.73901],[0.16868,52.73962],[0.17169,52.73804],[0.1791,52.73709],[0.18744,52.73602],[0.21805,52.75333],[0.23095,52.75836],[0.2441,52.76349],[0.24834,52.76515],[0.27102,52.77295],[0.24603,52.78478],[0.25175,52.79199],[0.25828,52.79529],[0.25441,52.7978],[0.26241,52.80363],[0.26596,52.81012],[0.29497,52.81653],[0.3126,52.81371],[0.31687,52.81625],[0.32287,52.81559],[0.35345,52.80183],[0.36868,52.78843],[0.37489,52.77902],[0.37562,52.77797],[0.38794,52.7594],[0.39003,52.75273],[0.39166,52.74993],[0.39229,52.74734],[0.38959,52.74413],[0.38493,52.74007],[0.3643,52.72552],[0.36665,52.72553],[0.38956,52.74167],[0.39481,52.74775],[0.39205,52.75418],[0.39154,52.75732],[0.39094,52.75835],[0.37197,52.7889],[0.37038,52.79161],[0.36769,52.79593],[0.36848,52.80155],[0.37722,52.80928],[0.37637,52.81513],[0.38276,52.82051],[0.39228,52.82126],[0.39095,52.82435],[0.39517,52.82959],[0.39726,52.83004],[0.41661,52.83416],[0.42048,52.83367],[0.42492,52.83568],[0.42254,52.8388],[0.4301,52.84476],[0.43429,52.84437],[0.43624,52.8403],[0.44484,52.84505],[0.44545,52.87322],[0.46557,52.89816],[0.47072,52.90651],[0.47206,52.90868],[0.4728,52.91321],[0.47536,52.91726],[0.47644,52.92387],[0.47778,52.9268],[0.47949,52.93157],[0.48434,52.93681],[0.48655,52.94207],[0.49018,52.94791],[0.49781,52.95374],[0.50034,52.95478],[0.52439,52.96865],[0.53643,52.97237],[0.54005,52.97532],[0.55947,52.97645],[0.56254,52.97505],[0.56774,52.97472],[0.56946,52.97389],[0.56986,52.97301],[0.56973,52.97213],[0.56711,52.97288],[0.56329,52.97221],[0.56443,52.97091],[0.57528,52.96865],[0.59602,52.9754],[0.621,52.97414],[0.66861,52.97612],[0.67036,52.97291],[0.66088,52.96969],[0.66572,52.96785],[0.67798,52.96914],[0.69266,52.97574],[0.70433,52.97586],[0.71075,52.97821],[0.69394,52.9805],[0.68301,52.97908],[0.68128,52.98398],[0.68567,52.98705],[0.69321,52.98752],[0.73886,52.98174]]],[[[1.2632,51.879],[1.26782,51.86558],[1.26373,51.8645],[1.25886,51.86826],[1.25291,51.86972],[1.25312,51.87242],[1.25647,51.87394],[1.25367,51.8756],[1.24707,51.87411],[1.24344,51.86932],[1.23298,51.87401],[1.2273,51.87441],[1.22616,51.87552],[1.2273,51.87882],[1.23155,51.88166],[1.25828,51.8833],[1.2632,51.879]]],[[[0.77731,51.72689],[0.77819,51.72477],[0.78174,51.72374],[0.78306,51.72457],[0.78646,51.7217],[0.78276,51.7202],[0.77238,51.71867],[0.76284,51.7215],[0.75639,51.72282],[0.75456,51.72475],[0.75614,51.7266],[0.76397,51.72626],[0.76889,51.72693],[0.77731,51.72689]]],[[[0.72945,51.72163],[0.72908,51.71836],[0.72456,51.71704],[0.72239,51.7185],[0.71694,51.7193],[0.71202,51.71814],[0.70833,51.71962],[0.71059,51.7201],[0.71495,51.72367],[0.71642,51.72704],[0.72075,51.73078],[0.72424,51.72875],[0.72524,51.72674],[0.72836,51.726],[0.72945,51.72163]]],[[[0.99544,52.97788],[0.99306,52.97604],[0.99005,52.97634],[0.98527,52.97301],[0.97869,52.97146],[0.97488,52.97206],[0.96987,52.97447],[0.97197,52.97683],[0.97083,52.97869],[0.97799,52.98049],[0.98434,52.97982],[0.99544,52.97788]]],[[[1.03033,52.96946],[1.02728,52.96875],[1.01299,52.97117],[1.01092,52.97315],[1.01325,52.97397],[1.02828,52.97079],[1.03033,52.96946]]],[[[0.6811,52.98758],[0.67955,52.98623],[0.6753,52.9869],[0.6708,52.98479],[0.66701,52.98521],[0.66619,52.98424],[0.66234,52.98603],[0.66387,52.98713],[0.67774,52.98846],[0.6811,52.98758]]],[[[0.96898,52.977],[0.96285,52.97117],[0.96121,52.97237],[0.9648,52.97758],[0.96898,52.977]]],[[[1.03781,51.80332],[1.02923,51.80171],[1.02701,51.80292],[1.0363,51.80469],[1.03781,51.80332]]],[[[0.54049,51.51725],[0.53382,51.51595],[0.53254,51.5166],[0.53511,51.51821],[0.54059,51.51872],[0.54049,51.51725]]],[[[0.52621,51.51721],[0.52276,51.5165],[0.52017,51.51953],[0.52235,51.52082],[0.52621,51.51721]]],[[[1.4719,52.0488],[1.46867,52.0462],[1.46613,52.04706],[1.46774,52.04921],[1.47114,52.05028],[1.4719,52.0488]]],[[[1.59777,52.13466],[1.59377,52.1345],[1.59739,52.13919],[1.59894,52.13816],[1.59777,52.13466]]],[[[1.00552,52.97608],[1.00311,52.97326],[0.99964,52.97463],[0.99929,52.97645],[1.00552,52.97608]]]]},"properties":{"code":"UKH","nom":"East of England","country":"GB"}},{"type":"Feature","geometry":{"type":"MultiPolygon","coordinates":[[[[-0.0778,51.68843],[-0.06715,51.68413],[-0.06198,51.68301],[-0.05656,51.68299],[-0.04889,51.68405],[-0.04712,51.68345],[-0.0442,51.68343],[-0.04242,51.68295],[-0.03335,51.68249],[-0.02834,51.68233],[-0.01973,51.68115],[-0.01188,51.68088],[-0.01029,51.67666],[-0.01137,51.67125],[-0.01052,51.66917],[-0.01145,51.66384],[-0.00979,51.66177],[-0.0089,51.66022],[-0.01174,51.65303],[-0.0118,51.64885],[-0.01222,51.64623],[0.00284,51.64177],[0.0217,51.64068],[0.0252,51.63729],[0.02526,51.63525],[0.02186,51.62883],[0.02687,51.62591],[0.02912,51.62511],[0.03056,51.62329],[0.03282,51.62224],[0.04084,51.61574],[0.04375,51.61694],[0.05375,51.61828],[0.04981,51.61359],[0.05264,51.61215],[0.06259,51.60707],[0.06304,51.60691],[0.07201,51.60507],[0.08001,51.60657],[0.08814,51.60499],[0.09378,51.60983],[0.09324,51.61325],[0.09811,51.61542],[0.10073,51.61305],[0.10561,51.61301],[0.12153,51.61637],[0.12923,51.62144],[0.13823,51.62354],[0.15111,51.62324],[0.16284,51.62279],[0.165,51.62231],[0.16998,51.62191],[0.1791,51.62432],[0.18337,51.62545],[0.19703,51.62556],[0.20035,51.62493],[0.20366,51.62517],[0.20851,51.62668],[0.21229,51.62698],[0.21759,51.62909],[0.22212,51.63012],[0.22413,51.63173],[0.23095,51.6283],[0.2441,51.62169],[0.25318,51.61711],[0.25927,51.61215],[0.2633,51.60919],[0.25511,51.60243],[0.26092,51.60039],[0.26992,51.59957],[0.27038,51.59731],[0.26938,51.59527],[0.27097,51.59028],[0.28117,51.57934],[0.29025,51.56449],[0.31308,51.56581],[0.31567,51.55822],[0.32677,51.55167],[0.33362,51.54258],[0.33243,51.54064],[0.32249,51.54052],[0.30091,51.53862],[0.29536,51.53515],[0.26688,51.53225],[0.26235,51.51793],[0.25431,51.51918],[0.25011,51.52738],[0.2429,51.52439],[0.24366,51.51909],[0.23808,51.51865],[0.241,51.50816],[0.23095,51.50673],[0.22758,51.50625],[0.22894,51.49931],[0.21496,51.4961],[0.21051,51.49004],[0.18756,51.48851],[0.17862,51.50524],[0.17388,51.50816],[0.17193,51.50845],[0.165,51.51136],[0.15878,51.51217],[0.14324,51.51532],[0.13047,51.51855],[0.12767,51.51926],[0.10765,51.51424],[0.097,51.51567],[0.09378,51.51472],[0.08478,51.51206],[0.07775,51.50489],[0.07245,51.50011],[0.06095,51.49855],[0.02419,51.49899],[0.0179,51.50088],[0.01329,51.50484],[0.00942,51.5071],[0.004,51.50826],[-0.00121,51.50748],[-0.00664,51.50378],[-0.00801,51.50074],[-0.00595,51.49568],[-0.00329,51.49219],[-0.00319,51.49089],[-0.00667,51.4873],[-0.01515,51.48639],[-0.02304,51.48864],[-0.0275,51.49397],[-0.02711,51.50288],[-0.03046,51.50732],[-0.03622,51.50918],[-0.04212,51.50976],[-0.04498,51.50948],[-0.04928,51.50786],[-0.05637,51.50368],[-0.05982,51.50284],[-0.06311,51.50319],[-0.06891,51.5047],[-0.07123,51.50583],[-0.07945,51.5078],[-0.08035,51.50796],[-0.08345,51.50851],[-0.08539,51.50863],[-0.08857,51.50893],[-0.09199,51.50944],[-0.09521,51.51009],[-0.09978,51.51073],[-0.10844,51.51077],[-0.11151,51.51075],[-0.11685,51.51004],[-0.12074,51.50805],[-0.12281,51.50476],[-0.12406,51.49811],[-0.12459,51.4947],[-0.12531,51.49164],[-0.12843,51.48821],[-0.1326,51.48569],[-0.13807,51.48481],[-0.14607,51.48567],[-0.14995,51.48552],[-0.16378,51.48365],[-0.16713,51.4832],[-0.1757,51.48162],[-0.17778,51.48025],[-0.17931,51.4778],[-0.18076,51.473],[-0.18443,51.46764],[-0.18632,51.46644],[-0.19019,51.4653],[-0.19425,51.46483],[-0.19736,51.46497],[-0.20233,51.4653],[-0.21038,51.46713],[-0.21686,51.46972],[-0.22261,51.47492],[-0.22358,51.47762],[-0.22403,51.48244],[-0.22756,51.48745],[-0.22927,51.48906],[-0.23435,51.49042],[-0.2405,51.4901],[-0.2445,51.4887],[-0.24764,51.4873],[-0.24952,51.48573],[-0.25141,51.48193],[-0.25149,51.47738],[-0.25426,51.47314],[-0.25722,51.47182],[-0.26169,51.47131],[-0.26528,51.47176],[-0.26909,51.47356],[-0.27283,51.47672],[-0.27705,51.4835],[-0.28153,51.48624],[-0.28741,51.48769],[-0.29269,51.48745],[-0.29892,51.48525],[-0.29982,51.48212],[-0.29231,51.48571],[-0.28497,51.48583],[-0.27807,51.48187],[-0.27049,51.47266],[-0.26776,51.47131],[-0.26239,51.47028],[-0.25649,51.47092],[-0.25144,51.47363],[-0.2497,51.4761],[-0.24937,51.48211],[-0.24848,51.48373],[-0.24099,51.48835],[-0.23855,51.48892],[-0.23547,51.48895],[-0.2313,51.48789],[-0.22797,51.48511],[-0.22683,51.4811],[-0.22652,51.47604],[-0.22283,51.47182],[-0.2174,51.46786],[-0.2133,51.46584],[-0.20693,51.46384],[-0.19905,51.46271],[-0.1951,51.46289],[-0.19078,51.4633],[-0.18705,51.46419],[-0.18338,51.46569],[-0.18066,51.46785],[-0.17842,51.47079],[-0.17574,51.47698],[-0.17412,51.4789],[-0.17196,51.48014],[-0.16621,51.48133],[-0.14905,51.48366],[-0.14021,51.48276],[-0.13671,51.4828],[-0.13238,51.48366],[-0.12837,51.48506],[-0.12545,51.48692],[-0.1224,51.49121],[-0.12129,51.49437],[-0.11931,51.50384],[-0.11829,51.50572],[-0.11535,51.50753],[-0.10886,51.50845],[-0.08798,51.50683],[-0.07914,51.50542],[-0.06754,51.5014],[-0.06323,51.50064],[-0.05914,51.5007],[-0.05637,51.50103],[-0.05222,51.50229],[-0.04853,51.50452],[-0.04435,51.50692],[-0.04099,51.50747],[-0.03619,51.50703],[-0.03383,51.50608],[-0.03229,51.50431],[-0.0329,51.49694],[-0.03232,51.49303],[-0.02471,51.48565],[-0.01574,51.48307],[-0.00451,51.4846],[0.0021,51.48997],[-0.00193,51.50007],[0.00074,51.50406],[0.00583,51.50359],[0.01616,51.49605],[0.02908,51.49391],[0.07611,51.49601],[0.0824,51.49899],[0.08911,51.50649],[0.09378,51.50914],[0.10031,51.50967],[0.10896,51.5096],[0.12028,51.51144],[0.13047,51.51267],[0.15139,51.50637],[0.15987,51.50564],[0.16447,51.50454],[0.17107,51.49792],[0.1748,51.48673],[0.1791,51.48444],[0.18664,51.48043],[0.19598,51.47954],[0.21163,51.48223],[0.21744,51.48007],[0.21642,51.4791],[0.21661,51.47689],[0.21161,51.47509],[0.21192,51.47331],[0.20887,51.47103],[0.21151,51.46836],[0.21042,51.46564],[0.21065,51.46248],[0.20265,51.45623],[0.20276,51.45393],[0.19371,51.45141],[0.19105,51.44878],[0.18387,51.44474],[0.1791,51.44344],[0.17095,51.4412],[0.16723,51.43575],[0.1666,51.43132],[0.165,51.42933],[0.15592,51.43087],[0.15007,51.41311],[0.15297,51.4087],[0.14897,51.40864],[0.14887,51.4085],[0.15567,51.40333],[0.16136,51.39236],[0.14874,51.39228],[0.1527,51.37712],[0.14738,51.36699],[0.14138,51.34964],[0.13587,51.34459],[0.13047,51.34511],[0.12536,51.3456],[0.11902,51.34397],[0.11723,51.34075],[0.1203,51.33278],[0.11415,51.3281],[0.1025,51.32627],[0.09387,51.32024],[0.08655,51.31657],[0.08409,51.30975],[0.0845,51.30384],[0.09122,51.29682],[0.0893,51.29608],[0.08585,51.29314],[0.08162,51.29183],[0.06056,51.28961],[0.0502,51.29379],[0.04243,51.29267],[0.0439,51.29853],[0.04156,51.30298],[0.03189,51.30664],[0.02477,51.30178],[0.01766,51.29189],[0.0149,51.29278],[0.0122,51.29959],[0.00843,51.31036],[0.01038,51.31614],[0.00662,51.31565],[0.00233,51.32913],[-0.01084,51.33362],[-0.01465,51.3317],[-0.02281,51.3377],[-0.03793,51.33864],[-0.04207,51.33422],[-0.05007,51.332],[-0.04854,51.32588],[-0.05622,51.32166],[-0.05836,51.32038],[-0.06062,51.32006],[-0.06396,51.31863],[-0.07303,51.32077],[-0.08213,51.31691],[-0.08361,51.3166],[-0.08216,51.31138],[-0.0887,51.3051],[-0.092,51.30164],[-0.09721,51.30029],[-0.09429,51.29935],[-0.10111,51.29628],[-0.1157,51.29072],[-0.11695,51.28937],[-0.11774,51.28709],[-0.12426,51.28675],[-0.13734,51.29997],[-0.14996,51.30028],[-0.15687,51.30371],[-0.15523,51.30981],[-0.16099,51.31895],[-0.15651,51.32151],[-0.16296,51.32523],[-0.16384,51.32968],[-0.17203,51.3301],[-0.18233,51.33804],[-0.18457,51.33919],[-0.19638,51.34309],[-0.20205,51.34013],[-0.213,51.33554],[-0.21187,51.33331],[-0.21406,51.33034],[-0.21605,51.32982],[-0.22091,51.32986],[-0.22878,51.33633],[-0.21782,51.344],[-0.22691,51.36262],[-0.23391,51.36538],[-0.24526,51.36706],[-0.24464,51.36906],[-0.24499,51.38003],[-0.24786,51.38016],[-0.25391,51.37877],[-0.25839,51.37897],[-0.26111,51.3796],[-0.26243,51.37725],[-0.26464,51.37562],[-0.27251,51.37226],[-0.27399,51.37065],[-0.2758,51.37001],[-0.27653,51.3688],[-0.27978,51.36782],[-0.28404,51.36515],[-0.28567,51.36405],[-0.28824,51.36208],[-0.28504,51.36121],[-0.28694,51.35937],[-0.28894,51.35871],[-0.29105,51.35656],[-0.29117,51.3552],[-0.29263,51.35361],[-0.29287,51.35237],[-0.29776,51.34924],[-0.29989,51.34767],[-0.30128,51.34529],[-0.30399,51.34304],[-0.30538,51.33947],[-0.30489,51.33675],[-0.30616,51.33508],[-0.3109,51.33239],[-0.31366,51.33141],[-0.31892,51.32795],[-0.32397,51.32669],[-0.32826,51.32646],[-0.33008,51.32751],[-0.33066,51.32901],[-0.32792,51.35218],[-0.323,51.35547],[-0.31826,51.3635],[-0.3185,51.36618],[-0.3179,51.3698],[-0.31265,51.37475],[-0.30843,51.37586],[-0.30822,51.38009],[-0.31312,51.38879],[-0.31575,51.38839],[-0.3177,51.39367],[-0.32586,51.39144],[-0.33834,51.40084],[-0.3591,51.41151],[-0.37386,51.40849],[-0.38332,51.40854],[-0.38936,51.41157],[-0.38665,51.4159],[-0.38763,51.42022],[-0.39131,51.42232],[-0.39448,51.42324],[-0.39808,51.42355],[-0.40172,51.42331],[-0.40533,51.42248],[-0.40774,51.42358],[-0.41855,51.43211],[-0.42085,51.43222],[-0.42416,51.43098],[-0.42745,51.43082],[-0.4278,51.42925],[-0.43995,51.43065],[-0.43972,51.43462],[-0.44768,51.435],[-0.44625,51.43999],[-0.45644,51.43822],[-0.45536,51.44212],[-0.45741,51.443],[-0.45743,51.44909],[-0.46145,51.44899],[-0.46129,51.45239],[-0.45861,51.45631],[-0.49156,51.46257],[-0.50967,51.46917],[-0.49813,51.48903],[-0.49008,51.49458],[-0.48999,51.49475],[-0.48393,51.50633],[-0.4855,51.51002],[-0.48975,51.51152],[-0.48953,51.51408],[-0.49116,51.51525],[-0.49229,51.51707],[-0.49161,51.51886],[-0.49033,51.52017],[-0.49114,51.52128],[-0.49022,51.52458],[-0.49082,51.52623],[-0.48894,51.52861],[-0.48963,51.53006],[-0.49465,51.53842],[-0.491,51.54456],[-0.48531,51.55074],[-0.47805,51.55497],[-0.47695,51.55962],[-0.48211,51.5623],[-0.48493,51.57508],[-0.48918,51.57776],[-0.50056,51.59969],[-0.49686,51.60237],[-0.49898,51.60984],[-0.49814,51.61215],[-0.49598,51.61807],[-0.49941,51.62224],[-0.50007,51.62923],[-0.49923,51.63048],[-0.49704,51.63167],[-0.46223,51.61422],[-0.45709,51.61229],[-0.44914,51.61516],[-0.44567,51.61953],[-0.44349,51.61953],[-0.44047,51.62009],[-0.43825,51.61992],[-0.42645,51.617],[-0.41692,51.61649],[-0.41192,51.61419],[-0.40401,51.61318],[-0.38592,51.61584],[-0.38454,51.61616],[-0.38196,51.61743],[-0.37847,51.61778],[-0.37535,51.6183],[-0.36814,51.62065],[-0.3655,51.62133],[-0.36256,51.62353],[-0.35964,51.62526],[-0.34919,51.62691],[-0.33985,51.63072],[-0.33825,51.62947],[-0.33242,51.63382],[-0.31664,51.64053],[-0.30442,51.63635],[-0.28797,51.63667],[-0.27514,51.63921],[-0.27297,51.64109],[-0.27303,51.64124],[-0.2682,51.64233],[-0.26763,51.6436],[-0.26321,51.64436],[-0.25845,51.64216],[-0.25538,51.64334],[-0.25401,51.64418],[-0.25152,51.64795],[-0.24931,51.65606],[-0.23017,51.65939],[-0.22578,51.65784],[-0.21057,51.662],[-0.21,51.66655],[-0.19983,51.67017],[-0.19239,51.66449],[-0.18205,51.6686],[-0.17635,51.67264],[-0.1702,51.67544],[-0.16346,51.68592],[-0.16345,51.68811],[-0.14978,51.68573],[-0.10578,51.69188],[-0.09474,51.69011],[-0.08478,51.69009],[-0.0778,51.68843]]]]},"properties":{"code":"UKI","nom":"London","country":"GB"}},{"type":"Feature","geometry":{"type":"MultiPolygon","coordinates":[[[[-0.30125,53.61575],[-0.29776,53.61306],[-0.29203,53.61329],[-0.28653,53.61087],[-0.28113,53.60413],[-0.25885,53.59621],[-0.25436,53.59302],[-0.24932,53.59313],[-0.2489,53.58703],[-0.23711,53.58687],[-0.23449,53.5835],[-0.22314,53.56889],[-0.1951,53.57164],[-0.18836,53.56348],[-0.21963,53.53262],[-0.21142,53.53129],[-0.21265,53.52519],[-0.20422,53.51161],[-0.20556,53.49741],[-0.20981,53.48688],[-0.18825,53.48373],[-0.18133,53.46913],[-0.15929,53.46723],[-0.15589,53.46405],[-0.15669,53.45819],[-0.14541,53.44248],[-0.13454,53.44018],[-0.13173,53.43595],[-0.12757,53.43579],[-0.12255,53.43727],[-0.12075,53.43583],[-0.12026,53.43361],[-0.112,53.43797],[-0.11042,53.44003],[-0.09251,53.44673],[-0.08973,53.44714],[-0.08687,53.44966],[-0.08213,53.45116],[-0.08475,53.4548],[-0.09533,53.46163],[-0.10284,53.46567],[-0.10778,53.46991],[-0.09083,53.47756],[-0.09435,53.48553],[-0.07537,53.49008],[-0.06701,53.51685],[-0.06138,53.5195],[-0.04781,53.51995],[-0.03961,53.51311],[-0.03785,53.51394],[-0.03535,53.51423],[-0.03302,53.5154],[-0.0327,53.51651],[-0.02855,53.51735],[-0.02386,53.51673],[-0.02237,53.51755],[-0.01946,53.51799],[-0.01734,53.5151],[-0.01444,53.51543],[-0.01355,53.51661],[-0.00755,53.5168],[-0.00485,53.51736],[0.0,53.51858],[0.00951,53.52097],[0.01153,53.52203],[0.01251,53.52338],[0.01738,53.52537],[0.02249,53.52063],[0.03847,53.51443],[0.04254,53.5146],[0.04889,53.51673],[0.04732,53.52281],[0.06671,53.51784],[0.07692,53.51274],[0.08556,53.51459],[0.0871,53.51194],[0.08014,53.50681],[0.08494,53.497],[0.09863,53.49263],[0.11066,53.49145],[0.11551,53.49494],[0.11089,53.5014],[0.11306,53.50267],[0.1302,53.49682],[0.12982,53.48903],[0.1337,53.48498],[0.14187,53.48402],[0.14562,53.48648],[0.14689,53.49099],[0.15214,53.48994],[0.16141,53.48264],[0.16066,53.47671],[0.17353,53.46939],[0.18086,53.46166],[0.18751,53.44995],[0.18666,53.4451],[0.19481,53.43991],[0.19084,53.43799],[0.19194,53.43489],[0.20807,53.42585],[0.21115,53.41273],[0.22134,53.4105],[0.2287,53.40258],[0.2277,53.39607],[0.23064,53.39193],[0.23521,53.39094],[0.24373,53.37224],[0.28139,53.31932],[0.28933,53.30569],[0.29422,53.29994],[0.30007,53.29448],[0.31582,53.27707],[0.32232,53.2665],[0.32686,53.25747],[0.33727,53.24036],[0.33883,53.23519],[0.34023,53.23329],[0.3389,53.2325],[0.34047,53.22131],[0.3475,53.20834],[0.35515,53.19236],[0.35268,53.17187],[0.35038,53.1445],[0.34932,53.13388],[0.34563,53.12713],[0.34253,53.12147],[0.34278,53.1036],[0.33961,53.09748],[0.33545,53.09503],[0.32864,53.0914],[0.31697,53.09265],[0.30005,53.08838],[0.26256,53.06314],[0.2441,53.05376],[0.23479,53.04903],[0.22442,53.04653],[0.20769,53.03598],[0.19748,53.03424],[0.19199,53.02985],[0.1791,53.02387],[0.17006,53.01968],[0.16881,53.01674],[0.16251,53.01352],[0.15037,53.00822],[0.14755,53.00312],[0.13178,52.99395],[0.13047,52.99285],[0.11122,52.97661],[0.09378,52.96133],[0.09019,52.95819],[0.09239,52.95663],[0.08974,52.95478],[0.0765,52.93872],[0.07787,52.93392],[0.07412,52.93249],[0.06796,52.9312],[0.06786,52.92997],[0.06604,52.92904],[0.06682,52.92806],[0.06531,52.92781],[0.06467,52.92666],[0.06288,52.9257],[0.064,52.92459],[0.06148,52.92386],[0.06072,52.92225],[0.05719,52.92077],[0.05449,52.92026],[0.05339,52.91937],[0.04849,52.91923],[0.04805,52.9203],[0.04563,52.92234],[0.04464,52.92567],[0.04217,52.9283],[0.04457,52.92532],[0.04504,52.9227],[0.04816,52.91847],[0.04339,52.91814],[0.04188,52.91161],[0.02587,52.89891],[0.01161,52.894],[0.00101,52.8885],[0.02856,52.89725],[0.04043,52.90308],[0.04452,52.90091],[0.06455,52.89974],[0.07641,52.89436],[0.09072,52.89074],[0.09378,52.8906],[0.1246,52.88909],[0.13047,52.88765],[0.13899,52.88555],[0.14678,52.88168],[0.15084,52.88135],[0.15705,52.87662],[0.16998,52.87546],[0.17501,52.8728],[0.1791,52.86087],[0.19444,52.84988],[0.1983,52.8398],[0.20858,52.83004],[0.20953,52.82913],[0.21485,52.82307],[0.21437,52.81622],[0.22277,52.81765],[0.23095,52.81585],[0.2441,52.81297],[0.25537,52.8105],[0.26596,52.81012],[0.26241,52.80363],[0.25441,52.7978],[0.25828,52.79529],[0.25175,52.79199],[0.24603,52.78478],[0.27102,52.77295],[0.24834,52.76515],[0.2441,52.76349],[0.23095,52.75836],[0.21805,52.75333],[0.18744,52.73602],[0.1791,52.73709],[0.17169,52.73804],[0.16868,52.73962],[0.1322,52.73901],[0.13047,52.73825],[0.11122,52.72979],[0.09848,52.72998],[0.09378,52.72681],[0.08907,52.72363],[0.06476,52.72696],[0.04807,52.71827],[0.04481,52.71397],[0.04475,52.70112],[0.04513,52.69268],[0.04922,52.68775],[0.04807,52.68105],[0.02156,52.66489],[0.0,52.66351],[-0.03133,52.66152],[-0.03304,52.66531],[-0.04492,52.66913],[-0.05796,52.6741],[-0.06292,52.67473],[-0.0669,52.67204],[-0.07708,52.67139],[-0.08892,52.66693],[-0.1022,52.67221],[-0.14231,52.65199],[-0.1789,52.66012],[-0.19246,52.65284],[-0.20533,52.66713],[-0.21253,52.66675],[-0.2286,52.66409],[-0.25866,52.65165],[-0.26265,52.65258],[-0.28028,52.66612],[-0.28927,52.66976],[-0.30997,52.67348],[-0.3345,52.67448],[-0.33949,52.66662],[-0.35942,52.66003],[-0.36281,52.66011],[-0.36832,52.65956],[-0.3775,52.65601],[-0.39433,52.65371],[-0.39986,52.6499],[-0.40516,52.64827],[-0.41383,52.64814],[-0.41818,52.64692],[-0.42748,52.64887],[-0.43211,52.64858],[-0.44151,52.65226],[-0.45042,52.65409],[-0.45407,52.64966],[-0.4684,52.64975],[-0.47485,52.64854],[-0.4764,52.64536],[-0.48432,52.64613],[-0.49477,52.64031],[-0.48843,52.63329],[-0.47422,52.62863],[-0.47096,52.61795],[-0.47942,52.61363],[-0.4813,52.60348],[-0.48509,52.6016],[-0.49091,52.59107],[-0.49765,52.58685],[-0.49184,52.58171],[-0.4803,52.57784],[-0.47891,52.57425],[-0.46885,52.57494],[-0.42689,52.58199],[-0.41538,52.57874],[-0.41531,52.57078],[-0.40757,52.56442],[-0.41021,52.56201],[-0.41698,52.56122],[-0.41875,52.55858],[-0.41438,52.55142],[-0.40324,52.54822],[-0.40157,52.53901],[-0.40412,52.53319],[-0.41271,52.52838],[-0.4118,52.52476],[-0.39059,52.51856],[-0.37839,52.51118],[-0.35396,52.5056],[-0.35295,52.5032],[-0.35881,52.49721],[-0.35862,52.48962],[-0.34775,52.47724],[-0.3489,52.47237],[-0.34154,52.46695],[-0.35346,52.46028],[-0.37028,52.4392],[-0.36968,52.43586],[-0.36395,52.43283],[-0.37895,52.42805],[-0.40151,52.41549],[-0.41079,52.4128],[-0.41746,52.41047],[-0.41956,52.40603],[-0.41763,52.40305],[-0.43238,52.39609],[-0.43711,52.38843],[-0.44396,52.384],[-0.45393,52.38517],[-0.45721,52.38285],[-0.46768,52.38232],[-0.47121,52.3801],[-0.48363,52.38115],[-0.48776,52.37935],[-0.49366,52.3806],[-0.4959,52.37952],[-0.48941,52.37388],[-0.49944,52.36699],[-0.4979,52.35999],[-0.47818,52.34838],[-0.48319,52.34095],[-0.46667,52.33891],[-0.46705,52.33529],[-0.46519,52.33261],[-0.46475,52.33031],[-0.46447,52.3261],[-0.46532,52.32296],[-0.47384,52.31984],[-0.47622,52.31807],[-0.48184,52.32076],[-0.48743,52.32108],[-0.50699,52.31987],[-0.5168,52.31765],[-0.51979,52.3177],[-0.51525,52.31417],[-0.54132,52.28999],[-0.53436,52.2811],[-0.53115,52.2704],[-0.53841,52.26645],[-0.54084,52.25705],[-0.5547,52.25818],[-0.56011,52.25585],[-0.56565,52.25347],[-0.57154,52.25825],[-0.57931,52.26644],[-0.58084,52.26523],[-0.58807,52.27078],[-0.58629,52.27291],[-0.58827,52.27382],[-0.60568,52.27883],[-0.61057,52.2795],[-0.62512,52.27533],[-0.63105,52.27071],[-0.64097,52.27216],[-0.65361,52.26829],[-0.64999,52.25678],[-0.64975,52.25411],[-0.64545,52.24246],[-0.64304,52.23854],[-0.64341,52.23586],[-0.64271,52.23344],[-0.63962,52.22895],[-0.63729,52.22732],[-0.64358,52.22336],[-0.64859,52.22088],[-0.65846,52.21009],[-0.66142,52.20813],[-0.66863,52.19773],[-0.6681,52.19503],[-0.68696,52.19598],[-0.70542,52.19157],[-0.74896,52.16764],[-0.76176,52.1651],[-0.7653,52.1711],[-0.77355,52.16889],[-0.77784,52.16877],[-0.77948,52.16559],[-0.78316,52.16593],[-0.78306,52.16419],[-0.78028,52.16336],[-0.78338,52.16028],[-0.78768,52.15424],[-0.79211,52.15132],[-0.79989,52.15669],[-0.80408,52.15731],[-0.80708,52.15635],[-0.80924,52.15001],[-0.81424,52.14321],[-0.83114,52.14315],[-0.82849,52.13457],[-0.83016,52.13203],[-0.84729,52.12947],[-0.85481,52.13136],[-0.86865,52.13029],[-0.88069,52.12633],[-0.88067,52.12062],[-0.88622,52.11416],[-0.87073,52.11104],[-0.8663,52.1029],[-0.86813,52.1],[-0.84705,52.09106],[-0.84422,52.08568],[-0.83646,52.08092],[-0.83536,52.07459],[-0.83138,52.07195],[-0.83272,52.07087],[-0.83276,52.06932],[-0.83555,52.06642],[-0.83947,52.06383],[-0.8452,52.06297],[-0.84991,52.06446],[-0.8531,52.06434],[-0.85919,52.06322],[-0.86212,52.06042],[-0.85962,52.05468],[-0.85361,52.05176],[-0.854,52.04918],[-0.85898,52.04531],[-0.86596,52.04617],[-0.86789,52.04518],[-0.87057,52.0438],[-0.87176,52.04185],[-0.87129,52.04025],[-0.87874,52.0297],[-0.88325,52.02877],[-0.88967,52.03091],[-0.89575,52.02794],[-0.90708,52.0221],[-0.92616,52.03842],[-0.92866,52.04518],[-0.93168,52.05332],[-0.94415,52.07076],[-0.94002,52.07584],[-0.95263,52.08099],[-0.9611,52.07814],[-0.9682,52.07151],[-0.97489,52.07236],[-0.98486,52.07016],[-0.99594,52.07289],[-1.00751,52.0721],[-1.01283,52.0716],[-1.01348,52.07287],[-1.01623,52.07264],[-1.02005,52.0733],[-1.02143,52.07496],[-1.02629,52.07568],[-1.03848,52.07338],[-1.02955,52.0697],[-1.02637,52.06442],[-1.031,52.06337],[-1.04008,52.06567],[-1.05331,52.06019],[-1.06376,52.06218],[-1.07875,52.05775],[-1.08413,52.05263],[-1.09545,52.05108],[-1.10152,52.04822],[-1.11757,52.04705],[-1.11937,52.04518],[-1.13123,52.03287],[-1.13613,52.02003],[-1.11806,52.01543],[-1.1312,52.00431],[-1.1349,51.99775],[-1.13933,51.99736],[-1.14315,51.99703],[-1.15181,51.99341],[-1.16387,51.99284],[-1.17565,51.98306],[-1.18989,51.98133],[-1.19624,51.97792],[-1.20064,51.97794],[-1.22749,51.98104],[-1.23661,51.98403],[-1.24219,51.98586],[-1.25999,51.98133],[-1.26919,51.98282],[-1.28431,51.98272],[-1.2871,51.98823],[-1.28318,51.99226],[-1.2834,51.99946],[-1.27881,52.0044],[-1.27846,52.00704],[-1.28361,52.01022],[-1.27894,52.012],[-1.27881,52.01502],[-1.28528,52.02579],[-1.29323,52.02828],[-1.29495,52.03981],[-1.29645,52.04086],[-1.30067,52.04518],[-1.30908,52.04879],[-1.31208,52.05192],[-1.30801,52.05738],[-1.308,52.06325],[-1.30092,52.06724],[-1.30093,52.06904],[-1.30589,52.07088],[-1.29855,52.07641],[-1.29936,52.0801],[-1.31601,52.07988],[-1.32054,52.0822],[-1.32021,52.08755],[-1.31497,52.09027],[-1.28518,52.09337],[-1.26919,52.09789],[-1.25407,52.09571],[-1.24842,52.09688],[-1.25374,52.10438],[-1.26919,52.11303],[-1.30699,52.14254],[-1.30755,52.14609],[-1.3319,52.16848],[-1.33086,52.17452],[-1.32375,52.18081],[-1.31842,52.18214],[-1.31316,52.18979],[-1.28117,52.19196],[-1.27902,52.19529],[-1.26101,52.19669],[-1.25562,52.2002],[-1.26083,52.21443],[-1.2752,52.22276],[-1.2746,52.22735],[-1.28305,52.23767],[-1.26957,52.23657],[-1.25482,52.24684],[-1.23661,52.24938],[-1.23297,52.25326],[-1.21723,52.26311],[-1.21687,52.26751],[-1.22362,52.28582],[-1.23304,52.2915],[-1.22525,52.30145],[-1.20923,52.31471],[-1.23661,52.32013],[-1.24678,52.32214],[-1.26523,52.32838],[-1.25905,52.33645],[-1.23806,52.3442],[-1.23661,52.3449],[-1.23323,52.34655],[-1.22979,52.34706],[-1.22738,52.3465],[-1.22496,52.34685],[-1.22416,52.3481],[-1.19761,52.35261],[-1.19175,52.35165],[-1.17846,52.35485],[-1.17301,52.36161],[-1.17477,52.36437],[-1.18698,52.37848],[-1.20158,52.39674],[-1.22435,52.42301],[-1.23641,52.43573],[-1.23672,52.43604],[-1.24071,52.44014],[-1.24288,52.43968],[-1.2578,52.4539],[-1.26919,52.46357],[-1.29356,52.48426],[-1.30591,52.4934],[-1.30779,52.49454],[-1.32505,52.50104],[-1.39509,52.52705],[-1.41517,52.53439],[-1.41731,52.53446],[-1.41892,52.53777],[-1.42405,52.53959],[-1.45996,52.5516],[-1.483,52.55869],[-1.50267,52.56448],[-1.52284,52.57061],[-1.52148,52.57183],[-1.52296,52.57355],[-1.52472,52.57381],[-1.52677,52.58188],[-1.53678,52.58896],[-1.54447,52.58992],[-1.54747,52.59195],[-1.55975,52.59652],[-1.55468,52.61385],[-1.56755,52.62265],[-1.56545,52.63088],[-1.57044,52.63555],[-1.55708,52.63803],[-1.54712,52.64264],[-1.54348,52.64704],[-1.54326,52.65349],[-1.55174,52.66746],[-1.56887,52.67549],[-1.5683,52.67883],[-1.57817,52.67918],[-1.58961,52.68727],[-1.58846,52.69069],[-1.58861,52.69277],[-1.58629,52.6945],[-1.58975,52.69606],[-1.59088,52.69806],[-1.59751,52.70043],[-1.60394,52.69739],[-1.61524,52.69992],[-1.625,52.69831],[-1.63539,52.70139],[-1.64649,52.69928],[-1.65199,52.69989],[-1.65794,52.71163],[-1.65812,52.72142],[-1.67822,52.72674],[-1.69708,52.72787],[-1.70413,52.73209],[-1.69877,52.73532],[-1.69702,52.7432],[-1.69326,52.74447],[-1.69579,52.75327],[-1.68467,52.7609],[-1.68342,52.7685],[-1.67934,52.77145],[-1.67015,52.77341],[-1.67001,52.77361],[-1.67012,52.78106],[-1.66575,52.78467],[-1.66164,52.7847],[-1.65054,52.77987],[-1.63821,52.78674],[-1.62732,52.78044],[-1.61947,52.78451],[-1.61243,52.78123],[-1.60938,52.78447],[-1.61369,52.78617],[-1.61236,52.78753],[-1.61431,52.78828],[-1.61169,52.78987],[-1.60394,52.79177],[-1.6008,52.79666],[-1.58891,52.79983],[-1.59148,52.8086],[-1.60394,52.81325],[-1.6103,52.81563],[-1.60314,52.8251],[-1.58883,52.83004],[-1.5888,52.83139],[-1.59894,52.83776],[-1.60394,52.84123],[-1.60618,52.84279],[-1.61905,52.84603],[-1.62068,52.84742],[-1.62266,52.84795],[-1.62262,52.84952],[-1.62546,52.84979],[-1.6282,52.85188],[-1.62612,52.85272],[-1.62653,52.85438],[-1.62964,52.8538],[-1.6307,52.85281],[-1.63512,52.853],[-1.64243,52.85594],[-1.65865,52.8568],[-1.66275,52.85821],[-1.66492,52.85847],[-1.67024,52.86124],[-1.67458,52.86114],[-1.68995,52.86445],[-1.70085,52.8611],[-1.70362,52.86608],[-1.71203,52.86593],[-1.71631,52.8649],[-1.71614,52.86233],[-1.72543,52.8602],[-1.72743,52.8627],[-1.74025,52.86704],[-1.74789,52.86666],[-1.74621,52.8687],[-1.75169,52.8696],[-1.75244,52.87423],[-1.76092,52.87773],[-1.7733,52.87918],[-1.77715,52.88319],[-1.78388,52.88331],[-1.78932,52.88046],[-1.80016,52.88562],[-1.8098,52.88125],[-1.82359,52.88289],[-1.823,52.88542],[-1.82685,52.88464],[-1.83264,52.88742],[-1.8345,52.89132],[-1.83108,52.89754],[-1.83687,52.90398],[-1.84406,52.90723],[-1.84571,52.91012],[-1.843,52.91221],[-1.84715,52.91348],[-1.84892,52.91665],[-1.84865,52.92016],[-1.8542,52.92052],[-1.85575,52.92237],[-1.85292,52.93172],[-1.8503,52.93177],[-1.84957,52.93471],[-1.8433,52.93897],[-1.83356,52.94175],[-1.83553,52.94443],[-1.82872,52.94778],[-1.83341,52.95447],[-1.82656,52.96205],[-1.82987,52.97107],[-1.82608,52.9775],[-1.80639,52.98047],[-1.80259,52.98233],[-1.80287,52.98504],[-1.79675,52.98512],[-1.79373,52.98876],[-1.78811,52.98965],[-1.78884,52.99204],[-1.78458,52.99425],[-1.77151,52.99624],[-1.76359,52.99998],[-1.76585,53.00784],[-1.76345,53.01139],[-1.76279,53.01338],[-1.75863,53.01675],[-1.76327,53.02225],[-1.75723,53.02989],[-1.76039,53.03332],[-1.76002,53.03796],[-1.76897,53.04384],[-1.77763,53.04349],[-1.77895,53.04486],[-1.78362,53.04979],[-1.78375,53.05392],[-1.77679,53.0592],[-1.78491,53.06312],[-1.78494,53.06824],[-1.79063,53.07717],[-1.78891,53.08054],[-1.79352,53.0885],[-1.79189,53.09108],[-1.7842,53.09319],[-1.78344,53.09665],[-1.78425,53.10301],[-1.78972,53.10958],[-1.80044,53.11532],[-1.81011,53.12713],[-1.81407,53.13195],[-1.81991,53.13469],[-1.82175,53.13797],[-1.81263,53.15291],[-1.81698,53.15905],[-1.83053,53.16853],[-1.83488,53.17441],[-1.87361,53.19466],[-1.8849,53.19659],[-1.8986,53.19998],[-1.90868,53.19901],[-1.91556,53.20267],[-1.92262,53.2037],[-1.93676,53.21127],[-1.95542,53.21355],[-1.96053,53.21899],[-1.96228,53.22602],[-1.98738,53.21361],[-1.98967,53.22296],[-1.97681,53.22765],[-1.97539,53.2304],[-1.9825,53.2385],[-1.99863,53.24481],[-2.00143,53.24902],[-2.00087,53.25525],[-2.00864,53.26068],[-2.00567,53.26802],[-2.00813,53.28672],[-2.00903,53.30291],[-2.00152,53.31895],[-2.01023,53.32385],[-2.01017,53.33105],[-2.01362,53.33245],[-2.01368,53.33982],[-2.0056,53.34581],[-2.00803,53.35499],[-2.01045,53.35673],[-2.00978,53.36149],[-2.02031,53.36625],[-2.02752,53.36447],[-2.03308,53.36729],[-2.03102,53.37029],[-2.02941,53.37124],[-2.03147,53.37469],[-2.02607,53.37407],[-2.02196,53.37598],[-2.01254,53.38395],[-2.00535,53.38656],[-2.00502,53.39056],[-2.00445,53.39379],[-2.00174,53.39652],[-1.99615,53.40469],[-1.99395,53.40921],[-1.99327,53.41193],[-1.99393,53.41321],[-1.99229,53.41522],[-2.01385,53.41664],[-2.0223,53.42055],[-2.02031,53.42554],[-2.02619,53.42983],[-2.02722,53.43238],[-2.01514,53.43859],[-2.0067,53.43747],[-2.00594,53.44183],[-1.99851,53.44584],[-1.99634,53.44577],[-1.99479,53.44692],[-1.99497,53.45052],[-1.99289,53.45241],[-1.98942,53.45402],[-1.98683,53.45433],[-1.98737,53.45891],[-1.98795,53.46073],[-1.98074,53.46294],[-1.9815,53.46453],[-1.98789,53.46965],[-1.98693,53.4816],[-1.98157,53.48499],[-1.97689,53.48634],[-1.97498,53.48774],[-1.97091,53.49517],[-1.97238,53.5029],[-1.971,53.50469],[-1.96335,53.50985],[-1.96228,53.50879],[-1.95944,53.50594],[-1.95564,53.50448],[-1.9513,53.50423],[-1.94685,53.50457],[-1.94239,53.50664],[-1.93884,53.5065],[-1.93546,53.50581],[-1.92604,53.50869],[-1.92436,53.5096],[-1.92194,53.50998],[-1.91746,53.51311],[-1.91673,53.51452],[-1.92182,53.5172],[-1.92266,53.51841],[-1.92674,53.52098],[-1.92344,53.52299],[-1.92241,53.53085],[-1.91574,53.53297],[-1.91422,53.53674],[-1.91185,53.53806],[-1.90958,53.53842],[-1.90026,53.53819],[-1.89296,53.53419],[-1.88153,53.53928],[-1.87367,53.53993],[-1.85981,53.53351],[-1.84214,53.52055],[-1.82734,53.52305],[-1.82219,53.52112],[-1.82255,53.52005],[-1.82075,53.51854],[-1.81948,53.51346],[-1.81356,53.51213],[-1.80683,53.51212],[-1.80074,53.51141],[-1.81025,53.50637],[-1.8039,53.50509],[-1.79913,53.50468],[-1.79616,53.50307],[-1.79497,53.49592],[-1.79611,53.49419],[-1.7981,53.49344],[-1.80027,53.49342],[-1.80018,53.48819],[-1.80182,53.4866],[-1.80147,53.48099],[-1.7911,53.47617],[-1.78065,53.47452],[-1.77619,53.46874],[-1.76637,53.46452],[-1.74706,53.46329],[-1.74396,53.4456],[-1.74927,53.43841],[-1.74449,53.431],[-1.7458,53.42579],[-1.73035,53.41666],[-1.71678,53.4193],[-1.70458,53.41497],[-1.70273,53.40427],[-1.69458,53.40145],[-1.6818,53.40141],[-1.66837,53.39367],[-1.65385,53.39193],[-1.65392,53.38485],[-1.66257,53.37476],[-1.66395,53.36689],[-1.63212,53.35655],[-1.62479,53.35214],[-1.60394,53.34835],[-1.59055,53.34592],[-1.60182,53.34296],[-1.60394,53.34281],[-1.61179,53.3426],[-1.63186,53.32105],[-1.62602,53.3166],[-1.60849,53.32199],[-1.60394,53.31921],[-1.60123,53.31755],[-1.59912,53.31132],[-1.58512,53.32094],[-1.58008,53.31741],[-1.58224,53.31484],[-1.57989,53.31219],[-1.56898,53.31435],[-1.56001,53.31407],[-1.55682,53.31161],[-1.56076,53.30709],[-1.55875,53.30589],[-1.54781,53.30653],[-1.53721,53.30498],[-1.53093,53.31008],[-1.52618,53.3104],[-1.5074,53.31656],[-1.49613,53.31639],[-1.48237,53.31881],[-1.47436,53.31848],[-1.46791,53.31712],[-1.45522,53.32187],[-1.45547,53.32517],[-1.4617,53.32845],[-1.45041,53.332],[-1.44214,53.33738],[-1.42043,53.33515],[-1.4096,53.34165],[-1.40386,53.33887],[-1.38891,53.33639],[-1.38657,53.33488],[-1.39035,53.33136],[-1.39142,53.32186],[-1.38978,53.319],[-1.38508,53.31778],[-1.36374,53.31556],[-1.36017,53.31831],[-1.35029,53.31898],[-1.34033,53.31556],[-1.32788,53.32827],[-1.32467,53.32881],[-1.32465,53.32709],[-1.3222,53.3275],[-1.32165,53.32563],[-1.31151,53.32958],[-1.31096,53.3339],[-1.29808,53.33185],[-1.28918,53.32597],[-1.29501,53.32078],[-1.29377,53.31493],[-1.28195,53.3095],[-1.2722,53.30974],[-1.2674,53.30621],[-1.2542,53.30177],[-1.24331,53.30217],[-1.23661,53.30645],[-1.23054,53.30866],[-1.21948,53.30402],[-1.21069,53.30547],[-1.20563,53.30429],[-1.20312,53.30421],[-1.20202,53.30603],[-1.2029,53.30725],[-1.19969,53.31145],[-1.19106,53.31928],[-1.17476,53.32189],[-1.17506,53.32569],[-1.1633,53.32979],[-1.1593,53.3335],[-1.14857,53.33854],[-1.13939,53.34185],[-1.14018,53.3456],[-1.15607,53.34527],[-1.16225,53.35312],[-1.16119,53.35732],[-1.15113,53.35475],[-1.13933,53.35629],[-1.13933,53.35849],[-1.13977,53.36266],[-1.14584,53.36547],[-1.14508,53.37046],[-1.13933,53.37206],[-1.13829,53.37234],[-1.13037,53.37696],[-1.13346,53.39154],[-1.13318,53.39142],[-1.12335,53.39765],[-1.11599,53.39784],[-1.11593,53.40743],[-1.11158,53.40609],[-1.10814,53.40591],[-1.09868,53.41875],[-1.08771,53.42479],[-1.08003,53.4232],[-1.07786,53.42704],[-1.06952,53.42785],[-1.05699,53.4255],[-1.032,53.43072],[-1.02944,53.42944],[-1.02941,53.42547],[-1.02304,53.42451],[-1.0223,53.42631],[-1.01794,53.42676],[-1.01423,53.42635],[-1.0125,53.43064],[-1.01232,53.43282],[-1.00983,53.43285],[-1.00862,53.43392],[-1.00504,53.43382],[-1.0029,53.43475],[-1.00032,53.43502],[-0.99585,53.43687],[-0.99602,53.438],[-0.99843,53.43885],[-0.99724,53.44166],[-0.99728,53.44428],[-0.99476,53.44712],[-0.99433,53.44892],[-0.99119,53.45174],[-0.99368,53.45295],[-0.98549,53.46138],[-0.98339,53.46764],[-0.98596,53.47166],[-0.98161,53.47474],[-0.9769,53.4752],[-0.95326,53.48444],[-0.93552,53.50252],[-0.90146,53.47561],[-0.91931,53.4658],[-0.9162,53.46032],[-0.87495,53.4618],[-0.86988,53.46605],[-0.81844,53.45955],[-0.79742,53.45509],[-0.78692,53.46112],[-0.78432,53.46337],[-0.78551,53.47353],[-0.78484,53.47607],[-0.78354,53.47727],[-0.78142,53.47806],[-0.77789,53.47864],[-0.7733,53.47829],[-0.77167,53.47901],[-0.77097,53.48065],[-0.77128,53.48236],[-0.7754,53.48767],[-0.77538,53.48957],[-0.77333,53.4914],[-0.76866,53.49413],[-0.76846,53.49805],[-0.76729,53.49959],[-0.76442,53.50072],[-0.76021,53.50085],[-0.75457,53.50003],[-0.75042,53.5015],[-0.74248,53.5102],[-0.73849,53.51987],[-0.70272,53.5146],[-0.68775,53.51594],[-0.67504,53.51275],[-0.65668,53.51384],[-0.62561,53.51262],[-0.6278,53.50645],[-0.62588,53.49557],[-0.63312,53.48491],[-0.63388,53.47936],[-0.63382,53.46921],[-0.62729,53.46234],[-0.62968,53.45824],[-0.59941,53.45642],[-0.57064,53.45779],[-0.56518,53.45831],[-0.56011,53.4588],[-0.55172,53.45961],[-0.55164,53.46083],[-0.52964,53.46383],[-0.51241,53.46783],[-0.50884,53.46755],[-0.50522,53.468],[-0.49996,53.46964],[-0.47168,53.47489],[-0.4853,53.47997],[-0.48773,53.48343],[-0.48773,53.48722],[-0.48108,53.49622],[-0.48484,53.50582],[-0.47625,53.50864],[-0.44557,53.50934],[-0.41441,53.51504],[-0.40596,53.51775],[-0.40635,53.52436],[-0.40939,53.53286],[-0.41454,53.53545],[-0.42218,53.53526],[-0.43066,53.54585],[-0.44208,53.54599],[-0.47628,53.53884],[-0.49982,53.53773],[-0.49083,53.54588],[-0.47838,53.54584],[-0.46778,53.54933],[-0.46536,53.55553],[-0.45761,53.55897],[-0.45069,53.55882],[-0.43914,53.57013],[-0.42977,53.57393],[-0.41746,53.56356],[-0.38824,53.55983],[-0.3657,53.55897],[-0.34925,53.55587],[-0.34682,53.5579],[-0.34858,53.55953],[-0.3353,53.55963],[-0.31531,53.5835],[-0.31007,53.58975],[-0.30424,53.59125],[-0.3014,53.59602],[-0.30766,53.61386],[-0.30125,53.61575]]]]},"properties":{"code":"UKF","nom":"East Midlands (England)","country":"GB"}},{"type":"Feature","geometry":{"type":"MultiPolygon","coordinates":[[[[-1.91556,53.20267],[-1.90868,53.19901],[-1.8986,53.19998],[-1.8849,53.19659],[-1.87361,53.19466],[-1.83488,53.17441],[-1.83053,53.16853],[-1.81698,53.15905],[-1.81263,53.15291],[-1.82175,53.13797],[-1.81991,53.13469],[-1.81407,53.13195],[-1.81011,53.12713],[-1.80044,53.11532],[-1.78972,53.10958],[-1.78425,53.10301],[-1.78344,53.09665],[-1.7842,53.09319],[-1.79189,53.09108],[-1.79352,53.0885],[-1.78891,53.08054],[-1.79063,53.07717],[-1.78494,53.06824],[-1.78491,53.06312],[-1.77679,53.0592],[-1.78375,53.05392],[-1.78362,53.04979],[-1.77895,53.04486],[-1.77763,53.04349],[-1.76897,53.04384],[-1.76002,53.03796],[-1.76039,53.03332],[-1.75723,53.02989],[-1.76327,53.02225],[-1.75863,53.01675],[-1.76279,53.01338],[-1.76345,53.01139],[-1.76585,53.00784],[-1.76359,52.99998],[-1.77151,52.99624],[-1.78458,52.99425],[-1.78884,52.99204],[-1.78811,52.98965],[-1.79373,52.98876],[-1.79675,52.98512],[-1.80287,52.98504],[-1.80259,52.98233],[-1.80639,52.98047],[-1.82608,52.9775],[-1.82987,52.97107],[-1.82656,52.96205],[-1.83341,52.95447],[-1.82872,52.94778],[-1.83553,52.94443],[-1.83356,52.94175],[-1.8433,52.93897],[-1.84957,52.93471],[-1.8503,52.93177],[-1.85292,52.93172],[-1.85575,52.92237],[-1.8542,52.92052],[-1.84865,52.92016],[-1.84892,52.91665],[-1.84715,52.91348],[-1.843,52.91221],[-1.84571,52.91012],[-1.84406,52.90723],[-1.83687,52.90398],[-1.83108,52.89754],[-1.8345,52.89132],[-1.83264,52.88742],[-1.82685,52.88464],[-1.823,52.88542],[-1.82359,52.88289],[-1.8098,52.88125],[-1.80016,52.88562],[-1.78932,52.88046],[-1.78388,52.88331],[-1.77715,52.88319],[-1.7733,52.87918],[-1.76092,52.87773],[-1.75244,52.87423],[-1.75169,52.8696],[-1.74621,52.8687],[-1.74789,52.86666],[-1.74025,52.86704],[-1.72743,52.8627],[-1.72543,52.8602],[-1.71614,52.86233],[-1.71631,52.8649],[-1.71203,52.86593],[-1.70362,52.86608],[-1.70085,52.8611],[-1.68995,52.86445],[-1.67458,52.86114],[-1.67024,52.86124],[-1.66492,52.85847],[-1.66275,52.85821],[-1.65865,52.8568],[-1.64243,52.85594],[-1.63512,52.853],[-1.6307,52.85281],[-1.62964,52.8538],[-1.62653,52.85438],[-1.62612,52.85272],[-1.6282,52.85188],[-1.62546,52.84979],[-1.62262,52.84952],[-1.62266,52.84795],[-1.62068,52.84742],[-1.61905,52.84603],[-1.60618,52.84279],[-1.60394,52.84123],[-1.59894,52.83776],[-1.5888,52.83139],[-1.58883,52.83004],[-1.60314,52.8251],[-1.6103,52.81563],[-1.60394,52.81325],[-1.59148,52.8086],[-1.58891,52.79983],[-1.6008,52.79666],[-1.60394,52.79177],[-1.61169,52.78987],[-1.61431,52.78828],[-1.61236,52.78753],[-1.61369,52.78617],[-1.60938,52.78447],[-1.61243,52.78123],[-1.61947,52.78451],[-1.62732,52.78044],[-1.63821,52.78674],[-1.65054,52.77987],[-1.66164,52.7847],[-1.66575,52.78467],[-1.67012,52.78106],[-1.67001,52.77361],[-1.67015,52.77341],[-1.67934,52.77145],[-1.68342,52.7685],[-1.68467,52.7609],[-1.69579,52.75327],[-1.69326,52.74447],[-1.69702,52.7432],[-1.69877,52.73532],[-1.70413,52.73209],[-1.69708,52.72787],[-1.67822,52.72674],[-1.65812,52.72142],[-1.65794,52.71163],[-1.65199,52.69989],[-1.64649,52.69928],[-1.63539,52.70139],[-1.625,52.69831],[-1.61524,52.69992],[-1.60394,52.69739],[-1.59751,52.70043],[-1.59088,52.69806],[-1.58975,52.69606],[-1.58629,52.6945],[-1.58861,52.69277],[-1.58846,52.69069],[-1.58961,52.68727],[-1.57817,52.67918],[-1.5683,52.67883],[-1.56887,52.67549],[-1.55174,52.66746],[-1.54326,52.65349],[-1.54348,52.64704],[-1.54712,52.64264],[-1.55708,52.63803],[-1.57044,52.63555],[-1.56545,52.63088],[-1.56755,52.62265],[-1.55468,52.61385],[-1.55975,52.59652],[-1.54747,52.59195],[-1.54447,52.58992],[-1.53678,52.58896],[-1.52677,52.58188],[-1.52472,52.57381],[-1.52296,52.57355],[-1.52148,52.57183],[-1.52284,52.57061],[-1.50267,52.56448],[-1.483,52.55869],[-1.45996,52.5516],[-1.42405,52.53959],[-1.41892,52.53777],[-1.41731,52.53446],[-1.41517,52.53439],[-1.39509,52.52705],[-1.32505,52.50104],[-1.30779,52.49454],[-1.30591,52.4934],[-1.29356,52.48426],[-1.26919,52.46357],[-1.2578,52.4539],[-1.24288,52.43968],[-1.24071,52.44014],[-1.23672,52.43604],[-1.23641,52.43573],[-1.22435,52.42301],[-1.20158,52.39674],[-1.18698,52.37848],[-1.17477,52.36437],[-1.17301,52.36161],[-1.17846,52.35485],[-1.19175,52.35165],[-1.19761,52.35261],[-1.22416,52.3481],[-1.22496,52.34685],[-1.22738,52.3465],[-1.22979,52.34706],[-1.23323,52.34655],[-1.23661,52.3449],[-1.23806,52.3442],[-1.25905,52.33645],[-1.26523,52.32838],[-1.24678,52.32214],[-1.23661,52.32013],[-1.20923,52.31471],[-1.22525,52.30145],[-1.23304,52.2915],[-1.22362,52.28582],[-1.21687,52.26751],[-1.21723,52.26311],[-1.23297,52.25326],[-1.23661,52.24938],[-1.25482,52.24684],[-1.26957,52.23657],[-1.28305,52.23767],[-1.2746,52.22735],[-1.2752,52.22276],[-1.26083,52.21443],[-1.25562,52.2002],[-1.26101,52.19669],[-1.27902,52.19529],[-1.28117,52.19196],[-1.31316,52.18979],[-1.31842,52.18214],[-1.32375,52.18081],[-1.33086,52.17452],[-1.3319,52.16848],[-1.3344,52.15977],[-1.33825,52.1588],[-1.34274,52.15359],[-1.34177,52.14514],[-1.34917,52.14103],[-1.34922,52.13561],[-1.36715,52.13556],[-1.38582,52.12755],[-1.39254,52.1196],[-1.39051,52.11728],[-1.37186,52.1175],[-1.36985,52.11307],[-1.36018,52.10592],[-1.35916,52.10177],[-1.37462,52.09914],[-1.38485,52.09468],[-1.40036,52.10464],[-1.40456,52.11009],[-1.41868,52.11716],[-1.4255,52.11805],[-1.44893,52.11553],[-1.4526,52.11253],[-1.4485,52.10624],[-1.44796,52.09817],[-1.46718,52.09726],[-1.47715,52.10062],[-1.48047,52.09408],[-1.48713,52.09321],[-1.48567,52.08848],[-1.49376,52.08157],[-1.49175,52.07649],[-1.50094,52.07192],[-1.50207,52.06746],[-1.49919,52.06351],[-1.49902,52.05465],[-1.50266,52.04518],[-1.51021,52.0255],[-1.52087,52.0061],[-1.52281,51.99684],[-1.52757,51.99229],[-1.5421,51.99626],[-1.55622,51.99153],[-1.55055,51.98159],[-1.55249,51.98016],[-1.58014,51.9733],[-1.59714,51.97572],[-1.59278,51.96987],[-1.59789,51.96392],[-1.60394,51.96056],[-1.6122,51.95598],[-1.63895,51.97553],[-1.66573,51.98749],[-1.66959,51.99147],[-1.66689,51.9961],[-1.64393,52.00897],[-1.63864,52.02014],[-1.62904,52.02647],[-1.62089,52.02772],[-1.61772,52.03192],[-1.62529,52.03836],[-1.63201,52.03638],[-1.63894,52.03704],[-1.6453,52.03466],[-1.65374,52.03485],[-1.66107,52.03161],[-1.66822,52.03584],[-1.68664,52.03756],[-1.69399,52.04037],[-1.69272,52.04518],[-1.69018,52.05474],[-1.69873,52.05514],[-1.70309,52.0578],[-1.70348,52.07208],[-1.70974,52.07212],[-1.7147,52.06778],[-1.72903,52.07284],[-1.73008,52.09512],[-1.7424,52.09199],[-1.74688,52.09325],[-1.75094,52.09543],[-1.75179,52.09692],[-1.75354,52.09767],[-1.75484,52.09929],[-1.75413,52.10093],[-1.75768,52.10316],[-1.75887,52.10608],[-1.7625,52.10734],[-1.76646,52.10987],[-1.76763,52.11259],[-1.78782,52.10651],[-1.79115,52.10055],[-1.80182,52.09708],[-1.81333,52.07941],[-1.81901,52.08465],[-1.83297,52.07327],[-1.8466,52.07943],[-1.84916,52.07728],[-1.85086,52.07456],[-1.85337,52.07237],[-1.85559,52.07444],[-1.86316,52.07378],[-1.86902,52.07386],[-1.87198,52.07192],[-1.87197,52.06637],[-1.86523,52.06574],[-1.86307,52.06345],[-1.86241,52.05334],[-1.84071,52.04518],[-1.83523,52.04312],[-1.82962,52.03801],[-1.82992,52.03279],[-1.82593,52.02994],[-1.83499,52.02252],[-1.8356,52.00995],[-1.83903,52.00679],[-1.85773,52.01122],[-1.87433,52.02457],[-1.91343,52.04446],[-1.92164,52.03652],[-1.92706,52.03595],[-1.93222,52.03053],[-1.94673,52.0323],[-1.95018,52.03534],[-1.9524,52.0373],[-1.98412,52.03588],[-1.98893,52.03213],[-1.99433,52.02752],[-1.99879,52.02902],[-2.02107,52.01821],[-2.02842,52.0105],[-2.03722,52.00924],[-2.03914,52.00469],[-2.04802,52.00393],[-2.05052,52.00805],[-2.05969,52.00998],[-2.06171,52.0142],[-2.08384,52.01066],[-2.09766,52.01307],[-2.10874,52.01428],[-2.11682,52.01432],[-2.1211,52.0113],[-2.13103,52.00554],[-2.13485,52.00045],[-2.14184,51.99982],[-2.14018,52.0037],[-2.15076,52.00663],[-2.13905,52.02776],[-2.11732,52.03406],[-2.11837,52.04211],[-2.13038,52.04518],[-2.13352,52.04598],[-2.14859,52.04683],[-2.16012,52.05028],[-2.17136,52.04758],[-2.17468,52.04518],[-2.18049,52.04098],[-2.17764,52.02275],[-2.18767,52.01908],[-2.18405,52.0139],[-2.17212,52.00846],[-2.16471,52.0042],[-2.16353,52.0015],[-2.16428,51.99646],[-2.16641,51.99531],[-2.17025,51.99467],[-2.17489,51.99615],[-2.18043,51.99879],[-2.18032,51.99382],[-2.18545,51.99092],[-2.20191,51.99595],[-2.22077,51.99486],[-2.2335,51.98605],[-2.24456,51.9725],[-2.2518,51.9672],[-2.27054,51.96894],[-2.27659,51.96951],[-2.28055,51.97058],[-2.28828,51.97067],[-2.29329,51.96967],[-2.29723,51.96761],[-2.30042,51.96678],[-2.3085,51.97113],[-2.31161,51.97583],[-2.32558,51.97622],[-2.32111,51.99221],[-2.32525,52.00387],[-2.33213,52.00722],[-2.34086,52.00689],[-2.35149,52.01318],[-2.35136,52.02137],[-2.35704,52.01989],[-2.3843,52.01283],[-2.39246,52.01244],[-2.39969,51.99665],[-2.41685,51.99419],[-2.43582,51.99703],[-2.43531,52.01361],[-2.44467,52.01551],[-2.46269,52.01505],[-2.46322,52.02171],[-2.46619,52.02373],[-2.4776,52.02264],[-2.48121,52.0154],[-2.49124,52.0105],[-2.49097,52.00648],[-2.48583,52.00133],[-2.47774,51.99967],[-2.47205,51.99481],[-2.48824,51.98701],[-2.49477,51.98044],[-2.4962,51.97552],[-2.49292,51.9656],[-2.50008,51.96121],[-2.49052,51.9557],[-2.47455,51.9562],[-2.46547,51.9517],[-2.46425,51.93917],[-2.46786,51.93739],[-2.46521,51.92772],[-2.45539,51.91998],[-2.44838,51.91815],[-2.44643,51.91509],[-2.44116,51.90291],[-2.44436,51.9],[-2.44087,51.89714],[-2.44599,51.894],[-2.4489,51.89481],[-2.45614,51.89342],[-2.4652,51.89299],[-2.4678,51.89202],[-2.46863,51.89078],[-2.47372,51.88735],[-2.47339,51.88556],[-2.47786,51.88497],[-2.48072,51.88573],[-2.486,51.88448],[-2.49123,51.88023],[-2.49513,51.88257],[-2.5003,51.8825],[-2.50366,51.88598],[-2.50808,51.8851],[-2.52161,51.86603],[-2.52729,51.8629],[-2.53111,51.86303],[-2.53161,51.86077],[-2.53407,51.86039],[-2.56136,51.86372],[-2.57555,51.86225],[-2.58316,51.85966],[-2.57988,51.85316],[-2.58209,51.85062],[-2.58685,51.85073],[-2.59756,51.85558],[-2.60639,51.85203],[-2.60985,51.84706],[-2.62068,51.8435],[-2.62588,51.83933],[-2.6355,51.84043],[-2.65021,51.82615],[-2.6563,51.82744],[-2.6589,51.83263],[-2.66461,51.83504],[-2.68202,51.83794],[-2.68472,51.83719],[-2.68699,51.83306],[-2.69335,51.83388],[-2.69341,51.83771],[-2.69731,51.84478],[-2.70508,51.84495],[-2.70745,51.84004],[-2.71117,51.83949],[-2.71639,51.84154],[-2.72007,51.84807],[-2.72759,51.8409],[-2.73302,51.84057],[-2.73886,51.83667],[-2.74358,51.84151],[-2.74619,51.84419],[-2.75626,51.8464],[-2.76205,51.85362],[-2.76758,51.8605],[-2.77825,51.86599],[-2.77276,51.87682],[-2.77092,51.88055],[-2.79669,51.88879],[-2.80872,51.89624],[-2.81147,51.89746],[-2.81528,51.89915],[-2.8191,51.90429],[-2.82376,51.90523],[-2.83511,51.90604],[-2.83734,51.91321],[-2.84202,51.91699],[-2.86159,51.91468],[-2.86195,51.91715],[-2.84807,51.91978],[-2.84625,51.92257],[-2.85916,51.92724],[-2.86851,51.92699],[-2.87517,51.93265],[-2.88286,51.93418],[-2.88799,51.93317],[-2.88782,51.9283],[-2.89171,51.92592],[-2.90368,51.92486],[-2.91639,51.91795],[-2.927,51.91444],[-2.93342,51.91455],[-2.95352,51.90654],[-2.97033,51.90527],[-2.97435,51.90977],[-2.97188,51.9136],[-2.97605,51.9265],[-2.99915,51.92373],[-3.00654,51.92636],[-3.00987,51.93206],[-3.00976,51.93989],[-3.01117,51.94138],[-3.02528,51.95635],[-3.03494,51.96006],[-3.04044,51.96677],[-3.06736,51.98315],[-3.06853,51.98446],[-3.06941,51.9895],[-3.07562,51.99587],[-3.07889,51.99764],[-3.08221,52.00241],[-3.08408,52.00412],[-3.08689,52.01392],[-3.09434,52.01873],[-3.09919,52.0227],[-3.09275,52.02899],[-3.09234,52.0332],[-3.08692,52.03917],[-3.08648,52.04115],[-3.09034,52.04518],[-3.09191,52.04682],[-3.09197,52.05133],[-3.11664,52.06645],[-3.1184,52.07014],[-3.12597,52.07834],[-3.11935,52.08853],[-3.12212,52.10283],[-3.10593,52.10569],[-3.10732,52.11389],[-3.10498,52.11674],[-3.11558,52.1214],[-3.12816,52.1241],[-3.13618,52.12358],[-3.14122,52.12993],[-3.13507,52.13314],[-3.13466,52.13765],[-3.11574,52.1393],[-3.09301,52.14468],[-3.07263,52.15565],[-3.07337,52.15928],[-3.08339,52.1626],[-3.09845,52.15514],[-3.11601,52.16031],[-3.12207,52.16551],[-3.11341,52.17018],[-3.1107,52.17445],[-3.10061,52.17797],[-3.09581,52.18203],[-3.09622,52.19273],[-3.09863,52.20205],[-3.07383,52.2135],[-3.07688,52.21769],[-3.0714,52.22804],[-3.0722,52.23489],[-3.05524,52.23763],[-3.04603,52.23924],[-3.04354,52.24381],[-3.04748,52.24962],[-3.04581,52.25233],[-3.0268,52.25806],[-3.01117,52.26225],[-3.00404,52.26416],[-2.99121,52.26083],[-2.98021,52.26224],[-2.97749,52.25978],[-2.96684,52.26287],[-2.95697,52.27118],[-2.96801,52.27383],[-2.99363,52.27376],[-3.0112,52.27887],[-3.01072,52.28746],[-3.00545,52.29215],[-3.0015,52.30093],[-3.00344,52.31067],[-3.00152,52.3202],[-2.99699,52.32418],[-2.98598,52.32403],[-2.96771,52.32982],[-2.95472,52.34926],[-2.97529,52.35431],[-2.98677,52.35131],[-2.99977,52.35155],[-3.01117,52.34894],[-3.01961,52.347],[-3.04103,52.34469],[-3.06284,52.34937],[-3.07147,52.35606],[-3.08409,52.36003],[-3.10003,52.36785],[-3.10361,52.37295],[-3.11048,52.37671],[-3.12114,52.37804],[-3.13123,52.38472],[-3.15477,52.38844],[-3.16137,52.39284],[-3.16038,52.39917],[-3.17841,52.40906],[-3.19985,52.417],[-3.21854,52.42127],[-3.22339,52.42746],[-3.23014,52.43097],[-3.22907,52.43885],[-3.23492,52.44214],[-3.23091,52.45326],[-3.22318,52.4571],[-3.2197,52.45955],[-3.21696,52.46269],[-3.21607,52.46534],[-3.21335,52.46666],[-3.21202,52.46815],[-3.20817,52.46995],[-3.20594,52.47041],[-3.20184,52.47281],[-3.1969,52.4746],[-3.1973,52.47603],[-3.19456,52.47645],[-3.18056,52.47388],[-3.17827,52.47462],[-3.17124,52.47868],[-3.15775,52.4851],[-3.14841,52.48737],[-3.14539,52.4885],[-3.14489,52.48885],[-3.1392,52.49158],[-3.1258,52.49273],[-3.10757,52.49928],[-3.0476,52.49932],[-3.03052,52.50142],[-3.03612,52.51273],[-3.03118,52.52239],[-3.0278,52.52359],[-3.01117,52.5217],[-3.00347,52.52083],[-3.00316,52.5346],[-2.99417,52.55296],[-2.99894,52.55506],[-2.99863,52.56485],[-3.00674,52.57356],[-3.01117,52.57444],[-3.01493,52.57519],[-3.03393,52.57218],[-3.04332,52.56806],[-3.05094,52.56049],[-3.05999,52.55612],[-3.06577,52.55625],[-3.08557,52.55132],[-3.09204,52.54737],[-3.09249,52.54412],[-3.08167,52.53886],[-3.08487,52.53529],[-3.10977,52.52931],[-3.13306,52.52748],[-3.13496,52.52849],[-3.13516,52.53053],[-3.13641,52.53161],[-3.13709,52.53339],[-3.13072,52.53643],[-3.11697,52.53866],[-3.11218,52.54214],[-3.12662,52.56478],[-3.13734,52.57405],[-3.13927,52.58601],[-3.13424,52.58531],[-3.12435,52.58748],[-3.11915,52.5865],[-3.11331,52.58992],[-3.09914,52.59761],[-3.09019,52.59961],[-3.09247,52.60977],[-3.08382,52.61508],[-3.08126,52.62105],[-3.07349,52.62577],[-3.07304,52.62863],[-3.06093,52.6309],[-3.06817,52.63663],[-3.08137,52.64017],[-3.07457,52.64393],[-3.05195,52.64775],[-3.05103,52.65253],[-3.04612,52.65607],[-3.0486,52.66208],[-3.04464,52.66557],[-3.03966,52.67497],[-3.04471,52.67598],[-3.04302,52.68615],[-3.04593,52.69106],[-3.0356,52.69329],[-3.03082,52.70111],[-3.0237,52.70599],[-3.02221,52.71014],[-3.025,52.71542],[-3.02152,52.72422],[-3.01615,52.72111],[-3.01117,52.72086],[-3.00192,52.72041],[-2.98673,52.72264],[-2.97845,52.72605],[-2.97599,52.72233],[-2.97738,52.71576],[-2.96487,52.71484],[-2.96154,52.71677],[-2.96181,52.72458],[-2.96636,52.72657],[-2.96586,52.73171],[-2.97357,52.7357],[-2.98171,52.73391],[-2.99212,52.73461],[-2.99565,52.73704],[-2.99336,52.74355],[-3.01117,52.74961],[-3.01656,52.74855],[-3.01862,52.75199],[-3.01211,52.75854],[-3.01572,52.76519],[-3.02719,52.7657],[-3.03891,52.76901],[-3.04805,52.7687],[-3.05412,52.77239],[-3.06112,52.77083],[-3.06816,52.77269],[-3.0764,52.77159],[-3.08892,52.78091],[-3.08893,52.79442],[-3.10551,52.79161],[-3.11116,52.78728],[-3.11906,52.7848],[-3.12038,52.787],[-3.1448,52.78929],[-3.14944,52.7923],[-3.15827,52.7939],[-3.16136,52.79848],[-3.15456,52.80259],[-3.15439,52.80679],[-3.15774,52.80718],[-3.1614,52.80363],[-3.16763,52.80778],[-3.16734,52.81941],[-3.15594,52.83004],[-3.15513,52.83079],[-3.1558,52.8377],[-3.1517,52.84178],[-3.15939,52.84965],[-3.13392,52.86284],[-3.12933,52.86716],[-3.15041,52.87833],[-3.14599,52.88397],[-3.1393,52.88605],[-3.14748,52.89016],[-3.1376,52.89477],[-3.11473,52.89539],[-3.11629,52.90048],[-3.1095,52.91818],[-3.09597,52.93035],[-3.07709,52.92579],[-3.05758,52.92825],[-3.0402,52.92834],[-3.03387,52.93012],[-3.02831,52.93614],[-3.02492,52.93696],[-3.02,52.94596],[-3.01678,52.9487],[-3.01343,52.94937],[-3.01117,52.95211],[-3.00723,52.95691],[-2.98248,52.9595],[-2.97716,52.96747],[-2.97466,52.96894],[-2.96847,52.9642],[-2.97148,52.95993],[-2.96273,52.95541],[-2.95966,52.95133],[-2.93022,52.93951],[-2.92085,52.94319],[-2.90729,52.94267],[-2.8985,52.94985],[-2.88793,52.95179],[-2.88364,52.94703],[-2.87161,52.94526],[-2.84915,52.9445],[-2.84117,52.94166],[-2.83881,52.93322],[-2.81361,52.9149],[-2.81219,52.90951],[-2.80423,52.90306],[-2.80052,52.89548],[-2.79479,52.89752],[-2.79118,52.90254],[-2.7721,52.91429],[-2.75565,52.92417],[-2.74358,52.9245],[-2.72853,52.9252],[-2.72581,52.94235],[-2.72811,52.94707],[-2.72499,52.95675],[-2.72716,52.9648],[-2.73453,52.96999],[-2.72682,52.9833],[-2.72509,52.98296],[-2.72028,52.98402],[-2.71656,52.98407],[-2.71513,52.98507],[-2.71186,52.98611],[-2.70455,52.99044],[-2.70075,52.9933],[-2.69927,52.99546],[-2.68472,52.9868],[-2.67176,52.98705],[-2.65201,52.99473],[-2.64279,52.9935],[-2.63485,52.99642],[-2.62801,52.99512],[-2.6228,52.98756],[-2.60811,52.98795],[-2.60446,52.98418],[-2.60474,52.97972],[-2.59739,52.9786],[-2.59851,52.97589],[-2.59389,52.9746],[-2.59774,52.97189],[-2.59684,52.96284],[-2.58909,52.95867],[-2.58608,52.95599],[-2.57837,52.95617],[-2.57477,52.95805],[-2.57138,52.9598],[-2.57229,52.96232],[-2.56133,52.96429],[-2.5574,52.96097],[-2.55458,52.95858],[-2.54546,52.9561],[-2.53535,52.94867],[-2.53049,52.94762],[-2.52397,52.95459],[-2.52274,52.97097],[-2.52041,52.97371],[-2.51334,52.97102],[-2.50781,52.96559],[-2.49808,52.96823],[-2.49269,52.96763],[-2.48113,52.95884],[-2.47545,52.96187],[-2.45089,52.96614],[-2.44313,52.97018],[-2.43566,52.96979],[-2.43481,52.97976],[-2.43814,52.98559],[-2.41109,52.9882],[-2.40562,52.99113],[-2.40584,52.99547],[-2.39749,52.99518],[-2.38077,52.99843],[-2.38197,53.00808],[-2.37044,53.01459],[-2.38288,53.02544],[-2.38047,53.02867],[-2.38507,53.03338],[-2.38406,53.04797],[-2.38095,53.05211],[-2.37503,53.05455],[-2.35935,53.05459],[-2.35704,53.05633],[-2.35429,53.0584],[-2.34857,53.05585],[-2.33178,53.06997],[-2.32814,53.07641],[-2.3167,53.08113],[-2.3049,53.08274],[-2.29408,53.07883],[-2.28166,53.08034],[-2.27847,53.08093],[-2.27526,53.08221],[-2.27453,53.08397],[-2.27708,53.08593],[-2.25864,53.08981],[-2.25265,53.09349],[-2.24655,53.09021],[-2.24635,53.09163],[-2.23897,53.09829],[-2.23884,53.09998],[-2.23792,53.10107],[-2.22463,53.10436],[-2.21129,53.11584],[-2.20262,53.12165],[-2.19636,53.12713],[-2.19359,53.12956],[-2.1865,53.136],[-2.17524,53.14613],[-2.15971,53.15309],[-2.15405,53.15899],[-2.14138,53.15667],[-2.14466,53.174],[-2.1407,53.1836],[-2.13377,53.18261],[-2.12842,53.17549],[-2.12012,53.17408],[-2.11401,53.16946],[-2.10035,53.16959],[-2.09023,53.17188],[-2.08644,53.17028],[-2.07691,53.17082],[-2.05882,53.17642],[-2.05807,53.18146],[-2.04644,53.19222],[-2.03017,53.19336],[-2.01745,53.18956],[-2.00097,53.194],[-1.98738,53.21361],[-1.96228,53.22602],[-1.96053,53.21899],[-1.95542,53.21355],[-1.93676,53.21127],[-1.92262,53.2037],[-1.91556,53.20267]]],[[[-3.03307,52.76632],[-3.03233,52.76357],[-3.03792,52.7639],[-3.0388,52.76537],[-3.03307,52.76632]]]]},"properties":{"code":"UKG","nom":"West Midlands (England)","country":"GB"}},{"type":"Feature","geometry":{"type":"MultiPolygon","coordinates":[[[[-0.7762,54.55677],[-0.76665,54.5497],[-0.7655,54.54583],[-0.75166,54.54204],[-0.74773,54.53606],[-0.74862,54.53236],[-0.74432,54.52886],[-0.73408,54.52773],[-0.71528,54.53324],[-0.70932,54.53196],[-0.69392,54.52104],[-0.6809,54.51857],[-0.67319,54.51208],[-0.67439,54.50624],[-0.66907,54.50228],[-0.65488,54.4979],[-0.63981,54.49566],[-0.62437,54.49194],[-0.61236,54.49207],[-0.59324,54.48788],[-0.57131,54.48071],[-0.56518,54.47699],[-0.56011,54.46998],[-0.55705,54.46574],[-0.52153,54.4463],[-0.5222,54.44303],[-0.5226,54.44108],[-0.53194,54.43514],[-0.53085,54.42555],[-0.52276,54.4167],[-0.5027,54.40745],[-0.49075,54.40716],[-0.47195,54.3969],[-0.44921,54.37149],[-0.44844,54.36765],[-0.44757,54.36326],[-0.4468,54.3594],[-0.4447,54.35769],[-0.4391,54.35663],[-0.43299,54.35035],[-0.4309,54.34492],[-0.43254,54.34018],[-0.42838,54.34023],[-0.42322,54.33907],[-0.42068,54.33289],[-0.41712,54.33154],[-0.41971,54.32735],[-0.42148,54.32619],[-0.42046,54.32254],[-0.41708,54.32055],[-0.41877,54.31993],[-0.41742,54.31094],[-0.40856,54.30517],[-0.40944,54.30256],[-0.40863,54.30156],[-0.41011,54.30046],[-0.40952,54.29739],[-0.4058,54.29214],[-0.40022,54.28909],[-0.39685,54.28805],[-0.39491,54.28809],[-0.39092,54.28981],[-0.38569,54.28902],[-0.38532,54.28478],[-0.3971,54.27947],[-0.39753,54.27707],[-0.39652,54.27444],[-0.38618,54.26563],[-0.37581,54.26212],[-0.36956,54.25549],[-0.36725,54.25298],[-0.36887,54.24935],[-0.36356,54.24531],[-0.3505,54.2413],[-0.33831,54.24232],[-0.33441,54.23856],[-0.31797,54.23373],[-0.31141,54.22871],[-0.30246,54.22724],[-0.27209,54.2179],[-0.27772,54.21575],[-0.28306,54.20997],[-0.2847,54.20342],[-0.28265,54.19511],[-0.2794,54.18963],[-0.27507,54.18451],[-0.26847,54.17916],[-0.26415,54.17645],[-0.25131,54.16973],[-0.24288,54.16595],[-0.23276,54.16186],[-0.2235,54.15925],[-0.21816,54.15799],[-0.21245,54.15763],[-0.17259,54.15142],[-0.1438,54.1414],[-0.11844,54.13311],[-0.09909,54.1298],[-0.08381,54.12239],[-0.08182,54.11809],[-0.0772,54.1166],[-0.0779,54.11383],[-0.08442,54.10999],[-0.10425,54.10443],[-0.14025,54.10418],[-0.16452,54.09947],[-0.17286,54.0951],[-0.18463,54.08463],[-0.18758,54.08043],[-0.19832,54.07757],[-0.20928,54.06399],[-0.21217,54.05759],[-0.21401,54.04779],[-0.21516,54.02981],[-0.21491,54.02223],[-0.21201,54.00796],[-0.20824,53.99762],[-0.19471,53.97206],[-0.18856,53.95998],[-0.17327,53.93347],[-0.16238,53.91796],[-0.1535,53.90077],[-0.13871,53.88303],[-0.10048,53.84679],[-0.08886,53.83735],[-0.06783,53.8176],[-0.05081,53.80292],[-0.04472,53.79672],[0.06465,53.70634],[0.11139,53.66765],[0.12945,53.64564],[0.13047,53.64351],[0.1455,53.61218],[0.14214,53.61234],[0.13047,53.61827],[0.10352,53.63197],[0.07778,53.64102],[0.03761,53.64797],[-0.00844,53.64106],[-0.05796,53.62972],[-0.07694,53.63111],[-0.10216,53.63555],[-0.13195,53.65088],[-0.17917,53.68375],[-0.21219,53.70313],[-0.22009,53.70634],[-0.22737,53.7093],[-0.23501,53.71959],[-0.23618,53.72811],[-0.24274,53.73002],[-0.24536,53.73478],[-0.2501,53.73332],[-0.27641,53.74061],[-0.29462,53.74257],[-0.30712,53.74193],[-0.332,53.73857],[-0.35389,53.73198],[-0.38563,53.72417],[-0.39659,53.72311],[-0.41914,53.71962],[-0.44688,53.71411],[-0.46319,53.71678],[-0.48676,53.71643],[-0.53672,53.70913],[-0.55039,53.70933],[-0.55912,53.71151],[-0.59216,53.72826],[-0.6156,53.73082],[-0.63692,53.72776],[-0.67229,53.72137],[-0.6874,53.70799],[-0.69912,53.70413],[-0.72583,53.70722],[-0.74253,53.70686],[-0.77858,53.69806],[-0.80435,53.70666],[-0.81477,53.7064],[-0.8258,53.703],[-0.84475,53.68935],[-0.85137,53.68684],[-0.85776,53.69046],[-0.86326,53.70031],[-0.84346,53.70814],[-0.84051,53.71765],[-0.84615,53.72866],[-0.85126,53.73148],[-0.85821,53.73218],[-0.86255,53.7305],[-0.87221,53.72404],[-0.88709,53.72831],[-0.89394,53.72789],[-0.90131,53.72844],[-0.90827,53.72782],[-0.9116,53.72841],[-0.90578,53.72576],[-0.90486,53.72713],[-0.89793,53.7264],[-0.89361,53.72692],[-0.88884,53.72666],[-0.88408,53.72553],[-0.87778,53.72282],[-0.86113,53.72241],[-0.8579,53.72466],[-0.85709,53.72967],[-0.85316,53.73014],[-0.84687,53.72486],[-0.84397,53.71334],[-0.84486,53.71023],[-0.84712,53.70862],[-0.85114,53.70734],[-0.85649,53.70634],[-0.85941,53.70579],[-0.86401,53.70383],[-0.8665,53.70194],[-0.86728,53.69727],[-0.86024,53.68901],[-0.85436,53.68534],[-0.8465,53.68573],[-0.82576,53.69971],[-0.81172,53.70421],[-0.80074,53.7033],[-0.78486,53.69646],[-0.7752,53.69494],[-0.76605,53.69633],[-0.74589,53.70319],[-0.72993,53.70423],[-0.71463,53.70268],[-0.70014,53.69877],[-0.69837,53.68465],[-0.69008,53.67714],[-0.69005,53.67236],[-0.69828,53.65497],[-0.71298,53.64459],[-0.71489,53.63445],[-0.71268,53.62433],[-0.70105,53.61341],[-0.70859,53.60842],[-0.72534,53.60892],[-0.73333,53.60447],[-0.73906,53.59276],[-0.73188,53.5835],[-0.73315,53.58103],[-0.735,53.57934],[-0.74383,53.57483],[-0.74626,53.5728],[-0.74823,53.56839],[-0.74891,53.56324],[-0.74667,53.55595],[-0.73921,53.54716],[-0.74291,53.53664],[-0.73887,53.52503],[-0.74482,53.50947],[-0.75257,53.50157],[-0.76021,53.50085],[-0.76442,53.50072],[-0.76729,53.49959],[-0.76846,53.49805],[-0.76866,53.49413],[-0.77333,53.4914],[-0.77538,53.48957],[-0.7754,53.48767],[-0.77128,53.48236],[-0.77097,53.48065],[-0.77167,53.47901],[-0.7733,53.47829],[-0.77789,53.47864],[-0.78142,53.47806],[-0.78354,53.47727],[-0.78484,53.47607],[-0.78551,53.47353],[-0.78432,53.46337],[-0.78692,53.46112],[-0.79742,53.45509],[-0.81844,53.45955],[-0.86988,53.46605],[-0.87495,53.4618],[-0.9162,53.46032],[-0.91931,53.4658],[-0.90146,53.47561],[-0.93552,53.50252],[-0.95326,53.48444],[-0.9769,53.4752],[-0.98161,53.47474],[-0.98596,53.47166],[-0.98339,53.46764],[-0.98549,53.46138],[-0.99368,53.45295],[-0.99119,53.45174],[-0.99433,53.44892],[-0.99476,53.44712],[-0.99728,53.44428],[-0.99724,53.44166],[-0.99843,53.43885],[-0.99602,53.438],[-0.99585,53.43687],[-1.00032,53.43502],[-1.0029,53.43475],[-1.00504,53.43382],[-1.00862,53.43392],[-1.00983,53.43285],[-1.01232,53.43282],[-1.0125,53.43064],[-1.01423,53.42635],[-1.01794,53.42676],[-1.0223,53.42631],[-1.02304,53.42451],[-1.02941,53.42547],[-1.02944,53.42944],[-1.032,53.43072],[-1.05699,53.4255],[-1.06952,53.42785],[-1.07786,53.42704],[-1.08003,53.4232],[-1.08771,53.42479],[-1.09868,53.41875],[-1.10814,53.40591],[-1.11158,53.40609],[-1.11593,53.40743],[-1.11599,53.39784],[-1.12335,53.39765],[-1.13318,53.39142],[-1.13346,53.39154],[-1.13037,53.37696],[-1.13829,53.37234],[-1.13933,53.37206],[-1.14508,53.37046],[-1.14584,53.36547],[-1.13977,53.36266],[-1.13933,53.35849],[-1.13933,53.35629],[-1.15113,53.35475],[-1.16119,53.35732],[-1.16225,53.35312],[-1.15607,53.34527],[-1.14018,53.3456],[-1.13939,53.34185],[-1.14857,53.33854],[-1.1593,53.3335],[-1.1633,53.32979],[-1.17506,53.32569],[-1.17476,53.32189],[-1.19106,53.31928],[-1.19969,53.31145],[-1.2029,53.30725],[-1.20202,53.30603],[-1.20312,53.30421],[-1.20563,53.30429],[-1.21069,53.30547],[-1.21948,53.30402],[-1.23054,53.30866],[-1.23661,53.30645],[-1.24331,53.30217],[-1.2542,53.30177],[-1.2674,53.30621],[-1.2722,53.30974],[-1.28195,53.3095],[-1.29377,53.31493],[-1.29501,53.32078],[-1.28918,53.32597],[-1.29808,53.33185],[-1.31096,53.3339],[-1.31151,53.32958],[-1.32165,53.32563],[-1.3222,53.3275],[-1.32465,53.32709],[-1.32467,53.32881],[-1.32788,53.32827],[-1.34033,53.31556],[-1.35029,53.31898],[-1.36017,53.31831],[-1.36374,53.31556],[-1.38508,53.31778],[-1.38978,53.319],[-1.39142,53.32186],[-1.39035,53.33136],[-1.38657,53.33488],[-1.38891,53.33639],[-1.40386,53.33887],[-1.4096,53.34165],[-1.42043,53.33515],[-1.44214,53.33738],[-1.45041,53.332],[-1.4617,53.32845],[-1.45547,53.32517],[-1.45522,53.32187],[-1.46791,53.31712],[-1.47436,53.31848],[-1.48237,53.31881],[-1.49613,53.31639],[-1.5074,53.31656],[-1.52618,53.3104],[-1.53093,53.31008],[-1.53721,53.30498],[-1.54781,53.30653],[-1.55875,53.30589],[-1.56076,53.30709],[-1.55682,53.31161],[-1.56001,53.31407],[-1.56898,53.31435],[-1.57989,53.31219],[-1.58224,53.31484],[-1.58008,53.31741],[-1.58512,53.32094],[-1.59912,53.31132],[-1.60123,53.31755],[-1.60394,53.31921],[-1.60849,53.32199],[-1.62602,53.3166],[-1.63186,53.32105],[-1.61179,53.3426],[-1.60394,53.34281],[-1.60182,53.34296],[-1.59055,53.34592],[-1.60394,53.34835],[-1.62479,53.35214],[-1.63212,53.35655],[-1.66395,53.36689],[-1.66257,53.37476],[-1.65392,53.38485],[-1.65385,53.39193],[-1.66837,53.39367],[-1.6818,53.40141],[-1.69458,53.40145],[-1.70273,53.40427],[-1.70458,53.41497],[-1.71678,53.4193],[-1.73035,53.41666],[-1.7458,53.42579],[-1.74449,53.431],[-1.74927,53.43841],[-1.74396,53.4456],[-1.74706,53.46329],[-1.76637,53.46452],[-1.77619,53.46874],[-1.78065,53.47452],[-1.7911,53.47617],[-1.80147,53.48099],[-1.80182,53.4866],[-1.80018,53.48819],[-1.80027,53.49342],[-1.7981,53.49344],[-1.79611,53.49419],[-1.79497,53.49592],[-1.79616,53.50307],[-1.79913,53.50468],[-1.8039,53.50509],[-1.81025,53.50637],[-1.80074,53.51141],[-1.80683,53.51212],[-1.81356,53.51213],[-1.81948,53.51346],[-1.82075,53.51854],[-1.82255,53.52005],[-1.82219,53.52112],[-1.82734,53.52305],[-1.84214,53.52055],[-1.85981,53.53351],[-1.87367,53.53993],[-1.88153,53.53928],[-1.89296,53.53419],[-1.90026,53.53819],[-1.90958,53.53842],[-1.91311,53.55098],[-1.92563,53.55322],[-1.92748,53.55467],[-1.94193,53.56158],[-1.94723,53.57181],[-1.96228,53.57897],[-1.96683,53.58005],[-1.97041,53.5835],[-1.9812,53.58914],[-2.00943,53.61681],[-2.01474,53.61538],[-2.01862,53.616],[-2.023,53.61587],[-2.02639,53.62082],[-2.02683,53.62427],[-2.03085,53.62927],[-2.02981,53.63541],[-2.03892,53.63953],[-2.04124,53.64257],[-2.03619,53.66032],[-2.05313,53.67093],[-2.05419,53.67606],[-2.0507,53.67955],[-2.0512,53.68306],[-2.05668,53.68308],[-2.07411,53.67772],[-2.08276,53.67772],[-2.0886,53.67076],[-2.09872,53.67243],[-2.11407,53.67117],[-2.12451,53.6746],[-2.12805,53.6815],[-2.13334,53.68503],[-2.13852,53.68336],[-2.14234,53.67879],[-2.14629,53.68227],[-2.14814,53.68615],[-2.14522,53.69233],[-2.15041,53.69462],[-2.16107,53.6977],[-2.16255,53.69926],[-2.16201,53.7044],[-2.16234,53.70634],[-2.16588,53.71088],[-2.17326,53.72305],[-2.16293,53.73145],[-2.15494,53.73511],[-2.14907,53.73451],[-2.14577,53.73607],[-2.1409,53.74572],[-2.1334,53.74971],[-2.13127,53.75141],[-2.12948,53.75463],[-2.13155,53.7581],[-2.13004,53.76312],[-2.13075,53.7652],[-2.13019,53.77037],[-2.1313,53.77444],[-2.13499,53.77688],[-2.13633,53.78014],[-2.13045,53.78518],[-2.12729,53.78615],[-2.12478,53.78809],[-2.12566,53.78969],[-2.12918,53.79096],[-2.12948,53.79231],[-2.1275,53.79891],[-2.11224,53.80574],[-2.10275,53.80934],[-2.09204,53.81413],[-2.08482,53.81859],[-2.06121,53.82567],[-2.04688,53.82955],[-2.04503,53.83893],[-2.04613,53.85014],[-2.06154,53.85854],[-2.07314,53.86161],[-2.08041,53.86926],[-2.0876,53.86951],[-2.08222,53.87614],[-2.09583,53.8882],[-2.10358,53.89218],[-2.10844,53.89865],[-2.11318,53.90461],[-2.10738,53.90805],[-2.11461,53.91601],[-2.12169,53.91802],[-2.12497,53.92278],[-2.13376,53.92683],[-2.139,53.92789],[-2.14792,53.92637],[-2.15168,53.929],[-2.16284,53.92731],[-2.16255,53.93271],[-2.1669,53.93581],[-2.17183,53.93726],[-2.17615,53.93493],[-2.18224,53.93543],[-2.1852,53.94092],[-2.18023,53.94673],[-2.18448,53.9523],[-2.18773,53.95422],[-2.19358,53.96144],[-2.19555,53.96638],[-2.19598,53.9696],[-2.20023,53.9696],[-2.21009,53.96336],[-2.21612,53.96458],[-2.22511,53.96177],[-2.2311,53.97154],[-2.22106,53.97793],[-2.23399,53.98105],[-2.27995,53.97468],[-2.29516,53.97562],[-2.29931,53.98137],[-2.31971,53.99312],[-2.32655,53.99344],[-2.34021,53.99041],[-2.3499,53.99407],[-2.35317,54.00246],[-2.35194,54.00973],[-2.34911,54.01091],[-2.3419,54.00873],[-2.3407,54.01092],[-2.34457,54.01699],[-2.35704,54.02032],[-2.36157,54.02808],[-2.36006,54.03177],[-2.36307,54.04109],[-2.37407,54.04909],[-2.39224,54.04401],[-2.41853,54.0414],[-2.42591,54.03874],[-2.43559,54.04175],[-2.45822,54.04075],[-2.46952,54.04626],[-2.47051,54.0509],[-2.47003,54.05233],[-2.46898,54.05493],[-2.46396,54.06113],[-2.46558,54.07178],[-2.46431,54.07532],[-2.46685,54.07578],[-2.48017,54.08469],[-2.48667,54.08554],[-2.49353,54.08981],[-2.50653,54.09179],[-2.51057,54.09517],[-2.52456,54.09575],[-2.52519,54.10202],[-2.53617,54.10438],[-2.5371,54.10884],[-2.54422,54.11332],[-2.54598,54.11748],[-2.5574,54.12084],[-2.56088,54.12186],[-2.56341,54.12469],[-2.56294,54.14035],[-2.55805,54.14466],[-2.56052,54.15228],[-2.5574,54.15264],[-2.54776,54.15374],[-2.54324,54.15714],[-2.53529,54.15736],[-2.52887,54.16429],[-2.52835,54.16928],[-2.50997,54.18019],[-2.48104,54.20163],[-2.47349,54.2151],[-2.46083,54.22676],[-2.44251,54.22574],[-2.43519,54.22341],[-2.41279,54.22645],[-2.40443,54.22604],[-2.39682,54.2388],[-2.37406,54.24031],[-2.37174,54.24788],[-2.36447,54.24941],[-2.35704,54.24448],[-2.34774,54.23831],[-2.33766,54.23794],[-2.32476,54.24276],[-2.31906,54.25721],[-2.32019,54.26033],[-2.31583,54.26975],[-2.32353,54.27933],[-2.31778,54.28677],[-2.32327,54.293],[-2.32097,54.29905],[-2.32421,54.30268],[-2.32099,54.30691],[-2.32214,54.31095],[-2.31522,54.31375],[-2.31052,54.32392],[-2.32063,54.33144],[-2.33315,54.33443],[-2.33716,54.34115],[-2.35704,54.34949],[-2.35896,54.3503],[-2.36767,54.35612],[-2.3599,54.35528],[-2.35704,54.35616],[-2.3452,54.35983],[-2.33759,54.36326],[-2.32783,54.36765],[-2.32553,54.36869],[-2.31635,54.3761],[-2.29793,54.37728],[-2.29202,54.38425],[-2.29344,54.3914],[-2.30567,54.39909],[-2.30737,54.41848],[-2.30336,54.42536],[-2.29268,54.43224],[-2.2914,54.43836],[-2.28096,54.43917],[-2.26718,54.44303],[-2.26649,54.44748],[-2.25035,54.45169],[-2.23386,54.44837],[-2.19261,54.44874],[-2.1883,54.45008],[-2.1772,54.46119],[-2.17177,54.46104],[-2.17017,54.45826],[-2.16728,54.45776],[-2.16467,54.45655],[-2.15988,54.45654],[-2.15918,54.45557],[-2.15533,54.45707],[-2.15007,54.46002],[-2.14144,54.46098],[-2.13884,54.46171],[-2.136,54.46151],[-2.12652,54.46215],[-2.12296,54.46158],[-2.11655,54.46232],[-2.11281,54.46425],[-2.08436,54.46909],[-2.06014,54.4805],[-2.0432,54.48364],[-2.04326,54.4752],[-2.01489,54.47155],[-1.99845,54.46738],[-1.98507,54.46041],[-1.97597,54.45931],[-1.96944,54.45203],[-1.96228,54.45207],[-1.96047,54.45218],[-1.95528,54.45387],[-1.95151,54.45347],[-1.94914,54.45426],[-1.94685,54.45428],[-1.94249,54.45345],[-1.93494,54.45678],[-1.92727,54.45704],[-1.89438,54.4668],[-1.87611,54.47863],[-1.86764,54.48181],[-1.85954,54.48239],[-1.85752,54.50288],[-1.84693,54.50425],[-1.83953,54.50798],[-1.82742,54.50211],[-1.82139,54.49506],[-1.79301,54.48519],[-1.78338,54.50545],[-1.77641,54.50785],[-1.77674,54.52395],[-1.78095,54.52762],[-1.77823,54.532],[-1.76912,54.53246],[-1.75978,54.529],[-1.75008,54.5298],[-1.73401,54.52815],[-1.72718,54.53139],[-1.723,54.54127],[-1.72063,54.54199],[-1.69856,54.53615],[-1.69687,54.53606],[-1.68216,54.53372],[-1.67087,54.53548],[-1.65915,54.53473],[-1.6557,54.53267],[-1.6563,54.52676],[-1.65358,54.52486],[-1.63348,54.5246],[-1.63251,54.52009],[-1.63883,54.5173],[-1.63733,54.51577],[-1.62869,54.51401],[-1.61866,54.51651],[-1.61423,54.5196],[-1.61204,54.52005],[-1.60946,54.51996],[-1.60394,54.51831],[-1.60149,54.51758],[-1.60216,54.51117],[-1.58486,54.5128],[-1.57958,54.51162],[-1.58429,54.50802],[-1.58832,54.50507],[-1.58069,54.50397],[-1.58182,54.49766],[-1.57413,54.49115],[-1.55649,54.48484],[-1.54752,54.47274],[-1.53375,54.46973],[-1.52146,54.47197],[-1.53,54.47723],[-1.52806,54.48417],[-1.51534,54.48349],[-1.51069,54.4772],[-1.50238,54.48337],[-1.49305,54.48518],[-1.49767,54.4763],[-1.48864,54.47375],[-1.47962,54.47451],[-1.47557,54.4729],[-1.46881,54.46297],[-1.47199,54.45565],[-1.47106,54.45472],[-1.4631,54.45138],[-1.46053,54.45116],[-1.45615,54.45245],[-1.45481,54.45379],[-1.45545,54.45553],[-1.45738,54.4571],[-1.46097,54.45874],[-1.46279,54.46139],[-1.46197,54.4629],[-1.45527,54.46487],[-1.45341,54.46602],[-1.4544,54.46715],[-1.45943,54.46884],[-1.46019,54.47131],[-1.4638,54.47355],[-1.46137,54.47841],[-1.45758,54.48148],[-1.46134,54.48471],[-1.46183,54.48595],[-1.46125,54.48762],[-1.45841,54.49125],[-1.45847,54.49284],[-1.45939,54.49458],[-1.46114,54.49588],[-1.4636,54.49652],[-1.4732,54.49608],[-1.47556,54.49811],[-1.47519,54.49991],[-1.47419,54.50098],[-1.46735,54.50253],[-1.46235,54.50421],[-1.45851,54.50392],[-1.4565,54.50281],[-1.45484,54.50044],[-1.45094,54.49678],[-1.44651,54.49443],[-1.44278,54.49084],[-1.43478,54.48751],[-1.42769,54.48497],[-1.4317,54.47991],[-1.4135,54.47737],[-1.40871,54.48075],[-1.40967,54.48959],[-1.40686,54.49319],[-1.40037,54.49335],[-1.39752,54.48749],[-1.39368,54.48612],[-1.38343,54.48783],[-1.38094,54.49408],[-1.37121,54.48686],[-1.37445,54.48284],[-1.37432,54.47523],[-1.36705,54.46821],[-1.3639,54.46673],[-1.35596,54.47249],[-1.34654,54.47234],[-1.34394,54.46423],[-1.31876,54.47243],[-1.3129,54.4768],[-1.29935,54.4772],[-1.28744,54.48314],[-1.28952,54.48804],[-1.27505,54.49055],[-1.25823,54.48773],[-1.25391,54.49744],[-1.25556,54.50075],[-1.24203,54.50242],[-1.23482,54.50682],[-1.23479,54.51037],[-1.22922,54.51173],[-1.22014,54.51094],[-1.20729,54.50815],[-1.19548,54.50663],[-1.18317,54.5068],[-1.17439,54.50289],[-1.16424,54.50347],[-1.14989,54.50143],[-1.14612,54.50287],[-1.13933,54.50164],[-1.13078,54.50009],[-1.12658,54.49877],[-1.12273,54.49904],[-1.1183,54.49825],[-1.11425,54.49902],[-1.11219,54.50085],[-1.1117,54.50442],[-1.10611,54.50575],[-1.09444,54.50681],[-1.08717,54.50341],[-1.07812,54.50387],[-1.06785,54.5005],[-1.06472,54.49857],[-1.05994,54.50038],[-1.05766,54.49905],[-1.05108,54.49656],[-1.04453,54.49606],[-1.0428,54.49532],[-1.03862,54.49489],[-1.03677,54.49409],[-1.02372,54.50209],[-1.00332,54.50306],[-0.98119,54.49981],[-0.96774,54.49732],[-0.96611,54.49625],[-0.95057,54.48828],[-0.90376,54.4939],[-0.89413,54.49696],[-0.88007,54.49671],[-0.87417,54.491],[-0.85831,54.48819],[-0.84831,54.48828],[-0.84386,54.49127],[-0.85285,54.50287],[-0.84832,54.53008],[-0.83679,54.54221],[-0.82751,54.54797],[-0.81591,54.55185],[-0.80125,54.55182],[-0.79091,54.55948],[-0.7762,54.55677]]],[[[-0.27601,53.70549],[-0.25093,53.67649],[-0.20392,53.63808],[-0.1547,53.61644],[-0.12896,53.60068],[-0.11144,53.59005],[-0.09708,53.5835],[-0.09258,53.58144],[-0.07896,53.57763],[-0.06977,53.5832],[-0.06118,53.58203],[-0.05178,53.57664],[-0.03311,53.56665],[-0.02798,53.56173],[-0.01958,53.55491],[-0.00839,53.54675],[-0.00331,53.54395],[0.0,53.54098],[0.00215,53.53905],[0.00895,53.53488],[0.01508,53.52888],[0.01738,53.52537],[0.01251,53.52338],[0.01153,53.52203],[0.00951,53.52097],[0.0,53.51858],[-0.00485,53.51736],[-0.00755,53.5168],[-0.01355,53.51661],[-0.01444,53.51543],[-0.01734,53.5151],[-0.01946,53.51799],[-0.02237,53.51755],[-0.02386,53.51673],[-0.02855,53.51735],[-0.0327,53.51651],[-0.03302,53.5154],[-0.03535,53.51423],[-0.03785,53.51394],[-0.03961,53.51311],[-0.04781,53.51995],[-0.06138,53.5195],[-0.06701,53.51685],[-0.07537,53.49008],[-0.09435,53.48553],[-0.09083,53.47756],[-0.10778,53.46991],[-0.10284,53.46567],[-0.09533,53.46163],[-0.08475,53.4548],[-0.08213,53.45116],[-0.08687,53.44966],[-0.08973,53.44714],[-0.09251,53.44673],[-0.11042,53.44003],[-0.112,53.43797],[-0.12026,53.43361],[-0.12075,53.43583],[-0.12255,53.43727],[-0.12757,53.43579],[-0.13173,53.43595],[-0.13454,53.44018],[-0.14541,53.44248],[-0.15669,53.45819],[-0.15589,53.46405],[-0.15929,53.46723],[-0.18133,53.46913],[-0.18825,53.48373],[-0.20981,53.48688],[-0.20556,53.49741],[-0.20422,53.51161],[-0.21265,53.52519],[-0.21142,53.53129],[-0.21963,53.53262],[-0.18836,53.56348],[-0.1951,53.57164],[-0.22314,53.56889],[-0.23449,53.5835],[-0.23711,53.58687],[-0.2489,53.58703],[-0.24932,53.59313],[-0.25436,53.59302],[-0.25885,53.59621],[-0.28113,53.60413],[-0.28653,53.61087],[-0.29203,53.61329],[-0.29776,53.61306],[-0.30125,53.61575],[-0.30766,53.61386],[-0.3014,53.59602],[-0.30424,53.59125],[-0.31007,53.58975],[-0.31531,53.5835],[-0.3353,53.55963],[-0.34858,53.55953],[-0.34682,53.5579],[-0.34925,53.55587],[-0.3657,53.55897],[-0.38824,53.55983],[-0.41746,53.56356],[-0.42977,53.57393],[-0.43914,53.57013],[-0.45069,53.55882],[-0.45761,53.55897],[-0.46536,53.55553],[-0.46778,53.54933],[-0.47838,53.54584],[-0.49083,53.54588],[-0.49982,53.53773],[-0.47628,53.53884],[-0.44208,53.54599],[-0.43066,53.54585],[-0.42218,53.53526],[-0.41454,53.53545],[-0.40939,53.53286],[-0.40635,53.52436],[-0.40596,53.51775],[-0.41441,53.51504],[-0.44557,53.50934],[-0.47625,53.50864],[-0.48484,53.50582],[-0.48108,53.49622],[-0.48773,53.48722],[-0.48773,53.48343],[-0.4853,53.47997],[-0.47168,53.47489],[-0.49996,53.46964],[-0.50522,53.468],[-0.50884,53.46755],[-0.51241,53.46783],[-0.52964,53.46383],[-0.55164,53.46083],[-0.55172,53.45961],[-0.56011,53.4588],[-0.56518,53.45831],[-0.57064,53.45779],[-0.59941,53.45642],[-0.62968,53.45824],[-0.62729,53.46234],[-0.63382,53.46921],[-0.63388,53.47936],[-0.63312,53.48491],[-0.62588,53.49557],[-0.6278,53.50645],[-0.62561,53.51262],[-0.65668,53.51384],[-0.67504,53.51275],[-0.68775,53.51594],[-0.70272,53.5146],[-0.73849,53.51987],[-0.73685,53.52719],[-0.74113,53.53359],[-0.74174,53.53649],[-0.74089,53.53855],[-0.73743,53.5426],[-0.73686,53.54544],[-0.73816,53.54937],[-0.74236,53.55386],[-0.74506,53.55712],[-0.74605,53.56049],[-0.74606,53.56665],[-0.74505,53.5712],[-0.74198,53.57399],[-0.73344,53.57828],[-0.73011,53.58167],[-0.72955,53.5835],[-0.72919,53.58467],[-0.73111,53.58795],[-0.7363,53.59162],[-0.73704,53.59465],[-0.73518,53.59848],[-0.72929,53.60538],[-0.72727,53.60698],[-0.72558,53.60752],[-0.72305,53.60756],[-0.71459,53.60611],[-0.70569,53.60691],[-0.69889,53.6139],[-0.70995,53.6263],[-0.7112,53.63971],[-0.70744,53.64521],[-0.69538,53.65347],[-0.68582,53.67099],[-0.68573,53.67978],[-0.69371,53.69193],[-0.69155,53.69603],[-0.63935,53.71002],[-0.61226,53.71398],[-0.60604,53.71156],[-0.59069,53.69893],[-0.56011,53.68377],[-0.55843,53.68295],[-0.55479,53.68151],[-0.54547,53.6789],[-0.53766,53.67835],[-0.53037,53.67872],[-0.52546,53.67801],[-0.50343,53.68101],[-0.48856,53.68999],[-0.4851,53.69144],[-0.48379,53.69265],[-0.48067,53.69344],[-0.47518,53.69716],[-0.47042,53.69825],[-0.44353,53.69732],[-0.41376,53.69792],[-0.40644,53.69866],[-0.36146,53.70634],[-0.3349,53.71087],[-0.29956,53.71433],[-0.28979,53.71312],[-0.27754,53.70634],[-0.27601,53.70549]]],[[[-0.52511,53.68307],[-0.53184,53.6813],[-0.54302,53.68284],[-0.55688,53.68836],[-0.5582,53.68964],[-0.55664,53.6903],[-0.54639,53.68992],[-0.53591,53.68825],[-0.53212,53.68672],[-0.525,53.6853],[-0.52511,53.68307]]],[[[0.11208,53.57351],[0.10723,53.57284],[0.10854,53.57525],[0.12177,53.5835],[0.13047,53.58892],[0.13328,53.5882],[0.13047,53.58625],[0.1265,53.5835],[0.11208,53.57351]]],[[[0.14725,53.59938],[0.1433,53.59487],[0.1409,53.59524],[0.1448,53.59961],[0.14725,53.59938]]],[[[-0.85946,53.72379],[-0.8649,53.72314],[-0.8618,53.72671],[-0.85877,53.7257],[-0.85946,53.72379]]]]},"properties":{"code":"UKE","nom":"Yorkshire and the Humber","country":"GB"}},{"type":"Feature","geometry":{"type":"MultiPolygon","coordinates":[[[[-1.74688,52.09325],[-1.7424,52.09199],[-1.73008,52.09512],[-1.72903,52.07284],[-1.7147,52.06778],[-1.70974,52.07212],[-1.70348,52.07208],[-1.70309,52.0578],[-1.69873,52.05514],[-1.69018,52.05474],[-1.69272,52.04518],[-1.69399,52.04037],[-1.68664,52.03756],[-1.66822,52.03584],[-1.66107,52.03161],[-1.65374,52.03485],[-1.6453,52.03466],[-1.63894,52.03704],[-1.63201,52.03638],[-1.62529,52.03836],[-1.61772,52.03192],[-1.62089,52.02772],[-1.62904,52.02647],[-1.63864,52.02014],[-1.64393,52.00897],[-1.66689,51.9961],[-1.66959,51.99147],[-1.66573,51.98749],[-1.66456,51.98332],[-1.66834,51.97498],[-1.66254,51.9647],[-1.65379,51.96183],[-1.65456,51.95807],[-1.63661,51.95675],[-1.6318,51.95486],[-1.61615,51.93863],[-1.64429,51.92265],[-1.64167,51.92061],[-1.64416,51.91408],[-1.63566,51.91222],[-1.63375,51.90547],[-1.63325,51.89958],[-1.64493,51.89507],[-1.65518,51.89698],[-1.65956,51.89581],[-1.66862,51.88073],[-1.66824,51.8768],[-1.68606,51.86627],[-1.68601,51.86252],[-1.6816,51.85945],[-1.67867,51.85292],[-1.67637,51.85031],[-1.68617,51.83432],[-1.68216,51.81832],[-1.67726,51.81579],[-1.68373,51.80134],[-1.68686,51.79824],[-1.69343,51.79415],[-1.71383,51.78613],[-1.71947,51.78321],[-1.70121,51.77081],[-1.6948,51.75139],[-1.68793,51.74114],[-1.68594,51.73041],[-1.69474,51.72399],[-1.69369,51.72159],[-1.6864,51.71084],[-1.66589,51.69777],[-1.65827,51.69669],[-1.64824,51.68409],[-1.65892,51.6811],[-1.671,51.68171],[-1.67419,51.68272],[-1.67726,51.68862],[-1.68306,51.69011],[-1.69058,51.68722],[-1.69548,51.68243],[-1.69945,51.67089],[-1.69076,51.66327],[-1.68902,51.65682],[-1.69087,51.65256],[-1.68541,51.65143],[-1.67454,51.64152],[-1.66336,51.63939],[-1.66056,51.63482],[-1.67254,51.62245],[-1.668,51.61592],[-1.67438,51.6124],[-1.68138,51.6128],[-1.69023,51.60527],[-1.6854,51.59021],[-1.69041,51.58439],[-1.69109,51.58353],[-1.68395,51.57362],[-1.67632,51.56998],[-1.65394,51.57563],[-1.64757,51.57143],[-1.64145,51.56193],[-1.62925,51.54988],[-1.61393,51.53627],[-1.60394,51.52015],[-1.60279,51.5183],[-1.59804,51.5187],[-1.59402,51.51978],[-1.59208,51.52149],[-1.59001,51.52174],[-1.58908,51.52449],[-1.58469,51.52491],[-1.58778,51.51244],[-1.58163,51.49371],[-1.57068,51.48604],[-1.56667,51.47769],[-1.56202,51.47589],[-1.55818,51.46914],[-1.54753,51.46043],[-1.52901,51.45551],[-1.52459,51.44917],[-1.52402,51.44251],[-1.53125,51.43013],[-1.52632,51.42475],[-1.53907,51.42589],[-1.55046,51.42185],[-1.56502,51.42139],[-1.57046,51.41672],[-1.5639,51.41287],[-1.56134,51.40853],[-1.55382,51.40944],[-1.55547,51.39908],[-1.55467,51.3958],[-1.53901,51.38845],[-1.52721,51.379],[-1.51542,51.37758],[-1.51191,51.37184],[-1.49584,51.36899],[-1.5,51.35638],[-1.4862,51.34799],[-1.49828,51.32938],[-1.49974,51.33034],[-1.5114,51.335],[-1.51626,51.33936],[-1.52126,51.33844],[-1.52749,51.33847],[-1.52845,51.33408],[-1.5271,51.33158],[-1.53186,51.32813],[-1.53266,51.32251],[-1.5331,51.31673],[-1.52784,51.31265],[-1.52579,51.3068],[-1.5273,51.30016],[-1.52042,51.29605],[-1.52353,51.29275],[-1.52355,51.28738],[-1.53495,51.28647],[-1.54199,51.28124],[-1.53692,51.2768],[-1.53996,51.26165],[-1.53176,51.26219],[-1.53011,51.26064],[-1.53594,51.24862],[-1.54542,51.24572],[-1.57762,51.25563],[-1.59876,51.25331],[-1.60141,51.25132],[-1.60394,51.25169],[-1.60677,51.25211],[-1.6111,51.2431],[-1.61987,51.24015],[-1.62734,51.22818],[-1.62925,51.22539],[-1.63482,51.21773],[-1.65306,51.22025],[-1.68977,51.21477],[-1.69304,51.2038],[-1.66956,51.19035],[-1.66944,51.18481],[-1.6714,51.17797],[-1.65702,51.15931],[-1.65433,51.15382],[-1.66082,51.13442],[-1.66291,51.13],[-1.66296,51.12719],[-1.65626,51.1272],[-1.64056,51.12538],[-1.62925,51.11937],[-1.62687,51.11709],[-1.62925,51.11377],[-1.63063,51.11287],[-1.63081,51.1112],[-1.62925,51.1089],[-1.62832,51.10765],[-1.62842,51.10605],[-1.62678,51.10402],[-1.62694,51.10286],[-1.62925,51.10075],[-1.63397,51.09641],[-1.63629,51.09284],[-1.63438,51.08628],[-1.62925,51.08125],[-1.62788,51.06966],[-1.62925,51.06662],[-1.63008,51.06541],[-1.63277,51.0493],[-1.63241,51.04766],[-1.63357,51.04656],[-1.63399,51.04206],[-1.63494,51.04089],[-1.63206,51.03601],[-1.63236,51.03278],[-1.62925,51.03255],[-1.6202,51.03266],[-1.60884,51.02653],[-1.60394,51.02508],[-1.59938,51.02373],[-1.60394,51.01969],[-1.60394,51.01645],[-1.59818,51.00844],[-1.60394,51.00811],[-1.60956,51.00778],[-1.60706,51.00224],[-1.61858,51.00368],[-1.62887,50.99903],[-1.61809,50.98258],[-1.60474,50.97771],[-1.61973,50.95856],[-1.62367,50.95529],[-1.62925,50.95738],[-1.63495,50.95924],[-1.64036,50.95544],[-1.64115,50.95302],[-1.64277,50.95163],[-1.64673,50.94928],[-1.65399,50.94666],[-1.66164,50.94528],[-1.67686,50.94966],[-1.68928,50.95464],[-1.69763,50.96043],[-1.70965,50.97099],[-1.71992,50.97646],[-1.74465,50.97792],[-1.75293,50.97807],[-1.75679,50.98091],[-1.80181,50.99149],[-1.8079,50.99144],[-1.81583,50.98675],[-1.83701,51.00905],[-1.85198,51.00509],[-1.87107,50.98705],[-1.87422,50.98768],[-1.87745,51.00348],[-1.88855,50.9999],[-1.9271,50.99714],[-1.95018,50.98399],[-1.95681,50.98983],[-1.95707,50.98556],[-1.95721,50.98319],[-1.95545,50.97826],[-1.95251,50.97858],[-1.95018,50.97746],[-1.94812,50.97647],[-1.94482,50.97575],[-1.94207,50.97336],[-1.93921,50.96965],[-1.93485,50.96909],[-1.92987,50.96779],[-1.92717,50.96359],[-1.92099,50.9615],[-1.91873,50.95636],[-1.91609,50.95313],[-1.91247,50.9522],[-1.91243,50.95102],[-1.91056,50.94922],[-1.90917,50.94532],[-1.89907,50.93839],[-1.89855,50.93587],[-1.89688,50.93439],[-1.89254,50.93162],[-1.88156,50.92638],[-1.88037,50.92493],[-1.87146,50.91773],[-1.8629,50.92002],[-1.84967,50.92918],[-1.84097,50.93141],[-1.83444,50.92934],[-1.82286,50.9266],[-1.81157,50.92706],[-1.81967,50.91219],[-1.81652,50.90395],[-1.82388,50.89822],[-1.82494,50.89577],[-1.83146,50.89739],[-1.83722,50.89719],[-1.83985,50.89789],[-1.84169,50.89702],[-1.84487,50.89317],[-1.84854,50.88988],[-1.84476,50.88618],[-1.84748,50.8824],[-1.84577,50.87796],[-1.84817,50.87006],[-1.85284,50.86639],[-1.85093,50.85872],[-1.82668,50.85581],[-1.81628,50.85839],[-1.81073,50.86442],[-1.80555,50.85921],[-1.80452,50.85168],[-1.80088,50.84833],[-1.80334,50.84447],[-1.79186,50.83528],[-1.79601,50.83094],[-1.80109,50.83091],[-1.80392,50.82895],[-1.80283,50.82154],[-1.80637,50.81653],[-1.80397,50.81316],[-1.81157,50.80833],[-1.80972,50.80495],[-1.80485,50.80284],[-1.80257,50.79893],[-1.80428,50.79602],[-1.8025,50.79206],[-1.80068,50.788],[-1.78901,50.77909],[-1.78773,50.76657],[-1.78436,50.76505],[-1.77614,50.76634],[-1.77019,50.76936],[-1.7685,50.77271],[-1.75715,50.77799],[-1.74904,50.77951],[-1.73955,50.76445],[-1.74406,50.75536],[-1.74415,50.74745],[-1.72761,50.75093],[-1.71795,50.75217],[-1.71358,50.75224],[-1.7039,50.75256],[-1.6906,50.7516],[-1.6818,50.75185],[-1.68166,50.75015],[-1.68279,50.74661],[-1.68463,50.74382],[-1.69094,50.73985],[-1.69205,50.73663],[-1.72199,50.73439],[-1.74074,50.72425],[-1.74073,50.72154],[-1.74912,50.71191],[-1.77019,50.71641],[-1.80919,50.72037],[-1.81627,50.72067],[-1.83787,50.7197],[-1.84386,50.71933],[-1.86512,50.71724],[-1.87618,50.71537],[-1.88964,50.71276],[-1.9006,50.7091],[-1.91595,50.70252],[-1.93904,50.68662],[-1.94643,50.68395],[-1.94896,50.68658],[-1.93658,50.69133],[-1.93343,50.6962],[-1.95312,50.708],[-1.95921,50.71179],[-1.95783,50.7149],[-1.96309,50.71572],[-1.96655,50.71525],[-1.96909,50.71215],[-1.97257,50.71044],[-1.97649,50.71172],[-1.98724,50.71155],[-1.98768,50.7087],[-1.99076,50.70758],[-2.01055,50.71039],[-2.01492,50.71074],[-2.0249,50.71359],[-2.02744,50.71508],[-2.03609,50.71685],[-2.03951,50.71855],[-2.0406,50.71996],[-2.04779,50.71681],[-2.05592,50.71761],[-2.06348,50.71584],[-2.06953,50.70965],[-2.06444,50.70625],[-2.07187,50.70431],[-2.07205,50.69841],[-2.08108,50.69392],[-2.07852,50.69122],[-2.0805,50.68798],[-2.06538,50.68801],[-2.05351,50.69918],[-2.04233,50.70485],[-2.02728,50.70645],[-2.02288,50.70328],[-2.02839,50.70113],[-2.026,50.68888],[-2.0355,50.68179],[-2.02839,50.68081],[-2.03061,50.67404],[-2.02611,50.67482],[-2.0208,50.68131],[-2.01316,50.68221],[-2.00831,50.67933],[-2.00767,50.67573],[-1.9989,50.67477],[-2.00047,50.67143],[-1.99759,50.66851],[-1.99431,50.66832],[-1.98338,50.67442],[-1.98269,50.66705],[-1.97291,50.66353],[-1.96654,50.67005],[-1.95018,50.67734],[-1.94373,50.67245],[-1.95018,50.6598],[-1.95147,50.65739],[-1.95137,50.64994],[-1.95018,50.64898],[-1.94123,50.64175],[-1.92592,50.64035],[-1.93336,50.63176],[-1.94374,50.62904],[-1.94728,50.62745],[-1.95018,50.62532],[-1.95146,50.62424],[-1.95649,50.61668],[-1.95724,50.61415],[-1.95682,50.61137],[-1.95475,50.60831],[-1.953,50.60757],[-1.95018,50.60721],[-1.94639,50.60673],[-1.95018,50.60308],[-1.95204,50.6013],[-1.95244,50.59445],[-1.9608,50.59124],[-1.98812,50.59087],[-2.00436,50.5914],[-2.0237,50.58898],[-2.04059,50.58016],[-2.05458,50.57736],[-2.06104,50.58118],[-2.06357,50.59317],[-2.07242,50.59219],[-2.07807,50.59505],[-2.10303,50.59719],[-2.10741,50.59688],[-2.12757,50.60483],[-2.1337,50.6119],[-2.14593,50.60923],[-2.15814,50.61508],[-2.17147,50.61403],[-2.18543,50.61551],[-2.18635,50.61887],[-2.19326,50.62161],[-2.20765,50.62176],[-2.21945,50.61991],[-2.22412,50.6172],[-2.23808,50.61605],[-2.2442,50.61666],[-2.2464,50.6189],[-2.25397,50.61763],[-2.2728,50.62192],[-2.30929,50.62545],[-2.32422,50.62512],[-2.33983,50.63162],[-2.35704,50.63139],[-2.36512,50.63129],[-2.37973,50.63524],[-2.39443,50.6363],[-2.41114,50.63414],[-2.42523,50.63522],[-2.44096,50.62663],[-2.44386,50.62419],[-2.45232,50.61306],[-2.45057,50.60946],[-2.44378,50.60902],[-2.4509,50.60052],[-2.464,50.59312],[-2.46595,50.5918],[-2.46728,50.58843],[-2.47014,50.58435],[-2.46128,50.5721],[-2.43044,50.5677],[-2.42358,50.56221],[-2.41636,50.55017],[-2.41848,50.54286],[-2.42942,50.53595],[-2.44326,50.52052],[-2.45811,50.51379],[-2.45989,50.51741],[-2.45596,50.52596],[-2.45591,50.54203],[-2.44996,50.55567],[-2.44853,50.55856],[-2.45124,50.56188],[-2.47619,50.57914],[-2.50399,50.59655],[-2.57555,50.63417],[-2.59983,50.64694],[-2.65268,50.66989],[-2.67944,50.68044],[-2.68472,50.6823],[-2.76062,50.70854],[-2.76756,50.71088],[-2.77681,50.71408],[-2.79311,50.71803],[-2.79925,50.71765],[-2.80544,50.71888],[-2.81056,50.71787],[-2.81378,50.71841],[-2.8189,50.72066],[-2.82693,50.7225],[-2.83653,50.72372],[-2.84052,50.72288],[-2.84684,50.72362],[-2.86178,50.72748],[-2.88042,50.73049],[-2.89445,50.73275],[-2.9097,50.73364],[-2.92157,50.73145],[-2.93999,50.71975],[-2.94781,50.71831],[-2.9545,50.71435],[-2.96646,50.71231],[-2.98165,50.70567],[-2.99568,50.7047],[-3.01117,50.69991],[-3.02697,50.69862],[-3.06091,50.70304],[-3.07121,50.70311],[-3.07987,50.70227],[-3.08451,50.70058],[-3.08469,50.69877],[-3.09194,50.69507],[-3.09762,50.68539],[-3.12427,50.68682],[-3.18471,50.68491],[-3.23396,50.67846],[-3.26174,50.67177],[-3.27915,50.65905],[-3.29471,50.63617],[-3.30617,50.62961],[-3.3216,50.62846],[-3.34599,50.62088],[-3.34896,50.61996],[-3.35755,50.61562],[-3.35953,50.6075],[-3.36701,50.60971],[-3.38463,50.60717],[-3.40874,50.61153],[-3.41214,50.61362],[-3.42519,50.6177],[-3.41676,50.62255],[-3.41588,50.62957],[-3.41763,50.63201],[-3.42172,50.63493],[-3.42312,50.63885],[-3.43235,50.64616],[-3.43619,50.65599],[-3.452,50.67897],[-3.45915,50.67667],[-3.47332,50.68674],[-3.47762,50.68773],[-3.47625,50.68489],[-3.46985,50.68224],[-3.46588,50.66178],[-3.45653,50.6555],[-3.45182,50.64746],[-3.45243,50.64225],[-3.44984,50.63646],[-3.449,50.63116],[-3.44606,50.62497],[-3.44708,50.6198],[-3.44691,50.61712],[-3.44323,50.6032],[-3.43287,50.60723],[-3.42964,50.60589],[-3.44498,50.59199],[-3.46281,50.58144],[-3.46653,50.57618],[-3.46934,50.56369],[-3.48232,50.55512],[-3.49662,50.54225],[-3.50063,50.54543],[-3.50685,50.54621],[-3.50997,50.54654],[-3.51577,50.54543],[-3.51916,50.54599],[-3.52934,50.54703],[-3.53913,50.54517],[-3.55913,50.54533],[-3.56662,50.54293],[-3.57672,50.5419],[-3.58363,50.53854],[-3.55177,50.54072],[-3.54051,50.53822],[-3.53801,50.54019],[-3.5083,50.54193],[-3.49727,50.5376],[-3.50903,50.51651],[-3.51351,50.49397],[-3.5141,50.48167],[-3.50127,50.47708],[-3.49859,50.4759],[-3.50035,50.47225],[-3.49137,50.46911],[-3.48925,50.4645],[-3.48313,50.46258],[-3.48333,50.46116],[-3.49159,50.45872],[-3.50407,50.45929],[-3.51436,50.45473],[-3.51883,50.45477],[-3.52319,50.45748],[-3.52859,50.45782],[-3.53388,50.46243],[-3.54018,50.4605],[-3.54503,50.45333],[-3.55317,50.4493],[-3.55369,50.44726],[-3.55546,50.44564],[-3.55715,50.44254],[-3.55784,50.43997],[-3.55858,50.43371],[-3.55388,50.43005],[-3.55909,50.42766],[-3.55688,50.41624],[-3.55442,50.41337],[-3.55501,50.40777],[-3.54482,50.40283],[-3.53006,50.40471],[-3.52269,50.40245],[-3.51047,50.39782],[-3.49712,50.4017],[-3.48385,50.39989],[-3.49317,50.39197],[-3.50135,50.38968],[-3.50263,50.38544],[-3.49726,50.38184],[-3.50744,50.37899],[-3.5144,50.3727],[-3.51367,50.36886],[-3.51934,50.36067],[-3.51973,50.35721],[-3.51498,50.35312],[-3.5182,50.34757],[-3.5219,50.34502],[-3.53081,50.34363],[-3.53542,50.33718],[-3.54363,50.33585],[-3.54697,50.33794],[-3.55201,50.33842],[-3.55569,50.34188],[-3.56178,50.34274],[-3.56548,50.34595],[-3.57284,50.34779],[-3.57041,50.35455],[-3.5758,50.3629],[-3.57807,50.3752],[-3.58121,50.37813],[-3.59063,50.38208],[-3.57551,50.39266],[-3.59134,50.39494],[-3.60314,50.39476],[-3.60714,50.39275],[-3.61102,50.39302],[-3.61734,50.39753],[-3.63218,50.4004],[-3.63095,50.40423],[-3.63481,50.40705],[-3.64495,50.40624],[-3.64249,50.40979],[-3.64458,50.41226],[-3.65098,50.41259],[-3.6552,50.41071],[-3.64644,50.40982],[-3.6483,50.40673],[-3.64598,50.40456],[-3.6357,50.40438],[-3.64172,50.39761],[-3.63208,50.39684],[-3.62468,50.3921],[-3.6109,50.38878],[-3.6082,50.386],[-3.60032,50.39036],[-3.59575,50.38951],[-3.59578,50.38266],[-3.5834,50.37524],[-3.5807,50.37081],[-3.58233,50.36185],[-3.59748,50.35842],[-3.59446,50.35835],[-3.58908,50.36021],[-3.57905,50.35986],[-3.57639,50.35656],[-3.57735,50.34835],[-3.57634,50.34572],[-3.57218,50.34307],[-3.56876,50.34357],[-3.56532,50.34176],[-3.56619,50.33968],[-3.56555,50.33699],[-3.56394,50.3354],[-3.56797,50.33364],[-3.56912,50.33149],[-3.57147,50.33019],[-3.57061,50.32724],[-3.57215,50.32611],[-3.57625,50.32534],[-3.57906,50.32579],[-3.58795,50.32539],[-3.59777,50.31989],[-3.61011,50.31894],[-3.63371,50.30037],[-3.64587,50.28296],[-3.65826,50.23789],[-3.6544,50.22917],[-3.64386,50.22215],[-3.65655,50.21864],[-3.68179,50.22046],[-3.70051,50.2123],[-3.70729,50.2067],[-3.72034,50.20306],[-3.73237,50.20865],[-3.73999,50.21476],[-3.74983,50.21836],[-3.76316,50.22017],[-3.77157,50.2243],[-3.76058,50.23585],[-3.73674,50.2389],[-3.73785,50.24228],[-3.75122,50.24032],[-3.75552,50.24195],[-3.75449,50.25105],[-3.73899,50.25815],[-3.74269,50.26184],[-3.75437,50.257],[-3.76067,50.26222],[-3.76265,50.27433],[-3.76622,50.27229],[-3.77176,50.27475],[-3.77328,50.27568],[-3.76807,50.26337],[-3.77018,50.26094],[-3.7765,50.25972],[-3.76325,50.25309],[-3.7594,50.24716],[-3.75987,50.2423],[-3.76107,50.24097],[-3.76742,50.24218],[-3.76731,50.23631],[-3.78077,50.227],[-3.78164,50.21656],[-3.78911,50.21117],[-3.82053,50.21713],[-3.83723,50.22748],[-3.85846,50.23448],[-3.86647,50.23952],[-3.85974,50.24534],[-3.85877,50.25862],[-3.87822,50.27377],[-3.87689,50.28146],[-3.8801,50.28428],[-3.89509,50.28225],[-3.89819,50.28745],[-3.91576,50.2947],[-3.91884,50.29597],[-3.92574,50.29666],[-3.93246,50.29497],[-3.94381,50.29626],[-3.94747,50.30464],[-3.93982,50.31634],[-3.96207,50.30489],[-3.97411,50.3057],[-3.99024,50.30679],[-4.0131,50.30097],[-4.02333,50.29493],[-4.03268,50.29347],[-4.03722,50.29276],[-4.04757,50.2943],[-4.07044,50.30256],[-4.07319,50.30585],[-4.06917,50.30913],[-4.05263,50.31195],[-4.05128,50.31886],[-4.04406,50.32763],[-4.03268,50.33456],[-4.02851,50.33755],[-4.03268,50.3388],[-4.03662,50.33911],[-4.04371,50.33357],[-4.04932,50.33269],[-4.04829,50.32759],[-4.05682,50.31238],[-4.0676,50.31268],[-4.07783,50.31472],[-4.08878,50.3169],[-4.10583,50.31566],[-4.11956,50.32155],[-4.12061,50.33434],[-4.12829,50.33918],[-4.12758,50.34323],[-4.12328,50.34681],[-4.12287,50.35129],[-4.12778,50.35837],[-4.11205,50.36038],[-4.09967,50.37844],[-4.08578,50.38618],[-4.09817,50.38392],[-4.10432,50.37988],[-4.11549,50.36252],[-4.12133,50.36183],[-4.13322,50.36632],[-4.13494,50.3635],[-4.14481,50.36369],[-4.14946,50.36273],[-4.15443,50.36536],[-4.15711,50.36157],[-4.16522,50.35948],[-4.16622,50.36714],[-4.17043,50.36497],[-4.17987,50.3653],[-4.18459,50.3674],[-4.18518,50.37893],[-4.19113,50.39019],[-4.18617,50.39238],[-4.18716,50.3935],[-4.195,50.39272],[-4.20433,50.39712],[-4.20064,50.40792],[-4.19284,50.42322],[-4.18704,50.4244],[-4.18835,50.42855],[-4.17987,50.43246],[-4.1746,50.43489],[-4.15622,50.45445],[-4.15488,50.45877],[-4.15691,50.46058],[-4.15842,50.45687],[-4.16427,50.45556],[-4.16935,50.45173],[-4.17762,50.44003],[-4.17987,50.43839],[-4.18459,50.43497],[-4.18871,50.43503],[-4.19806,50.44517],[-4.20139,50.45517],[-4.21546,50.46776],[-4.21962,50.46853],[-4.2245,50.46674],[-4.2299,50.45763],[-4.23594,50.45967],[-4.23591,50.46532],[-4.21863,50.4752],[-4.23384,50.46931],[-4.23955,50.46496],[-4.23804,50.45835],[-4.23162,50.45566],[-4.22626,50.45703],[-4.22184,50.46299],[-4.21687,50.46332],[-4.21221,50.45727],[-4.20913,50.44592],[-4.20019,50.43696],[-4.20429,50.43041],[-4.21468,50.42926],[-4.21871,50.42593],[-4.21077,50.42512],[-4.21123,50.41498],[-4.20622,50.40844],[-4.21052,50.40482],[-4.21003,50.40278],[-4.21203,50.39925],[-4.21529,50.39883],[-4.21797,50.39746],[-4.22147,50.3975],[-4.2246,50.3965],[-4.22808,50.39374],[-4.23141,50.39659],[-4.24285,50.38976],[-4.24832,50.39007],[-4.24657,50.38638],[-4.25384,50.38402],[-4.27007,50.38667],[-4.27105,50.37917],[-4.27513,50.37735],[-4.28887,50.38796],[-4.28991,50.39157],[-4.28708,50.39478],[-4.29116,50.39371],[-4.29421,50.3896],[-4.30249,50.39224],[-4.30224,50.38815],[-4.28787,50.38308],[-4.27464,50.37423],[-4.2593,50.37649],[-4.24961,50.37557],[-4.23869,50.38121],[-4.23067,50.3899],[-4.21173,50.39234],[-4.20234,50.38763],[-4.20885,50.38564],[-4.19935,50.38288],[-4.2019,50.37947],[-4.19387,50.37558],[-4.19572,50.3721],[-4.20135,50.37024],[-4.20664,50.37179],[-4.23603,50.36503],[-4.21948,50.36255],[-4.21662,50.35932],[-4.20593,50.36108],[-4.19785,50.35919],[-4.19702,50.35451],[-4.20224,50.35122],[-4.20254,50.34819],[-4.19295,50.35078],[-4.19181,50.35422],[-4.17987,50.36005],[-4.17303,50.35903],[-4.16614,50.34953],[-4.16883,50.34481],[-4.17987,50.34224],[-4.18905,50.34035],[-4.20023,50.33221],[-4.19907,50.32876],[-4.18972,50.32313],[-4.18976,50.31781],[-4.21102,50.31764],[-4.22434,50.31177],[-4.22616,50.31882],[-4.22023,50.32282],[-4.22063,50.32596],[-4.22899,50.33332],[-4.24346,50.34132],[-4.2822,50.35656],[-4.30761,50.36113],[-4.32443,50.36173],[-4.3316,50.36206],[-4.33882,50.35994],[-4.35392,50.36156],[-4.36544,50.36023],[-4.38626,50.36441],[-4.40177,50.36361],[-4.43714,50.36044],[-4.45134,50.35068],[-4.45395,50.34503],[-4.47085,50.3388],[-4.47567,50.3337],[-4.4949,50.33576],[-4.50485,50.33078],[-4.53625,50.32451],[-4.55227,50.32484],[-4.58159,50.33119],[-4.58844,50.33021],[-4.59928,50.32528],[-4.60762,50.32732],[-4.61961,50.32452],[-4.63382,50.32528],[-4.63755,50.32671],[-4.63734,50.3288],[-4.62451,50.33416],[-4.62877,50.33672],[-4.62964,50.34493],[-4.63464,50.34916],[-4.63505,50.35545],[-4.62188,50.35938],[-4.63414,50.36053],[-4.63471,50.37511],[-4.64022,50.375],[-4.6611,50.38806],[-4.65447,50.37965],[-4.63901,50.37002],[-4.63742,50.34763],[-4.63203,50.344],[-4.63373,50.33627],[-4.64547,50.3273],[-4.65123,50.32647],[-4.65567,50.32336],[-4.66699,50.32286],[-4.66988,50.3157],[-4.67442,50.31478],[-4.68373,50.31989],[-4.68257,50.33773],[-4.69159,50.34681],[-4.70013,50.34714],[-4.70575,50.34099],[-4.72489,50.3375],[-4.75358,50.33129],[-4.76142,50.32682],[-4.76574,50.32162],[-4.76403,50.31268],[-4.75437,50.30635],[-4.75311,50.29907],[-4.76358,50.29972],[-4.76697,50.29732],[-4.78026,50.28967],[-4.78374,50.28506],[-4.77882,50.27895],[-4.78316,50.2741],[-4.78468,50.26199],[-4.77189,50.25789],[-4.76918,50.25369],[-4.78529,50.24435],[-4.78655,50.24162],[-4.78324,50.2356],[-4.79173,50.2322],[-4.79746,50.22991],[-4.79832,50.21988],[-4.80438,50.21919],[-4.81625,50.22991],[-4.83819,50.23231],[-4.8415,50.23683],[-4.86995,50.23037],[-4.89846,50.21344],[-4.91674,50.19873],[-4.93742,50.20575],[-4.94735,50.20497],[-4.95557,50.20193],[-4.96556,50.19386],[-4.97147,50.1855],[-4.97411,50.16687],[-4.98374,50.15329],[-5.01241,50.14219],[-5.01479,50.14913],[-5.00375,50.15509],[-4.99821,50.16568],[-5.00183,50.1674],[-5.00851,50.15887],[-5.02502,50.15971],[-5.02014,50.18055],[-5.02709,50.18729],[-5.03187,50.20447],[-5.01761,50.22324],[-5.01057,50.22501],[-4.99638,50.22461],[-4.98162,50.22806],[-4.98538,50.22981],[-5.00099,50.22681],[-5.01324,50.23144],[-5.01697,50.24576],[-5.01014,50.25313],[-5.00287,50.27051],[-5.01418,50.2567],[-5.01277,50.25135],[-5.02707,50.24372],[-5.03446,50.24965],[-5.0395,50.24981],[-5.05003,50.2481],[-5.03644,50.24537],[-5.03006,50.23976],[-5.02309,50.2421],[-5.01788,50.24076],[-5.02071,50.23384],[-5.01914,50.22701],[-5.02962,50.22311],[-5.02921,50.21098],[-5.03572,50.21113],[-5.04067,50.20533],[-5.05669,50.1968],[-5.06662,50.20701],[-5.09391,50.20842],[-5.0875,50.20705],[-5.07732,50.20555],[-5.07326,50.20009],[-5.06465,50.19648],[-5.05528,50.18798],[-5.05521,50.17866],[-5.05052,50.17732],[-5.04502,50.17403],[-5.04675,50.16874],[-5.05052,50.16525],[-5.05537,50.16187],[-5.0672,50.16191],[-5.07702,50.16728],[-5.09103,50.16888],[-5.09625,50.16764],[-5.08667,50.16398],[-5.07807,50.16349],[-5.06926,50.15684],[-5.06663,50.15382],[-5.06148,50.15185],[-5.05052,50.15333],[-5.04493,50.14998],[-5.04247,50.14453],[-5.05052,50.14663],[-5.0581,50.14746],[-5.07678,50.13921],[-5.07427,50.13428],[-5.08353,50.12853],[-5.09222,50.12605],[-5.09127,50.12452],[-5.09028,50.11499],[-5.08404,50.10999],[-5.09755,50.10127],[-5.11313,50.10314],[-5.12668,50.09976],[-5.14016,50.10186],[-5.14713,50.09845],[-5.15882,50.09715],[-5.16455,50.09964],[-5.16466,50.09432],[-5.17964,50.08989],[-5.17377,50.08905],[-5.14195,50.09611],[-5.13301,50.09328],[-5.12272,50.09616],[-5.1045,50.09393],[-5.09329,50.08986],[-5.09342,50.08836],[-5.09901,50.08769],[-5.09852,50.08629],[-5.0762,50.08277],[-5.07853,50.06953],[-5.06692,50.06671],[-5.06178,50.06069],[-5.0625,50.05639],[-5.05839,50.05285],[-5.06522,50.04773],[-5.06928,50.03548],[-5.08884,50.03107],[-5.09596,50.02661],[-5.09414,50.01689],[-5.10181,50.00488],[-5.11091,50.00283],[-5.12275,50.00808],[-5.13,50.00787],[-5.13322,50.00599],[-5.13929,50.00804],[-5.15679,50.00762],[-5.16716,50.00246],[-5.17221,49.98985],[-5.18441,49.97901],[-5.18706,49.97357],[-5.18477,49.96739],[-5.18648,49.9639],[-5.19591,49.96262],[-5.20206,49.95931],[-5.21445,49.96043],[-5.22139,49.97132],[-5.2442,49.97635],[-5.25499,49.99403],[-5.26338,49.99861],[-5.2668,50.00338],[-5.25801,50.01988],[-5.26335,50.02894],[-5.2615,50.0336],[-5.26362,50.03425],[-5.2661,50.03501],[-5.27194,50.04078],[-5.28036,50.04314],[-5.27597,50.04911],[-5.27889,50.05518],[-5.29691,50.07029],[-5.30933,50.07869],[-5.32858,50.08764],[-5.33368,50.09071],[-5.34288,50.09213],[-5.3626,50.0892],[-5.36683,50.09115],[-5.37168,50.09339],[-5.37644,50.0982],[-5.39052,50.10309],[-5.39857,50.10132],[-5.41031,50.1042],[-5.41553,50.10196],[-5.41685,50.09992],[-5.42074,50.09937],[-5.42698,50.0985],[-5.42911,50.10456],[-5.43651,50.10926],[-5.44334,50.1121],[-5.4483,50.11138],[-5.46174,50.12213],[-5.47482,50.1236],[-5.47987,50.12603],[-5.48417,50.12764],[-5.49618,50.12868],[-5.51774,50.12657],[-5.52405,50.12614],[-5.52797,50.12498],[-5.53109,50.12239],[-5.52992,50.11548],[-5.53744,50.11386],[-5.5487,50.10659],[-5.53324,50.08838],[-5.54005,50.07501],[-5.54981,50.06359],[-5.55171,50.06136],[-5.55503,50.06033],[-5.56266,50.06186],[-5.56582,50.05703],[-5.5769,50.05237],[-5.58306,50.05279],[-5.58833,50.05128],[-5.59016,50.05075],[-5.59802,50.05219],[-5.6079,50.04862],[-5.61786,50.05036],[-5.62378,50.04945],[-5.63616,50.04083],[-5.64576,50.04355],[-5.65423,50.0382],[-5.66757,50.03744],[-5.67433,50.03498],[-5.68082,50.03577],[-5.68997,50.04404],[-5.68933,50.04791],[-5.6935,50.05018],[-5.69458,50.0538],[-5.70555,50.05548],[-5.70997,50.05808],[-5.71626,50.06755],[-5.71028,50.07151],[-5.70871,50.07709],[-5.69654,50.07953],[-5.68907,50.08844],[-5.68989,50.09253],[-5.69705,50.09915],[-5.70097,50.11898],[-5.70905,50.12766],[-5.70321,50.12969],[-5.70328,50.13544],[-5.69439,50.1387],[-5.6921,50.15011],[-5.67752,50.15954],[-5.67231,50.16578],[-5.65755,50.16495],[-5.64876,50.16806],[-5.6301,50.16948],[-5.60019,50.19111],[-5.59363,50.18975],[-5.58833,50.19244],[-5.58535,50.19454],[-5.57927,50.196],[-5.57597,50.19995],[-5.56568,50.20008],[-5.55698,50.20462],[-5.55161,50.21062],[-5.54981,50.21091],[-5.54307,50.21197],[-5.53872,50.21608],[-5.52829,50.21392],[-5.4976,50.21983],[-5.49083,50.21699],[-5.48544,50.2157],[-5.47797,50.21682],[-5.4784,50.21275],[-5.4703,50.20589],[-5.46915,50.20012],[-5.45626,50.19778],[-5.451,50.19501],[-5.43873,50.19377],[-5.43404,50.1904],[-5.42701,50.1879],[-5.42474,50.18898],[-5.43286,50.19194],[-5.43288,50.19386],[-5.42751,50.19932],[-5.42074,50.20327],[-5.40853,50.21039],[-5.39212,50.22853],[-5.39496,50.24039],[-5.38544,50.2405],[-5.37871,50.24349],[-5.37272,50.23734],[-5.36683,50.23835],[-5.35589,50.24023],[-5.34316,50.23838],[-5.3307,50.24212],[-5.32231,50.24679],[-5.31484,50.25032],[-5.31066,50.25579],[-5.30147,50.26214],[-5.29388,50.26152],[-5.28632,50.26512],[-5.27775,50.27375],[-5.26362,50.27553],[-5.25952,50.2801],[-5.24545,50.2859],[-5.2442,50.28777],[-5.2387,50.29602],[-5.23421,50.30592],[-5.23352,50.31855],[-5.22119,50.32178],[-5.20058,50.32158],[-5.18124,50.33505],[-5.18105,50.33981],[-5.1719,50.3413],[-5.15503,50.34876],[-5.14709,50.37441],[-5.15505,50.37934],[-5.15192,50.38293],[-5.15698,50.38841],[-5.14733,50.39044],[-5.14348,50.39578],[-5.14889,50.40063],[-5.14746,50.40496],[-5.13916,50.40368],[-5.13512,50.40815],[-5.12384,50.40502],[-5.11459,50.40862],[-5.1184,50.41174],[-5.10769,50.41337],[-5.10105,50.41452],[-5.09766,50.42207],[-5.08821,50.42035],[-5.08475,50.41584],[-5.07474,50.41689],[-5.06573,50.42212],[-5.06532,50.42437],[-5.06032,50.42439],[-5.05649,50.42566],[-5.06375,50.42622],[-5.06533,50.42731],[-5.05643,50.42785],[-5.05237,50.43371],[-5.05052,50.43431],[-5.04046,50.44929],[-5.04201,50.4583],[-5.03909,50.46002],[-5.04148,50.46424],[-5.03321,50.46772],[-5.03879,50.47394],[-5.03671,50.48001],[-5.03507,50.49258],[-5.04312,50.49707],[-5.04327,50.49964],[-5.03232,50.50828],[-5.02334,50.50934],[-5.02915,50.51391],[-5.02768,50.52351],[-5.02357,50.52668],[-5.02551,50.52966],[-5.02384,50.53712],[-5.0266,50.5411],[-5.03893,50.5456],[-5.03559,50.54912],[-5.02524,50.55081],[-5.01645,50.54471],[-5.00468,50.54601],[-5.0034,50.54222],[-4.99921,50.54072],[-4.99152,50.5433],[-4.98435,50.54281],[-4.97845,50.54591],[-4.98019,50.54799],[-4.97281,50.55722],[-4.9591,50.5617],[-4.95617,50.56682],[-4.9517,50.56886],[-4.94551,50.56788],[-4.94897,50.55623],[-4.94007,50.55357],[-4.93449,50.54704],[-4.93568,50.54207],[-4.93165,50.52978],[-4.93845,50.52478],[-4.92937,50.52526],[-4.9257,50.53026],[-4.92161,50.53132],[-4.9122,50.5307],[-4.89955,50.5265],[-4.88503,50.53006],[-4.86647,50.52952],[-4.85539,50.52871],[-4.846,50.52422],[-4.85258,50.53091],[-4.86136,50.53509],[-4.88751,50.53516],[-4.89494,50.53191],[-4.90052,50.53167],[-4.91306,50.53729],[-4.91614,50.54291],[-4.92539,50.54568],[-4.9288,50.55317],[-4.92949,50.56511],[-4.91725,50.57646],[-4.93364,50.58732],[-4.92136,50.59385],[-4.9078,50.58578],[-4.88574,50.58319],[-4.87585,50.58778],[-4.86974,50.5942],[-4.85943,50.5941],[-4.84977,50.59792],[-4.84142,50.59529],[-4.81694,50.59571],[-4.79826,50.59813],[-4.79161,50.60233],[-4.77138,50.62193],[-4.76984,50.63447],[-4.76796,50.64143],[-4.76156,50.64537],[-4.75954,50.65204],[-4.76629,50.65565],[-4.76121,50.66617],[-4.76336,50.66973],[-4.74653,50.67179],[-4.74316,50.67643],[-4.73828,50.67317],[-4.73297,50.67327],[-4.72518,50.68423],[-4.70579,50.68623],[-4.70364,50.68739],[-4.70489,50.68969],[-4.69958,50.69349],[-4.68211,50.69565],[-4.68477,50.69925],[-4.67999,50.70472],[-4.66951,50.70765],[-4.66574,50.71146],[-4.65536,50.71539],[-4.65015,50.72784],[-4.65034,50.73885],[-4.64156,50.73854],[-4.63651,50.74023],[-4.63473,50.74205],[-4.63839,50.74646],[-4.63234,50.74963],[-4.62058,50.75127],[-4.6165,50.75607],[-4.61238,50.76092],[-4.57701,50.77214],[-4.56251,50.78178],[-4.55799,50.79069],[-4.55697,50.79706],[-4.55952,50.8008],[-4.55678,50.80854],[-4.5577,50.82835],[-4.5528,50.83053],[-4.55648,50.84161],[-4.55532,50.84861],[-4.5586,50.87452],[-4.56079,50.88058],[-4.56686,50.88545],[-4.56201,50.89177],[-4.56489,50.90087],[-4.56832,50.90379],[-4.56471,50.90689],[-4.56104,50.91702],[-4.54596,50.92835],[-4.54844,50.93946],[-4.54219,50.94587],[-4.5426,50.95419],[-4.5333,50.9657],[-4.53432,50.97922],[-4.52985,50.98512],[-4.53401,50.99441],[-4.53068,50.99731],[-4.53276,51.00964],[-4.52782,51.01211],[-4.52786,51.01711],[-4.5238,51.0212],[-4.51368,51.0219],[-4.50253,51.01906],[-4.49637,51.02109],[-4.47282,51.02135],[-4.46982,51.02138],[-4.45009,51.01488],[-4.42766,51.01322],[-4.40398,51.00423],[-4.38919,50.99434],[-4.374,50.99017],[-4.34527,50.98886],[-4.31924,50.9927],[-4.30482,50.99683],[-4.2785,51.01691],[-4.27086,51.02537],[-4.26854,51.02737],[-4.26308,51.03393],[-4.25676,51.03843],[-4.25285,51.03964],[-4.23882,51.04116],[-4.23541,51.04449],[-4.23337,51.04749],[-4.231,51.05339],[-4.22432,51.06344],[-4.2149,51.06425],[-4.20979,51.06199],[-4.213,51.05685],[-4.20997,51.0533],[-4.19767,51.05735],[-4.1914,51.05484],[-4.19086,51.04656],[-4.1949,51.04078],[-4.20342,51.0316],[-4.20307,51.02822],[-4.20242,51.02537],[-4.20213,51.02407],[-4.20556,51.01378],[-4.20613,51.01066],[-4.2047,51.00507],[-4.19235,51.00049],[-4.20156,51.00488],[-4.204,51.00766],[-4.2018,51.01652],[-4.19814,51.0212],[-4.19746,51.03275],[-4.1882,51.0389],[-4.181,51.04793],[-4.17987,51.06659],[-4.17247,51.06965],[-4.16562,51.07405],[-4.15322,51.07372],[-4.15506,51.0777],[-4.15258,51.07996],[-4.13063,51.07796],[-4.12328,51.07876],[-4.11862,51.08161],[-4.11689,51.08951],[-4.11177,51.08851],[-4.10362,51.08366],[-4.09117,51.08167],[-4.08591,51.07936],[-4.07783,51.07744],[-4.06579,51.07835],[-4.0577,51.07617],[-4.06692,51.08122],[-4.07002,51.08125],[-4.07594,51.07991],[-4.07783,51.08099],[-4.08155,51.08314],[-4.08545,51.08419],[-4.08943,51.08595],[-4.09249,51.08653],[-4.1081,51.09343],[-4.11741,51.09439],[-4.12802,51.09304],[-4.13063,51.08747],[-4.14435,51.08431],[-4.15468,51.08545],[-4.16618,51.08412],[-4.16854,51.08035],[-4.17987,51.0777],[-4.18187,51.07723],[-4.19011,51.07106],[-4.19092,51.06557],[-4.21618,51.07626],[-4.22282,51.08974],[-4.22265,51.11666],[-4.23794,51.11992],[-4.24276,51.12359],[-4.24054,51.12631],[-4.23873,51.12853],[-4.23935,51.13204],[-4.25939,51.1439],[-4.25417,51.14621],[-4.22629,51.14483],[-4.2201,51.14736],[-4.21386,51.15664],[-4.21047,51.17183],[-4.21539,51.18215],[-4.22659,51.18768],[-4.21035,51.19138],[-4.20232,51.19965],[-4.19259,51.1992],[-4.17987,51.19819],[-4.17769,51.19802],[-4.16789,51.20228],[-4.14616,51.20411],[-4.14171,51.20723],[-4.13063,51.20888],[-4.12076,51.21202],[-4.11159,51.20942],[-4.09632,51.2123],[-4.08574,51.21688],[-4.07684,51.21569],[-4.07078,51.21618],[-4.05344,51.20962],[-4.04481,51.20864],[-4.03512,51.21133],[-4.0257,51.21663],[-3.97411,51.22079],[-3.95871,51.2199],[-3.94958,51.22147],[-3.93912,51.2281],[-3.92603,51.23175],[-3.91576,51.23067],[-3.90491,51.22954],[-3.89315,51.22413],[-3.88051,51.22849],[-3.87203,51.22743],[-3.87146,51.23099],[-3.86184,51.23102],[-3.85009,51.23485],[-3.84061,51.23513],[-3.83203,51.23226],[-3.80906,51.23208],[-3.78911,51.24449],[-3.78673,51.24597],[-3.769,51.23765],[-3.7289,51.23534],[-3.72078,51.23309],[-3.68604,51.22791],[-3.63269,51.22341],[-3.62002,51.2171],[-3.59232,51.22278],[-3.57815,51.23172],[-3.55514,51.23302],[-3.53698,51.23128],[-3.50513,51.22343],[-3.49671,51.22353],[-3.48498,51.21938],[-3.46781,51.2074],[-3.45054,51.20881],[-3.44078,51.2046],[-3.43323,51.19631],[-3.42427,51.19081],[-3.41841,51.18839],[-3.41519,51.18554],[-3.41184,51.18393],[-3.40874,51.18334],[-3.40526,51.18267],[-3.39312,51.18251],[-3.38381,51.18303],[-3.37613,51.1846],[-3.37209,51.18461],[-3.36457,51.1842],[-3.35266,51.18155],[-3.35024,51.18151],[-3.34599,51.18193],[-3.32924,51.18358],[-3.31321,51.17956],[-3.29496,51.18242],[-3.28415,51.18061],[-3.28237,51.18016],[-3.28017,51.18049],[-3.27768,51.17955],[-3.27472,51.18006],[-3.26896,51.18208],[-3.26196,51.18585],[-3.2569,51.18772],[-3.25028,51.18734],[-3.24707,51.18799],[-3.2444,51.18853],[-3.23709,51.19108],[-3.23313,51.19099],[-3.22897,51.19181],[-3.21645,51.19445],[-3.20117,51.20147],[-3.19063,51.20243],[-3.17979,51.20017],[-3.16403,51.20303],[-3.15409,51.20852],[-3.13055,51.21076],[-3.11494,51.20727],[-3.09977,51.20808],[-3.07651,51.2016],[-3.05455,51.20567],[-3.03141,51.21763],[-3.02038,51.21827],[-3.03235,51.19521],[-3.04492,51.19421],[-3.05605,51.18658],[-3.05942,51.1787],[-3.05517,51.17276],[-3.04318,51.16409],[-3.03616,51.16264],[-3.03001,51.16563],[-3.02771,51.17441],[-3.0179,51.17538],[-3.01117,51.17288],[-3.00789,51.17165],[-3.00422,51.16708],[-3.00487,51.16314],[-3.00064,51.16119],[-3.00207,51.16739],[-3.00905,51.17393],[-3.01117,51.17476],[-3.02281,51.17712],[-3.02902,51.17547],[-3.03188,51.16682],[-3.0383,51.16453],[-3.05374,51.17542],[-3.0558,51.17917],[-3.05088,51.18684],[-3.03371,51.18932],[-3.0263,51.19351],[-3.01117,51.21649],[-3.00384,51.22239],[-3.00359,51.22554],[-3.00185,51.23006],[-2.99935,51.23697],[-3.0002,51.24207],[-3.00181,51.24488],[-3.01117,51.25198],[-3.0156,51.25764],[-3.02048,51.27149],[-3.01202,51.31603],[-3.01881,51.32444],[-3.00643,51.32476],[-2.99295,51.32032],[-2.99185,51.32123],[-2.98801,51.32909],[-2.98625,51.33455],[-2.98447,51.34012],[-2.98284,51.34702],[-2.98335,51.35073],[-2.99314,51.35437],[-2.99315,51.3574],[-2.96835,51.36331],[-2.96424,51.36825],[-2.96248,51.3808],[-2.97341,51.38926],[-2.94097,51.39783],[-2.93777,51.39744],[-2.937,51.3944],[-2.93481,51.39515],[-2.93188,51.39435],[-2.91905,51.39587],[-2.91341,51.39526],[-2.8875,51.41507],[-2.88261,51.42546],[-2.87707,51.42853],[-2.87787,51.43203],[-2.86347,51.4399],[-2.85149,51.4537],[-2.84585,51.45686],[-2.8298,51.46559],[-2.82388,51.46704],[-2.81948,51.47052],[-2.81738,51.4733],[-2.81558,51.4749],[-2.81024,51.47776],[-2.8093,51.47928],[-2.80296,51.48271],[-2.8003,51.48497],[-2.79745,51.48601],[-2.79504,51.48573],[-2.78315,51.48768],[-2.77103,51.4947],[-2.75929,51.49495],[-2.75684,51.49254],[-2.75122,51.49296],[-2.74358,51.49357],[-2.73462,51.49429],[-2.72562,51.50064],[-2.7202,51.50135],[-2.70131,51.49318],[-2.6899,51.48555],[-2.68472,51.48242],[-2.67961,51.48021],[-2.6801,51.48143],[-2.68472,51.48401],[-2.69636,51.493],[-2.70794,51.4981],[-2.71434,51.50623],[-2.68472,51.53383],[-2.67381,51.54443],[-2.67106,51.54772],[-2.66855,51.55272],[-2.66727,51.55689],[-2.66718,51.56287],[-2.66609,51.56654],[-2.66669,51.56859],[-2.66535,51.56935],[-2.66388,51.57316],[-2.65954,51.5752],[-2.65732,51.57518],[-2.65268,51.57954],[-2.64263,51.58701],[-2.63749,51.5923],[-2.62751,51.60522],[-2.60959,51.61308],[-2.60044,51.61709],[-2.58476,51.6283],[-2.57555,51.64533],[-2.57477,51.64677],[-2.57288,51.65025],[-2.55813,51.66632],[-2.53469,51.67727],[-2.51079,51.68528],[-2.4893,51.70049],[-2.48105,51.72526],[-2.47189,51.72639],[-2.45026,51.73941],[-2.4304,51.73746],[-2.40976,51.74828],[-2.383,51.7584],[-2.37923,51.76519],[-2.38364,51.77491],[-2.41161,51.78514],[-2.44168,51.78891],[-2.44637,51.79328],[-2.44518,51.79821],[-2.43325,51.811],[-2.42459,51.81424],[-2.41152,51.80483],[-2.38928,51.79904],[-2.37616,51.79332],[-2.36758,51.7921],[-2.35704,51.79369],[-2.35417,51.79412],[-2.34664,51.79888],[-2.34581,51.8028],[-2.34814,51.80618],[-2.35704,51.81063],[-2.35905,51.81164],[-2.36149,51.82295],[-2.35905,51.82657],[-2.35704,51.82718],[-2.34955,51.82947],[-2.35566,51.83594],[-2.3514,51.8457],[-2.33301,51.85],[-2.32249,51.84751],[-2.30793,51.84627],[-2.30466,51.84374],[-2.30213,51.83537],[-2.29845,51.83236],[-2.29823,51.8326],[-2.30139,51.836],[-2.30411,51.84497],[-2.30703,51.84703],[-2.32209,51.84805],[-2.33304,51.85064],[-2.35185,51.84652],[-2.35661,51.83615],[-2.35138,51.83007],[-2.35704,51.82817],[-2.36031,51.82708],[-2.36303,51.82246],[-2.36145,51.80813],[-2.35704,51.80628],[-2.34826,51.8026],[-2.35112,51.79792],[-2.35704,51.79607],[-2.36161,51.79464],[-2.37024,51.79492],[-2.40152,51.80459],[-2.41448,51.81683],[-2.42466,51.81901],[-2.44133,51.81168],[-2.45197,51.79784],[-2.44842,51.78492],[-2.44231,51.7823],[-2.43625,51.78102],[-2.4301,51.78214],[-2.42365,51.78165],[-2.41549,51.78067],[-2.40687,51.77853],[-2.40519,51.77726],[-2.40425,51.77491],[-2.40546,51.77162],[-2.41098,51.76842],[-2.42151,51.76521],[-2.42427,51.76482],[-2.42745,51.76353],[-2.43019,51.7616],[-2.43746,51.75917],[-2.45398,51.75012],[-2.45982,51.74772],[-2.46509,51.74652],[-2.47131,51.74419],[-2.47727,51.73966],[-2.47733,51.73951],[-2.47882,51.73499],[-2.48632,51.73251],[-2.48995,51.73117],[-2.4934,51.72903],[-2.4971,51.72554],[-2.50082,51.71844],[-2.50133,51.71607],[-2.50608,51.71013],[-2.50835,51.7098],[-2.51091,51.70859],[-2.51559,51.70851],[-2.51949,51.70748],[-2.5271,51.70247],[-2.53017,51.70209],[-2.53438,51.70073],[-2.53847,51.70044],[-2.54446,51.69892],[-2.54752,51.69719],[-2.55359,51.69222],[-2.55891,51.69232],[-2.56568,51.68892],[-2.57082,51.68838],[-2.57555,51.68641],[-2.60847,51.67263],[-2.62433,51.66111],[-2.62557,51.65259],[-2.64815,51.63028],[-2.65044,51.62269],[-2.64801,51.61518],[-2.65232,51.61088],[-2.65756,51.61357],[-2.65621,51.62274],[-2.66605,51.63318],[-2.66609,51.6394],[-2.66918,51.64539],[-2.67914,51.64552],[-2.68032,51.64755],[-2.67918,51.64935],[-2.66785,51.6624],[-2.67013,51.66339],[-2.68164,51.66128],[-2.68466,51.66359],[-2.68397,51.66702],[-2.66288,51.67078],[-2.65871,51.67381],[-2.67147,51.68168],[-2.66967,51.69169],[-2.67411,51.69751],[-2.68331,51.70113],[-2.6805,51.70274],[-2.67293,51.70061],[-2.66928,51.70287],[-2.67033,51.70815],[-2.67937,51.71399],[-2.68087,51.71906],[-2.68112,51.7245],[-2.68614,51.73082],[-2.67277,51.73693],[-2.66382,51.75291],[-2.67936,51.76836],[-2.67437,51.78346],[-2.67583,51.78807],[-2.66954,51.79437],[-2.67648,51.7988],[-2.67766,51.80322],[-2.67205,51.80867],[-2.6598,51.81129],[-2.65991,51.8224],[-2.65134,51.82419],[-2.65021,51.82615],[-2.6355,51.84043],[-2.62588,51.83933],[-2.62068,51.8435],[-2.60985,51.84706],[-2.60639,51.85203],[-2.59756,51.85558],[-2.58685,51.85073],[-2.58209,51.85062],[-2.57988,51.85316],[-2.58316,51.85966],[-2.57555,51.86225],[-2.56136,51.86372],[-2.53407,51.86039],[-2.53161,51.86077],[-2.53111,51.86303],[-2.52729,51.8629],[-2.52161,51.86603],[-2.50808,51.8851],[-2.50366,51.88598],[-2.5003,51.8825],[-2.49513,51.88257],[-2.49123,51.88023],[-2.486,51.88448],[-2.48072,51.88573],[-2.47786,51.88497],[-2.47339,51.88556],[-2.47372,51.88735],[-2.46863,51.89078],[-2.4678,51.89202],[-2.4652,51.89299],[-2.45614,51.89342],[-2.4489,51.89481],[-2.44599,51.894],[-2.44087,51.89714],[-2.44436,51.9],[-2.44116,51.90291],[-2.44643,51.91509],[-2.44838,51.91815],[-2.45539,51.91998],[-2.46521,51.92772],[-2.46786,51.93739],[-2.46425,51.93917],[-2.46547,51.9517],[-2.47455,51.9562],[-2.49052,51.9557],[-2.50008,51.96121],[-2.49292,51.9656],[-2.4962,51.97552],[-2.49477,51.98044],[-2.48824,51.98701],[-2.47205,51.99481],[-2.47774,51.99967],[-2.48583,52.00133],[-2.49097,52.00648],[-2.49124,52.0105],[-2.48121,52.0154],[-2.4776,52.02264],[-2.46619,52.02373],[-2.46322,52.02171],[-2.46269,52.01505],[-2.44467,52.01551],[-2.43531,52.01361],[-2.43582,51.99703],[-2.41685,51.99419],[-2.39969,51.99665],[-2.39246,52.01244],[-2.3843,52.01283],[-2.35704,52.01989],[-2.35136,52.02137],[-2.35149,52.01318],[-2.34086,52.00689],[-2.33213,52.00722],[-2.32525,52.00387],[-2.32111,51.99221],[-2.32558,51.97622],[-2.31161,51.97583],[-2.3085,51.97113],[-2.30042,51.96678],[-2.29723,51.96761],[-2.29329,51.96967],[-2.28828,51.97067],[-2.28055,51.97058],[-2.27659,51.96951],[-2.27054,51.96894],[-2.2518,51.9672],[-2.24456,51.9725],[-2.2335,51.98605],[-2.22077,51.99486],[-2.20191,51.99595],[-2.18545,51.99092],[-2.18032,51.99382],[-2.18043,51.99879],[-2.17489,51.99615],[-2.17025,51.99467],[-2.16641,51.99531],[-2.16428,51.99646],[-2.16353,52.0015],[-2.16471,52.0042],[-2.17212,52.00846],[-2.18405,52.0139],[-2.18767,52.01908],[-2.17764,52.02275],[-2.18049,52.04098],[-2.17468,52.04518],[-2.17136,52.04758],[-2.16012,52.05028],[-2.14859,52.04683],[-2.13352,52.04598],[-2.13038,52.04518],[-2.11837,52.04211],[-2.11732,52.03406],[-2.13905,52.02776],[-2.15076,52.00663],[-2.14018,52.0037],[-2.14184,51.99982],[-2.13485,52.00045],[-2.13103,52.00554],[-2.1211,52.0113],[-2.11682,52.01432],[-2.10874,52.01428],[-2.09766,52.01307],[-2.08384,52.01066],[-2.06171,52.0142],[-2.05969,52.00998],[-2.05052,52.00805],[-2.04802,52.00393],[-2.03914,52.00469],[-2.03722,52.00924],[-2.02842,52.0105],[-2.02107,52.01821],[-1.99879,52.02902],[-1.99433,52.02752],[-1.98893,52.03213],[-1.98412,52.03588],[-1.9524,52.0373],[-1.95018,52.03534],[-1.94673,52.0323],[-1.93222,52.03053],[-1.92706,52.03595],[-1.92164,52.03652],[-1.91343,52.04446],[-1.87433,52.02457],[-1.85773,52.01122],[-1.83903,52.00679],[-1.8356,52.00995],[-1.83499,52.02252],[-1.82593,52.02994],[-1.82992,52.03279],[-1.82962,52.03801],[-1.83523,52.04312],[-1.84071,52.04518],[-1.86241,52.05334],[-1.86307,52.06345],[-1.86523,52.06574],[-1.87197,52.06637],[-1.87198,52.07192],[-1.86902,52.07386],[-1.86316,52.07378],[-1.85559,52.07444],[-1.85337,52.07237],[-1.85086,52.07456],[-1.84916,52.07728],[-1.8466,52.07943],[-1.83297,52.07327],[-1.81901,52.08465],[-1.81333,52.07941],[-1.80182,52.09708],[-1.79115,52.10055],[-1.78782,52.10651],[-1.76763,52.11259],[-1.76646,52.10987],[-1.7625,52.10734],[-1.75887,52.10608],[-1.75768,52.10316],[-1.75413,52.10093],[-1.75484,52.09929],[-1.75354,52.09767],[-1.75179,52.09692],[-1.75094,52.09543],[-1.74688,52.09325]],[[-4.17088,51.08728],[-4.16866,51.08679],[-4.16754,51.0909],[-4.1692,51.09008],[-4.17088,51.08728]]],[[[-6.29915,49.9377],[-6.29322,49.93591],[-6.29005,49.9363],[-6.28954,49.93425],[-6.28682,49.93325],[-6.28666,49.93161],[-6.28126,49.93102],[-6.27828,49.92937],[-6.28103,49.92834],[-6.28097,49.92647],[-6.27756,49.92485],[-6.27825,49.92283],[-6.27573,49.9229],[-6.27756,49.91812],[-6.27977,49.91566],[-6.28292,49.91581],[-6.28432,49.91735],[-6.28651,49.9167],[-6.28387,49.91472],[-6.28324,49.91173],[-6.28696,49.91111],[-6.28744,49.90983],[-6.29593,49.91122],[-6.30188,49.90849],[-6.30015,49.90604],[-6.30225,49.90341],[-6.30654,49.90448],[-6.30609,49.90607],[-6.31067,49.90978],[-6.31285,49.91321],[-6.3167,49.91349],[-6.31805,49.91246],[-6.31789,49.90856],[-6.32311,49.90812],[-6.32747,49.91245],[-6.32186,49.91717],[-6.3169,49.91531],[-6.30954,49.91639],[-6.30803,49.91774],[-6.30893,49.92338],[-6.31155,49.92455],[-6.31373,49.92741],[-6.30938,49.93034],[-6.30921,49.93351],[-6.30289,49.93517],[-6.30219,49.93716],[-6.29915,49.9377]]],[[[-4.65344,51.16248],[-4.65526,51.16058],[-4.65734,51.16148],[-4.6613,51.16037],[-4.66306,51.16133],[-4.66777,51.15928],[-4.66974,51.15917],[-4.67501,51.16309],[-4.67989,51.17273],[-4.67459,51.18105],[-4.67556,51.19099],[-4.67892,51.19608],[-4.67561,51.20135],[-4.66974,51.1993],[-4.66872,51.19674],[-4.66965,51.19557],[-4.66586,51.19222],[-4.6645,51.18864],[-4.6617,51.18552],[-4.66323,51.18173],[-4.66227,51.17819],[-4.66204,51.1701],[-4.66068,51.16666],[-4.65751,51.16309],[-4.65344,51.16248]]],[[[-6.32271,49.94509],[-6.33271,49.93997],[-6.33842,49.94703],[-6.33921,49.95513],[-6.34338,49.95702],[-6.35079,49.96377],[-6.34754,49.96772],[-6.34269,49.9674],[-6.34014,49.96371],[-6.33501,49.96325],[-6.33245,49.9597],[-6.32467,49.95702],[-6.32006,49.95285],[-6.32271,49.94509]]],[[[-6.28587,49.96567],[-6.27705,49.96428],[-6.26647,49.96709],[-6.26293,49.96528],[-6.2635,49.96232],[-6.28155,49.95702],[-6.28496,49.95702],[-6.28917,49.96099],[-6.30429,49.96486],[-6.303,49.96896],[-6.29708,49.97342],[-6.29347,49.9729],[-6.29003,49.96753],[-6.28587,49.96567]]],[[[-1.97183,50.69612],[-1.96499,50.69478],[-1.96128,50.69525],[-1.95822,50.69497],[-1.9559,50.69111],[-1.95649,50.68879],[-1.96063,50.68639],[-1.96679,50.68591],[-1.97477,50.68724],[-1.98356,50.68719],[-1.98515,50.68845],[-1.98776,50.69222],[-1.98566,50.69488],[-1.98324,50.69494],[-1.97872,50.69672],[-1.97484,50.69725],[-1.97183,50.69612]]],[[[-6.3489,49.95703],[-6.35109,49.94564],[-6.36178,49.94585],[-6.36178,49.9467],[-6.35679,49.94861],[-6.35776,49.95005],[-6.3647,49.95255],[-6.36178,49.95621],[-6.36178,49.95806],[-6.35757,49.96079],[-6.36178,49.96391],[-6.35989,49.96567],[-6.3489,49.95703]]],[[[-6.3453,49.89818],[-6.34432,49.89675],[-6.34131,49.89714],[-6.33779,49.89431],[-6.33941,49.8912],[-6.33592,49.88843],[-6.33614,49.88632],[-6.33947,49.8859],[-6.33845,49.88443],[-6.34119,49.88292],[-6.34356,49.88396],[-6.34381,49.88586],[-6.34674,49.88871],[-6.3524,49.88756],[-6.35378,49.89081],[-6.34957,49.89361],[-6.35186,49.89605],[-6.35106,49.89878],[-6.3453,49.89818]]],[[[-6.32639,49.89226],[-6.32904,49.88895],[-6.33083,49.88915],[-6.33627,49.89435],[-6.33781,49.89696],[-6.3348,49.89862],[-6.32777,49.89494],[-6.32639,49.89226]]],[[[-6.34867,49.9294],[-6.35064,49.92816],[-6.35763,49.93033],[-6.35361,49.93315],[-6.35585,49.93665],[-6.35392,49.93842],[-6.35019,49.93718],[-6.35204,49.93348],[-6.34949,49.93184],[-6.34867,49.9294]]],[[[-2.01437,50.68511],[-2.01865,50.68466],[-2.02041,50.68813],[-2.01938,50.69101],[-2.02136,50.69338],[-2.018,50.69408],[-2.01723,50.69199],[-2.01458,50.6909],[-2.01626,50.68915],[-2.0122,50.68795],[-2.01437,50.68511]]],[[[-6.36832,49.8963],[-6.36541,49.89264],[-6.36861,49.89114],[-6.37057,49.89248],[-6.37035,49.89511],[-6.37403,49.8941],[-6.37718,49.89474],[-6.37912,49.89652],[-6.37543,49.89683],[-6.37584,49.89828],[-6.37275,49.89893],[-6.37206,49.89687],[-6.36832,49.8963]]],[[[-3.10385,51.33861],[-3.11214,51.33809],[-3.1153,51.33958],[-3.11404,51.34053],[-3.10537,51.34168],[-3.10151,51.34054],[-3.10385,51.33861]]],[[[-6.32327,49.97084],[-6.32793,49.97053],[-6.32951,49.97195],[-6.32723,49.97461],[-6.32483,49.97476],[-6.32043,49.97323],[-6.32327,49.97084]]],[[[-1.9827,50.68211],[-1.98893,50.6817],[-1.99039,50.68339],[-1.98893,50.68443],[-1.98253,50.6845],[-1.9806,50.68351],[-1.9827,50.68211]]],[[[-6.29035,49.97937],[-6.28845,49.97574],[-6.29101,49.97515],[-6.29152,49.97752],[-6.29497,49.97746],[-6.29603,49.9795],[-6.29572,49.98033],[-6.29035,49.97937]]],[[[-1.98893,50.67818],[-1.99377,50.67784],[-1.9961,50.68102],[-1.99181,50.68117],[-1.98893,50.67999],[-1.98893,50.67818]]],[[[-6.36712,49.87398],[-6.37182,49.87292],[-6.37138,49.87687],[-6.36925,49.87728],[-6.36712,49.87398]]],[[[-6.35811,49.9321],[-6.36177,49.92998],[-6.36529,49.93147],[-6.36177,49.93359],[-6.35811,49.9321]]],[[[-6.38249,49.93473],[-6.38608,49.93257],[-6.38937,49.93408],[-6.38697,49.93626],[-6.38249,49.93473]]],[[[-6.33987,49.94057],[-6.34045,49.93834],[-6.34539,49.93866],[-6.34398,49.94182],[-6.33987,49.94057]]],[[[-6.37659,49.94187],[-6.38232,49.94057],[-6.38269,49.94318],[-6.37978,49.94428],[-6.37659,49.94187]]],[[[-6.2602,49.94242],[-6.26428,49.94148],[-6.26675,49.94386],[-6.26241,49.94504],[-6.2602,49.94242]]],[[[-6.27266,49.94366],[-6.27487,49.94193],[-6.28015,49.9457],[-6.27699,49.94715],[-6.27616,49.94444],[-6.27266,49.94366]]],[[[-6.24225,49.94624],[-6.24325,49.94378],[-6.24932,49.94548],[-6.2453,49.94723],[-6.24225,49.94624]]],[[[-6.26621,49.94828],[-6.26826,49.94728],[-6.27091,49.94837],[-6.2715,49.94951],[-6.27071,49.95055],[-6.26774,49.95055],[-6.2661,49.94978],[-6.26621,49.94828]]],[[[-6.25141,49.94977],[-6.25361,49.94777],[-6.25799,49.94991],[-6.25754,49.95154],[-6.25575,49.9513],[-6.25141,49.94977]]],[[[-6.29546,49.94989],[-6.29992,49.94944],[-6.30137,49.95105],[-6.29809,49.95347],[-6.29546,49.94989]]],[[[-6.36814,49.95252],[-6.37089,49.95189],[-6.3724,49.95363],[-6.37009,49.95628],[-6.36756,49.95466],[-6.36814,49.95252]]],[[[-6.30853,49.96979],[-6.31079,49.96645],[-6.31377,49.96664],[-6.31527,49.96871],[-6.30853,49.96979]]],[[[-6.32288,49.9646],[-6.32236,49.96095],[-6.32533,49.96119],[-6.32651,49.96328],[-6.32506,49.96547],[-6.32288,49.9646]]],[[[-6.32954,49.96721],[-6.32733,49.965],[-6.33371,49.96507],[-6.33551,49.96701],[-6.32954,49.96721]]],[[[-6.32039,49.97792],[-6.32287,49.97664],[-6.32533,49.97828],[-6.32414,49.98082],[-6.32106,49.97998],[-6.32039,49.97792]]],[[[-5.4752,50.11814],[-5.4767,50.11551],[-5.48059,50.11679],[-5.47837,50.11989],[-5.4752,50.11814]]],[[[-3.89649,50.27863],[-3.90145,50.27838],[-3.90334,50.27926],[-3.90055,50.28138],[-3.89793,50.28074],[-3.89649,50.27863]]],[[[-4.1038,50.30892],[-4.1051,50.30582],[-4.11021,50.30655],[-4.10877,50.30848],[-4.1038,50.30892]]],[[[-4.44789,50.33693],[-4.4516,50.33502],[-4.45391,50.33691],[-4.45061,50.33931],[-4.44789,50.33693]]],[[[-4.15067,50.35636],[-4.15186,50.35377],[-4.15806,50.35585],[-4.15799,50.35684],[-4.15067,50.35636]]],[[[-5.09646,50.42353],[-5.10016,50.42319],[-5.10257,50.42516],[-5.09731,50.42663],[-5.09646,50.42353]]],[[[-3.42413,50.61132],[-3.42565,50.60937],[-3.43008,50.61166],[-3.42689,50.61374],[-3.42413,50.61132]]],[[[-1.99862,50.68317],[-2.00126,50.68076],[-2.00348,50.6816],[-2.00313,50.68404],[-2.00097,50.6851],[-1.99862,50.68317]]],[[[-3.01294,51.22684],[-3.01574,51.22463],[-3.01903,51.22876],[-3.01596,51.22884],[-3.01294,51.22684]]],[[[-3.01481,51.23362],[-3.01495,51.23103],[-3.02018,51.23254],[-3.01753,51.23521],[-3.01481,51.23362]]],[[[-6.25684,49.95244],[-6.25775,49.9514],[-6.26117,49.95342],[-6.25872,49.95422],[-6.25684,49.95244]]]]},"properties":{"code":"UKK","nom":"South West (England)","country":"GB"}}]}