{"type":"FeatureCollection","features":[{"type":"Feature","geometry":{"type":"MultiPolygon","coordinates":[[[[8.65204,52.53093],[8.67125,52.51793],[8.68909,52.51856],[8.68521,52.51323],[8.69775,52.50888],[8.7011,52.50394],[8.69994,52.50173],[8.70301,52.50044],[8.69906,52.4869],[8.70849,52.47743],[8.71029,52.46555],[8.70989,52.46055],[8.7049,52.45501],[8.70368,52.44345],[8.70616,52.43864],[8.7154,52.43306],[8.71779,52.42907],[8.71671,52.42572],[8.70874,52.42351],[8.70497,52.41834],[8.70546,52.41315],[8.71037,52.40757],[8.70749,52.39535],[8.71524,52.39257],[8.72474,52.40027],[8.74601,52.38831],[8.77462,52.3956],[8.78949,52.39843],[8.85248,52.38991],[8.86448,52.39501],[8.87146,52.39357],[8.88729,52.39641],[8.89395,52.40486],[8.89941,52.40236],[8.90611,52.40426],[8.92151,52.4031],[8.93606,52.40201],[8.93631,52.40478],[8.94478,52.41017],[8.94255,52.41635],[8.95644,52.41606],[8.96364,52.42535],[8.97843,52.42765],[8.98336,52.43042],[8.98456,52.43237],[8.97992,52.43725],[8.98629,52.44505],[8.97963,52.45049],[8.99063,52.45221],[8.99892,52.45756],[9.01062,52.45748],[9.01676,52.4605],[9.01735,52.46699],[9.02158,52.47072],[9.02361,52.47758],[9.02819,52.48016],[9.03876,52.48041],[9.04331,52.48249],[9.04241,52.48802],[9.0524,52.49959],[9.06472,52.49675],[9.07215,52.49843],[9.08688,52.49589],[9.09516,52.49811],[9.11294,52.48602],[9.13163,52.48356],[9.13556,52.47752],[9.13542,52.47583],[9.12436,52.47492],[9.12454,52.46799],[9.10271,52.45614],[9.09525,52.44362],[9.11059,52.4349],[9.11142,52.42802],[9.10656,52.42583],[9.11238,52.42117],[9.12343,52.42089],[9.12525,52.41199],[9.11865,52.39855],[9.11301,52.39713],[9.09643,52.38641],[9.09999,52.37994],[9.09787,52.37142],[9.09436,52.36976],[9.09165,52.3684],[9.08893,52.36628],[9.08834,52.36394],[9.08702,52.36204],[9.0852,52.36],[9.08591,52.35747],[9.08511,52.35586],[9.08366,52.35479],[9.07754,52.35406],[9.07696,52.35262],[9.07494,52.35031],[9.06029,52.34639],[9.05534,52.34029],[9.02852,52.3446],[9.02403,52.33608],[9.01983,52.33202],[9.01033,52.33097],[9.00669,52.32608],[8.99826,52.32579],[8.99697,52.31837],[8.99095,52.31378],[8.98916,52.30102],[8.9855,52.29533],[8.98723,52.28733],[8.98026,52.28307],[8.96478,52.27893],[8.97223,52.27399],[8.97808,52.27445],[8.97278,52.26554],[8.9796,52.2615],[9.00369,52.25737],[9.00775,52.25308],[9.03269,52.24933],[9.05776,52.23782],[9.07534,52.23413],[9.07373,52.22914],[9.06214,52.2232],[9.05124,52.2205],[9.04187,52.22577],[9.03603,52.22382],[9.03477,52.21791],[9.04586,52.20956],[9.04384,52.20335],[9.04779,52.19558],[9.04358,52.19023],[9.04428,52.18423],[9.02097,52.18438],[9.01793,52.18755],[9.01873,52.19223],[9.01448,52.19466],[9.0062,52.18992],[9.00019,52.19104],[8.99336,52.19568],[8.98583,52.1946],[8.99263,52.19184],[8.99587,52.18645],[9.00081,52.1869],[9.0021,52.18308],[9.00519,52.18127],[9.01169,52.17747],[9.01251,52.17344],[9.02093,52.17113],[9.01982,52.16859],[9.01577,52.16811],[9.01312,52.16299],[9.01746,52.14902],[9.0118,52.13572],[9.01834,52.13303],[9.03568,52.13941],[9.03994,52.13861],[9.05412,52.14749],[9.06631,52.14825],[9.07057,52.14705],[9.0724,52.14096],[9.08133,52.14035],[9.10167,52.13341],[9.10792,52.13341],[9.11649,52.13767],[9.12516,52.13852],[9.13149,52.13566],[9.14242,52.13499],[9.15404,52.12778],[9.15812,52.11914],[9.15551,52.1152],[9.14737,52.11273],[9.13704,52.10546],[9.13494,52.0974],[9.14658,52.09922],[9.1556,52.09783],[9.1556,52.09202],[9.17533,52.08621],[9.18945,52.07043],[9.1819,52.06758],[9.17435,52.05946],[9.1727,52.04808],[9.17605,52.0429],[9.17399,52.03961],[9.17617,52.03482],[9.18853,52.02614],[9.19671,52.01252],[9.18042,52.00245],[9.19679,51.99692],[9.18507,51.99169],[9.18132,51.98479],[9.17469,51.98326],[9.1871,51.97321],[9.18693,51.9658],[9.19548,51.96336],[9.20143,51.96479],[9.20995,51.96059],[9.21007,51.96662],[9.21723,51.97303],[9.23059,51.97528],[9.23794,51.97651],[9.24278,51.97491],[9.26195,51.9765],[9.26869,51.9741],[9.26812,51.97081],[9.2747,51.97277],[9.27793,51.96245],[9.28364,51.95997],[9.28433,51.95752],[9.27247,51.95491],[9.27059,51.94882],[9.26389,51.94692],[9.27746,51.94262],[9.27258,51.93366],[9.27444,51.93066],[9.28733,51.92185],[9.29423,51.91999],[9.30889,51.92272],[9.31483,51.92228],[9.32143,51.91762],[9.33223,51.91643],[9.34068,51.9074],[9.34522,51.88915],[9.33622,51.85733],[9.33279,51.85523],[9.32334,51.85506],[9.33514,51.854],[9.35015,51.86161],[9.35928,51.864],[9.36751,51.86451],[9.39086,51.86059],[9.40653,51.85579],[9.43699,51.85657],[9.45965,51.8628],[9.46029,51.85467],[9.43356,51.83963],[9.44076,51.83122],[9.4373,51.82871],[9.43968,51.82476],[9.42776,51.81144],[9.43153,51.80535],[9.43978,51.80333],[9.43747,51.79716],[9.44689,51.79447],[9.41443,51.77389],[9.41301,51.77205],[9.41133,51.77156],[9.40955,51.77104],[9.40828,51.76793],[9.40148,51.75921],[9.3847,51.75712],[9.38342,51.75045],[9.37583,51.74366],[9.37888,51.7381],[9.39431,51.73207],[9.38747,51.72],[9.39744,51.70801],[9.40107,51.70376],[9.40082,51.69982],[9.38727,51.68909],[9.39449,51.6801],[9.39507,51.67394],[9.38015,51.66648],[9.37508,51.6508],[9.38481,51.64655],[9.41732,51.64727],[9.43288,51.65081],[9.44046,51.65039],[9.43898,51.64757],[9.44393,51.64401],[9.43169,51.63356],[9.42176,51.62962],[9.40093,51.62656],[9.3985,51.62456],[9.39154,51.62653],[9.37505,51.62612],[9.37041,51.61966],[9.35567,51.61961],[9.33875,51.61503],[9.33698,51.61199],[9.35708,51.59767],[9.37155,51.59198],[9.36514,51.58529],[9.35379,51.58093],[9.33421,51.55921],[9.32054,51.55303],[9.31776,51.55159],[9.31929,51.54572],[9.31146,51.53627],[9.31078,51.53076],[9.31526,51.52323],[9.30811,51.51322],[9.28355,51.51422],[9.26815,51.50588],[9.26402,51.49859],[9.24211,51.49726],[9.23783,51.49363],[9.23845,51.49105],[9.23059,51.48966],[9.22522,51.48871],[9.21719,51.48091],[9.21852,51.47224],[9.21564,51.46022],[9.18529,51.46629],[9.1751,51.46279],[9.16388,51.45153],[9.16115,51.44453],[9.15541,51.44267],[9.14849,51.44264],[9.13606,51.44947],[9.13096,51.44653],[9.10583,51.4436],[9.09379,51.445],[9.08651,51.44955],[9.08609,51.46092],[9.07927,51.46327],[9.07809,51.46608],[9.09141,51.48642],[9.09223,51.49266],[9.07812,51.50253],[9.06271,51.49897],[9.05658,51.5022],[9.0385,51.50237],[9.02522,51.51058],[9.02012,51.51821],[9.0053,51.5128],[8.97065,51.50677],[8.94638,51.50127],[8.92751,51.49382],[8.91221,51.49114],[8.90611,51.48902],[8.89812,51.48624],[8.89103,51.48167],[8.89404,51.47181],[8.90611,51.46477],[8.90928,51.46293],[8.91365,51.45811],[8.91526,51.45095],[8.92178,51.44605],[8.91861,51.43734],[8.91952,51.43081],[8.93687,51.43091],[8.94767,51.42748],[8.94669,51.41873],[8.95068,51.4134],[8.94144,51.41038],[8.9425,51.39724],[8.93719,51.38932],[8.91575,51.39269],[8.90611,51.39265],[8.89015,51.39257],[8.85673,51.3787],[8.85395,51.37754],[8.83877,51.38339],[8.83602,51.38786],[8.82782,51.38583],[8.82283,51.38931],[8.80411,51.39055],[8.77189,51.38498],[8.75849,51.37783],[8.73162,51.37247],[8.70858,51.37463],[8.70054,51.37738],[8.67867,51.37212],[8.68228,51.3611],[8.66786,51.35565],[8.65957,51.34907],[8.65549,51.34872],[8.65432,51.34042],[8.63772,51.34303],[8.623,51.3369],[8.6177,51.32845],[8.60608,51.32356],[8.60256,51.31472],[8.5945,51.30598],[8.57051,51.28928],[8.56845,51.28832],[8.56638,51.28777],[8.56506,51.28667],[8.56425,51.28525],[8.56288,51.28329],[8.55635,51.27749],[8.55862,51.27625],[8.56781,51.27026],[8.57824,51.26701],[8.58733,51.25213],[8.59729,51.24718],[8.61161,51.24736],[8.62533,51.25372],[8.63081,51.26121],[8.63772,51.26222],[8.68002,51.26838],[8.69204,51.27584],[8.72046,51.27373],[8.72351,51.26688],[8.73336,51.26407],[8.73596,51.26089],[8.72842,51.24986],[8.74131,51.21955],[8.75011,51.21424],[8.76819,51.20887],[8.76504,51.20452],[8.75246,51.20014],[8.7493,51.19594],[8.75024,51.18198],[8.75681,51.17691],[8.73484,51.15997],[8.71954,51.15223],[8.71359,51.15114],[8.69216,51.13283],[8.6925,51.1292],[8.70125,51.1222],[8.70291,51.1168],[8.71241,51.117],[8.72043,51.11436],[8.71748,51.10986],[8.70731,51.10808],[8.69109,51.10877],[8.67264,51.10133],[8.6539,51.09495],[8.63772,51.09707],[8.59864,51.10218],[8.5659,51.10183],[8.55692,51.10324],[8.54908,51.10187],[8.54298,51.09669],[8.52758,51.09631],[8.52298,51.09137],[8.51743,51.09044],[8.50293,51.0801],[8.50543,51.07315],[8.5195,51.07002],[8.52558,51.06585],[8.52666,51.06131],[8.51993,51.05093],[8.51407,51.04972],[8.50595,51.04138],[8.51126,51.03817],[8.51631,51.04255],[8.51988,51.04264],[8.52414,51.03882],[8.52513,51.03153],[8.53149,51.02859],[8.5346,51.02421],[8.53742,51.0193],[8.53121,51.01767],[8.53007,51.01368],[8.52571,51.01074],[8.51517,51.00895],[8.51538,51.00552],[8.50111,50.99782],[8.4958,50.98881],[8.48679,50.98505],[8.47505,50.97652],[8.47374,50.97351],[8.47789,50.96905],[8.47527,50.96958],[8.46895,50.96917],[8.46566,50.96835],[8.45984,50.96546],[8.46119,50.94926],[8.45007,50.94092],[8.45089,50.9334],[8.45813,50.92152],[8.45684,50.91768],[8.44516,50.91609],[8.43306,50.91764],[8.419,50.90915],[8.40777,50.90159],[8.39824,50.89517],[8.38862,50.89115],[8.38561,50.8765],[8.37031,50.87296],[8.36657,50.86298],[8.35958,50.86113],[8.3555,50.862],[8.35206,50.86501],[8.33715,50.86545],[8.31888,50.86163],[8.30637,50.86157],[8.29456,50.87343],[8.29166,50.88111],[8.28497,50.88224],[8.26636,50.87944],[8.25879,50.87119],[8.23392,50.85556],[8.23131,50.85064],[8.22671,50.84787],[8.22087,50.84558],[8.21418,50.84157],[8.21123,50.83861],[8.20877,50.83668],[8.20362,50.83607],[8.19839,50.83387],[8.18763,50.82816],[8.17519,50.81763],[8.16578,50.80372],[8.1442,50.79534],[8.13794,50.79054],[8.12925,50.7891],[8.13078,50.77844],[8.1406,50.7716],[8.13662,50.76702],[8.15054,50.76077],[8.14959,50.75604],[8.15496,50.74906],[8.16355,50.74472],[8.16651,50.7357],[8.15157,50.71392],[8.15001,50.70537],[8.14261,50.69545],[8.13023,50.69586],[8.12578,50.68581],[8.12158,50.68601],[8.11029,50.69749],[8.09823,50.70341],[8.08359,50.70323],[8.07752,50.70544],[8.05966,50.69504],[8.04139,50.69665],[8.03969,50.69738],[8.04277,50.7117],[8.04032,50.72482],[8.02763,50.73341],[8.01032,50.74548],[7.99973,50.75503],[7.98403,50.76099],[7.96969,50.77327],[7.96517,50.7828],[7.96853,50.78606],[7.96746,50.79756],[7.97323,50.80382],[7.97321,50.81437],[7.97196,50.8147],[7.97606,50.82168],[7.97474,50.82882],[7.97731,50.83281],[7.96894,50.83592],[7.96502,50.84521],[7.95817,50.84836],[7.95097,50.84603],[7.93897,50.8481],[7.92574,50.84482],[7.91561,50.84522],[7.90633,50.84838],[7.90101,50.85263],[7.89371,50.85959],[7.89322,50.8643],[7.88738,50.86607],[7.88272,50.87417],[7.87408,50.87544],[7.86893,50.87842],[7.8524,50.87759],[7.82926,50.88239],[7.82742,50.89132],[7.83464,50.90129],[7.83388,50.90767],[7.8515,50.92583],[7.84657,50.93],[7.83883,50.92704],[7.83574,50.92924],[7.82733,50.92954],[7.81343,50.93862],[7.79445,50.94203],[7.7859,50.93991],[7.78099,50.9344],[7.77622,50.92904],[7.76762,50.92536],[7.7636,50.92295],[7.76128,50.92223],[7.75728,50.92016],[7.75449,50.92162],[7.7504,50.91995],[7.7485,50.91912],[7.74236,50.91976],[7.73546,50.91777],[7.73579,50.91572],[7.74593,50.91232],[7.74588,50.9057],[7.75356,50.90459],[7.75974,50.901],[7.75327,50.88992],[7.7581,50.87901],[7.74923,50.86757],[7.76478,50.85699],[7.75441,50.85135],[7.76219,50.84513],[7.75659,50.84403],[7.72914,50.84981],[7.71503,50.84038],[7.71339,50.83452],[7.70753,50.8338],[7.7065,50.83057],[7.70538,50.82966],[7.70283,50.82759],[7.70002,50.82542],[7.67485,50.81959],[7.661,50.82036],[7.66606,50.81441],[7.67835,50.81063],[7.67571,50.80311],[7.68222,50.79537],[7.68097,50.79365],[7.67631,50.78024],[7.66819,50.78588],[7.65946,50.78439],[7.66175,50.77442],[7.65947,50.7707],[7.65784,50.76991],[7.65454,50.76839],[7.6462,50.77035],[7.61897,50.76977],[7.61414,50.76808],[7.59975,50.76482],[7.59219,50.75655],[7.59489,50.75069],[7.59308,50.74642],[7.59321,50.74218],[7.58934,50.74029],[7.58146,50.73817],[7.55837,50.743],[7.55129,50.74576],[7.5346,50.74034],[7.52463,50.73543],[7.51977,50.7356],[7.51914,50.72949],[7.51617,50.72911],[7.50227,50.72957],[7.47982,50.71825],[7.47833,50.71815],[7.44725,50.71678],[7.44077,50.71144],[7.43913,50.71119],[7.42341,50.71021],[7.40708,50.71781],[7.39609,50.7146],[7.38627,50.71708],[7.37402,50.71753],[7.35714,50.6979],[7.3674,50.6965],[7.36585,50.68762],[7.37137,50.68195],[7.36734,50.68035],[7.36932,50.67255],[7.36295,50.6712],[7.35556,50.66361],[7.35761,50.64914],[7.33387,50.63913],[7.32148,50.6412],[7.31467,50.63744],[7.30579,50.63746],[7.29512,50.6314],[7.25879,50.62507],[7.23881,50.62798],[7.21941,50.62797],[7.2124,50.6234],[7.21153,50.63008],[7.21147,50.63252],[7.21145,50.63404],[7.21197,50.63943],[7.2121,50.64332],[7.21208,50.64552],[7.21185,50.64692],[7.21146,50.64816],[7.21087,50.64954],[7.20001,50.64847],[7.1952,50.64272],[7.19039,50.63459],[7.18896,50.62365],[7.17591,50.61997],[7.1716,50.6127],[7.15348,50.61368],[7.14871,50.60782],[7.14785,50.60029],[7.1342,50.60278],[7.13243,50.60389],[7.12027,50.61151],[7.11619,50.61177],[7.11262,50.60957],[7.11095,50.60159],[7.10377,50.59188],[7.09421,50.5865],[7.08987,50.58606],[7.06953,50.59301],[7.06586,50.60006],[7.05984,50.60093],[7.05673,50.60542],[7.04919,50.60434],[7.0357,50.59457],[7.03164,50.58978],[7.01546,50.57668],[6.9981,50.56505],[6.99186,50.56423],[6.98568,50.56485],[6.98358,50.56573],[6.97803,50.5634],[6.9721,50.55591],[6.95823,50.55681],[6.95477,50.56105],[6.94658,50.56328],[6.93247,50.55976],[6.9279,50.55862],[6.92267,50.55357],[6.9308,50.53534],[6.9165,50.52798],[6.90702,50.52585],[6.89988,50.52744],[6.89883,50.53038],[6.88675,50.52916],[6.88301,50.52689],[6.88547,50.51975],[6.89703,50.51714],[6.88939,50.50734],[6.90707,50.50264],[6.89888,50.49302],[6.90498,50.48489],[6.90003,50.47874],[6.90242,50.47514],[6.90148,50.46909],[6.87998,50.46555],[6.873,50.4623],[6.86674,50.45625],[6.85505,50.45418],[6.83851,50.4647],[6.8123,50.47244],[6.80798,50.47818],[6.80606,50.48756],[6.80202,50.49052],[6.78158,50.48687],[6.77512,50.48303],[6.76828,50.48428],[6.75957,50.47531],[6.74575,50.47289],[6.74339,50.46766],[6.74916,50.4666],[6.75266,50.47058],[6.75703,50.4708],[6.75764,50.46377],[6.7642,50.46153],[6.76622,50.45792],[6.76378,50.45072],[6.74454,50.44039],[6.74719,50.43519],[6.76048,50.43208],[6.7712,50.43605],[6.76968,50.43069],[6.77191,50.4253],[6.78414,50.42064],[6.77952,50.41372],[6.77931,50.40497],[6.77125,50.39848],[6.76998,50.3927],[6.78585,50.37466],[6.80275,50.3693],[6.80252,50.36742],[6.80038,50.364],[6.80071,50.36178],[6.7954,50.36054],[6.7784,50.36373],[6.77642,50.35884],[6.77037,50.36062],[6.75485,50.35476],[6.73399,50.35277],[6.70638,50.34259],[6.69924,50.3361],[6.69561,50.34664],[6.68594,50.35905],[6.66741,50.37144],[6.65655,50.36727],[6.65701,50.35684],[6.6528,50.35024],[6.6379,50.34527],[6.62225,50.35366],[6.62573,50.37395],[6.61569,50.37667],[6.60367,50.37595],[6.60213,50.37828],[6.60607,50.38195],[6.60284,50.38749],[6.58883,50.38394],[6.58185,50.37754],[6.57024,50.37615],[6.5606,50.37032],[6.54778,50.36724],[6.54372,50.36743],[6.54182,50.37074],[6.53305,50.36938],[6.5178,50.36215],[6.51505,50.35773],[6.50601,50.35886],[6.50479,50.35235],[6.49224,50.34691],[6.48474,50.33856],[6.47456,50.33877],[6.46596,50.34208],[6.45417,50.33702],[6.44959,50.33835],[6.45789,50.34406],[6.45981,50.36067],[6.45008,50.36378],[6.44695,50.37121],[6.43699,50.37065],[6.43068,50.36377],[6.42088,50.3689],[6.42024,50.37283],[6.41576,50.37501],[6.42117,50.38173],[6.41304,50.38949],[6.39486,50.38597],[6.38611,50.3835],[6.39093,50.37957],[6.38944,50.37226],[6.39728,50.36664],[6.39513,50.36252],[6.40253,50.36232],[6.3981,50.35763],[6.40434,50.3509],[6.40442,50.34451],[6.41338,50.33423],[6.42406,50.33383],[6.4253,50.32301],[6.42045,50.32334],[6.41518,50.32454],[6.41291,50.32372],[6.40957,50.3231],[6.4069,50.32353],[6.40503,50.32331],[6.40742,50.33482],[6.40077,50.33888],[6.39746,50.34588],[6.36914,50.35846],[6.36092,50.37083],[6.34312,50.38038],[6.35615,50.39102],[6.3693,50.40871],[6.36726,50.41941],[6.37542,50.43079],[6.37735,50.43829],[6.37457,50.45145],[6.37135,50.45506],[6.36317,50.45428],[6.35066,50.45703],[6.34137,50.46197],[6.34319,50.469],[6.33808,50.47485],[6.3418,50.48321],[6.34851,50.48848],[6.33536,50.4895],[6.33099,50.4925],[6.31556,50.49704],[6.3142,50.49781],[6.31412,50.49903],[6.30908,50.50141],[6.30567,50.50031],[6.29761,50.49767],[6.28501,50.49896],[6.28039,50.50285],[6.26953,50.50393],[6.25955,50.4991],[6.25133,50.50303],[6.22522,50.49548],[6.22125,50.49791],[6.22133,50.50319],[6.20627,50.52025],[6.1922,50.52106],[6.1881,50.52723],[6.19647,50.5318],[6.19784,50.53504],[6.18734,50.54059],[6.17856,50.54222],[6.17824,50.55328],[6.17542,50.55708],[6.18931,50.56609],[6.2023,50.56931],[6.20749,50.57581],[6.21983,50.58227],[6.22528,50.58989],[6.24121,50.58814],[6.24889,50.59772],[6.24875,50.60407],[6.26172,50.61161],[6.26866,50.61911],[6.26884,50.62535],[6.26185,50.62818],[6.25181,50.62695],[6.23545,50.62592],[6.21771,50.63188],[6.20013,50.63179],[6.19414,50.63352],[6.18778,50.6298],[6.18813,50.62741],[6.18244,50.62429],[6.1764,50.626],[6.17616,50.62722],[6.18037,50.62893],[6.18274,50.63222],[6.16757,50.6438],[6.17862,50.64461],[6.19577,50.65642],[6.19646,50.65958],[6.19324,50.66408],[6.19434,50.6575],[6.18322,50.65029],[6.16645,50.6621],[6.16072,50.67155],[6.145,50.68186],[6.14215,50.68946],[6.12528,50.70553],[6.12324,50.71244],[6.11631,50.72076],[6.10294,50.7228],[6.09062,50.72226],[6.07402,50.72108],[6.05951,50.72403],[6.04499,50.72784],[6.04141,50.71941],[6.03746,50.71965],[6.03392,50.72927],[6.04033,50.7389],[6.03977,50.74527],[6.021,50.7543],[6.01879,50.76318],[6.02666,50.77428],[6.00079,50.78486],[5.98984,50.79308],[5.97714,50.79679],[5.97673,50.80354],[5.98319,50.80963],[5.98763,50.80961],[6.00472,50.80202],[6.02355,50.81354],[6.02383,50.81828],[6.02367,50.82782],[6.01706,50.83307],[6.01799,50.8438],[6.01999,50.84613],[6.04262,50.85177],[6.0542,50.85662],[6.05778,50.85099],[6.07399,50.84761],[6.07732,50.85991],[6.08603,50.86885],[6.08649,50.87873],[6.08023,50.88343],[6.07547,50.89177],[6.07975,50.90549],[6.08695,50.91313],[6.09047,50.9178],[6.089,50.91931],[6.07498,50.92237],[6.05783,50.92203],[6.05143,50.92876],[6.01812,50.93459],[6.01618,50.94302],[6.01509,50.94779],[6.01585,50.95252],[6.00609,50.95757],[6.01612,50.96361],[6.02564,50.98292],[5.98033,50.9826],[5.96907,50.97981],[5.95723,50.98499],[5.95482,50.98836],[5.95004,50.98722],[5.94822,50.987],[5.94181,50.98624],[5.93364,50.98526],[5.92315,50.97959],[5.91948,50.9781],[5.90502,50.97481],[5.8972,50.97485],[5.89368,50.9801],[5.90352,50.98784],[5.90509,51.00116],[5.89651,51.00456],[5.89456,51.01129],[5.88414,51.0139],[5.88006,51.01696],[5.8751,51.02838],[5.87709,51.0321],[5.87692,51.03735],[5.86836,51.04586],[5.8677,51.05028],[5.89143,51.05343],[5.91279,51.06548],[5.91922,51.06243],[5.92647,51.04853],[5.93751,51.03695],[5.94822,51.03679],[5.9565,51.03557],[5.9592,51.04091],[5.96653,51.04433],[5.96861,51.04797],[5.97056,51.06043],[5.97985,51.0679],[5.98105,51.07245],[5.98841,51.07512],[5.99657,51.08327],[6.00937,51.09044],[6.01739,51.09384],[6.02321,51.0934],[6.03658,51.09658],[6.05188,51.10622],[6.06141,51.11647],[6.07242,51.1185],[6.08045,51.12221],[6.08114,51.1253],[6.08571,51.12462],[6.09062,51.1318],[6.09252,51.13457],[6.11841,51.14014],[6.12632,51.14487],[6.15459,51.14811],[6.16257,51.14933],[6.16378,51.15287],[6.17423,51.15861],[6.14015,51.17349],[6.17481,51.18451],[6.1791,51.18712],[6.16425,51.19345],[6.1231,51.18142],[6.11031,51.17381],[6.09915,51.17042],[6.09062,51.17122],[6.08281,51.17196],[6.07357,51.18269],[6.06819,51.21938],[6.07277,51.22207],[6.08459,51.22286],[6.08277,51.22792],[6.08114,51.23029],[6.07266,51.24259],[6.09062,51.25131],[6.09299,51.25291],[6.11964,51.27125],[6.12171,51.27268],[6.12448,51.27458],[6.1248,51.27759],[6.12592,51.27978],[6.1288,51.28539],[6.12983,51.28657],[6.13262,51.28877],[6.13737,51.29243],[6.14112,51.29531],[6.14445,51.29762],[6.15032,51.30361],[6.15408,51.30737],[6.16017,51.32042],[6.16978,51.33218],[6.1921,51.33521],[6.19127,51.34003],[6.22461,51.35973],[6.2244,51.36498],[6.21518,51.38815],[6.22557,51.39963],[6.20569,51.40071],[6.21462,51.4337],[6.21418,51.44516],[6.2203,51.44808],[6.22331,51.4736],[6.21923,51.48397],[6.21329,51.4916],[6.21342,51.50784],[6.21148,51.51454],[6.20074,51.52658],[6.17687,51.5392],[6.15702,51.56668],[6.13197,51.58022],[6.12106,51.59246],[6.09243,51.60554],[6.09434,51.61616],[6.09436,51.62129],[6.0993,51.62385],[6.11714,51.65599],[6.10426,51.65977],[6.09887,51.65877],[6.09062,51.66022],[6.08037,51.66201],[6.07692,51.66425],[6.07006,51.66449],[6.03901,51.67231],[6.03197,51.67618],[6.02924,51.6888],[6.03138,51.69448],[6.02664,51.70872],[6.03002,51.71238],[6.04068,51.71349],[6.04401,51.71676],[6.03584,51.71848],[6.03231,51.72383],[5.99376,51.7381],[5.95574,51.73869],[5.95286,51.74232],[5.95319,51.74785],[5.95542,51.75101],[5.98752,51.76465],[5.99094,51.76859],[5.98354,51.77428],[5.9872,51.7827],[5.97524,51.78577],[5.97352,51.78769],[5.97748,51.79784],[5.9629,51.80685],[5.94822,51.81199],[5.94822,51.81565],[5.95331,51.81532],[5.95666,51.8173],[5.94822,51.82321],[5.94638,51.8245],[5.94822,51.82581],[5.96283,51.83617],[5.98484,51.83102],[5.99308,51.83087],[6.0101,51.83521],[6.01818,51.84107],[6.0268,51.84425],[6.03282,51.84291],[6.03677,51.84407],[6.05406,51.85229],[6.05283,51.85631],[6.05915,51.85811],[6.06338,51.86544],[6.09062,51.85297],[6.0969,51.85009],[6.14174,51.84628],[6.16641,51.84083],[6.16387,51.8543],[6.16535,51.8614],[6.14561,51.86931],[6.13689,51.88531],[6.11656,51.892],[6.10334,51.89262],[6.11802,51.90114],[6.12671,51.8988],[6.15637,51.90493],[6.16495,51.89965],[6.16777,51.9008],[6.1902,51.89136],[6.19012,51.88745],[6.18283,51.88549],[6.18668,51.88061],[6.19722,51.87409],[6.21325,51.86841],[6.23419,51.86991],[6.26098,51.86841],[6.27359,51.87437],[6.29894,51.8679],[6.30697,51.84973],[6.32345,51.85147],[6.34773,51.85028],[6.3592,51.84599],[6.3657,51.83439],[6.38954,51.83327],[6.40179,51.82776],[6.40778,51.82809],[6.40355,51.83578],[6.40712,51.83757],[6.40292,51.84374],[6.40837,51.85292],[6.38762,51.86305],[6.3918,51.8731],[6.39916,51.87003],[6.41214,51.87029],[6.42673,51.86574],[6.43231,51.85997],[6.45051,51.86493],[6.46431,51.85518],[6.47258,51.85381],[6.4769,51.85644],[6.49879,51.86168],[6.5022,51.86787],[6.51601,51.87314],[6.52727,51.87499],[6.54182,51.88312],[6.54393,51.8843],[6.54852,51.88407],[6.55175,51.88602],[6.55517,51.88272],[6.55915,51.88243],[6.58508,51.89366],[6.62316,51.90133],[6.63312,51.9012],[6.6388,51.90456],[6.66867,51.91383],[6.68259,51.91721],[6.69518,51.91499],[6.69807,51.90998],[6.70295,51.90886],[6.70474,51.90569],[6.72106,51.89649],[6.73112,51.89854],[6.73721,51.90413],[6.74379,51.90534],[6.75158,51.90782],[6.75411,51.91238],[6.77092,51.917],[6.78701,51.92836],[6.78667,51.93066],[6.79494,51.93734],[6.79913,51.95842],[6.81497,51.96349],[6.82764,51.96434],[6.83002,51.96649],[6.83226,51.97321],[6.82657,51.99353],[6.80909,51.99513],[6.80936,51.99913],[6.77386,52.01717],[6.76659,52.01918],[6.75133,52.02899],[6.71517,52.03961],[6.68773,52.0399],[6.68778,52.04292],[6.6878,52.04444],[6.68695,52.05497],[6.69592,52.06575],[6.69621,52.0701],[6.7348,52.07479],[6.74941,52.08364],[6.75052,52.08658],[6.74515,52.09276],[6.7545,52.09587],[6.75691,52.09853],[6.76046,52.11857],[6.84664,52.11944],[6.85573,52.12089],[6.86698,52.12796],[6.87261,52.13075],[6.88134,52.15633],[6.88959,52.16114],[6.90422,52.16925],[6.90976,52.17642],[6.93247,52.17875],[6.94893,52.18044],[6.9607,52.18991],[6.9733,52.2045],[6.98113,52.22066],[6.98703,52.22455],[6.99031,52.22672],[7.00475,52.22825],[7.01777,52.22554],[7.0269,52.22594],[7.05024,52.23128],[7.06049,52.23488],[7.06569,52.24137],[7.09915,52.24306],[7.10616,52.24507],[7.11089,52.25333],[7.12457,52.26176],[7.13243,52.26302],[7.15346,52.2664],[7.20785,52.2645],[7.21111,52.26443],[7.21825,52.26428],[7.29724,52.26438],[7.31748,52.28027],[7.31955,52.28044],[7.32947,52.28129],[7.33697,52.28195],[7.3456,52.28269],[7.35102,52.28449],[7.36155,52.28831],[7.36557,52.29351],[7.37122,52.30034],[7.38541,52.30851],[7.39655,52.30664],[7.40438,52.3125],[7.41581,52.31208],[7.42625,52.3141],[7.42828,52.32086],[7.43778,52.33336],[7.4456,52.33608],[7.4639,52.34245],[7.48055,52.34823],[7.50435,52.36044],[7.5132,52.36202],[7.52644,52.36857],[7.53477,52.37026],[7.54306,52.36798],[7.56194,52.37088],[7.56183,52.37302],[7.56996,52.37799],[7.57781,52.37584],[7.58145,52.3765],[7.57231,52.38242],[7.58266,52.39524],[7.58367,52.40389],[7.60137,52.41552],[7.60141,52.42111],[7.56431,52.43231],[7.57139,52.43343],[7.57827,52.44806],[7.59157,52.46438],[7.60243,52.47392],[7.60804,52.47402],[7.65431,52.46238],[7.6688,52.4563],[7.68474,52.45586],[7.7018,52.4352],[7.71374,52.40105],[7.72482,52.39968],[7.74838,52.39191],[7.75336,52.39016],[7.75874,52.38827],[7.77017,52.38425],[7.77419,52.38284],[7.78173,52.3802],[7.78344,52.3796],[7.80427,52.37233],[7.81351,52.37099],[7.84322,52.3693],[7.86951,52.37708],[7.88833,52.37848],[7.89177,52.38051],[7.89383,52.37954],[7.89651,52.37832],[7.89823,52.37745],[7.9003,52.37644],[7.9025,52.37543],[7.90846,52.37269],[7.9128,52.3704],[7.92168,52.36562],[7.93667,52.36498],[7.94314,52.35539],[7.94177,52.34853],[7.94772,52.34954],[7.95268,52.34777],[7.94916,52.33608],[7.96463,52.32486],[7.97862,52.31263],[7.9896,52.30927],[7.9876,52.30459],[7.95246,52.30581],[7.94242,52.30429],[7.93243,52.30174],[7.93065,52.29346],[7.93194,52.28665],[7.95646,52.27249],[7.9453,52.26556],[7.93081,52.26515],[7.92617,52.26273],[7.92323,52.25288],[7.9282,52.24203],[7.92648,52.23417],[7.92738,52.22849],[7.92162,52.2225],[7.91426,52.2221],[7.91309,52.21829],[7.90612,52.21399],[7.90572,52.20869],[7.90088,52.20742],[7.90604,52.20179],[7.90299,52.19887],[7.91284,52.18658],[7.92867,52.18084],[7.93584,52.17668],[7.95774,52.17663],[7.9745,52.17153],[7.98643,52.17439],[8.00476,52.17585],[8.01698,52.17205],[8.01607,52.16866],[8.02401,52.16412],[8.02334,52.161],[8.01927,52.15952],[8.01341,52.16132],[8.01126,52.1595],[8.00264,52.15952],[8.00212,52.155],[7.9987,52.15427],[7.99889,52.15058],[8.00311,52.14863],[8.0078,52.11533],[7.9707,52.11553],[7.95488,52.10406],[7.9044,52.09262],[7.88516,52.0833],[7.89059,52.082],[7.91249,52.06193],[7.91974,52.05797],[7.91692,52.05164],[7.9811,52.03551],[7.99485,52.05012],[8.0037,52.05444],[8.01682,52.05769],[8.02003,52.06217],[8.03071,52.06757],[8.03446,52.06757],[8.03677,52.0645],[8.04559,52.06315],[8.05417,52.06412],[8.05812,52.06751],[8.06541,52.06788],[8.07036,52.06568],[8.09028,52.06383],[8.09645,52.05714],[8.10493,52.06148],[8.12748,52.06824],[8.13267,52.07215],[8.1516,52.07569],[8.15954,52.07575],[8.1725,52.07237],[8.17522,52.07336],[8.18213,52.07192],[8.19377,52.07348],[8.20145,52.08817],[8.21008,52.09739],[8.24551,52.12063],[8.26307,52.12123],[8.26673,52.13228],[8.27507,52.13105],[8.28611,52.13403],[8.28569,52.12602],[8.3095,52.11884],[8.32453,52.12548],[8.34334,52.12306],[8.34977,52.11978],[8.36314,52.11793],[8.36887,52.11476],[8.37137,52.11043],[8.38964,52.10829],[8.4036,52.11118],[8.40777,52.11353],[8.41059,52.11511],[8.40777,52.12116],[8.40457,52.12804],[8.40777,52.13239],[8.40984,52.13519],[8.45203,52.15462],[8.46188,52.15321],[8.48057,52.15979],[8.48612,52.16571],[8.49287,52.16739],[8.50613,52.1793],[8.50982,52.18127],[8.51705,52.18512],[8.50644,52.1884],[8.47229,52.19329],[8.46592,52.19476],[8.46365,52.19511],[8.46188,52.19548],[8.45668,52.1983],[8.44979,52.20881],[8.44296,52.21378],[8.4509,52.21876],[8.45315,52.22496],[8.46062,52.22982],[8.45918,52.24009],[8.46188,52.24383],[8.46753,52.24748],[8.46188,52.25718],[8.45949,52.25872],[8.46188,52.26209],[8.46619,52.26761],[8.46461,52.27629],[8.46312,52.2812],[8.45923,52.28388],[8.45892,52.30242],[8.46561,52.30574],[8.47066,52.31405],[8.46121,52.31877],[8.45263,52.33608],[8.43941,52.36271],[8.40777,52.37484],[8.40304,52.37665],[8.39515,52.38326],[8.3913,52.38369],[8.36055,52.39071],[8.3437,52.39758],[8.32403,52.40047],[8.31517,52.40522],[8.31458,52.40745],[8.32212,52.40995],[8.31638,52.41361],[8.3217,52.42541],[8.31108,52.43605],[8.30466,52.43493],[8.30763,52.44551],[8.30286,52.44821],[8.29721,52.4565],[8.30248,52.45839],[8.3071,52.45673],[8.31195,52.45824],[8.32485,52.45229],[8.33508,52.45388],[8.34444,52.45291],[8.35118,52.45078],[8.35956,52.44438],[8.36912,52.44471],[8.37113,52.4453],[8.37408,52.44438],[8.37721,52.44492],[8.38166,52.44464],[8.38591,52.44502],[8.38637,52.44778],[8.38994,52.44855],[8.39415,52.44952],[8.40209,52.45062],[8.40777,52.44855],[8.41484,52.44598],[8.41785,52.44496],[8.4176,52.44861],[8.42369,52.4511],[8.43143,52.44864],[8.45402,52.46143],[8.46188,52.49336],[8.47201,52.49831],[8.48265,52.49782],[8.50568,52.51289],[8.50952,52.51394],[8.51889,52.50875],[8.55734,52.50009],[8.63772,52.52627],[8.65204,52.53093]]]]},"properties":{"code":"DEA","nom":"Nordrhein-Westfalen","country":"DE"}},{"type":"Feature","geometry":{"type":"MultiPolygon","coordinates":[[[[9.49827,51.65165],[9.49162,51.63812],[9.49665,51.63094],[9.50921,51.62696],[9.52045,51.62624],[9.53438,51.63142],[9.54055,51.63825],[9.5455,51.63967],[9.55414,51.63681],[9.56633,51.62546],[9.5867,51.62621],[9.59236,51.62853],[9.60634,51.62914],[9.61429,51.63152],[9.61611,51.63391],[9.62476,51.63632],[9.63021,51.63467],[9.62752,51.62939],[9.63614,51.62288],[9.63644,51.61309],[9.63946,51.60813],[9.65094,51.60502],[9.66119,51.59335],[9.67261,51.58782],[9.67998,51.58731],[9.68533,51.58202],[9.69019,51.57659],[9.68509,51.56787],[9.67238,51.5684],[9.64348,51.58209],[9.63382,51.58416],[9.6278,51.58234],[9.62536,51.57458],[9.62839,51.56745],[9.63607,51.55963],[9.64482,51.5587],[9.64776,51.55251],[9.6246,51.54881],[9.61243,51.5573],[9.61009,51.55646],[9.61108,51.55358],[9.61559,51.54653],[9.62193,51.54022],[9.61608,51.52721],[9.6061,51.52173],[9.59005,51.52233],[9.58658,51.51702],[9.59709,51.50824],[9.6182,51.48247],[9.62647,51.47663],[9.64237,51.47082],[9.64331,51.46674],[9.63722,51.46274],[9.63024,51.45739],[9.6279,51.44463],[9.63387,51.42727],[9.64286,51.41701],[9.63054,51.41062],[9.62923,51.40634],[9.61118,51.40744],[9.60423,51.40311],[9.59415,51.39832],[9.58756,51.40226],[9.57978,51.40159],[9.57172,51.39034],[9.56445,51.38686],[9.55976,51.37827],[9.56251,51.3745],[9.57573,51.37186],[9.57613,51.36909],[9.56635,51.3614],[9.55013,51.36188],[9.54844,51.35896],[9.55729,51.35138],[9.56803,51.34],[9.5818,51.34097],[9.60587,51.32624],[9.61836,51.32756],[9.63219,51.32572],[9.62965,51.31313],[9.63297,51.31245],[9.63624,51.31549],[9.63872,51.31492],[9.64689,51.31602],[9.66125,51.31216],[9.66461,51.31597],[9.67083,51.31708],[9.68039,51.31075],[9.68694,51.30899],[9.72871,51.29779],[9.7323,51.29523],[9.76734,51.3069],[9.77109,51.31821],[9.77332,51.32571],[9.76726,51.32729],[9.77058,51.33587],[9.76539,51.33571],[9.76554,51.33181],[9.74655,51.32046],[9.73962,51.31996],[9.73653,51.32274],[9.73547,51.32965],[9.71987,51.34845],[9.71236,51.35469],[9.70553,51.35727],[9.70221,51.3618],[9.704,51.36526],[9.72413,51.37046],[9.73252,51.36868],[9.73989,51.36978],[9.75197,51.37505],[9.75694,51.38199],[9.76661,51.38597],[9.78313,51.38907],[9.8006,51.38707],[9.80063,51.39763],[9.79543,51.39921],[9.79317,51.4027],[9.79495,51.40717],[9.80351,51.4104],[9.81201,51.41068],[9.82166,51.40965],[9.82985,51.40465],[9.84014,51.40192],[9.84075,51.38343],[9.85074,51.37382],[9.86382,51.37188],[9.86836,51.37423],[9.86055,51.37875],[9.85629,51.38509],[9.85934,51.39311],[9.85096,51.40155],[9.85349,51.40919],[9.85124,51.41332],[9.86281,51.4146],[9.87035,51.41253],[9.87996,51.40516],[9.88398,51.41466],[9.89974,51.41719],[9.90606,51.42025],[9.90803,51.41761],[9.91267,51.41139],[9.90803,51.41003],[9.90803,51.40755],[9.93069,51.3919],[9.93198,51.38058],[9.92834,51.3753],[9.92829,51.37236],[9.92546,51.37212],[9.92329,51.36804],[9.92357,51.36626],[9.92429,51.36335],[9.92587,51.35933],[9.92547,51.35379],[9.93216,51.34589],[9.93092,51.33974],[9.94188,51.33511],[9.94757,51.32639],[9.94687,51.32083],[9.94839,51.31718],[9.94096,51.31007],[9.94043,51.30676],[9.94765,51.30341],[9.95974,51.30491],[9.96906,51.30036],[9.97087,51.29516],[9.97562,51.29179],[9.97312,51.28512],[9.98064,51.28406],[10.00419,51.28649],[10.01216,51.28308],[10.02312,51.28204],[10.03008,51.27838],[10.04113,51.28003],[10.05728,51.27737],[10.05992,51.27587],[10.06012,51.27366],[10.05884,51.27017],[10.05642,51.26735],[10.04738,51.26413],[10.04973,51.25722],[10.04697,51.25343],[10.0524,51.25413],[10.06232,51.25203],[10.07031,51.24393],[10.07288,51.244],[10.07539,51.24373],[10.079,51.24278],[10.07157,51.23878],[10.06752,51.2296],[10.0694,51.2265],[10.07758,51.22387],[10.08961,51.2263],[10.09401,51.22166],[10.10667,51.22115],[10.1138,51.21573],[10.12192,51.21687],[10.12741,51.21879],[10.14132,51.21901],[10.14979,51.20619],[10.16031,51.20841],[10.16531,51.21186],[10.17131,51.21136],[10.18829,51.20371],[10.19608,51.19713],[10.19699,51.19252],[10.20694,51.19065],[10.21431,51.18701],[10.22042,51.18595],[10.23122,51.18797],[10.23481,51.18719],[10.23588,51.18524],[10.23338,51.17919],[10.22946,51.17481],[10.21431,51.16837],[10.20787,51.1645],[10.20744,51.15542],[10.20097,51.1503],[10.20423,51.14616],[10.21001,51.14408],[10.20419,51.13337],[10.20636,51.12724],[10.21051,51.12398],[10.20714,51.12172],[10.20808,51.11786],[10.19897,51.11345],[10.19082,51.11599],[10.18848,51.1223],[10.1797,51.12763],[10.1793,51.13054],[10.18461,51.13304],[10.18517,51.13984],[10.17817,51.14169],[10.17579,51.14722],[10.1694,51.15245],[10.14601,51.14481],[10.12573,51.14634],[10.12669,51.14356],[10.11832,51.13957],[10.13234,51.13402],[10.14043,51.12532],[10.14594,51.12499],[10.15013,51.12042],[10.17271,51.11772],[10.17432,51.11063],[10.17306,51.10607],[10.16583,51.10799],[10.16033,51.10721],[10.16498,51.09996],[10.15711,51.09632],[10.1456,51.0858],[10.15385,51.07066],[10.14568,51.06649],[10.14656,51.06197],[10.14118,51.05975],[10.14647,51.05507],[10.15315,51.05501],[10.16022,51.05337],[10.16444,51.05188],[10.16694,51.05051],[10.17107,51.04918],[10.17744,51.04881],[10.18157,51.04801],[10.18467,51.04903],[10.18694,51.04492],[10.20156,51.03671],[10.20507,51.03129],[10.21519,51.02642],[10.21431,51.02509],[10.20848,51.0196],[10.19386,51.01945],[10.19389,51.01656],[10.20218,51.01201],[10.20228,51.00854],[10.19528,51.0026],[10.19007,50.99947],[10.18235,50.99849],[10.17091,50.99697],[10.16951,51.00093],[10.16521,50.99762],[10.15018,50.99425],[10.13682,50.99532],[10.12839,51.00044],[10.13163,51.00556],[10.11996,51.01153],[10.10956,51.00938],[10.10304,51.00486],[10.08404,51.00972],[10.07232,51.01102],[10.06533,51.00988],[10.05479,51.01287],[10.03243,51.01105],[10.02156,50.99295],[10.02309,50.98517],[10.02041,50.98084],[10.04009,50.96781],[10.03335,50.95981],[10.04174,50.95679],[10.0462,50.94697],[10.06057,50.94749],[10.06386,50.94543],[10.06235,50.94378],[10.06001,50.94249],[10.057,50.94161],[10.05362,50.93978],[10.04787,50.93909],[10.03051,50.93851],[10.02581,50.94327],[10.0179,50.93992],[10.01657,50.93658],[10.0127,50.93497],[10.00406,50.93983],[9.99965,50.9375],[9.99114,50.94281],[9.98391,50.93999],[9.97405,50.94286],[9.95133,50.94197],[9.95619,50.93345],[9.95179,50.92701],[9.95287,50.92493],[9.95761,50.92307],[9.96026,50.92424],[9.9648,50.92848],[9.96575,50.9328],[9.97645,50.93207],[9.98744,50.93445],[9.99069,50.93421],[9.98468,50.92506],[9.9828,50.92118],[9.97322,50.9164],[9.96912,50.91195],[9.97125,50.90801],[9.97605,50.90602],[9.98446,50.90727],[9.99143,50.91481],[10.00304,50.92108],[10.01497,50.9201],[10.02467,50.91447],[10.02622,50.91144],[10.03363,50.90975],[10.03926,50.90319],[10.05091,50.90009],[10.043,50.89303],[10.04752,50.8896],[10.05732,50.89022],[10.05598,50.87977],[10.02189,50.86449],[10.01875,50.85722],[10.02205,50.84872],[10.0368,50.85335],[10.03675,50.84563],[10.02793,50.84111],[10.02813,50.83613],[10.02414,50.83262],[10.00663,50.83693],[10.00087,50.82889],[9.99465,50.82576],[9.9925,50.82815],[9.97811,50.83266],[9.97016,50.82986],[9.95187,50.82035],[9.95067,50.81595],[9.95591,50.81547],[9.95688,50.81274],[9.94401,50.79817],[9.94477,50.79384],[9.95397,50.78577],[9.95062,50.78107],[9.95409,50.77936],[9.9515,50.77397],[9.94769,50.77199],[9.94499,50.7725],[9.94509,50.77731],[9.93709,50.77512],[9.92896,50.7754],[9.92618,50.76739],[9.92097,50.7592],[9.92463,50.75713],[9.931,50.75686],[9.93933,50.75522],[9.94137,50.74184],[9.93417,50.72404],[9.90952,50.70509],[9.91075,50.70134],[9.91946,50.698],[9.92212,50.69455],[9.91597,50.69326],[9.90803,50.68592],[9.90677,50.68476],[9.89432,50.6829],[9.88164,50.67217],[9.88019,50.66602],[9.88442,50.65398],[9.87759,50.64181],[9.87923,50.63518],[9.88782,50.63439],[9.90575,50.63984],[9.90803,50.63841],[9.91068,50.63676],[9.92195,50.63443],[9.92693,50.62981],[9.94579,50.62727],[9.96072,50.62948],[9.96081,50.63542],[9.96793,50.64164],[9.95007,50.656],[9.94911,50.66414],[9.96024,50.66775],[9.97301,50.66659],[9.98942,50.67434],[10.00144,50.67636],[10.0198,50.67334],[10.0327,50.67532],[10.04687,50.67408],[10.05632,50.66808],[10.05721,50.66616],[10.05803,50.66462],[10.06737,50.65718],[10.07756,50.63762],[10.08241,50.63286],[10.08105,50.62002],[10.07176,50.62012],[10.06011,50.62589],[10.04784,50.6225],[10.04672,50.61866],[10.03738,50.61176],[10.04036,50.60492],[10.04736,50.60079],[10.0488,50.59862],[10.04962,50.58571],[10.04533,50.57542],[10.05045,50.5632],[10.06075,50.55683],[10.04831,50.54644],[10.04827,50.5406],[10.04246,50.534],[10.03864,50.52896],[10.04221,50.52168],[10.04134,50.51647],[10.03898,50.50207],[10.04045,50.4947],[10.03029,50.4801],[10.02807,50.47938],[10.02651,50.47835],[10.02202,50.47547],[10.02032,50.4695],[10.01931,50.46798],[10.01831,50.46646],[10.01499,50.46681],[10.01148,50.46567],[10.00507,50.46422],[10.00329,50.46268],[9.99746,50.46099],[9.98839,50.44572],[9.9666,50.43401],[9.95848,50.42381],[9.94454,50.42334],[9.93566,50.41961],[9.92007,50.41125],[9.90803,50.40736],[9.88398,50.39959],[9.87035,50.4093],[9.86256,50.39976],[9.85848,50.39798],[9.84823,50.39968],[9.83774,50.40539],[9.82372,50.40615],[9.81342,50.41235],[9.80885,50.41293],[9.81127,50.41713],[9.80676,50.42215],[9.79093,50.42505],[9.77953,50.41947],[9.77005,50.42507],[9.76263,50.42538],[9.75438,50.4172],[9.75188,50.41303],[9.75882,50.40276],[9.75399,50.38614],[9.74508,50.37209],[9.74469,50.3641],[9.73291,50.35615],[9.73411,50.35144],[9.74303,50.34641],[9.74689,50.34133],[9.74445,50.32984],[9.74804,50.32537],[9.74441,50.31969],[9.74712,50.31419],[9.74581,50.3106],[9.72771,50.29506],[9.72097,50.29486],[9.71991,50.29254],[9.71309,50.29128],[9.70342,50.28075],[9.69231,50.27801],[9.68694,50.27803],[9.68199,50.27804],[9.67319,50.27442],[9.66361,50.27136],[9.65581,50.27123],[9.65206,50.26875],[9.64304,50.25559],[9.63773,50.25167],[9.63907,50.24884],[9.65875,50.24222],[9.66723,50.23937],[9.66366,50.23425],[9.65649,50.23242],[9.63736,50.23509],[9.62315,50.22904],[9.6204,50.22753],[9.62251,50.22497],[9.61996,50.22304],[9.61338,50.22445],[9.60381,50.22216],[9.59617,50.22266],[9.59376,50.22413],[9.58232,50.22234],[9.57418,50.23225],[9.57244,50.23202],[9.54212,50.22483],[9.53468,50.23364],[9.51457,50.23423],[9.503,50.24222],[9.50117,50.24347],[9.50072,50.24222],[9.49527,50.22713],[9.50438,50.21625],[9.50206,50.2123],[9.51059,50.20231],[9.51621,50.19961],[9.51558,50.19527],[9.51405,50.19457],[9.50641,50.19468],[9.50106,50.1919],[9.49853,50.17598],[9.50506,50.16927],[9.51465,50.16784],[9.52457,50.16744],[9.52815,50.16814],[9.52967,50.16468],[9.5309,50.16211],[9.5312,50.16085],[9.52166,50.15029],[9.51077,50.1479],[9.50785,50.14494],[9.51043,50.13053],[9.51884,50.1142],[9.51918,50.10585],[9.51154,50.09471],[9.50033,50.09672],[9.49094,50.09463],[9.48006,50.09496],[9.46338,50.09119],[9.46228,50.09111],[9.44634,50.08998],[9.43345,50.08504],[9.41355,50.0844],[9.40498,50.08773],[9.40276,50.08951],[9.40032,50.09126],[9.39446,50.09749],[9.39257,50.10254],[9.38955,50.10659],[9.38651,50.11065],[9.38538,50.11429],[9.38488,50.11592],[9.38275,50.11917],[9.3758,50.12586],[9.37564,50.12966],[9.36924,50.13144],[9.3657,50.1308],[9.36063,50.13116],[9.35094,50.13067],[9.34158,50.13128],[9.33982,50.13227],[9.33615,50.13688],[9.33178,50.13942],[9.32743,50.14106],[9.32512,50.14084],[9.32317,50.14054],[9.32123,50.1393],[9.30777,50.13389],[9.29113,50.14017],[9.28145,50.14163],[9.27331,50.14234],[9.26036,50.13854],[9.23598,50.14628],[9.23059,50.14714],[9.22226,50.1488],[9.21469,50.14671],[9.21111,50.14468],[9.19469,50.13942],[9.18529,50.13875],[9.18369,50.13799],[9.18529,50.13585],[9.18716,50.13317],[9.1901,50.13126],[9.19161,50.12807],[9.18993,50.12615],[9.18529,50.12376],[9.17435,50.11856],[9.17382,50.11402],[9.15982,50.10111],[9.16255,50.09819],[9.14997,50.09144],[9.14645,50.09503],[9.14454,50.09827],[9.15572,50.11057],[9.15318,50.11716],[9.1434,50.11478],[9.11731,50.12648],[9.09912,50.1261],[9.08795,50.11701],[9.07762,50.11631],[9.07133,50.11944],[9.06456,50.11712],[9.03702,50.11437],[9.03008,50.11271],[9.01659,50.11046],[9.00427,50.09695],[8.99779,50.09132],[8.99885,50.07007],[8.99056,50.06712],[8.98776,50.06327],[8.98505,50.05939],[8.98415,50.05812],[8.98271,50.0569],[8.98129,50.05593],[8.97624,50.04934],[8.9828,50.04259],[8.99026,50.04187],[9.01008,50.04584],[9.02386,50.0434],[9.03169,50.03803],[9.0301,50.02664],[9.03003,50.02528],[9.03027,50.02326],[9.0306,50.02177],[9.03102,50.02013],[9.03185,50.01869],[9.03354,50.01642],[9.03564,50.0142],[9.03815,50.01159],[9.03982,50.01037],[9.03662,50.00783],[9.03617,50.00199],[9.04669,49.99553],[9.04733,49.9912],[9.03232,49.9904],[9.02275,49.99643],[9.01609,49.99134],[9.02032,49.98476],[9.01923,49.97714],[9.02637,49.95509],[9.02358,49.95203],[9.02148,49.94993],[9.02001,49.94743],[9.02522,49.94465],[9.03165,49.92456],[9.02429,49.91056],[9.03105,49.90872],[9.03081,49.90435],[9.03614,49.89665],[9.03759,49.88165],[9.03892,49.87628],[9.05008,49.86631],[9.04824,49.86617],[9.04607,49.86649],[9.04346,49.86791],[9.04209,49.86641],[9.03831,49.86564],[9.03658,49.86728],[9.03334,49.86647],[9.0343,49.86385],[9.03404,49.8621],[9.04303,49.85488],[9.04175,49.8488],[9.03608,49.8465],[9.04106,49.84163],[9.05678,49.8448],[9.05802,49.83414],[9.06355,49.83234],[9.07068,49.83454],[9.08473,49.84751],[9.08912,49.84122],[9.07848,49.83506],[9.08602,49.82691],[9.07768,49.81836],[9.08615,49.80641],[9.08734,49.79873],[9.09292,49.79055],[9.10814,49.79798],[9.13036,49.79493],[9.12957,49.78803],[9.13329,49.78189],[9.12764,49.77714],[9.11358,49.77309],[9.10763,49.75954],[9.11202,49.75688],[9.12783,49.75523],[9.13188,49.75361],[9.15081,49.74285],[9.14192,49.73208],[9.14135,49.73073],[9.14112,49.7295],[9.13918,49.72695],[9.13381,49.71646],[9.12291,49.71404],[9.12706,49.70726],[9.12517,49.69989],[9.1051,49.69695],[9.09234,49.69479],[9.08813,49.68839],[9.08822,49.68682],[9.08926,49.66935],[9.10342,49.66043],[9.09993,49.65279],[9.10088,49.64125],[9.09251,49.63592],[9.08434,49.63487],[9.06586,49.61966],[9.06832,49.6096],[9.06638,49.60236],[9.08347,49.60102],[9.09078,49.58972],[9.10301,49.57746],[9.09893,49.56055],[9.08301,49.56218],[9.07879,49.5734],[9.07387,49.57447],[9.07297,49.56467],[9.08819,49.54874],[9.08706,49.54285],[9.11415,49.5339],[9.12535,49.52216],[9.12533,49.51707],[9.11976,49.51286],[9.10708,49.51045],[9.09934,49.52546],[9.08343,49.52609],[9.07688,49.52542],[9.06511,49.52894],[9.05815,49.52374],[9.0513,49.51921],[9.04918,49.51252],[9.04632,49.50974],[9.04275,49.50629],[9.04127,49.49923],[9.01502,49.4983],[9.01212,49.50206],[9.00414,49.50414],[8.99033,49.5044],[8.98628,49.50974],[8.9836,49.50974],[8.97877,49.50847],[8.9764,49.50347],[8.96872,49.5018],[8.96292,49.50185],[8.95183,49.50563],[8.95698,49.4955],[8.95112,49.48906],[8.9517,49.48765],[8.95381,49.48257],[8.94213,49.48481],[8.93188,49.47064],[8.94645,49.45988],[8.94949,49.45521],[8.94118,49.45084],[8.92868,49.44917],[8.92561,49.44292],[8.91181,49.43783],[8.90611,49.44047],[8.90121,49.44274],[8.89446,49.42491],[8.89135,49.42038],[8.88258,49.41611],[8.87341,49.41255],[8.86203,49.40163],[8.85673,49.39887],[8.85076,49.39575],[8.84506,49.39723],[8.83792,49.40518],[8.83182,49.40775],[8.8284,49.40641],[8.82266,49.39613],[8.81763,49.39602],[8.805,49.4033],[8.80702,49.40626],[8.80149,49.41089],[8.80717,49.41167],[8.80814,49.4197],[8.8168,49.42296],[8.82903,49.42295],[8.83552,49.42921],[8.83241,49.45494],[8.82978,49.45903],[8.82873,49.46092],[8.82353,49.46268],[8.82796,49.4704],[8.84117,49.47605],[8.85193,49.48359],[8.85673,49.48175],[8.85946,49.4807],[8.86507,49.47542],[8.86337,49.4673],[8.86871,49.46525],[8.87777,49.46765],[8.88899,49.47512],[8.89194,49.48068],[8.89935,49.48455],[8.89892,49.48765],[8.8975,49.49778],[8.89957,49.50366],[8.89594,49.50265],[8.89243,49.50291],[8.886,49.5058],[8.88266,49.5061],[8.87758,49.50556],[8.87189,49.50415],[8.86775,49.50363],[8.8625,49.50322],[8.86016,49.50227],[8.85678,49.50123],[8.84688,49.50103],[8.83291,49.49327],[8.82126,49.50196],[8.81757,49.50639],[8.81884,49.50974],[8.82069,49.51464],[8.81924,49.52136],[8.82195,49.52383],[8.81121,49.52612],[8.80444,49.52292],[8.79836,49.51836],[8.79644,49.51325],[8.78332,49.51457],[8.77212,49.51798],[8.77072,49.51652],[8.76836,49.51534],[8.76646,49.51474],[8.74361,49.52276],[8.73578,49.51927],[8.72769,49.51905],[8.72588,49.52208],[8.73447,49.52162],[8.7353,49.52454],[8.72495,49.52616],[8.72049,49.53207],[8.71091,49.53247],[8.7042,49.53655],[8.70579,49.54797],[8.6984,49.54984],[8.69203,49.55562],[8.69229,49.56217],[8.68218,49.57589],[8.68304,49.58704],[8.68529,49.59029],[8.69627,49.5928],[8.698,49.59976],[8.69103,49.60721],[8.68838,49.60512],[8.68213,49.60347],[8.67397,49.60864],[8.67293,49.6124],[8.68259,49.61559],[8.68679,49.61465],[8.68924,49.61798],[8.69384,49.61935],[8.69228,49.62048],[8.69372,49.62223],[8.69231,49.62374],[8.68661,49.62308],[8.67798,49.62532],[8.65444,49.61905],[8.64675,49.62032],[8.63772,49.61867],[8.59774,49.61134],[8.59389,49.61095],[8.59436,49.60978],[8.5948,49.60681],[8.5953,49.60547],[8.58932,49.60451],[8.59407,49.59277],[8.59849,49.59337],[8.60323,49.59329],[8.60865,49.56929],[8.62048,49.54558],[8.61662,49.54135],[8.60833,49.53516],[8.60723,49.52937],[8.59736,49.53063],[8.59113,49.52201],[8.58451,49.52193],[8.58137,49.51978],[8.57288,49.52111],[8.56044,49.51797],[8.55425,49.51974],[8.53387,49.53514],[8.5253,49.54869],[8.49503,49.573],[8.48078,49.57475],[8.47484,49.58425],[8.46311,49.5895],[8.44359,49.5898],[8.43732,49.58428],[8.42244,49.58339],[8.41477,49.59505],[8.40944,49.60432],[8.40777,49.60545],[8.39299,49.61544],[8.38251,49.62697],[8.3662,49.66282],[8.35647,49.67907],[8.35693,49.68682],[8.35719,49.69104],[8.36047,49.69634],[8.38796,49.70911],[8.40777,49.71318],[8.42555,49.71684],[8.42763,49.71745],[8.43073,49.71856],[8.43355,49.71982],[8.43596,49.72099],[8.43821,49.72232],[8.43981,49.72371],[8.44118,49.72486],[8.44264,49.72635],[8.44514,49.7292],[8.44638,49.7308],[8.44837,49.73366],[8.45528,49.74181],[8.47762,49.75786],[8.47907,49.76371],[8.47347,49.76849],[8.4431,49.76572],[8.43898,49.76571],[8.43553,49.76579],[8.43266,49.76597],[8.4292,49.76645],[8.4262,49.76719],[8.42415,49.76792],[8.4227,49.76867],[8.42071,49.76983],[8.41925,49.77092],[8.41755,49.77246],[8.41312,49.78392],[8.40777,49.79201],[8.40006,49.80367],[8.38465,49.81735],[8.37784,49.8275],[8.3782,49.83248],[8.38511,49.85126],[8.38292,49.85596],[8.37636,49.86085],[8.35906,49.86425],[8.34743,49.87401],[8.34353,49.88165],[8.34302,49.8898],[8.34901,49.90224],[8.35238,49.90592],[8.35362,49.90828],[8.35431,49.91063],[8.35472,49.91321],[8.3546,49.91584],[8.35424,49.91762],[8.35344,49.92002],[8.35165,49.92344],[8.35016,49.92604],[8.34776,49.93023],[8.34628,49.93357],[8.34303,49.94051],[8.34277,49.94165],[8.34235,49.94784],[8.34216,49.94904],[8.34096,49.95108],[8.33763,49.9561],[8.3345,49.9607],[8.33197,49.96379],[8.32944,49.96672],[8.32528,49.97099],[8.32234,49.97359],[8.31877,49.97613],[8.31043,49.98211],[8.30772,49.98411],[8.30145,49.98739],[8.29661,49.98993],[8.29021,49.99352],[8.28824,49.99513],[8.27163,50.01069],[8.24399,50.0277],[8.23018,50.03125],[8.19004,50.0353],[8.18635,50.03554],[8.18095,50.03521],[8.17514,50.03426],[8.17027,50.03316],[8.16483,50.03182],[8.16158,50.03086],[8.15823,50.02988],[8.15197,50.02804],[8.14496,50.02641],[8.13808,50.02551],[8.11363,50.01949],[8.08779,50.00916],[8.07957,50.0069],[8.07737,50.00651],[8.07473,50.00614],[8.07252,50.00592],[8.06213,50.00547],[8.05434,50.00513],[8.03559,50.00199],[7.98722,49.9844],[7.97638,49.98039],[7.9674,49.97777],[7.95739,49.97697],[7.95212,49.97623],[7.94694,49.97503],[7.88605,49.97204],[7.87572,49.97362],[7.86804,49.97868],[7.8644,49.98268],[7.85825,50.00635],[7.8524,50.01252],[7.83005,50.02155],[7.8087,50.03651],[7.80588,50.03934],[7.80168,50.04054],[7.79221,50.04418],[7.78471,50.04841],[7.77966,50.05111],[7.7765,50.05352],[7.77372,50.05631],[7.77262,50.05846],[7.77265,50.06161],[7.774,50.06654],[7.78422,50.06765],[7.78833,50.07258],[7.79621,50.07658],[7.80394,50.08421],[7.8131,50.08346],[7.81785,50.08111],[7.82262,50.08332],[7.82894,50.08175],[7.83533,50.08341],[7.83852,50.08706],[7.8342,50.09153],[7.83561,50.09446],[7.83006,50.09318],[7.83184,50.09879],[7.83759,50.10114],[7.83484,50.10453],[7.83523,50.11002],[7.84309,50.11239],[7.84492,50.1235],[7.8524,50.12755],[7.85402,50.12833],[7.85941,50.12731],[7.8684,50.1209],[7.88524,50.11496],[7.89861,50.12127],[7.90253,50.12136],[7.91355,50.11505],[7.92373,50.10285],[7.9301,50.10374],[7.92581,50.10744],[7.92695,50.11908],[7.92269,50.1331],[7.93176,50.14397],[7.91734,50.14916],[7.91686,50.1505],[7.9138,50.15107],[7.91158,50.15228],[7.91124,50.15366],[7.90933,50.15527],[7.90817,50.15626],[7.90274,50.15846],[7.89891,50.15956],[7.89192,50.16239],[7.88517,50.16864],[7.88791,50.17456],[7.88309,50.18039],[7.91071,50.19422],[7.90783,50.20076],[7.91982,50.20742],[7.94472,50.20951],[7.95156,50.21426],[7.94908,50.21768],[7.95305,50.2204],[7.96186,50.22054],[7.98426,50.22703],[7.98789,50.23035],[7.9902,50.23866],[7.99594,50.23586],[7.99388,50.2322],[7.99919,50.23043],[8.00546,50.22912],[8.00378,50.22456],[8.01132,50.22192],[8.01312,50.218],[8.03505,50.21559],[8.03379,50.22088],[8.0403,50.22555],[8.03805,50.22693],[8.04174,50.22908],[8.0468,50.228],[8.05768,50.23455],[8.04922,50.24084],[8.04897,50.24222],[8.04871,50.24368],[8.04392,50.24307],[8.03619,50.24628],[8.03787,50.24911],[8.03194,50.25512],[8.02516,50.25481],[8.02165,50.25834],[8.02511,50.25993],[8.02559,50.26174],[8.02985,50.26203],[8.02975,50.26326],[8.03212,50.26382],[8.03546,50.26533],[8.03666,50.27093],[8.04248,50.27243],[8.05933,50.27339],[8.07193,50.27242],[8.07513,50.26758],[8.08188,50.2657],[8.08066,50.26127],[8.09142,50.2646],[8.1048,50.26043],[8.11146,50.27006],[8.12191,50.27722],[8.11935,50.29812],[8.10389,50.30798],[8.10462,50.31264],[8.10615,50.32226],[8.10182,50.32657],[8.09569,50.3274],[8.09294,50.3299],[8.08646,50.32991],[8.0753,50.32988],[8.07144,50.33263],[8.07622,50.33619],[8.077,50.33981],[8.07588,50.34962],[8.07043,50.35575],[8.06998,50.35814],[8.06742,50.35881],[8.06385,50.36882],[8.06075,50.37319],[8.05232,50.37564],[8.05226,50.37885],[8.04666,50.37906],[8.04207,50.3856],[8.0328,50.38198],[8.0199,50.3825],[8.01432,50.38447],[8.02036,50.38849],[8.02376,50.40077],[8.014,50.40094],[7.98963,50.39817],[7.98727,50.39944],[7.98964,50.40103],[7.9824,50.40742],[7.97156,50.40622],[7.96474,50.41096],[7.96617,50.41521],[7.97399,50.41452],[7.97865,50.41646],[7.98682,50.42788],[7.98511,50.4321],[7.98778,50.43503],[7.97512,50.4359],[7.97691,50.43776],[7.98808,50.43974],[7.98939,50.44289],[7.99063,50.44394],[7.99692,50.44473],[8.00102,50.44531],[8.00124,50.44735],[8.00707,50.44895],[8.01006,50.45268],[8.00982,50.45987],[8.00141,50.46268],[7.99511,50.46935],[7.98767,50.47273],[7.98606,50.48129],[7.9793,50.48532],[7.98103,50.49251],[7.9789,50.49538],[7.98909,50.49883],[7.98294,50.51146],[7.99076,50.51468],[7.99455,50.51601],[7.99656,50.51723],[7.99568,50.51948],[7.99378,50.52223],[7.9963,50.52451],[8.00454,50.52994],[8.01001,50.53053],[8.02384,50.54215],[8.02766,50.54471],[8.02909,50.55038],[8.03397,50.55191],[8.0413,50.55324],[8.04161,50.55699],[8.06562,50.54885],[8.06905,50.54594],[8.06975,50.54225],[8.07052,50.538],[8.0861,50.53837],[8.1035,50.53333],[8.1176,50.53525],[8.12088,50.53966],[8.11488,50.53924],[8.11166,50.54266],[8.12181,50.54884],[8.13701,50.55108],[8.13276,50.55973],[8.14714,50.58211],[8.15159,50.59937],[8.12796,50.60772],[8.12697,50.61011],[8.13653,50.61737],[8.14085,50.62687],[8.13909,50.63226],[8.13004,50.63747],[8.12686,50.64447],[8.12095,50.64813],[8.11556,50.65186],[8.11396,50.6525],[8.11269,50.65405],[8.11009,50.65725],[8.10991,50.66002],[8.10969,50.66516],[8.11023,50.6709],[8.11258,50.67557],[8.12034,50.67774],[8.12578,50.68581],[8.13023,50.69586],[8.14261,50.69545],[8.15001,50.70537],[8.15157,50.71392],[8.16651,50.7357],[8.16355,50.74472],[8.15496,50.74906],[8.14959,50.75604],[8.15054,50.76077],[8.13662,50.76702],[8.1406,50.7716],[8.13078,50.77844],[8.12925,50.7891],[8.13794,50.79054],[8.1442,50.79534],[8.16578,50.80372],[8.17519,50.81763],[8.18763,50.82816],[8.19839,50.83387],[8.20362,50.83607],[8.20877,50.83668],[8.21123,50.83861],[8.21418,50.84157],[8.22087,50.84558],[8.22671,50.84787],[8.23131,50.85064],[8.23392,50.85556],[8.25879,50.87119],[8.26636,50.87944],[8.28497,50.88224],[8.29166,50.88111],[8.29456,50.87343],[8.30637,50.86157],[8.31888,50.86163],[8.33715,50.86545],[8.35206,50.86501],[8.3555,50.862],[8.35958,50.86113],[8.36657,50.86298],[8.37031,50.87296],[8.38561,50.8765],[8.38862,50.89115],[8.39824,50.89517],[8.40777,50.90159],[8.419,50.90915],[8.43306,50.91764],[8.44516,50.91609],[8.45684,50.91768],[8.45813,50.92152],[8.45089,50.9334],[8.45007,50.94092],[8.46119,50.94926],[8.45984,50.96546],[8.46566,50.96835],[8.46895,50.96917],[8.47527,50.96958],[8.47789,50.96905],[8.47374,50.97351],[8.47505,50.97652],[8.48679,50.98505],[8.4958,50.98881],[8.50111,50.99782],[8.51538,51.00552],[8.51517,51.00895],[8.52571,51.01074],[8.53007,51.01368],[8.53121,51.01767],[8.53742,51.0193],[8.5346,51.02421],[8.53149,51.02859],[8.52513,51.03153],[8.52414,51.03882],[8.51988,51.04264],[8.51631,51.04255],[8.51126,51.03817],[8.50595,51.04138],[8.51407,51.04972],[8.51993,51.05093],[8.52666,51.06131],[8.52558,51.06585],[8.5195,51.07002],[8.50543,51.07315],[8.50293,51.0801],[8.51743,51.09044],[8.52298,51.09137],[8.52758,51.09631],[8.54298,51.09669],[8.54908,51.10187],[8.55692,51.10324],[8.5659,51.10183],[8.59864,51.10218],[8.63772,51.09707],[8.6539,51.09495],[8.67264,51.10133],[8.69109,51.10877],[8.70731,51.10808],[8.71748,51.10986],[8.72043,51.11436],[8.71241,51.117],[8.70291,51.1168],[8.70125,51.1222],[8.6925,51.1292],[8.69216,51.13283],[8.71359,51.15114],[8.71954,51.15223],[8.73484,51.15997],[8.75681,51.17691],[8.75024,51.18198],[8.7493,51.19594],[8.75246,51.20014],[8.76504,51.20452],[8.76819,51.20887],[8.75011,51.21424],[8.74131,51.21955],[8.72842,51.24986],[8.73596,51.26089],[8.73336,51.26407],[8.72351,51.26688],[8.72046,51.27373],[8.69204,51.27584],[8.68002,51.26838],[8.63772,51.26222],[8.63081,51.26121],[8.62533,51.25372],[8.61161,51.24736],[8.59729,51.24718],[8.58733,51.25213],[8.57824,51.26701],[8.56781,51.27026],[8.55862,51.27625],[8.55635,51.27749],[8.56288,51.28329],[8.56425,51.28525],[8.56506,51.28667],[8.56638,51.28777],[8.56845,51.28832],[8.57051,51.28928],[8.5945,51.30598],[8.60256,51.31472],[8.60608,51.32356],[8.6177,51.32845],[8.623,51.3369],[8.63772,51.34303],[8.65432,51.34042],[8.65549,51.34872],[8.65957,51.34907],[8.66786,51.35565],[8.68228,51.3611],[8.67867,51.37212],[8.70054,51.37738],[8.70858,51.37463],[8.73162,51.37247],[8.75849,51.37783],[8.77189,51.38498],[8.80411,51.39055],[8.82283,51.38931],[8.82782,51.38583],[8.83602,51.38786],[8.83877,51.38339],[8.85395,51.37754],[8.85673,51.3787],[8.89015,51.39257],[8.90611,51.39265],[8.91575,51.39269],[8.93719,51.38932],[8.9425,51.39724],[8.94144,51.41038],[8.95068,51.4134],[8.94669,51.41873],[8.94767,51.42748],[8.93687,51.43091],[8.91952,51.43081],[8.91861,51.43734],[8.92178,51.44605],[8.91526,51.45095],[8.91365,51.45811],[8.90928,51.46293],[8.90611,51.46477],[8.89404,51.47181],[8.89103,51.48167],[8.89812,51.48624],[8.90611,51.48902],[8.91221,51.49114],[8.92751,51.49382],[8.94638,51.50127],[8.97065,51.50677],[9.0053,51.5128],[9.02012,51.51821],[9.02522,51.51058],[9.0385,51.50237],[9.05658,51.5022],[9.06271,51.49897],[9.07812,51.50253],[9.09223,51.49266],[9.09141,51.48642],[9.07809,51.46608],[9.07927,51.46327],[9.08609,51.46092],[9.08651,51.44955],[9.09379,51.445],[9.10583,51.4436],[9.13096,51.44653],[9.13606,51.44947],[9.14849,51.44264],[9.15541,51.44267],[9.16115,51.44453],[9.16388,51.45153],[9.1751,51.46279],[9.18529,51.46629],[9.21564,51.46022],[9.21852,51.47224],[9.21719,51.48091],[9.22522,51.48871],[9.23059,51.48966],[9.23845,51.49105],[9.23783,51.49363],[9.24211,51.49726],[9.26402,51.49859],[9.26815,51.50588],[9.28355,51.51422],[9.30811,51.51322],[9.31526,51.52323],[9.31078,51.53076],[9.31146,51.53627],[9.31929,51.54572],[9.31776,51.55159],[9.32054,51.55303],[9.33421,51.55921],[9.35379,51.58093],[9.36514,51.58529],[9.37155,51.59198],[9.35708,51.59767],[9.33698,51.61199],[9.33875,51.61503],[9.35567,51.61961],[9.37041,51.61966],[9.37505,51.62612],[9.39154,51.62653],[9.3985,51.62456],[9.40093,51.62656],[9.42176,51.62962],[9.43169,51.63356],[9.44393,51.64401],[9.43898,51.64757],[9.44046,51.65039],[9.45352,51.64643],[9.46552,51.65306],[9.49032,51.65719],[9.49614,51.65636],[9.49827,51.65165]],[[8.68475,49.61302],[8.68437,49.61006],[8.67932,49.61185],[8.67778,49.61138],[8.67782,49.60901],[8.68635,49.60849],[8.68778,49.61042],[8.68687,49.61319],[8.68475,49.61302]]],[[[8.68427,49.622],[8.68416,49.62028],[8.67974,49.62035],[8.6788,49.61711],[8.67188,49.6159],[8.67282,49.61947],[8.67718,49.62226],[8.68427,49.622]]],[[[8.0494,50.37536],[8.04559,50.37401],[8.04369,50.37571],[8.04888,50.37831],[8.0494,50.37536]]]]},"properties":{"code":"DE7","nom":"Hessen","country":"DE"}},{"type":"Feature","geometry":{"type":"MultiPolygon","coordinates":[[[[9.65093,49.78083],[9.64486,49.77685],[9.6469,49.77048],[9.65187,49.76637],[9.63903,49.75421],[9.64315,49.74988],[9.64427,49.74548],[9.64042,49.74135],[9.64365,49.73799],[9.63123,49.73109],[9.63974,49.72283],[9.6334,49.7173],[9.62632,49.70316],[9.63137,49.70003],[9.63315,49.69366],[9.64236,49.69295],[9.65371,49.68774],[9.67519,49.69351],[9.67837,49.71622],[9.68694,49.71754],[9.69469,49.71875],[9.70005,49.71774],[9.70419,49.72425],[9.71114,49.72699],[9.715,49.71004],[9.71983,49.70236],[9.7276,49.69851],[9.72799,49.68958],[9.73062,49.68835],[9.73795,49.68819],[9.74945,49.69593],[9.75382,49.71023],[9.77005,49.71945],[9.78687,49.72248],[9.79112,49.73003],[9.79768,49.73107],[9.79737,49.72044],[9.82143,49.70973],[9.82338,49.70557],[9.82859,49.70576],[9.83171,49.70331],[9.83516,49.69162],[9.8324,49.68814],[9.83372,49.68682],[9.83631,49.68424],[9.84058,49.68267],[9.83833,49.68152],[9.83011,49.68045],[9.82421,49.67281],[9.82288,49.66505],[9.82749,49.66133],[9.83282,49.65767],[9.83004,49.65283],[9.83582,49.64628],[9.85438,49.64177],[9.85767,49.63344],[9.86483,49.62542],[9.87159,49.60987],[9.86026,49.60757],[9.85801,49.60238],[9.84218,49.59499],[9.84774,49.57814],[9.84056,49.57448],[9.83553,49.56846],[9.82756,49.5643],[9.81949,49.56106],[9.81169,49.5577],[9.81155,49.55568],[9.81738,49.5579],[9.82897,49.55171],[9.83937,49.55061],[9.85151,49.54595],[9.85839,49.54639],[9.86092,49.55274],[9.86617,49.55692],[9.8652,49.56742],[9.87344,49.57221],[9.8763,49.57837],[9.89363,49.58381],[9.89889,49.58755],[9.90582,49.58548],[9.90803,49.58573],[9.91085,49.58604],[9.91359,49.58109],[9.90803,49.57778],[9.90632,49.57676],[9.89851,49.56324],[9.90063,49.56144],[9.90803,49.56178],[9.92204,49.56244],[9.92365,49.55692],[9.92081,49.55381],[9.92639,49.55137],[9.92585,49.54957],[9.92162,49.5489],[9.9244,49.53823],[9.92376,49.52523],[9.91742,49.51852],[9.92346,49.5099],[9.91507,49.49624],[9.91639,49.49173],[9.93117,49.48409],[9.95144,49.48094],[9.95897,49.48385],[9.9757,49.48525],[9.97354,49.4819],[9.99205,49.4862],[10.00945,49.48351],[10.0202,49.48628],[10.02085,49.48765],[10.02834,49.50349],[10.0472,49.50767],[10.04943,49.50974],[10.05624,49.51609],[10.05577,49.52021],[10.04479,49.52493],[10.04119,49.52905],[10.05997,49.53696],[10.05824,49.54044],[10.06241,49.54488],[10.08372,49.54356],[10.08747,49.53759],[10.08822,49.53029],[10.08048,49.52683],[10.07836,49.52135],[10.08218,49.51397],[10.10425,49.5143],[10.12073,49.50974],[10.11586,49.50365],[10.10564,49.49832],[10.10059,49.49176],[10.1016,49.48765],[10.1021,49.48564],[10.11087,49.47833],[10.11574,49.47786],[10.11833,49.47317],[10.12091,49.4636],[10.1164,49.46187],[10.106,49.46231],[10.10663,49.459],[10.09756,49.45541],[10.09561,49.44833],[10.11018,49.44034],[10.11237,49.44307],[10.11774,49.44369],[10.13269,49.43731],[10.13942,49.42386],[10.1505,49.41252],[10.15222,49.40102],[10.1601,49.39495],[10.15761,49.3899],[10.14353,49.38496],[10.12569,49.38741],[10.11197,49.38491],[10.10803,49.37899],[10.11702,49.36885],[10.11359,49.36116],[10.12264,49.35686],[10.12338,49.35224],[10.1206,49.35052],[10.10923,49.35165],[10.10449,49.34649],[10.10467,49.33947],[10.11258,49.33483],[10.10795,49.3323],[10.12366,49.32491],[10.13271,49.32774],[10.1393,49.32572],[10.14469,49.3171],[10.13229,49.305],[10.13391,49.29669],[10.14278,49.29088],[10.14265,49.28819],[10.14946,49.28775],[10.15662,49.28076],[10.14991,49.27821],[10.14555,49.26913],[10.13592,49.26411],[10.12746,49.26464],[10.1243,49.27271],[10.11723,49.26831],[10.11741,49.25741],[10.1288,49.2541],[10.13154,49.25095],[10.11983,49.24736],[10.12423,49.2445],[10.12754,49.22354],[10.13941,49.21328],[10.13945,49.20954],[10.1266,49.21032],[10.12682,49.20732],[10.12933,49.20338],[10.12606,49.19997],[10.12898,49.19655],[10.13507,49.2],[10.14397,49.19515],[10.15532,49.19265],[10.15433,49.18972],[10.16091,49.18334],[10.17103,49.17828],[10.17905,49.18048],[10.1794,49.17356],[10.19173,49.17153],[10.19936,49.15635],[10.20469,49.15658],[10.21651,49.16246],[10.23115,49.15707],[10.23161,49.15384],[10.23857,49.14991],[10.24769,49.14852],[10.25464,49.13934],[10.25251,49.13399],[10.25695,49.12905],[10.25338,49.12936],[10.25062,49.12646],[10.22668,49.11898],[10.22937,49.11506],[10.22608,49.11166],[10.21483,49.11243],[10.21468,49.10538],[10.205,49.09812],[10.21225,49.09507],[10.22245,49.09726],[10.22982,49.09018],[10.2396,49.09183],[10.24901,49.09108],[10.24699,49.08057],[10.24318,49.07954],[10.24091,49.08137],[10.23499,49.07533],[10.2568,49.0702],[10.26271,49.06165],[10.25676,49.05949],[10.25693,49.05371],[10.25258,49.04955],[10.25473,49.04515],[10.25032,49.04232],[10.2518,49.03991],[10.26472,49.04447],[10.2738,49.04251],[10.27723,49.03862],[10.28409,49.03704],[10.2871,49.03921],[10.28616,49.04165],[10.29529,49.04212],[10.30113,49.03935],[10.30322,49.0321],[10.31655,49.02854],[10.32048,49.02572],[10.32673,49.02535],[10.32826,49.02852],[10.33228,49.02779],[10.33498,49.02944],[10.34865,49.02752],[10.34965,49.02341],[10.34646,49.018],[10.35489,49.01267],[10.35416,49.00598],[10.37281,49.00324],[10.38116,48.99842],[10.38177,48.98851],[10.39466,48.98943],[10.40392,48.98117],[10.4103,48.97906],[10.40985,48.97744],[10.40267,48.97492],[10.40301,48.96962],[10.40368,48.96679],[10.41764,48.96831],[10.42446,48.96214],[10.41946,48.95918],[10.42844,48.95542],[10.43288,48.94567],[10.44433,48.94478],[10.44563,48.94074],[10.45079,48.9377],[10.43885,48.93329],[10.45251,48.9254],[10.4567,48.91916],[10.45389,48.915],[10.44226,48.90876],[10.42978,48.90654],[10.42482,48.90774],[10.42447,48.90314],[10.4395,48.899],[10.45325,48.88815],[10.45281,48.88517],[10.44563,48.88073],[10.44703,48.87734],[10.45258,48.87348],[10.44829,48.86243],[10.45338,48.85965],[10.45235,48.85236],[10.42917,48.84494],[10.42585,48.83666],[10.42781,48.83666],[10.44076,48.8345],[10.44793,48.83101],[10.4463,48.81072],[10.44156,48.80923],[10.44096,48.80643],[10.43432,48.80154],[10.42435,48.80055],[10.42097,48.79833],[10.42198,48.79532],[10.42941,48.79346],[10.42899,48.79078],[10.434,48.78889],[10.42801,48.7862],[10.42744,48.78062],[10.42999,48.77866],[10.43206,48.77654],[10.4296,48.77109],[10.41744,48.77381],[10.41449,48.77157],[10.42036,48.76191],[10.42626,48.75748],[10.41866,48.75172],[10.42369,48.7445],[10.43348,48.74133],[10.43186,48.73801],[10.43791,48.73746],[10.44469,48.72962],[10.44832,48.73001],[10.45075,48.73438],[10.46245,48.73607],[10.4638,48.73431],[10.4581,48.72998],[10.46467,48.72726],[10.4626,48.72291],[10.46638,48.7213],[10.47218,48.71332],[10.48076,48.71214],[10.4828,48.70829],[10.48186,48.70555],[10.47332,48.70514],[10.47186,48.70354],[10.4794,48.70031],[10.4803,48.6955],[10.48726,48.69666],[10.48706,48.69212],[10.49186,48.68789],[10.48283,48.68579],[10.465,48.67053],[10.45567,48.67043],[10.44931,48.66582],[10.4427,48.66629],[10.43168,48.66187],[10.41713,48.66342],[10.41064,48.66103],[10.40845,48.66718],[10.41769,48.67211],[10.42322,48.67154],[10.42591,48.67342],[10.4199,48.68209],[10.42343,48.69034],[10.42564,48.69109],[10.43048,48.68649],[10.43665,48.69217],[10.4316,48.69869],[10.42612,48.69558],[10.40945,48.69844],[10.40667,48.69468],[10.3932,48.68835],[10.3921,48.67899],[10.38796,48.67393],[10.38901,48.66801],[10.38086,48.66739],[10.37465,48.66369],[10.36837,48.66325],[10.36122,48.65319],[10.35196,48.65526],[10.35146,48.65869],[10.34861,48.66075],[10.34824,48.66514],[10.35121,48.66709],[10.34606,48.68013],[10.33185,48.69005],[10.3263,48.69022],[10.32201,48.6878],[10.31933,48.68885],[10.31683,48.68364],[10.30844,48.68702],[10.30448,48.6866],[10.28169,48.70089],[10.2701,48.70311],[10.27095,48.68525],[10.26591,48.68302],[10.26719,48.67996],[10.25619,48.67976],[10.26242,48.67202],[10.25487,48.6644],[10.26529,48.659],[10.25953,48.65489],[10.2694,48.6518],[10.26929,48.64715],[10.27953,48.64637],[10.27984,48.64161],[10.28474,48.63696],[10.29651,48.63356],[10.29937,48.62335],[10.32179,48.60963],[10.31891,48.60405],[10.30846,48.60472],[10.30611,48.60196],[10.30252,48.60463],[10.29711,48.60381],[10.29398,48.59028],[10.30625,48.58178],[10.31395,48.55806],[10.30757,48.55084],[10.30428,48.54981],[10.30133,48.54414],[10.30202,48.53524],[10.30413,48.5298],[10.31328,48.52861],[10.31383,48.52691],[10.31024,48.52579],[10.31202,48.52294],[10.29723,48.51748],[10.27825,48.5161],[10.26522,48.51919],[10.25552,48.51873],[10.25431,48.51561],[10.24708,48.51167],[10.23641,48.51214],[10.23078,48.51051],[10.23266,48.50851],[10.22879,48.50636],[10.23469,48.50534],[10.23987,48.50631],[10.24105,48.50537],[10.24247,48.5001],[10.23751,48.5002],[10.24037,48.49175],[10.23489,48.48913],[10.22546,48.4886],[10.21792,48.48847],[10.20288,48.48291],[10.18151,48.47556],[10.17946,48.47194],[10.1847,48.47178],[10.18358,48.46745],[10.176,48.46879],[10.17724,48.46447],[10.17141,48.45833],[10.1601,48.45852],[10.1339,48.45487],[10.12328,48.46158],[10.11654,48.47505],[10.10649,48.47708],[10.10033,48.47112],[10.08756,48.46581],[10.08553,48.46318],[10.07061,48.45845],[10.04964,48.45725],[10.03872,48.45943],[10.03269,48.4572],[10.03166,48.45397],[10.03726,48.44501],[10.02967,48.44241],[10.02846,48.43772],[10.03506,48.43393],[10.03914,48.43492],[10.04241,48.42973],[10.01916,48.41821],[10.0137,48.40334],[9.99055,48.39369],[9.98411,48.38586],[9.97064,48.37915],[9.96816,48.37288],[9.97679,48.36363],[9.98282,48.3631],[9.98384,48.36781],[9.98784,48.37003],[9.9922,48.36816],[9.99345,48.3645],[9.99904,48.36308],[9.99529,48.3559],[9.99761,48.35012],[10.01019,48.34169],[10.01179,48.33155],[10.0232,48.3232],[10.03784,48.30511],[10.04235,48.30007],[10.04348,48.29387],[10.06523,48.28181],[10.06639,48.27572],[10.06241,48.27264],[10.06493,48.2624],[10.06288,48.25803],[10.06712,48.25451],[10.06658,48.24849],[10.06142,48.24066],[10.06925,48.23085],[10.06939,48.22437],[10.07756,48.2211],[10.07726,48.21081],[10.08336,48.20896],[10.08462,48.20572],[10.08483,48.20452],[10.0849,48.20226],[10.08526,48.2],[10.08366,48.19784],[10.08592,48.18277],[10.09458,48.1652],[10.09536,48.16401],[10.10707,48.13214],[10.108,48.13055],[10.12405,48.1171],[10.13514,48.11145],[10.13646,48.10846],[10.13648,48.10209],[10.14039,48.09892],[10.14055,48.09547],[10.13442,48.08113],[10.13598,48.07705],[10.14317,48.07363],[10.14064,48.0649],[10.14359,48.05899],[10.13971,48.05262],[10.14102,48.04754],[10.12781,48.03252],[10.13343,48.02633],[10.13573,48.02376],[10.13239,48.0154],[10.12014,48.00402],[10.12129,47.9975],[10.11543,47.98946],[10.11495,47.97626],[10.10421,47.97436],[10.08885,47.9695],[10.08507,47.9568],[10.09378,47.94483],[10.11014,47.93715],[10.10579,47.92478],[10.10922,47.91918],[10.10831,47.91557],[10.10949,47.91111],[10.1016,47.90396],[10.10349,47.89185],[10.09793,47.88456],[10.10464,47.88288],[10.10469,47.87854],[10.09855,47.87614],[10.09149,47.8678],[10.08226,47.86923],[10.07676,47.86781],[10.08362,47.85637],[10.10207,47.86551],[10.10421,47.85658],[10.09801,47.85471],[10.09906,47.85227],[10.09532,47.84884],[10.09937,47.84737],[10.10701,47.852],[10.10924,47.84717],[10.10327,47.84242],[10.11002,47.83975],[10.11885,47.82896],[10.13193,47.82009],[10.13517,47.81131],[10.126,47.81275],[10.11824,47.8112],[10.11235,47.80715],[10.11732,47.80338],[10.11514,47.80124],[10.10458,47.80077],[10.09214,47.80322],[10.08799,47.79796],[10.06655,47.78529],[10.06938,47.78235],[10.08113,47.77909],[10.08553,47.77051],[10.11597,47.76073],[10.11749,47.75224],[10.11464,47.73811],[10.11834,47.73312],[10.11661,47.72038],[10.11924,47.71514],[10.13944,47.70327],[10.13852,47.69779],[10.12911,47.6909],[10.13197,47.68498],[10.12933,47.67693],[10.1108,47.66643],[10.09372,47.67035],[10.09335,47.66417],[10.08306,47.65465],[10.07729,47.63927],[10.07259,47.6433],[10.07437,47.6585],[10.0681,47.66415],[10.05931,47.67981],[10.04873,47.68059],[10.04479,47.67583],[10.0388,47.67734],[10.03124,47.67509],[10.02841,47.67808],[10.03057,47.68272],[10.029,47.68571],[10.01553,47.68366],[9.99794,47.67944],[9.97657,47.66515],[9.97545,47.65742],[9.96799,47.65355],[9.95906,47.65291],[9.94098,47.65712],[9.93263,47.65396],[9.92253,47.65786],[9.9161,47.6606],[9.89318,47.66367],[9.88653,47.66658],[9.87912,47.67407],[9.85992,47.67766],[9.84812,47.67604],[9.84187,47.67712],[9.83755,47.67177],[9.8315,47.67148],[9.82769,47.65754],[9.81574,47.6501],[9.80699,47.65114],[9.79919,47.64969],[9.79787,47.64858],[9.79603,47.64704],[9.79787,47.64514],[9.79948,47.64348],[9.79787,47.64091],[9.79469,47.6358],[9.77884,47.63024],[9.76641,47.61937],[9.75549,47.61412],[9.75486,47.60905],[9.74772,47.60369],[9.74167,47.60579],[9.7447,47.61483],[9.73705,47.61321],[9.7353,47.6152],[9.73434,47.61653],[9.73274,47.61472],[9.73158,47.61341],[9.73003,47.61165],[9.72854,47.60916],[9.72611,47.60725],[9.71229,47.60603],[9.70591,47.60218],[9.69524,47.60459],[9.69215,47.61042],[9.68157,47.60474],[9.67129,47.61107],[9.65903,47.61154],[9.65279,47.6058],[9.64677,47.60495],[9.6394,47.6039],[9.63571,47.60298],[9.6399,47.60032],[9.64329,47.58976],[9.63365,47.59348],[9.62822,47.59288],[9.62149,47.58859],[9.61976,47.58323],[9.61464,47.58174],[9.60536,47.58506],[9.60208,47.58434],[9.55872,47.54189],[9.53388,47.54566],[9.52317,47.54728],[9.4956,47.55145],[9.44891,47.58333],[9.43431,47.5933],[9.43017,47.59612],[9.42753,47.59793],[9.39471,47.62033],[9.38788,47.62222],[9.37722,47.62519],[9.34915,47.63298],[9.3404,47.63541],[9.31783,47.64169],[9.27653,47.65316],[9.25656,47.65871],[9.21483,47.6551],[9.20839,47.65529],[9.1883,47.65708],[9.18219,47.65589],[9.1708,47.65528],[9.16305,47.66046],[9.15721,47.66574],[9.14834,47.66761],[9.14159,47.66469],[9.13542,47.6652],[9.12781,47.66661],[9.11942,47.66814],[9.09509,47.67871],[9.07371,47.67901],[9.05767,47.68406],[9.03334,47.68537],[9.02157,47.68643],[9.01021,47.68408],[8.98092,47.67398],[8.96349,47.66481],[8.94305,47.65723],[8.90611,47.64962],[8.90034,47.64843],[8.8946,47.64839],[8.88319,47.65396],[8.87489,47.65467],[8.875,47.65597],[8.87369,47.66919],[8.86408,47.67848],[8.85673,47.67991],[8.85156,47.68092],[8.85092,47.68472],[8.8567,47.69207],[8.85126,47.69665],[8.85673,47.69727],[8.86408,47.69812],[8.86563,47.69644],[8.86408,47.69435],[8.86408,47.69255],[8.87496,47.69546],[8.87067,47.70145],[8.87275,47.70406],[8.87138,47.70496],[8.85673,47.70454],[8.84852,47.70349],[8.8438,47.71175],[8.83402,47.71412],[8.82301,47.71161],[8.81998,47.71364],[8.82457,47.71816],[8.81856,47.7183],[8.81259,47.7234],[8.80591,47.72474],[8.8116,47.72964],[8.80644,47.73831],[8.79735,47.73477],[8.799,47.72728],[8.79069,47.72821],[8.77101,47.71844],[8.7695,47.70672],[8.79339,47.70438],[8.79843,47.6978],[8.80889,47.69352],[8.79738,47.68876],[8.79381,47.68071],[8.79571,47.6756],[8.7849,47.67681],[8.75743,47.68926],[8.72798,47.69268],[8.72708,47.69812],[8.73629,47.71615],[8.71816,47.72143],[8.71191,47.73018],[8.71496,47.73839],[8.72369,47.74511],[8.7397,47.74703],[8.7401,47.75279],[8.73212,47.75642],[8.72668,47.76211],[8.71421,47.76501],[8.70563,47.7628],[8.69545,47.75642],[8.69224,47.75642],[8.68841,47.7593],[8.68396,47.76948],[8.68825,47.77365],[8.68347,47.7771],[8.68013,47.78601],[8.66805,47.78795],[8.65873,47.79185],[8.6594,47.79695],[8.65441,47.79969],[8.64998,47.79816],[8.6464,47.79306],[8.64595,47.78719],[8.64967,47.78207],[8.64859,47.77473],[8.65193,47.77287],[8.64549,47.76502],[8.63772,47.76192],[8.63325,47.76013],[8.62823,47.75944],[8.61989,47.76734],[8.62247,47.7765],[8.61771,47.7802],[8.61559,47.78571],[8.62155,47.79372],[8.61383,47.80108],[8.60161,47.80269],[8.59291,47.79949],[8.58727,47.80209],[8.57657,47.8001],[8.57249,47.80563],[8.56651,47.80738],[8.56304,47.80349],[8.56206,47.79362],[8.57406,47.78929],[8.5771,47.78155],[8.57467,47.78067],[8.57235,47.77994],[8.56864,47.77916],[8.56621,47.77798],[8.55202,47.78417],[8.52625,47.77757],[8.52013,47.77049],[8.51012,47.77619],[8.50015,47.77258],[8.49622,47.77116],[8.48754,47.77217],[8.47355,47.76421],[8.4676,47.75642],[8.45725,47.74918],[8.45541,47.74313],[8.45023,47.73871],[8.45261,47.73145],[8.45698,47.72916],[8.45521,47.72264],[8.44474,47.72233],[8.44058,47.71824],[8.4355,47.71734],[8.42599,47.71136],[8.41683,47.71001],[8.40515,47.69783],[8.41357,47.69279],[8.42067,47.68386],[8.41844,47.68278],[8.40641,47.67548],[8.41156,47.66742],[8.42405,47.66633],[8.43781,47.65719],[8.44473,47.65434],[8.44905,47.65474],[8.45767,47.65331],[8.46615,47.65618],[8.46507,47.64542],[8.4735,47.6383],[8.47518,47.64008],[8.47204,47.64208],[8.47696,47.6452],[8.47355,47.64826],[8.47558,47.6497],[8.49072,47.64281],[8.49501,47.64675],[8.50015,47.64654],[8.52719,47.64545],[8.53113,47.64573],[8.53258,47.65065],[8.52701,47.66039],[8.53292,47.6619],[8.53912,47.65927],[8.54082,47.66433],[8.54716,47.66706],[8.56365,47.66994],[8.56573,47.66528],[8.57708,47.66207],[8.59396,47.66783],[8.59909,47.67248],[8.60555,47.67192],[8.60637,47.66901],[8.60914,47.66378],[8.6145,47.66153],[8.62681,47.65399],[8.62831,47.64873],[8.62274,47.64075],[8.6157,47.63805],[8.60758,47.63728],[8.60385,47.63916],[8.61345,47.64465],[8.61227,47.6492],[8.60768,47.65188],[8.5952,47.64193],[8.59775,47.62834],[8.60449,47.61634],[8.60346,47.61126],[8.5956,47.60554],[8.58173,47.59656],[8.57455,47.59621],[8.56284,47.59943],[8.56679,47.60923],[8.57315,47.61194],[8.56868,47.61678],[8.56284,47.61755],[8.55714,47.62417],[8.54304,47.62696],[8.53935,47.62673],[8.53812,47.63114],[8.53558,47.631],[8.53367,47.63136],[8.53159,47.63205],[8.5296,47.63176],[8.52719,47.63176],[8.51905,47.63418],[8.51645,47.63195],[8.51371,47.62371],[8.50777,47.62294],[8.50721,47.61777],[8.50015,47.61612],[8.49418,47.61473],[8.48466,47.61472],[8.47928,47.61428],[8.47781,47.61073],[8.46637,47.60329],[8.4566,47.60236],[8.46104,47.58894],[8.46727,47.58476],[8.48701,47.58735],[8.49455,47.5812],[8.48693,47.57772],[8.48376,47.57725],[8.47683,47.57746],[8.46412,47.57221],[8.45523,47.57204],[8.43576,47.56701],[8.42643,47.56755],[8.41629,47.57074],[8.39997,47.57675],[8.3921,47.57502],[8.38347,47.56604],[8.3621,47.56949],[8.35411,47.57032],[8.33718,47.5704],[8.32519,47.57251],[8.31635,47.57894],[8.29796,47.58936],[8.29543,47.59462],[8.29706,47.60527],[8.28848,47.61032],[8.27946,47.6114],[8.26553,47.60978],[8.26115,47.61347],[8.2541,47.6148],[8.23726,47.61176],[8.22857,47.60558],[8.22405,47.60685],[8.22127,47.61551],[8.21535,47.6194],[8.20499,47.62081],[8.19753,47.61857],[8.19104,47.61288],[8.18446,47.60481],[8.1754,47.60201],[8.16604,47.59487],[8.1592,47.59415],[8.14988,47.59542],[8.13952,47.59118],[8.13636,47.58455],[8.1261,47.58329],[8.1105,47.58282],[8.10339,47.57599],[8.10098,47.5657],[8.09718,47.56103],[8.08373,47.55771],[8.06772,47.56425],[8.05942,47.56293],[8.04604,47.5553],[8.03691,47.553],[8.01956,47.55059],[8.0082,47.55455],[8.00723,47.55497],[7.99917,47.5564],[7.97714,47.55539],[7.9647,47.55718],[7.9554,47.55678],[7.94837,47.54565],[7.9405,47.54448],[7.91659,47.54827],[7.90852,47.55542],[7.91119,47.56872],[7.90654,47.57692],[7.89796,47.58406],[7.89411,47.58637],[7.88472,47.58872],[7.86865,47.58842],[7.8524,47.58377],[7.83758,47.58264],[7.83274,47.58656],[7.82402,47.58767],[7.81837,47.58602],[7.81114,47.57005],[7.79477,47.55726],[7.76021,47.54898],[7.75268,47.54503],[7.72405,47.54223],[7.71378,47.5394],[7.69704,47.53316],[7.68622,47.5325],[7.67529,47.53355],[7.66749,47.53639],[7.66119,47.5444],[7.65019,47.54797],[7.64531,47.55261],[7.6341,47.56111],[7.63646,47.56328],[7.6479,47.56038],[7.65471,47.56243],[7.66798,47.56552],[7.67591,47.56402],[7.6794,47.56939],[7.6828,47.57046],[7.68616,47.56742],[7.68953,47.5715],[7.68436,47.57417],[7.68111,47.58092],[7.68003,47.58276],[7.6725,47.58519],[7.6721,47.5873],[7.68375,47.59598],[7.68987,47.59766],[7.69337,47.60064],[7.68251,47.598],[7.67303,47.59212],[7.64904,47.59622],[7.64408,47.59566],[7.64197,47.59125],[7.62452,47.57945],[7.61909,47.57732],[7.60558,47.5781],[7.60353,47.58524],[7.58904,47.58988],[7.59224,47.59562],[7.59271,47.59871],[7.58908,47.60652],[7.57397,47.61667],[7.56736,47.63174],[7.56697,47.63213],[7.56412,47.63486],[7.56082,47.63722],[7.54646,47.64448],[7.54348,47.64612],[7.5379,47.64918],[7.53275,47.65316],[7.53066,47.65477],[7.52644,47.6586],[7.52467,47.6602],[7.52108,47.66385],[7.51956,47.66812],[7.51901,47.67266],[7.51947,47.68037],[7.51888,47.6847],[7.51626,47.68976],[7.51231,47.69491],[7.51159,47.69676],[7.5117,47.69839],[7.51217,47.70045],[7.51377,47.70282],[7.52795,47.71079],[7.53181,47.71296],[7.53496,47.71473],[7.53815,47.71673],[7.54038,47.71853],[7.5437,47.72233],[7.54565,47.72538],[7.5476,47.72982],[7.54853,47.73508],[7.54811,47.73947],[7.54599,47.74357],[7.53985,47.75435],[7.53871,47.75642],[7.53338,47.76604],[7.53023,47.78261],[7.54108,47.80346],[7.54584,47.81267],[7.56188,47.84021],[7.56341,47.85119],[7.55546,47.87051],[7.5593,47.88195],[7.57545,47.89125],[7.58163,47.89801],[7.58224,47.8993],[7.58279,47.90137],[7.58293,47.90342],[7.58265,47.90554],[7.58235,47.908],[7.58072,47.91916],[7.58067,47.92078],[7.58055,47.92415],[7.58106,47.92682],[7.58247,47.92986],[7.5839,47.93233],[7.58581,47.93485],[7.58799,47.93712],[7.59156,47.94007],[7.60296,47.94878],[7.60454,47.94998],[7.6077,47.95255],[7.60956,47.95423],[7.61156,47.95649],[7.61294,47.9582],[7.6171,47.96345],[7.62094,47.96898],[7.62159,47.971],[7.62195,47.97281],[7.62197,47.97475],[7.62165,47.97651],[7.61851,47.9858],[7.61611,47.99047],[7.61344,47.99469],[7.61019,47.99869],[7.60858,48.00036],[7.60688,48.00214],[7.60351,48.00519],[7.59024,48.01569],[7.5832,48.02121],[7.5815,48.02255],[7.57854,48.02492],[7.56885,48.03561],[7.57338,48.05965],[7.56994,48.07525],[7.56917,48.08005],[7.56995,48.08479],[7.57161,48.08846],[7.57368,48.09103],[7.57859,48.09915],[7.57932,48.10669],[7.57824,48.11145],[7.57729,48.11565],[7.57792,48.12139],[7.59728,48.1343],[7.60036,48.14068],[7.5998,48.15574],[7.61137,48.16761],[7.61518,48.17088],[7.62952,48.18371],[7.63708,48.19578],[7.64187,48.20401],[7.64723,48.20969],[7.6651,48.22015],[7.67198,48.23456],[7.67958,48.25418],[7.68071,48.25727],[7.69355,48.30151],[7.70498,48.30951],[7.73708,48.31961],[7.73984,48.32173],[7.74183,48.3236],[7.74345,48.32547],[7.74464,48.32781],[7.74522,48.32977],[7.74561,48.33255],[7.74517,48.33511],[7.74343,48.34036],[7.73914,48.35324],[7.73867,48.35466],[7.73613,48.36263],[7.73104,48.383],[7.73369,48.39871],[7.74484,48.41955],[7.7523,48.43261],[7.75345,48.43456],[7.76167,48.4485],[7.76285,48.45103],[7.76504,48.45661],[7.76602,48.46046],[7.7664,48.46392],[7.76654,48.46516],[7.7671,48.47494],[7.76712,48.47852],[7.76695,48.48713],[7.7682,48.48966],[7.77024,48.4914],[7.77147,48.49246],[7.78195,48.49639],[7.79153,48.49998],[7.80133,48.50785],[7.8062,48.51795],[7.80327,48.53717],[7.80534,48.56006],[7.80086,48.58545],[7.83011,48.61981],[7.83598,48.63368],[7.83611,48.63409],[7.83804,48.63886],[7.83974,48.64128],[7.842,48.64373],[7.84478,48.64539],[7.8481,48.64691],[7.8524,48.64807],[7.86173,48.65059],[7.88126,48.65845],[7.88998,48.6626],[7.89626,48.66724],[7.92444,48.69042],[7.95963,48.71858],[7.96774,48.72982],[7.96707,48.74015],[7.96701,48.74547],[7.96715,48.74673],[7.96891,48.75371],[7.97362,48.75881],[7.98302,48.76111],[8.00539,48.75918],[8.01748,48.76281],[8.02314,48.76908],[8.02611,48.78288],[8.03078,48.78754],[8.04178,48.79067],[8.05833,48.78901],[8.06323,48.78953],[8.07222,48.7924],[8.08413,48.79984],[8.08704,48.80203],[8.09431,48.80835],[8.10117,48.81593],[8.10383,48.82012],[8.10471,48.82259],[8.10592,48.82661],[8.10641,48.82846],[8.10955,48.83666],[8.11565,48.85262],[8.11989,48.86161],[8.12147,48.86496],[8.13036,48.88048],[8.14164,48.89605],[8.14655,48.90229],[8.15349,48.90991],[8.15576,48.91229],[8.15964,48.91597],[8.16385,48.91998],[8.1655,48.92157],[8.16856,48.92453],[8.16952,48.92545],[8.18739,48.94537],[8.19177,48.95163],[8.19361,48.95396],[8.19639,48.9565],[8.19866,48.95813],[8.20289,48.95979],[8.22793,48.96516],[8.23263,48.96657],[8.23935,48.96934],[8.26128,48.98092],[8.26963,48.98561],[8.27204,48.9869],[8.27735,48.98994],[8.27988,48.99156],[8.28181,48.993],[8.28419,48.99499],[8.28581,48.99656],[8.2876,48.99843],[8.29153,49.00359],[8.2931,49.00585],[8.29594,49.01076],[8.29737,49.0135],[8.29866,49.01682],[8.29961,49.01966],[8.30019,49.02174],[8.30062,49.02432],[8.30112,49.02714],[8.30185,49.03071],[8.30262,49.03523],[8.30414,49.04065],[8.30621,49.04537],[8.30871,49.04996],[8.31169,49.05431],[8.31442,49.05793],[8.31644,49.06048],[8.31826,49.06254],[8.32054,49.06496],[8.32399,49.06845],[8.32811,49.07221],[8.33483,49.07657],[8.33997,49.08015],[8.35052,49.08895],[8.35461,49.09313],[8.35809,49.09778],[8.35955,49.10126],[8.36037,49.10321],[8.36191,49.10863],[8.36416,49.11672],[8.36738,49.12946],[8.37111,49.14523],[8.3717,49.14754],[8.37271,49.15198],[8.37254,49.15373],[8.37202,49.15563],[8.37105,49.15732],[8.36823,49.16594],[8.37745,49.18062],[8.38002,49.18395],[8.38121,49.18569],[8.38508,49.19746],[8.39819,49.20757],[8.40452,49.21931],[8.40366,49.2238],[8.40034,49.22542],[8.38514,49.22074],[8.3882,49.23202],[8.39747,49.24197],[8.40777,49.2475],[8.41307,49.24982],[8.43253,49.25823],[8.44555,49.26688],[8.44802,49.26933],[8.45091,49.2725],[8.45405,49.27603],[8.45616,49.27772],[8.45819,49.27911],[8.46085,49.2805],[8.46321,49.28151],[8.46518,49.28234],[8.46699,49.28298],[8.48118,49.28639],[8.48727,49.29003],[8.48861,49.29799],[8.48323,49.30523],[8.45842,49.31321],[8.45243,49.31738],[8.45085,49.32458],[8.45552,49.33209],[8.45756,49.33361],[8.4596,49.33494],[8.46301,49.33694],[8.46726,49.33896],[8.47092,49.34071],[8.47517,49.34307],[8.47977,49.34596],[8.48329,49.34859],[8.48638,49.35119],[8.48927,49.35401],[8.49207,49.35718],[8.4951,49.36123],[8.49681,49.36418],[8.49976,49.37148],[8.50092,49.37636],[8.50137,49.38044],[8.50136,49.38358],[8.50089,49.38693],[8.5004,49.38901],[8.49205,49.38611],[8.47558,49.37452],[8.47022,49.37389],[8.46436,49.37737],[8.46589,49.3873],[8.49619,49.40214],[8.496,49.40425],[8.49619,49.40663],[8.49645,49.40808],[8.49672,49.40947],[8.49732,49.41135],[8.4986,49.41455],[8.4998,49.41734],[8.5017,49.42106],[8.50334,49.42381],[8.50635,49.42832],[8.50734,49.42993],[8.50799,49.43115],[8.50836,49.43278],[8.50824,49.43449],[8.50783,49.43597],[8.50702,49.4375],[8.50569,49.43908],[8.50446,49.44014],[8.50262,49.44122],[8.50083,49.44202],[8.49888,49.44265],[8.49556,49.44327],[8.49191,49.44372],[8.48795,49.44396],[8.48182,49.44405],[8.47251,49.44351],[8.45357,49.44429],[8.44286,49.45048],[8.44343,49.45788],[8.46092,49.46537],[8.46342,49.47107],[8.44779,49.48765],[8.4433,49.49241],[8.43621,49.50974],[8.42307,49.54182],[8.41434,49.5571],[8.41612,49.5655],[8.4227,49.57419],[8.42244,49.58339],[8.43732,49.58428],[8.44359,49.5898],[8.46311,49.5895],[8.47484,49.58425],[8.48078,49.57475],[8.49503,49.573],[8.5253,49.54869],[8.53387,49.53514],[8.55425,49.51974],[8.56044,49.51797],[8.57288,49.52111],[8.58137,49.51978],[8.58451,49.52193],[8.59113,49.52201],[8.59736,49.53063],[8.60723,49.52937],[8.60833,49.53516],[8.61662,49.54135],[8.62048,49.54558],[8.60865,49.56929],[8.60323,49.59329],[8.59849,49.59337],[8.59407,49.59277],[8.58932,49.60451],[8.5953,49.60547],[8.5948,49.60681],[8.59436,49.60978],[8.59389,49.61095],[8.59774,49.61134],[8.63772,49.61867],[8.64675,49.62032],[8.65444,49.61905],[8.67798,49.62532],[8.68661,49.62308],[8.69231,49.62374],[8.69372,49.62223],[8.69228,49.62048],[8.69384,49.61935],[8.68924,49.61798],[8.68679,49.61465],[8.68259,49.61559],[8.67293,49.6124],[8.67397,49.60864],[8.68213,49.60347],[8.68838,49.60512],[8.69103,49.60721],[8.698,49.59976],[8.69627,49.5928],[8.68529,49.59029],[8.68304,49.58704],[8.68218,49.57589],[8.69229,49.56217],[8.69203,49.55562],[8.6984,49.54984],[8.70579,49.54797],[8.7042,49.53655],[8.71091,49.53247],[8.72049,49.53207],[8.72495,49.52616],[8.7353,49.52454],[8.73447,49.52162],[8.72588,49.52208],[8.72769,49.51905],[8.73578,49.51927],[8.74361,49.52276],[8.76646,49.51474],[8.76836,49.51534],[8.77072,49.51652],[8.77212,49.51798],[8.78332,49.51457],[8.79644,49.51325],[8.79836,49.51836],[8.80444,49.52292],[8.81121,49.52612],[8.82195,49.52383],[8.81924,49.52136],[8.82069,49.51464],[8.81884,49.50974],[8.81757,49.50639],[8.82126,49.50196],[8.83291,49.49327],[8.84688,49.50103],[8.85678,49.50123],[8.86016,49.50227],[8.8625,49.50322],[8.86775,49.50363],[8.87189,49.50415],[8.87758,49.50556],[8.88266,49.5061],[8.886,49.5058],[8.89243,49.50291],[8.89594,49.50265],[8.89957,49.50366],[8.8975,49.49778],[8.89892,49.48765],[8.89935,49.48455],[8.89194,49.48068],[8.88899,49.47512],[8.87777,49.46765],[8.86871,49.46525],[8.86337,49.4673],[8.86507,49.47542],[8.85946,49.4807],[8.85673,49.48175],[8.85193,49.48359],[8.84117,49.47605],[8.82796,49.4704],[8.82353,49.46268],[8.82873,49.46092],[8.82978,49.45903],[8.83241,49.45494],[8.83552,49.42921],[8.82903,49.42295],[8.8168,49.42296],[8.80814,49.4197],[8.80717,49.41167],[8.80149,49.41089],[8.80702,49.40626],[8.805,49.4033],[8.81763,49.39602],[8.82266,49.39613],[8.8284,49.40641],[8.83182,49.40775],[8.83792,49.40518],[8.84506,49.39723],[8.85076,49.39575],[8.85673,49.39887],[8.86203,49.40163],[8.87341,49.41255],[8.88258,49.41611],[8.89135,49.42038],[8.89446,49.42491],[8.90121,49.44274],[8.90611,49.44047],[8.91181,49.43783],[8.92561,49.44292],[8.92868,49.44917],[8.94118,49.45084],[8.94949,49.45521],[8.94645,49.45988],[8.93188,49.47064],[8.94213,49.48481],[8.95381,49.48257],[8.9517,49.48765],[8.95112,49.48906],[8.95698,49.4955],[8.95183,49.50563],[8.96292,49.50185],[8.96872,49.5018],[8.9764,49.50347],[8.97877,49.50847],[8.9836,49.50974],[8.98628,49.50974],[8.99033,49.5044],[9.00414,49.50414],[9.01212,49.50206],[9.01502,49.4983],[9.04127,49.49923],[9.04275,49.50629],[9.04632,49.50974],[9.04918,49.51252],[9.0513,49.51921],[9.05815,49.52374],[9.06511,49.52894],[9.07688,49.52542],[9.08343,49.52609],[9.09934,49.52546],[9.10708,49.51045],[9.11976,49.51286],[9.12533,49.51707],[9.12535,49.52216],[9.11415,49.5339],[9.08706,49.54285],[9.08819,49.54874],[9.07297,49.56467],[9.07387,49.57447],[9.07879,49.5734],[9.08301,49.56218],[9.09893,49.56055],[9.10301,49.57746],[9.10839,49.57866],[9.11999,49.57382],[9.15264,49.57939],[9.15903,49.57921],[9.16547,49.57607],[9.17264,49.57739],[9.1809,49.57441],[9.18529,49.57634],[9.19488,49.57455],[9.22441,49.57921],[9.2329,49.58103],[9.2387,49.58129],[9.24845,49.58516],[9.24721,49.59051],[9.24959,49.59331],[9.25904,49.59328],[9.26592,49.6072],[9.28429,49.61535],[9.27122,49.62653],[9.27394,49.63076],[9.27185,49.63423],[9.27782,49.63741],[9.28509,49.63662],[9.28745,49.63854],[9.28886,49.64105],[9.28985,49.64293],[9.29696,49.64636],[9.2993,49.64856],[9.30553,49.65095],[9.30408,49.65494],[9.30834,49.65429],[9.31054,49.65395],[9.3404,49.64459],[9.36636,49.65567],[9.38357,49.64283],[9.3924,49.64591],[9.4068,49.64633],[9.41869,49.65794],[9.41092,49.66351],[9.39874,49.67079],[9.40264,49.67498],[9.41205,49.67613],[9.40639,49.67958],[9.41539,49.68682],[9.41994,49.69049],[9.42127,49.69591],[9.41714,49.70275],[9.42031,49.70663],[9.41865,49.71109],[9.40793,49.72146],[9.4042,49.72022],[9.40107,49.72056],[9.4012,49.72483],[9.39996,49.72884],[9.3949,49.72917],[9.39271,49.72946],[9.3899,49.72983],[9.38565,49.73091],[9.38676,49.72841],[9.38501,49.72765],[9.38294,49.72682],[9.38016,49.72612],[9.38137,49.72516],[9.3826,49.72169],[9.38303,49.71925],[9.38217,49.71635],[9.38243,49.71155],[9.38314,49.70924],[9.38253,49.70746],[9.38058,49.70669],[9.37207,49.704],[9.36626,49.7036],[9.36355,49.70375],[9.36102,49.70398],[9.35741,49.70429],[9.35362,49.70764],[9.3517,49.7158],[9.34528,49.71774],[9.34993,49.72135],[9.36187,49.72348],[9.37288,49.72815],[9.36426,49.73116],[9.35182,49.73237],[9.33839,49.73413],[9.32266,49.73153],[9.31583,49.73476],[9.29825,49.73836],[9.29567,49.74053],[9.31589,49.74044],[9.32259,49.74369],[9.32186,49.75032],[9.3135,49.76172],[9.31638,49.76818],[9.34566,49.76846],[9.36002,49.77208],[9.37027,49.77838],[9.37753,49.77772],[9.39053,49.77051],[9.40627,49.77805],[9.42056,49.78836],[9.43302,49.78835],[9.44532,49.77403],[9.45527,49.77002],[9.46764,49.77343],[9.4715,49.77973],[9.47754,49.7857],[9.4826,49.78753],[9.49977,49.78874],[9.50718,49.78657],[9.51256,49.78152],[9.51023,49.77017],[9.51376,49.76464],[9.52199,49.76148],[9.5381,49.76734],[9.54632,49.76619],[9.55227,49.76018],[9.55526,49.74806],[9.56185,49.74496],[9.56668,49.74643],[9.56846,49.75071],[9.55863,49.76496],[9.5594,49.779],[9.574,49.7834],[9.5777,49.779],[9.58164,49.77847],[9.62254,49.78423],[9.64874,49.79148],[9.65093,49.78083]],[[8.6788,49.61711],[8.67974,49.62035],[8.68416,49.62028],[8.68427,49.622],[8.67718,49.62226],[8.67282,49.61947],[8.67188,49.6159],[8.6788,49.61711]],[[10.09102,47.84567],[10.0926,47.84328],[10.0946,47.84347],[10.09628,47.84687],[10.09488,47.84771],[10.09102,47.84567]],[[10.137,49.40285],[10.1432,49.4021],[10.1448,49.40357],[10.13823,49.40501],[10.137,49.40285]]],[[[8.70504,47.71252],[8.71175,47.6967],[8.7169,47.69449],[8.71772,47.69074],[8.70923,47.68969],[8.70159,47.69194],[8.68985,47.69494],[8.67046,47.68486],[8.66335,47.68589],[8.66054,47.69098],[8.66936,47.69299],[8.6759,47.69881],[8.67392,47.704],[8.66642,47.70811],[8.66494,47.7125],[8.67054,47.71128],[8.67893,47.71265],[8.6855,47.70897],[8.69742,47.71382],[8.70189,47.71457],[8.70504,47.71252]]],[[[8.68778,49.61042],[8.68635,49.60849],[8.67782,49.60901],[8.67778,49.61138],[8.67932,49.61185],[8.68437,49.61006],[8.68475,49.61302],[8.68687,49.61319],[8.68778,49.61042]]]]},"properties":{"code":"DE1","nom":"Baden-W\u00fcrttemberg","country":"DE"}},{"type":"Feature","geometry":{"type":"MultiPolygon","coordinates":[[[[11.62886,53.01055],[11.64485,53.00562],[11.67282,53.009],[11.67918,53.00663],[11.68173,53.00359],[11.68344,53.00157],[11.68295,52.98763],[11.68653,52.98198],[11.69453,52.97802],[11.70495,52.97868],[11.73063,52.9881],[11.74403,52.98844],[11.75651,52.98503],[11.76553,52.98033],[11.77957,52.96532],[11.78668,52.96105],[11.81076,52.95727],[11.81532,52.9572],[11.83037,52.95697],[11.83266,52.95655],[11.83646,52.95553],[11.84004,52.95453],[11.84206,52.95368],[11.84422,52.95268],[11.84603,52.9516],[11.84731,52.9506],[11.8483,52.94952],[11.84776,52.94111],[11.8262,52.92739],[11.82404,52.91742],[11.82709,52.91446],[11.8287,52.91289],[11.83726,52.90974],[11.87254,52.90859],[11.89399,52.89445],[11.92368,52.89167],[11.94618,52.88861],[11.95944,52.87993],[11.98321,52.87675],[11.99183,52.8812],[12.00466,52.88218],[12.0064,52.88527],[12.00762,52.88721],[12.02358,52.8898],[12.04219,52.88862],[12.04815,52.88591],[12.05604,52.88872],[12.06577,52.88636],[12.06756,52.88407],[12.07635,52.88593],[12.08305,52.87683],[12.09938,52.87753],[12.11137,52.87613],[12.12458,52.89299],[12.12742,52.89255],[12.12681,52.8902],[12.12271,52.88579],[12.12134,52.87867],[12.13051,52.86588],[12.1292,52.85607],[12.16931,52.86439],[12.19342,52.8757],[12.20971,52.86453],[12.21815,52.86435],[12.21971,52.86238],[12.22598,52.86196],[12.23087,52.85917],[12.24389,52.82248],[12.25418,52.80748],[12.2492,52.79186],[12.24259,52.78758],[12.22974,52.78977],[12.22186,52.78914],[12.22243,52.77656],[12.21413,52.77265],[12.21223,52.76532],[12.20703,52.75995],[12.20988,52.75392],[12.21895,52.74989],[12.22152,52.73964],[12.20129,52.729],[12.20469,52.72693],[12.20335,52.72476],[12.19831,52.71845],[12.20855,52.71788],[12.20935,52.7159],[12.20544,52.71259],[12.21815,52.70612],[12.22243,52.70394],[12.21815,52.69963],[12.21815,52.69599],[12.22279,52.68896],[12.23226,52.68874],[12.22764,52.68318],[12.2348,52.68002],[12.2393,52.66582],[12.23561,52.66462],[12.23318,52.65289],[12.23724,52.64316],[12.23101,52.63806],[12.23114,52.63062],[12.23681,52.62987],[12.21815,52.62594],[12.21092,52.62442],[12.20192,52.61893],[12.17189,52.62578],[12.16928,52.61811],[12.1733,52.61597],[12.1704,52.60895],[12.1759,52.60575],[12.17322,52.59747],[12.17381,52.58104],[12.17994,52.57473],[12.15922,52.56062],[12.15067,52.54255],[12.14413,52.53677],[12.14382,52.53099],[12.14604,52.52927],[12.15293,52.52953],[12.15877,52.53405],[12.17258,52.53829],[12.17948,52.53424],[12.18751,52.53242],[12.18507,52.52714],[12.16818,52.51516],[12.17155,52.50634],[12.18541,52.49719],[12.20296,52.49828],[12.21243,52.50213],[12.21815,52.50147],[12.22052,52.5012],[12.22623,52.50539],[12.22525,52.51083],[12.23253,52.52139],[12.23752,52.52287],[12.25707,52.51711],[12.26013,52.50579],[12.26692,52.5002],[12.26459,52.49566],[12.27309,52.48804],[12.27848,52.48793],[12.29736,52.49508],[12.31036,52.49148],[12.32268,52.49551],[12.32847,52.49562],[12.32699,52.49237],[12.31448,52.48967],[12.30974,52.48489],[12.30957,52.4799],[12.31443,52.4765],[12.32829,52.47682],[12.32439,52.4651],[12.31645,52.46014],[12.31718,52.4541],[12.31435,52.45214],[12.30738,52.45169],[12.30468,52.44987],[12.30403,52.44627],[12.30738,52.445],[12.30738,52.44389],[12.30304,52.4399],[12.30181,52.43441],[12.29313,52.43173],[12.29038,52.4299],[12.29353,52.4268],[12.29592,52.42447],[12.27606,52.4165],[12.27476,52.4138],[12.27738,52.41139],[12.28927,52.40825],[12.29971,52.40824],[12.30165,52.39543],[12.29534,52.39194],[12.29232,52.38582],[12.29542,52.38131],[12.30561,52.37849],[12.3013,52.37239],[12.28792,52.36905],[12.28495,52.36502],[12.30717,52.34403],[12.30054,52.33608],[12.29091,52.32452],[12.28143,52.31807],[12.27298,52.30477],[12.26374,52.29584],[12.25215,52.27494],[12.251,52.26597],[12.25385,52.26132],[12.24551,52.24964],[12.26002,52.24567],[12.25801,52.24315],[12.26922,52.24195],[12.27397,52.23701],[12.26304,52.23584],[12.26421,52.23427],[12.28328,52.23427],[12.28761,52.23018],[12.29096,52.22994],[12.29614,52.22869],[12.2958,52.22639],[12.28774,52.22443],[12.27817,52.21718],[12.26812,52.21482],[12.25967,52.21596],[12.24808,52.21037],[12.2463,52.20742],[12.2529,52.20473],[12.24266,52.1956],[12.24447,52.19109],[12.24696,52.18402],[12.2412,52.18245],[12.22822,52.18512],[12.22542,52.18127],[12.21734,52.17016],[12.22137,52.16635],[12.23311,52.16263],[12.23191,52.15512],[12.24263,52.14146],[12.25655,52.13465],[12.26466,52.13085],[12.2713,52.11173],[12.27672,52.10402],[12.29099,52.10161],[12.30014,52.09649],[12.30738,52.09489],[12.31795,52.09061],[12.32964,52.06921],[12.34806,52.05899],[12.35463,52.05169],[12.35815,52.04778],[12.37612,52.04512],[12.38976,52.04302],[12.40823,52.02987],[12.41976,52.02629],[12.42647,52.02009],[12.43593,52.01717],[12.44995,52.01694],[12.45309,52.02562],[12.46153,52.03446],[12.4788,52.03352],[12.48447,52.01814],[12.49761,52.00977],[12.53395,52.00323],[12.53534,52.0011],[12.53852,51.99594],[12.53962,51.99255],[12.54084,51.98817],[12.53896,51.98646],[12.53939,51.98489],[12.54825,51.98422],[12.55621,51.98423],[12.56071,51.98361],[12.5633,51.98351],[12.5659,51.98362],[12.57324,51.9833],[12.58183,51.98298],[12.59117,51.9819],[12.59584,51.98182],[12.60302,51.98109],[12.61416,51.98254],[12.61613,51.99186],[12.6382,51.9941],[12.64391,51.99468],[12.64849,52.00759],[12.65486,52.01218],[12.67089,52.01224],[12.68262,52.00331],[12.68446,52.00306],[12.69065,52.00286],[12.69515,52.00306],[12.69792,52.00298],[12.70009,52.00265],[12.71047,52.00004],[12.71334,51.99648],[12.72978,51.98915],[12.75254,51.98703],[12.76116,51.98143],[12.76978,51.97927],[12.77626,51.97609],[12.77602,51.96512],[12.79267,51.96249],[12.81,51.96256],[12.84333,51.96733],[12.85068,51.95669],[12.85273,51.93501],[12.85904,51.9347],[12.86266,51.93485],[12.87403,51.93397],[12.88296,51.93419],[12.88817,51.93477],[12.88962,51.93066],[12.89042,51.92838],[12.89606,51.92841],[12.90669,51.93066],[12.91677,51.93309],[12.92067,51.93927],[12.95893,51.93483],[12.95929,51.93066],[12.95722,51.92281],[12.97607,51.91913],[12.97336,51.90153],[12.98944,51.90419],[13.01078,51.90268],[13.02074,51.89834],[13.02402,51.90279],[13.04182,51.90037],[13.04518,51.89991],[13.04787,51.89246],[13.04182,51.89126],[13.03853,51.89061],[13.03851,51.88173],[13.02954,51.8799],[13.03879,51.87137],[13.04182,51.87112],[13.07943,51.868],[13.08501,51.87402],[13.09629,51.87306],[13.1124,51.87506],[13.11836,51.87765],[13.11988,51.88243],[13.13093,51.88234],[13.13286,51.87995],[13.13855,51.87894],[13.14285,51.87296],[13.1496,51.87153],[13.15091,51.85961],[13.12382,51.85636],[13.12708,51.84633],[13.14204,51.82756],[13.1407,51.8226],[13.14856,51.81967],[13.16202,51.80334],[13.16194,51.79294],[13.15905,51.7888],[13.16955,51.78613],[13.16801,51.78325],[13.16026,51.78309],[13.16011,51.77582],[13.14878,51.7676],[13.15457,51.76452],[13.14984,51.75932],[13.1569,51.75673],[13.16052,51.75482],[13.16329,51.75494],[13.16275,51.75205],[13.15604,51.74711],[13.15609,51.7429],[13.16462,51.74061],[13.16877,51.73558],[13.17862,51.731],[13.18555,51.7175],[13.16905,51.71779],[13.16872,51.71035],[13.16116,51.712],[13.15631,51.71068],[13.16058,51.6985],[13.16014,51.69094],[13.14976,51.68495],[13.05102,51.64768],[13.04182,51.64438],[13.02382,51.63795],[13.0181,51.64468],[13.02002,51.65405],[13.01412,51.66277],[13.0114,51.66406],[13.00545,51.66255],[13.0015,51.66684],[12.99598,51.66883],[12.98452,51.66882],[12.97773,51.66733],[12.97984,51.66364],[12.96782,51.66422],[12.9714,51.65104],[12.95087,51.64946],[12.95148,51.64396],[12.94216,51.63801],[12.93634,51.64498],[12.92793,51.6494],[12.91706,51.64871],[12.91363,51.64477],[12.90151,51.64618],[12.8912,51.65405],[12.89519,51.66187],[12.89179,51.66581],[12.88805,51.66629],[12.87907,51.65918],[12.86779,51.65619],[12.86453,51.65968],[12.86542,51.66369],[12.8611,51.6657],[12.86154,51.67348],[12.85774,51.67294],[12.85686,51.67807],[12.84425,51.6842],[12.8301,51.68166],[12.83063,51.67621],[12.80624,51.66707],[12.79149,51.66474],[12.78151,51.65348],[12.77079,51.64733],[12.75073,51.65016],[12.73801,51.65578],[12.71314,51.66171],[12.68743,51.66187],[12.67956,51.65647],[12.67617,51.6492],[12.66727,51.64238],[12.66476,51.63116],[12.65756,51.62972],[12.65008,51.6253],[12.64783,51.62059],[12.6382,51.61815],[12.60833,51.6106],[12.61254,51.61427],[12.62185,51.61687],[12.62796,51.62463],[12.62523,51.62726],[12.62098,51.62742],[12.60535,51.6262],[12.5938,51.61853],[12.59071,51.62198],[12.58026,51.62607],[12.57478,51.61636],[12.56356,51.61391],[12.55926,51.60891],[12.54306,51.60722],[12.54363,51.60376],[12.54066,51.60264],[12.53407,51.60576],[12.52467,51.60634],[12.50734,51.6078],[12.50301,51.60469],[12.49753,51.60418],[12.49619,51.59704],[12.48993,51.5976],[12.48202,51.59354],[12.47813,51.59608],[12.48646,51.60129],[12.48551,51.60414],[12.4728,51.60509],[12.46015,51.60358],[12.44428,51.60955],[12.4387,51.60576],[12.43384,51.60513],[12.43735,51.60222],[12.43657,51.59985],[12.42726,51.59829],[12.42453,51.58258],[12.41097,51.58227],[12.39178,51.58776],[12.38802,51.5858],[12.37204,51.58681],[12.36768,51.58309],[12.35463,51.58556],[12.34837,51.58665],[12.34803,51.584],[12.34129,51.58502],[12.33786,51.58607],[12.34259,51.58256],[12.34124,51.58044],[12.32126,51.5779],[12.31301,51.56882],[12.29722,51.56597],[12.29002,51.5608],[12.25099,51.55968],[12.24663,51.56563],[12.24161,51.56585],[12.23365,51.56069],[12.23589,51.55432],[12.23076,51.5523],[12.23061,51.54784],[12.22068,51.54666],[12.22054,51.54425],[12.21115,51.54187],[12.20648,51.53565],[12.19894,51.53132],[12.19307,51.53026],[12.19118,51.52218],[12.1938,51.51027],[12.19155,51.5074],[12.19866,51.50286],[12.20786,51.50139],[12.20635,51.49254],[12.20166,51.48977],[12.20224,51.48557],[12.17701,51.48217],[12.17463,51.46934],[12.14974,51.46284],[12.14867,51.45949],[12.1578,51.45088],[12.15792,51.44672],[12.15476,51.44527],[12.15742,51.44317],[12.15784,51.4331],[12.16779,51.43076],[12.1721,51.43381],[12.18138,51.43234],[12.18594,51.4217],[12.18982,51.42085],[12.18668,51.41444],[12.18261,51.41435],[12.1832,51.41077],[12.18,51.41045],[12.17353,51.41026],[12.17701,51.40519],[12.17535,51.39916],[12.17787,51.39046],[12.18395,51.38803],[12.17349,51.38446],[12.17702,51.37738],[12.18719,51.37657],[12.18416,51.37094],[12.18925,51.36896],[12.18773,51.36423],[12.19447,51.35795],[12.191,51.34996],[12.19354,51.33252],[12.19155,51.32985],[12.16838,51.32703],[12.16354,51.32098],[12.14881,51.31983],[12.15671,51.3045],[12.15567,51.30048],[12.15794,51.29285],[12.16879,51.29278],[12.17176,51.28469],[12.1709,51.27551],[12.16634,51.26694],[12.17291,51.26562],[12.17458,51.25866],[12.18909,51.25694],[12.19356,51.24099],[12.19949,51.23842],[12.19274,51.23564],[12.1977,51.21809],[12.20429,51.21471],[12.19041,51.20437],[12.19094,51.19596],[12.18668,51.1942],[12.18598,51.19144],[12.18071,51.18987],[12.17418,51.18952],[12.17555,51.18193],[12.19237,51.18516],[12.21251,51.18288],[12.20958,51.17658],[12.21149,51.17325],[12.20544,51.17003],[12.20226,51.16311],[12.19728,51.1588],[12.19619,51.14191],[12.23021,51.13613],[12.24128,51.12978],[12.23698,51.12493],[12.22852,51.12062],[12.22411,51.12302],[12.22112,51.12253],[12.22453,51.11816],[12.22252,51.10965],[12.23171,51.10355],[12.25407,51.09763],[12.26432,51.09995],[12.2773,51.09904],[12.28355,51.09192],[12.28713,51.08784],[12.28088,51.08332],[12.27264,51.07589],[12.26666,51.0771],[12.26782,51.07151],[12.25918,51.0658],[12.26151,51.05026],[12.25707,51.04886],[12.25553,51.04539],[12.25046,51.04447],[12.25098,51.04167],[12.2527,51.03826],[12.26377,51.03767],[12.27684,51.04054],[12.28656,51.03717],[12.28937,51.03148],[12.29341,51.03012],[12.29236,51.02033],[12.28827,51.01582],[12.28819,51.01464],[12.28334,51.01164],[12.28327,51.00713],[12.27789,51.0058],[12.26453,50.99122],[12.24553,50.98082],[12.23865,50.97309],[12.23347,50.96155],[12.24167,50.96151],[12.23886,50.95208],[12.22417,50.94293],[12.21442,50.93807],[12.2118,50.94935],[12.2149,50.9538],[12.21317,50.95824],[12.19862,50.95695],[12.18247,50.9752],[12.17038,50.97087],[12.16367,50.96625],[12.16353,50.9586],[12.15843,50.96269],[12.15236,50.96384],[12.13387,50.96118],[12.13357,50.96488],[12.09133,50.97626],[12.07632,50.97468],[12.05511,50.96886],[12.03784,50.9727],[12.02102,50.96912],[12.01114,50.97097],[12.01126,50.97435],[12.01694,50.9784],[12.01358,50.98339],[12.00797,50.98507],[12.00661,50.99031],[12.00004,50.98923],[11.99535,50.99279],[11.99183,50.99238],[11.97424,50.99032],[11.96887,50.99782],[11.97707,51.00199],[11.97556,51.00922],[11.97904,51.01384],[11.97677,51.01668],[11.97502,51.01726],[11.96851,51.01825],[11.95851,51.02142],[11.94712,51.02912],[11.94254,51.03183],[11.92763,51.02757],[11.91796,51.02666],[11.91091,51.02955],[11.91401,51.03181],[11.9145,51.03787],[11.9099,51.04479],[11.89711,51.04546],[11.89539,51.0508],[11.8886,51.05539],[11.87551,51.05773],[11.86413,51.05194],[11.85958,51.05418],[11.84998,51.05257],[11.83252,51.05189],[11.81532,51.0491],[11.80555,51.04752],[11.78502,51.05261],[11.77629,51.05298],[11.77136,51.04989],[11.77118,51.04527],[11.76505,51.04373],[11.75969,51.04286],[11.75906,51.04525],[11.75975,51.04778],[11.75477,51.04869],[11.75211,51.04862],[11.74613,51.05329],[11.75208,51.05666],[11.75076,51.05883],[11.73747,51.06341],[11.73203,51.06795],[11.72422,51.06825],[11.71988,51.07074],[11.70906,51.06848],[11.70241,51.06933],[11.7004,51.07918],[11.69834,51.0834],[11.70055,51.08566],[11.69694,51.08749],[11.69145,51.0998],[11.68723,51.09926],[11.68173,51.10085],[11.6716,51.10377],[11.66645,51.11034],[11.65158,51.10934],[11.64905,51.10792],[11.64708,51.1073],[11.6374,51.10978],[11.61939,51.10031],[11.61742,51.10586],[11.60167,51.11387],[11.57137,51.11902],[11.55768,51.10942],[11.55422,51.11156],[11.54857,51.11146],[11.54438,51.10279],[11.51321,51.10744],[11.51008,51.10355],[11.50221,51.10249],[11.48689,51.10265],[11.48461,51.10544],[11.48302,51.10774],[11.47428,51.10863],[11.46482,51.11241],[11.46384,51.11842],[11.46543,51.12581],[11.46259,51.12687],[11.46284,51.12929],[11.45955,51.13114],[11.45193,51.14617],[11.47188,51.1488],[11.47851,51.15773],[11.4735,51.16147],[11.47516,51.16488],[11.4841,51.16587],[11.48555,51.16802],[11.47082,51.16984],[11.47094,51.17267],[11.47198,51.17435],[11.4714,51.17687],[11.47011,51.18031],[11.46852,51.19216],[11.45726,51.19493],[11.4524,51.19248],[11.4437,51.20877],[11.42892,51.21227],[11.40649,51.2073],[11.40586,51.20313],[11.39978,51.20605],[11.39272,51.20387],[11.38895,51.20866],[11.38988,51.21703],[11.37409,51.21992],[11.36576,51.22179],[11.36897,51.22957],[11.37573,51.23368],[11.37762,51.23982],[11.38537,51.24589],[11.39942,51.24274],[11.39852,51.23737],[11.40157,51.23627],[11.41193,51.24095],[11.41885,51.24608],[11.42394,51.25396],[11.42993,51.2556],[11.43716,51.26163],[11.44075,51.27218],[11.44737,51.27182],[11.45437,51.27613],[11.45233,51.27999],[11.45936,51.29304],[11.46753,51.28901],[11.47397,51.29506],[11.47267,51.30013],[11.46718,51.30448],[11.44704,51.31357],[11.44538,51.31681],[11.43591,51.31965],[11.42753,51.32524],[11.4259,51.32902],[11.4149,51.33312],[11.42608,51.33669],[11.42887,51.33981],[11.42741,51.34248],[11.41204,51.34249],[11.41146,51.34109],[11.40888,51.34023],[11.40618,51.34082],[11.40577,51.3422],[11.40406,51.34259],[11.40248,51.34374],[11.39944,51.34484],[11.40098,51.34944],[11.3973,51.35004],[11.39363,51.35441],[11.39311,51.3595],[11.39042,51.36668],[11.39095,51.37136],[11.39601,51.37378],[11.39737,51.37727],[11.39228,51.38371],[11.37986,51.3867],[11.37369,51.38562],[11.36826,51.38709],[11.36276,51.38318],[11.35639,51.3892],[11.3499,51.38769],[11.34725,51.38456],[11.33987,51.39167],[11.33127,51.39071],[11.32862,51.4004],[11.32126,51.41037],[11.30873,51.40621],[11.30078,51.40492],[11.28677,51.40264],[11.27608,51.4043],[11.27404,51.40075],[11.25277,51.40065],[11.24851,51.39513],[11.24412,51.39695],[11.24603,51.39847],[11.24723,51.40074],[11.2479,51.40294],[11.2479,51.40542],[11.2383,51.40525],[11.23296,51.40546],[11.23017,51.40574],[11.23091,51.40833],[11.22827,51.40897],[11.22743,51.41092],[11.22541,51.41213],[11.22388,51.41319],[11.21161,51.41204],[11.20882,51.40749],[11.20096,51.40615],[11.19709,51.40729],[11.18802,51.40288],[11.18172,51.40582],[11.17193,51.40624],[11.17179,51.40482],[11.16833,51.40418],[11.16546,51.40398],[11.16259,51.40337],[11.15376,51.40217],[11.13273,51.40522],[11.13068,51.40789],[11.12745,51.40811],[11.12722,51.41263],[11.12244,51.41279],[11.11716,51.41211],[11.11489,51.41527],[11.0692,51.42848],[11.05385,51.42904],[11.04755,51.42598],[11.04711,51.42235],[11.03869,51.42373],[11.01818,51.41745],[11.00814,51.41696],[10.99385,51.41852],[11.00034,51.42273],[11.00852,51.42485],[11.0069,51.4282],[10.98884,51.42619],[10.97811,51.42688],[10.97864,51.43051],[10.97968,51.43192],[10.96767,51.43273],[10.9687,51.4426],[10.96792,51.44672],[10.97228,51.45276],[10.96891,51.45504],[10.96866,51.45884],[10.96299,51.46039],[10.96407,51.46313],[10.96119,51.46315],[10.96326,51.46645],[10.96331,51.46907],[10.96227,51.47028],[10.96082,51.47122],[10.9623,51.4735],[10.96608,51.47615],[10.96688,51.47794],[10.96805,51.47894],[10.97043,51.48138],[10.97259,51.48172],[10.95219,51.49696],[10.95307,51.49828],[10.94915,51.50113],[10.94663,51.49901],[10.93972,51.50073],[10.94503,51.50626],[10.93654,51.5117],[10.93348,51.51866],[10.9282,51.52134],[10.93263,51.52248],[10.93599,51.53344],[10.94058,51.53526],[10.94733,51.53407],[10.9477,51.53668],[10.93995,51.5416],[10.91764,51.54729],[10.91252,51.55031],[10.91036,51.55494],[10.90353,51.55014],[10.89672,51.55395],[10.89891,51.56448],[10.89171,51.57638],[10.8832,51.58126],[10.88979,51.59614],[10.89509,51.59963],[10.90263,51.59478],[10.92896,51.59224],[10.9362,51.60123],[10.93325,51.60521],[10.91679,51.61063],[10.91925,51.61578],[10.91606,51.61637],[10.91252,51.61522],[10.9102,51.61446],[10.90329,51.6124],[10.90152,51.61187],[10.89593,51.61194],[10.894,51.61066],[10.88755,51.6122],[10.85885,51.63246],[10.83512,51.63074],[10.82262,51.62407],[10.8216,51.63313],[10.81667,51.63897],[10.78576,51.64201],[10.77173,51.64485],[10.76455,51.64845],[10.75643,51.64477],[10.75612,51.64175],[10.74852,51.64109],[10.73315,51.64468],[10.71012,51.64129],[10.70137,51.64219],[10.69392,51.64471],[10.68588,51.65436],[10.6824,51.6606],[10.67055,51.66761],[10.66617,51.68367],[10.66415,51.69146],[10.67215,51.69795],[10.66856,51.70854],[10.65995,51.71588],[10.65078,51.7181],[10.64314,51.72527],[10.6415,51.73143],[10.63309,51.73734],[10.63138,51.7501],[10.62721,51.75793],[10.59825,51.76593],[10.59183,51.76898],[10.58132,51.78078],[10.58484,51.78755],[10.58382,51.79786],[10.57491,51.8113],[10.57931,51.82853],[10.58816,51.83478],[10.58567,51.83914],[10.57697,51.84299],[10.58373,51.85219],[10.60202,51.8547],[10.61664,51.86916],[10.63119,51.87203],[10.63534,51.87662],[10.64938,51.88964],[10.65006,51.9023],[10.6477,51.90832],[10.63883,51.91519],[10.62763,51.91833],[10.61429,51.92168],[10.61625,51.93066],[10.61356,51.93849],[10.62304,51.94738],[10.64329,51.95293],[10.65042,51.95724],[10.64348,51.96162],[10.62064,51.95824],[10.61898,51.96638],[10.60703,51.96908],[10.60548,51.97692],[10.59498,51.97507],[10.58677,51.97608],[10.58563,51.98357],[10.56123,52.00407],[10.57352,52.00654],[10.57427,52.01028],[10.58977,52.01135],[10.59382,52.0141],[10.60189,52.00754],[10.61138,52.00951],[10.6225,52.00844],[10.62394,52.01122],[10.63533,52.01372],[10.64209,52.02222],[10.65345,52.02429],[10.65603,52.02633],[10.65576,52.03057],[10.65136,52.03399],[10.64789,52.04172],[10.67228,52.04502],[10.70179,52.0497],[10.72211,52.04966],[10.74407,52.04879],[10.75492,52.04824],[10.76171,52.04587],[10.77676,52.04996],[10.80149,52.048],[10.8305,52.04796],[10.84148,52.05025],[10.85807,52.05192],[10.87336,52.05832],[10.94789,52.05867],[10.96441,52.05664],[10.97269,52.07386],[10.97023,52.08579],[10.96758,52.08786],[10.95863,52.08828],[10.94297,52.09409],[10.94216,52.10309],[10.96348,52.10683],[10.97721,52.1063],[11.01002,52.12073],[11.0175,52.12794],[11.02791,52.13033],[11.0445,52.13457],[11.04565,52.14361],[11.05152,52.14859],[11.05949,52.15362],[11.05542,52.16022],[11.06119,52.16578],[11.06034,52.17239],[11.03633,52.17193],[11.02031,52.17816],[11.01665,52.18127],[11.01389,52.18361],[11.01365,52.19956],[11.01835,52.19877],[11.02327,52.20081],[11.02188,52.20452],[11.02621,52.21006],[11.03777,52.21114],[11.04488,52.21506],[11.07719,52.21868],[11.07752,52.21996],[11.07886,52.22465],[11.08624,52.22863],[11.07438,52.24229],[11.05965,52.24124],[11.05303,52.25317],[11.05631,52.25873],[11.05113,52.2628],[11.05062,52.26438],[11.05027,52.266],[11.05217,52.26736],[11.04294,52.27201],[11.03938,52.27212],[11.03617,52.27227],[11.02907,52.27012],[11.01251,52.29132],[11.03647,52.30075],[11.03655,52.30757],[11.0123,52.32679],[11.00211,52.32867],[11.00351,52.33244],[11.00074,52.33608],[10.99222,52.33666],[10.99071,52.33608],[10.98735,52.33608],[10.98644,52.3378],[10.98367,52.34169],[11.01911,52.34661],[11.03485,52.34498],[11.0448,52.34877],[11.05509,52.35013],[11.06085,52.35486],[11.06817,52.35686],[11.06781,52.3686],[11.07291,52.37294],[11.06528,52.37477],[11.06061,52.37996],[11.04648,52.3872],[11.0363,52.3863],[11.02383,52.39139],[11.01752,52.39025],[11.01642,52.39858],[11.00517,52.40846],[10.99842,52.41136],[10.9926,52.41352],[10.99345,52.41562],[10.98845,52.42089],[10.97917,52.4265],[10.96261,52.43474],[10.95623,52.44445],[10.94928,52.44873],[10.94699,52.45413],[10.93468,52.46078],[10.93454,52.47179],[10.93528,52.47602],[10.94188,52.47871],[10.94415,52.49219],[10.94999,52.49561],[10.95919,52.49745],[10.97448,52.50086],[10.98298,52.49708],[11.00878,52.49675],[10.96263,52.53349],[10.95787,52.53689],[10.95291,52.54269],[10.94329,52.55467],[10.93803,52.56728],[10.94158,52.57906],[10.94636,52.58281],[10.94069,52.5887],[10.95283,52.59313],[10.96078,52.6003],[10.9742,52.60563],[10.97697,52.62414],[10.96858,52.6263],[10.94687,52.62064],[10.94242,52.61495],[10.92525,52.60973],[10.9224,52.61072],[10.9238,52.61469],[10.91587,52.61784],[10.91246,52.62421],[10.90407,52.62824],[10.90295,52.63283],[10.89604,52.64321],[10.87929,52.65635],[10.87701,52.66395],[10.85962,52.67509],[10.83425,52.70017],[10.83356,52.70356],[10.83536,52.70805],[10.82639,52.71724],[10.80237,52.71394],[10.79694,52.71482],[10.79309,52.72933],[10.78862,52.73353],[10.79051,52.74972],[10.78745,52.75264],[10.77655,52.75537],[10.77476,52.76301],[10.75799,52.7815],[10.75564,52.78671],[10.75931,52.79583],[10.76064,52.80631],[10.75745,52.81916],[10.76459,52.82417],[10.76505,52.83035],[10.77079,52.83413],[10.76569,52.83981],[10.76669,52.84219],[10.79503,52.8438],[10.8017,52.84986],[10.8338,52.8476],[10.84156,52.8522],[10.85851,52.85183],[10.86779,52.85536],[10.87331,52.85292],[10.87708,52.84803],[10.8883,52.84591],[10.89249,52.84781],[10.89615,52.85574],[10.9065,52.85531],[10.9297,52.85352],[10.94077,52.85429],[10.96915,52.87802],[10.9795,52.87873],[10.98498,52.88184],[10.98961,52.888],[10.98943,52.89865],[10.99257,52.90646],[11.00147,52.91123],[11.01308,52.90989],[11.04049,52.91313],[11.06649,52.90968],[11.07764,52.91268],[11.09118,52.91296],[11.09782,52.91219],[11.09415,52.89938],[11.10759,52.89616],[11.13761,52.89816],[11.15366,52.90186],[11.15628,52.90605],[11.1828,52.9013],[11.21815,52.89792],[11.22052,52.89253],[11.23063,52.89135],[11.23613,52.8877],[11.2386,52.88047],[11.24224,52.8791],[11.25606,52.87982],[11.26738,52.88041],[11.27607,52.88693],[11.28654,52.88842],[11.29425,52.88618],[11.29586,52.87548],[11.30078,52.87622],[11.31425,52.87824],[11.33935,52.8884],[11.35451,52.89048],[11.37514,52.9001],[11.40786,52.90482],[11.42002,52.91446],[11.42621,52.91936],[11.43301,52.92022],[11.43875,52.92406],[11.44512,52.92799],[11.45444,52.9334],[11.46267,52.93587],[11.46568,52.93721],[11.47006,52.93893],[11.47915,52.93965],[11.48208,52.93969],[11.49176,52.94163],[11.49861,52.94132],[11.50503,52.94103],[11.49283,52.95941],[11.49865,52.97586],[11.50666,52.99971],[11.51249,53.00744],[11.52618,53.00786],[11.54295,52.99971],[11.55642,52.99867],[11.55946,53.00345],[11.55302,53.00539],[11.55836,53.01191],[11.5946,53.03185],[11.59778,53.03593],[11.61491,53.04052],[11.62961,53.04171],[11.63897,53.03865],[11.64161,53.03449],[11.62605,53.01995],[11.62549,53.01467],[11.62886,53.01055]],[[12.27069,52.22982],[12.27354,52.22884],[12.27503,52.23103],[12.26463,52.23167],[12.26589,52.22995],[12.27069,52.22982]],[[12.27886,52.22986],[12.27517,52.22826],[12.28285,52.22695],[12.28372,52.22821],[12.27886,52.22986]]],[[[11.44763,51.19614],[11.44491,51.19512],[11.44397,51.19734],[11.43937,51.19767],[11.43906,51.19993],[11.44684,51.19898],[11.44763,51.19614]]]]},"properties":{"code":"DEE","nom":"Sachsen-Anhalt","country":"DE"}},{"type":"Feature","geometry":{"type":"MultiPolygon","coordinates":[[[[10.78576,51.64201],[10.81667,51.63897],[10.8216,51.63313],[10.82262,51.62407],[10.83512,51.63074],[10.85885,51.63246],[10.88755,51.6122],[10.894,51.61066],[10.89593,51.61194],[10.90152,51.61187],[10.90329,51.6124],[10.9102,51.61446],[10.91252,51.61522],[10.91606,51.61637],[10.91925,51.61578],[10.91679,51.61063],[10.93325,51.60521],[10.9362,51.60123],[10.92896,51.59224],[10.90263,51.59478],[10.89509,51.59963],[10.88979,51.59614],[10.8832,51.58126],[10.89171,51.57638],[10.89891,51.56448],[10.89672,51.55395],[10.90353,51.55014],[10.91036,51.55494],[10.91252,51.55031],[10.91764,51.54729],[10.93995,51.5416],[10.9477,51.53668],[10.94733,51.53407],[10.94058,51.53526],[10.93599,51.53344],[10.93263,51.52248],[10.9282,51.52134],[10.93348,51.51866],[10.93654,51.5117],[10.94503,51.50626],[10.93972,51.50073],[10.94663,51.49901],[10.94915,51.50113],[10.95307,51.49828],[10.95219,51.49696],[10.97259,51.48172],[10.97043,51.48138],[10.96805,51.47894],[10.96688,51.47794],[10.96608,51.47615],[10.9623,51.4735],[10.96082,51.47122],[10.96227,51.47028],[10.96331,51.46907],[10.96326,51.46645],[10.96119,51.46315],[10.96407,51.46313],[10.96299,51.46039],[10.96866,51.45884],[10.96891,51.45504],[10.97228,51.45276],[10.96792,51.44672],[10.9687,51.4426],[10.96767,51.43273],[10.97968,51.43192],[10.97864,51.43051],[10.97811,51.42688],[10.98884,51.42619],[11.0069,51.4282],[11.00852,51.42485],[11.00034,51.42273],[10.99385,51.41852],[11.00814,51.41696],[11.01818,51.41745],[11.03869,51.42373],[11.04711,51.42235],[11.04755,51.42598],[11.05385,51.42904],[11.0692,51.42848],[11.11489,51.41527],[11.11716,51.41211],[11.12244,51.41279],[11.12722,51.41263],[11.12745,51.40811],[11.13068,51.40789],[11.13273,51.40522],[11.15376,51.40217],[11.16259,51.40337],[11.16546,51.40398],[11.16833,51.40418],[11.17179,51.40482],[11.17193,51.40624],[11.18172,51.40582],[11.18802,51.40288],[11.19709,51.40729],[11.20096,51.40615],[11.20882,51.40749],[11.21161,51.41204],[11.22388,51.41319],[11.22541,51.41213],[11.22743,51.41092],[11.22827,51.40897],[11.23091,51.40833],[11.23017,51.40574],[11.23296,51.40546],[11.2383,51.40525],[11.2479,51.40542],[11.2479,51.40294],[11.24723,51.40074],[11.24603,51.39847],[11.24412,51.39695],[11.24851,51.39513],[11.25277,51.40065],[11.27404,51.40075],[11.27608,51.4043],[11.28677,51.40264],[11.30078,51.40492],[11.30873,51.40621],[11.32126,51.41037],[11.32862,51.4004],[11.33127,51.39071],[11.33987,51.39167],[11.34725,51.38456],[11.3499,51.38769],[11.35639,51.3892],[11.36276,51.38318],[11.36826,51.38709],[11.37369,51.38562],[11.37986,51.3867],[11.39228,51.38371],[11.39737,51.37727],[11.39601,51.37378],[11.39095,51.37136],[11.39042,51.36668],[11.39311,51.3595],[11.39363,51.35441],[11.3973,51.35004],[11.40098,51.34944],[11.39944,51.34484],[11.40248,51.34374],[11.40406,51.34259],[11.40577,51.3422],[11.40618,51.34082],[11.40888,51.34023],[11.41146,51.34109],[11.41204,51.34249],[11.42741,51.34248],[11.42887,51.33981],[11.42608,51.33669],[11.4149,51.33312],[11.4259,51.32902],[11.42753,51.32524],[11.43591,51.31965],[11.44538,51.31681],[11.44704,51.31357],[11.46718,51.30448],[11.47267,51.30013],[11.47397,51.29506],[11.46753,51.28901],[11.45936,51.29304],[11.45233,51.27999],[11.45437,51.27613],[11.44737,51.27182],[11.44075,51.27218],[11.43716,51.26163],[11.42993,51.2556],[11.42394,51.25396],[11.41885,51.24608],[11.41193,51.24095],[11.40157,51.23627],[11.39852,51.23737],[11.39942,51.24274],[11.38537,51.24589],[11.37762,51.23982],[11.37573,51.23368],[11.36897,51.22957],[11.36576,51.22179],[11.37409,51.21992],[11.38988,51.21703],[11.38895,51.20866],[11.39272,51.20387],[11.39978,51.20605],[11.40586,51.20313],[11.40649,51.2073],[11.42892,51.21227],[11.4437,51.20877],[11.4524,51.19248],[11.45726,51.19493],[11.46852,51.19216],[11.47011,51.18031],[11.4714,51.17687],[11.47198,51.17435],[11.47094,51.17267],[11.47082,51.16984],[11.48555,51.16802],[11.4841,51.16587],[11.47516,51.16488],[11.4735,51.16147],[11.47851,51.15773],[11.47188,51.1488],[11.45193,51.14617],[11.45955,51.13114],[11.46284,51.12929],[11.46259,51.12687],[11.46543,51.12581],[11.46384,51.11842],[11.46482,51.11241],[11.47428,51.10863],[11.48302,51.10774],[11.48461,51.10544],[11.48689,51.10265],[11.50221,51.10249],[11.51008,51.10355],[11.51321,51.10744],[11.54438,51.10279],[11.54857,51.11146],[11.55422,51.11156],[11.55768,51.10942],[11.57137,51.11902],[11.60167,51.11387],[11.61742,51.10586],[11.61939,51.10031],[11.6374,51.10978],[11.64708,51.1073],[11.64905,51.10792],[11.65158,51.10934],[11.66645,51.11034],[11.6716,51.10377],[11.68173,51.10085],[11.68723,51.09926],[11.69145,51.0998],[11.69694,51.08749],[11.70055,51.08566],[11.69834,51.0834],[11.7004,51.07918],[11.70241,51.06933],[11.70906,51.06848],[11.71988,51.07074],[11.72422,51.06825],[11.73203,51.06795],[11.73747,51.06341],[11.75076,51.05883],[11.75208,51.05666],[11.74613,51.05329],[11.75211,51.04862],[11.75477,51.04869],[11.75975,51.04778],[11.75906,51.04525],[11.75969,51.04286],[11.76505,51.04373],[11.77118,51.04527],[11.77136,51.04989],[11.77629,51.05298],[11.78502,51.05261],[11.80555,51.04752],[11.81532,51.0491],[11.83252,51.05189],[11.84998,51.05257],[11.85958,51.05418],[11.86413,51.05194],[11.87551,51.05773],[11.8886,51.05539],[11.89539,51.0508],[11.89711,51.04546],[11.9099,51.04479],[11.9145,51.03787],[11.91401,51.03181],[11.91091,51.02955],[11.91796,51.02666],[11.92763,51.02757],[11.94254,51.03183],[11.94712,51.02912],[11.95851,51.02142],[11.96851,51.01825],[11.97502,51.01726],[11.97677,51.01668],[11.97904,51.01384],[11.97556,51.00922],[11.97707,51.00199],[11.96887,50.99782],[11.97424,50.99032],[11.99183,50.99238],[11.99535,50.99279],[12.00004,50.98923],[12.00661,50.99031],[12.00797,50.98507],[12.01358,50.98339],[12.01694,50.9784],[12.01126,50.97435],[12.01114,50.97097],[12.02102,50.96912],[12.03784,50.9727],[12.05511,50.96886],[12.07632,50.97468],[12.09133,50.97626],[12.13357,50.96488],[12.13387,50.96118],[12.15236,50.96384],[12.15843,50.96269],[12.16353,50.9586],[12.16367,50.96625],[12.17038,50.97087],[12.18247,50.9752],[12.19862,50.95695],[12.21317,50.95824],[12.2149,50.9538],[12.2118,50.94935],[12.21442,50.93807],[12.22417,50.94293],[12.23886,50.95208],[12.24167,50.96151],[12.23347,50.96155],[12.23865,50.97309],[12.24553,50.98082],[12.26453,50.99122],[12.27789,51.0058],[12.28327,51.00713],[12.28334,51.01164],[12.28819,51.01464],[12.28827,51.01582],[12.29236,51.02033],[12.29341,51.03012],[12.28937,51.03148],[12.28656,51.03717],[12.27684,51.04054],[12.26377,51.03767],[12.2527,51.03826],[12.25098,51.04167],[12.25046,51.04447],[12.25553,51.04539],[12.25707,51.04886],[12.26151,51.05026],[12.25918,51.0658],[12.26782,51.07151],[12.26666,51.0771],[12.27264,51.07589],[12.28088,51.08332],[12.28713,51.08784],[12.28355,51.09192],[12.29035,51.0912],[12.3043,51.09677],[12.3103,51.09401],[12.31906,51.09415],[12.33212,51.10334],[12.35205,51.09619],[12.35463,51.09465],[12.35594,51.09386],[12.35495,51.0836],[12.36802,51.0786],[12.37625,51.07763],[12.38694,51.08333],[12.39297,51.08357],[12.39951,51.07795],[12.41045,51.07285],[12.41348,51.07566],[12.42236,51.07805],[12.44963,51.07712],[12.45355,51.08305],[12.45838,51.08455],[12.46115,51.07028],[12.47054,51.06435],[12.49491,51.06585],[12.50152,51.06408],[12.50785,51.05397],[12.50277,51.05142],[12.50324,51.04842],[12.50377,51.03469],[12.51086,51.02624],[12.50911,51.01793],[12.51502,51.01893],[12.51686,51.02498],[12.52146,51.02369],[12.53885,51.02425],[12.53556,51.0153],[12.53961,51.00645],[12.52827,51.00225],[12.52755,50.9989],[12.53837,50.9969],[12.55485,50.99717],[12.57861,50.98601],[12.58358,50.98948],[12.60599,50.99558],[12.61735,50.98079],[12.62094,50.9759],[12.62235,50.96353],[12.62957,50.94419],[12.62503,50.94218],[12.62529,50.94014],[12.63184,50.93951],[12.6382,50.93482],[12.64088,50.93285],[12.64408,50.92707],[12.65287,50.92368],[12.65324,50.91911],[12.64147,50.91118],[12.64012,50.90307],[12.6382,50.9034],[12.62754,50.90522],[12.62006,50.90938],[12.61456,50.90542],[12.59136,50.90289],[12.58474,50.90402],[12.57343,50.90108],[12.5582,50.90592],[12.53756,50.90111],[12.52641,50.90281],[12.52132,50.9076],[12.50871,50.90343],[12.51112,50.8941],[12.48931,50.89274],[12.48396,50.89265],[12.48025,50.88807],[12.46038,50.88089],[12.46403,50.87012],[12.46239,50.86941],[12.45688,50.86822],[12.45514,50.86898],[12.45319,50.86853],[12.44836,50.86745],[12.44932,50.86576],[12.44663,50.86495],[12.44415,50.86258],[12.44772,50.85644],[12.4415,50.84936],[12.44135,50.84403],[12.42909,50.84359],[12.42021,50.83959],[12.41332,50.84661],[12.41634,50.85456],[12.41229,50.85648],[12.40777,50.8558],[12.40204,50.84979],[12.38072,50.84951],[12.37569,50.85101],[12.36756,50.84741],[12.36278,50.84275],[12.35463,50.83952],[12.34798,50.83688],[12.34678,50.82396],[12.33244,50.82072],[12.32163,50.82139],[12.30738,50.81913],[12.29934,50.82962],[12.29645,50.827],[12.30124,50.81683],[12.29608,50.81704],[12.29098,50.82363],[12.28616,50.81977],[12.2858,50.81241],[12.28301,50.81045],[12.27843,50.81044],[12.27635,50.81723],[12.27048,50.81321],[12.26015,50.81205],[12.25083,50.81832],[12.25005,50.81456],[12.24284,50.80906],[12.25228,50.80022],[12.25354,50.79334],[12.2537,50.78936],[12.25678,50.78829],[12.26924,50.78752],[12.28651,50.78925],[12.29016,50.78343],[12.28427,50.77399],[12.26564,50.76122],[12.24075,50.76685],[12.22935,50.75745],[12.22808,50.7476],[12.22791,50.73869],[12.23571,50.73361],[12.2639,50.73712],[12.27343,50.7282],[12.25433,50.71578],[12.26521,50.70251],[12.26236,50.69941],[12.26386,50.69446],[12.27454,50.68675],[12.29619,50.68599],[12.30859,50.68315],[12.31481,50.68524],[12.32121,50.68174],[12.31892,50.67653],[12.31443,50.67064],[12.31761,50.66348],[12.30449,50.66211],[12.29876,50.65195],[12.28121,50.64666],[12.27995,50.64418],[12.26527,50.64346],[12.26498,50.63137],[12.24544,50.63344],[12.24051,50.62942],[12.2338,50.62749],[12.2304,50.63177],[12.22301,50.63126],[12.21075,50.63517],[12.20545,50.63977],[12.1999,50.6403],[12.19807,50.63149],[12.1898,50.62379],[12.19025,50.61596],[12.18294,50.61288],[12.17621,50.61497],[12.17475,50.62419],[12.1698,50.62826],[12.15076,50.62827],[12.14692,50.62251],[12.14969,50.61537],[12.1455,50.606],[12.11751,50.59731],[12.11211,50.58936],[12.1227,50.58553],[12.12848,50.58601],[12.13377,50.58293],[12.14601,50.58504],[12.15862,50.58313],[12.15981,50.57965],[12.15515,50.57359],[12.1362,50.5735],[12.12764,50.57363],[12.12,50.5672],[12.11542,50.56757],[12.10619,50.57328],[12.10152,50.57894],[12.08614,50.57877],[12.07977,50.57706],[12.07881,50.56983],[12.07542,50.56643],[12.07582,50.55758],[12.05324,50.55162],[12.04075,50.55312],[12.0312,50.54991],[12.03109,50.55689],[12.01754,50.56784],[12.03455,50.58118],[12.03126,50.58342],[12.03534,50.59403],[12.03172,50.59744],[12.02113,50.59897],[12.00567,50.61223],[12.01233,50.62022],[12.02083,50.62589],[12.01092,50.63468],[12.00306,50.63422],[11.99935,50.62763],[11.99183,50.62525],[11.98074,50.62175],[11.9877,50.6106],[11.96851,50.60047],[11.9639,50.60051],[11.95955,50.60363],[11.95523,50.59758],[11.94414,50.59128],[11.92443,50.58537],[11.93279,50.56887],[11.92366,50.56128],[11.92564,50.55714],[11.92059,50.55621],[11.9182,50.56016],[11.91168,50.55524],[11.88504,50.55169],[11.8739,50.54179],[11.87246,50.539],[11.88788,50.5175],[11.90246,50.51602],[11.91699,50.51711],[11.91626,50.52416],[11.92034,50.52302],[11.92526,50.52555],[11.9321,50.52155],[11.93331,50.50702],[11.93918,50.50366],[11.94381,50.50561],[11.95138,50.49574],[11.96204,50.48995],[11.96371,50.48477],[11.96021,50.48054],[11.94657,50.47845],[11.93969,50.47221],[11.94649,50.4637],[11.94471,50.45964],[11.94767,50.45552],[11.9434,50.45596],[11.93187,50.46266],[11.92133,50.45894],[11.91709,50.45436],[11.90508,50.45347],[11.895,50.44946],[11.89422,50.44463],[11.88935,50.44251],[11.89858,50.43619],[11.92698,50.43217],[11.92598,50.42816],[11.91932,50.42473],[11.90176,50.41638],[11.88344,50.41488],[11.86248,50.39998],[11.85111,50.40113],[11.83493,50.39338],[11.83119,50.39408],[11.82281,50.39027],[11.81957,50.39188],[11.81966,50.39578],[11.82568,50.39938],[11.82592,50.40229],[11.81532,50.40206],[11.79571,50.4177],[11.78725,50.41569],[11.77901,50.41806],[11.77166,50.41201],[11.75222,50.41543],[11.75243,50.41292],[11.76151,50.4077],[11.76137,50.40589],[11.7556,50.40584],[11.74277,50.40985],[11.73584,50.4063],[11.73288,50.40457],[11.7277,50.40107],[11.71468,50.39738],[11.70913,50.40318],[11.70223,50.40244],[11.69434,50.39579],[11.68552,50.39359],[11.68173,50.39356],[11.66437,50.39342],[11.63793,50.38979],[11.62091,50.38798],[11.60329,50.39877],[11.59299,50.40239],[11.58175,50.39939],[11.57322,50.3996],[11.56822,50.39621],[11.56643,50.39065],[11.55926,50.38409],[11.54544,50.38379],[11.53346,50.37951],[11.52043,50.3749],[11.51791,50.39502],[11.50685,50.39668],[11.50106,50.39955],[11.48985,50.39677],[11.47891,50.40244],[11.4794,50.40648],[11.48775,50.41578],[11.48118,50.42438],[11.48157,50.43162],[11.47636,50.43297],[11.46405,50.43213],[11.44783,50.42521],[11.44344,50.42082],[11.44999,50.43157],[11.4401,50.43842],[11.42391,50.44178],[11.42063,50.44337],[11.41926,50.45276],[11.42275,50.46181],[11.41619,50.46812],[11.42026,50.47505],[11.41887,50.48132],[11.42342,50.48418],[11.41977,50.49355],[11.43542,50.4926],[11.441,50.50067],[11.42315,50.5159],[11.40778,50.51594],[11.39341,50.51978],[11.38729,50.51622],[11.37047,50.52283],[11.35707,50.5202],[11.3452,50.52093],[11.34353,50.51862],[11.34578,50.51533],[11.3445,50.5108],[11.32237,50.50877],[11.32471,50.49703],[11.32306,50.49157],[11.31868,50.48932],[11.30192,50.48804],[11.30078,50.48631],[11.2975,50.48134],[11.29099,50.47769],[11.28763,50.48454],[11.27339,50.48254],[11.26594,50.47942],[11.25656,50.48153],[11.24787,50.47777],[11.24552,50.47053],[11.25489,50.45642],[11.24759,50.44933],[11.26282,50.44246],[11.26782,50.43171],[11.26815,50.4184],[11.25902,50.39997],[11.27087,50.3942],[11.26569,50.39214],[11.26455,50.3883],[11.27404,50.38328],[11.28352,50.36049],[11.27404,50.35526],[11.26348,50.35205],[11.2671,50.35058],[11.27404,50.34048],[11.2771,50.33596],[11.27404,50.33622],[11.26133,50.33791],[11.26246,50.33549],[11.26178,50.33314],[11.26138,50.33178],[11.26189,50.32589],[11.25723,50.32236],[11.26947,50.30652],[11.2662,50.30324],[11.25406,50.29863],[11.25263,50.29505],[11.2593,50.28733],[11.25978,50.27495],[11.24743,50.26829],[11.23453,50.27532],[11.22461,50.27757],[11.21464,50.28436],[11.19919,50.29104],[11.19398,50.28579],[11.19036,50.28108],[11.18994,50.27119],[11.17549,50.26983],[11.17552,50.27354],[11.18262,50.28056],[11.16506,50.28299],[11.15835,50.28842],[11.15376,50.28438],[11.1456,50.28568],[11.13825,50.29842],[11.13209,50.30314],[11.13565,50.3144],[11.15849,50.32471],[11.15803,50.33133],[11.13763,50.34851],[11.1364,50.35351],[11.12689,50.35575],[11.12124,50.34942],[11.11603,50.35051],[11.11885,50.35939],[11.1153,50.36701],[11.10188,50.3674],[11.09046,50.36556],[11.08283,50.35252],[11.07387,50.35314],[11.04555,50.34601],[11.038,50.34619],[11.03503,50.34863],[11.03694,50.3536],[11.03345,50.35611],[11.03578,50.3602],[10.99511,50.36543],[10.99258,50.36051],[10.99846,50.35026],[10.99611,50.34747],[10.99188,50.34858],[10.98578,50.34732],[10.96887,50.36211],[10.95801,50.3681],[10.96261,50.37257],[10.96271,50.37612],[10.95833,50.37626],[10.95061,50.38084],[10.94572,50.38647],[10.93355,50.39221],[10.91254,50.38598],[10.91007,50.38669],[10.90001,50.38482],[10.89208,50.3808],[10.88569,50.38844],[10.88681,50.39217],[10.87841,50.39358],[10.87411,50.39661],[10.86808,50.39419],[10.86492,50.38886],[10.85721,50.38783],[10.83044,50.39262],[10.82054,50.3857],[10.8154,50.38514],[10.80488,50.37968],[10.80013,50.37952],[10.78542,50.38517],[10.77377,50.37197],[10.76419,50.37047],[10.76004,50.36236],[10.75492,50.35936],[10.75293,50.3582],[10.73748,50.36288],[10.71585,50.36298],[10.71713,50.35619],[10.71277,50.35369],[10.71365,50.34784],[10.72642,50.34896],[10.72825,50.3444],[10.72714,50.33763],[10.71588,50.33264],[10.71475,50.32655],[10.71566,50.3217],[10.72011,50.31891],[10.72775,50.31817],[10.73608,50.31477],[10.74265,50.31486],[10.75492,50.30541],[10.77041,50.29348],[10.79325,50.29495],[10.80201,50.29169],[10.80402,50.28032],[10.81745,50.27764],[10.82718,50.27741],[10.83483,50.2734],[10.84445,50.27587],[10.84636,50.27509],[10.84597,50.26951],[10.85091,50.26417],[10.85123,50.25147],[10.84555,50.24384],[10.84026,50.24222],[10.82523,50.23761],[10.80777,50.24061],[10.80659,50.24222],[10.80019,50.25095],[10.78184,50.25128],[10.78133,50.24745],[10.76941,50.24183],[10.75492,50.24231],[10.74993,50.24276],[10.74663,50.24801],[10.73217,50.25184],[10.72722,50.24793],[10.72785,50.24222],[10.7292,50.23001],[10.73059,50.21263],[10.72409,50.20656],[10.71896,50.20525],[10.70967,50.20986],[10.69546,50.21251],[10.68516,50.22428],[10.67004,50.22137],[10.66234,50.22226],[10.65748,50.22367],[10.66168,50.22704],[10.65872,50.23022],[10.63159,50.22292],[10.61344,50.22425],[10.61012,50.22799],[10.60148,50.24222],[10.60007,50.24454],[10.60985,50.24856],[10.61139,50.25122],[10.59956,50.26274],[10.60419,50.27065],[10.59104,50.27178],[10.59267,50.27347],[10.59328,50.27797],[10.5951,50.27926],[10.59804,50.28139],[10.59975,50.28225],[10.60155,50.28267],[10.59793,50.28837],[10.60466,50.29387],[10.59299,50.30822],[10.59307,50.31721],[10.59545,50.31962],[10.60055,50.33369],[10.58294,50.33282],[10.57816,50.33564],[10.56183,50.33761],[10.55573,50.34142],[10.55063,50.34857],[10.55388,50.35649],[10.54448,50.36343],[10.53255,50.36459],[10.51462,50.3499],[10.51163,50.35919],[10.5043,50.35379],[10.4986,50.35701],[10.4923,50.356],[10.4883,50.36217],[10.49399,50.36508],[10.49463,50.3677],[10.48722,50.37451],[10.47454,50.37279],[10.46764,50.37682],[10.46335,50.37708],[10.45425,50.39352],[10.45412,50.39952],[10.45053,50.40186],[10.44629,50.40297],[10.43894,50.40104],[10.4379,50.39548],[10.42485,50.39292],[10.39626,50.39638],[10.39426,50.39452],[10.38785,50.39904],[10.38408,50.40613],[10.39954,50.41894],[10.40254,50.42458],[10.3903,50.42984],[10.37242,50.43246],[10.37605,50.4386],[10.36694,50.44047],[10.34819,50.46256],[10.33666,50.46659],[10.34064,50.48266],[10.33362,50.48663],[10.33006,50.49377],[10.32629,50.49458],[10.32193,50.49259],[10.30192,50.49347],[10.2752,50.50522],[10.26639,50.5051],[10.25637,50.51222],[10.24264,50.51332],[10.23206,50.51198],[10.22644,50.51884],[10.23109,50.53042],[10.22484,50.53038],[10.22155,50.53818],[10.20957,50.54064],[10.20554,50.54426],[10.20326,50.5541],[10.19276,50.55468],[10.17789,50.55168],[10.17466,50.54364],[10.15027,50.55189],[10.14653,50.54377],[10.13816,50.54363],[10.12195,50.55564],[10.12626,50.56007],[10.11941,50.56422],[10.10709,50.56373],[10.09974,50.55817],[10.0996,50.55426],[10.09451,50.55283],[10.09364,50.54851],[10.0887,50.54456],[10.07638,50.54058],[10.07196,50.53708],[10.06935,50.53064],[10.07161,50.52833],[10.06503,50.52811],[10.05176,50.51939],[10.04134,50.51647],[10.04221,50.52168],[10.03864,50.52896],[10.04246,50.534],[10.04827,50.5406],[10.04831,50.54644],[10.06075,50.55683],[10.05045,50.5632],[10.04533,50.57542],[10.04962,50.58571],[10.0488,50.59862],[10.04736,50.60079],[10.04036,50.60492],[10.03738,50.61176],[10.04672,50.61866],[10.04784,50.6225],[10.06011,50.62589],[10.07176,50.62012],[10.08105,50.62002],[10.08241,50.63286],[10.07756,50.63762],[10.06737,50.65718],[10.05803,50.66462],[10.05721,50.66616],[10.05632,50.66808],[10.04687,50.67408],[10.0327,50.67532],[10.0198,50.67334],[10.00144,50.67636],[9.98942,50.67434],[9.97301,50.66659],[9.96024,50.66775],[9.94911,50.66414],[9.95007,50.656],[9.96793,50.64164],[9.96081,50.63542],[9.96072,50.62948],[9.94579,50.62727],[9.92693,50.62981],[9.92195,50.63443],[9.91068,50.63676],[9.90803,50.63841],[9.90575,50.63984],[9.88782,50.63439],[9.87923,50.63518],[9.87759,50.64181],[9.88442,50.65398],[9.88019,50.66602],[9.88164,50.67217],[9.89432,50.6829],[9.90677,50.68476],[9.90803,50.68592],[9.91597,50.69326],[9.92212,50.69455],[9.91946,50.698],[9.91075,50.70134],[9.90952,50.70509],[9.93417,50.72404],[9.94137,50.74184],[9.93933,50.75522],[9.931,50.75686],[9.92463,50.75713],[9.92097,50.7592],[9.92618,50.76739],[9.92896,50.7754],[9.93709,50.77512],[9.94509,50.77731],[9.94499,50.7725],[9.94769,50.77199],[9.9515,50.77397],[9.95409,50.77936],[9.95062,50.78107],[9.95397,50.78577],[9.94477,50.79384],[9.94401,50.79817],[9.95688,50.81274],[9.95591,50.81547],[9.95067,50.81595],[9.95187,50.82035],[9.97016,50.82986],[9.97811,50.83266],[9.9925,50.82815],[9.99465,50.82576],[10.00087,50.82889],[10.00663,50.83693],[10.02414,50.83262],[10.02813,50.83613],[10.02793,50.84111],[10.03675,50.84563],[10.0368,50.85335],[10.02205,50.84872],[10.01875,50.85722],[10.02189,50.86449],[10.05598,50.87977],[10.05732,50.89022],[10.04752,50.8896],[10.043,50.89303],[10.05091,50.90009],[10.03926,50.90319],[10.03363,50.90975],[10.02622,50.91144],[10.02467,50.91447],[10.01497,50.9201],[10.00304,50.92108],[9.99143,50.91481],[9.98446,50.90727],[9.97605,50.90602],[9.97125,50.90801],[9.96912,50.91195],[9.97322,50.9164],[9.9828,50.92118],[9.98468,50.92506],[9.99069,50.93421],[9.98744,50.93445],[9.97645,50.93207],[9.96575,50.9328],[9.9648,50.92848],[9.96026,50.92424],[9.95761,50.92307],[9.95287,50.92493],[9.95179,50.92701],[9.95619,50.93345],[9.95133,50.94197],[9.97405,50.94286],[9.98391,50.93999],[9.99114,50.94281],[9.99965,50.9375],[10.00406,50.93983],[10.0127,50.93497],[10.01657,50.93658],[10.0179,50.93992],[10.02581,50.94327],[10.03051,50.93851],[10.04787,50.93909],[10.05362,50.93978],[10.057,50.94161],[10.06001,50.94249],[10.06235,50.94378],[10.06386,50.94543],[10.06057,50.94749],[10.0462,50.94697],[10.04174,50.95679],[10.03335,50.95981],[10.04009,50.96781],[10.02041,50.98084],[10.02309,50.98517],[10.02156,50.99295],[10.03243,51.01105],[10.05479,51.01287],[10.06533,51.00988],[10.07232,51.01102],[10.08404,51.00972],[10.10304,51.00486],[10.10956,51.00938],[10.11996,51.01153],[10.13163,51.00556],[10.12839,51.00044],[10.13682,50.99532],[10.15018,50.99425],[10.16521,50.99762],[10.16951,51.00093],[10.17091,50.99697],[10.18235,50.99849],[10.19007,50.99947],[10.19528,51.0026],[10.20228,51.00854],[10.20218,51.01201],[10.19389,51.01656],[10.19386,51.01945],[10.20848,51.0196],[10.21431,51.02509],[10.21519,51.02642],[10.20507,51.03129],[10.20156,51.03671],[10.18694,51.04492],[10.18467,51.04903],[10.18157,51.04801],[10.17744,51.04881],[10.17107,51.04918],[10.16694,51.05051],[10.16444,51.05188],[10.16022,51.05337],[10.15315,51.05501],[10.14647,51.05507],[10.14118,51.05975],[10.14656,51.06197],[10.14568,51.06649],[10.15385,51.07066],[10.1456,51.0858],[10.15711,51.09632],[10.16498,51.09996],[10.16033,51.10721],[10.16583,51.10799],[10.17306,51.10607],[10.17432,51.11063],[10.17271,51.11772],[10.15013,51.12042],[10.14594,51.12499],[10.14043,51.12532],[10.13234,51.13402],[10.11832,51.13957],[10.12669,51.14356],[10.12573,51.14634],[10.14601,51.14481],[10.1694,51.15245],[10.17579,51.14722],[10.17817,51.14169],[10.18517,51.13984],[10.18461,51.13304],[10.1793,51.13054],[10.1797,51.12763],[10.18848,51.1223],[10.19082,51.11599],[10.19897,51.11345],[10.20808,51.11786],[10.20714,51.12172],[10.21051,51.12398],[10.20636,51.12724],[10.20419,51.13337],[10.21001,51.14408],[10.20423,51.14616],[10.20097,51.1503],[10.20744,51.15542],[10.20787,51.1645],[10.21431,51.16837],[10.22946,51.17481],[10.23338,51.17919],[10.23588,51.18524],[10.23481,51.18719],[10.23122,51.18797],[10.22042,51.18595],[10.21431,51.18701],[10.20694,51.19065],[10.19699,51.19252],[10.19608,51.19713],[10.18829,51.20371],[10.17131,51.21136],[10.16531,51.21186],[10.16031,51.20841],[10.14979,51.20619],[10.14132,51.21901],[10.12741,51.21879],[10.12192,51.21687],[10.1138,51.21573],[10.10667,51.22115],[10.09401,51.22166],[10.08961,51.2263],[10.07758,51.22387],[10.0694,51.2265],[10.06752,51.2296],[10.07157,51.23878],[10.079,51.24278],[10.07539,51.24373],[10.07288,51.244],[10.07031,51.24393],[10.06232,51.25203],[10.0524,51.25413],[10.04697,51.25343],[10.04973,51.25722],[10.04738,51.26413],[10.05642,51.26735],[10.05884,51.27017],[10.06012,51.27366],[10.05992,51.27587],[10.05728,51.27737],[10.04113,51.28003],[10.03008,51.27838],[10.02312,51.28204],[10.01216,51.28308],[10.00419,51.28649],[9.98064,51.28406],[9.97312,51.28512],[9.97562,51.29179],[9.97087,51.29516],[9.96906,51.30036],[9.95974,51.30491],[9.94765,51.30341],[9.94043,51.30676],[9.94096,51.31007],[9.94839,51.31718],[9.94687,51.32083],[9.94757,51.32639],[9.94188,51.33511],[9.93092,51.33974],[9.93216,51.34589],[9.92547,51.35379],[9.92587,51.35933],[9.92429,51.36335],[9.92357,51.36626],[9.92329,51.36804],[9.92546,51.37212],[9.92829,51.37236],[9.92834,51.3753],[9.942,51.37843],[9.94394,51.3803],[9.94761,51.38206],[9.95468,51.38971],[9.96723,51.3955],[9.9874,51.39792],[9.99094,51.40228],[9.99956,51.4041],[10.00156,51.40762],[10.00661,51.40925],[10.00895,51.4196],[10.0265,51.41916],[10.03761,51.4205],[10.0418,51.4233],[10.04307,51.42713],[10.05096,51.43067],[10.04922,51.43541],[10.05543,51.43545],[10.06008,51.43324],[10.06566,51.41995],[10.07522,51.41952],[10.07929,51.42546],[10.07962,51.4335],[10.08309,51.43485],[10.0913,51.43538],[10.116,51.43077],[10.1218,51.43384],[10.13239,51.43477],[10.1411,51.4298],[10.1504,51.42942],[10.15447,51.43153],[10.1418,51.43709],[10.14242,51.44001],[10.14147,51.44378],[10.15014,51.44657],[10.15554,51.4444],[10.15975,51.44626],[10.16762,51.44444],[10.174,51.44674],[10.17928,51.45483],[10.17848,51.45817],[10.18565,51.46292],[10.18495,51.46507],[10.17913,51.46723],[10.18017,51.47079],[10.1897,51.47936],[10.20229,51.48606],[10.20646,51.4859],[10.2129,51.48114],[10.21709,51.47712],[10.21835,51.4713],[10.22634,51.47287],[10.23395,51.47214],[10.24596,51.4832],[10.27276,51.48822],[10.27324,51.49056],[10.28396,51.49403],[10.29768,51.49358],[10.30086,51.49704],[10.30033,51.50569],[10.30906,51.51464],[10.3193,51.51451],[10.34228,51.5195],[10.34899,51.53259],[10.36763,51.54373],[10.37133,51.5532],[10.36537,51.55589],[10.37364,51.55873],[10.37847,51.56351],[10.37704,51.58078],[10.37094,51.587],[10.37733,51.58871],[10.38113,51.58813],[10.38957,51.58638],[10.40619,51.58678],[10.43213,51.59206],[10.44482,51.58923],[10.45201,51.58408],[10.47167,51.58164],[10.48855,51.57478],[10.49586,51.5723],[10.50331,51.56332],[10.50606,51.56347],[10.51078,51.55646],[10.5174,51.55431],[10.53421,51.55884],[10.54534,51.556],[10.55241,51.55614],[10.56125,51.55756],[10.56994,51.56275],[10.57557,51.56307],[10.57802,51.56555],[10.58834,51.56805],[10.59287,51.57345],[10.60141,51.57886],[10.61175,51.579],[10.62635,51.57268],[10.62699,51.56813],[10.63655,51.56277],[10.64408,51.56251],[10.6465,51.55983],[10.6544,51.5591],[10.66003,51.56132],[10.65899,51.56739],[10.66592,51.57734],[10.65734,51.58172],[10.63893,51.58495],[10.63341,51.60258],[10.63595,51.60743],[10.64815,51.60713],[10.64309,51.61197],[10.63904,51.61912],[10.64159,51.62191],[10.67132,51.62904],[10.68115,51.62899],[10.67664,51.63294],[10.67728,51.63838],[10.69764,51.63972],[10.70137,51.64219],[10.71012,51.64129],[10.73315,51.64468],[10.74852,51.64109],[10.75612,51.64175],[10.75643,51.64477],[10.76455,51.64845],[10.77173,51.64485],[10.78576,51.64201]],[[11.44397,51.19734],[11.44491,51.19512],[11.44763,51.19614],[11.44684,51.19898],[11.43906,51.19993],[11.43937,51.19767],[11.44397,51.19734]]]]},"properties":{"code":"DEG","nom":"Th\u00fcringen","country":"DE"}},{"type":"Feature","geometry":{"type":"MultiPolygon","coordinates":[[[[12.85686,51.67807],[12.85774,51.67294],[12.86154,51.67348],[12.8611,51.6657],[12.86542,51.66369],[12.86453,51.65968],[12.86779,51.65619],[12.87907,51.65918],[12.88805,51.66629],[12.89179,51.66581],[12.89519,51.66187],[12.8912,51.65405],[12.90151,51.64618],[12.91363,51.64477],[12.91706,51.64871],[12.92793,51.6494],[12.93634,51.64498],[12.94216,51.63801],[12.95148,51.64396],[12.95087,51.64946],[12.9714,51.65104],[12.96782,51.66422],[12.97984,51.66364],[12.97773,51.66733],[12.98452,51.66882],[12.99598,51.66883],[13.0015,51.66684],[13.00545,51.66255],[13.0114,51.66406],[13.01412,51.66277],[13.02002,51.65405],[13.0181,51.64468],[13.02382,51.63795],[13.04182,51.64438],[13.05102,51.64768],[13.07605,51.62236],[13.08655,51.60841],[13.0941,51.60647],[13.09873,51.60959],[13.10401,51.61031],[13.09981,51.61244],[13.099,51.61655],[13.10304,51.61647],[13.10844,51.61216],[13.11589,51.61765],[13.12038,51.61843],[13.14428,51.59856],[13.15495,51.6002],[13.16074,51.59217],[13.15552,51.58924],[13.15302,51.58257],[13.14165,51.57069],[13.14731,51.56402],[13.15816,51.56374],[13.16083,51.55897],[13.18471,51.55768],[13.1874,51.55189],[13.19066,51.53908],[13.20024,51.52674],[13.20746,51.52356],[13.20815,51.50971],[13.20676,51.5055],[13.20267,51.50344],[13.20158,51.49655],[13.19768,51.49438],[13.20033,51.49163],[13.1982,51.48939],[13.19327,51.48831],[13.1823,51.49196],[13.18672,51.48605],[13.18274,51.47564],[13.18357,51.47053],[13.19097,51.46431],[13.20163,51.45961],[13.20384,51.45635],[13.20225,51.4498],[13.19131,51.43766],[13.18575,51.43816],[13.17509,51.43202],[13.17625,51.42706],[13.18462,51.42447],[13.18755,51.42546],[13.18917,51.43356],[13.19261,51.43525],[13.19671,51.43455],[13.20327,51.42906],[13.20199,51.41774],[13.21015,51.40474],[13.21679,51.39559],[13.23557,51.39514],[13.24346,51.39319],[13.25616,51.39178],[13.26446,51.38529],[13.26807,51.38533],[13.26943,51.38986],[13.25969,51.39584],[13.26035,51.39977],[13.28539,51.39965],[13.28688,51.41091],[13.308,51.4176],[13.31238,51.42225],[13.32728,51.42667],[13.3254,51.43345],[13.32032,51.4375],[13.3299,51.43741],[13.33335,51.43744],[13.33341,51.43532],[13.33423,51.43316],[13.33795,51.42916],[13.34862,51.43258],[13.35802,51.4332],[13.37499,51.42597],[13.38095,51.42592],[13.38231,51.42803],[13.37627,51.43651],[13.38344,51.43752],[13.39149,51.44907],[13.40089,51.45281],[13.40596,51.45174],[13.41001,51.44242],[13.4268,51.43197],[13.42324,51.4224],[13.44696,51.42876],[13.45208,51.42319],[13.46457,51.42383],[13.46851,51.42173],[13.46328,51.41175],[13.48939,51.40799],[13.49521,51.40339],[13.50406,51.40443],[13.51517,51.40188],[13.52122,51.40206],[13.52185,51.39325],[13.52276,51.39156],[13.52486,51.38427],[13.52434,51.38285],[13.52312,51.38103],[13.52697,51.38127],[13.53228,51.38068],[13.53777,51.38105],[13.53777,51.37716],[13.54504,51.36948],[13.55078,51.37849],[13.56218,51.38115],[13.56996,51.38567],[13.57542,51.38493],[13.58284,51.38453],[13.58812,51.38459],[13.58986,51.38423],[13.58854,51.38134],[13.59508,51.37398],[13.59486,51.36979],[13.6056,51.36953],[13.60851,51.36962],[13.61134,51.37021],[13.61668,51.36976],[13.61722,51.37106],[13.63287,51.36862],[13.66078,51.36942],[13.66875,51.3754],[13.67385,51.37274],[13.68241,51.36828],[13.69125,51.37401],[13.7107,51.36428],[13.72804,51.36433],[13.73911,51.3612],[13.74084,51.36126],[13.75266,51.36606],[13.75802,51.37096],[13.76799,51.36909],[13.7626,51.36426],[13.7652,51.36071],[13.76905,51.36266],[13.77648,51.36261],[13.78252,51.36967],[13.80671,51.3729],[13.81943,51.36988],[13.82648,51.37437],[13.82909,51.37581],[13.83111,51.37655],[13.83531,51.37679],[13.83617,51.38327],[13.86199,51.38152],[13.86916,51.37686],[13.88368,51.37521],[13.908,51.37875],[13.90971,51.38334],[13.94011,51.38965],[13.95241,51.39616],[13.96368,51.39591],[13.97209,51.3929],[13.97125,51.37603],[14.0007,51.3726],[13.99687,51.38346],[14.00692,51.38976],[14.00409,51.3953],[14.01234,51.39817],[14.02715,51.39649],[14.02537,51.40008],[14.01728,51.40116],[14.01645,51.40485],[14.02055,51.40769],[14.02852,51.40925],[14.03685,51.4168],[14.04249,51.41789],[14.04459,51.41875],[14.04347,51.42383],[14.03824,51.42844],[14.04556,51.42884],[14.04363,51.43266],[14.03826,51.43485],[14.04133,51.43786],[14.06167,51.44564],[14.05327,51.45169],[14.05466,51.46089],[14.03584,51.47193],[14.03401,51.47571],[14.03996,51.47944],[14.07186,51.47224],[14.08677,51.47869],[14.07582,51.49189],[14.08785,51.49455],[14.09455,51.49811],[14.10162,51.51494],[14.10685,51.52064],[14.11739,51.52297],[14.12522,51.52223],[14.13432,51.52137],[14.13887,51.52365],[14.13013,51.53302],[14.13438,51.54076],[14.1415,51.54367],[14.1505,51.54116],[14.16332,51.54104],[14.17692,51.53927],[14.21375,51.53958],[14.23011,51.53304],[14.24325,51.53183],[14.24569,51.52824],[14.25733,51.53221],[14.27748,51.53109],[14.29327,51.52541],[14.30432,51.52443],[14.32211,51.5194],[14.32519,51.51562],[14.32554,51.50718],[14.3332,51.50539],[14.33845,51.50643],[14.34284,51.51539],[14.34053,51.52032],[14.3552,51.52139],[14.37553,51.5328],[14.38581,51.53439],[14.38758,51.54071],[14.39841,51.54152],[14.40938,51.53772],[14.41128,51.53814],[14.43873,51.5442],[14.44777,51.54207],[14.44709,51.5523],[14.45282,51.55605],[14.4989,51.55914],[14.51642,51.55474],[14.52651,51.55866],[14.54103,51.56038],[14.54749,51.56362],[14.54444,51.57361],[14.5514,51.57202],[14.5588,51.57311],[14.56963,51.58119],[14.58001,51.58018],[14.58403,51.57488],[14.59903,51.57175],[14.60484,51.55499],[14.60989,51.55015],[14.62583,51.5504],[14.62829,51.55044],[14.64201,51.55412],[14.6625,51.55417],[14.67562,51.55147],[14.6897,51.5609],[14.69408,51.57612],[14.70578,51.57696],[14.69665,51.59666],[14.70017,51.59724],[14.70756,51.59731],[14.71116,51.59576],[14.71659,51.59164],[14.71718,51.5904],[14.71908,51.58907],[14.72081,51.58849],[14.72061,51.58636],[14.72673,51.5828],[14.72986,51.58178],[14.72827,51.57692],[14.71187,51.56202],[14.71744,51.55524],[14.72877,51.54974],[14.73072,51.54493],[14.72685,51.53906],[14.72998,51.53075],[14.73669,51.52598],[14.74327,51.52429],[14.75054,51.52242],[14.75987,51.52301],[14.76573,51.51918],[14.78479,51.51811],[14.79557,51.51762],[14.80459,51.51409],[14.81228,51.50653],[14.8188,51.50723],[14.83152,51.50373],[14.8522,51.4899],[14.8644,51.49033],[14.87236,51.4851],[14.88728,51.48728],[14.89863,51.48224],[14.91745,51.48335],[14.92403,51.48059],[14.92699,51.47361],[14.94801,51.47126],[14.95539,51.46465],[14.95683,51.45793],[14.97389,51.44115],[14.97075,51.43318],[14.96005,51.43249],[14.95976,51.42997],[14.9656,51.42641],[14.96672,51.41702],[14.95959,51.40994],[14.9686,51.39939],[14.95949,51.39575],[14.96502,51.39198],[14.96535,51.38626],[14.9699,51.37948],[14.98275,51.37352],[14.97418,51.36395],[14.966,51.36125],[14.9755,51.35728],[14.9814,51.33552],[14.98701,51.32957],[14.99283,51.3278],[14.99409,51.32268],[15.00827,51.31613],[15.00764,51.31122],[15.01286,51.30742],[15.01299,51.30085],[15.02151,51.30055],[15.03268,51.29359],[15.03484,51.278],[15.04116,51.27347],[15.0374,51.26979],[15.03729,51.25857],[15.02611,51.25379],[15.02407,51.25104],[15.02567,51.24967],[15.02914,51.2505],[15.03657,51.24396],[15.03363,51.24146],[15.02824,51.24082],[15.02574,51.23231],[15.01696,51.22708],[15.01777,51.21989],[15.01547,51.21478],[15.01039,51.21321],[15.01267,51.20887],[15.00785,51.20369],[15.00864,51.19955],[15.01413,51.19827],[15.0129,51.19483],[15.0055,51.19054],[15.0081,51.18388],[15.00235,51.17251],[15.00427,51.16787],[14.99357,51.16173],[15.00018,51.14981],[14.99162,51.14199],[14.99627,51.13311],[14.99612,51.12084],[14.98904,51.11695],[14.98164,51.11632],[14.97912,51.10772],[14.98363,51.10098],[14.98269,51.09071],[14.97663,51.0851],[14.97886,51.07783],[14.96867,51.07124],[14.97022,51.06582],[14.96246,51.05589],[14.96393,51.05064],[14.95003,51.0424],[14.95088,51.03681],[14.94837,51.03314],[14.94692,51.0279],[14.94139,51.02589],[14.93596,51.01985],[14.93828,51.01285],[14.92896,50.99868],[14.92006,50.99711],[14.9176,50.99482],[14.91894,50.97556],[14.90656,50.97218],[14.90372,50.97116],[14.90059,50.9643],[14.90238,50.96101],[14.89757,50.95858],[14.89387,50.95078],[14.89534,50.93948],[14.89092,50.93561],[14.87666,50.93156],[14.86733,50.9177],[14.85247,50.91064],[14.8424,50.90006],[14.82164,50.8872],[14.81773,50.87907],[14.82336,50.87055],[14.82471,50.86774],[14.82066,50.85892],[14.81089,50.85073],[14.8032,50.83686],[14.80097,50.8241],[14.79288,50.81995],[14.7905,50.82408],[14.77856,50.82025],[14.76753,50.81977],[14.75898,50.8243],[14.75073,50.8247],[14.7466,50.8285],[14.74327,50.82886],[14.74109,50.8291],[14.72231,50.82216],[14.71659,50.82507],[14.71881,50.83358],[14.71186,50.83813],[14.70687,50.84061],[14.68857,50.8385],[14.67952,50.84327],[14.65991,50.85011],[14.64827,50.84902],[14.63145,50.85564],[14.62583,50.8566],[14.6188,50.8578],[14.61943,50.86466],[14.62583,50.87482],[14.63368,50.88728],[14.63751,50.89861],[14.65257,50.90624],[14.65177,50.92665],[14.64732,50.93153],[14.62837,50.92574],[14.62583,50.92562],[14.61739,50.92522],[14.58301,50.91472],[14.56487,50.91869],[14.56066,50.92537],[14.5714,50.93694],[14.58094,50.94241],[14.58627,50.9527],[14.59575,50.96248],[14.59279,50.96702],[14.59638,50.96933],[14.5998,50.97857],[14.59879,50.98624],[14.58254,50.99307],[14.57819,51.00018],[14.56871,51.00456],[14.56384,51.00955],[14.56114,51.00842],[14.56038,51.00729],[14.5557,51.00711],[14.54987,51.00535],[14.54759,51.00536],[14.54278,51.00477],[14.53503,51.00382],[14.53376,51.00605],[14.53908,51.01111],[14.53308,51.01587],[14.49936,51.02235],[14.50145,51.0317],[14.50745,51.04105],[14.50586,51.04389],[14.49945,51.0461],[14.49122,51.04353],[14.49396,51.03589],[14.49141,51.02371],[14.4762,51.02539],[14.47462,51.02931],[14.46564,51.03474],[14.45429,51.03562],[14.4216,51.01973],[14.41128,51.01897],[14.40532,51.02083],[14.40058,51.02209],[14.39591,51.02237],[14.39161,51.02366],[14.38373,51.02864],[14.38192,51.03822],[14.37359,51.03942],[14.36199,51.04543],[14.35649,51.04313],[14.35352,51.04326],[14.35097,51.04272],[14.34678,51.04112],[14.34494,51.03908],[14.33499,51.04007],[14.31787,51.0547],[14.30141,51.05442],[14.28834,51.03942],[14.27416,51.03907],[14.2855,51.03095],[14.28562,51.0262],[14.27864,51.01911],[14.28197,51.01559],[14.26751,51.00908],[14.26137,51.00819],[14.26758,50.99994],[14.2591,50.99212],[14.25853,50.98799],[14.27612,50.98258],[14.28459,50.97741],[14.29811,50.97913],[14.30916,50.98355],[14.32181,50.98514],[14.32999,50.9824],[14.32647,50.97938],[14.32739,50.97317],[14.31445,50.97257],[14.3038,50.96561],[14.31662,50.96],[14.3124,50.95372],[14.32571,50.94978],[14.34371,50.94894],[14.36162,50.9418],[14.36877,50.94186],[14.37307,50.93864],[14.38785,50.94101],[14.39673,50.93649],[14.40012,50.93355],[14.40214,50.92407],[14.38692,50.91597],[14.38833,50.9003],[14.37251,50.89657],[14.34942,50.89979],[14.34808,50.89312],[14.32603,50.8896],[14.31936,50.88874],[14.31285,50.887],[14.3045,50.88423],[14.2924,50.88532],[14.28167,50.8924],[14.2696,50.89519],[14.25037,50.88755],[14.23315,50.88752],[14.23637,50.8815],[14.23558,50.87554],[14.22329,50.85924],[14.21644,50.85988],[14.2019,50.85171],[14.16193,50.84717],[14.14922,50.84233],[14.14489,50.84088],[14.1401,50.83817],[14.13685,50.83606],[14.13287,50.83399],[14.12965,50.83408],[14.12522,50.83314],[14.10162,50.82814],[14.08852,50.82536],[14.07917,50.81831],[14.07838,50.81241],[14.04844,50.81018],[14.03962,50.81036],[14.03523,50.80549],[14.03068,50.80443],[14.01671,50.81097],[14.00346,50.81027],[14.00162,50.81506],[13.99004,50.81917],[13.97149,50.81159],[13.95565,50.80812],[13.95486,50.8004],[13.9402,50.79055],[13.92487,50.7888],[13.90347,50.79353],[13.89836,50.79215],[13.89651,50.7892],[13.89924,50.78473],[13.88791,50.76967],[13.88986,50.76307],[13.90163,50.75315],[13.89849,50.74495],[13.8843,50.73908],[13.87909,50.73833],[13.86295,50.74263],[13.8569,50.72843],[13.84548,50.72561],[13.8349,50.72652],[13.82591,50.72462],[13.80666,50.73296],[13.79139,50.73309],[13.77825,50.73582],[13.76961,50.73338],[13.75802,50.73506],[13.74677,50.72834],[13.73942,50.72777],[13.72811,50.73319],[13.71478,50.7259],[13.70955,50.72506],[13.71201,50.72002],[13.70737,50.71699],[13.6885,50.71962],[13.67385,50.72769],[13.66731,50.73129],[13.65893,50.73065],[13.65217,50.73036],[13.64294,50.7292],[13.62612,50.72201],[13.62519,50.71552],[13.60225,50.71006],[13.5866,50.71295],[13.5561,50.71439],[13.54029,50.70815],[13.52572,50.70307],[13.54088,50.68818],[13.54372,50.67791],[13.53918,50.67353],[13.54057,50.6696],[13.52928,50.66692],[13.5138,50.65502],[13.51611,50.64939],[13.52436,50.64788],[13.52355,50.63958],[13.51838,50.63699],[13.50185,50.63364],[13.49754,50.63129],[13.49303,50.62409],[13.47923,50.61646],[13.46272,50.60183],[13.44226,50.61051],[13.42837,50.611],[13.42547,50.61645],[13.42086,50.61599],[13.41481,50.61709],[13.41362,50.62032],[13.40537,50.63372],[13.39291,50.64215],[13.39121,50.64594],[13.38195,50.64526],[13.3756,50.64959],[13.37175,50.64992],[13.37715,50.62833],[13.36425,50.6181],[13.36087,50.61864],[13.35214,50.61463],[13.33875,50.61233],[13.33373,50.60739],[13.32615,50.60795],[13.32504,50.60465],[13.3194,50.60217],[13.32467,50.58538],[13.32208,50.58135],[13.3014,50.57884],[13.2915,50.5757],[13.28035,50.59205],[13.26075,50.59262],[13.25441,50.59488],[13.23423,50.57864],[13.23604,50.57143],[13.2238,50.56366],[13.22856,50.54988],[13.22232,50.54587],[13.22063,50.54067],[13.21019,50.53015],[13.20738,50.52217],[13.19553,50.51569],[13.19638,50.50547],[13.19336,50.50317],[13.18609,50.50371],[13.17591,50.50386],[13.15432,50.50824],[13.13899,50.5066],[13.13774,50.51251],[13.13102,50.51791],[13.10137,50.50313],[13.08308,50.50024],[13.05946,50.50105],[13.05598,50.50126],[13.05325,50.50338],[13.05177,50.50586],[13.05079,50.50733],[13.04597,50.50977],[13.04407,50.51073],[13.04182,50.51039],[13.03169,50.50884],[13.03177,50.5004],[13.02375,50.48828],[13.019,50.4666],[13.02223,50.4514],[13.01694,50.44441],[12.99838,50.43505],[12.99335,50.43045],[12.98198,50.41926],[12.94272,50.4114],[12.94102,50.40834],[12.9471,50.40648],[12.94814,50.40431],[12.93626,50.40708],[12.93457,50.41264],[12.91296,50.42311],[12.90282,50.42332],[12.89394,50.43],[12.82329,50.45796],[12.80893,50.44428],[12.80795,50.43695],[12.80271,50.43956],[12.79982,50.44257],[12.79493,50.44945],[12.77486,50.44326],[12.75341,50.43779],[12.73496,50.43187],[12.72924,50.42168],[12.70837,50.4083],[12.70706,50.39732],[12.68168,50.41009],[12.67459,50.41602],[12.66716,50.41445],[12.66227,50.41217],[12.6585,50.41165],[12.65491,50.41118],[12.65197,50.41127],[12.64917,50.41075],[12.6455,50.41075],[12.64232,50.4113],[12.6382,50.41259],[12.63749,50.41281],[12.62707,50.41583],[12.62008,50.41586],[12.60229,50.40653],[12.58378,50.40708],[12.5582,50.39954],[12.54657,50.40031],[12.54129,50.3985],[12.53415,50.39943],[12.52715,50.39699],[12.51719,50.39733],[12.51423,50.39734],[12.48744,50.37126],[12.48818,50.36258],[12.49253,50.35595],[12.48921,50.35027],[12.48257,50.3476],[12.47021,50.35427],[12.46368,50.35287],[12.44391,50.34248],[12.43719,50.33504],[12.43696,50.32797],[12.43143,50.32335],[12.40445,50.32365],[12.39938,50.32167],[12.39849,50.30895],[12.40252,50.30121],[12.40013,50.29528],[12.39397,50.28993],[12.38241,50.28892],[12.37157,50.28517],[12.36379,50.27884],[12.36026,50.26924],[12.35463,50.26357],[12.35242,50.26135],[12.35011,50.25353],[12.35463,50.24773],[12.35659,50.24521],[12.35706,50.24222],[12.35463,50.24105],[12.35011,50.23783],[12.33334,50.24168],[12.32997,50.23708],[12.33033,50.22543],[12.33377,50.21928],[12.32769,50.21675],[12.32446,50.20645],[12.33626,50.1946],[12.33655,50.18964],[12.32585,50.1811],[12.32824,50.17645],[12.3362,50.1737],[12.33512,50.17201],[12.29494,50.17468],[12.29096,50.17679],[12.28983,50.18493],[12.27816,50.19148],[12.27571,50.19669],[12.27776,50.1995],[12.287,50.20398],[12.28789,50.20863],[12.28375,50.21],[12.28321,50.21226],[12.29142,50.22105],[12.28296,50.22288],[12.28428,50.2263],[12.27674,50.23151],[12.25829,50.23567],[12.24828,50.24222],[12.24031,50.24744],[12.24982,50.25501],[12.25608,50.25193],[12.26421,50.2512],[12.26548,50.2589],[12.25334,50.27048],[12.2457,50.26866],[12.22895,50.27103],[12.21352,50.27038],[12.19998,50.27427],[12.20152,50.28808],[12.19629,50.29581],[12.20044,50.30862],[12.19726,50.3081],[12.18706,50.31203],[12.18346,50.31664],[12.18402,50.32176],[12.1758,50.32286],[12.14692,50.32155],[12.13242,50.31924],[12.12396,50.31562],[12.11594,50.31631],[12.11449,50.32009],[12.10692,50.32183],[12.1009,50.31803],[12.0919,50.3257],[12.09242,50.3289],[12.08827,50.33179],[12.07798,50.32783],[12.06508,50.33194],[12.05555,50.32842],[12.0419,50.33319],[12.0333,50.32971],[12.02981,50.33955],[12.02001,50.34047],[12.01399,50.34695],[11.99988,50.34652],[11.99676,50.35328],[11.99183,50.35208],[11.98395,50.35016],[11.97604,50.35229],[11.982,50.35711],[11.97778,50.36252],[11.98412,50.36538],[11.97945,50.36892],[11.9839,50.37511],[11.97938,50.3794],[11.9813,50.38484],[11.98266,50.38749],[11.97295,50.39198],[11.96851,50.39756],[11.96483,50.39921],[11.96114,50.39622],[11.95486,50.39663],[11.95146,50.39443],[11.94826,50.39928],[11.95355,50.40667],[11.94472,50.4115],[11.94433,50.41647],[11.93495,50.42286],[11.92923,50.42181],[11.91932,50.42473],[11.92598,50.42816],[11.92698,50.43217],[11.89858,50.43619],[11.88935,50.44251],[11.89422,50.44463],[11.895,50.44946],[11.90508,50.45347],[11.91709,50.45436],[11.92133,50.45894],[11.93187,50.46266],[11.9434,50.45596],[11.94767,50.45552],[11.94471,50.45964],[11.94649,50.4637],[11.93969,50.47221],[11.94657,50.47845],[11.96021,50.48054],[11.96371,50.48477],[11.96204,50.48995],[11.95138,50.49574],[11.94381,50.50561],[11.93918,50.50366],[11.93331,50.50702],[11.9321,50.52155],[11.92526,50.52555],[11.92034,50.52302],[11.91626,50.52416],[11.91699,50.51711],[11.90246,50.51602],[11.88788,50.5175],[11.87246,50.539],[11.8739,50.54179],[11.88504,50.55169],[11.91168,50.55524],[11.9182,50.56016],[11.92059,50.55621],[11.92564,50.55714],[11.92366,50.56128],[11.93279,50.56887],[11.92443,50.58537],[11.94414,50.59128],[11.95523,50.59758],[11.95955,50.60363],[11.9639,50.60051],[11.96851,50.60047],[11.9877,50.6106],[11.98074,50.62175],[11.99183,50.62525],[11.99935,50.62763],[12.00306,50.63422],[12.01092,50.63468],[12.02083,50.62589],[12.01233,50.62022],[12.00567,50.61223],[12.02113,50.59897],[12.03172,50.59744],[12.03534,50.59403],[12.03126,50.58342],[12.03455,50.58118],[12.01754,50.56784],[12.03109,50.55689],[12.0312,50.54991],[12.04075,50.55312],[12.05324,50.55162],[12.07582,50.55758],[12.07542,50.56643],[12.07881,50.56983],[12.07977,50.57706],[12.08614,50.57877],[12.10152,50.57894],[12.10619,50.57328],[12.11542,50.56757],[12.12,50.5672],[12.12764,50.57363],[12.1362,50.5735],[12.15515,50.57359],[12.15981,50.57965],[12.15862,50.58313],[12.14601,50.58504],[12.13377,50.58293],[12.12848,50.58601],[12.1227,50.58553],[12.11211,50.58936],[12.11751,50.59731],[12.1455,50.606],[12.14969,50.61537],[12.14692,50.62251],[12.15076,50.62827],[12.1698,50.62826],[12.17475,50.62419],[12.17621,50.61497],[12.18294,50.61288],[12.19025,50.61596],[12.1898,50.62379],[12.19807,50.63149],[12.1999,50.6403],[12.20545,50.63977],[12.21075,50.63517],[12.22301,50.63126],[12.2304,50.63177],[12.2338,50.62749],[12.24051,50.62942],[12.24544,50.63344],[12.26498,50.63137],[12.26527,50.64346],[12.27995,50.64418],[12.28121,50.64666],[12.29876,50.65195],[12.30449,50.66211],[12.31761,50.66348],[12.31443,50.67064],[12.31892,50.67653],[12.32121,50.68174],[12.31481,50.68524],[12.30859,50.68315],[12.29619,50.68599],[12.27454,50.68675],[12.26386,50.69446],[12.26236,50.69941],[12.26521,50.70251],[12.25433,50.71578],[12.27343,50.7282],[12.2639,50.73712],[12.23571,50.73361],[12.22791,50.73869],[12.22808,50.7476],[12.22935,50.75745],[12.24075,50.76685],[12.26564,50.76122],[12.28427,50.77399],[12.29016,50.78343],[12.28651,50.78925],[12.26924,50.78752],[12.25678,50.78829],[12.2537,50.78936],[12.25354,50.79334],[12.25228,50.80022],[12.24284,50.80906],[12.25005,50.81456],[12.25083,50.81832],[12.26015,50.81205],[12.27048,50.81321],[12.27635,50.81723],[12.27843,50.81044],[12.28301,50.81045],[12.2858,50.81241],[12.28616,50.81977],[12.29098,50.82363],[12.29608,50.81704],[12.30124,50.81683],[12.29645,50.827],[12.29934,50.82962],[12.30738,50.81913],[12.32163,50.82139],[12.33244,50.82072],[12.34678,50.82396],[12.34798,50.83688],[12.35463,50.83952],[12.36278,50.84275],[12.36756,50.84741],[12.37569,50.85101],[12.38072,50.84951],[12.40204,50.84979],[12.40777,50.8558],[12.41229,50.85648],[12.41634,50.85456],[12.41332,50.84661],[12.42021,50.83959],[12.42909,50.84359],[12.44135,50.84403],[12.4415,50.84936],[12.44772,50.85644],[12.44415,50.86258],[12.44663,50.86495],[12.44932,50.86576],[12.44836,50.86745],[12.45319,50.86853],[12.45514,50.86898],[12.45688,50.86822],[12.46239,50.86941],[12.46403,50.87012],[12.46038,50.88089],[12.48025,50.88807],[12.48396,50.89265],[12.48931,50.89274],[12.51112,50.8941],[12.50871,50.90343],[12.52132,50.9076],[12.52641,50.90281],[12.53756,50.90111],[12.5582,50.90592],[12.57343,50.90108],[12.58474,50.90402],[12.59136,50.90289],[12.61456,50.90542],[12.62006,50.90938],[12.62754,50.90522],[12.6382,50.9034],[12.64012,50.90307],[12.64147,50.91118],[12.65324,50.91911],[12.65287,50.92368],[12.64408,50.92707],[12.64088,50.93285],[12.6382,50.93482],[12.63184,50.93951],[12.62529,50.94014],[12.62503,50.94218],[12.62957,50.94419],[12.62235,50.96353],[12.62094,50.9759],[12.61735,50.98079],[12.60599,50.99558],[12.58358,50.98948],[12.57861,50.98601],[12.55485,50.99717],[12.53837,50.9969],[12.52755,50.9989],[12.52827,51.00225],[12.53961,51.00645],[12.53556,51.0153],[12.53885,51.02425],[12.52146,51.02369],[12.51686,51.02498],[12.51502,51.01893],[12.50911,51.01793],[12.51086,51.02624],[12.50377,51.03469],[12.50324,51.04842],[12.50277,51.05142],[12.50785,51.05397],[12.50152,51.06408],[12.49491,51.06585],[12.47054,51.06435],[12.46115,51.07028],[12.45838,51.08455],[12.45355,51.08305],[12.44963,51.07712],[12.42236,51.07805],[12.41348,51.07566],[12.41045,51.07285],[12.39951,51.07795],[12.39297,51.08357],[12.38694,51.08333],[12.37625,51.07763],[12.36802,51.0786],[12.35495,51.0836],[12.35594,51.09386],[12.35463,51.09465],[12.35205,51.09619],[12.33212,51.10334],[12.31906,51.09415],[12.3103,51.09401],[12.3043,51.09677],[12.29035,51.0912],[12.28355,51.09192],[12.2773,51.09904],[12.26432,51.09995],[12.25407,51.09763],[12.23171,51.10355],[12.22252,51.10965],[12.22453,51.11816],[12.22112,51.12253],[12.22411,51.12302],[12.22852,51.12062],[12.23698,51.12493],[12.24128,51.12978],[12.23021,51.13613],[12.19619,51.14191],[12.19728,51.1588],[12.20226,51.16311],[12.20544,51.17003],[12.21149,51.17325],[12.20958,51.17658],[12.21251,51.18288],[12.19237,51.18516],[12.17555,51.18193],[12.17418,51.18952],[12.18071,51.18987],[12.18598,51.19144],[12.18668,51.1942],[12.19094,51.19596],[12.19041,51.20437],[12.20429,51.21471],[12.1977,51.21809],[12.19274,51.23564],[12.19949,51.23842],[12.19356,51.24099],[12.18909,51.25694],[12.17458,51.25866],[12.17291,51.26562],[12.16634,51.26694],[12.1709,51.27551],[12.17176,51.28469],[12.16879,51.29278],[12.15794,51.29285],[12.15567,51.30048],[12.15671,51.3045],[12.14881,51.31983],[12.16354,51.32098],[12.16838,51.32703],[12.19155,51.32985],[12.19354,51.33252],[12.191,51.34996],[12.19447,51.35795],[12.18773,51.36423],[12.18925,51.36896],[12.18416,51.37094],[12.18719,51.37657],[12.17702,51.37738],[12.17349,51.38446],[12.18395,51.38803],[12.17787,51.39046],[12.17535,51.39916],[12.17701,51.40519],[12.17353,51.41026],[12.18,51.41045],[12.1832,51.41077],[12.18261,51.41435],[12.18668,51.41444],[12.18982,51.42085],[12.18594,51.4217],[12.18138,51.43234],[12.1721,51.43381],[12.16779,51.43076],[12.15784,51.4331],[12.15742,51.44317],[12.15476,51.44527],[12.15792,51.44672],[12.1578,51.45088],[12.14867,51.45949],[12.14974,51.46284],[12.17463,51.46934],[12.17701,51.48217],[12.20224,51.48557],[12.20166,51.48977],[12.20635,51.49254],[12.20786,51.50139],[12.19866,51.50286],[12.19155,51.5074],[12.1938,51.51027],[12.19118,51.52218],[12.19307,51.53026],[12.19894,51.53132],[12.20648,51.53565],[12.21115,51.54187],[12.22054,51.54425],[12.22068,51.54666],[12.23061,51.54784],[12.23076,51.5523],[12.23589,51.55432],[12.23365,51.56069],[12.24161,51.56585],[12.24663,51.56563],[12.25099,51.55968],[12.29002,51.5608],[12.29722,51.56597],[12.31301,51.56882],[12.32126,51.5779],[12.34124,51.58044],[12.34259,51.58256],[12.33786,51.58607],[12.34129,51.58502],[12.34803,51.584],[12.34837,51.58665],[12.35463,51.58556],[12.36768,51.58309],[12.37204,51.58681],[12.38802,51.5858],[12.39178,51.58776],[12.41097,51.58227],[12.42453,51.58258],[12.42726,51.59829],[12.43657,51.59985],[12.43735,51.60222],[12.43384,51.60513],[12.4387,51.60576],[12.44428,51.60955],[12.46015,51.60358],[12.4728,51.60509],[12.48551,51.60414],[12.48646,51.60129],[12.47813,51.59608],[12.48202,51.59354],[12.48993,51.5976],[12.49619,51.59704],[12.49753,51.60418],[12.50301,51.60469],[12.50734,51.6078],[12.52467,51.60634],[12.53407,51.60576],[12.54066,51.60264],[12.54363,51.60376],[12.54306,51.60722],[12.55926,51.60891],[12.56356,51.61391],[12.57478,51.61636],[12.58026,51.62607],[12.59071,51.62198],[12.5938,51.61853],[12.60535,51.6262],[12.62098,51.62742],[12.62523,51.62726],[12.62796,51.62463],[12.62185,51.61687],[12.61254,51.61427],[12.60833,51.6106],[12.6382,51.61815],[12.64783,51.62059],[12.65008,51.6253],[12.65756,51.62972],[12.66476,51.63116],[12.66727,51.64238],[12.67617,51.6492],[12.67956,51.65647],[12.68743,51.66187],[12.71314,51.66171],[12.73801,51.65578],[12.75073,51.65016],[12.77079,51.64733],[12.78151,51.65348],[12.79149,51.66474],[12.80624,51.66707],[12.83063,51.67621],[12.8301,51.68166],[12.84425,51.6842],[12.85686,51.67807]]],[[[12.04916,50.3255],[12.04683,50.32489],[12.04526,50.32791],[12.04597,50.33021],[12.04914,50.3286],[12.04916,50.3255]]]]},"properties":{"code":"DED","nom":"Sachsen","country":"DE"}},{"type":"Feature","geometry":{"type":"MultiPolygon","coordinates":[[[[7.83574,50.92924],[7.83883,50.92704],[7.84657,50.93],[7.8515,50.92583],[7.83388,50.90767],[7.83464,50.90129],[7.82742,50.89132],[7.82926,50.88239],[7.8524,50.87759],[7.86893,50.87842],[7.87408,50.87544],[7.88272,50.87417],[7.88738,50.86607],[7.89322,50.8643],[7.89371,50.85959],[7.90101,50.85263],[7.90633,50.84838],[7.91561,50.84522],[7.92574,50.84482],[7.93897,50.8481],[7.95097,50.84603],[7.95817,50.84836],[7.96502,50.84521],[7.96894,50.83592],[7.97731,50.83281],[7.97474,50.82882],[7.97606,50.82168],[7.97196,50.8147],[7.97321,50.81437],[7.97323,50.80382],[7.96746,50.79756],[7.96853,50.78606],[7.96517,50.7828],[7.96969,50.77327],[7.98403,50.76099],[7.99973,50.75503],[8.01032,50.74548],[8.02763,50.73341],[8.04032,50.72482],[8.04277,50.7117],[8.03969,50.69738],[8.04139,50.69665],[8.05966,50.69504],[8.07752,50.70544],[8.08359,50.70323],[8.09823,50.70341],[8.11029,50.69749],[8.12158,50.68601],[8.12578,50.68581],[8.12034,50.67774],[8.11258,50.67557],[8.11023,50.6709],[8.10969,50.66516],[8.10991,50.66002],[8.11009,50.65725],[8.11269,50.65405],[8.11396,50.6525],[8.11556,50.65186],[8.12095,50.64813],[8.12686,50.64447],[8.13004,50.63747],[8.13909,50.63226],[8.14085,50.62687],[8.13653,50.61737],[8.12697,50.61011],[8.12796,50.60772],[8.15159,50.59937],[8.14714,50.58211],[8.13276,50.55973],[8.13701,50.55108],[8.12181,50.54884],[8.11166,50.54266],[8.11488,50.53924],[8.12088,50.53966],[8.1176,50.53525],[8.1035,50.53333],[8.0861,50.53837],[8.07052,50.538],[8.06975,50.54225],[8.06905,50.54594],[8.06562,50.54885],[8.04161,50.55699],[8.0413,50.55324],[8.03397,50.55191],[8.02909,50.55038],[8.02766,50.54471],[8.02384,50.54215],[8.01001,50.53053],[8.00454,50.52994],[7.9963,50.52451],[7.99378,50.52223],[7.99568,50.51948],[7.99656,50.51723],[7.99455,50.51601],[7.99076,50.51468],[7.98294,50.51146],[7.98909,50.49883],[7.9789,50.49538],[7.98103,50.49251],[7.9793,50.48532],[7.98606,50.48129],[7.98767,50.47273],[7.99511,50.46935],[8.00141,50.46268],[8.00982,50.45987],[8.01006,50.45268],[8.00707,50.44895],[8.00124,50.44735],[8.00102,50.44531],[7.99692,50.44473],[7.99063,50.44394],[7.98939,50.44289],[7.98808,50.43974],[7.97691,50.43776],[7.97512,50.4359],[7.98778,50.43503],[7.98511,50.4321],[7.98682,50.42788],[7.97865,50.41646],[7.97399,50.41452],[7.96617,50.41521],[7.96474,50.41096],[7.97156,50.40622],[7.9824,50.40742],[7.98964,50.40103],[7.98727,50.39944],[7.98963,50.39817],[8.014,50.40094],[8.02376,50.40077],[8.02036,50.38849],[8.01432,50.38447],[8.0199,50.3825],[8.0328,50.38198],[8.04207,50.3856],[8.04666,50.37906],[8.05226,50.37885],[8.05232,50.37564],[8.06075,50.37319],[8.06385,50.36882],[8.06742,50.35881],[8.06998,50.35814],[8.07043,50.35575],[8.07588,50.34962],[8.077,50.33981],[8.07622,50.33619],[8.07144,50.33263],[8.0753,50.32988],[8.08646,50.32991],[8.09294,50.3299],[8.09569,50.3274],[8.10182,50.32657],[8.10615,50.32226],[8.10462,50.31264],[8.10389,50.30798],[8.11935,50.29812],[8.12191,50.27722],[8.11146,50.27006],[8.1048,50.26043],[8.09142,50.2646],[8.08066,50.26127],[8.08188,50.2657],[8.07513,50.26758],[8.07193,50.27242],[8.05933,50.27339],[8.04248,50.27243],[8.03666,50.27093],[8.03546,50.26533],[8.03212,50.26382],[8.02975,50.26326],[8.02985,50.26203],[8.02559,50.26174],[8.02511,50.25993],[8.02165,50.25834],[8.02516,50.25481],[8.03194,50.25512],[8.03787,50.24911],[8.03619,50.24628],[8.04392,50.24307],[8.04871,50.24368],[8.04897,50.24222],[8.04922,50.24084],[8.05768,50.23455],[8.0468,50.228],[8.04174,50.22908],[8.03805,50.22693],[8.0403,50.22555],[8.03379,50.22088],[8.03505,50.21559],[8.01312,50.218],[8.01132,50.22192],[8.00378,50.22456],[8.00546,50.22912],[7.99919,50.23043],[7.99388,50.2322],[7.99594,50.23586],[7.9902,50.23866],[7.98789,50.23035],[7.98426,50.22703],[7.96186,50.22054],[7.95305,50.2204],[7.94908,50.21768],[7.95156,50.21426],[7.94472,50.20951],[7.91982,50.20742],[7.90783,50.20076],[7.91071,50.19422],[7.88309,50.18039],[7.88791,50.17456],[7.88517,50.16864],[7.89192,50.16239],[7.89891,50.15956],[7.90274,50.15846],[7.90817,50.15626],[7.90933,50.15527],[7.91124,50.15366],[7.91158,50.15228],[7.9138,50.15107],[7.91686,50.1505],[7.91734,50.14916],[7.93176,50.14397],[7.92269,50.1331],[7.92695,50.11908],[7.92581,50.10744],[7.9301,50.10374],[7.92373,50.10285],[7.91355,50.11505],[7.90253,50.12136],[7.89861,50.12127],[7.88524,50.11496],[7.8684,50.1209],[7.85941,50.12731],[7.85402,50.12833],[7.8524,50.12755],[7.84492,50.1235],[7.84309,50.11239],[7.83523,50.11002],[7.83484,50.10453],[7.83759,50.10114],[7.83184,50.09879],[7.83006,50.09318],[7.83561,50.09446],[7.8342,50.09153],[7.83852,50.08706],[7.83533,50.08341],[7.82894,50.08175],[7.82262,50.08332],[7.81785,50.08111],[7.8131,50.08346],[7.80394,50.08421],[7.79621,50.07658],[7.78833,50.07258],[7.78422,50.06765],[7.774,50.06654],[7.77265,50.06161],[7.77262,50.05846],[7.77372,50.05631],[7.7765,50.05352],[7.77966,50.05111],[7.78471,50.04841],[7.79221,50.04418],[7.80168,50.04054],[7.80588,50.03934],[7.8087,50.03651],[7.83005,50.02155],[7.8524,50.01252],[7.85825,50.00635],[7.8644,49.98268],[7.86804,49.97868],[7.87572,49.97362],[7.88605,49.97204],[7.94694,49.97503],[7.95212,49.97623],[7.95739,49.97697],[7.9674,49.97777],[7.97638,49.98039],[7.98722,49.9844],[8.03559,50.00199],[8.05434,50.00513],[8.06213,50.00547],[8.07252,50.00592],[8.07473,50.00614],[8.07737,50.00651],[8.07957,50.0069],[8.08779,50.00916],[8.11363,50.01949],[8.13808,50.02551],[8.14496,50.02641],[8.15197,50.02804],[8.15823,50.02988],[8.16158,50.03086],[8.16483,50.03182],[8.17027,50.03316],[8.17514,50.03426],[8.18095,50.03521],[8.18635,50.03554],[8.19004,50.0353],[8.23018,50.03125],[8.24399,50.0277],[8.27163,50.01069],[8.28824,49.99513],[8.29021,49.99352],[8.29661,49.98993],[8.30145,49.98739],[8.30772,49.98411],[8.31043,49.98211],[8.31877,49.97613],[8.32234,49.97359],[8.32528,49.97099],[8.32944,49.96672],[8.33197,49.96379],[8.3345,49.9607],[8.33763,49.9561],[8.34096,49.95108],[8.34216,49.94904],[8.34235,49.94784],[8.34277,49.94165],[8.34303,49.94051],[8.34628,49.93357],[8.34776,49.93023],[8.35016,49.92604],[8.35165,49.92344],[8.35344,49.92002],[8.35424,49.91762],[8.3546,49.91584],[8.35472,49.91321],[8.35431,49.91063],[8.35362,49.90828],[8.35238,49.90592],[8.34901,49.90224],[8.34302,49.8898],[8.34353,49.88165],[8.34743,49.87401],[8.35906,49.86425],[8.37636,49.86085],[8.38292,49.85596],[8.38511,49.85126],[8.3782,49.83248],[8.37784,49.8275],[8.38465,49.81735],[8.40006,49.80367],[8.40777,49.79201],[8.41312,49.78392],[8.41755,49.77246],[8.41925,49.77092],[8.42071,49.76983],[8.4227,49.76867],[8.42415,49.76792],[8.4262,49.76719],[8.4292,49.76645],[8.43266,49.76597],[8.43553,49.76579],[8.43898,49.76571],[8.4431,49.76572],[8.47347,49.76849],[8.47907,49.76371],[8.47762,49.75786],[8.45528,49.74181],[8.44837,49.73366],[8.44638,49.7308],[8.44514,49.7292],[8.44264,49.72635],[8.44118,49.72486],[8.43981,49.72371],[8.43821,49.72232],[8.43596,49.72099],[8.43355,49.71982],[8.43073,49.71856],[8.42763,49.71745],[8.42555,49.71684],[8.40777,49.71318],[8.38796,49.70911],[8.36047,49.69634],[8.35719,49.69104],[8.35693,49.68682],[8.35647,49.67907],[8.3662,49.66282],[8.38251,49.62697],[8.39299,49.61544],[8.40777,49.60545],[8.40944,49.60432],[8.41477,49.59505],[8.42244,49.58339],[8.4227,49.57419],[8.41612,49.5655],[8.41434,49.5571],[8.42307,49.54182],[8.43621,49.50974],[8.4433,49.49241],[8.44779,49.48765],[8.46342,49.47107],[8.46092,49.46537],[8.44343,49.45788],[8.44286,49.45048],[8.45357,49.44429],[8.47251,49.44351],[8.48182,49.44405],[8.48795,49.44396],[8.49191,49.44372],[8.49556,49.44327],[8.49888,49.44265],[8.50083,49.44202],[8.50262,49.44122],[8.50446,49.44014],[8.50569,49.43908],[8.50702,49.4375],[8.50783,49.43597],[8.50824,49.43449],[8.50836,49.43278],[8.50799,49.43115],[8.50734,49.42993],[8.50635,49.42832],[8.50334,49.42381],[8.5017,49.42106],[8.4998,49.41734],[8.4986,49.41455],[8.49732,49.41135],[8.49672,49.40947],[8.49645,49.40808],[8.49619,49.40663],[8.496,49.40425],[8.49619,49.40214],[8.46589,49.3873],[8.46436,49.37737],[8.47022,49.37389],[8.47558,49.37452],[8.49205,49.38611],[8.5004,49.38901],[8.50089,49.38693],[8.50136,49.38358],[8.50137,49.38044],[8.50092,49.37636],[8.49976,49.37148],[8.49681,49.36418],[8.4951,49.36123],[8.49207,49.35718],[8.48927,49.35401],[8.48638,49.35119],[8.48329,49.34859],[8.47977,49.34596],[8.47517,49.34307],[8.47092,49.34071],[8.46726,49.33896],[8.46301,49.33694],[8.4596,49.33494],[8.45756,49.33361],[8.45552,49.33209],[8.45085,49.32458],[8.45243,49.31738],[8.45842,49.31321],[8.48323,49.30523],[8.48861,49.29799],[8.48727,49.29003],[8.48118,49.28639],[8.46699,49.28298],[8.46518,49.28234],[8.46321,49.28151],[8.46085,49.2805],[8.45819,49.27911],[8.45616,49.27772],[8.45405,49.27603],[8.45091,49.2725],[8.44802,49.26933],[8.44555,49.26688],[8.43253,49.25823],[8.41307,49.24982],[8.40777,49.2475],[8.39747,49.24197],[8.3882,49.23202],[8.38514,49.22074],[8.40034,49.22542],[8.40366,49.2238],[8.40452,49.21931],[8.39819,49.20757],[8.38508,49.19746],[8.38121,49.18569],[8.38002,49.18395],[8.37745,49.18062],[8.36823,49.16594],[8.37105,49.15732],[8.37202,49.15563],[8.37254,49.15373],[8.37271,49.15198],[8.3717,49.14754],[8.37111,49.14523],[8.36738,49.12946],[8.36416,49.11672],[8.36191,49.10863],[8.36037,49.10321],[8.35955,49.10126],[8.35809,49.09778],[8.35461,49.09313],[8.35052,49.08895],[8.33997,49.08015],[8.33483,49.07657],[8.32811,49.07221],[8.32399,49.06845],[8.32054,49.06496],[8.31826,49.06254],[8.31644,49.06048],[8.31442,49.05793],[8.31169,49.05431],[8.30871,49.04996],[8.30621,49.04537],[8.30414,49.04065],[8.30262,49.03523],[8.30185,49.03071],[8.30112,49.02714],[8.30062,49.02432],[8.30019,49.02174],[8.29961,49.01966],[8.29866,49.01682],[8.29737,49.0135],[8.29594,49.01076],[8.2931,49.00585],[8.29153,49.00359],[8.2876,48.99843],[8.28581,48.99656],[8.28419,48.99499],[8.28181,48.993],[8.27988,48.99156],[8.27735,48.98994],[8.27204,48.9869],[8.26963,48.98561],[8.26128,48.98092],[8.23935,48.96934],[8.23263,48.96657],[8.22816,48.97217],[8.2237,48.97534],[8.21621,48.97507],[8.19952,48.96773],[8.1965,48.96933],[8.19423,48.97647],[8.17447,48.97884],[8.1631,48.97762],[8.16243,48.97755],[8.14748,48.97765],[8.13287,48.98116],[8.12382,48.98523],[8.11344,48.98614],[8.10388,48.98942],[8.09144,48.98939],[8.0705,48.99682],[8.06841,48.99932],[8.06821,48.99938],[8.06305,49.00549],[8.05042,49.01319],[8.04169,49.01579],[8.03027,49.01857],[8.02328,49.0181],[8.01387,49.02175],[8.01136,49.02486],[7.9971,49.02864],[7.98295,49.02646],[7.97543,49.02755],[7.9644,49.04288],[7.95777,49.04342],[7.94637,49.04998],[7.94529,49.05432],[7.93351,49.05758],[7.92112,49.0427],[7.91457,49.041],[7.91065,49.04516],[7.90291,49.04486],[7.8882,49.04832],[7.87479,49.04059],[7.86737,49.03301],[7.85546,49.03535],[7.8524,49.03755],[7.85036,49.04311],[7.83087,49.04766],[7.81865,49.0543],[7.80962,49.06118],[7.79572,49.06509],[7.78905,49.05892],[7.78382,49.05834],[7.7785,49.05764],[7.77653,49.05674],[7.77435,49.0547],[7.76606,49.04678],[7.75925,49.04556],[7.74131,49.04696],[7.73488,49.04421],[7.73205,49.04437],[7.73058,49.05504],[7.72153,49.05164],[7.71668,49.05353],[7.70894,49.05293],[7.70481,49.05604],[7.69595,49.0578],[7.69424,49.0567],[7.69245,49.05412],[7.69716,49.05176],[7.6973,49.04963],[7.68142,49.04867],[7.67347,49.0454],[7.64826,49.05133],[7.63565,49.05395],[7.63186,49.05558],[7.63003,49.07268],[7.61866,49.0748],[7.60598,49.08126],[7.59814,49.08295],[7.56866,49.07988],[7.55883,49.08224],[7.55574,49.08355],[7.54979,49.08584],[7.54459,49.08844],[7.54045,49.0911],[7.53569,49.0936],[7.5378,49.09641],[7.52868,49.09709],[7.52946,49.10205],[7.52352,49.10606],[7.51589,49.12021],[7.50544,49.12311],[7.49749,49.1343],[7.48957,49.13647],[7.49009,49.14132],[7.49479,49.14207],[7.49783,49.14638],[7.50532,49.15083],[7.50616,49.15356],[7.49543,49.15646],[7.49379,49.16774],[7.49176,49.16948],[7.48054,49.16944],[7.46899,49.16759],[7.46108,49.16346],[7.45705,49.16414],[7.45384,49.16691],[7.44839,49.16854],[7.43934,49.1646],[7.43552,49.16462],[7.43303,49.16599],[7.43338,49.16806],[7.43952,49.17022],[7.44139,49.17205],[7.44047,49.17467],[7.43644,49.17738],[7.4363,49.1795],[7.44565,49.18415],[7.41069,49.17926],[7.38186,49.17513],[7.38112,49.17503],[7.36555,49.17122],[7.36876,49.16146],[7.36284,49.15921],[7.35104,49.16256],[7.34375,49.17205],[7.33635,49.17587],[7.33721,49.18459],[7.32034,49.1895],[7.30349,49.20495],[7.29724,49.20528],[7.30241,49.22261],[7.28993,49.23043],[7.2934,49.23442],[7.28992,49.23802],[7.30168,49.24392],[7.30404,49.25189],[7.30772,49.25606],[7.31219,49.25703],[7.31604,49.25156],[7.32396,49.24838],[7.32712,49.25352],[7.3262,49.25804],[7.33851,49.26382],[7.34366,49.27033],[7.34352,49.27314],[7.33609,49.27652],[7.33597,49.27881],[7.35338,49.28272],[7.36406,49.27861],[7.36661,49.2823],[7.37412,49.28261],[7.38439,49.29335],[7.37986,49.29894],[7.38133,49.30702],[7.3903,49.31067],[7.39449,49.31635],[7.39114,49.32044],[7.38088,49.31734],[7.37873,49.31912],[7.39108,49.32704],[7.39998,49.33669],[7.40192,49.34618],[7.39302,49.35181],[7.40039,49.35574],[7.39499,49.36292],[7.40208,49.36772],[7.40033,49.37085],[7.3959,49.37205],[7.36775,49.36374],[7.36857,49.37332],[7.3557,49.37494],[7.35437,49.37975],[7.3222,49.3805],[7.31478,49.38453],[7.30297,49.38742],[7.30162,49.38909],[7.29022,49.3895],[7.29113,49.39398],[7.29894,49.39852],[7.29538,49.40071],[7.29632,49.40489],[7.2926,49.40822],[7.29007,49.41471],[7.27251,49.42384],[7.26159,49.42419],[7.25259,49.43147],[7.25105,49.43457],[7.25443,49.44032],[7.24773,49.44579],[7.27244,49.45203],[7.27651,49.45584],[7.28693,49.45769],[7.2884,49.46133],[7.29936,49.46595],[7.30492,49.4742],[7.304,49.47556],[7.3012,49.47673],[7.29977,49.4788],[7.29684,49.48355],[7.27945,49.48438],[7.2806,49.48765],[7.28354,49.49603],[7.28707,49.49906],[7.28201,49.50581],[7.28316,49.50974],[7.28753,49.51269],[7.28796,49.51796],[7.29343,49.52136],[7.29697,49.52168],[7.30166,49.51895],[7.30783,49.51995],[7.30863,49.52429],[7.2998,49.53092],[7.30201,49.53481],[7.29069,49.53476],[7.27738,49.53778],[7.27662,49.54862],[7.27379,49.55277],[7.27462,49.56107],[7.27307,49.56227],[7.27105,49.56226],[7.26921,49.56223],[7.26748,49.56388],[7.26916,49.56501],[7.26772,49.56808],[7.26605,49.56935],[7.26376,49.57061],[7.26293,49.57535],[7.2687,49.58408],[7.2621,49.58322],[7.25567,49.57618],[7.24949,49.57437],[7.24287,49.57352],[7.24083,49.56897],[7.22346,49.56502],[7.21418,49.56599],[7.21037,49.56878],[7.21328,49.57409],[7.21,49.57715],[7.18761,49.57672],[7.18168,49.58257],[7.17219,49.5868],[7.17371,49.59907],[7.16864,49.59714],[7.16544,49.59705],[7.16152,49.59855],[7.15088,49.60288],[7.13243,49.59641],[7.12082,49.59587],[7.10807,49.59876],[7.10142,49.60443],[7.08869,49.60032],[7.07963,49.61208],[7.05981,49.62982],[7.02798,49.63944],[7.0263,49.63848],[7.02002,49.63293],[7.0171,49.63103],[7.0124,49.62836],[7.00831,49.62948],[7.00521,49.63076],[7.00302,49.63144],[7.00102,49.63088],[6.99103,49.62748],[6.99153,49.63547],[6.98865,49.63352],[6.97983,49.63299],[6.97649,49.6354],[6.96686,49.6309],[6.95795,49.62985],[6.952,49.62566],[6.94945,49.62683],[6.94668,49.63539],[6.93276,49.63103],[6.93634,49.62526],[6.93509,49.61943],[6.9352,49.61656],[6.93247,49.61695],[6.92827,49.61754],[6.93013,49.61408],[6.92834,49.61257],[6.91985,49.61648],[6.90459,49.61433],[6.89297,49.61611],[6.89145,49.61342],[6.88619,49.61176],[6.88969,49.60706],[6.88245,49.6076],[6.87892,49.6019],[6.8706,49.60789],[6.86415,49.60787],[6.85747,49.60484],[6.8464,49.59057],[6.83912,49.59264],[6.83949,49.58732],[6.83542,49.58293],[6.83289,49.58428],[6.82646,49.58708],[6.82426,49.58841],[6.8223,49.58636],[6.82116,49.58749],[6.81977,49.58869],[6.81689,49.59035],[6.81344,49.592],[6.81186,49.59126],[6.80957,49.59061],[6.80573,49.58922],[6.80166,49.58807],[6.80093,49.58662],[6.79821,49.58635],[6.79323,49.58138],[6.7898,49.57988],[6.78712,49.57622],[6.78173,49.57253],[6.77816,49.57022],[6.77469,49.56952],[6.77213,49.56913],[6.76969,49.56885],[6.7675,49.56904],[6.76458,49.56776],[6.76148,49.5649],[6.75844,49.56255],[6.75688,49.56144],[6.74646,49.55784],[6.73245,49.5598],[6.71872,49.55571],[6.70876,49.55291],[6.70062,49.54223],[6.69037,49.53586],[6.68348,49.54778],[6.66255,49.54314],[6.65862,49.54436],[6.65282,49.55094],[6.65043,49.54951],[6.65095,49.54338],[6.64352,49.53848],[6.63359,49.5416],[6.61924,49.53601],[6.61919,49.52928],[6.60737,49.52814],[6.60986,49.52123],[6.60475,49.51782],[6.60006,49.51768],[6.59006,49.51739],[6.58282,49.52052],[6.57595,49.53255],[6.56396,49.54056],[6.55482,49.53632],[6.53817,49.53882],[6.52385,49.52925],[6.51777,49.52822],[6.51518,49.52973],[6.51493,49.53508],[6.50659,49.53468],[6.4986,49.53073],[6.49422,49.53079],[6.48651,49.53356],[6.47657,49.54157],[6.46701,49.54301],[6.46285,49.54343],[6.45253,49.539],[6.44896,49.54315],[6.4453,49.5429],[6.43144,49.54845],[6.42451,49.54766],[6.41572,49.5437],[6.4067,49.54799],[6.39329,49.54774],[6.38005,49.5511],[6.38159,49.55743],[6.37567,49.56191],[6.35812,49.57232],[6.36049,49.57556],[6.36751,49.57838],[6.37783,49.57689],[6.3812,49.57831],[6.37412,49.59004],[6.38223,49.59753],[6.39238,49.60034],[6.40185,49.60441],[6.4228,49.62229],[6.44038,49.65514],[6.43846,49.65926],[6.43182,49.66046],[6.42608,49.66369],[6.43109,49.66945],[6.44979,49.68067],[6.45616,49.68682],[6.46143,49.69192],[6.47933,49.69642],[6.49661,49.70978],[6.50702,49.71264],[6.50561,49.71671],[6.49614,49.72545],[6.50328,49.72626],[6.51191,49.72157],[6.51607,49.72419],[6.50199,49.73314],[6.50095,49.75203],[6.51862,49.76245],[6.51379,49.77164],[6.51038,49.7752],[6.51623,49.78264],[6.50662,49.79008],[6.52194,49.79798],[6.52985,49.80514],[6.52897,49.80936],[6.52024,49.81248],[6.51482,49.80407],[6.511,49.80285],[6.5045,49.80953],[6.48775,49.81249],[6.47496,49.82127],[6.46712,49.82099],[6.45364,49.81135],[6.45193,49.81142],[6.44063,49.81372],[6.42959,49.81143],[6.42452,49.81568],[6.40138,49.82023],[6.39136,49.82817],[6.38468,49.83275],[6.3668,49.84911],[6.36247,49.8507],[6.34166,49.84853],[6.33678,49.83955],[6.32966,49.83622],[6.32043,49.84062],[6.32132,49.85329],[6.31442,49.85989],[6.31088,49.86937],[6.29692,49.86693],[6.29136,49.87376],[6.28263,49.87805],[6.27339,49.87727],[6.25911,49.88359],[6.24509,49.89563],[6.23551,49.89919],[6.2279,49.91047],[6.23382,49.91419],[6.22916,49.92057],[6.21817,49.92297],[6.22617,49.92939],[6.22422,49.93355],[6.22628,49.93708],[6.21768,49.94476],[6.22391,49.94994],[6.21274,49.95041],[6.20466,49.95503],[6.19781,49.94841],[6.19137,49.96798],[6.18635,49.96776],[6.18248,49.96466],[6.18642,49.95624],[6.18464,49.95448],[6.17814,49.95447],[6.17596,49.96128],[6.16998,49.96395],[6.16556,49.97014],[6.16624,49.97682],[6.16843,49.98069],[6.17078,49.98506],[6.15352,49.98942],[6.15028,49.9939],[6.14232,49.99527],[6.13878,49.99833],[6.14505,49.99921],[6.14893,50.00908],[6.13752,50.01172],[6.13321,50.01693],[6.13915,50.01751],[6.14544,50.0231],[6.13035,50.02999],[6.13347,50.04192],[6.12195,50.0532],[6.12295,50.05926],[6.11684,50.05671],[6.11293,50.05973],[6.11385,50.06416],[6.12002,50.06546],[6.12852,50.07346],[6.12545,50.07619],[6.12027,50.0729],[6.11721,50.07478],[6.12172,50.08149],[6.12098,50.09192],[6.13194,50.09355],[6.1259,50.0996],[6.13448,50.10383],[6.13142,50.10802],[6.13403,50.11293],[6.12841,50.11718],[6.13,50.12124],[6.13602,50.12441],[6.13766,50.12995],[6.13836,50.13132],[6.13957,50.1347],[6.14859,50.13659],[6.15359,50.14131],[6.15287,50.15009],[6.14838,50.15135],[6.14076,50.14875],[6.13292,50.15464],[6.14242,50.15614],[6.14637,50.15916],[6.14659,50.16194],[6.14076,50.16806],[6.14652,50.17073],[6.14667,50.17688],[6.1518,50.17631],[6.15733,50.17201],[6.16119,50.17462],[6.16467,50.17863],[6.18435,50.17858],[6.19275,50.18187],[6.18712,50.18394],[6.18961,50.18739],[6.1847,50.19209],[6.18762,50.20533],[6.17713,50.21656],[6.16689,50.22087],[6.16817,50.2238],[6.17637,50.22659],[6.17393,50.23163],[6.17879,50.23618],[6.19725,50.23809],[6.2001,50.24222],[6.20699,50.25216],[6.21575,50.25634],[6.22283,50.25725],[6.22398,50.25866],[6.22723,50.25869],[6.23572,50.26199],[6.24644,50.26237],[6.2577,50.26707],[6.26422,50.26499],[6.27149,50.26724],[6.27698,50.26613],[6.27827,50.26673],[6.29209,50.27883],[6.28603,50.28423],[6.28681,50.29381],[6.29768,50.3027],[6.29677,50.30878],[6.30879,50.31136],[6.30853,50.31264],[6.30706,50.31995],[6.31266,50.32148],[6.31897,50.3198],[6.32773,50.32392],[6.33317,50.32244],[6.33552,50.31808],[6.34216,50.31783],[6.35058,50.31264],[6.35586,50.30939],[6.35999,50.30808],[6.36102,50.31264],[6.36136,50.31416],[6.37394,50.31363],[6.38324,50.32156],[6.40503,50.32331],[6.4069,50.32353],[6.40957,50.3231],[6.41291,50.32372],[6.41518,50.32454],[6.42045,50.32334],[6.4253,50.32301],[6.42406,50.33383],[6.41338,50.33423],[6.40442,50.34451],[6.40434,50.3509],[6.3981,50.35763],[6.40253,50.36232],[6.39513,50.36252],[6.39728,50.36664],[6.38944,50.37226],[6.39093,50.37957],[6.38611,50.3835],[6.39486,50.38597],[6.41304,50.38949],[6.42117,50.38173],[6.41576,50.37501],[6.42024,50.37283],[6.42088,50.3689],[6.43068,50.36377],[6.43699,50.37065],[6.44695,50.37121],[6.45008,50.36378],[6.45981,50.36067],[6.45789,50.34406],[6.44959,50.33835],[6.45417,50.33702],[6.46596,50.34208],[6.47456,50.33877],[6.48474,50.33856],[6.49224,50.34691],[6.50479,50.35235],[6.50601,50.35886],[6.51505,50.35773],[6.5178,50.36215],[6.53305,50.36938],[6.54182,50.37074],[6.54372,50.36743],[6.54778,50.36724],[6.5606,50.37032],[6.57024,50.37615],[6.58185,50.37754],[6.58883,50.38394],[6.60284,50.38749],[6.60607,50.38195],[6.60213,50.37828],[6.60367,50.37595],[6.61569,50.37667],[6.62573,50.37395],[6.62225,50.35366],[6.6379,50.34527],[6.6528,50.35024],[6.65701,50.35684],[6.65655,50.36727],[6.66741,50.37144],[6.68594,50.35905],[6.69561,50.34664],[6.69924,50.3361],[6.70638,50.34259],[6.73399,50.35277],[6.75485,50.35476],[6.77037,50.36062],[6.77642,50.35884],[6.7784,50.36373],[6.7954,50.36054],[6.80071,50.36178],[6.80038,50.364],[6.80252,50.36742],[6.80275,50.3693],[6.78585,50.37466],[6.76998,50.3927],[6.77125,50.39848],[6.77931,50.40497],[6.77952,50.41372],[6.78414,50.42064],[6.77191,50.4253],[6.76968,50.43069],[6.7712,50.43605],[6.76048,50.43208],[6.74719,50.43519],[6.74454,50.44039],[6.76378,50.45072],[6.76622,50.45792],[6.7642,50.46153],[6.75764,50.46377],[6.75703,50.4708],[6.75266,50.47058],[6.74916,50.4666],[6.74339,50.46766],[6.74575,50.47289],[6.75957,50.47531],[6.76828,50.48428],[6.77512,50.48303],[6.78158,50.48687],[6.80202,50.49052],[6.80606,50.48756],[6.80798,50.47818],[6.8123,50.47244],[6.83851,50.4647],[6.85505,50.45418],[6.86674,50.45625],[6.873,50.4623],[6.87998,50.46555],[6.90148,50.46909],[6.90242,50.47514],[6.90003,50.47874],[6.90498,50.48489],[6.89888,50.49302],[6.90707,50.50264],[6.88939,50.50734],[6.89703,50.51714],[6.88547,50.51975],[6.88301,50.52689],[6.88675,50.52916],[6.89883,50.53038],[6.89988,50.52744],[6.90702,50.52585],[6.9165,50.52798],[6.9308,50.53534],[6.92267,50.55357],[6.9279,50.55862],[6.93247,50.55976],[6.94658,50.56328],[6.95477,50.56105],[6.95823,50.55681],[6.9721,50.55591],[6.97803,50.5634],[6.98358,50.56573],[6.98568,50.56485],[6.99186,50.56423],[6.9981,50.56505],[7.01546,50.57668],[7.03164,50.58978],[7.0357,50.59457],[7.04919,50.60434],[7.05673,50.60542],[7.05984,50.60093],[7.06586,50.60006],[7.06953,50.59301],[7.08987,50.58606],[7.09421,50.5865],[7.10377,50.59188],[7.11095,50.60159],[7.11262,50.60957],[7.11619,50.61177],[7.12027,50.61151],[7.13243,50.60389],[7.1342,50.60278],[7.14785,50.60029],[7.14871,50.60782],[7.15348,50.61368],[7.1716,50.6127],[7.17591,50.61997],[7.18896,50.62365],[7.19039,50.63459],[7.1952,50.64272],[7.20001,50.64847],[7.21087,50.64954],[7.21146,50.64816],[7.21185,50.64692],[7.21208,50.64552],[7.2121,50.64332],[7.21197,50.63943],[7.21145,50.63404],[7.21147,50.63252],[7.21153,50.63008],[7.2124,50.6234],[7.21941,50.62797],[7.23881,50.62798],[7.25879,50.62507],[7.29512,50.6314],[7.30579,50.63746],[7.31467,50.63744],[7.32148,50.6412],[7.33387,50.63913],[7.35761,50.64914],[7.35556,50.66361],[7.36295,50.6712],[7.36932,50.67255],[7.36734,50.68035],[7.37137,50.68195],[7.36585,50.68762],[7.3674,50.6965],[7.35714,50.6979],[7.37402,50.71753],[7.38627,50.71708],[7.39609,50.7146],[7.40708,50.71781],[7.42341,50.71021],[7.43913,50.71119],[7.44077,50.71144],[7.44725,50.71678],[7.47833,50.71815],[7.47982,50.71825],[7.50227,50.72957],[7.51617,50.72911],[7.51914,50.72949],[7.51977,50.7356],[7.52463,50.73543],[7.5346,50.74034],[7.55129,50.74576],[7.55837,50.743],[7.58146,50.73817],[7.58934,50.74029],[7.59321,50.74218],[7.59308,50.74642],[7.59489,50.75069],[7.59219,50.75655],[7.59975,50.76482],[7.61414,50.76808],[7.61897,50.76977],[7.6462,50.77035],[7.65454,50.76839],[7.65784,50.76991],[7.65947,50.7707],[7.66175,50.77442],[7.65946,50.78439],[7.66819,50.78588],[7.67631,50.78024],[7.68097,50.79365],[7.68222,50.79537],[7.67571,50.80311],[7.67835,50.81063],[7.66606,50.81441],[7.661,50.82036],[7.67485,50.81959],[7.70002,50.82542],[7.70283,50.82759],[7.70538,50.82966],[7.7065,50.83057],[7.70753,50.8338],[7.71339,50.83452],[7.71503,50.84038],[7.72914,50.84981],[7.75659,50.84403],[7.76219,50.84513],[7.75441,50.85135],[7.76478,50.85699],[7.74923,50.86757],[7.7581,50.87901],[7.75327,50.88992],[7.75974,50.901],[7.75356,50.90459],[7.74588,50.9057],[7.74593,50.91232],[7.73579,50.91572],[7.73546,50.91777],[7.74236,50.91976],[7.7485,50.91912],[7.7504,50.91995],[7.75449,50.92162],[7.75728,50.92016],[7.76128,50.92223],[7.7636,50.92295],[7.76762,50.92536],[7.77622,50.92904],[7.78099,50.9344],[7.7859,50.93991],[7.79445,50.94203],[7.81343,50.93862],[7.82733,50.92954],[7.83574,50.92924]],[[8.04369,50.37571],[8.04559,50.37401],[8.0494,50.37536],[8.04888,50.37831],[8.04369,50.37571]]]]},"properties":{"code":"DEB","nom":"Rheinland-Pfalz","country":"DE"}},{"type":"Feature","geometry":{"type":"MultiPolygon","coordinates":[[[[13.87836,53.50251],[13.8742,53.49065],[13.87636,53.48753],[13.88393,53.48477],[13.87671,53.47324],[13.91821,53.456],[13.91799,53.45254],[13.91681,53.44683],[13.90733,53.44451],[13.91136,53.43728],[13.90289,53.43202],[13.90776,53.42637],[13.91775,53.42228],[13.94312,53.42992],[13.96208,53.4299],[14.00007,53.43463],[14.00334,53.43302],[14.00876,53.43034],[14.0456,53.42943],[14.05133,53.41337],[14.07048,53.41469],[14.08249,53.41173],[14.08324,53.41582],[14.09202,53.421],[14.10162,53.42259],[14.1056,53.42325],[14.12184,53.44171],[14.12522,53.44085],[14.13251,53.43936],[14.13775,53.44026],[14.17099,53.42491],[14.18023,53.42268],[14.20651,53.42359],[14.22466,53.43425],[14.23721,53.42744],[14.24089,53.42305],[14.23732,53.41442],[14.24327,53.39876],[14.24253,53.38988],[14.23841,53.38233],[14.23294,53.37146],[14.22294,53.35815],[14.20344,53.34102],[14.1749,53.32214],[14.12522,53.29299],[14.10712,53.27958],[14.10162,53.26771],[14.09882,53.26167],[14.10162,53.26155],[14.12522,53.26053],[14.14203,53.26527],[14.16009,53.26761],[14.17724,53.26208],[14.20012,53.26115],[14.21189,53.25518],[14.25221,53.25732],[14.26605,53.25959],[14.26321,53.27662],[14.30016,53.28586],[14.30896,53.29769],[14.31657,53.31234],[14.34675,53.31056],[14.36393,53.31711],[14.37587,53.31695],[14.38268,53.32371],[14.39356,53.32801],[14.41216,53.32964],[14.41496,53.32335],[14.41128,53.31627],[14.4074,53.30882],[14.41128,53.30482],[14.41497,53.30103],[14.42092,53.27741],[14.44525,53.27443],[14.4502,53.26154],[14.44122,53.25436],[14.4357,53.24895],[14.43203,53.24042],[14.41947,53.23286],[14.41128,53.22563],[14.40917,53.22377],[14.40432,53.20969],[14.37775,53.20156],[14.37451,53.18822],[14.36694,53.17332],[14.37126,53.15731],[14.38648,53.14253],[14.38212,53.13034],[14.37875,53.11297],[14.37019,53.10371],[14.37103,53.09519],[14.36741,53.08252],[14.35784,53.06767],[14.3442,53.05088],[14.31306,53.03571],[14.29306,53.02093],[14.24054,52.99518],[14.21836,52.98873],[14.20581,52.98713],[14.19123,52.98048],[14.17089,52.97466],[14.16225,52.96565],[14.14366,52.96137],[14.1395,52.9515],[14.14376,52.94453],[14.14279,52.93357],[14.14379,52.93088],[14.1517,52.90965],[14.15263,52.90024],[14.15669,52.89559],[14.16113,52.88789],[14.15742,52.8746],[14.12522,52.84689],[14.12412,52.84594],[14.1229,52.84295],[14.12299,52.83756],[14.12412,52.83467],[14.12522,52.83373],[14.12762,52.83166],[14.13072,52.82835],[14.1423,52.82416],[14.20735,52.81917],[14.21555,52.81713],[14.25305,52.78982],[14.25736,52.78718],[14.27991,52.77419],[14.30389,52.76599],[14.32478,52.76117],[14.35084,52.75131],[14.36131,52.74056],[14.37339,52.73638],[14.38439,52.72533],[14.40483,52.7111],[14.41128,52.70359],[14.41308,52.70149],[14.42428,52.69571],[14.43069,52.68396],[14.43644,52.6799],[14.45335,52.6768],[14.45767,52.67345],[14.46173,52.66442],[14.46825,52.65974],[14.49848,52.64735],[14.5146,52.63994],[14.56506,52.6245],[14.59668,52.61001],[14.60827,52.59885],[14.61183,52.58913],[14.61901,52.58297],[14.62583,52.58008],[14.637,52.57532],[14.6396,52.57118],[14.63754,52.56666],[14.62583,52.56074],[14.62021,52.5579],[14.61572,52.55401],[14.61402,52.5456],[14.60448,52.53374],[14.60619,52.52587],[14.6132,52.51023],[14.62583,52.50442],[14.63097,52.50205],[14.63509,52.49581],[14.63,52.48708],[14.62583,52.48451],[14.61346,52.47688],[14.6114,52.47095],[14.6088,52.46387],[14.5782,52.44143],[14.56047,52.43904],[14.54966,52.43355],[14.54429,52.42553],[14.54557,52.41391],[14.54579,52.41193],[14.53593,52.40035],[14.53436,52.39501],[14.55126,52.37539],[14.55248,52.35325],[14.56249,52.33936],[14.56174,52.32833],[14.57523,52.32194],[14.57872,52.31296],[14.58464,52.30633],[14.58366,52.30218],[14.57567,52.29602],[14.57518,52.29001],[14.58797,52.28255],[14.59328,52.2746],[14.60089,52.27205],[14.61695,52.27137],[14.62583,52.26872],[14.64484,52.26306],[14.66137,52.26189],[14.69269,52.25574],[14.69979,52.25132],[14.70537,52.24289],[14.71557,52.23432],[14.71115,52.21796],[14.70446,52.20755],[14.68862,52.19869],[14.68561,52.19371],[14.69941,52.18127],[14.70267,52.17834],[14.7049,52.16764],[14.69559,52.15751],[14.68283,52.14831],[14.67931,52.14262],[14.68386,52.12562],[14.68278,52.1138],[14.69919,52.0988],[14.72324,52.09371],[14.73358,52.08936],[14.74327,52.08326],[14.74481,52.08229],[14.75523,52.07002],[14.75855,52.06579],[14.75745,52.06158],[14.74583,52.05383],[14.74955,52.04241],[14.74789,52.03246],[14.74327,52.02996],[14.74093,52.0287],[14.74074,52.02328],[14.72747,52.01413],[14.72441,52.00806],[14.71538,52.00452],[14.71672,52.00119],[14.7213,51.99617],[14.71618,51.98314],[14.70731,51.97918],[14.70541,51.97637],[14.70814,51.96463],[14.72092,51.95209],[14.71888,51.94207],[14.71255,51.9368],[14.70671,51.93492],[14.70346,51.93066],[14.70482,51.92386],[14.6993,51.9143],[14.69285,51.90989],[14.69284,51.90128],[14.67512,51.89408],[14.67348,51.89007],[14.66361,51.8901],[14.65602,51.88437],[14.65217,51.87476],[14.64372,51.86753],[14.63549,51.86534],[14.62583,51.8591],[14.62448,51.85823],[14.61126,51.85622],[14.60854,51.85277],[14.61024,51.84734],[14.60555,51.84669],[14.60402,51.84112],[14.59633,51.84123],[14.59215,51.83897],[14.59015,51.82103],[14.59762,51.81654],[14.60584,51.80471],[14.62342,51.80083],[14.62583,51.80085],[14.63336,51.80092],[14.64484,51.79535],[14.65108,51.78596],[14.65494,51.77348],[14.65096,51.76228],[14.66312,51.75742],[14.65785,51.75273],[14.65958,51.74839],[14.65721,51.74092],[14.66772,51.72681],[14.67705,51.72276],[14.69156,51.70824],[14.70219,51.70422],[14.72532,51.6903],[14.73714,51.68768],[14.73806,51.67889],[14.74327,51.67693],[14.74653,51.67571],[14.75269,51.6671],[14.75721,51.66066],[14.75504,51.65585],[14.75153,51.65225],[14.75544,51.6455],[14.75398,51.62789],[14.76327,51.61863],[14.76504,51.6082],[14.76104,51.60288],[14.75092,51.5955],[14.74327,51.59295],[14.72986,51.58178],[14.72673,51.5828],[14.72061,51.58636],[14.72081,51.58849],[14.71908,51.58907],[14.71718,51.5904],[14.71659,51.59164],[14.71116,51.59576],[14.70756,51.59731],[14.70017,51.59724],[14.69665,51.59666],[14.70578,51.57696],[14.69408,51.57612],[14.6897,51.5609],[14.67562,51.55147],[14.6625,51.55417],[14.64201,51.55412],[14.62829,51.55044],[14.62583,51.5504],[14.60989,51.55015],[14.60484,51.55499],[14.59903,51.57175],[14.58403,51.57488],[14.58001,51.58018],[14.56963,51.58119],[14.5588,51.57311],[14.5514,51.57202],[14.54444,51.57361],[14.54749,51.56362],[14.54103,51.56038],[14.52651,51.55866],[14.51642,51.55474],[14.4989,51.55914],[14.45282,51.55605],[14.44709,51.5523],[14.44777,51.54207],[14.43873,51.5442],[14.41128,51.53814],[14.40938,51.53772],[14.39841,51.54152],[14.38758,51.54071],[14.38581,51.53439],[14.37553,51.5328],[14.3552,51.52139],[14.34053,51.52032],[14.34284,51.51539],[14.33845,51.50643],[14.3332,51.50539],[14.32554,51.50718],[14.32519,51.51562],[14.32211,51.5194],[14.30432,51.52443],[14.29327,51.52541],[14.27748,51.53109],[14.25733,51.53221],[14.24569,51.52824],[14.24325,51.53183],[14.23011,51.53304],[14.21375,51.53958],[14.17692,51.53927],[14.16332,51.54104],[14.1505,51.54116],[14.1415,51.54367],[14.13438,51.54076],[14.13013,51.53302],[14.13887,51.52365],[14.13432,51.52137],[14.12522,51.52223],[14.11739,51.52297],[14.10685,51.52064],[14.10162,51.51494],[14.09455,51.49811],[14.08785,51.49455],[14.07582,51.49189],[14.08677,51.47869],[14.07186,51.47224],[14.03996,51.47944],[14.03401,51.47571],[14.03584,51.47193],[14.05466,51.46089],[14.05327,51.45169],[14.06167,51.44564],[14.04133,51.43786],[14.03826,51.43485],[14.04363,51.43266],[14.04556,51.42884],[14.03824,51.42844],[14.04347,51.42383],[14.04459,51.41875],[14.04249,51.41789],[14.03685,51.4168],[14.02852,51.40925],[14.02055,51.40769],[14.01645,51.40485],[14.01728,51.40116],[14.02537,51.40008],[14.02715,51.39649],[14.01234,51.39817],[14.00409,51.3953],[14.00692,51.38976],[13.99687,51.38346],[14.0007,51.3726],[13.97125,51.37603],[13.97209,51.3929],[13.96368,51.39591],[13.95241,51.39616],[13.94011,51.38965],[13.90971,51.38334],[13.908,51.37875],[13.88368,51.37521],[13.86916,51.37686],[13.86199,51.38152],[13.83617,51.38327],[13.83531,51.37679],[13.83111,51.37655],[13.82909,51.37581],[13.82648,51.37437],[13.81943,51.36988],[13.80671,51.3729],[13.78252,51.36967],[13.77648,51.36261],[13.76905,51.36266],[13.7652,51.36071],[13.7626,51.36426],[13.76799,51.36909],[13.75802,51.37096],[13.75266,51.36606],[13.74084,51.36126],[13.73911,51.3612],[13.72804,51.36433],[13.7107,51.36428],[13.69125,51.37401],[13.68241,51.36828],[13.67385,51.37274],[13.66875,51.3754],[13.66078,51.36942],[13.63287,51.36862],[13.61722,51.37106],[13.61668,51.36976],[13.61134,51.37021],[13.60851,51.36962],[13.6056,51.36953],[13.59486,51.36979],[13.59508,51.37398],[13.58854,51.38134],[13.58986,51.38423],[13.58812,51.38459],[13.58284,51.38453],[13.57542,51.38493],[13.56996,51.38567],[13.56218,51.38115],[13.55078,51.37849],[13.54504,51.36948],[13.53777,51.37716],[13.53777,51.38105],[13.53228,51.38068],[13.52697,51.38127],[13.52312,51.38103],[13.52434,51.38285],[13.52486,51.38427],[13.52276,51.39156],[13.52185,51.39325],[13.52122,51.40206],[13.51517,51.40188],[13.50406,51.40443],[13.49521,51.40339],[13.48939,51.40799],[13.46328,51.41175],[13.46851,51.42173],[13.46457,51.42383],[13.45208,51.42319],[13.44696,51.42876],[13.42324,51.4224],[13.4268,51.43197],[13.41001,51.44242],[13.40596,51.45174],[13.40089,51.45281],[13.39149,51.44907],[13.38344,51.43752],[13.37627,51.43651],[13.38231,51.42803],[13.38095,51.42592],[13.37499,51.42597],[13.35802,51.4332],[13.34862,51.43258],[13.33795,51.42916],[13.33423,51.43316],[13.33341,51.43532],[13.33335,51.43744],[13.3299,51.43741],[13.32032,51.4375],[13.3254,51.43345],[13.32728,51.42667],[13.31238,51.42225],[13.308,51.4176],[13.28688,51.41091],[13.28539,51.39965],[13.26035,51.39977],[13.25969,51.39584],[13.26943,51.38986],[13.26807,51.38533],[13.26446,51.38529],[13.25616,51.39178],[13.24346,51.39319],[13.23557,51.39514],[13.21679,51.39559],[13.21015,51.40474],[13.20199,51.41774],[13.20327,51.42906],[13.19671,51.43455],[13.19261,51.43525],[13.18917,51.43356],[13.18755,51.42546],[13.18462,51.42447],[13.17625,51.42706],[13.17509,51.43202],[13.18575,51.43816],[13.19131,51.43766],[13.20225,51.4498],[13.20384,51.45635],[13.20163,51.45961],[13.19097,51.46431],[13.18357,51.47053],[13.18274,51.47564],[13.18672,51.48605],[13.1823,51.49196],[13.19327,51.48831],[13.1982,51.48939],[13.20033,51.49163],[13.19768,51.49438],[13.20158,51.49655],[13.20267,51.50344],[13.20676,51.5055],[13.20815,51.50971],[13.20746,51.52356],[13.20024,51.52674],[13.19066,51.53908],[13.1874,51.55189],[13.18471,51.55768],[13.16083,51.55897],[13.15816,51.56374],[13.14731,51.56402],[13.14165,51.57069],[13.15302,51.58257],[13.15552,51.58924],[13.16074,51.59217],[13.15495,51.6002],[13.14428,51.59856],[13.12038,51.61843],[13.11589,51.61765],[13.10844,51.61216],[13.10304,51.61647],[13.099,51.61655],[13.09981,51.61244],[13.10401,51.61031],[13.09873,51.60959],[13.0941,51.60647],[13.08655,51.60841],[13.07605,51.62236],[13.05102,51.64768],[13.14976,51.68495],[13.16014,51.69094],[13.16058,51.6985],[13.15631,51.71068],[13.16116,51.712],[13.16872,51.71035],[13.16905,51.71779],[13.18555,51.7175],[13.17862,51.731],[13.16877,51.73558],[13.16462,51.74061],[13.15609,51.7429],[13.15604,51.74711],[13.16275,51.75205],[13.16329,51.75494],[13.16052,51.75482],[13.1569,51.75673],[13.14984,51.75932],[13.15457,51.76452],[13.14878,51.7676],[13.16011,51.77582],[13.16026,51.78309],[13.16801,51.78325],[13.16955,51.78613],[13.15905,51.7888],[13.16194,51.79294],[13.16202,51.80334],[13.14856,51.81967],[13.1407,51.8226],[13.14204,51.82756],[13.12708,51.84633],[13.12382,51.85636],[13.15091,51.85961],[13.1496,51.87153],[13.14285,51.87296],[13.13855,51.87894],[13.13286,51.87995],[13.13093,51.88234],[13.11988,51.88243],[13.11836,51.87765],[13.1124,51.87506],[13.09629,51.87306],[13.08501,51.87402],[13.07943,51.868],[13.04182,51.87112],[13.03879,51.87137],[13.02954,51.8799],[13.03851,51.88173],[13.03853,51.89061],[13.04182,51.89126],[13.04787,51.89246],[13.04518,51.89991],[13.04182,51.90037],[13.02402,51.90279],[13.02074,51.89834],[13.01078,51.90268],[12.98944,51.90419],[12.97336,51.90153],[12.97607,51.91913],[12.95722,51.92281],[12.95929,51.93066],[12.95893,51.93483],[12.92067,51.93927],[12.91677,51.93309],[12.90669,51.93066],[12.89606,51.92841],[12.89042,51.92838],[12.88962,51.93066],[12.88817,51.93477],[12.88296,51.93419],[12.87403,51.93397],[12.86266,51.93485],[12.85904,51.9347],[12.85273,51.93501],[12.85068,51.95669],[12.84333,51.96733],[12.81,51.96256],[12.79267,51.96249],[12.77602,51.96512],[12.77626,51.97609],[12.76978,51.97927],[12.76116,51.98143],[12.75254,51.98703],[12.72978,51.98915],[12.71334,51.99648],[12.71047,52.00004],[12.70009,52.00265],[12.69792,52.00298],[12.69515,52.00306],[12.69065,52.00286],[12.68446,52.00306],[12.68262,52.00331],[12.67089,52.01224],[12.65486,52.01218],[12.64849,52.00759],[12.64391,51.99468],[12.6382,51.9941],[12.61613,51.99186],[12.61416,51.98254],[12.60302,51.98109],[12.59584,51.98182],[12.59117,51.9819],[12.58183,51.98298],[12.57324,51.9833],[12.5659,51.98362],[12.5633,51.98351],[12.56071,51.98361],[12.55621,51.98423],[12.54825,51.98422],[12.53939,51.98489],[12.53896,51.98646],[12.54084,51.98817],[12.53962,51.99255],[12.53852,51.99594],[12.53534,52.0011],[12.53395,52.00323],[12.49761,52.00977],[12.48447,52.01814],[12.4788,52.03352],[12.46153,52.03446],[12.45309,52.02562],[12.44995,52.01694],[12.43593,52.01717],[12.42647,52.02009],[12.41976,52.02629],[12.40823,52.02987],[12.38976,52.04302],[12.37612,52.04512],[12.35815,52.04778],[12.35463,52.05169],[12.34806,52.05899],[12.32964,52.06921],[12.31795,52.09061],[12.30738,52.09489],[12.30014,52.09649],[12.29099,52.10161],[12.27672,52.10402],[12.2713,52.11173],[12.26466,52.13085],[12.25655,52.13465],[12.24263,52.14146],[12.23191,52.15512],[12.23311,52.16263],[12.22137,52.16635],[12.21734,52.17016],[12.22542,52.18127],[12.22822,52.18512],[12.2412,52.18245],[12.24696,52.18402],[12.24447,52.19109],[12.24266,52.1956],[12.2529,52.20473],[12.2463,52.20742],[12.24808,52.21037],[12.25967,52.21596],[12.26812,52.21482],[12.27817,52.21718],[12.28774,52.22443],[12.2958,52.22639],[12.29614,52.22869],[12.29096,52.22994],[12.28761,52.23018],[12.28328,52.23427],[12.26421,52.23427],[12.26304,52.23584],[12.27397,52.23701],[12.26922,52.24195],[12.25801,52.24315],[12.26002,52.24567],[12.24551,52.24964],[12.25385,52.26132],[12.251,52.26597],[12.25215,52.27494],[12.26374,52.29584],[12.27298,52.30477],[12.28143,52.31807],[12.29091,52.32452],[12.30054,52.33608],[12.30717,52.34403],[12.28495,52.36502],[12.28792,52.36905],[12.3013,52.37239],[12.30561,52.37849],[12.29542,52.38131],[12.29232,52.38582],[12.29534,52.39194],[12.30165,52.39543],[12.29971,52.40824],[12.28927,52.40825],[12.27738,52.41139],[12.27476,52.4138],[12.27606,52.4165],[12.29592,52.42447],[12.29353,52.4268],[12.29038,52.4299],[12.29313,52.43173],[12.30181,52.43441],[12.30304,52.4399],[12.30738,52.44389],[12.30738,52.445],[12.30403,52.44627],[12.30468,52.44987],[12.30738,52.45169],[12.31435,52.45214],[12.31718,52.4541],[12.31645,52.46014],[12.32439,52.4651],[12.32829,52.47682],[12.31443,52.4765],[12.30957,52.4799],[12.30974,52.48489],[12.31448,52.48967],[12.32699,52.49237],[12.32847,52.49562],[12.32268,52.49551],[12.31036,52.49148],[12.29736,52.49508],[12.27848,52.48793],[12.27309,52.48804],[12.26459,52.49566],[12.26692,52.5002],[12.26013,52.50579],[12.25707,52.51711],[12.23752,52.52287],[12.23253,52.52139],[12.22525,52.51083],[12.22623,52.50539],[12.22052,52.5012],[12.21815,52.50147],[12.21243,52.50213],[12.20296,52.49828],[12.18541,52.49719],[12.17155,52.50634],[12.16818,52.51516],[12.18507,52.52714],[12.18751,52.53242],[12.17948,52.53424],[12.17258,52.53829],[12.15877,52.53405],[12.15293,52.52953],[12.14604,52.52927],[12.14382,52.53099],[12.14413,52.53677],[12.15067,52.54255],[12.15922,52.56062],[12.17994,52.57473],[12.17381,52.58104],[12.17322,52.59747],[12.1759,52.60575],[12.1704,52.60895],[12.1733,52.61597],[12.16928,52.61811],[12.17189,52.62578],[12.20192,52.61893],[12.21092,52.62442],[12.21815,52.62594],[12.23681,52.62987],[12.23114,52.63062],[12.23101,52.63806],[12.23724,52.64316],[12.23318,52.65289],[12.23561,52.66462],[12.2393,52.66582],[12.2348,52.68002],[12.22764,52.68318],[12.23226,52.68874],[12.22279,52.68896],[12.21815,52.69599],[12.21815,52.69963],[12.22243,52.70394],[12.21815,52.70612],[12.20544,52.71259],[12.20935,52.7159],[12.20855,52.71788],[12.19831,52.71845],[12.20335,52.72476],[12.20469,52.72693],[12.20129,52.729],[12.22152,52.73964],[12.21895,52.74989],[12.20988,52.75392],[12.20703,52.75995],[12.21223,52.76532],[12.21413,52.77265],[12.22243,52.77656],[12.22186,52.78914],[12.22974,52.78977],[12.24259,52.78758],[12.2492,52.79186],[12.25418,52.80748],[12.24389,52.82248],[12.23087,52.85917],[12.22598,52.86196],[12.21971,52.86238],[12.21815,52.86435],[12.20971,52.86453],[12.19342,52.8757],[12.16931,52.86439],[12.1292,52.85607],[12.13051,52.86588],[12.12134,52.87867],[12.12271,52.88579],[12.12681,52.8902],[12.12742,52.89255],[12.12458,52.89299],[12.11137,52.87613],[12.09938,52.87753],[12.08305,52.87683],[12.07635,52.88593],[12.06756,52.88407],[12.06577,52.88636],[12.05604,52.88872],[12.04815,52.88591],[12.04219,52.88862],[12.02358,52.8898],[12.00762,52.88721],[12.0064,52.88527],[12.00466,52.88218],[11.99183,52.8812],[11.98321,52.87675],[11.95944,52.87993],[11.94618,52.88861],[11.92368,52.89167],[11.89399,52.89445],[11.87254,52.90859],[11.83726,52.90974],[11.8287,52.91289],[11.82709,52.91446],[11.82404,52.91742],[11.8262,52.92739],[11.84776,52.94111],[11.8483,52.94952],[11.84731,52.9506],[11.84603,52.9516],[11.84422,52.95268],[11.84206,52.95368],[11.84004,52.95453],[11.83646,52.95553],[11.83266,52.95655],[11.83037,52.95697],[11.81532,52.9572],[11.81076,52.95727],[11.78668,52.96105],[11.77957,52.96532],[11.76553,52.98033],[11.75651,52.98503],[11.74403,52.98844],[11.73063,52.9881],[11.70495,52.97868],[11.69453,52.97802],[11.68653,52.98198],[11.68295,52.98763],[11.68344,53.00157],[11.68173,53.00359],[11.67918,53.00663],[11.67282,53.009],[11.64485,53.00562],[11.62886,53.01055],[11.62549,53.01467],[11.62605,53.01995],[11.64161,53.03449],[11.63897,53.03865],[11.62961,53.04171],[11.61491,53.04052],[11.59778,53.03593],[11.58534,53.03557],[11.571,53.0391],[11.56179,53.04304],[11.55183,53.05102],[11.54405,53.05254],[11.52245,53.04677],[11.50536,53.04881],[11.47772,53.06502],[11.46225,53.07499],[11.4521,53.0779],[11.44029,53.07796],[11.41836,53.0741],[11.41325,53.07384],[11.40936,53.0734],[11.40259,53.07237],[11.4005,53.07182],[11.39778,53.07084],[11.39619,53.0702],[11.39153,53.06795],[11.38653,53.06561],[11.38299,53.06416],[11.35354,53.05485],[11.33887,53.0551],[11.32743,53.0617],[11.31186,53.07603],[11.30078,53.08105],[11.28761,53.08702],[11.27173,53.09868],[11.26803,53.10431],[11.26573,53.12198],[11.28161,53.12131],[11.29288,53.11695],[11.30078,53.11673],[11.30943,53.11649],[11.31713,53.1193],[11.32362,53.11893],[11.3376,53.1138],[11.3587,53.11605],[11.37238,53.11176],[11.39302,53.11077],[11.3995,53.11569],[11.39231,53.12887],[11.39245,53.13385],[11.39563,53.14],[11.41235,53.13682],[11.42176,53.14095],[11.43943,53.13693],[11.45944,53.14029],[11.47342,53.13433],[11.47396,53.12778],[11.4844,53.1288],[11.49768,53.12684],[11.50202,53.12206],[11.51164,53.12539],[11.53393,53.12578],[11.53743,53.12917],[11.54754,53.13107],[11.54789,53.13451],[11.55478,53.13832],[11.55079,53.15085],[11.55553,53.15068],[11.55833,53.1566],[11.56936,53.16609],[11.56838,53.1704],[11.56254,53.17535],[11.5663,53.18193],[11.55879,53.18506],[11.55696,53.19508],[11.55975,53.20304],[11.55251,53.20852],[11.56529,53.21314],[11.57653,53.21241],[11.58726,53.21522],[11.60174,53.22637],[11.61666,53.23072],[11.61948,53.23727],[11.62981,53.24205],[11.64218,53.23888],[11.65577,53.23981],[11.66618,53.244],[11.68173,53.24268],[11.6897,53.242],[11.69562,53.24455],[11.70023,53.2436],[11.70829,53.23431],[11.71448,53.23217],[11.72667,53.23128],[11.72818,53.21862],[11.73579,53.21809],[11.75061,53.22062],[11.76854,53.22716],[11.78811,53.22836],[11.79907,53.22673],[11.81532,53.22797],[11.82763,53.22892],[11.83228,53.23253],[11.81825,53.24438],[11.81532,53.24487],[11.80454,53.24668],[11.79669,53.25259],[11.79945,53.25417],[11.81284,53.2539],[11.81532,53.25365],[11.86176,53.2489],[11.86855,53.25773],[11.88424,53.26458],[11.89043,53.26993],[11.89326,53.27847],[11.89783,53.27863],[11.904,53.275],[11.91837,53.2733],[11.92573,53.27374],[11.94146,53.27439],[11.94618,53.27343],[11.94943,53.2721],[11.95445,53.27431],[11.97154,53.29226],[11.97491,53.29886],[11.98541,53.29945],[11.98859,53.29575],[11.99183,53.29513],[11.99605,53.29432],[12.0048,53.29964],[12.0193,53.30047],[12.02307,53.30429],[12.01896,53.31493],[12.02207,53.32129],[12.01658,53.33276],[12.01461,53.33442],[12.04026,53.34531],[12.05611,53.34934],[12.0519,53.35914],[12.04785,53.36192],[12.05037,53.36699],[12.0477,53.37011],[12.06162,53.37142],[12.07755,53.36939],[12.08184,53.34749],[12.09238,53.34496],[12.10799,53.34414],[12.11019,53.34945],[12.13342,53.34874],[12.13891,53.35505],[12.13944,53.36142],[12.14194,53.35954],[12.15245,53.3605],[12.15714,53.34938],[12.16903,53.3396],[12.18617,53.34354],[12.18577,53.34933],[12.19086,53.35338],[12.21218,53.35316],[12.21815,53.35563],[12.22189,53.35717],[12.2291,53.3575],[12.23657,53.34217],[12.24572,53.33326],[12.25841,53.32841],[12.25927,53.32452],[12.27196,53.32441],[12.29051,53.32844],[12.30913,53.32718],[12.31258,53.32308],[12.3251,53.3213],[12.32669,53.32075],[12.32844,53.31987],[12.3301,53.31879],[12.33175,53.31801],[12.35019,53.31344],[12.35463,53.31126],[12.36388,53.30673],[12.37309,53.3058],[12.38203,53.30251],[12.39307,53.3019],[12.39657,53.29852],[12.39771,53.29451],[12.39266,53.2847],[12.40003,53.2798],[12.40984,53.27968],[12.42885,53.274],[12.43175,53.27058],[12.43231,53.26216],[12.44587,53.25043],[12.46722,53.25609],[12.48557,53.25581],[12.49817,53.2557],[12.50223,53.25797],[12.5031,53.26178],[12.50823,53.26273],[12.5295,53.2646],[12.54991,53.26198],[12.56681,53.25582],[12.59728,53.24842],[12.60444,53.24471],[12.62842,53.25455],[12.6382,53.25473],[12.65564,53.25504],[12.66449,53.2533],[12.6687,53.24896],[12.67382,53.24903],[12.67453,53.24659],[12.66618,53.24054],[12.66821,53.23698],[12.66487,53.23368],[12.66834,53.23063],[12.68262,53.22646],[12.69163,53.22615],[12.70398,53.22543],[12.71239,53.22495],[12.72405,53.22182],[12.74291,53.22341],[12.74811,53.22528],[12.75678,53.22401],[12.75759,53.22089],[12.75086,53.20827],[12.73949,53.1996],[12.75836,53.19491],[12.76369,53.18961],[12.76962,53.18844],[12.78283,53.18783],[12.79026,53.19098],[12.79655,53.19048],[12.80863,53.19709],[12.81403,53.19281],[12.81564,53.19461],[12.82122,53.1942],[12.82498,53.19659],[12.83703,53.19749],[12.84547,53.2011],[12.85395,53.19473],[12.85938,53.18874],[12.88113,53.18027],[12.88883,53.18138],[12.89275,53.18735],[12.90687,53.19374],[12.92618,53.19513],[12.92867,53.19233],[12.92368,53.18761],[12.94013,53.18662],[12.94318,53.18952],[12.93935,53.19439],[12.94802,53.19884],[12.96386,53.19991],[12.97688,53.19737],[12.97846,53.19072],[12.96192,53.18445],[12.95964,53.18068],[12.94711,53.178],[12.94291,53.17422],[12.94726,53.17297],[12.96196,53.17723],[12.96989,53.16625],[12.97892,53.16285],[12.98468,53.16499],[12.99081,53.16827],[13.00507,53.16749],[13.00812,53.17191],[13.01957,53.17612],[13.01926,53.18469],[13.02673,53.18519],[13.03839,53.19317],[13.04182,53.19455],[13.05561,53.20013],[13.06814,53.20237],[13.07811,53.20102],[13.0886,53.21514],[13.09307,53.21611],[13.09894,53.21395],[13.10455,53.21536],[13.1077,53.22564],[13.10451,53.23496],[13.10843,53.2387],[13.12004,53.24074],[13.13117,53.23731],[13.13819,53.24466],[13.1507,53.25032],[13.15392,53.24682],[13.1678,53.24984],[13.17586,53.24757],[13.17993,53.25015],[13.18614,53.24753],[13.1913,53.23456],[13.20606,53.22075],[13.22928,53.21718],[13.2414,53.2324],[13.2406,53.23904],[13.24517,53.24092],[13.25013,53.24695],[13.24461,53.24818],[13.24591,53.25314],[13.25271,53.26231],[13.2747,53.2653],[13.28478,53.27501],[13.29844,53.28047],[13.33701,53.2736],[13.34707,53.27776],[13.35884,53.27796],[13.36557,53.27441],[13.37092,53.26217],[13.38494,53.2502],[13.38701,53.24407],[13.39066,53.24317],[13.39611,53.24516],[13.39867,53.24583],[13.40463,53.24787],[13.40891,53.26148],[13.41893,53.26883],[13.42901,53.2813],[13.43878,53.28605],[13.43642,53.291],[13.43954,53.29757],[13.45411,53.29725],[13.46346,53.2898],[13.48198,53.29178],[13.4953,53.30123],[13.50592,53.32056],[13.51255,53.31874],[13.52099,53.32039],[13.52039,53.33754],[13.52526,53.35102],[13.51765,53.35294],[13.52507,53.36481],[13.54333,53.36469],[13.54779,53.37182],[13.55625,53.3769],[13.55307,53.38063],[13.55515,53.388],[13.55556,53.39175],[13.54699,53.39385],[13.54962,53.39594],[13.55124,53.39919],[13.56349,53.40093],[13.57416,53.40786],[13.58799,53.40934],[13.59383,53.40841],[13.61191,53.41367],[13.61714,53.41262],[13.62028,53.4091],[13.62582,53.40995],[13.6354,53.42306],[13.62982,53.43141],[13.63639,53.43301],[13.6381,53.43754],[13.63481,53.44055],[13.63957,53.44606],[13.65118,53.44448],[13.65525,53.45175],[13.66295,53.45744],[13.67283,53.46011],[13.68046,53.465],[13.70163,53.4733],[13.70323,53.47401],[13.71007,53.47906],[13.7159,53.48195],[13.73568,53.4819],[13.74197,53.4853],[13.75033,53.47952],[13.75965,53.47757],[13.7809,53.47446],[13.8022,53.47843],[13.81251,53.48475],[13.8259,53.49798],[13.81165,53.5016],[13.80133,53.49895],[13.79166,53.51074],[13.77835,53.51411],[13.78026,53.5223],[13.77656,53.5313],[13.7819,53.546],[13.78324,53.54969],[13.79058,53.55763],[13.79967,53.5587],[13.80184,53.55568],[13.79905,53.546],[13.82178,53.52381],[13.82285,53.51832],[13.8484,53.51431],[13.85843,53.5112],[13.86364,53.50944],[13.86855,53.50777],[13.87424,53.50612],[13.87927,53.50414],[13.87836,53.50251]],[[13.4748,52.67413],[13.46605,52.66774],[13.45905,52.66827],[13.45192,52.66308],[13.46241,52.65774],[13.47292,52.65636],[13.4724,52.65354],[13.45981,52.64846],[13.45103,52.65008],[13.44199,52.64908],[13.4345,52.64372],[13.43247,52.6381],[13.42356,52.63632],[13.41318,52.64289],[13.40661,52.64302],[13.39854,52.64819],[13.39611,52.64804],[13.38849,52.63814],[13.3765,52.63265],[13.37357,52.62842],[13.35778,52.62343],[13.34461,52.62477],[13.33626,52.62327],[13.30684,52.62829],[13.30472,52.6365],[13.30926,52.64314],[13.30126,52.65316],[13.31003,52.65738],[13.30627,52.65916],[13.28342,52.66021],[13.28216,52.64203],[13.26306,52.64024],[13.26388,52.6276],[13.23833,52.62779],[13.22107,52.62758],[13.21741,52.62102],[13.20234,52.60651],[13.20452,52.60235],[13.21784,52.59268],[13.21686,52.58796],[13.20486,52.58739],[13.16426,52.5989],[13.15652,52.59714],[13.14493,52.59009],[13.12899,52.58744],[13.12865,52.58372],[13.13311,52.58006],[13.14964,52.58258],[13.15291,52.57384],[13.14664,52.56181],[13.14614,52.55409],[13.14136,52.55233],[13.13059,52.55484],[13.12511,52.5438],[13.11798,52.51767],[13.14256,52.51933],[13.16395,52.51103],[13.16494,52.50925],[13.1537,52.50182],[13.12663,52.48133],[13.11838,52.47858],[13.11125,52.46598],[13.11001,52.45048],[13.12195,52.43842],[13.11329,52.43316],[13.11015,52.42789],[13.10823,52.4268],[13.10438,52.42462],[13.09911,52.42456],[13.08882,52.4183],[13.09028,52.41391],[13.0908,52.41235],[13.09558,52.41009],[13.09887,52.41229],[13.10327,52.41094],[13.11121,52.41253],[13.10922,52.40673],[13.12452,52.39737],[13.13494,52.39868],[13.13684,52.3947],[13.12755,52.3905],[13.13099,52.38749],[13.14236,52.39594],[13.1659,52.39428],[13.17136,52.39776],[13.15897,52.39674],[13.16023,52.40288],[13.19229,52.41391],[13.19441,52.41465],[13.2226,52.42016],[13.24527,52.42033],[13.24718,52.41391],[13.24984,52.40496],[13.25648,52.40635],[13.27542,52.40558],[13.29183,52.41391],[13.29547,52.41576],[13.2973,52.41391],[13.31193,52.39919],[13.34244,52.41099],[13.34395,52.40735],[13.35052,52.40319],[13.37098,52.394],[13.37146,52.38877],[13.38671,52.38802],[13.38852,52.37797],[13.39611,52.37758],[13.42098,52.37625],[13.42728,52.38679],[13.4193,52.40953],[13.43683,52.41391],[13.46245,52.42032],[13.46898,52.41814],[13.47125,52.41391],[13.48062,52.39649],[13.51561,52.40137],[13.5284,52.3988],[13.53599,52.39973],[13.5357,52.39011],[13.54062,52.38889],[13.56512,52.38845],[13.59193,52.39359],[13.5958,52.38684],[13.60502,52.38087],[13.60563,52.37771],[13.60696,52.37498],[13.62772,52.38121],[13.6335,52.37681],[13.64267,52.37679],[13.64227,52.37159],[13.64695,52.36873],[13.63871,52.35959],[13.63687,52.34639],[13.6431,52.34005],[13.65172,52.33946],[13.65725,52.35129],[13.67054,52.36561],[13.67947,52.36889],[13.69138,52.36797],[13.69901,52.37439],[13.69974,52.37788],[13.69773,52.38107],[13.68767,52.38517],[13.70163,52.39203],[13.71558,52.39889],[13.73186,52.40062],[13.73875,52.40732],[13.73262,52.41391],[13.72987,52.41687],[13.73265,52.42192],[13.73962,52.4268],[13.74115,52.42788],[13.7383,52.43343],[13.74278,52.43462],[13.74501,52.43839],[13.75089,52.44124],[13.75352,52.44092],[13.75359,52.43717],[13.76002,52.43735],[13.75317,52.44722],[13.7292,52.45099],[13.72064,52.45658],[13.71555,52.46184],[13.70376,52.46626],[13.7049,52.4571],[13.70163,52.45551],[13.69539,52.46321],[13.68255,52.46677],[13.66698,52.47417],[13.64199,52.47923],[13.62652,52.47326],[13.62441,52.46867],[13.61254,52.47105],[13.61538,52.47442],[13.61537,52.48084],[13.62971,52.49351],[13.62544,52.49617],[13.63305,52.51133],[13.64333,52.51885],[13.65857,52.52581],[13.6569,52.52987],[13.62697,52.53054],[13.62692,52.53691],[13.63425,52.54135],[13.61083,52.54424],[13.58638,52.54868],[13.58705,52.55578],[13.58203,52.56973],[13.57543,52.5732],[13.56776,52.57404],[13.55508,52.58438],[13.52761,52.5921],[13.50812,52.59283],[13.49738,52.60586],[13.50022,52.61379],[13.50649,52.62566],[13.51806,52.63067],[13.52267,52.6446],[13.51845,52.64689],[13.51153,52.64631],[13.49011,52.65539],[13.48574,52.65952],[13.48764,52.66981],[13.47587,52.66726],[13.47879,52.67345],[13.4748,52.67413]]],[[[12.27503,52.23103],[12.27354,52.22884],[12.27069,52.22982],[12.26589,52.22995],[12.26463,52.23167],[12.27503,52.23103]]],[[[12.28372,52.22821],[12.28285,52.22695],[12.27517,52.22826],[12.27886,52.22986],[12.28372,52.22821]]]]},"properties":{"code":"DE4","nom":"Brandenburg","country":"DE"}},{"type":"Feature","geometry":{"type":"MultiPolygon","coordinates":[[[[8.69045,53.87835],[8.69454,53.87684],[8.70322,53.87785],[8.72704,53.86047],[8.72824,53.85706],[8.76344,53.84228],[8.78617,53.83492],[8.80129,53.83343],[8.82179,53.832],[8.83015,53.83368],[8.85955,53.83059],[8.90611,53.82876],[8.94909,53.8363],[8.98551,53.84002],[9.01851,53.83484],[9.01427,53.84009],[9.02041,53.84228],[9.0297,53.84391],[9.05466,53.8527],[9.07026,53.85438],[9.08147,53.85937],[9.14233,53.86452],[9.17562,53.86426],[9.21754,53.86305],[9.23059,53.86183],[9.25315,53.85973],[9.2744,53.85785],[9.27273,53.86766],[9.29043,53.863],[9.31771,53.85151],[9.32852,53.84228],[9.33121,53.8397],[9.33805,53.83298],[9.33994,53.83153],[9.35865,53.81792],[9.36543,53.81081],[9.36758,53.80856],[9.3706,53.80457],[9.37695,53.79648],[9.38441,53.78716],[9.40085,53.767],[9.41277,53.7526],[9.42262,53.74064],[9.43331,53.73198],[9.44708,53.72458],[9.45315,53.72192],[9.46139,53.71835],[9.47489,53.71249],[9.48589,53.70766],[9.50218,53.6968],[9.5078,53.69116],[9.51036,53.68754],[9.51197,53.68526],[9.51741,53.67761],[9.51975,53.67432],[9.52075,53.6729],[9.52912,53.6595],[9.53049,53.64877],[9.53123,53.6429],[9.53683,53.63057],[9.5435,53.62215],[9.55064,53.61603],[9.56254,53.6114],[9.58786,53.59852],[9.59167,53.59717],[9.61564,53.58873],[9.63334,53.5825],[9.65926,53.57162],[9.66132,53.57074],[9.66331,53.5699],[9.67576,53.56469],[9.68694,53.5625],[9.69161,53.56158],[9.69767,53.5604],[9.69962,53.56002],[9.70279,53.55933],[9.71628,53.55852],[9.71927,53.55833],[9.7301,53.55758],[9.77381,53.55372],[9.77233,53.54449],[9.76617,53.54034],[9.77788,53.51974],[9.77578,53.5188],[9.7719,53.52207],[9.76895,53.51935],[9.76431,53.50948],[9.76743,53.5066],[9.76886,53.50528],[9.78358,53.5],[9.78321,53.49212],[9.79269,53.49367],[9.80179,53.49271],[9.80046,53.47009],[9.80791,53.46327],[9.81508,53.46161],[9.83578,53.45138],[9.85458,53.43661],[9.86239,53.42988],[9.8618,53.43914],[9.86922,53.44382],[9.87502,53.44363],[9.89468,53.45595],[9.90336,53.45598],[9.90803,53.45226],[9.91329,53.44808],[9.92031,53.43717],[9.91496,53.42422],[9.90845,53.41636],[9.9158,53.41489],[9.92794,53.41918],[9.93089,53.42086],[9.94211,53.42167],[9.95043,53.43045],[9.96193,53.42746],[9.9635,53.42288],[9.9708,53.42333],[9.97449,53.42187],[9.97696,53.41924],[9.97596,53.41512],[9.98382,53.41566],[9.99328,53.42103],[9.99665,53.42549],[10.01838,53.42958],[10.02785,53.43468],[10.02571,53.43785],[10.01586,53.44202],[10.0198,53.44589],[10.03162,53.44435],[10.03638,53.44672],[10.04702,53.44792],[10.04814,53.44993],[10.04279,53.45199],[10.04285,53.45719],[10.05198,53.4633],[10.0863,53.44911],[10.09578,53.44178],[10.10749,53.4274],[10.1183,53.42405],[10.13351,53.42286],[10.14534,53.41596],[10.15311,53.40674],[10.17059,53.39771],[10.18101,53.39651],[10.19794,53.39834],[10.23089,53.39516],[10.24324,53.39946],[10.25397,53.41413],[10.26004,53.41852],[10.28485,53.42467],[10.30795,53.4332],[10.33096,53.42515],[10.35592,53.42614],[10.36054,53.42626],[10.36499,53.42627],[10.36775,53.42625],[10.37053,53.42592],[10.37324,53.4254],[10.37543,53.42483],[10.3781,53.42381],[10.38006,53.42274],[10.38337,53.42091],[10.38656,53.41894],[10.39592,53.41253],[10.39795,53.41145],[10.42991,53.39821],[10.46918,53.38584],[10.49894,53.37452],[10.51691,53.37136],[10.52703,53.37047],[10.55241,53.36909],[10.55863,53.36796],[10.57365,53.3606],[10.5875,53.36119],[10.59505,53.36393],[10.61666,53.36972],[10.63271,53.37068],[10.65069,53.36882],[10.67635,53.36778],[10.69472,53.37046],[10.7033,53.36925],[10.72774,53.35727],[10.7378,53.34328],[10.74359,53.3415],[10.75492,53.34006],[10.7612,53.33926],[10.76272,53.33719],[10.7587,53.33281],[10.76037,53.33012],[10.76814,53.32972],[10.77279,53.32494],[10.78273,53.31987],[10.79364,53.31573],[10.80342,53.31445],[10.8253,53.31208],[10.82883,53.30759],[10.83545,53.30566],[10.84982,53.31012],[10.85411,53.31585],[10.86902,53.31714],[10.87077,53.32208],[10.86604,53.32691],[10.88178,53.32203],[10.88836,53.32628],[10.8809,53.3306],[10.88116,53.33431],[10.89459,53.33589],[10.89909,53.33457],[10.90928,53.33799],[10.91837,53.34796],[10.92679,53.34821],[10.93399,53.33962],[10.9524,53.33429],[10.95566,53.3342],[10.96105,53.33812],[10.988,53.33343],[10.98357,53.32756],[10.9919,53.3251],[10.99872,53.32016],[11.00296,53.30525],[11.00819,53.30044],[11.00448,53.29467],[11.00825,53.29108],[11.00962,53.28241],[11.02231,53.28093],[11.02784,53.27844],[11.03932,53.2632],[11.0562,53.24647],[11.0626,53.23536],[11.07185,53.22967],[11.08079,53.22059],[11.08589,53.21866],[11.09143,53.21386],[11.11523,53.20473],[11.13743,53.20215],[11.13779,53.1994],[11.14387,53.19748],[11.13827,53.19176],[11.17992,53.18648],[11.19478,53.18023],[11.18858,53.16571],[11.179,53.15881],[11.17186,53.15664],[11.17785,53.15046],[11.18459,53.13684],[11.19047,53.13494],[11.19717,53.13617],[11.21377,53.14402],[11.23026,53.14241],[11.24582,53.13626],[11.25606,53.12891],[11.26573,53.12198],[11.26803,53.10431],[11.27173,53.09868],[11.28761,53.08702],[11.30078,53.08105],[11.31186,53.07603],[11.32743,53.0617],[11.33887,53.0551],[11.35354,53.05485],[11.38299,53.06416],[11.38653,53.06561],[11.39153,53.06795],[11.39619,53.0702],[11.39778,53.07084],[11.4005,53.07182],[11.40259,53.07237],[11.40936,53.0734],[11.41325,53.07384],[11.41836,53.0741],[11.44029,53.07796],[11.4521,53.0779],[11.46225,53.07499],[11.47772,53.06502],[11.50536,53.04881],[11.52245,53.04677],[11.54405,53.05254],[11.55183,53.05102],[11.56179,53.04304],[11.571,53.0391],[11.58534,53.03557],[11.59778,53.03593],[11.5946,53.03185],[11.55836,53.01191],[11.55302,53.00539],[11.55946,53.00345],[11.55642,52.99867],[11.54295,52.99971],[11.52618,53.00786],[11.51249,53.00744],[11.50666,52.99971],[11.49865,52.97586],[11.49283,52.95941],[11.50503,52.94103],[11.49861,52.94132],[11.49176,52.94163],[11.48208,52.93969],[11.47915,52.93965],[11.47006,52.93893],[11.46568,52.93721],[11.46267,52.93587],[11.45444,52.9334],[11.44512,52.92799],[11.43875,52.92406],[11.43301,52.92022],[11.42621,52.91936],[11.42002,52.91446],[11.40786,52.90482],[11.37514,52.9001],[11.35451,52.89048],[11.33935,52.8884],[11.31425,52.87824],[11.30078,52.87622],[11.29586,52.87548],[11.29425,52.88618],[11.28654,52.88842],[11.27607,52.88693],[11.26738,52.88041],[11.25606,52.87982],[11.24224,52.8791],[11.2386,52.88047],[11.23613,52.8877],[11.23063,52.89135],[11.22052,52.89253],[11.21815,52.89792],[11.1828,52.9013],[11.15628,52.90605],[11.15366,52.90186],[11.13761,52.89816],[11.10759,52.89616],[11.09415,52.89938],[11.09782,52.91219],[11.09118,52.91296],[11.07764,52.91268],[11.06649,52.90968],[11.04049,52.91313],[11.01308,52.90989],[11.00147,52.91123],[10.99257,52.90646],[10.98943,52.89865],[10.98961,52.888],[10.98498,52.88184],[10.9795,52.87873],[10.96915,52.87802],[10.94077,52.85429],[10.9297,52.85352],[10.9065,52.85531],[10.89615,52.85574],[10.89249,52.84781],[10.8883,52.84591],[10.87708,52.84803],[10.87331,52.85292],[10.86779,52.85536],[10.85851,52.85183],[10.84156,52.8522],[10.8338,52.8476],[10.8017,52.84986],[10.79503,52.8438],[10.76669,52.84219],[10.76569,52.83981],[10.77079,52.83413],[10.76505,52.83035],[10.76459,52.82417],[10.75745,52.81916],[10.76064,52.80631],[10.75931,52.79583],[10.75564,52.78671],[10.75799,52.7815],[10.77476,52.76301],[10.77655,52.75537],[10.78745,52.75264],[10.79051,52.74972],[10.78862,52.73353],[10.79309,52.72933],[10.79694,52.71482],[10.80237,52.71394],[10.82639,52.71724],[10.83536,52.70805],[10.83356,52.70356],[10.83425,52.70017],[10.85962,52.67509],[10.87701,52.66395],[10.87929,52.65635],[10.89604,52.64321],[10.90295,52.63283],[10.90407,52.62824],[10.91246,52.62421],[10.91587,52.61784],[10.9238,52.61469],[10.9224,52.61072],[10.92525,52.60973],[10.94242,52.61495],[10.94687,52.62064],[10.96858,52.6263],[10.97697,52.62414],[10.9742,52.60563],[10.96078,52.6003],[10.95283,52.59313],[10.94069,52.5887],[10.94636,52.58281],[10.94158,52.57906],[10.93803,52.56728],[10.94329,52.55467],[10.95291,52.54269],[10.95787,52.53689],[10.96263,52.53349],[11.00878,52.49675],[10.98298,52.49708],[10.97448,52.50086],[10.95919,52.49745],[10.94999,52.49561],[10.94415,52.49219],[10.94188,52.47871],[10.93528,52.47602],[10.93454,52.47179],[10.93468,52.46078],[10.94699,52.45413],[10.94928,52.44873],[10.95623,52.44445],[10.96261,52.43474],[10.97917,52.4265],[10.98845,52.42089],[10.99345,52.41562],[10.9926,52.41352],[10.99842,52.41136],[11.00517,52.40846],[11.01642,52.39858],[11.01752,52.39025],[11.02383,52.39139],[11.0363,52.3863],[11.04648,52.3872],[11.06061,52.37996],[11.06528,52.37477],[11.07291,52.37294],[11.06781,52.3686],[11.06817,52.35686],[11.06085,52.35486],[11.05509,52.35013],[11.0448,52.34877],[11.03485,52.34498],[11.01911,52.34661],[10.98367,52.34169],[10.98644,52.3378],[10.98735,52.33608],[10.99071,52.33608],[10.99222,52.33666],[11.00074,52.33608],[11.00351,52.33244],[11.00211,52.32867],[11.0123,52.32679],[11.03655,52.30757],[11.03647,52.30075],[11.01251,52.29132],[11.02907,52.27012],[11.03617,52.27227],[11.03938,52.27212],[11.04294,52.27201],[11.05217,52.26736],[11.05027,52.266],[11.05062,52.26438],[11.05113,52.2628],[11.05631,52.25873],[11.05303,52.25317],[11.05965,52.24124],[11.07438,52.24229],[11.08624,52.22863],[11.07886,52.22465],[11.07752,52.21996],[11.07719,52.21868],[11.04488,52.21506],[11.03777,52.21114],[11.02621,52.21006],[11.02188,52.20452],[11.02327,52.20081],[11.01835,52.19877],[11.01365,52.19956],[11.01389,52.18361],[11.01665,52.18127],[11.02031,52.17816],[11.03633,52.17193],[11.06034,52.17239],[11.06119,52.16578],[11.05542,52.16022],[11.05949,52.15362],[11.05152,52.14859],[11.04565,52.14361],[11.0445,52.13457],[11.02791,52.13033],[11.0175,52.12794],[11.01002,52.12073],[10.97721,52.1063],[10.96348,52.10683],[10.94216,52.10309],[10.94297,52.09409],[10.95863,52.08828],[10.96758,52.08786],[10.97023,52.08579],[10.97269,52.07386],[10.96441,52.05664],[10.94789,52.05867],[10.87336,52.05832],[10.85807,52.05192],[10.84148,52.05025],[10.8305,52.04796],[10.80149,52.048],[10.77676,52.04996],[10.76171,52.04587],[10.75492,52.04824],[10.74407,52.04879],[10.72211,52.04966],[10.70179,52.0497],[10.67228,52.04502],[10.64789,52.04172],[10.65136,52.03399],[10.65576,52.03057],[10.65603,52.02633],[10.65345,52.02429],[10.64209,52.02222],[10.63533,52.01372],[10.62394,52.01122],[10.6225,52.00844],[10.61138,52.00951],[10.60189,52.00754],[10.59382,52.0141],[10.58977,52.01135],[10.57427,52.01028],[10.57352,52.00654],[10.56123,52.00407],[10.58563,51.98357],[10.58677,51.97608],[10.59498,51.97507],[10.60548,51.97692],[10.60703,51.96908],[10.61898,51.96638],[10.62064,51.95824],[10.64348,51.96162],[10.65042,51.95724],[10.64329,51.95293],[10.62304,51.94738],[10.61356,51.93849],[10.61625,51.93066],[10.61429,51.92168],[10.62763,51.91833],[10.63883,51.91519],[10.6477,51.90832],[10.65006,51.9023],[10.64938,51.88964],[10.63534,51.87662],[10.63119,51.87203],[10.61664,51.86916],[10.60202,51.8547],[10.58373,51.85219],[10.57697,51.84299],[10.58567,51.83914],[10.58816,51.83478],[10.57931,51.82853],[10.57491,51.8113],[10.58382,51.79786],[10.58484,51.78755],[10.58132,51.78078],[10.59183,51.76898],[10.59825,51.76593],[10.62721,51.75793],[10.63138,51.7501],[10.63309,51.73734],[10.6415,51.73143],[10.64314,51.72527],[10.65078,51.7181],[10.65995,51.71588],[10.66856,51.70854],[10.67215,51.69795],[10.66415,51.69146],[10.66617,51.68367],[10.67055,51.66761],[10.6824,51.6606],[10.68588,51.65436],[10.69392,51.64471],[10.70137,51.64219],[10.69764,51.63972],[10.67728,51.63838],[10.67664,51.63294],[10.68115,51.62899],[10.67132,51.62904],[10.64159,51.62191],[10.63904,51.61912],[10.64309,51.61197],[10.64815,51.60713],[10.63595,51.60743],[10.63341,51.60258],[10.63893,51.58495],[10.65734,51.58172],[10.66592,51.57734],[10.65899,51.56739],[10.66003,51.56132],[10.6544,51.5591],[10.6465,51.55983],[10.64408,51.56251],[10.63655,51.56277],[10.62699,51.56813],[10.62635,51.57268],[10.61175,51.579],[10.60141,51.57886],[10.59287,51.57345],[10.58834,51.56805],[10.57802,51.56555],[10.57557,51.56307],[10.56994,51.56275],[10.56125,51.55756],[10.55241,51.55614],[10.54534,51.556],[10.53421,51.55884],[10.5174,51.55431],[10.51078,51.55646],[10.50606,51.56347],[10.50331,51.56332],[10.49586,51.5723],[10.48855,51.57478],[10.47167,51.58164],[10.45201,51.58408],[10.44482,51.58923],[10.43213,51.59206],[10.40619,51.58678],[10.38957,51.58638],[10.38113,51.58813],[10.37733,51.58871],[10.37094,51.587],[10.37704,51.58078],[10.37847,51.56351],[10.37364,51.55873],[10.36537,51.55589],[10.37133,51.5532],[10.36763,51.54373],[10.34899,51.53259],[10.34228,51.5195],[10.3193,51.51451],[10.30906,51.51464],[10.30033,51.50569],[10.30086,51.49704],[10.29768,51.49358],[10.28396,51.49403],[10.27324,51.49056],[10.27276,51.48822],[10.24596,51.4832],[10.23395,51.47214],[10.22634,51.47287],[10.21835,51.4713],[10.21709,51.47712],[10.2129,51.48114],[10.20646,51.4859],[10.20229,51.48606],[10.1897,51.47936],[10.18017,51.47079],[10.17913,51.46723],[10.18495,51.46507],[10.18565,51.46292],[10.17848,51.45817],[10.17928,51.45483],[10.174,51.44674],[10.16762,51.44444],[10.15975,51.44626],[10.15554,51.4444],[10.15014,51.44657],[10.14147,51.44378],[10.14242,51.44001],[10.1418,51.43709],[10.15447,51.43153],[10.1504,51.42942],[10.1411,51.4298],[10.13239,51.43477],[10.1218,51.43384],[10.116,51.43077],[10.0913,51.43538],[10.08309,51.43485],[10.07962,51.4335],[10.07929,51.42546],[10.07522,51.41952],[10.06566,51.41995],[10.06008,51.43324],[10.05543,51.43545],[10.04922,51.43541],[10.05096,51.43067],[10.04307,51.42713],[10.0418,51.4233],[10.03761,51.4205],[10.0265,51.41916],[10.00895,51.4196],[10.00661,51.40925],[10.00156,51.40762],[9.99956,51.4041],[9.99094,51.40228],[9.9874,51.39792],[9.96723,51.3955],[9.95468,51.38971],[9.94761,51.38206],[9.94394,51.3803],[9.942,51.37843],[9.92834,51.3753],[9.93198,51.38058],[9.93069,51.3919],[9.90803,51.40755],[9.90803,51.41003],[9.91267,51.41139],[9.90803,51.41761],[9.90606,51.42025],[9.89974,51.41719],[9.88398,51.41466],[9.87996,51.40516],[9.87035,51.41253],[9.86281,51.4146],[9.85124,51.41332],[9.85349,51.40919],[9.85096,51.40155],[9.85934,51.39311],[9.85629,51.38509],[9.86055,51.37875],[9.86836,51.37423],[9.86382,51.37188],[9.85074,51.37382],[9.84075,51.38343],[9.84014,51.40192],[9.82985,51.40465],[9.82166,51.40965],[9.81201,51.41068],[9.80351,51.4104],[9.79495,51.40717],[9.79317,51.4027],[9.79543,51.39921],[9.80063,51.39763],[9.8006,51.38707],[9.78313,51.38907],[9.76661,51.38597],[9.75694,51.38199],[9.75197,51.37505],[9.73989,51.36978],[9.73252,51.36868],[9.72413,51.37046],[9.704,51.36526],[9.70221,51.3618],[9.70553,51.35727],[9.71236,51.35469],[9.71987,51.34845],[9.73547,51.32965],[9.73653,51.32274],[9.73962,51.31996],[9.74655,51.32046],[9.76554,51.33181],[9.76539,51.33571],[9.77058,51.33587],[9.76726,51.32729],[9.77332,51.32571],[9.77109,51.31821],[9.76734,51.3069],[9.7323,51.29523],[9.72871,51.29779],[9.68694,51.30899],[9.68039,51.31075],[9.67083,51.31708],[9.66461,51.31597],[9.66125,51.31216],[9.64689,51.31602],[9.63872,51.31492],[9.63624,51.31549],[9.63297,51.31245],[9.62965,51.31313],[9.63219,51.32572],[9.61836,51.32756],[9.60587,51.32624],[9.5818,51.34097],[9.56803,51.34],[9.55729,51.35138],[9.54844,51.35896],[9.55013,51.36188],[9.56635,51.3614],[9.57613,51.36909],[9.57573,51.37186],[9.56251,51.3745],[9.55976,51.37827],[9.56445,51.38686],[9.57172,51.39034],[9.57978,51.40159],[9.58756,51.40226],[9.59415,51.39832],[9.60423,51.40311],[9.61118,51.40744],[9.62923,51.40634],[9.63054,51.41062],[9.64286,51.41701],[9.63387,51.42727],[9.6279,51.44463],[9.63024,51.45739],[9.63722,51.46274],[9.64331,51.46674],[9.64237,51.47082],[9.62647,51.47663],[9.6182,51.48247],[9.59709,51.50824],[9.58658,51.51702],[9.59005,51.52233],[9.6061,51.52173],[9.61608,51.52721],[9.62193,51.54022],[9.61559,51.54653],[9.61108,51.55358],[9.61009,51.55646],[9.61243,51.5573],[9.6246,51.54881],[9.64776,51.55251],[9.64482,51.5587],[9.63607,51.55963],[9.62839,51.56745],[9.62536,51.57458],[9.6278,51.58234],[9.63382,51.58416],[9.64348,51.58209],[9.67238,51.5684],[9.68509,51.56787],[9.69019,51.57659],[9.68533,51.58202],[9.67998,51.58731],[9.67261,51.58782],[9.66119,51.59335],[9.65094,51.60502],[9.63946,51.60813],[9.63644,51.61309],[9.63614,51.62288],[9.62752,51.62939],[9.63021,51.63467],[9.62476,51.63632],[9.61611,51.63391],[9.61429,51.63152],[9.60634,51.62914],[9.59236,51.62853],[9.5867,51.62621],[9.56633,51.62546],[9.55414,51.63681],[9.5455,51.63967],[9.54055,51.63825],[9.53438,51.63142],[9.52045,51.62624],[9.50921,51.62696],[9.49665,51.63094],[9.49162,51.63812],[9.49827,51.65165],[9.49614,51.65636],[9.49032,51.65719],[9.46552,51.65306],[9.45352,51.64643],[9.44046,51.65039],[9.43288,51.65081],[9.41732,51.64727],[9.38481,51.64655],[9.37508,51.6508],[9.38015,51.66648],[9.39507,51.67394],[9.39449,51.6801],[9.38727,51.68909],[9.40082,51.69982],[9.40107,51.70376],[9.39744,51.70801],[9.38747,51.72],[9.39431,51.73207],[9.37888,51.7381],[9.37583,51.74366],[9.38342,51.75045],[9.3847,51.75712],[9.40148,51.75921],[9.40828,51.76793],[9.40955,51.77104],[9.41133,51.77156],[9.41301,51.77205],[9.41443,51.77389],[9.44689,51.79447],[9.43747,51.79716],[9.43978,51.80333],[9.43153,51.80535],[9.42776,51.81144],[9.43968,51.82476],[9.4373,51.82871],[9.44076,51.83122],[9.43356,51.83963],[9.46029,51.85467],[9.45965,51.8628],[9.43699,51.85657],[9.40653,51.85579],[9.39086,51.86059],[9.36751,51.86451],[9.35928,51.864],[9.35015,51.86161],[9.33514,51.854],[9.32334,51.85506],[9.33279,51.85523],[9.33622,51.85733],[9.34522,51.88915],[9.34068,51.9074],[9.33223,51.91643],[9.32143,51.91762],[9.31483,51.92228],[9.30889,51.92272],[9.29423,51.91999],[9.28733,51.92185],[9.27444,51.93066],[9.27258,51.93366],[9.27746,51.94262],[9.26389,51.94692],[9.27059,51.94882],[9.27247,51.95491],[9.28433,51.95752],[9.28364,51.95997],[9.27793,51.96245],[9.2747,51.97277],[9.26812,51.97081],[9.26869,51.9741],[9.26195,51.9765],[9.24278,51.97491],[9.23794,51.97651],[9.23059,51.97528],[9.21723,51.97303],[9.21007,51.96662],[9.20995,51.96059],[9.20143,51.96479],[9.19548,51.96336],[9.18693,51.9658],[9.1871,51.97321],[9.17469,51.98326],[9.18132,51.98479],[9.18507,51.99169],[9.19679,51.99692],[9.18042,52.00245],[9.19671,52.01252],[9.18853,52.02614],[9.17617,52.03482],[9.17399,52.03961],[9.17605,52.0429],[9.1727,52.04808],[9.17435,52.05946],[9.1819,52.06758],[9.18945,52.07043],[9.17533,52.08621],[9.1556,52.09202],[9.1556,52.09783],[9.14658,52.09922],[9.13494,52.0974],[9.13704,52.10546],[9.14737,52.11273],[9.15551,52.1152],[9.15812,52.11914],[9.15404,52.12778],[9.14242,52.13499],[9.13149,52.13566],[9.12516,52.13852],[9.11649,52.13767],[9.10792,52.13341],[9.10167,52.13341],[9.08133,52.14035],[9.0724,52.14096],[9.07057,52.14705],[9.06631,52.14825],[9.05412,52.14749],[9.03994,52.13861],[9.03568,52.13941],[9.01834,52.13303],[9.0118,52.13572],[9.01746,52.14902],[9.01312,52.16299],[9.01577,52.16811],[9.01982,52.16859],[9.02093,52.17113],[9.01251,52.17344],[9.01169,52.17747],[9.00519,52.18127],[9.0021,52.18308],[9.00081,52.1869],[8.99587,52.18645],[8.99263,52.19184],[8.98583,52.1946],[8.99336,52.19568],[9.00019,52.19104],[9.0062,52.18992],[9.01448,52.19466],[9.01873,52.19223],[9.01793,52.18755],[9.02097,52.18438],[9.04428,52.18423],[9.04358,52.19023],[9.04779,52.19558],[9.04384,52.20335],[9.04586,52.20956],[9.03477,52.21791],[9.03603,52.22382],[9.04187,52.22577],[9.05124,52.2205],[9.06214,52.2232],[9.07373,52.22914],[9.07534,52.23413],[9.05776,52.23782],[9.03269,52.24933],[9.00775,52.25308],[9.00369,52.25737],[8.9796,52.2615],[8.97278,52.26554],[8.97808,52.27445],[8.97223,52.27399],[8.96478,52.27893],[8.98026,52.28307],[8.98723,52.28733],[8.9855,52.29533],[8.98916,52.30102],[8.99095,52.31378],[8.99697,52.31837],[8.99826,52.32579],[9.00669,52.32608],[9.01033,52.33097],[9.01983,52.33202],[9.02403,52.33608],[9.02852,52.3446],[9.05534,52.34029],[9.06029,52.34639],[9.07494,52.35031],[9.07696,52.35262],[9.07754,52.35406],[9.08366,52.35479],[9.08511,52.35586],[9.08591,52.35747],[9.0852,52.36],[9.08702,52.36204],[9.08834,52.36394],[9.08893,52.36628],[9.09165,52.3684],[9.09436,52.36976],[9.09787,52.37142],[9.09999,52.37994],[9.09643,52.38641],[9.11301,52.39713],[9.11865,52.39855],[9.12525,52.41199],[9.12343,52.42089],[9.11238,52.42117],[9.10656,52.42583],[9.11142,52.42802],[9.11059,52.4349],[9.09525,52.44362],[9.10271,52.45614],[9.12454,52.46799],[9.12436,52.47492],[9.13542,52.47583],[9.13556,52.47752],[9.13163,52.48356],[9.11294,52.48602],[9.09516,52.49811],[9.08688,52.49589],[9.07215,52.49843],[9.06472,52.49675],[9.0524,52.49959],[9.04241,52.48802],[9.04331,52.48249],[9.03876,52.48041],[9.02819,52.48016],[9.02361,52.47758],[9.02158,52.47072],[9.01735,52.46699],[9.01676,52.4605],[9.01062,52.45748],[8.99892,52.45756],[8.99063,52.45221],[8.97963,52.45049],[8.98629,52.44505],[8.97992,52.43725],[8.98456,52.43237],[8.98336,52.43042],[8.97843,52.42765],[8.96364,52.42535],[8.95644,52.41606],[8.94255,52.41635],[8.94478,52.41017],[8.93631,52.40478],[8.93606,52.40201],[8.92151,52.4031],[8.90611,52.40426],[8.89941,52.40236],[8.89395,52.40486],[8.88729,52.39641],[8.87146,52.39357],[8.86448,52.39501],[8.85248,52.38991],[8.78949,52.39843],[8.77462,52.3956],[8.74601,52.38831],[8.72474,52.40027],[8.71524,52.39257],[8.70749,52.39535],[8.71037,52.40757],[8.70546,52.41315],[8.70497,52.41834],[8.70874,52.42351],[8.71671,52.42572],[8.71779,52.42907],[8.7154,52.43306],[8.70616,52.43864],[8.70368,52.44345],[8.7049,52.45501],[8.70989,52.46055],[8.71029,52.46555],[8.70849,52.47743],[8.69906,52.4869],[8.70301,52.50044],[8.69994,52.50173],[8.7011,52.50394],[8.69775,52.50888],[8.68521,52.51323],[8.68909,52.51856],[8.67125,52.51793],[8.65204,52.53093],[8.63772,52.52627],[8.55734,52.50009],[8.51889,52.50875],[8.50952,52.51394],[8.50568,52.51289],[8.48265,52.49782],[8.47201,52.49831],[8.46188,52.49336],[8.45402,52.46143],[8.43143,52.44864],[8.42369,52.4511],[8.4176,52.44861],[8.41785,52.44496],[8.41484,52.44598],[8.40777,52.44855],[8.40209,52.45062],[8.39415,52.44952],[8.38994,52.44855],[8.38637,52.44778],[8.38591,52.44502],[8.38166,52.44464],[8.37721,52.44492],[8.37408,52.44438],[8.37113,52.4453],[8.36912,52.44471],[8.35956,52.44438],[8.35118,52.45078],[8.34444,52.45291],[8.33508,52.45388],[8.32485,52.45229],[8.31195,52.45824],[8.3071,52.45673],[8.30248,52.45839],[8.29721,52.4565],[8.30286,52.44821],[8.30763,52.44551],[8.30466,52.43493],[8.31108,52.43605],[8.3217,52.42541],[8.31638,52.41361],[8.32212,52.40995],[8.31458,52.40745],[8.31517,52.40522],[8.32403,52.40047],[8.3437,52.39758],[8.36055,52.39071],[8.3913,52.38369],[8.39515,52.38326],[8.40304,52.37665],[8.40777,52.37484],[8.43941,52.36271],[8.45263,52.33608],[8.46121,52.31877],[8.47066,52.31405],[8.46561,52.30574],[8.45892,52.30242],[8.45923,52.28388],[8.46312,52.2812],[8.46461,52.27629],[8.46619,52.26761],[8.46188,52.26209],[8.45949,52.25872],[8.46188,52.25718],[8.46753,52.24748],[8.46188,52.24383],[8.45918,52.24009],[8.46062,52.22982],[8.45315,52.22496],[8.4509,52.21876],[8.44296,52.21378],[8.44979,52.20881],[8.45668,52.1983],[8.46188,52.19548],[8.46365,52.19511],[8.46592,52.19476],[8.47229,52.19329],[8.50644,52.1884],[8.51705,52.18512],[8.50982,52.18127],[8.50613,52.1793],[8.49287,52.16739],[8.48612,52.16571],[8.48057,52.15979],[8.46188,52.15321],[8.45203,52.15462],[8.40984,52.13519],[8.40777,52.13239],[8.40457,52.12804],[8.40777,52.12116],[8.41059,52.11511],[8.40777,52.11353],[8.4036,52.11118],[8.38964,52.10829],[8.37137,52.11043],[8.36887,52.11476],[8.36314,52.11793],[8.34977,52.11978],[8.34334,52.12306],[8.32453,52.12548],[8.3095,52.11884],[8.28569,52.12602],[8.28611,52.13403],[8.27507,52.13105],[8.26673,52.13228],[8.26307,52.12123],[8.24551,52.12063],[8.21008,52.09739],[8.20145,52.08817],[8.19377,52.07348],[8.18213,52.07192],[8.17522,52.07336],[8.1725,52.07237],[8.15954,52.07575],[8.1516,52.07569],[8.13267,52.07215],[8.12748,52.06824],[8.10493,52.06148],[8.09645,52.05714],[8.09028,52.06383],[8.07036,52.06568],[8.06541,52.06788],[8.05812,52.06751],[8.05417,52.06412],[8.04559,52.06315],[8.03677,52.0645],[8.03446,52.06757],[8.03071,52.06757],[8.02003,52.06217],[8.01682,52.05769],[8.0037,52.05444],[7.99485,52.05012],[7.9811,52.03551],[7.91692,52.05164],[7.91974,52.05797],[7.91249,52.06193],[7.89059,52.082],[7.88516,52.0833],[7.9044,52.09262],[7.95488,52.10406],[7.9707,52.11553],[8.0078,52.11533],[8.00311,52.14863],[7.99889,52.15058],[7.9987,52.15427],[8.00212,52.155],[8.00264,52.15952],[8.01126,52.1595],[8.01341,52.16132],[8.01927,52.15952],[8.02334,52.161],[8.02401,52.16412],[8.01607,52.16866],[8.01698,52.17205],[8.00476,52.17585],[7.98643,52.17439],[7.9745,52.17153],[7.95774,52.17663],[7.93584,52.17668],[7.92867,52.18084],[7.91284,52.18658],[7.90299,52.19887],[7.90604,52.20179],[7.90088,52.20742],[7.90572,52.20869],[7.90612,52.21399],[7.91309,52.21829],[7.91426,52.2221],[7.92162,52.2225],[7.92738,52.22849],[7.92648,52.23417],[7.9282,52.24203],[7.92323,52.25288],[7.92617,52.26273],[7.93081,52.26515],[7.9453,52.26556],[7.95646,52.27249],[7.93194,52.28665],[7.93065,52.29346],[7.93243,52.30174],[7.94242,52.30429],[7.95246,52.30581],[7.9876,52.30459],[7.9896,52.30927],[7.97862,52.31263],[7.96463,52.32486],[7.94916,52.33608],[7.95268,52.34777],[7.94772,52.34954],[7.94177,52.34853],[7.94314,52.35539],[7.93667,52.36498],[7.92168,52.36562],[7.9128,52.3704],[7.90846,52.37269],[7.9025,52.37543],[7.9003,52.37644],[7.89823,52.37745],[7.89651,52.37832],[7.89383,52.37954],[7.89177,52.38051],[7.88833,52.37848],[7.86951,52.37708],[7.84322,52.3693],[7.81351,52.37099],[7.80427,52.37233],[7.78344,52.3796],[7.78173,52.3802],[7.77419,52.38284],[7.77017,52.38425],[7.75874,52.38827],[7.75336,52.39016],[7.74838,52.39191],[7.72482,52.39968],[7.71374,52.40105],[7.7018,52.4352],[7.68474,52.45586],[7.6688,52.4563],[7.65431,52.46238],[7.60804,52.47402],[7.60243,52.47392],[7.59157,52.46438],[7.57827,52.44806],[7.57139,52.43343],[7.56431,52.43231],[7.60141,52.42111],[7.60137,52.41552],[7.58367,52.40389],[7.58266,52.39524],[7.57231,52.38242],[7.58145,52.3765],[7.57781,52.37584],[7.56996,52.37799],[7.56183,52.37302],[7.56194,52.37088],[7.54306,52.36798],[7.53477,52.37026],[7.52644,52.36857],[7.5132,52.36202],[7.50435,52.36044],[7.48055,52.34823],[7.4639,52.34245],[7.4456,52.33608],[7.43778,52.33336],[7.42828,52.32086],[7.42625,52.3141],[7.41581,52.31208],[7.40438,52.3125],[7.39655,52.30664],[7.38541,52.30851],[7.37122,52.30034],[7.36557,52.29351],[7.36155,52.28831],[7.35102,52.28449],[7.3456,52.28269],[7.33697,52.28195],[7.32947,52.28129],[7.31955,52.28044],[7.31748,52.28027],[7.29724,52.26438],[7.21825,52.26428],[7.21111,52.26443],[7.20785,52.2645],[7.15346,52.2664],[7.13243,52.26302],[7.12457,52.26176],[7.11089,52.25333],[7.10616,52.24507],[7.09915,52.24306],[7.06569,52.24137],[7.05024,52.25123],[7.04269,52.2564],[7.02866,52.27431],[7.02652,52.28834],[7.04003,52.31244],[7.04662,52.31555],[7.05024,52.32698],[7.05721,52.33862],[7.0718,52.35235],[7.07244,52.37312],[7.05829,52.39906],[7.05024,52.40084],[7.03546,52.40343],[7.02235,52.42213],[7.0113,52.42916],[6.99865,52.45606],[6.99344,52.46557],[6.98887,52.46872],[6.97756,52.46548],[6.96303,52.44478],[6.94716,52.43661],[6.93827,52.43613],[6.93247,52.43729],[6.86441,52.45094],[6.85383,52.45036],[6.85431,52.4596],[6.77498,52.45972],[6.7539,52.46373],[6.7448,52.46783],[6.73552,52.47187],[6.72387,52.47691],[6.72051,52.47712],[6.71781,52.4782],[6.71066,52.48108],[6.69787,52.48629],[6.69942,52.49484],[6.70263,52.50933],[6.70468,52.52138],[6.68181,52.55282],[6.71483,52.54895],[6.72692,52.56274],[6.75233,52.55934],[6.76662,52.56151],[6.76462,52.56457],[6.71969,52.58844],[6.72656,52.61535],[6.7228,52.62014],[6.70973,52.62782],[6.72601,52.63349],[6.74576,52.64604],[6.75935,52.64843],[6.76751,52.64732],[6.77499,52.6509],[6.78531,52.65256],[6.8032,52.65162],[6.8163,52.64862],[6.82324,52.64814],[6.8363,52.65177],[6.84962,52.64914],[6.86183,52.64973],[6.87211,52.65277],[6.88051,52.65078],[6.89702,52.65105],[6.91324,52.64648],[6.91898,52.63998],[6.93247,52.63868],[6.93805,52.63815],[6.95247,52.63918],[6.96831,52.64215],[6.97696,52.64587],[6.99179,52.64175],[7.00206,52.64137],[7.00623,52.63876],[7.04048,52.63292],[7.05024,52.63921],[7.05492,52.64361],[7.06683,52.75462],[7.06794,52.76814],[7.06959,52.78763],[7.07205,52.81087],[7.09269,52.8382],[7.0882,52.84802],[7.08732,52.84993],[7.10466,52.86418],[7.10704,52.86656],[7.11209,52.87188],[7.11543,52.87523],[7.1192,52.879],[7.12999,52.88982],[7.13243,52.89233],[7.13404,52.89399],[7.15247,52.91295],[7.18157,52.9413],[7.20093,52.98276],[7.20901,52.99947],[7.21674,53.00756],[7.2128,53.01096],[7.21205,53.0152],[7.20713,53.04111],[7.20603,53.04689],[7.20431,53.05555],[7.20121,53.07124],[7.19925,53.08102],[7.20024,53.09349],[7.20161,53.10464],[7.20279,53.11328],[7.18449,53.12114],[7.18082,53.12867],[7.17932,53.13769],[7.18906,53.14786],[7.18918,53.15494],[7.19144,53.16273],[7.20312,53.1756],[7.22586,53.18008],[7.20885,53.18867],[7.21621,53.19593],[7.21752,53.20044],[7.21676,53.21477],[7.21142,53.22647],[7.20894,53.24306],[7.21942,53.24891],[7.22609,53.25608],[7.236,53.27484],[7.23658,53.28798],[7.23022,53.29393],[7.24236,53.30316],[7.24955,53.32393],[7.2643,53.32553],[7.26424,53.32751],[7.25815,53.32948],[7.23587,53.33196],[7.16631,53.33564],[7.13243,53.33535],[7.06157,53.33473],[7.05024,53.33836],[7.03223,53.33635],[7.02331,53.33792],[7.0136,53.34408],[6.99945,53.35989],[6.9986,53.37149],[7.00706,53.37747],[7.01064,53.38536],[7.00776,53.39355],[7.01267,53.40758],[7.0107,53.42623],[7.02518,53.47573],[7.02454,53.48274],[7.04711,53.5066],[7.04816,53.50771],[7.0381,53.52074],[7.03376,53.53313],[7.03899,53.5367],[7.05024,53.53408],[7.06317,53.5246],[7.07269,53.52793],[7.07573,53.53217],[7.07788,53.53194],[7.08358,53.52711],[7.08888,53.517],[7.09578,53.51172],[7.10328,53.51157],[7.09877,53.5213],[7.10076,53.52432],[7.12249,53.52558],[7.13243,53.53225],[7.13785,53.53589],[7.1335,53.53938],[7.13483,53.54123],[7.13243,53.54152],[7.12726,53.54214],[7.11874,53.54789],[7.11902,53.55142],[7.08835,53.57064],[7.08935,53.57443],[7.09071,53.57964],[7.11204,53.59448],[7.13243,53.60392],[7.14076,53.60778],[7.14697,53.6129],[7.15249,53.62375],[7.15579,53.62278],[7.15904,53.62877],[7.16815,53.62819],[7.18372,53.64129],[7.20067,53.64877],[7.24368,53.66778],[7.2637,53.67269],[7.28118,53.6744],[7.2916,53.67971],[7.31735,53.68355],[7.35706,53.68648],[7.3786,53.68196],[7.40605,53.68239],[7.43283,53.68421],[7.4816,53.68291],[7.4981,53.67823],[7.52169,53.67154],[7.54255,53.67534],[7.55017,53.67504],[7.57201,53.67763],[7.57402,53.68026],[7.58728,53.68016],[7.60647,53.68665],[7.6301,53.68894],[7.70328,53.70322],[7.71598,53.69979],[7.73747,53.69963],[7.76169,53.70176],[7.77017,53.70422],[7.79133,53.70965],[7.80762,53.71058],[7.8099,53.70766],[7.81421,53.71159],[7.83195,53.71123],[7.87319,53.71453],[7.91298,53.71772],[7.96371,53.71608],[7.99882,53.71263],[8.01425,53.71112],[8.02782,53.70743],[8.03181,53.70467],[8.03126,53.6995],[8.02389,53.69153],[8.02302,53.68259],[8.02737,53.67763],[8.03286,53.65573],[8.03766,53.64877],[8.04243,53.64187],[8.0467,53.6406],[8.05715,53.64194],[8.07393,53.64654],[8.08136,53.64471],[8.09129,53.63811],[8.11502,53.61523],[8.12396,53.59901],[8.14928,53.60056],[8.15494,53.58598],[8.15342,53.58291],[8.14317,53.57832],[8.14608,53.57443],[8.15348,53.56453],[8.1524,53.56119],[8.1574,53.55913],[8.16871,53.54284],[8.15779,53.53299],[8.15841,53.52924],[8.16425,53.52928],[8.166,53.5268],[8.15617,53.5157],[8.11505,53.5066],[8.08573,53.50187],[8.07507,53.50247],[8.06133,53.50596],[8.06029,53.49602],[8.06526,53.47376],[8.06989,53.46696],[8.07825,53.45841],[8.099,53.44568],[8.11034,53.44742],[8.11502,53.44987],[8.13688,53.45242],[8.15234,53.44729],[8.19349,53.41387],[8.19075,53.40978],[8.19556,53.40917],[8.20232,53.40372],[8.22743,53.39897],[8.24639,53.39781],[8.2588,53.40116],[8.2781,53.41269],[8.29204,53.42473],[8.29722,53.43068],[8.29508,53.43575],[8.29671,53.44164],[8.30809,53.44822],[8.31185,53.45417],[8.31517,53.46239],[8.3163,53.50033],[8.31575,53.5066],[8.31491,53.51627],[8.31073,53.5217],[8.30344,53.52519],[8.26557,53.51871],[8.2313,53.52155],[8.2415,53.57443],[8.24368,53.5828],[8.25593,53.59535],[8.27683,53.60753],[8.308,53.61615],[8.33412,53.61255],[8.34836,53.60617],[8.38454,53.57443],[8.39822,53.5693],[8.40777,53.56742],[8.43499,53.56206],[8.46188,53.55296],[8.47462,53.55386],[8.50368,53.5512],[8.51564,53.55577],[8.51718,53.55054],[8.52301,53.54648],[8.53522,53.54087],[8.55034,53.53746],[8.5549,53.52513],[8.54756,53.52128],[8.55099,53.51572],[8.53058,53.50849],[8.52682,53.5066],[8.50922,53.49773],[8.50114,53.48985],[8.49265,53.47242],[8.50434,53.47183],[8.51191,53.47588],[8.51951,53.47561],[8.53186,53.48035],[8.56889,53.48738],[8.60558,53.48489],[8.61887,53.48954],[8.63152,53.50073],[8.63786,53.50322],[8.63942,53.5066],[8.6495,53.51086],[8.65128,53.51631],[8.63953,53.52745],[8.63895,53.53414],[8.64457,53.54242],[8.64577,53.55466],[8.63772,53.55415],[8.63104,53.55635],[8.61852,53.57443],[8.61756,53.57581],[8.61934,53.57836],[8.62645,53.57986],[8.62926,53.58369],[8.63772,53.58948],[8.64139,53.59195],[8.63925,53.59554],[8.65063,53.60256],[8.63772,53.60373],[8.62261,53.6051],[8.61326,53.60287],[8.60266,53.59625],[8.59285,53.59343],[8.55874,53.60346],[8.53532,53.60715],[8.5261,53.60462],[8.52041,53.6062],[8.50843,53.62317],[8.48969,53.64877],[8.4842,53.65627],[8.48191,53.67422],[8.4833,53.6936],[8.51023,53.73776],[8.52071,53.74881],[8.51947,53.75295],[8.5381,53.78647],[8.54355,53.7879],[8.53819,53.79407],[8.54215,53.80729],[8.5509,53.82273],[8.5526,53.82531],[8.5532,53.82633],[8.55437,53.82804],[8.55558,53.8298],[8.5563,53.83091],[8.55724,53.83236],[8.55908,53.83506],[8.56011,53.83669],[8.56098,53.83807],[8.56189,53.83944],[8.56376,53.84228],[8.56656,53.84546],[8.57605,53.84534],[8.58808,53.85827],[8.60381,53.87064],[8.60247,53.87486],[8.61382,53.88139],[8.62697,53.88242],[8.63772,53.88578],[8.64113,53.88684],[8.66816,53.89145],[8.68717,53.89191],[8.68359,53.88554],[8.69045,53.87835]],[[8.65068,53.12221],[8.65151,53.11755],[8.65682,53.11785],[8.6549,53.10886],[8.66877,53.10302],[8.66538,53.09414],[8.67199,53.088],[8.69919,53.08265],[8.70845,53.07625],[8.71027,53.0689],[8.70774,53.05208],[8.71142,53.04463],[8.73237,53.03529],[8.74316,53.04038],[8.75551,53.03898],[8.75588,53.0428],[8.76266,53.04659],[8.76295,53.05086],[8.77022,53.05268],[8.77277,53.04575],[8.77904,53.03967],[8.80129,53.0334],[8.80926,53.03062],[8.81845,53.02255],[8.83636,53.01958],[8.84718,53.02159],[8.85115,53.01875],[8.85673,53.02021],[8.86233,53.02167],[8.86682,53.02504],[8.86337,53.03473],[8.86528,53.03668],[8.89274,53.0157],[8.90611,53.01299],[8.91583,53.01102],[8.92255,53.01429],[8.93543,53.01423],[8.93841,53.02429],[8.94516,53.02505],[8.94761,53.0308],[8.96794,53.03765],[8.97926,53.04585],[8.97711,53.05052],[8.96353,53.05824],[8.9615,53.06552],[8.96574,53.06804],[8.965,53.08236],[8.96221,53.08561],[8.96646,53.08994],[8.99078,53.09663],[8.98804,53.09788],[8.98231,53.09678],[8.97193,53.1011],[8.96347,53.10076],[8.95889,53.10976],[8.94813,53.11585],[8.98419,53.12607],[8.98038,53.13098],[8.96959,53.13502],[8.9565,53.14688],[8.94381,53.15188],[8.93772,53.15135],[8.92246,53.14495],[8.92104,53.14025],[8.91201,53.13316],[8.90611,53.13674],[8.90461,53.13765],[8.89684,53.13434],[8.86407,53.13253],[8.85673,53.13976],[8.85375,53.14269],[8.84245,53.14845],[8.84008,53.15627],[8.82881,53.16087],[8.82843,53.1636],[8.80129,53.16162],[8.78919,53.1616],[8.7814,53.16341],[8.77471,53.15907],[8.76187,53.16464],[8.74245,53.1648],[8.74238,53.17159],[8.7326,53.17382],[8.72754,53.18025],[8.71701,53.18246],[8.71387,53.18205],[8.70685,53.17601],[8.70225,53.17786],[8.6996,53.18399],[8.67714,53.17573],[8.67471,53.17892],[8.66586,53.17663],[8.65973,53.1777],[8.65293,53.18764],[8.6407,53.1906],[8.63772,53.19326],[8.63558,53.19518],[8.6279,53.19776],[8.61024,53.19204],[8.60737,53.18811],[8.59421,53.18391],[8.58982,53.18919],[8.58066,53.19214],[8.58398,53.1961],[8.58201,53.19989],[8.59614,53.20697],[8.59762,53.21276],[8.5796,53.21691],[8.57263,53.21156],[8.56547,53.21294],[8.55367,53.20842],[8.54065,53.21503],[8.53026,53.21662],[8.5168,53.22798],[8.48533,53.22712],[8.48174,53.22645],[8.48263,53.22358],[8.48437,53.22259],[8.5072,53.19953],[8.51627,53.19711],[8.53353,53.1874],[8.57349,53.17605],[8.60954,53.17049],[8.62052,53.16655],[8.63095,53.13845],[8.63772,53.13288],[8.65068,53.12221]],[[8.64381,53.60969],[8.64485,53.60535],[8.65184,53.604],[8.65675,53.60319],[8.65979,53.60586],[8.65961,53.60743],[8.65265,53.60981],[8.64381,53.60969]],[[8.61083,53.19754],[8.61573,53.19527],[8.61748,53.19692],[8.61251,53.19921],[8.61083,53.19754]]],[[[6.73861,53.57443],[6.73864,53.57289],[6.74124,53.57297],[6.74138,53.57084],[6.74516,53.56968],[6.74953,53.56969],[6.7569,53.56825],[6.7587,53.56295],[6.75488,53.56059],[6.753,53.56288],[6.74717,53.56262],[6.7467,53.55958],[6.74955,53.55889],[6.74859,53.55755],[6.74339,53.55724],[6.74431,53.56231],[6.74026,53.56745],[6.73238,53.57016],[6.72248,53.56946],[6.71751,53.57091],[6.71208,53.57019],[6.70645,53.56821],[6.71019,53.56577],[6.71229,53.56278],[6.71696,53.56072],[6.71481,53.55957],[6.70893,53.56366],[6.7048,53.56458],[6.7009,53.5667],[6.69733,53.56538],[6.69171,53.56825],[6.67972,53.57356],[6.66486,53.57801],[6.65644,53.58562],[6.65459,53.59597],[6.66737,53.60302],[6.6791,53.60376],[6.75886,53.61778],[6.77666,53.61494],[6.81145,53.60351],[6.81073,53.60121],[6.79972,53.59786],[6.7541,53.596],[6.73777,53.58796],[6.71992,53.58378],[6.71991,53.58279],[6.72726,53.58099],[6.73861,53.57443]]],[[[7.34425,53.7255],[7.34728,53.72361],[7.34804,53.72036],[7.34701,53.71866],[7.33835,53.71727],[7.33597,53.71555],[7.33113,53.71383],[7.32113,53.71172],[7.30443,53.7102],[7.30063,53.70887],[7.291,53.70763],[7.2877,53.7066],[7.27862,53.70573],[7.27025,53.70369],[7.26401,53.70411],[7.2595,53.70373],[7.21545,53.70359],[7.21549,53.70519],[7.2124,53.70518],[7.21227,53.70644],[7.20876,53.7066],[7.20631,53.70525],[7.20233,53.70518],[7.19905,53.70026],[7.1966,53.69928],[7.19141,53.69929],[7.18333,53.70086],[7.17778,53.70133],[7.17677,53.70456],[7.17109,53.70768],[7.1666,53.70741],[7.16507,53.70634],[7.16894,53.70384],[7.16756,53.70102],[7.16285,53.69767],[7.15272,53.69687],[7.14546,53.70001],[7.14128,53.70116],[7.13726,53.70697],[7.13803,53.70842],[7.1434,53.71116],[7.1552,53.71427],[7.16681,53.71826],[7.1863,53.72271],[7.1904,53.72306],[7.19726,53.72258],[7.20962,53.72267],[7.21953,53.72326],[7.22929,53.72284],[7.27184,53.72378],[7.2829,53.7247],[7.28762,53.72468],[7.32175,53.72624],[7.332,53.72708],[7.34425,53.7255]]],[[[7.63144,53.74854],[7.63067,53.74682],[7.6218,53.74618],[7.61338,53.746],[7.60222,53.74715],[7.57158,53.74843],[7.55606,53.74692],[7.5392,53.74369],[7.5271,53.74363],[7.52398,53.74401],[7.51468,53.74383],[7.51162,53.74326],[7.50607,53.73994],[7.50185,53.73534],[7.50337,53.73154],[7.4981,53.72861],[7.49416,53.72641],[7.49567,53.72305],[7.49181,53.7226],[7.49083,53.72395],[7.48436,53.72594],[7.48117,53.72496],[7.48038,53.72172],[7.47541,53.7207],[7.47052,53.72104],[7.46833,53.72324],[7.46232,53.72371],[7.46064,53.72533],[7.46154,53.7285],[7.46339,53.73006],[7.46573,53.73515],[7.46923,53.74611],[7.47486,53.7518],[7.47978,53.75436],[7.49086,53.7566],[7.4981,53.7569],[7.50314,53.7571],[7.5128,53.75712],[7.54859,53.75881],[7.56068,53.75881],[7.57245,53.75932],[7.59332,53.75908],[7.61321,53.75704],[7.62573,53.75472],[7.62821,53.75365],[7.63144,53.74854]]],[[[7.72056,53.78215],[7.77017,53.78104],[7.81201,53.78144],[7.81559,53.77843],[7.81316,53.77482],[7.79675,53.76982],[7.77017,53.76472],[7.75665,53.7606],[7.73944,53.76006],[7.70501,53.7635],[7.69851,53.76261],[7.69732,53.7647],[7.68185,53.75205],[7.66941,53.75459],[7.66569,53.76109],[7.66907,53.76662],[7.67842,53.77351],[7.69865,53.78064],[7.72056,53.78215]]],[[[6.99686,53.67376],[6.99468,53.67234],[6.98953,53.67352],[6.97803,53.67106],[6.9652,53.6717],[6.93247,53.6678],[6.9193,53.66623],[6.88854,53.66429],[6.87531,53.66653],[6.86099,53.66258],[6.85242,53.66309],[6.86022,53.66878],[6.86871,53.67115],[6.89608,53.67199],[6.93247,53.67617],[6.97775,53.68138],[7.05024,53.68611],[7.08856,53.68586],[7.0973,53.68384],[7.09948,53.68175],[7.09644,53.67889],[7.05024,53.67879],[7.01514,53.67409],[6.99686,53.67376]]],[[[7.88192,53.79478],[7.89154,53.79424],[7.89938,53.79434],[7.90715,53.79369],[7.91404,53.79235],[7.927,53.79056],[7.92989,53.79049],[7.94517,53.78806],[7.95659,53.78659],[7.96243,53.78452],[7.97263,53.78234],[7.97465,53.78039],[7.96889,53.77923],[7.97039,53.77594],[7.9675,53.77604],[7.96087,53.77855],[7.94996,53.78165],[7.9441,53.78217],[7.94265,53.78098],[7.93504,53.77986],[7.93082,53.78035],[7.91743,53.78014],[7.90915,53.78116],[7.90041,53.78336],[7.88717,53.78624],[7.88092,53.78692],[7.87447,53.78854],[7.87319,53.78731],[7.86974,53.78399],[7.86865,53.77818],[7.86689,53.7738],[7.86474,53.77306],[7.86409,53.77588],[7.8581,53.78125],[7.85119,53.78437],[7.84741,53.78741],[7.85073,53.79015],[7.85673,53.79218],[7.86458,53.79389],[7.87319,53.79433],[7.88192,53.79478]]],[[[7.42663,53.72081],[7.40605,53.72016],[7.38776,53.72017],[7.3698,53.7226],[7.36069,53.72647],[7.3631,53.72878],[7.38626,53.73517],[7.40605,53.73524],[7.42625,53.73311],[7.43429,53.72975],[7.4311,53.72291],[7.42663,53.72081]]],[[[6.89711,53.62759],[6.8912,53.62578],[6.87707,53.62879],[6.86538,53.64017],[6.86681,53.64496],[6.88424,53.64877],[6.89045,53.65188],[6.89536,53.65332],[6.90055,53.65363],[6.90522,53.65236],[6.90486,53.65088],[6.89926,53.64877],[6.90934,53.6437],[6.89932,53.63966],[6.89259,53.63169],[6.89711,53.62759]]],[[[6.86751,53.5908],[6.86524,53.58877],[6.86181,53.59086],[6.86524,53.59311],[6.86751,53.5908]]],[[[7.97815,53.77982],[7.97729,53.77517],[7.97534,53.77629],[7.97467,53.78037],[7.97815,53.77982]]]]},"properties":{"code":"DE9","nom":"Niedersachsen","country":"DE"}},{"type":"Feature","geometry":{"type":"MultiPolygon","coordinates":[[[[10.45102,47.5546],[10.45444,47.5558],[10.43954,47.52466],[10.44076,47.51439],[10.43203,47.50357],[10.43573,47.49537],[10.44324,47.48497],[10.46376,47.48274],[10.46931,47.4692],[10.46628,47.46393],[10.4662,47.45317],[10.47022,47.44853],[10.47486,47.43307],[10.45993,47.42816],[10.45491,47.41883],[10.43851,47.41298],[10.4366,47.40639],[10.43231,47.40242],[10.42957,47.39097],[10.43677,47.38036],[10.43019,47.38369],[10.42054,47.38425],[10.41275,47.3785],[10.39616,47.37608],[10.38925,47.37027],[10.38592,47.35642],[10.35777,47.33726],[10.34612,47.32153],[10.3488,47.31751],[10.32962,47.30486],[10.31552,47.30613],[10.30243,47.2993],[10.29525,47.29909],[10.28142,47.28813],[10.26598,47.28808],[10.26557,47.28558],[10.25931,47.2818],[10.24434,47.27895],[10.23452,47.27111],[10.2217,47.27556],[10.20191,47.27644],[10.17835,47.27011],[10.17372,47.27148],[10.17209,47.27908],[10.17927,47.29523],[10.18913,47.2942],[10.19906,47.298],[10.20904,47.30524],[10.21372,47.31218],[10.21025,47.31902],[10.20046,47.32657],[10.20699,47.33224],[10.20511,47.33776],[10.21657,47.34947],[10.21751,47.35463],[10.23601,47.37245],[10.23268,47.37883],[10.23481,47.38282],[10.22698,47.38814],[10.21206,47.38111],[10.20088,47.38331],[10.1947,47.38878],[10.18234,47.39178],[10.18027,47.38701],[10.16943,47.3848],[10.16909,47.37213],[10.16639,47.36937],[10.14128,47.36722],[10.11932,47.375],[10.09985,47.35476],[10.09764,47.35986],[10.09077,47.37519],[10.08952,47.37805],[10.08289,47.39373],[10.08516,47.39951],[10.07148,47.40756],[10.07135,47.41114],[10.07498,47.41445],[10.08596,47.41494],[10.09441,47.4176],[10.09746,47.42315],[10.10459,47.42824],[10.10389,47.4305],[10.09395,47.44201],[10.09388,47.45225],[10.08945,47.45947],[10.07982,47.45585],[10.07201,47.45622],[10.06633,47.46224],[10.0569,47.46557],[10.05285,47.4681],[10.05372,47.47501],[10.04361,47.48777],[10.03692,47.48871],[10.01032,47.48229],[9.99953,47.48302],[9.98849,47.49755],[9.99445,47.50318],[9.98497,47.51023],[9.97235,47.51565],[9.96503,47.523],[9.96763,47.52661],[9.96555,47.53738],[9.97038,47.54455],[9.96781,47.54624],[9.96005,47.54264],[9.96112,47.53522],[9.94115,47.53758],[9.92258,47.53],[9.91473,47.53208],[9.90844,47.5387],[9.90099,47.54429],[9.88942,47.54437],[9.88143,47.54782],[9.87877,47.54654],[9.87611,47.54379],[9.87778,47.53945],[9.87449,47.52854],[9.8584,47.53447],[9.85002,47.54136],[9.82977,47.54453],[9.8155,47.5493],[9.82554,47.56031],[9.82144,47.56968],[9.82668,47.5781],[9.82375,47.58718],[9.82031,47.58764],[9.81348,47.58883],[9.80275,47.59534],[9.79787,47.59518],[9.77718,47.59449],[9.76228,47.58496],[9.75625,47.57831],[9.75568,47.57216],[9.74937,47.57069],[9.75072,47.56693],[9.74449,47.55893],[9.74605,47.55595],[9.74066,47.55354],[9.73555,47.54611],[9.73619,47.5358],[9.73217,47.53373],[9.72988,47.53364],[9.72805,47.53345],[9.70197,47.52793],[9.68036,47.52336],[9.66388,47.52587],[9.6575,47.52684],[9.64677,47.52848],[9.64211,47.52919],[9.63057,47.53094],[9.61684,47.53304],[9.60592,47.5347],[9.56516,47.54091],[9.55872,47.54189],[9.60208,47.58434],[9.60536,47.58506],[9.61464,47.58174],[9.61976,47.58323],[9.62149,47.58859],[9.62822,47.59288],[9.63365,47.59348],[9.64329,47.58976],[9.6399,47.60032],[9.63571,47.60298],[9.6394,47.6039],[9.64677,47.60495],[9.65279,47.6058],[9.65903,47.61154],[9.67129,47.61107],[9.68157,47.60474],[9.69215,47.61042],[9.69524,47.60459],[9.70591,47.60218],[9.71229,47.60603],[9.72611,47.60725],[9.72854,47.60916],[9.73003,47.61165],[9.73158,47.61341],[9.73274,47.61472],[9.73434,47.61653],[9.7353,47.6152],[9.73705,47.61321],[9.7447,47.61483],[9.74167,47.60579],[9.74772,47.60369],[9.75486,47.60905],[9.75549,47.61412],[9.76641,47.61937],[9.77884,47.63024],[9.79469,47.6358],[9.79787,47.64091],[9.79948,47.64348],[9.79787,47.64514],[9.79603,47.64704],[9.79787,47.64858],[9.79919,47.64969],[9.80699,47.65114],[9.81574,47.6501],[9.82769,47.65754],[9.8315,47.67148],[9.83755,47.67177],[9.84187,47.67712],[9.84812,47.67604],[9.85992,47.67766],[9.87912,47.67407],[9.88653,47.66658],[9.89318,47.66367],[9.9161,47.6606],[9.92253,47.65786],[9.93263,47.65396],[9.94098,47.65712],[9.95906,47.65291],[9.96799,47.65355],[9.97545,47.65742],[9.97657,47.66515],[9.99794,47.67944],[10.01553,47.68366],[10.029,47.68571],[10.03057,47.68272],[10.02841,47.67808],[10.03124,47.67509],[10.0388,47.67734],[10.04479,47.67583],[10.04873,47.68059],[10.05931,47.67981],[10.0681,47.66415],[10.07437,47.6585],[10.07259,47.6433],[10.07729,47.63927],[10.08306,47.65465],[10.09335,47.66417],[10.09372,47.67035],[10.1108,47.66643],[10.12933,47.67693],[10.13197,47.68498],[10.12911,47.6909],[10.13852,47.69779],[10.13944,47.70327],[10.11924,47.71514],[10.11661,47.72038],[10.11834,47.73312],[10.11464,47.73811],[10.11749,47.75224],[10.11597,47.76073],[10.08553,47.77051],[10.08113,47.77909],[10.06938,47.78235],[10.06655,47.78529],[10.08799,47.79796],[10.09214,47.80322],[10.10458,47.80077],[10.11514,47.80124],[10.11732,47.80338],[10.11235,47.80715],[10.11824,47.8112],[10.126,47.81275],[10.13517,47.81131],[10.13193,47.82009],[10.11885,47.82896],[10.11002,47.83975],[10.10327,47.84242],[10.10924,47.84717],[10.10701,47.852],[10.09937,47.84737],[10.09532,47.84884],[10.09906,47.85227],[10.09801,47.85471],[10.10421,47.85658],[10.10207,47.86551],[10.08362,47.85637],[10.07676,47.86781],[10.08226,47.86923],[10.09149,47.8678],[10.09855,47.87614],[10.10469,47.87854],[10.10464,47.88288],[10.09793,47.88456],[10.10349,47.89185],[10.1016,47.90396],[10.10949,47.91111],[10.10831,47.91557],[10.10922,47.91918],[10.10579,47.92478],[10.11014,47.93715],[10.09378,47.94483],[10.08507,47.9568],[10.08885,47.9695],[10.10421,47.97436],[10.11495,47.97626],[10.11543,47.98946],[10.12129,47.9975],[10.12014,48.00402],[10.13239,48.0154],[10.13573,48.02376],[10.13343,48.02633],[10.12781,48.03252],[10.14102,48.04754],[10.13971,48.05262],[10.14359,48.05899],[10.14064,48.0649],[10.14317,48.07363],[10.13598,48.07705],[10.13442,48.08113],[10.14055,48.09547],[10.14039,48.09892],[10.13648,48.10209],[10.13646,48.10846],[10.13514,48.11145],[10.12405,48.1171],[10.108,48.13055],[10.10707,48.13214],[10.09536,48.16401],[10.09458,48.1652],[10.08592,48.18277],[10.08366,48.19784],[10.08526,48.2],[10.0849,48.20226],[10.08483,48.20452],[10.08462,48.20572],[10.08336,48.20896],[10.07726,48.21081],[10.07756,48.2211],[10.06939,48.22437],[10.06925,48.23085],[10.06142,48.24066],[10.06658,48.24849],[10.06712,48.25451],[10.06288,48.25803],[10.06493,48.2624],[10.06241,48.27264],[10.06639,48.27572],[10.06523,48.28181],[10.04348,48.29387],[10.04235,48.30007],[10.03784,48.30511],[10.0232,48.3232],[10.01179,48.33155],[10.01019,48.34169],[9.99761,48.35012],[9.99529,48.3559],[9.99904,48.36308],[9.99345,48.3645],[9.9922,48.36816],[9.98784,48.37003],[9.98384,48.36781],[9.98282,48.3631],[9.97679,48.36363],[9.96816,48.37288],[9.97064,48.37915],[9.98411,48.38586],[9.99055,48.39369],[10.0137,48.40334],[10.01916,48.41821],[10.04241,48.42973],[10.03914,48.43492],[10.03506,48.43393],[10.02846,48.43772],[10.02967,48.44241],[10.03726,48.44501],[10.03166,48.45397],[10.03269,48.4572],[10.03872,48.45943],[10.04964,48.45725],[10.07061,48.45845],[10.08553,48.46318],[10.08756,48.46581],[10.10033,48.47112],[10.10649,48.47708],[10.11654,48.47505],[10.12328,48.46158],[10.1339,48.45487],[10.1601,48.45852],[10.17141,48.45833],[10.17724,48.46447],[10.176,48.46879],[10.18358,48.46745],[10.1847,48.47178],[10.17946,48.47194],[10.18151,48.47556],[10.20288,48.48291],[10.21792,48.48847],[10.22546,48.4886],[10.23489,48.48913],[10.24037,48.49175],[10.23751,48.5002],[10.24247,48.5001],[10.24105,48.50537],[10.23987,48.50631],[10.23469,48.50534],[10.22879,48.50636],[10.23266,48.50851],[10.23078,48.51051],[10.23641,48.51214],[10.24708,48.51167],[10.25431,48.51561],[10.25552,48.51873],[10.26522,48.51919],[10.27825,48.5161],[10.29723,48.51748],[10.31202,48.52294],[10.31024,48.52579],[10.31383,48.52691],[10.31328,48.52861],[10.30413,48.5298],[10.30202,48.53524],[10.30133,48.54414],[10.30428,48.54981],[10.30757,48.55084],[10.31395,48.55806],[10.30625,48.58178],[10.29398,48.59028],[10.29711,48.60381],[10.30252,48.60463],[10.30611,48.60196],[10.30846,48.60472],[10.31891,48.60405],[10.32179,48.60963],[10.29937,48.62335],[10.29651,48.63356],[10.28474,48.63696],[10.27984,48.64161],[10.27953,48.64637],[10.26929,48.64715],[10.2694,48.6518],[10.25953,48.65489],[10.26529,48.659],[10.25487,48.6644],[10.26242,48.67202],[10.25619,48.67976],[10.26719,48.67996],[10.26591,48.68302],[10.27095,48.68525],[10.2701,48.70311],[10.28169,48.70089],[10.30448,48.6866],[10.30844,48.68702],[10.31683,48.68364],[10.31933,48.68885],[10.32201,48.6878],[10.3263,48.69022],[10.33185,48.69005],[10.34606,48.68013],[10.35121,48.66709],[10.34824,48.66514],[10.34861,48.66075],[10.35146,48.65869],[10.35196,48.65526],[10.36122,48.65319],[10.36837,48.66325],[10.37465,48.66369],[10.38086,48.66739],[10.38901,48.66801],[10.38796,48.67393],[10.3921,48.67899],[10.3932,48.68835],[10.40667,48.69468],[10.40945,48.69844],[10.42612,48.69558],[10.4316,48.69869],[10.43665,48.69217],[10.43048,48.68649],[10.42564,48.69109],[10.42343,48.69034],[10.4199,48.68209],[10.42591,48.67342],[10.42322,48.67154],[10.41769,48.67211],[10.40845,48.66718],[10.41064,48.66103],[10.41713,48.66342],[10.43168,48.66187],[10.4427,48.66629],[10.44931,48.66582],[10.45567,48.67043],[10.465,48.67053],[10.48283,48.68579],[10.49186,48.68789],[10.48706,48.69212],[10.48726,48.69666],[10.4803,48.6955],[10.4794,48.70031],[10.47186,48.70354],[10.47332,48.70514],[10.48186,48.70555],[10.4828,48.70829],[10.48076,48.71214],[10.47218,48.71332],[10.46638,48.7213],[10.4626,48.72291],[10.46467,48.72726],[10.4581,48.72998],[10.4638,48.73431],[10.46245,48.73607],[10.45075,48.73438],[10.44832,48.73001],[10.44469,48.72962],[10.43791,48.73746],[10.43186,48.73801],[10.43348,48.74133],[10.42369,48.7445],[10.41866,48.75172],[10.42626,48.75748],[10.42036,48.76191],[10.41449,48.77157],[10.41744,48.77381],[10.4296,48.77109],[10.43206,48.77654],[10.42999,48.77866],[10.42744,48.78062],[10.42801,48.7862],[10.434,48.78889],[10.42899,48.79078],[10.42941,48.79346],[10.42198,48.79532],[10.42097,48.79833],[10.42435,48.80055],[10.43432,48.80154],[10.44096,48.80643],[10.44156,48.80923],[10.4463,48.81072],[10.44793,48.83101],[10.44076,48.8345],[10.42781,48.83666],[10.42585,48.83666],[10.42917,48.84494],[10.45235,48.85236],[10.45338,48.85965],[10.44829,48.86243],[10.45258,48.87348],[10.44703,48.87734],[10.44563,48.88073],[10.45281,48.88517],[10.45325,48.88815],[10.4395,48.899],[10.42447,48.90314],[10.42482,48.90774],[10.42978,48.90654],[10.44226,48.90876],[10.45389,48.915],[10.4567,48.91916],[10.45251,48.9254],[10.43885,48.93329],[10.45079,48.9377],[10.44563,48.94074],[10.44433,48.94478],[10.43288,48.94567],[10.42844,48.95542],[10.41946,48.95918],[10.42446,48.96214],[10.41764,48.96831],[10.40368,48.96679],[10.40301,48.96962],[10.40267,48.97492],[10.40985,48.97744],[10.4103,48.97906],[10.40392,48.98117],[10.39466,48.98943],[10.38177,48.98851],[10.38116,48.99842],[10.37281,49.00324],[10.35416,49.00598],[10.35489,49.01267],[10.34646,49.018],[10.34965,49.02341],[10.34865,49.02752],[10.33498,49.02944],[10.33228,49.02779],[10.32826,49.02852],[10.32673,49.02535],[10.32048,49.02572],[10.31655,49.02854],[10.30322,49.0321],[10.30113,49.03935],[10.29529,49.04212],[10.28616,49.04165],[10.2871,49.03921],[10.28409,49.03704],[10.27723,49.03862],[10.2738,49.04251],[10.26472,49.04447],[10.2518,49.03991],[10.25032,49.04232],[10.25473,49.04515],[10.25258,49.04955],[10.25693,49.05371],[10.25676,49.05949],[10.26271,49.06165],[10.2568,49.0702],[10.23499,49.07533],[10.24091,49.08137],[10.24318,49.07954],[10.24699,49.08057],[10.24901,49.09108],[10.2396,49.09183],[10.22982,49.09018],[10.22245,49.09726],[10.21225,49.09507],[10.205,49.09812],[10.21468,49.10538],[10.21483,49.11243],[10.22608,49.11166],[10.22937,49.11506],[10.22668,49.11898],[10.25062,49.12646],[10.25338,49.12936],[10.25695,49.12905],[10.25251,49.13399],[10.25464,49.13934],[10.24769,49.14852],[10.23857,49.14991],[10.23161,49.15384],[10.23115,49.15707],[10.21651,49.16246],[10.20469,49.15658],[10.19936,49.15635],[10.19173,49.17153],[10.1794,49.17356],[10.17905,49.18048],[10.17103,49.17828],[10.16091,49.18334],[10.15433,49.18972],[10.15532,49.19265],[10.14397,49.19515],[10.13507,49.2],[10.12898,49.19655],[10.12606,49.19997],[10.12933,49.20338],[10.12682,49.20732],[10.1266,49.21032],[10.13945,49.20954],[10.13941,49.21328],[10.12754,49.22354],[10.12423,49.2445],[10.11983,49.24736],[10.13154,49.25095],[10.1288,49.2541],[10.11741,49.25741],[10.11723,49.26831],[10.1243,49.27271],[10.12746,49.26464],[10.13592,49.26411],[10.14555,49.26913],[10.14991,49.27821],[10.15662,49.28076],[10.14946,49.28775],[10.14265,49.28819],[10.14278,49.29088],[10.13391,49.29669],[10.13229,49.305],[10.14469,49.3171],[10.1393,49.32572],[10.13271,49.32774],[10.12366,49.32491],[10.10795,49.3323],[10.11258,49.33483],[10.10467,49.33947],[10.10449,49.34649],[10.10923,49.35165],[10.1206,49.35052],[10.12338,49.35224],[10.12264,49.35686],[10.11359,49.36116],[10.11702,49.36885],[10.10803,49.37899],[10.11197,49.38491],[10.12569,49.38741],[10.14353,49.38496],[10.15761,49.3899],[10.1601,49.39495],[10.15222,49.40102],[10.1505,49.41252],[10.13942,49.42386],[10.13269,49.43731],[10.11774,49.44369],[10.11237,49.44307],[10.11018,49.44034],[10.09561,49.44833],[10.09756,49.45541],[10.10663,49.459],[10.106,49.46231],[10.1164,49.46187],[10.12091,49.4636],[10.11833,49.47317],[10.11574,49.47786],[10.11087,49.47833],[10.1021,49.48564],[10.1016,49.48765],[10.10059,49.49176],[10.10564,49.49832],[10.11586,49.50365],[10.12073,49.50974],[10.10425,49.5143],[10.08218,49.51397],[10.07836,49.52135],[10.08048,49.52683],[10.08822,49.53029],[10.08747,49.53759],[10.08372,49.54356],[10.06241,49.54488],[10.05824,49.54044],[10.05997,49.53696],[10.04119,49.52905],[10.04479,49.52493],[10.05577,49.52021],[10.05624,49.51609],[10.04943,49.50974],[10.0472,49.50767],[10.02834,49.50349],[10.02085,49.48765],[10.0202,49.48628],[10.00945,49.48351],[9.99205,49.4862],[9.97354,49.4819],[9.9757,49.48525],[9.95897,49.48385],[9.95144,49.48094],[9.93117,49.48409],[9.91639,49.49173],[9.91507,49.49624],[9.92346,49.5099],[9.91742,49.51852],[9.92376,49.52523],[9.9244,49.53823],[9.92162,49.5489],[9.92585,49.54957],[9.92639,49.55137],[9.92081,49.55381],[9.92365,49.55692],[9.92204,49.56244],[9.90803,49.56178],[9.90063,49.56144],[9.89851,49.56324],[9.90632,49.57676],[9.90803,49.57778],[9.91359,49.58109],[9.91085,49.58604],[9.90803,49.58573],[9.90582,49.58548],[9.89889,49.58755],[9.89363,49.58381],[9.8763,49.57837],[9.87344,49.57221],[9.8652,49.56742],[9.86617,49.55692],[9.86092,49.55274],[9.85839,49.54639],[9.85151,49.54595],[9.83937,49.55061],[9.82897,49.55171],[9.81738,49.5579],[9.81155,49.55568],[9.81169,49.5577],[9.81949,49.56106],[9.82756,49.5643],[9.83553,49.56846],[9.84056,49.57448],[9.84774,49.57814],[9.84218,49.59499],[9.85801,49.60238],[9.86026,49.60757],[9.87159,49.60987],[9.86483,49.62542],[9.85767,49.63344],[9.85438,49.64177],[9.83582,49.64628],[9.83004,49.65283],[9.83282,49.65767],[9.82749,49.66133],[9.82288,49.66505],[9.82421,49.67281],[9.83011,49.68045],[9.83833,49.68152],[9.84058,49.68267],[9.83631,49.68424],[9.83372,49.68682],[9.8324,49.68814],[9.83516,49.69162],[9.83171,49.70331],[9.82859,49.70576],[9.82338,49.70557],[9.82143,49.70973],[9.79737,49.72044],[9.79768,49.73107],[9.79112,49.73003],[9.78687,49.72248],[9.77005,49.71945],[9.75382,49.71023],[9.74945,49.69593],[9.73795,49.68819],[9.73062,49.68835],[9.72799,49.68958],[9.7276,49.69851],[9.71983,49.70236],[9.715,49.71004],[9.71114,49.72699],[9.70419,49.72425],[9.70005,49.71774],[9.69469,49.71875],[9.68694,49.71754],[9.67837,49.71622],[9.67519,49.69351],[9.65371,49.68774],[9.64236,49.69295],[9.63315,49.69366],[9.63137,49.70003],[9.62632,49.70316],[9.6334,49.7173],[9.63974,49.72283],[9.63123,49.73109],[9.64365,49.73799],[9.64042,49.74135],[9.64427,49.74548],[9.64315,49.74988],[9.63903,49.75421],[9.65187,49.76637],[9.6469,49.77048],[9.64486,49.77685],[9.65093,49.78083],[9.64874,49.79148],[9.62254,49.78423],[9.58164,49.77847],[9.5777,49.779],[9.574,49.7834],[9.5594,49.779],[9.55863,49.76496],[9.56846,49.75071],[9.56668,49.74643],[9.56185,49.74496],[9.55526,49.74806],[9.55227,49.76018],[9.54632,49.76619],[9.5381,49.76734],[9.52199,49.76148],[9.51376,49.76464],[9.51023,49.77017],[9.51256,49.78152],[9.50718,49.78657],[9.49977,49.78874],[9.4826,49.78753],[9.47754,49.7857],[9.4715,49.77973],[9.46764,49.77343],[9.45527,49.77002],[9.44532,49.77403],[9.43302,49.78835],[9.42056,49.78836],[9.40627,49.77805],[9.39053,49.77051],[9.37753,49.77772],[9.37027,49.77838],[9.36002,49.77208],[9.34566,49.76846],[9.31638,49.76818],[9.3135,49.76172],[9.32186,49.75032],[9.32259,49.74369],[9.31589,49.74044],[9.29567,49.74053],[9.29825,49.73836],[9.31583,49.73476],[9.32266,49.73153],[9.33839,49.73413],[9.35182,49.73237],[9.36426,49.73116],[9.37288,49.72815],[9.36187,49.72348],[9.34993,49.72135],[9.34528,49.71774],[9.3517,49.7158],[9.35362,49.70764],[9.35741,49.70429],[9.36102,49.70398],[9.36355,49.70375],[9.36626,49.7036],[9.37207,49.704],[9.38058,49.70669],[9.38253,49.70746],[9.38314,49.70924],[9.38243,49.71155],[9.38217,49.71635],[9.38303,49.71925],[9.3826,49.72169],[9.38137,49.72516],[9.38016,49.72612],[9.38294,49.72682],[9.38501,49.72765],[9.38676,49.72841],[9.38565,49.73091],[9.3899,49.72983],[9.39271,49.72946],[9.3949,49.72917],[9.39996,49.72884],[9.4012,49.72483],[9.40107,49.72056],[9.4042,49.72022],[9.40793,49.72146],[9.41865,49.71109],[9.42031,49.70663],[9.41714,49.70275],[9.42127,49.69591],[9.41994,49.69049],[9.41539,49.68682],[9.40639,49.67958],[9.41205,49.67613],[9.40264,49.67498],[9.39874,49.67079],[9.41092,49.66351],[9.41869,49.65794],[9.4068,49.64633],[9.3924,49.64591],[9.38357,49.64283],[9.36636,49.65567],[9.3404,49.64459],[9.31054,49.65395],[9.30834,49.65429],[9.30408,49.65494],[9.30553,49.65095],[9.2993,49.64856],[9.29696,49.64636],[9.28985,49.64293],[9.28886,49.64105],[9.28745,49.63854],[9.28509,49.63662],[9.27782,49.63741],[9.27185,49.63423],[9.27394,49.63076],[9.27122,49.62653],[9.28429,49.61535],[9.26592,49.6072],[9.25904,49.59328],[9.24959,49.59331],[9.24721,49.59051],[9.24845,49.58516],[9.2387,49.58129],[9.2329,49.58103],[9.22441,49.57921],[9.19488,49.57455],[9.18529,49.57634],[9.1809,49.57441],[9.17264,49.57739],[9.16547,49.57607],[9.15903,49.57921],[9.15264,49.57939],[9.11999,49.57382],[9.10839,49.57866],[9.10301,49.57746],[9.09078,49.58972],[9.08347,49.60102],[9.06638,49.60236],[9.06832,49.6096],[9.06586,49.61966],[9.08434,49.63487],[9.09251,49.63592],[9.10088,49.64125],[9.09993,49.65279],[9.10342,49.66043],[9.08926,49.66935],[9.08822,49.68682],[9.08813,49.68839],[9.09234,49.69479],[9.1051,49.69695],[9.12517,49.69989],[9.12706,49.70726],[9.12291,49.71404],[9.13381,49.71646],[9.13918,49.72695],[9.14112,49.7295],[9.14135,49.73073],[9.14192,49.73208],[9.15081,49.74285],[9.13188,49.75361],[9.12783,49.75523],[9.11202,49.75688],[9.10763,49.75954],[9.11358,49.77309],[9.12764,49.77714],[9.13329,49.78189],[9.12957,49.78803],[9.13036,49.79493],[9.10814,49.79798],[9.09292,49.79055],[9.08734,49.79873],[9.08615,49.80641],[9.07768,49.81836],[9.08602,49.82691],[9.07848,49.83506],[9.08912,49.84122],[9.08473,49.84751],[9.07068,49.83454],[9.06355,49.83234],[9.05802,49.83414],[9.05678,49.8448],[9.04106,49.84163],[9.03608,49.8465],[9.04175,49.8488],[9.04303,49.85488],[9.03404,49.8621],[9.0343,49.86385],[9.03334,49.86647],[9.03658,49.86728],[9.03831,49.86564],[9.04209,49.86641],[9.04346,49.86791],[9.04607,49.86649],[9.04824,49.86617],[9.05008,49.86631],[9.03892,49.87628],[9.03759,49.88165],[9.03614,49.89665],[9.03081,49.90435],[9.03105,49.90872],[9.02429,49.91056],[9.03165,49.92456],[9.02522,49.94465],[9.02001,49.94743],[9.02148,49.94993],[9.02358,49.95203],[9.02637,49.95509],[9.01923,49.97714],[9.02032,49.98476],[9.01609,49.99134],[9.02275,49.99643],[9.03232,49.9904],[9.04733,49.9912],[9.04669,49.99553],[9.03617,50.00199],[9.03662,50.00783],[9.03982,50.01037],[9.03815,50.01159],[9.03564,50.0142],[9.03354,50.01642],[9.03185,50.01869],[9.03102,50.02013],[9.0306,50.02177],[9.03027,50.02326],[9.03003,50.02528],[9.0301,50.02664],[9.03169,50.03803],[9.02386,50.0434],[9.01008,50.04584],[8.99026,50.04187],[8.9828,50.04259],[8.97624,50.04934],[8.98129,50.05593],[8.98271,50.0569],[8.98415,50.05812],[8.98505,50.05939],[8.98776,50.06327],[8.99056,50.06712],[8.99885,50.07007],[8.99779,50.09132],[9.00427,50.09695],[9.01659,50.11046],[9.03008,50.11271],[9.03702,50.11437],[9.06456,50.11712],[9.07133,50.11944],[9.07762,50.11631],[9.08795,50.11701],[9.09912,50.1261],[9.11731,50.12648],[9.1434,50.11478],[9.15318,50.11716],[9.15572,50.11057],[9.14454,50.09827],[9.14645,50.09503],[9.14997,50.09144],[9.16255,50.09819],[9.15982,50.10111],[9.17382,50.11402],[9.17435,50.11856],[9.18529,50.12376],[9.18993,50.12615],[9.19161,50.12807],[9.1901,50.13126],[9.18716,50.13317],[9.18529,50.13585],[9.18369,50.13799],[9.18529,50.13875],[9.19469,50.13942],[9.21111,50.14468],[9.21469,50.14671],[9.22226,50.1488],[9.23059,50.14714],[9.23598,50.14628],[9.26036,50.13854],[9.27331,50.14234],[9.28145,50.14163],[9.29113,50.14017],[9.30777,50.13389],[9.32123,50.1393],[9.32317,50.14054],[9.32512,50.14084],[9.32743,50.14106],[9.33178,50.13942],[9.33615,50.13688],[9.33982,50.13227],[9.34158,50.13128],[9.35094,50.13067],[9.36063,50.13116],[9.3657,50.1308],[9.36924,50.13144],[9.37564,50.12966],[9.3758,50.12586],[9.38275,50.11917],[9.38488,50.11592],[9.38538,50.11429],[9.38651,50.11065],[9.38955,50.10659],[9.39257,50.10254],[9.39446,50.09749],[9.40032,50.09126],[9.40276,50.08951],[9.40498,50.08773],[9.41355,50.0844],[9.43345,50.08504],[9.44634,50.08998],[9.46228,50.09111],[9.46338,50.09119],[9.48006,50.09496],[9.49094,50.09463],[9.50033,50.09672],[9.51154,50.09471],[9.51918,50.10585],[9.51884,50.1142],[9.51043,50.13053],[9.50785,50.14494],[9.51077,50.1479],[9.52166,50.15029],[9.5312,50.16085],[9.5309,50.16211],[9.52967,50.16468],[9.52815,50.16814],[9.52457,50.16744],[9.51465,50.16784],[9.50506,50.16927],[9.49853,50.17598],[9.50106,50.1919],[9.50641,50.19468],[9.51405,50.19457],[9.51558,50.19527],[9.51621,50.19961],[9.51059,50.20231],[9.50206,50.2123],[9.50438,50.21625],[9.49527,50.22713],[9.50072,50.24222],[9.50117,50.24347],[9.503,50.24222],[9.51457,50.23423],[9.53468,50.23364],[9.54212,50.22483],[9.57244,50.23202],[9.57418,50.23225],[9.58232,50.22234],[9.59376,50.22413],[9.59617,50.22266],[9.60381,50.22216],[9.61338,50.22445],[9.61996,50.22304],[9.62251,50.22497],[9.6204,50.22753],[9.62315,50.22904],[9.63736,50.23509],[9.65649,50.23242],[9.66366,50.23425],[9.66723,50.23937],[9.65875,50.24222],[9.63907,50.24884],[9.63773,50.25167],[9.64304,50.25559],[9.65206,50.26875],[9.65581,50.27123],[9.66361,50.27136],[9.67319,50.27442],[9.68199,50.27804],[9.68694,50.27803],[9.69231,50.27801],[9.70342,50.28075],[9.71309,50.29128],[9.71991,50.29254],[9.72097,50.29486],[9.72771,50.29506],[9.74581,50.3106],[9.74712,50.31419],[9.74441,50.31969],[9.74804,50.32537],[9.74445,50.32984],[9.74689,50.34133],[9.74303,50.34641],[9.73411,50.35144],[9.73291,50.35615],[9.74469,50.3641],[9.74508,50.37209],[9.75399,50.38614],[9.75882,50.40276],[9.75188,50.41303],[9.75438,50.4172],[9.76263,50.42538],[9.77005,50.42507],[9.77953,50.41947],[9.79093,50.42505],[9.80676,50.42215],[9.81127,50.41713],[9.80885,50.41293],[9.81342,50.41235],[9.82372,50.40615],[9.83774,50.40539],[9.84823,50.39968],[9.85848,50.39798],[9.86256,50.39976],[9.87035,50.4093],[9.88398,50.39959],[9.90803,50.40736],[9.92007,50.41125],[9.93566,50.41961],[9.94454,50.42334],[9.95848,50.42381],[9.9666,50.43401],[9.98839,50.44572],[9.99746,50.46099],[10.00329,50.46268],[10.00507,50.46422],[10.01148,50.46567],[10.01499,50.46681],[10.01831,50.46646],[10.01931,50.46798],[10.02032,50.4695],[10.02202,50.47547],[10.02651,50.47835],[10.02807,50.47938],[10.03029,50.4801],[10.04045,50.4947],[10.03898,50.50207],[10.04134,50.51647],[10.05176,50.51939],[10.06503,50.52811],[10.07161,50.52833],[10.06935,50.53064],[10.07196,50.53708],[10.07638,50.54058],[10.0887,50.54456],[10.09364,50.54851],[10.09451,50.55283],[10.0996,50.55426],[10.09974,50.55817],[10.10709,50.56373],[10.11941,50.56422],[10.12626,50.56007],[10.12195,50.55564],[10.13816,50.54363],[10.14653,50.54377],[10.15027,50.55189],[10.17466,50.54364],[10.17789,50.55168],[10.19276,50.55468],[10.20326,50.5541],[10.20554,50.54426],[10.20957,50.54064],[10.22155,50.53818],[10.22484,50.53038],[10.23109,50.53042],[10.22644,50.51884],[10.23206,50.51198],[10.24264,50.51332],[10.25637,50.51222],[10.26639,50.5051],[10.2752,50.50522],[10.30192,50.49347],[10.32193,50.49259],[10.32629,50.49458],[10.33006,50.49377],[10.33362,50.48663],[10.34064,50.48266],[10.33666,50.46659],[10.34819,50.46256],[10.36694,50.44047],[10.37605,50.4386],[10.37242,50.43246],[10.3903,50.42984],[10.40254,50.42458],[10.39954,50.41894],[10.38408,50.40613],[10.38785,50.39904],[10.39426,50.39452],[10.39626,50.39638],[10.42485,50.39292],[10.4379,50.39548],[10.43894,50.40104],[10.44629,50.40297],[10.45053,50.40186],[10.45412,50.39952],[10.45425,50.39352],[10.46335,50.37708],[10.46764,50.37682],[10.47454,50.37279],[10.48722,50.37451],[10.49463,50.3677],[10.49399,50.36508],[10.4883,50.36217],[10.4923,50.356],[10.4986,50.35701],[10.5043,50.35379],[10.51163,50.35919],[10.51462,50.3499],[10.53255,50.36459],[10.54448,50.36343],[10.55388,50.35649],[10.55063,50.34857],[10.55573,50.34142],[10.56183,50.33761],[10.57816,50.33564],[10.58294,50.33282],[10.60055,50.33369],[10.59545,50.31962],[10.59307,50.31721],[10.59299,50.30822],[10.60466,50.29387],[10.59793,50.28837],[10.60155,50.28267],[10.59975,50.28225],[10.59804,50.28139],[10.5951,50.27926],[10.59328,50.27797],[10.59267,50.27347],[10.59104,50.27178],[10.60419,50.27065],[10.59956,50.26274],[10.61139,50.25122],[10.60985,50.24856],[10.60007,50.24454],[10.60148,50.24222],[10.61012,50.22799],[10.61344,50.22425],[10.63159,50.22292],[10.65872,50.23022],[10.66168,50.22704],[10.65748,50.22367],[10.66234,50.22226],[10.67004,50.22137],[10.68516,50.22428],[10.69546,50.21251],[10.70967,50.20986],[10.71896,50.20525],[10.72409,50.20656],[10.73059,50.21263],[10.7292,50.23001],[10.72785,50.24222],[10.72722,50.24793],[10.73217,50.25184],[10.74663,50.24801],[10.74993,50.24276],[10.75492,50.24231],[10.76941,50.24183],[10.78133,50.24745],[10.78184,50.25128],[10.80019,50.25095],[10.80659,50.24222],[10.80777,50.24061],[10.82523,50.23761],[10.84026,50.24222],[10.84555,50.24384],[10.85123,50.25147],[10.85091,50.26417],[10.84597,50.26951],[10.84636,50.27509],[10.84445,50.27587],[10.83483,50.2734],[10.82718,50.27741],[10.81745,50.27764],[10.80402,50.28032],[10.80201,50.29169],[10.79325,50.29495],[10.77041,50.29348],[10.75492,50.30541],[10.74265,50.31486],[10.73608,50.31477],[10.72775,50.31817],[10.72011,50.31891],[10.71566,50.3217],[10.71475,50.32655],[10.71588,50.33264],[10.72714,50.33763],[10.72825,50.3444],[10.72642,50.34896],[10.71365,50.34784],[10.71277,50.35369],[10.71713,50.35619],[10.71585,50.36298],[10.73748,50.36288],[10.75293,50.3582],[10.75492,50.35936],[10.76004,50.36236],[10.76419,50.37047],[10.77377,50.37197],[10.78542,50.38517],[10.80013,50.37952],[10.80488,50.37968],[10.8154,50.38514],[10.82054,50.3857],[10.83044,50.39262],[10.85721,50.38783],[10.86492,50.38886],[10.86808,50.39419],[10.87411,50.39661],[10.87841,50.39358],[10.88681,50.39217],[10.88569,50.38844],[10.89208,50.3808],[10.90001,50.38482],[10.91007,50.38669],[10.91254,50.38598],[10.93355,50.39221],[10.94572,50.38647],[10.95061,50.38084],[10.95833,50.37626],[10.96271,50.37612],[10.96261,50.37257],[10.95801,50.3681],[10.96887,50.36211],[10.98578,50.34732],[10.99188,50.34858],[10.99611,50.34747],[10.99846,50.35026],[10.99258,50.36051],[10.99511,50.36543],[11.03578,50.3602],[11.03345,50.35611],[11.03694,50.3536],[11.03503,50.34863],[11.038,50.34619],[11.04555,50.34601],[11.07387,50.35314],[11.08283,50.35252],[11.09046,50.36556],[11.10188,50.3674],[11.1153,50.36701],[11.11885,50.35939],[11.11603,50.35051],[11.12124,50.34942],[11.12689,50.35575],[11.1364,50.35351],[11.13763,50.34851],[11.15803,50.33133],[11.15849,50.32471],[11.13565,50.3144],[11.13209,50.30314],[11.13825,50.29842],[11.1456,50.28568],[11.15376,50.28438],[11.15835,50.28842],[11.16506,50.28299],[11.18262,50.28056],[11.17552,50.27354],[11.17549,50.26983],[11.18994,50.27119],[11.19036,50.28108],[11.19398,50.28579],[11.19919,50.29104],[11.21464,50.28436],[11.22461,50.27757],[11.23453,50.27532],[11.24743,50.26829],[11.25978,50.27495],[11.2593,50.28733],[11.25263,50.29505],[11.25406,50.29863],[11.2662,50.30324],[11.26947,50.30652],[11.25723,50.32236],[11.26189,50.32589],[11.26138,50.33178],[11.26178,50.33314],[11.26246,50.33549],[11.26133,50.33791],[11.27404,50.33622],[11.2771,50.33596],[11.27404,50.34048],[11.2671,50.35058],[11.26348,50.35205],[11.27404,50.35526],[11.28352,50.36049],[11.27404,50.38328],[11.26455,50.3883],[11.26569,50.39214],[11.27087,50.3942],[11.25902,50.39997],[11.26815,50.4184],[11.26782,50.43171],[11.26282,50.44246],[11.24759,50.44933],[11.25489,50.45642],[11.24552,50.47053],[11.24787,50.47777],[11.25656,50.48153],[11.26594,50.47942],[11.27339,50.48254],[11.28763,50.48454],[11.29099,50.47769],[11.2975,50.48134],[11.30078,50.48631],[11.30192,50.48804],[11.31868,50.48932],[11.32306,50.49157],[11.32471,50.49703],[11.32237,50.50877],[11.3445,50.5108],[11.34578,50.51533],[11.34353,50.51862],[11.3452,50.52093],[11.35707,50.5202],[11.37047,50.52283],[11.38729,50.51622],[11.39341,50.51978],[11.40778,50.51594],[11.42315,50.5159],[11.441,50.50067],[11.43542,50.4926],[11.41977,50.49355],[11.42342,50.48418],[11.41887,50.48132],[11.42026,50.47505],[11.41619,50.46812],[11.42275,50.46181],[11.41926,50.45276],[11.42063,50.44337],[11.42391,50.44178],[11.4401,50.43842],[11.44999,50.43157],[11.44344,50.42082],[11.44783,50.42521],[11.46405,50.43213],[11.47636,50.43297],[11.48157,50.43162],[11.48118,50.42438],[11.48775,50.41578],[11.4794,50.40648],[11.47891,50.40244],[11.48985,50.39677],[11.50106,50.39955],[11.50685,50.39668],[11.51791,50.39502],[11.52043,50.3749],[11.53346,50.37951],[11.54544,50.38379],[11.55926,50.38409],[11.56643,50.39065],[11.56822,50.39621],[11.57322,50.3996],[11.58175,50.39939],[11.59299,50.40239],[11.60329,50.39877],[11.62091,50.38798],[11.63793,50.38979],[11.66437,50.39342],[11.68173,50.39356],[11.68552,50.39359],[11.69434,50.39579],[11.70223,50.40244],[11.70913,50.40318],[11.71468,50.39738],[11.7277,50.40107],[11.73288,50.40457],[11.73584,50.4063],[11.74277,50.40985],[11.7556,50.40584],[11.76137,50.40589],[11.76151,50.4077],[11.75243,50.41292],[11.75222,50.41543],[11.77166,50.41201],[11.77901,50.41806],[11.78725,50.41569],[11.79571,50.4177],[11.81532,50.40206],[11.82592,50.40229],[11.82568,50.39938],[11.81966,50.39578],[11.81957,50.39188],[11.82281,50.39027],[11.83119,50.39408],[11.83493,50.39338],[11.85111,50.40113],[11.86248,50.39998],[11.88344,50.41488],[11.90176,50.41638],[11.91932,50.42473],[11.92923,50.42181],[11.93495,50.42286],[11.94433,50.41647],[11.94472,50.4115],[11.95355,50.40667],[11.94826,50.39928],[11.95146,50.39443],[11.95486,50.39663],[11.96114,50.39622],[11.96483,50.39921],[11.96851,50.39756],[11.97295,50.39198],[11.98266,50.38749],[11.9813,50.38484],[11.97938,50.3794],[11.9839,50.37511],[11.97945,50.36892],[11.98412,50.36538],[11.97778,50.36252],[11.982,50.35711],[11.97604,50.35229],[11.98395,50.35016],[11.99183,50.35208],[11.99676,50.35328],[11.99988,50.34652],[12.01399,50.34695],[12.02001,50.34047],[12.02981,50.33955],[12.0333,50.32971],[12.0419,50.33319],[12.05555,50.32842],[12.06508,50.33194],[12.07798,50.32783],[12.08827,50.33179],[12.09242,50.3289],[12.0919,50.3257],[12.1009,50.31803],[12.1246,50.30798],[12.11962,50.29893],[12.12336,50.29095],[12.1348,50.28386],[12.13919,50.2777],[12.12803,50.27017],[12.09899,50.26248],[12.10197,50.25618],[12.09219,50.2524],[12.0921,50.25053],[12.09763,50.24683],[12.10626,50.24606],[12.10798,50.24222],[12.10975,50.23826],[12.1269,50.23277],[12.14033,50.231],[12.14433,50.23459],[12.15047,50.23541],[12.14687,50.2304],[12.15808,50.22644],[12.16068,50.21985],[12.16269,50.21799],[12.15961,50.2127],[12.1745,50.21198],[12.18398,50.20356],[12.18418,50.20027],[12.19403,50.19855],[12.19092,50.19481],[12.201,50.18779],[12.20854,50.17151],[12.21513,50.16645],[12.211,50.15895],[12.20166,50.15283],[12.20361,50.14583],[12.19515,50.14176],[12.19654,50.12768],[12.20154,50.11625],[12.20157,50.10889],[12.20994,50.10275],[12.22169,50.10319],[12.22826,50.10147],[12.2282,50.09758],[12.2336,50.09415],[12.24056,50.09628],[12.24686,50.09666],[12.24643,50.09222],[12.2517,50.0906],[12.26635,50.07895],[12.27428,50.07618],[12.26149,50.06482],[12.2608,50.05816],[12.27053,50.06099],[12.27992,50.05568],[12.29783,50.05848],[12.31751,50.05233],[12.31659,50.04588],[12.32333,50.0399],[12.32652,50.03303],[12.33118,50.03356],[12.33719,50.03914],[12.34099,50.03873],[12.34697,50.03637],[12.35463,50.02975],[12.36818,50.01804],[12.37735,50.01883],[12.3796,50.01451],[12.38411,50.01305],[12.40091,50.01434],[12.39897,50.00914],[12.40315,50.0056],[12.41471,50.00433],[12.42314,50.00076],[12.42406,50.00048],[12.43048,50.00211],[12.43481,49.99844],[12.43465,49.99425],[12.42673,49.9913],[12.43224,49.98517],[12.44199,49.98736],[12.45614,49.99397],[12.46161,49.9944],[12.46864,49.99184],[12.47674,49.98149],[12.4895,49.98116],[12.49933,49.97198],[12.49403,49.96917],[12.48977,49.95892],[12.47889,49.95704],[12.47091,49.9488],[12.47106,49.94477],[12.47841,49.93567],[12.49317,49.93655],[12.49417,49.93335],[12.50615,49.92899],[12.53622,49.92487],[12.54738,49.92001],[12.55099,49.90509],[12.53996,49.8912],[12.53294,49.88934],[12.52181,49.88133],[12.51625,49.86466],[12.51091,49.85886],[12.49846,49.85647],[12.49733,49.85262],[12.49753,49.83848],[12.48651,49.84159],[12.48118,49.8407],[12.47414,49.8351],[12.4743,49.81773],[12.46567,49.81171],[12.47034,49.80096],[12.46628,49.79537],[12.47338,49.79137],[12.47394,49.78879],[12.4718,49.78649],[12.40483,49.76231],[12.40152,49.75837],[12.40454,49.74494],[12.41348,49.73295],[12.4259,49.72962],[12.44149,49.70509],[12.44702,49.7023],[12.45779,49.7016],[12.48209,49.69451],[12.4852,49.68784],[12.48974,49.68682],[12.49358,49.68596],[12.50531,49.68563],[12.51168,49.68682],[12.5179,49.68682],[12.5216,49.68585],[12.52272,49.67761],[12.52922,49.66625],[12.52299,49.66018],[12.52497,49.65377],[12.51799,49.64551],[12.51904,49.64326],[12.52821,49.63929],[12.52316,49.63369],[12.52338,49.62841],[12.53344,49.62603],[12.52752,49.62166],[12.52933,49.61841],[12.54703,49.62116],[12.56067,49.61963],[12.55748,49.61367],[12.56231,49.60941],[12.56441,49.59658],[12.57666,49.5859],[12.57139,49.56914],[12.57431,49.55996],[12.58688,49.54644],[12.59378,49.54219],[12.58988,49.53805],[12.60117,49.53277],[12.62169,49.52666],[12.62791,49.52731],[12.63149,49.53106],[12.6351,49.53155],[12.6382,49.52915],[12.64121,49.52682],[12.64418,49.52306],[12.64182,49.50974],[12.64018,49.5005],[12.64359,49.49414],[12.64373,49.48765],[12.64377,49.48567],[12.6382,49.4804],[12.63376,49.47619],[12.6382,49.47355],[12.64906,49.46708],[12.65724,49.4517],[12.65699,49.44473],[12.65694,49.44459],[12.65589,49.43455],[12.67917,49.42646],[12.70806,49.42442],[12.71552,49.41413],[12.73257,49.40982],[12.75729,49.39443],[12.76067,49.38304],[12.75866,49.37488],[12.76741,49.36617],[12.78064,49.36062],[12.77892,49.34921],[12.78629,49.3454],[12.80208,49.34184],[12.8347,49.34082],[12.84515,49.34475],[12.85334,49.33873],[12.86009,49.33841],[12.87635,49.33283],[12.88554,49.33252],[12.88818,49.33419],[12.8811,49.3442],[12.88118,49.35019],[12.9025,49.34934],[12.91413,49.34471],[12.9199,49.34344],[12.94581,49.34364],[12.95788,49.33727],[12.97072,49.33454],[13.00259,49.31294],[13.00757,49.306],[13.02864,49.30377],[13.02901,49.28476],[13.02625,49.27817],[13.0337,49.26484],[13.05486,49.26376],[13.05786,49.26115],[13.06001,49.25103],[13.07226,49.24674],[13.08073,49.24742],[13.08762,49.23845],[13.0872,49.2288],[13.09399,49.22505],[13.11373,49.21789],[13.10997,49.20318],[13.1297,49.19631],[13.14716,49.1844],[13.16202,49.17496],[13.17091,49.17358],[13.17671,49.1635],[13.17172,49.14331],[13.1831,49.13432],[13.20435,49.1229],[13.23595,49.11373],[13.2816,49.12045],[13.29064,49.11762],[13.31229,49.10429],[13.32364,49.10029],[13.34378,49.08862],[13.34765,49.08172],[13.36368,49.06987],[13.37013,49.06751],[13.37681,49.05818],[13.38195,49.05735],[13.38656,49.05358],[13.39249,49.05374],[13.39683,49.05085],[13.39743,49.04599],[13.39305,49.04139],[13.39954,49.03609],[13.40557,49.02327],[13.4004,49.01641],[13.40897,49.00416],[13.40261,48.99431],[13.40301,48.98817],[13.41665,48.98004],[13.42409,48.97691],[13.42696,48.9727],[13.43335,48.97212],[13.44291,48.96599],[13.44913,48.96524],[13.45091,48.96394],[13.45444,48.96308],[13.45737,48.96318],[13.45999,48.96258],[13.4615,48.96055],[13.46269,48.95893],[13.46536,48.95709],[13.46698,48.95564],[13.46961,48.95463],[13.473,48.9539],[13.47599,48.95315],[13.47787,48.95325],[13.48019,48.95199],[13.48347,48.95146],[13.48381,48.94814],[13.48742,48.94637],[13.49013,48.94453],[13.4962,48.94163],[13.50826,48.94217],[13.50787,48.94846],[13.50603,48.96],[13.50861,48.96882],[13.51701,48.96929],[13.53107,48.97389],[13.53719,48.97294],[13.54514,48.96786],[13.55158,48.96779],[13.56387,48.9701],[13.57171,48.96652],[13.57733,48.97048],[13.58304,48.96967],[13.59195,48.96171],[13.59167,48.95198],[13.60763,48.94133],[13.62153,48.9487],[13.62716,48.9491],[13.63076,48.9471],[13.62304,48.93885],[13.63657,48.9269],[13.63854,48.91897],[13.6453,48.91137],[13.65439,48.8956],[13.66763,48.89095],[13.67385,48.87985],[13.6896,48.87868],[13.70026,48.88125],[13.70579,48.88062],[13.71658,48.87855],[13.72404,48.88128],[13.7306,48.88645],[13.73526,48.88627],[13.73988,48.87803],[13.75012,48.86677],[13.75,48.85921],[13.76403,48.83666],[13.76542,48.83443],[13.77059,48.83158],[13.79168,48.83023],[13.78909,48.82562],[13.79588,48.81979],[13.79703,48.81392],[13.81532,48.7969],[13.81391,48.79389],[13.81208,48.79283],[13.8104,48.78899],[13.80982,48.787],[13.80789,48.78309],[13.80411,48.78124],[13.81529,48.77338],[13.83202,48.77092],[13.83951,48.7716],[13.838,48.76473],[13.82864,48.75906],[13.82172,48.75445],[13.81831,48.73238],[13.80988,48.72792],[13.79611,48.7136],[13.8028,48.70886],[13.81095,48.70816],[13.8139,48.70151],[13.82075,48.69978],[13.83734,48.70013],[13.8336,48.6919],[13.81928,48.69446],[13.81437,48.6921],[13.81384,48.68382],[13.81908,48.67407],[13.81771,48.66057],[13.81736,48.65871],[13.81473,48.64961],[13.82306,48.64185],[13.82576,48.61862],[13.82118,48.61437],[13.81518,48.61331],[13.80798,48.60457],[13.80772,48.60038],[13.80227,48.5969],[13.80664,48.58512],[13.801,48.57369],[13.79048,48.57126],[13.77088,48.55423],[13.76784,48.55482],[13.76431,48.5606],[13.76049,48.56471],[13.75639,48.56519],[13.74786,48.553],[13.75352,48.55051],[13.74428,48.54406],[13.74847,48.5383],[13.74816,48.53173],[13.74468,48.52821],[13.73424,48.5251],[13.73119,48.51607],[13.72709,48.51302],[13.70593,48.5177],[13.69419,48.52491],[13.67716,48.5305],[13.67385,48.53119],[13.66248,48.53526],[13.66029,48.53751],[13.65602,48.54591],[13.65464,48.54781],[13.65329,48.54891],[13.65162,48.54978],[13.64998,48.55031],[13.64357,48.55179],[13.64114,48.5525],[13.6249,48.55453],[13.59939,48.56906],[13.59092,48.56858],[13.58314,48.56098],[13.57791,48.55986],[13.5662,48.56258],[13.55203,48.57039],[13.5284,48.58651],[13.51337,48.59098],[13.50729,48.58926],[13.50312,48.58369],[13.50627,48.57651],[13.50417,48.57301],[13.49378,48.5692],[13.49162,48.56481],[13.48551,48.56239],[13.47654,48.56335],[13.47508,48.55599],[13.46327,48.55444],[13.44946,48.56322],[13.43825,48.55729],[13.43843,48.54889],[13.44984,48.53677],[13.44493,48.52809],[13.45711,48.51144],[13.44731,48.49445],[13.44326,48.48526],[13.43956,48.47889],[13.42726,48.45655],[13.42835,48.45155],[13.43425,48.44512],[13.4398,48.43398],[13.43599,48.42574],[13.42946,48.41627],[13.42728,48.41311],[13.42561,48.4108],[13.42318,48.40701],[13.42016,48.40003],[13.41745,48.38386],[13.40784,48.37216],[13.40031,48.36869],[13.38195,48.36015],[13.37406,48.35647],[13.34385,48.33348],[13.34135,48.33169],[13.31448,48.31642],[13.25369,48.29316],[13.21307,48.2947],[13.20683,48.29496],[13.20337,48.29511],[13.19975,48.29527],[13.19549,48.29546],[13.17704,48.29439],[13.14263,48.28289],[13.1225,48.27774],[13.0986,48.27791],[13.09371,48.27828],[13.0917,48.27832],[13.08973,48.27831],[13.08528,48.27793],[13.08323,48.27769],[13.08116,48.27726],[13.06418,48.26934],[13.05289,48.26491],[13.02454,48.2586],[13.01293,48.25287],[12.99744,48.23642],[12.96581,48.2141],[12.95518,48.20897],[12.94468,48.20669],[12.91662,48.20642],[12.87124,48.20177],[12.86523,48.19761],[12.86183,48.18759],[12.85442,48.17936],[12.84806,48.16786],[12.83633,48.16463],[12.83414,48.15841],[12.82768,48.15335],[12.81158,48.15133],[12.7999,48.14664],[12.79315,48.13245],[12.78473,48.12353],[12.76875,48.12848],[12.75921,48.12706],[12.75844,48.11875],[12.75155,48.11281],[12.75087,48.11145],[12.74931,48.10837],[12.75064,48.0996],[12.75523,48.0819],[12.76258,48.07233],[12.80778,48.04336],[12.83246,48.02905],[12.83399,48.02806],[12.85354,48.01246],[12.86018,47.99664],[12.86974,47.96894],[12.87579,47.96261],[12.8853,47.9594],[12.91297,47.95647],[12.92069,47.95088],[12.92098,47.94046],[12.92899,47.93929],[12.93686,47.94331],[12.93926,47.93666],[12.94707,47.92111],[12.96646,47.90067],[12.96665,47.90037],[12.98407,47.87445],[12.9876,47.86919],[12.98818,47.86872],[13.00139,47.85439],[13.00263,47.84249],[12.98907,47.83196],[12.97879,47.81908],[12.96212,47.79833],[12.94735,47.78696],[12.93955,47.7845],[12.9397,47.78002],[12.92771,47.77006],[12.93471,47.77157],[12.94186,47.77042],[12.94346,47.76291],[12.93667,47.75836],[12.93515,47.74876],[12.93029,47.7451],[12.91979,47.74318],[12.91357,47.7374],[12.90527,47.72434],[12.91313,47.71773],[12.92986,47.70969],[12.94567,47.71199],[12.95618,47.70819],[12.9872,47.70741],[12.99836,47.71319],[13.00377,47.71487],[13.00833,47.72172],[13.01677,47.72263],[13.0285,47.71671],[13.04594,47.7127],[13.04796,47.70912],[13.06196,47.69679],[13.07959,47.68749],[13.07695,47.67306],[13.07981,47.66372],[13.08836,47.6546],[13.08849,47.64907],[13.09623,47.64094],[13.09795,47.63372],[13.09689,47.63201],[13.09599,47.62872],[13.09332,47.62692],[13.08104,47.61898],[13.07021,47.6058],[13.06274,47.60123],[13.0646,47.59602],[13.07151,47.5899],[13.069,47.58652],[13.04424,47.58278],[13.04263,47.57445],[13.05065,47.56427],[13.05671,47.56159],[13.05472,47.55687],[13.03835,47.54314],[13.03154,47.53312],[13.03628,47.52841],[13.04501,47.52455],[13.04606,47.5205],[13.0435,47.51806],[13.04657,47.51364],[13.04647,47.49214],[13.02764,47.48628],[13.01787,47.47468],[13.00684,47.4649],[13.00237,47.46409],[12.99398,47.47156],[12.99379,47.47792],[12.9885,47.47829],[12.97689,47.48444],[12.97404,47.48345],[12.97218,47.47506],[12.96914,47.4746],[12.93192,47.48775],[12.90872,47.49699],[12.88447,47.51276],[12.88505,47.51766],[12.88142,47.5211],[12.85678,47.52767],[12.85206,47.53114],[12.84664,47.5459],[12.81778,47.54522],[12.80852,47.5478],[12.79503,47.55663],[12.79193,47.56443],[12.78636,47.56802],[12.77926,47.57929],[12.79431,47.59233],[12.79133,47.59837],[12.80742,47.61008],[12.81341,47.61155],[12.82217,47.61021],[12.82379,47.61159],[12.79944,47.62716],[12.78969,47.63277],[12.77957,47.63361],[12.76184,47.6491],[12.75941,47.65361],[12.77704,47.66043],[12.78301,47.66955],[12.78188,47.67317],[12.77287,47.66648],[12.76364,47.66651],[12.75738,47.66414],[12.74605,47.67471],[12.73313,47.67899],[12.71502,47.67673],[12.6958,47.68222],[12.66637,47.68033],[12.65054,47.6715],[12.6382,47.67196],[12.63011,47.67565],[12.61799,47.67279],[12.60463,47.67316],[12.60324,47.6722],[12.60208,47.66867],[12.59686,47.6663],[12.59304,47.66133],[12.58944,47.65653],[12.58852,47.65532],[12.58695,47.65316],[12.58602,47.65188],[12.584,47.6491],[12.57786,47.63474],[12.57503,47.63232],[12.53804,47.63619],[12.52524,47.63075],[12.51183,47.62553],[12.49962,47.62527],[12.48965,47.63763],[12.46608,47.6491],[12.45233,47.66761],[12.43965,47.67566],[12.44254,47.68913],[12.43916,47.69482],[12.42732,47.69585],[12.41217,47.69359],[12.36556,47.68412],[12.35463,47.68978],[12.35048,47.69193],[12.33999,47.69037],[12.33594,47.6928],[12.33805,47.69709],[12.32713,47.69537],[12.28387,47.68974],[12.276,47.68699],[12.26442,47.67902],[12.25718,47.6791],[12.24315,47.69167],[12.24166,47.69534],[12.24626,47.70947],[12.26428,47.73193],[12.25707,47.74284],[12.24817,47.74007],[12.22664,47.71829],[12.203,47.70779],[12.19552,47.70768],[12.18324,47.70073],[12.1626,47.70113],[12.16472,47.69004],[12.17103,47.67748],[12.18245,47.66726],[12.18684,47.65733],[12.18997,47.65316],[12.19302,47.6491],[12.19405,47.64773],[12.19666,47.64491],[12.19841,47.64214],[12.20174,47.63304],[12.20772,47.61457],[12.20677,47.60953],[12.2011,47.6063],[12.18478,47.60417],[12.17813,47.6009],[12.18102,47.60992],[12.17804,47.61414],[12.16356,47.61327],[12.14945,47.60864],[12.13822,47.60556],[12.12806,47.60627],[12.11299,47.61153],[12.08341,47.60988],[12.06066,47.61874],[12.052,47.61515],[12.03681,47.61713],[12.02884,47.6119],[12.02211,47.6114],[12.00893,47.62459],[11.99183,47.62101],[11.98253,47.61907],[11.97626,47.61492],[11.96738,47.61692],[11.95295,47.61591],[11.9404,47.61393],[11.93313,47.61278],[11.91445,47.61354],[11.90377,47.60884],[11.89429,47.60845],[11.86337,47.60128],[11.85484,47.60228],[11.84787,47.58391],[11.84463,47.58166],[11.77517,47.59039],[11.74522,47.58804],[11.70335,47.58881],[11.68335,47.58479],[11.66484,47.58426],[11.6404,47.59238],[11.63288,47.59245],[11.63301,47.58108],[11.62089,47.5841],[11.61349,47.5804],[11.60697,47.58099],[11.60065,47.56786],[11.58783,47.55538],[11.58903,47.5507],[11.58589,47.54398],[11.58752,47.52573],[11.57179,47.51459],[11.54956,47.51282],[11.5354,47.50908],[11.51866,47.51041],[11.50703,47.5052],[11.48413,47.50908],[11.44932,47.50723],[11.44024,47.5168],[11.42294,47.50668],[11.41022,47.49532],[11.40558,47.48967],[11.38961,47.48074],[11.38437,47.47249],[11.39148,47.46715],[11.40827,47.46633],[11.42143,47.44485],[11.37879,47.44896],[11.36566,47.44502],[11.35763,47.44835],[11.33844,47.44928],[11.33154,47.44451],[11.33027,47.43913],[11.32124,47.43689],[11.31642,47.43217],[11.30016,47.43036],[11.2915,47.42662],[11.29293,47.41746],[11.28974,47.40777],[11.28626,47.40475],[11.28256,47.40153],[11.27085,47.39777],[11.24337,47.39803],[11.22732,47.39535],[11.22231,47.39735],[11.24337,47.4207],[11.25259,47.42862],[11.24945,47.43192],[11.24337,47.43194],[11.2199,47.4309],[11.20602,47.43341],[11.19719,47.42761],[11.1813,47.42624],[11.16203,47.4217],[11.12841,47.41189],[11.12287,47.40542],[11.12323,47.39962],[11.11581,47.39601],[11.10025,47.39476],[11.05537,47.39597],[11.04846,47.39442],[11.03776,47.39612],[11.03029,47.39365],[11.02346,47.39661],[11.0165,47.39637],[11.00551,47.39434],[10.9912,47.39613],[10.97774,47.39757],[10.97017,47.40174],[10.97122,47.41584],[10.98484,47.42097],[10.98235,47.43084],[10.95706,47.4523],[10.93248,47.46803],[10.92884,47.4722],[10.9372,47.47939],[10.93463,47.48214],[10.91069,47.48527],[10.89972,47.48357],[10.88654,47.48016],[10.87783,47.47984],[10.87063,47.48285],[10.87083,47.49887],[10.87753,47.50305],[10.89972,47.50889],[10.91663,47.51355],[10.9184,47.51734],[10.91474,47.51888],[10.90597,47.51783],[10.89972,47.5222],[10.89024,47.53622],[10.8862,47.53685],[10.85308,47.53337],[10.83853,47.52616],[10.83037,47.52835],[10.81373,47.526],[10.81128,47.52036],[10.79514,47.52073],[10.77835,47.51482],[10.76376,47.5196],[10.76403,47.52741],[10.75862,47.53356],[10.75492,47.53457],[10.74038,47.53853],[10.71944,47.53823],[10.70907,47.54327],[10.69591,47.54459],[10.69182,47.55099],[10.69062,47.5581],[10.67801,47.55624],[10.67484,47.55878],[10.63337,47.55944],[10.62738,47.5609],[10.61986,47.56638],[10.60859,47.56582],[10.59813,47.56961],[10.59001,47.56028],[10.58059,47.55508],[10.58174,47.54818],[10.57378,47.53482],[10.56637,47.53406],[10.56285,47.53606],[10.55241,47.53704],[10.52454,47.53517],[10.49777,47.5391],[10.49424,47.53939],[10.48891,47.5404],[10.4732,47.55036],[10.45444,47.5558],[10.47229,47.57089],[10.47103,47.57891],[10.47827,47.58092],[10.48178,47.58453],[10.47385,47.58502],[10.47264,47.58695],[10.45595,47.58317],[10.43703,47.58376],[10.43072,47.57719],[10.43508,47.56851],[10.44527,47.56638],[10.45102,47.5546]],[[12.04526,50.32791],[12.04683,50.32489],[12.04916,50.3255],[12.04914,50.3286],[12.04597,50.33021],[12.04526,50.32791]]],[[[10.0946,47.84347],[10.0926,47.84328],[10.09102,47.84567],[10.09488,47.84771],[10.09628,47.84687],[10.0946,47.84347]]],[[[10.137,49.40285],[10.13823,49.40501],[10.1448,49.40357],[10.1432,49.4021],[10.137,49.40285]]]]},"properties":{"code":"DE2","nom":"Bayern","country":"DE"}},{"type":"Feature","geometry":{"type":"MultiPolygon","coordinates":[[[[12.77681,54.44077],[12.81763,54.44015],[12.85953,54.44085],[12.91703,54.44484],[12.91744,54.43627],[12.92823,54.42911],[12.92173,54.42409],[12.91316,54.42097],[12.90036,54.41995],[12.87705,54.41465],[12.85796,54.42041],[12.83023,54.4223],[12.81366,54.41757],[12.8012,54.40984],[12.78808,54.41645],[12.77681,54.41676],[12.77147,54.41691],[12.76207,54.41339],[12.74056,54.41577],[12.71996,54.43126],[12.70632,54.42844],[12.71063,54.42611],[12.72527,54.42398],[12.7293,54.42027],[12.72848,54.4163],[12.72008,54.41559],[12.70398,54.41775],[12.69918,54.4184],[12.67861,54.41601],[12.67615,54.4201],[12.67938,54.42276],[12.68957,54.42501],[12.69095,54.42754],[12.68762,54.42849],[12.67223,54.42233],[12.66763,54.4113],[12.66315,54.40913],[12.65268,54.41168],[12.64033,54.42438],[12.6382,54.4246],[12.61943,54.41845],[12.60906,54.40973],[12.58641,54.40706],[12.57864,54.404],[12.57636,54.40062],[12.57803,54.39709],[12.59658,54.39052],[12.59301,54.38776],[12.58503,54.38925],[12.57818,54.38832],[12.54946,54.38905],[12.52373,54.37871],[12.52103,54.37246],[12.50292,54.38071],[12.49512,54.38223],[12.43614,54.37909],[12.43293,54.37588],[12.41926,54.37085],[12.41515,54.36544],[12.41543,54.36326],[12.41635,54.35627],[12.42006,54.3531],[12.42102,54.34382],[12.41583,54.33601],[12.40809,54.33675],[12.39953,54.34287],[12.39171,54.34334],[12.3862,54.33978],[12.39593,54.33213],[12.39625,54.32401],[12.39387,54.32246],[12.38313,54.31096],[12.37684,54.30932],[12.36554,54.30944],[12.3594,54.30219],[12.36675,54.28943],[12.38096,54.27775],[12.37678,54.27217],[12.36387,54.26708],[12.37732,54.2609],[12.39973,54.25079],[12.41856,54.24654],[12.43628,54.24543],[12.45835,54.24776],[12.45894,54.25077],[12.45023,54.25427],[12.41855,54.25875],[12.40967,54.26932],[12.40843,54.27775],[12.4178,54.2884],[12.43265,54.29539],[12.47757,54.30385],[12.4793,54.3116],[12.47148,54.32401],[12.47574,54.33023],[12.4948,54.33051],[12.51333,54.33499],[12.52235,54.33364],[12.52878,54.33506],[12.53823,54.34205],[12.53618,54.34578],[12.53979,54.35152],[12.55325,54.35643],[12.54997,54.35994],[12.53663,54.36326],[12.53504,54.36497],[12.5522,54.37133],[12.55508,54.37565],[12.56865,54.37136],[12.58066,54.37276],[12.57618,54.36606],[12.57579,54.36326],[12.57519,54.35886],[12.58525,54.35618],[12.59738,54.36058],[12.59833,54.36326],[12.60081,54.37031],[12.61862,54.37216],[12.6382,54.37852],[12.64537,54.38084],[12.65595,54.38408],[12.67063,54.39198],[12.67021,54.39373],[12.66147,54.40019],[12.6618,54.40691],[12.68391,54.407],[12.70738,54.41028],[12.71196,54.40395],[12.69119,54.40012],[12.68659,54.39373],[12.69082,54.38558],[12.68173,54.37943],[12.67633,54.37092],[12.68431,54.37235],[12.69537,54.3855],[12.69846,54.39373],[12.69893,54.39497],[12.70394,54.39748],[12.71309,54.39557],[12.71351,54.39373],[12.71556,54.38468],[12.72548,54.37257],[12.73644,54.37285],[12.74509,54.37789],[12.75591,54.37273],[12.76617,54.37294],[12.77057,54.37641],[12.77681,54.38865],[12.78272,54.39212],[12.78599,54.38211],[12.79052,54.37852],[12.79788,54.37653],[12.80345,54.37084],[12.80668,54.36326],[12.80876,54.35841],[12.80834,54.34972],[12.80975,54.34566],[12.81845,54.35103],[12.82883,54.35164],[12.84733,54.35143],[12.85905,54.35762],[12.86505,54.3619],[12.86915,54.36326],[12.87967,54.36675],[12.88366,54.37083],[12.88612,54.38532],[12.89452,54.39373],[12.89671,54.39593],[12.89823,54.40151],[12.925,54.41326],[12.95358,54.41724],[12.95889,54.42273],[12.98945,54.42588],[12.99561,54.4285],[12.99995,54.43591],[13.00446,54.4379],[13.01662,54.43905],[13.03154,54.43462],[13.03391,54.42506],[13.02407,54.42058],[13.02171,54.41279],[13.02565,54.3972],[13.02959,54.39387],[13.02983,54.39373],[13.03982,54.38809],[13.04182,54.38642],[13.04901,54.38042],[13.05547,54.38082],[13.07555,54.38207],[13.08509,54.377],[13.09352,54.3656],[13.09106,54.36326],[13.07761,54.35045],[13.07583,54.3458],[13.0774,54.34057],[13.08803,54.32037],[13.09781,54.31655],[13.11115,54.30581],[13.11082,54.30075],[13.10493,54.29407],[13.1035,54.28835],[13.1045,54.28357],[13.10991,54.27901],[13.1337,54.26902],[13.1507,54.26845],[13.16495,54.27706],[13.17732,54.27084],[13.17599,54.26686],[13.1654,54.26797],[13.15884,54.26679],[13.14293,54.25743],[13.14271,54.25428],[13.14773,54.25404],[13.16032,54.25916],[13.16699,54.26585],[13.1744,54.26333],[13.18577,54.26568],[13.19087,54.25939],[13.20186,54.25746],[13.21134,54.25192],[13.2157,54.24937],[13.21161,54.24442],[13.22093,54.24036],[13.25919,54.24092],[13.28098,54.23691],[13.2903,54.23353],[13.29748,54.22407],[13.30609,54.20503],[13.3194,54.19351],[13.32692,54.18454],[13.33294,54.18293],[13.34425,54.1812],[13.33642,54.17672],[13.33187,54.16549],[13.34925,54.16725],[13.37696,54.17524],[13.40511,54.16818],[13.4069,54.16548],[13.40591,54.16401],[13.40503,54.1627],[13.38018,54.1518],[13.3849,54.14372],[13.39577,54.14551],[13.40647,54.15137],[13.40899,54.14699],[13.41893,54.14201],[13.42702,54.1381],[13.43945,54.1214],[13.44021,54.11141],[13.44922,54.10127],[13.45687,54.09701],[13.45664,54.09217],[13.46375,54.08858],[13.49245,54.08389],[13.50001,54.0851],[13.50057,54.08858],[13.49425,54.09462],[13.48685,54.10129],[13.48317,54.11075],[13.47846,54.11379],[13.47814,54.11917],[13.49226,54.12498],[13.50763,54.12784],[13.53004,54.13086],[13.55086,54.13016],[13.57618,54.13184],[13.57924,54.13224],[13.62777,54.14108],[13.6491,54.15271],[13.67756,54.16279],[13.68006,54.16401],[13.69572,54.17166],[13.70163,54.17163],[13.70519,54.17162],[13.7135,54.16823],[13.71728,54.16352],[13.71037,54.16015],[13.70163,54.15889],[13.69762,54.15832],[13.70163,54.14892],[13.73295,54.13754],[13.74772,54.13757],[13.7521,54.1326],[13.76723,54.12576],[13.78448,54.11135],[13.78138,54.10827],[13.79778,54.1063],[13.80462,54.10311],[13.80579,54.09689],[13.79576,54.09003],[13.79348,54.08451],[13.79517,54.07835],[13.79,54.07142],[13.78977,54.06507],[13.7835,54.06454],[13.77493,54.05987],[13.77751,54.05648],[13.78405,54.05559],[13.78426,54.05004],[13.76723,54.03895],[13.76448,54.03716],[13.75366,54.03474],[13.74751,54.03333],[13.74316,54.03058],[13.74717,54.0272],[13.75366,54.02646],[13.75585,54.02759],[13.75758,54.0263],[13.76097,54.01577],[13.76713,54.01161],[13.79555,53.99629],[13.81423,53.99337],[13.83323,53.98407],[13.83735,53.97896],[13.8424,53.97406],[13.84416,53.97252],[13.85328,53.9647],[13.85211,53.9549],[13.85421,53.95222],[13.8624,53.95001],[13.87504,53.95154],[13.88194,53.949],[13.88457,53.94443],[13.89363,53.94253],[13.89879,53.93606],[13.90853,53.92994],[13.91355,53.92283],[13.91287,53.91839],[13.90258,53.91083],[13.88458,53.90915],[13.86497,53.90005],[13.85476,53.89105],[13.852,53.88862],[13.84821,53.87923],[13.8424,53.87833],[13.82615,53.87763],[13.82239,53.87253],[13.82414,53.86521],[13.81862,53.86357],[13.81546,53.86357],[13.80772,53.85965],[13.80764,53.85568],[13.81489,53.85328],[13.81426,53.84785],[13.82032,53.84646],[13.81693,53.84368],[13.81915,53.84194],[13.8317,53.84388],[13.84537,53.8432],[13.85968,53.83836],[13.87113,53.83127],[13.87588,53.82011],[13.88771,53.81373],[13.8976,53.80493],[13.90649,53.80267],[13.91576,53.80495],[13.92202,53.79892],[13.93368,53.79611],[13.94394,53.78796],[13.97286,53.77259],[13.98812,53.76984],[14.00334,53.76699],[14.00672,53.76636],[14.03211,53.75765],[14.04912,53.7534],[14.06163,53.75411],[14.08527,53.7446],[14.10162,53.74166],[14.12522,53.73743],[14.13878,53.73928],[14.14553,53.74123],[14.16621,53.74159],[14.17386,53.73598],[14.18057,53.73534],[14.19009,53.73809],[14.20631,53.74632],[14.21048,53.74783],[14.2165,53.75229],[14.22926,53.76065],[14.23401,53.76131],[14.25424,53.75649],[14.26704,53.74632],[14.27124,53.73886],[14.26673,53.7362],[14.26528,53.73087],[14.25882,53.72777],[14.25162,53.71996],[14.23295,53.71294],[14.21711,53.70752],[14.21539,53.70316],[14.21891,53.6997],[14.24276,53.69426],[14.25336,53.69404],[14.26754,53.69781],[14.27315,53.68959],[14.2834,53.68192],[14.28134,53.67363],[14.27147,53.66681],[14.27482,53.66285],[14.27965,53.66241],[14.28439,53.65853],[14.28424,53.63491],[14.29459,53.62794],[14.29825,53.62561],[14.30087,53.62394],[14.31659,53.61717],[14.31498,53.60427],[14.31266,53.58562],[14.31233,53.58301],[14.31188,53.57941],[14.31189,53.57678],[14.3121,53.57464],[14.31259,53.57074],[14.31332,53.56499],[14.30344,53.55424],[14.30686,53.55063],[14.30648,53.546],[14.30632,53.54407],[14.31668,53.53523],[14.31888,53.53012],[14.3165,53.52423],[14.32701,53.50428],[14.35034,53.49574],[14.35369,53.48409],[14.35784,53.45833],[14.37106,53.45532],[14.36916,53.43392],[14.37352,53.40924],[14.37791,53.40187],[14.39174,53.38233],[14.39526,53.36946],[14.3903,53.35375],[14.40512,53.34683],[14.41128,53.33178],[14.41216,53.32964],[14.39356,53.32801],[14.38268,53.32371],[14.37587,53.31695],[14.36393,53.31711],[14.34675,53.31056],[14.31657,53.31234],[14.30896,53.29769],[14.30016,53.28586],[14.26321,53.27662],[14.26605,53.25959],[14.25221,53.25732],[14.21189,53.25518],[14.20012,53.26115],[14.17724,53.26208],[14.16009,53.26761],[14.14203,53.26527],[14.12522,53.26053],[14.10162,53.26155],[14.09882,53.26167],[14.10162,53.26771],[14.10712,53.27958],[14.12522,53.29299],[14.1749,53.32214],[14.20344,53.34102],[14.22294,53.35815],[14.23294,53.37146],[14.23841,53.38233],[14.24253,53.38988],[14.24327,53.39876],[14.23732,53.41442],[14.24089,53.42305],[14.23721,53.42744],[14.22466,53.43425],[14.20651,53.42359],[14.18023,53.42268],[14.17099,53.42491],[14.13775,53.44026],[14.13251,53.43936],[14.12522,53.44085],[14.12184,53.44171],[14.1056,53.42325],[14.10162,53.42259],[14.09202,53.421],[14.08324,53.41582],[14.08249,53.41173],[14.07048,53.41469],[14.05133,53.41337],[14.0456,53.42943],[14.00876,53.43034],[14.00334,53.43302],[14.00007,53.43463],[13.96208,53.4299],[13.94312,53.42992],[13.91775,53.42228],[13.90776,53.42637],[13.90289,53.43202],[13.91136,53.43728],[13.90733,53.44451],[13.91681,53.44683],[13.91799,53.45254],[13.91821,53.456],[13.87671,53.47324],[13.88393,53.48477],[13.87636,53.48753],[13.8742,53.49065],[13.87836,53.50251],[13.87927,53.50414],[13.87424,53.50612],[13.86855,53.50777],[13.86364,53.50944],[13.85843,53.5112],[13.8484,53.51431],[13.82285,53.51832],[13.82178,53.52381],[13.79905,53.546],[13.80184,53.55568],[13.79967,53.5587],[13.79058,53.55763],[13.78324,53.54969],[13.7819,53.546],[13.77656,53.5313],[13.78026,53.5223],[13.77835,53.51411],[13.79166,53.51074],[13.80133,53.49895],[13.81165,53.5016],[13.8259,53.49798],[13.81251,53.48475],[13.8022,53.47843],[13.7809,53.47446],[13.75965,53.47757],[13.75033,53.47952],[13.74197,53.4853],[13.73568,53.4819],[13.7159,53.48195],[13.71007,53.47906],[13.70323,53.47401],[13.70163,53.4733],[13.68046,53.465],[13.67283,53.46011],[13.66295,53.45744],[13.65525,53.45175],[13.65118,53.44448],[13.63957,53.44606],[13.63481,53.44055],[13.6381,53.43754],[13.63639,53.43301],[13.62982,53.43141],[13.6354,53.42306],[13.62582,53.40995],[13.62028,53.4091],[13.61714,53.41262],[13.61191,53.41367],[13.59383,53.40841],[13.58799,53.40934],[13.57416,53.40786],[13.56349,53.40093],[13.55124,53.39919],[13.54962,53.39594],[13.54699,53.39385],[13.55556,53.39175],[13.55515,53.388],[13.55307,53.38063],[13.55625,53.3769],[13.54779,53.37182],[13.54333,53.36469],[13.52507,53.36481],[13.51765,53.35294],[13.52526,53.35102],[13.52039,53.33754],[13.52099,53.32039],[13.51255,53.31874],[13.50592,53.32056],[13.4953,53.30123],[13.48198,53.29178],[13.46346,53.2898],[13.45411,53.29725],[13.43954,53.29757],[13.43642,53.291],[13.43878,53.28605],[13.42901,53.2813],[13.41893,53.26883],[13.40891,53.26148],[13.40463,53.24787],[13.39867,53.24583],[13.39611,53.24516],[13.39066,53.24317],[13.38701,53.24407],[13.38494,53.2502],[13.37092,53.26217],[13.36557,53.27441],[13.35884,53.27796],[13.34707,53.27776],[13.33701,53.2736],[13.29844,53.28047],[13.28478,53.27501],[13.2747,53.2653],[13.25271,53.26231],[13.24591,53.25314],[13.24461,53.24818],[13.25013,53.24695],[13.24517,53.24092],[13.2406,53.23904],[13.2414,53.2324],[13.22928,53.21718],[13.20606,53.22075],[13.1913,53.23456],[13.18614,53.24753],[13.17993,53.25015],[13.17586,53.24757],[13.1678,53.24984],[13.15392,53.24682],[13.1507,53.25032],[13.13819,53.24466],[13.13117,53.23731],[13.12004,53.24074],[13.10843,53.2387],[13.10451,53.23496],[13.1077,53.22564],[13.10455,53.21536],[13.09894,53.21395],[13.09307,53.21611],[13.0886,53.21514],[13.07811,53.20102],[13.06814,53.20237],[13.05561,53.20013],[13.04182,53.19455],[13.03839,53.19317],[13.02673,53.18519],[13.01926,53.18469],[13.01957,53.17612],[13.00812,53.17191],[13.00507,53.16749],[12.99081,53.16827],[12.98468,53.16499],[12.97892,53.16285],[12.96989,53.16625],[12.96196,53.17723],[12.94726,53.17297],[12.94291,53.17422],[12.94711,53.178],[12.95964,53.18068],[12.96192,53.18445],[12.97846,53.19072],[12.97688,53.19737],[12.96386,53.19991],[12.94802,53.19884],[12.93935,53.19439],[12.94318,53.18952],[12.94013,53.18662],[12.92368,53.18761],[12.92867,53.19233],[12.92618,53.19513],[12.90687,53.19374],[12.89275,53.18735],[12.88883,53.18138],[12.88113,53.18027],[12.85938,53.18874],[12.85395,53.19473],[12.84547,53.2011],[12.83703,53.19749],[12.82498,53.19659],[12.82122,53.1942],[12.81564,53.19461],[12.81403,53.19281],[12.80863,53.19709],[12.79655,53.19048],[12.79026,53.19098],[12.78283,53.18783],[12.76962,53.18844],[12.76369,53.18961],[12.75836,53.19491],[12.73949,53.1996],[12.75086,53.20827],[12.75759,53.22089],[12.75678,53.22401],[12.74811,53.22528],[12.74291,53.22341],[12.72405,53.22182],[12.71239,53.22495],[12.70398,53.22543],[12.69163,53.22615],[12.68262,53.22646],[12.66834,53.23063],[12.66487,53.23368],[12.66821,53.23698],[12.66618,53.24054],[12.67453,53.24659],[12.67382,53.24903],[12.6687,53.24896],[12.66449,53.2533],[12.65564,53.25504],[12.6382,53.25473],[12.62842,53.25455],[12.60444,53.24471],[12.59728,53.24842],[12.56681,53.25582],[12.54991,53.26198],[12.5295,53.2646],[12.50823,53.26273],[12.5031,53.26178],[12.50223,53.25797],[12.49817,53.2557],[12.48557,53.25581],[12.46722,53.25609],[12.44587,53.25043],[12.43231,53.26216],[12.43175,53.27058],[12.42885,53.274],[12.40984,53.27968],[12.40003,53.2798],[12.39266,53.2847],[12.39771,53.29451],[12.39657,53.29852],[12.39307,53.3019],[12.38203,53.30251],[12.37309,53.3058],[12.36388,53.30673],[12.35463,53.31126],[12.35019,53.31344],[12.33175,53.31801],[12.3301,53.31879],[12.32844,53.31987],[12.32669,53.32075],[12.3251,53.3213],[12.31258,53.32308],[12.30913,53.32718],[12.29051,53.32844],[12.27196,53.32441],[12.25927,53.32452],[12.25841,53.32841],[12.24572,53.33326],[12.23657,53.34217],[12.2291,53.3575],[12.22189,53.35717],[12.21815,53.35563],[12.21218,53.35316],[12.19086,53.35338],[12.18577,53.34933],[12.18617,53.34354],[12.16903,53.3396],[12.15714,53.34938],[12.15245,53.3605],[12.14194,53.35954],[12.13944,53.36142],[12.13891,53.35505],[12.13342,53.34874],[12.11019,53.34945],[12.10799,53.34414],[12.09238,53.34496],[12.08184,53.34749],[12.07755,53.36939],[12.06162,53.37142],[12.0477,53.37011],[12.05037,53.36699],[12.04785,53.36192],[12.0519,53.35914],[12.05611,53.34934],[12.04026,53.34531],[12.01461,53.33442],[12.01658,53.33276],[12.02207,53.32129],[12.01896,53.31493],[12.02307,53.30429],[12.0193,53.30047],[12.0048,53.29964],[11.99605,53.29432],[11.99183,53.29513],[11.98859,53.29575],[11.98541,53.29945],[11.97491,53.29886],[11.97154,53.29226],[11.95445,53.27431],[11.94943,53.2721],[11.94618,53.27343],[11.94146,53.27439],[11.92573,53.27374],[11.91837,53.2733],[11.904,53.275],[11.89783,53.27863],[11.89326,53.27847],[11.89043,53.26993],[11.88424,53.26458],[11.86855,53.25773],[11.86176,53.2489],[11.81532,53.25365],[11.81284,53.2539],[11.79945,53.25417],[11.79669,53.25259],[11.80454,53.24668],[11.81532,53.24487],[11.81825,53.24438],[11.83228,53.23253],[11.82763,53.22892],[11.81532,53.22797],[11.79907,53.22673],[11.78811,53.22836],[11.76854,53.22716],[11.75061,53.22062],[11.73579,53.21809],[11.72818,53.21862],[11.72667,53.23128],[11.71448,53.23217],[11.70829,53.23431],[11.70023,53.2436],[11.69562,53.24455],[11.6897,53.242],[11.68173,53.24268],[11.66618,53.244],[11.65577,53.23981],[11.64218,53.23888],[11.62981,53.24205],[11.61948,53.23727],[11.61666,53.23072],[11.60174,53.22637],[11.58726,53.21522],[11.57653,53.21241],[11.56529,53.21314],[11.55251,53.20852],[11.55975,53.20304],[11.55696,53.19508],[11.55879,53.18506],[11.5663,53.18193],[11.56254,53.17535],[11.56838,53.1704],[11.56936,53.16609],[11.55833,53.1566],[11.55553,53.15068],[11.55079,53.15085],[11.55478,53.13832],[11.54789,53.13451],[11.54754,53.13107],[11.53743,53.12917],[11.53393,53.12578],[11.51164,53.12539],[11.50202,53.12206],[11.49768,53.12684],[11.4844,53.1288],[11.47396,53.12778],[11.47342,53.13433],[11.45944,53.14029],[11.43943,53.13693],[11.42176,53.14095],[11.41235,53.13682],[11.39563,53.14],[11.39245,53.13385],[11.39231,53.12887],[11.3995,53.11569],[11.39302,53.11077],[11.37238,53.11176],[11.3587,53.11605],[11.3376,53.1138],[11.32362,53.11893],[11.31713,53.1193],[11.30943,53.11649],[11.30078,53.11673],[11.29288,53.11695],[11.28161,53.12131],[11.26573,53.12198],[11.25606,53.12891],[11.24582,53.13626],[11.23026,53.14241],[11.21377,53.14402],[11.19717,53.13617],[11.19047,53.13494],[11.18459,53.13684],[11.17785,53.15046],[11.17186,53.15664],[11.179,53.15881],[11.18858,53.16571],[11.19478,53.18023],[11.17992,53.18648],[11.13827,53.19176],[11.14387,53.19748],[11.13779,53.1994],[11.13743,53.20215],[11.11523,53.20473],[11.09143,53.21386],[11.08589,53.21866],[11.08079,53.22059],[11.07185,53.22967],[11.0626,53.23536],[11.0562,53.24647],[11.03932,53.2632],[11.02784,53.27844],[11.02231,53.28093],[11.00962,53.28241],[11.00825,53.29108],[11.00448,53.29467],[11.00819,53.30044],[11.00296,53.30525],[10.99872,53.32016],[10.9919,53.3251],[10.98357,53.32756],[10.988,53.33343],[10.96105,53.33812],[10.95566,53.3342],[10.9524,53.33429],[10.93399,53.33962],[10.92679,53.34821],[10.91837,53.34796],[10.90928,53.33799],[10.89909,53.33457],[10.89459,53.33589],[10.88116,53.33431],[10.8809,53.3306],[10.88836,53.32628],[10.88178,53.32203],[10.86604,53.32691],[10.87077,53.32208],[10.86902,53.31714],[10.85411,53.31585],[10.84982,53.31012],[10.83545,53.30566],[10.82883,53.30759],[10.8253,53.31208],[10.80342,53.31445],[10.79364,53.31573],[10.78273,53.31987],[10.77279,53.32494],[10.76814,53.32972],[10.76037,53.33012],[10.7587,53.33281],[10.76272,53.33719],[10.7612,53.33926],[10.75492,53.34006],[10.74359,53.3415],[10.7378,53.34328],[10.72774,53.35727],[10.7033,53.36925],[10.69472,53.37046],[10.67635,53.36778],[10.65069,53.36882],[10.63271,53.37068],[10.61666,53.36972],[10.59505,53.36393],[10.59418,53.36754],[10.59903,53.37708],[10.6164,53.3846],[10.62036,53.40311],[10.61892,53.41248],[10.61778,53.41618],[10.61897,53.42467],[10.62786,53.44138],[10.62583,53.44336],[10.6349,53.45603],[10.64169,53.45611],[10.65432,53.46134],[10.68077,53.45758],[10.68354,53.45703],[10.69297,53.45514],[10.70206,53.47769],[10.72008,53.47638],[10.72705,53.48073],[10.73227,53.47997],[10.75492,53.48376],[10.75675,53.48406],[10.76551,53.49096],[10.77689,53.49519],[10.78382,53.50636],[10.78478,53.50783],[10.78839,53.51086],[10.80947,53.51581],[10.82433,53.51374],[10.82381,53.51769],[10.8153,53.52165],[10.82059,53.52424],[10.8195,53.53417],[10.83027,53.54162],[10.83079,53.54451],[10.82506,53.55659],[10.82639,53.56697],[10.82409,53.57074],[10.82297,53.57258],[10.82671,53.57586],[10.83982,53.57541],[10.84466,53.57074],[10.84951,53.56606],[10.86142,53.56506],[10.88806,53.57074],[10.89547,53.57233],[10.91111,53.57257],[10.92351,53.58457],[10.91798,53.59824],[10.9223,53.603],[10.92781,53.62297],[10.92956,53.62871],[10.94659,53.64175],[10.94556,53.64614],[10.94988,53.646],[10.95192,53.64762],[10.9522,53.64877],[10.95439,53.65783],[10.94845,53.66064],[10.94503,53.65993],[10.93981,53.66557],[10.94078,53.67279],[10.94383,53.6751],[10.94162,53.68408],[10.93747,53.6868],[10.93031,53.68682],[10.92627,53.68938],[10.92027,53.68956],[10.91958,53.69085],[10.92466,53.69181],[10.92528,53.69385],[10.92184,53.69886],[10.91666,53.69917],[10.90478,53.70317],[10.88684,53.70532],[10.87152,53.70188],[10.86446,53.70383],[10.8514,53.70055],[10.85141,53.70527],[10.8463,53.70508],[10.84334,53.70785],[10.83163,53.71035],[10.8244,53.71154],[10.81108,53.72037],[10.80706,53.72696],[10.80798,53.73768],[10.79619,53.74199],[10.79294,53.74349],[10.77214,53.74904],[10.75803,53.74752],[10.75859,53.76421],[10.76965,53.7757],[10.76675,53.78065],[10.76902,53.78629],[10.77301,53.79322],[10.7686,53.79933],[10.76296,53.81115],[10.76144,53.82244],[10.75678,53.82892],[10.75492,53.82999],[10.74829,53.83378],[10.74979,53.84452],[10.75303,53.84816],[10.74834,53.85121],[10.75492,53.85556],[10.75869,53.85806],[10.76495,53.86724],[10.77278,53.87381],[10.7996,53.8764],[10.80562,53.88042],[10.80825,53.88591],[10.81557,53.88888],[10.81953,53.89307],[10.84704,53.89726],[10.84892,53.90462],[10.85579,53.90539],[10.86055,53.90984],[10.87402,53.91472],[10.88187,53.92402],[10.88588,53.92438],[10.8951,53.91851],[10.90923,53.9158],[10.91142,53.91435],[10.90923,53.91233],[10.90368,53.90872],[10.90265,53.90467],[10.90923,53.89861],[10.93161,53.9007],[10.94934,53.90439],[10.95851,53.90974],[10.96662,53.90766],[10.96662,53.91101],[10.96076,53.91408],[10.9491,53.91334],[10.93806,53.91936],[10.93083,53.91871],[10.92345,53.92188],[10.90923,53.92368],[10.8985,53.92292],[10.89475,53.9267],[10.89712,53.93672],[10.90923,53.94595],[10.90923,53.94786],[10.90366,53.95682],[10.90923,53.95829],[10.93405,53.96525],[10.97566,53.98507],[11.0271,54.00283],[11.03351,54.00435],[11.04708,54.00756],[11.09391,54.01372],[11.12357,54.01118],[11.14633,54.0098],[11.15785,54.01257],[11.18109,54.0147],[11.19075,54.0097],[11.19385,54.00035],[11.20136,53.99166],[11.20942,53.98757],[11.22438,53.98319],[11.23557,53.98221],[11.24123,53.98275],[11.25019,53.98709],[11.25606,53.98618],[11.25873,53.98126],[11.25606,53.97724],[11.25391,53.97455],[11.24606,53.97273],[11.24148,53.95414],[11.24641,53.94202],[11.25606,53.93699],[11.26059,53.93463],[11.2682,53.93226],[11.2754,53.93188],[11.28652,53.93128],[11.30078,53.93674],[11.31337,53.94156],[11.3259,53.9561],[11.33049,53.95852],[11.3382,53.9571],[11.35162,53.94229],[11.36736,53.93496],[11.38856,53.9389],[11.40474,53.9357],[11.40655,53.93405],[11.40186,53.92838],[11.40226,53.92281],[11.41447,53.91617],[11.43161,53.9112],[11.43643,53.90709],[11.43618,53.90079],[11.44317,53.89925],[11.45629,53.8996],[11.45478,53.90264],[11.4475,53.90528],[11.44559,53.91178],[11.45827,53.91705],[11.47361,53.92807],[11.48072,53.92702],[11.47982,53.93831],[11.48178,53.95036],[11.48037,53.96094],[11.4825,53.96739],[11.47949,53.9678],[11.47592,53.96339],[11.46694,53.96436],[11.46655,53.96597],[11.47393,53.97061],[11.48121,53.97121],[11.48581,53.97413],[11.48804,53.96914],[11.4915,53.96926],[11.49355,53.97153],[11.49166,53.97708],[11.49851,53.98206],[11.49977,53.98611],[11.49284,53.98959],[11.49111,53.99306],[11.49706,53.99592],[11.5079,54.01035],[11.5334,54.02084],[11.53116,54.02546],[11.51801,54.02702],[11.52418,54.03278],[11.52734,54.03293],[11.54146,54.02552],[11.56178,54.02809],[11.57695,54.03602],[11.58629,54.0462],[11.58309,54.06313],[11.59355,54.06681],[11.60234,54.06754],[11.6131,54.07018],[11.6234,54.078],[11.62535,54.08835],[11.61457,54.10075],[11.6078,54.10281],[11.60215,54.10072],[11.5995,54.09553],[11.58454,54.0907],[11.57571,54.08122],[11.5495,54.06584],[11.54029,54.05488],[11.53459,54.05395],[11.5345,54.07739],[11.55487,54.09242],[11.5625,54.09622],[11.59254,54.10091],[11.60263,54.10462],[11.62151,54.11435],[11.66469,54.14303],[11.68173,54.15252],[11.69378,54.15371],[11.69655,54.15374],[11.76037,54.15447],[11.78362,54.14878],[11.80969,54.14574],[11.81532,54.14548],[11.83566,54.14455],[11.8588,54.14613],[11.88904,54.15128],[11.92757,54.16085],[11.94219,54.16401],[11.94618,54.16488],[11.96154,54.16617],[11.98756,54.17262],[11.99183,54.17354],[11.99848,54.17497],[12.01344,54.17786],[12.03785,54.17666],[12.05809,54.17791],[12.08689,54.1829],[12.09301,54.17629],[12.09559,54.16806],[12.09458,54.16401],[12.09211,54.15421],[12.08546,54.14378],[12.08954,54.13329],[12.0864,54.1223],[12.08941,54.11198],[12.09912,54.10193],[12.11092,54.09559],[12.135,54.09324],[12.14947,54.09468],[12.15078,54.0963],[12.14791,54.09746],[12.12668,54.09618],[12.11851,54.09793],[12.10302,54.11077],[12.09848,54.12016],[12.09852,54.15122],[12.10294,54.15127],[12.10524,54.15421],[12.10914,54.15336],[12.11249,54.1577],[12.12265,54.15454],[12.12481,54.15636],[12.1384,54.15899],[12.13934,54.16401],[12.14106,54.1732],[12.11984,54.17651],[12.10283,54.17097],[12.09813,54.17799],[12.11123,54.17994],[12.13083,54.1885],[12.15214,54.20497],[12.17574,54.22933],[12.20107,54.2447],[12.21815,54.25218],[12.22115,54.2535],[12.28553,54.27495],[12.29328,54.27775],[12.31149,54.28433],[12.33613,54.29703],[12.35463,54.31474],[12.3627,54.32247],[12.36415,54.32401],[12.39076,54.35635],[12.39612,54.36326],[12.40661,54.3768],[12.43573,54.3916],[12.44403,54.39841],[12.46728,54.42154],[12.49321,54.46422],[12.50961,54.48071],[12.52253,54.48368],[12.52713,54.47984],[12.52968,54.4687],[12.54381,54.45976],[12.55853,54.45514],[12.58525,54.45236],[12.63447,54.44726],[12.6382,54.4468],[12.67461,54.4423],[12.70398,54.44186],[12.77681,54.44077]]],[[[13.42789,54.6846],[13.43384,54.68201],[13.4384,54.67703],[13.4335,54.67233],[13.43214,54.66391],[13.42735,54.65959],[13.41893,54.65615],[13.3946,54.65165],[13.38679,54.64798],[13.38108,54.6414],[13.37744,54.63448],[13.37908,54.62404],[13.3841,54.61156],[13.38928,54.60491],[13.39611,54.59614],[13.41893,54.5815],[13.42352,54.57857],[13.43605,54.5744],[13.45964,54.57081],[13.46621,54.57205],[13.47034,54.57504],[13.48908,54.57313],[13.49984,54.57552],[13.51066,54.57457],[13.54632,54.58003],[13.57744,54.58282],[13.61616,54.5854],[13.63459,54.5852],[13.64216,54.58259],[13.66122,54.57529],[13.67807,54.56325],[13.67667,54.55377],[13.68107,54.54339],[13.67793,54.53183],[13.66715,54.52038],[13.64502,54.51355],[13.60962,54.49838],[13.59929,54.48909],[13.59947,54.48451],[13.59581,54.48401],[13.59355,54.48658],[13.58911,54.48588],[13.58668,54.48401],[13.5847,54.48249],[13.58349,54.48281],[13.58238,54.48214],[13.58121,54.48142],[13.57744,54.47918],[13.576,54.47812],[13.57181,54.4728],[13.57003,54.46178],[13.57744,54.44167],[13.59611,54.41652],[13.61694,54.40183],[13.62736,54.39895],[13.63432,54.40027],[13.65661,54.39977],[13.66545,54.40268],[13.67662,54.39853],[13.68411,54.39373],[13.70163,54.38249],[13.7042,54.38084],[13.71429,54.36502],[13.71671,54.36326],[13.72786,54.35515],[13.75366,54.3436],[13.76627,54.3409],[13.76509,54.33966],[13.75366,54.33828],[13.73906,54.33474],[13.73107,54.32435],[13.73038,54.31833],[13.72321,54.31618],[13.71883,54.31051],[13.71849,54.30866],[13.71585,54.29203],[13.72358,54.27425],[13.70946,54.26902],[13.70163,54.27524],[13.69854,54.27769],[13.68724,54.28039],[13.68437,54.28349],[13.68596,54.28572],[13.69063,54.28648],[13.69845,54.28096],[13.70163,54.28066],[13.70552,54.2803],[13.7087,54.28272],[13.7066,54.2898],[13.70163,54.29461],[13.68936,54.29103],[13.67174,54.29155],[13.66069,54.28825],[13.65451,54.28977],[13.64734,54.2983],[13.65813,54.30423],[13.6834,54.31042],[13.68791,54.31505],[13.70038,54.31718],[13.70383,54.32278],[13.70258,54.32534],[13.68457,54.32637],[13.6724,54.32967],[13.65711,54.327],[13.63672,54.31977],[13.6232,54.31863],[13.6158,54.3161],[13.61138,54.31717],[13.61389,54.32034],[13.64447,54.32626],[13.6688,54.33516],[13.6794,54.34076],[13.68484,54.34678],[13.68245,54.34958],[13.67577,54.35039],[13.65576,54.34719],[13.65155,54.34897],[13.63727,54.34443],[13.6382,54.3397],[13.63068,54.3385],[13.6244,54.33474],[13.62344,54.33164],[13.61529,54.33042],[13.61167,54.33156],[13.60307,54.34439],[13.59105,54.35108],[13.57744,54.35306],[13.5713,54.35128],[13.56378,54.34442],[13.55287,54.34029],[13.53905,54.34266],[13.5305,54.3401],[13.51922,54.34039],[13.50735,54.34374],[13.50165,54.34195],[13.496,54.33721],[13.4882,54.3357],[13.4834,54.33458],[13.47873,54.3306],[13.46555,54.32951],[13.46571,54.3216],[13.46065,54.31586],[13.44699,54.31419],[13.43453,54.30866],[13.42535,54.30619],[13.41893,54.30206],[13.41693,54.30077],[13.40942,54.28518],[13.39344,54.27176],[13.38848,54.27073],[13.38965,54.27808],[13.37643,54.27752],[13.36789,54.27215],[13.35911,54.27137],[13.35346,54.26755],[13.35765,54.25991],[13.36584,54.26279],[13.37927,54.25512],[13.38841,54.25842],[13.39443,54.26439],[13.40336,54.26444],[13.41547,54.25691],[13.41893,54.25159],[13.42488,54.24008],[13.41893,54.23384],[13.40545,54.22959],[13.39258,54.2223],[13.38052,54.22934],[13.32168,54.23892],[13.30717,54.24802],[13.29348,54.25077],[13.29606,54.25326],[13.31638,54.24613],[13.3208,54.24618],[13.32621,54.2563],[13.32359,54.26537],[13.33322,54.27067],[13.33714,54.27591],[13.33393,54.27845],[13.32495,54.27103],[13.31113,54.26635],[13.31539,54.25979],[13.31972,54.2587],[13.31514,54.25724],[13.28703,54.25899],[13.26696,54.25407],[13.24902,54.25876],[13.23948,54.2661],[13.23015,54.26825],[13.22093,54.27163],[13.21134,54.27119],[13.19954,54.27066],[13.19614,54.28313],[13.20276,54.29022],[13.20041,54.29404],[13.19377,54.29654],[13.18027,54.28781],[13.16767,54.28912],[13.1441,54.28153],[13.14062,54.28208],[13.13845,54.2866],[13.14039,54.29624],[13.15436,54.30431],[13.16223,54.30465],[13.16489,54.30161],[13.16946,54.30168],[13.18002,54.29694],[13.18337,54.29785],[13.18394,54.30102],[13.17053,54.30944],[13.15099,54.31259],[13.13915,54.31856],[13.13332,54.31853],[13.13013,54.32102],[13.13354,54.32472],[13.11535,54.33205],[13.11438,54.34057],[13.12217,54.35219],[13.12285,54.36085],[13.12357,54.36326],[13.12479,54.36733],[13.13061,54.37227],[13.15566,54.37484],[13.1704,54.37159],[13.19588,54.37573],[13.2023,54.37154],[13.21134,54.37115],[13.21514,54.37099],[13.21884,54.36781],[13.22468,54.36975],[13.2354,54.37007],[13.23752,54.37737],[13.25814,54.38015],[13.26148,54.38292],[13.25645,54.38621],[13.24707,54.38441],[13.2406,54.3855],[13.23386,54.39373],[13.2302,54.39819],[13.23021,54.40115],[13.23354,54.40274],[13.24353,54.40453],[13.25138,54.40224],[13.25484,54.40571],[13.23691,54.40682],[13.23242,54.41145],[13.21955,54.41631],[13.20876,54.42784],[13.19007,54.42418],[13.17277,54.42421],[13.15891,54.42223],[13.15379,54.42321],[13.15283,54.43046],[13.17287,54.45513],[13.16792,54.45465],[13.15854,54.44996],[13.13139,54.44391],[13.12575,54.44386],[13.12302,54.44606],[13.1269,54.45578],[13.14579,54.47866],[13.16442,54.48942],[13.18198,54.49257],[13.19242,54.49152],[13.20371,54.48656],[13.22378,54.48308],[13.22466,54.47486],[13.22112,54.46678],[13.21067,54.46569],[13.20427,54.46197],[13.19837,54.46557],[13.18639,54.46045],[13.18667,54.45504],[13.19597,54.45078],[13.20205,54.45005],[13.20686,54.45912],[13.21134,54.45945],[13.2186,54.45999],[13.22627,54.46391],[13.2361,54.46355],[13.23652,54.4666],[13.23116,54.46718],[13.23149,54.46852],[13.24296,54.47201],[13.25383,54.47251],[13.26796,54.47881],[13.26544,54.48014],[13.25836,54.47886],[13.25553,54.48401],[13.25423,54.48639],[13.24574,54.48713],[13.23786,54.48401],[13.2333,54.48401],[13.22909,54.48539],[13.22699,54.49406],[13.23217,54.50883],[13.23062,54.51061],[13.22563,54.51103],[13.21134,54.50745],[13.1988,54.50431],[13.16904,54.50929],[13.1671,54.50555],[13.15941,54.50466],[13.15643,54.5098],[13.16224,54.51424],[13.16316,54.51827],[13.16053,54.53049],[13.15968,54.53445],[13.15315,54.54049],[13.14181,54.54224],[13.14703,54.54657],[13.17015,54.54566],[13.21026,54.55014],[13.24423,54.55384],[13.27552,54.54398],[13.28741,54.54228],[13.29437,54.53571],[13.28922,54.52286],[13.30257,54.51413],[13.30962,54.51638],[13.30724,54.51933],[13.31089,54.52056],[13.31177,54.52335],[13.30345,54.52815],[13.30425,54.53049],[13.30706,54.53869],[13.29757,54.55225],[13.32126,54.56607],[13.33964,54.5716],[13.34705,54.57833],[13.35647,54.58085],[13.36727,54.57913],[13.36953,54.57715],[13.35986,54.56607],[13.35293,54.55188],[13.34764,54.55266],[13.34061,54.54932],[13.35954,54.5446],[13.36148,54.54243],[13.36021,54.53673],[13.35276,54.53049],[13.34467,54.52371],[13.34959,54.51846],[13.35861,54.52254],[13.37423,54.52115],[13.37537,54.52483],[13.38573,54.53049],[13.38764,54.53153],[13.38927,54.53892],[13.38069,54.54054],[13.3775,54.54386],[13.3555,54.5471],[13.35511,54.55006],[13.36922,54.55916],[13.37655,54.55886],[13.38043,54.54654],[13.38928,54.54159],[13.39272,54.53967],[13.40248,54.53049],[13.41362,54.52001],[13.40714,54.50655],[13.41239,54.4956],[13.41893,54.49353],[13.43221,54.48933],[13.44172,54.48677],[13.4432,54.48401],[13.44764,54.47572],[13.45197,54.47303],[13.4671,54.48068],[13.48054,54.48354],[13.4882,54.4833],[13.50001,54.4819],[13.50148,54.47987],[13.4882,54.47647],[13.4716,54.45729],[13.47157,54.45365],[13.47502,54.45175],[13.4882,54.45288],[13.50554,54.45138],[13.50634,54.44976],[13.50064,54.44503],[13.51047,54.44488],[13.51315,54.44335],[13.50414,54.43516],[13.49708,54.43597],[13.4882,54.43434],[13.48137,54.43616],[13.47847,54.43527],[13.47566,54.42683],[13.47925,54.42417],[13.49266,54.42146],[13.50289,54.42508],[13.51115,54.41936],[13.52629,54.41932],[13.53384,54.41705],[13.54043,54.42],[13.54056,54.42704],[13.52262,54.42995],[13.52093,54.43248],[13.52954,54.43474],[13.54625,54.4345],[13.55646,54.43806],[13.55386,54.44545],[13.54834,54.44689],[13.53015,54.44538],[13.52465,54.44847],[13.52788,54.45089],[13.53865,54.4523],[13.54617,54.45664],[13.54862,54.47374],[13.52675,54.48034],[13.51077,54.4799],[13.50728,54.47738],[13.50271,54.48067],[13.50412,54.48401],[13.50097,54.49325],[13.50824,54.5061],[13.51252,54.50875],[13.5142,54.51378],[13.50887,54.53049],[13.50721,54.5357],[13.50699,54.53748],[13.50239,54.54742],[13.49303,54.55121],[13.48423,54.55338],[13.44602,54.55195],[13.43267,54.55995],[13.42556,54.56818],[13.41893,54.5699],[13.40837,54.57263],[13.39611,54.57272],[13.38928,54.57827],[13.38472,54.58197],[13.38353,54.59703],[13.36906,54.61431],[13.35522,54.61171],[13.34823,54.60111],[13.32908,54.59402],[13.3341,54.58521],[13.33263,54.58259],[13.31458,54.57891],[13.3067,54.57424],[13.28873,54.57038],[13.282,54.56607],[13.27588,54.56423],[13.25749,54.56295],[13.24615,54.55821],[13.24341,54.56093],[13.24658,54.56607],[13.2588,54.59266],[13.28337,54.61757],[13.28815,54.62854],[13.28603,54.64202],[13.28124,54.64534],[13.26408,54.64282],[13.22766,54.62494],[13.23058,54.60892],[13.23694,54.59827],[13.23024,54.59553],[13.22751,54.58773],[13.21884,54.58627],[13.21134,54.58207],[13.19422,54.57247],[13.18523,54.57011],[13.18342,54.56607],[13.17505,54.56074],[13.16472,54.55847],[13.16136,54.5609],[13.16123,54.56607],[13.16756,54.57357],[13.18326,54.57754],[13.20195,54.58615],[13.21134,54.59404],[13.21884,54.60035],[13.22322,54.6068],[13.22571,54.61228],[13.22435,54.61826],[13.2225,54.62133],[13.22212,54.62443],[13.22021,54.62804],[13.22072,54.63175],[13.21884,54.63411],[13.21884,54.63706],[13.22378,54.6439],[13.249,54.65961],[13.28655,54.67333],[13.30142,54.67415],[13.33542,54.67551],[13.3639,54.68124],[13.37996,54.68378],[13.38928,54.68316],[13.39611,54.6827],[13.40845,54.68238],[13.41893,54.68358],[13.42789,54.6846]]],[[[13.80995,54.17715],[13.82181,54.14851],[13.83909,54.12606],[13.8553,54.11285],[13.87494,54.1002],[13.89916,54.08874],[13.90966,54.08451],[13.93069,54.077],[13.93511,54.07554],[13.97208,54.06875],[14.00334,54.05812],[14.01478,54.05423],[14.02566,54.04605],[14.04617,54.03189],[14.10162,54.00053],[14.10679,53.9976],[14.11351,53.99404],[14.12522,53.98697],[14.14276,53.97638],[14.18482,53.94675],[14.2263,53.92865],[14.20801,53.91634],[14.19056,53.91562],[14.18607,53.91238],[14.20351,53.91061],[14.20396,53.90664],[14.21195,53.90013],[14.21334,53.88964],[14.2152,53.88076],[14.21308,53.86648],[14.18789,53.87271],[14.15109,53.87135],[14.13356,53.87107],[14.12522,53.87136],[14.11611,53.86947],[14.10679,53.87048],[14.10162,53.87144],[14.08521,53.87451],[14.06232,53.86975],[14.03836,53.8741],[14.02792,53.86992],[14.01968,53.86883],[14.01359,53.86357],[14.00633,53.85787],[14.00334,53.85673],[13.99594,53.8539],[13.99094,53.84897],[13.9849,53.84956],[13.97853,53.84981],[13.94312,53.84381],[13.92086,53.84747],[13.91378,53.84347],[13.8987,53.84042],[13.87996,53.8402],[13.87383,53.84238],[13.86208,53.84303],[13.84613,53.85055],[13.8265,53.85029],[13.82281,53.85659],[13.82947,53.85809],[13.83094,53.86357],[13.83523,53.87113],[13.8424,53.87134],[13.85774,53.87152],[13.87431,53.87747],[13.89238,53.87716],[13.90353,53.88526],[13.92013,53.88814],[13.9243,53.891],[13.93787,53.91293],[13.93284,53.91994],[13.93072,53.93701],[13.92149,53.95076],[13.89728,53.96439],[13.8999,53.98176],[13.90834,53.98993],[13.9311,53.99111],[13.94625,53.99408],[13.95884,53.99214],[13.96424,53.98913],[13.96438,53.97454],[13.97043,53.96959],[13.95169,53.95865],[13.95658,53.95276],[13.95213,53.94565],[13.95329,53.93695],[13.9596,53.93399],[13.95899,53.94243],[13.96333,53.9431],[13.97028,53.9506],[13.96468,53.95709],[13.98274,53.96159],[13.98478,53.95944],[13.99372,53.962],[14.00334,53.9601],[14.00515,53.95974],[14.02196,53.96149],[14.02168,53.95851],[14.01191,53.95449],[14.01234,53.95022],[14.02737,53.94395],[14.03389,53.94677],[14.03373,53.94255],[14.03763,53.94134],[14.04224,53.94486],[14.03692,53.94774],[14.0356,53.95139],[14.04293,53.96225],[14.04823,53.98343],[14.04708,53.99698],[14.04292,54.00027],[14.04062,54.00955],[14.0326,54.01673],[14.02799,54.01815],[14.01969,54.01801],[14.01087,54.01024],[14.00488,54.01088],[14.00334,54.01686],[13.99828,54.03653],[13.99596,54.04368],[13.98285,54.04994],[13.97001,54.05953],[13.97423,54.06305],[13.96973,54.06292],[13.96549,54.05982],[13.95332,54.05919],[13.93069,54.06194],[13.92487,54.06311],[13.91483,54.06318],[13.91541,54.05848],[13.91067,54.047],[13.91754,54.04417],[13.93246,54.02827],[13.92459,54.01911],[13.91814,54.02208],[13.92524,54.03039],[13.92145,54.03315],[13.9105,54.02623],[13.89816,54.01311],[13.86994,54.00773],[13.85943,54.0016],[13.85395,54.00609],[13.85402,54.01301],[13.86366,54.02345],[13.86722,54.03218],[13.87783,54.03639],[13.87605,54.04329],[13.8731,54.03985],[13.86446,54.04625],[13.85655,54.04817],[13.84723,54.04622],[13.8424,54.04171],[13.82125,54.03713],[13.81058,54.03121],[13.79841,54.01869],[13.77599,54.01861],[13.76723,54.02217],[13.76395,54.02656],[13.76634,54.0326],[13.76723,54.03357],[13.77371,54.04061],[13.78194,54.03973],[13.78365,54.04481],[13.79069,54.04986],[13.78897,54.05645],[13.79738,54.06361],[13.80432,54.07837],[13.80301,54.08159],[13.80711,54.08076],[13.80846,54.08451],[13.81302,54.09939],[13.80727,54.10852],[13.79266,54.11144],[13.78393,54.11837],[13.77673,54.12019],[13.77233,54.13242],[13.76723,54.13548],[13.76512,54.13674],[13.76173,54.13475],[13.75781,54.13597],[13.75028,54.15748],[13.75926,54.16789],[13.76723,54.17026],[13.77197,54.17167],[13.78889,54.17389],[13.80522,54.17338],[13.80706,54.17678],[13.80995,54.17715]]],[[[11.49258,54.00333],[11.48926,53.99985],[11.4856,54.00212],[11.47895,53.99783],[11.47834,53.98611],[11.47956,53.98216],[11.47334,53.97966],[11.46844,53.97416],[11.47058,53.97095],[11.46554,53.96958],[11.45376,53.95777],[11.44578,53.95934],[11.4418,53.96426],[11.4457,53.97452],[11.44519,53.98611],[11.44558,53.99644],[11.44035,53.99513],[11.43161,53.98799],[11.42853,53.98197],[11.42732,53.96121],[11.41222,53.96642],[11.40003,53.96436],[11.39194,53.96495],[11.38846,53.96713],[11.40027,53.96802],[11.39947,53.97032],[11.39295,53.97398],[11.38482,53.96898],[11.37904,53.97396],[11.37476,53.99234],[11.37728,53.99647],[11.40311,54.00835],[11.43161,54.01647],[11.44689,54.02126],[11.46469,54.02415],[11.47599,54.02415],[11.49401,54.02137],[11.49608,54.01578],[11.49258,54.00333]]],[[[13.14565,54.60229],[13.1562,54.57871],[13.15248,54.57792],[13.15081,54.58376],[13.14698,54.5868],[13.14571,54.58597],[13.14476,54.57942],[13.14296,54.57931],[13.14059,54.58494],[13.13586,54.58874],[13.13972,54.59254],[13.13785,54.59592],[13.13037,54.59166],[13.12401,54.58501],[13.11145,54.58343],[13.1115,54.58038],[13.1164,54.57543],[13.10922,54.56855],[13.11184,54.5654],[13.11661,54.55328],[13.11412,54.54375],[13.1158,54.53831],[13.10506,54.53053],[13.09396,54.52717],[13.09222,54.52043],[13.08591,54.51837],[13.08666,54.51602],[13.0825,54.51352],[13.0795,54.50396],[13.07367,54.49916],[13.07433,54.48401],[13.07453,54.47973],[13.06593,54.46076],[13.06423,54.45976],[13.0614,54.46273],[13.0618,54.48046],[13.06341,54.48401],[13.10069,54.56623],[13.10221,54.57695],[13.09965,54.59092],[13.12069,54.6032],[13.13194,54.60509],[13.14375,54.60363],[13.14565,54.60229]]],[[[13.05547,54.44998],[13.04182,54.44327],[13.03982,54.44229],[13.03654,54.44367],[13.00849,54.44222],[12.99912,54.44001],[12.98561,54.43366],[12.97519,54.43327],[12.96833,54.43814],[12.97035,54.44016],[12.97887,54.4421],[12.98312,54.44091],[12.98439,54.43708],[12.9896,54.43951],[12.9939,54.44499],[13.00045,54.44729],[13.03205,54.44721],[13.03982,54.45135],[13.04182,54.45255],[13.04584,54.45498],[13.04709,54.45948],[13.04891,54.4602],[13.05101,54.4596],[13.05357,54.45498],[13.05547,54.4532],[13.05773,54.45108],[13.05547,54.44998]]],[[[13.41493,54.16401],[13.41194,54.16401],[13.41038,54.16481],[13.40972,54.16817],[13.40602,54.17013],[13.40132,54.17075],[13.39959,54.17228],[13.40004,54.17841],[13.39871,54.18001],[13.40052,54.18032],[13.40638,54.1786],[13.41893,54.17245],[13.42184,54.17103],[13.42236,54.16734],[13.41893,54.16581],[13.41493,54.16401]]],[[[12.9588,54.44173],[12.96229,54.43911],[12.96093,54.43718],[12.9576,54.43731],[12.95739,54.43882],[12.9485,54.44036],[12.93847,54.43855],[12.93401,54.4355],[12.93229,54.43242],[12.92997,54.43194],[12.9256,54.43319],[12.9236,54.43471],[12.92551,54.44034],[12.92981,54.44314],[12.95242,54.44267],[12.9588,54.44173]]],[[[13.12514,54.30379],[13.12048,54.30261],[13.11734,54.30371],[13.11534,54.30625],[13.11183,54.30872],[13.11267,54.313],[13.11958,54.31341],[13.1253,54.31621],[13.12883,54.31415],[13.12401,54.31163],[13.12961,54.30883],[13.12889,54.30651],[13.12514,54.30379]]],[[[13.53434,54.32173],[13.52798,54.31839],[13.52658,54.31877],[13.5304,54.32249],[13.53036,54.32645],[13.53529,54.32892],[13.54097,54.33097],[13.54548,54.32806],[13.547,54.32565],[13.54383,54.32306],[13.53741,54.32263],[13.53434,54.32173]]],[[[12.73432,54.41314],[12.73737,54.41144],[12.73623,54.40801],[12.73401,54.40763],[12.72978,54.4049],[12.71949,54.40474],[12.71793,54.40571],[12.72035,54.40923],[12.72503,54.41264],[12.72917,54.4124],[12.73432,54.41314]]],[[[14.26601,53.7099],[14.26936,53.70654],[14.26852,53.70556],[14.26047,53.70432],[14.25542,53.70161],[14.25041,53.70271],[14.2486,53.70524],[14.24977,53.70789],[14.25265,53.70901],[14.25882,53.70874],[14.26304,53.71057],[14.26601,53.7099]]],[[[13.91457,54.24229],[13.91106,54.24142],[13.90865,54.24415],[13.91602,54.24812],[13.9167,54.25047],[13.91927,54.25161],[13.92329,54.25097],[13.92689,54.24881],[13.92477,54.24749],[13.91737,54.24524],[13.91457,54.24229]]],[[[11.51699,54.04836],[11.51423,54.04068],[11.51223,54.04085],[11.51158,54.0514],[11.5128,54.05663],[11.51525,54.06],[11.51696,54.0597],[11.51518,54.0541],[11.51699,54.04836]]],[[[13.12103,54.54282],[13.1189,54.54043],[13.117,54.54106],[13.11634,54.54424],[13.11684,54.54691],[13.1234,54.54998],[13.12574,54.54643],[13.12393,54.54283],[13.12103,54.54282]]],[[[13.21555,54.39742],[13.21134,54.39698],[13.20854,54.39741],[13.20775,54.39854],[13.20827,54.39997],[13.21134,54.40178],[13.21884,54.40239],[13.22016,54.40095],[13.21884,54.39977],[13.21555,54.39742]]],[[[12.64314,54.42061],[12.64475,54.417],[12.63937,54.41815],[12.6382,54.41645],[12.63611,54.41748],[12.63578,54.4214],[12.6382,54.42349],[12.64314,54.42061]]],[[[11.49628,54.02917],[11.49495,54.0251],[11.48621,54.02517],[11.48885,54.02733],[11.49604,54.03155],[11.49912,54.02996],[11.49628,54.02917]]],[[[13.77365,54.20503],[13.77033,54.20108],[13.76811,54.20307],[13.76882,54.20883],[13.77058,54.20931],[13.77479,54.2076],[13.77365,54.20503]]],[[[13.52405,54.31668],[13.52491,54.31015],[13.52347,54.30969],[13.51875,54.31172],[13.51759,54.3157],[13.52136,54.31545],[13.52405,54.31668]]],[[[13.36875,54.18307],[13.368,54.18204],[13.35887,54.18264],[13.35806,54.18325],[13.36406,54.18532],[13.36875,54.18307]]],[[[13.12328,54.4289],[13.12306,54.42642],[13.11672,54.42722],[13.11596,54.42958],[13.11653,54.43042],[13.12328,54.4289]]],[[[12.52889,54.36618],[12.52688,54.36351],[12.52456,54.36492],[12.52588,54.36696],[12.5236,54.36814],[12.52888,54.3689],[12.52889,54.36618]]],[[[12.53434,54.35679],[12.53299,54.35472],[12.5283,54.35495],[12.52953,54.35646],[12.52802,54.35817],[12.53096,54.35851],[12.53434,54.35679]]],[[[12.53128,54.35006],[12.52925,54.34803],[12.52664,54.35198],[12.52805,54.35362],[12.53036,54.35339],[12.53128,54.35006]]],[[[12.10863,54.16401],[12.10491,54.16401],[12.10433,54.16531],[12.10455,54.16681],[12.1082,54.1674],[12.10863,54.16401]]],[[[11.42885,53.93991],[11.42659,53.93848],[11.42381,53.94171],[11.42811,53.94265],[11.42885,53.93991]]],[[[14.02891,53.94847],[14.02578,53.94832],[14.02326,53.9516],[14.02679,53.95196],[14.02891,53.94847]]],[[[13.35264,54.17601],[13.35002,54.17482],[13.34699,54.17722],[13.35003,54.179],[13.35264,54.17601]]],[[[12.58576,54.37633],[12.58454,54.375],[12.57999,54.37723],[12.58344,54.37925],[12.58576,54.37633]]],[[[12.99076,54.44351],[12.98589,54.44249],[12.98468,54.44355],[12.99054,54.44632],[12.99076,54.44351]]],[[[13.08436,54.47588],[13.08021,54.47366],[13.07848,54.47516],[13.0821,54.47788],[13.08436,54.47588]]],[[[13.15983,54.57639],[13.1577,54.57322],[13.15439,54.57482],[13.15603,54.57703],[13.15983,54.57639]]],[[[12.52792,54.35845],[12.52638,54.35809],[12.52487,54.35943],[12.52737,54.36024],[12.52792,54.35845]]]]},"properties":{"code":"DE8","nom":"Mecklenburg-Vorpommern","country":"DE"}},{"type":"Feature","geometry":{"type":"MultiPolygon","coordinates":[[[[8.44242,55.05062],[8.46241,55.04692],[8.46211,55.04526],[8.44841,55.04269],[8.43241,55.04864],[8.40777,55.04671],[8.39654,55.04583],[8.39833,55.03713],[8.40181,55.03471],[8.40777,55.03451],[8.42401,55.03396],[8.42841,55.03699],[8.4345,55.03739],[8.42786,55.0312],[8.43147,55.02573],[8.43992,55.02271],[8.44006,55.01721],[8.41585,55.00771],[8.40777,55.00612],[8.39447,55.0035],[8.3793,54.99627],[8.37034,54.98878],[8.35368,54.96772],[8.36081,54.95755],[8.35879,54.95081],[8.36245,54.94423],[8.3602,54.93514],[8.36171,54.92807],[8.36298,54.90875],[8.37139,54.89811],[8.38051,54.89225],[8.40777,54.88347],[8.42445,54.87809],[8.43542,54.87652],[8.46793,54.87764],[8.48535,54.87711],[8.48855,54.87932],[8.51446,54.88441],[8.56404,54.88633],[8.56973,54.88652],[8.6024,54.88701],[8.62864,54.89126],[8.63495,54.89367],[8.63772,54.89763],[8.63772,54.90226],[8.63593,54.91168],[8.63772,54.91147],[8.65868,54.90894],[8.66904,54.91109],[8.6808,54.91036],[8.72106,54.89481],[8.73512,54.89301],[8.75215,54.89666],[8.77473,54.8929],[8.7764,54.89544],[8.801,54.90472],[8.81019,54.90565],[8.81705,54.90404],[8.82474,54.90665],[8.83299,54.90668],[8.837,54.90546],[8.84224,54.90096],[8.84495,54.89922],[8.8487,54.89728],[8.85673,54.89711],[8.85939,54.89705],[8.88002,54.90206],[8.8831,54.90206],[8.89248,54.90446],[8.90611,54.90317],[8.91376,54.90245],[8.9483,54.90246],[8.973,54.89664],[8.98564,54.89187],[9.01457,54.88632],[9.02686,54.88144],[9.03652,54.87577],[9.04854,54.87213],[9.07855,54.87168],[9.09077,54.8704],[9.1131,54.8736],[9.14233,54.87311],[9.16003,54.86902],[9.17279,54.86607],[9.17797,54.86493],[9.1848,54.86342],[9.18761,54.86113],[9.20585,54.85868],[9.23059,54.8524],[9.24028,54.84994],[9.24408,54.84368],[9.2362,54.83613],[9.23563,54.83248],[9.24596,54.81716],[9.25009,54.80971],[9.25817,54.81056],[9.26595,54.81083],[9.27055,54.81216],[9.27338,54.81176],[9.28113,54.80978],[9.28412,54.80961],[9.28626,54.80432],[9.29486,54.80168],[9.29556,54.80307],[9.29208,54.80615],[9.29341,54.80894],[9.30885,54.80755],[9.32466,54.80603],[9.32723,54.80578],[9.32943,54.80556],[9.33038,54.80414],[9.34373,54.80015],[9.34533,54.80208],[9.34327,54.80634],[9.35518,54.81429],[9.36543,54.81798],[9.37262,54.82057],[9.37478,54.83239],[9.38003,54.83424],[9.38271,54.83853],[9.39685,54.83907],[9.41032,54.84203],[9.41701,54.83847],[9.41677,54.83379],[9.42015,54.83196],[9.42293,54.82322],[9.43449,54.81001],[9.4308,54.80052],[9.43449,54.79616],[9.44076,54.80303],[9.4533,54.80934],[9.46399,54.82035],[9.49195,54.82264],[9.50206,54.8256],[9.51566,54.83763],[9.52494,54.83844],[9.53928,54.84758],[9.56324,54.85454],[9.57393,54.86311],[9.58003,54.86467],[9.58385,54.86564],[9.58544,54.86902],[9.58827,54.87502],[9.59132,54.87656],[9.61182,54.87519],[9.60339,54.86902],[9.60019,54.86668],[9.59023,54.85164],[9.59091,54.84417],[9.60443,54.83077],[9.6124,54.82994],[9.6231,54.83149],[9.63358,54.8284],[9.65066,54.82192],[9.6604,54.82334],[9.66562,54.82202],[9.67804,54.81917],[9.68694,54.81639],[9.70961,54.80931],[9.72745,54.80666],[9.76453,54.7993],[9.76856,54.79719],[9.7766,54.79566],[9.79257,54.79698],[9.80257,54.78361],[9.82973,54.76305],[9.83283,54.76066],[9.84853,54.75535],[9.87366,54.75218],[9.87502,54.75399],[9.88191,54.76283],[9.88969,54.76798],[9.90021,54.76672],[9.90391,54.76353],[9.90669,54.76879],[9.90177,54.77564],[9.90256,54.7892],[9.90803,54.79713],[9.93928,54.78554],[9.95688,54.77948],[9.96362,54.76982],[9.97177,54.76305],[9.97811,54.75098],[9.9856,54.72479],[9.9896,54.71762],[10.02252,54.69696],[10.02926,54.69338],[10.03307,54.69136],[10.03654,54.68712],[10.03294,54.67864],[10.02989,54.68013],[10.02926,54.68535],[10.02661,54.68572],[10.0273,54.68797],[10.02122,54.6917],[10.01709,54.69229],[9.99102,54.684],[9.99201,54.696],[9.98282,54.70062],[9.97383,54.6904],[9.97918,54.68653],[9.97832,54.68312],[9.96842,54.68289],[9.96093,54.67858],[9.94732,54.67747],[9.9422,54.67376],[9.93525,54.66082],[9.93292,54.64611],[9.9305,54.64007],[9.93176,54.63161],[9.93453,54.6334],[9.93633,54.63302],[9.93211,54.62864],[9.92844,54.6273],[9.91508,54.62918],[9.90947,54.63334],[9.90803,54.63227],[9.90803,54.62858],[9.90803,54.6282],[9.90145,54.62569],[9.89337,54.62358],[9.88469,54.61856],[9.87502,54.6095],[9.86153,54.60371],[9.83749,54.59785],[9.83725,54.59397],[9.82609,54.59034],[9.82062,54.5857],[9.80664,54.58694],[9.80529,54.58432],[9.81102,54.58441],[9.81129,54.58159],[9.79786,54.57766],[9.79298,54.57443],[9.788,54.57374],[9.77523,54.57573],[9.77615,54.57893],[9.76889,54.57875],[9.76513,54.57025],[9.76737,54.56507],[9.75398,54.55737],[9.73842,54.54254],[9.73553,54.53434],[9.73433,54.53251],[9.73097,54.53187],[9.71699,54.53318],[9.71726,54.53049],[9.71744,54.52868],[9.70827,54.52004],[9.70309,54.52048],[9.69602,54.52671],[9.68694,54.52612],[9.67246,54.52517],[9.63999,54.52142],[9.63288,54.51464],[9.62663,54.52136],[9.63232,54.52586],[9.62897,54.53018],[9.60516,54.52678],[9.60423,54.52087],[9.59732,54.51862],[9.58581,54.51042],[9.55546,54.51255],[9.54927,54.51108],[9.54714,54.50856],[9.55409,54.50397],[9.56248,54.50177],[9.58124,54.50192],[9.5946,54.50596],[9.6111,54.50785],[9.62877,54.51214],[9.6355,54.50893],[9.64512,54.51043],[9.66368,54.50711],[9.67387,54.49641],[9.68368,54.49527],[9.68694,54.49399],[9.69674,54.49013],[9.70847,54.49171],[9.71187,54.50074],[9.70839,54.50809],[9.70021,54.51613],[9.71477,54.51817],[9.72199,54.52831],[9.72487,54.52773],[9.72562,54.52188],[9.73373,54.52424],[9.74211,54.53049],[9.74052,54.53434],[9.74969,54.54652],[9.76269,54.55065],[9.76794,54.55647],[9.77623,54.55743],[9.77708,54.55383],[9.8002,54.56538],[9.81791,54.57786],[9.82103,54.58274],[9.83085,54.58289],[9.83815,54.58505],[9.84197,54.58986],[9.84679,54.58949],[9.85091,54.59261],[9.87502,54.59843],[9.87846,54.59926],[9.90183,54.61233],[9.90445,54.61381],[9.90803,54.61456],[9.91902,54.61687],[9.92189,54.61837],[9.92909,54.62211],[9.93776,54.62394],[9.93682,54.62873],[9.94523,54.63672],[9.93844,54.64583],[9.93766,54.65074],[9.94111,54.65504],[9.93869,54.66058],[9.94183,54.66688],[9.95021,54.67443],[9.95937,54.67545],[9.97621,54.67361],[9.98885,54.66922],[9.98951,54.66655],[9.99449,54.66633],[10.00263,54.67357],[10.00929,54.66257],[10.02252,54.65853],[10.02926,54.65978],[10.03103,54.6601],[10.0337,54.65706],[10.03117,54.63657],[10.0334,54.62106],[10.0324,54.61837],[10.02926,54.60989],[10.02811,54.60678],[10.02593,54.59563],[10.02665,54.58546],[10.02375,54.58259],[10.02619,54.58101],[10.02633,54.56776],[10.02698,54.554],[10.02252,54.54749],[10.01552,54.54518],[10.00866,54.53539],[10.00489,54.53049],[9.99792,54.52144],[9.98372,54.51239],[9.97538,54.51008],[9.96389,54.50233],[9.93815,54.49336],[9.92247,54.49008],[9.90803,54.48568],[9.90183,54.4838],[9.87571,54.47585],[9.86279,54.47332],[9.84838,54.47619],[9.84069,54.47461],[9.84194,54.46574],[9.84516,54.4615],[9.84772,54.45812],[9.86422,54.44852],[9.87502,54.44938],[9.90183,54.45149],[9.90803,54.45244],[9.91535,54.45356],[9.92635,54.45912],[9.92492,54.4615],[9.92655,54.46223],[9.93941,54.46297],[9.96931,54.46756],[9.99545,54.46841],[10.02252,54.47555],[10.02626,54.47563],[10.02926,54.47592],[10.05475,54.47835],[10.12547,54.48508],[10.13471,54.48396],[10.15893,54.47481],[10.18214,54.4615],[10.18496,54.45988],[10.19769,54.45524],[10.19511,54.44988],[10.18456,54.44665],[10.1759,54.43723],[10.16989,54.43519],[10.16852,54.43284],[10.18815,54.40984],[10.19008,54.39569],[10.16692,54.38555],[10.16141,54.37578],[10.14612,54.36528],[10.1458,54.36326],[10.14483,54.35463],[10.15485,54.33991],[10.14922,54.32347],[10.16551,54.32825],[10.17416,54.34575],[10.17768,54.35496],[10.17978,54.36159],[10.18527,54.36326],[10.19556,54.36638],[10.19505,54.37912],[10.20136,54.3813],[10.21032,54.39313],[10.20993,54.39626],[10.22829,54.41381],[10.24104,54.41618],[10.28033,54.41835],[10.28886,54.41973],[10.29306,54.42417],[10.28948,54.42518],[10.27844,54.42062],[10.27776,54.4222],[10.30289,54.43337],[10.32884,54.43572],[10.35854,54.43132],[10.36691,54.42987],[10.37615,54.42827],[10.37942,54.4277],[10.39494,54.42424],[10.4212,54.41171],[10.44487,54.4032],[10.48552,54.38928],[10.53955,54.37988],[10.55241,54.37577],[10.5839,54.36767],[10.58594,54.36714],[10.59439,54.36497],[10.59889,54.36326],[10.63626,54.34904],[10.64772,54.33735],[10.6496,54.33535],[10.6575,54.32866],[10.6781,54.32113],[10.67873,54.317],[10.68326,54.31146],[10.69013,54.30821],[10.71375,54.30507],[10.73802,54.3094],[10.75492,54.30641],[10.76976,54.3076],[10.7992,54.31619],[10.82804,54.32946],[10.84071,54.33735],[10.84237,54.33892],[10.87366,54.35895],[10.88937,54.36326],[10.90923,54.36871],[10.92265,54.37781],[10.93143,54.38173],[10.94897,54.38429],[10.96018,54.38196],[10.97991,54.38155],[10.98289,54.38032],[10.98085,54.37618],[10.99162,54.37081],[10.99832,54.36988],[11.00661,54.37243],[11.02213,54.36778],[11.03351,54.36967],[11.06909,54.37559],[11.07903,54.37855],[11.08263,54.38359],[11.09183,54.39208],[11.09391,54.39272],[11.10765,54.39691],[11.11024,54.3958],[11.10909,54.3899],[11.12014,54.39299],[11.13035,54.38759],[11.12493,54.37356],[11.10147,54.36326],[11.09391,54.35994],[11.0911,54.3587],[11.08263,54.35324],[11.06923,54.35799],[11.06352,54.35781],[11.05986,54.35535],[11.05865,54.35174],[11.06302,54.34476],[11.07325,54.34562],[11.07198,54.33735],[11.07667,54.30265],[11.08342,54.28063],[11.08355,54.27775],[11.08389,54.27037],[11.08259,54.24648],[11.09098,54.21887],[11.09339,54.19974],[11.09089,54.19746],[11.07854,54.19562],[11.06389,54.1892],[11.04736,54.17687],[11.03351,54.17151],[11.01416,54.16401],[10.95755,54.14208],[10.94317,54.133],[10.92526,54.11792],[10.90923,54.10899],[10.89523,54.09832],[10.88535,54.09164],[10.86561,54.08548],[10.85352,54.08883],[10.82278,54.08982],[10.81532,54.09358],[10.81301,54.09874],[10.8092,54.0971],[10.80207,54.0976],[10.7998,54.08415],[10.78538,54.07123],[10.76583,54.06201],[10.75492,54.05419],[10.75492,54.05308],[10.75114,54.0449],[10.75178,54.03759],[10.75492,54.03336],[10.77286,54.00919],[10.78693,53.9978],[10.79973,53.9927],[10.82138,53.9948],[10.84089,53.99189],[10.85973,53.99366],[10.87492,53.98844],[10.88422,53.97879],[10.88238,53.96767],[10.88557,53.96205],[10.88316,53.95938],[10.90366,53.95682],[10.90923,53.94786],[10.90923,53.94595],[10.89712,53.93672],[10.89475,53.9267],[10.8985,53.92292],[10.90923,53.92368],[10.92345,53.92188],[10.93083,53.91871],[10.93806,53.91936],[10.9491,53.91334],[10.96076,53.91408],[10.96662,53.91101],[10.96662,53.90766],[10.95851,53.90974],[10.94934,53.90439],[10.93161,53.9007],[10.90923,53.89861],[10.90265,53.90467],[10.90368,53.90872],[10.90923,53.91233],[10.91142,53.91435],[10.90923,53.9158],[10.8951,53.91851],[10.88588,53.92438],[10.88187,53.92402],[10.87402,53.91472],[10.86055,53.90984],[10.85579,53.90539],[10.84892,53.90462],[10.84704,53.89726],[10.81953,53.89307],[10.81557,53.88888],[10.80825,53.88591],[10.80562,53.88042],[10.7996,53.8764],[10.77278,53.87381],[10.76495,53.86724],[10.75869,53.85806],[10.75492,53.85556],[10.74834,53.85121],[10.75303,53.84816],[10.74979,53.84452],[10.74829,53.83378],[10.75492,53.82999],[10.75678,53.82892],[10.76144,53.82244],[10.76296,53.81115],[10.7686,53.79933],[10.77301,53.79322],[10.76902,53.78629],[10.76675,53.78065],[10.76965,53.7757],[10.75859,53.76421],[10.75803,53.74752],[10.77214,53.74904],[10.79294,53.74349],[10.79619,53.74199],[10.80798,53.73768],[10.80706,53.72696],[10.81108,53.72037],[10.8244,53.71154],[10.83163,53.71035],[10.84334,53.70785],[10.8463,53.70508],[10.85141,53.70527],[10.8514,53.70055],[10.86446,53.70383],[10.87152,53.70188],[10.88684,53.70532],[10.90478,53.70317],[10.91666,53.69917],[10.92184,53.69886],[10.92528,53.69385],[10.92466,53.69181],[10.91958,53.69085],[10.92027,53.68956],[10.92627,53.68938],[10.93031,53.68682],[10.93747,53.6868],[10.94162,53.68408],[10.94383,53.6751],[10.94078,53.67279],[10.93981,53.66557],[10.94503,53.65993],[10.94845,53.66064],[10.95439,53.65783],[10.9522,53.64877],[10.95192,53.64762],[10.94988,53.646],[10.94556,53.64614],[10.94659,53.64175],[10.92956,53.62871],[10.92781,53.62297],[10.9223,53.603],[10.91798,53.59824],[10.92351,53.58457],[10.91111,53.57257],[10.89547,53.57233],[10.88806,53.57074],[10.86142,53.56506],[10.84951,53.56606],[10.84466,53.57074],[10.83982,53.57541],[10.82671,53.57586],[10.82297,53.57258],[10.82409,53.57074],[10.82639,53.56697],[10.82506,53.55659],[10.83079,53.54451],[10.83027,53.54162],[10.8195,53.53417],[10.82059,53.52424],[10.8153,53.52165],[10.82381,53.51769],[10.82433,53.51374],[10.80947,53.51581],[10.78839,53.51086],[10.78478,53.50783],[10.78382,53.50636],[10.77689,53.49519],[10.76551,53.49096],[10.75675,53.48406],[10.75492,53.48376],[10.73227,53.47997],[10.72705,53.48073],[10.72008,53.47638],[10.70206,53.47769],[10.69297,53.45514],[10.68354,53.45703],[10.68077,53.45758],[10.65432,53.46134],[10.64169,53.45611],[10.6349,53.45603],[10.62583,53.44336],[10.62786,53.44138],[10.61897,53.42467],[10.61778,53.41618],[10.61892,53.41248],[10.62036,53.40311],[10.6164,53.3846],[10.59903,53.37708],[10.59418,53.36754],[10.59505,53.36393],[10.5875,53.36119],[10.57365,53.3606],[10.55863,53.36796],[10.55241,53.36909],[10.52703,53.37047],[10.51691,53.37136],[10.49894,53.37452],[10.46918,53.38584],[10.42991,53.39821],[10.39795,53.41145],[10.39592,53.41253],[10.38656,53.41894],[10.38337,53.42091],[10.38006,53.42274],[10.3781,53.42381],[10.37543,53.42483],[10.37324,53.4254],[10.37053,53.42592],[10.36775,53.42625],[10.36499,53.42627],[10.36054,53.42626],[10.35592,53.42614],[10.33096,53.42515],[10.30795,53.4332],[10.318,53.43599],[10.31558,53.44087],[10.32596,53.44964],[10.31223,53.45181],[10.30785,53.44362],[10.30356,53.44309],[10.29683,53.44764],[10.29757,53.45092],[10.28991,53.45534],[10.27086,53.46374],[10.27181,53.46761],[10.26593,53.4701],[10.26442,53.47441],[10.2493,53.47954],[10.23856,53.48385],[10.2355,53.49149],[10.23668,53.49635],[10.22613,53.49582],[10.21948,53.49924],[10.22309,53.50525],[10.22195,53.5066],[10.2106,53.52005],[10.19996,53.51443],[10.18726,53.51311],[10.1639,53.52077],[10.16209,53.5258],[10.16651,53.53653],[10.15576,53.53707],[10.1517,53.54566],[10.15316,53.55034],[10.1598,53.55604],[10.15709,53.56014],[10.14983,53.56214],[10.14789,53.5663],[10.14985,53.57074],[10.15264,53.57705],[10.16149,53.58482],[10.16768,53.58272],[10.19372,53.58449],[10.19861,53.58286],[10.20145,53.58408],[10.19248,53.59407],[10.19643,53.60049],[10.19466,53.60814],[10.18983,53.61304],[10.20678,53.62356],[10.21564,53.62531],[10.22176,53.63372],[10.19091,53.63826],[10.19807,53.6462],[10.19709,53.64877],[10.19503,53.65422],[10.18845,53.65664],[10.18321,53.66303],[10.1752,53.66419],[10.17168,53.66896],[10.16784,53.66808],[10.16179,53.67042],[10.15709,53.66974],[10.15483,53.67433],[10.14361,53.67612],[10.14107,53.67935],[10.15133,53.68257],[10.15915,53.69112],[10.16054,53.69948],[10.15814,53.70486],[10.16721,53.70841],[10.16898,53.71165],[10.17373,53.71231],[10.17781,53.71006],[10.1813,53.70976],[10.18334,53.71155],[10.19096,53.72194],[10.19318,53.73011],[10.16824,53.73824],[10.16326,53.73756],[10.16061,53.73329],[10.14539,53.72545],[10.13872,53.72502],[10.12775,53.72018],[10.12046,53.71372],[10.11471,53.71552],[10.10586,53.7148],[10.09355,53.71912],[10.08315,53.72015],[10.07754,53.71626],[10.07798,53.71282],[10.07071,53.71156],[10.07281,53.70963],[10.06963,53.70624],[10.0791,53.70416],[10.07654,53.70107],[10.07751,53.69975],[10.07379,53.69877],[10.07143,53.69702],[10.06558,53.68968],[10.06126,53.68772],[10.0666,53.68445],[10.06725,53.67934],[10.05072,53.67741],[10.03888,53.68189],[9.99773,53.6806],[9.99114,53.67216],[9.98979,53.65052],[9.9879,53.64877],[9.98633,53.64821],[9.9784,53.64877],[9.95059,53.65084],[9.94538,53.65293],[9.93415,53.65226],[9.91991,53.6549],[9.90803,53.65272],[9.90675,53.65249],[9.90595,53.64877],[9.90461,53.64259],[9.89692,53.63487],[9.88385,53.62154],[9.87502,53.61682],[9.87239,53.61542],[9.86802,53.60935],[9.86192,53.60722],[9.86106,53.60484],[9.85795,53.60219],[9.8581,53.59959],[9.85458,53.59839],[9.84042,53.59456],[9.83541,53.5876],[9.82616,53.58487],[9.81991,53.5855],[9.80029,53.59483],[9.79226,53.6011],[9.79096,53.60408],[9.79737,53.60715],[9.79494,53.61005],[9.79148,53.60958],[9.77139,53.6163],[9.77029,53.62746],[9.76367,53.62749],[9.76347,53.62492],[9.76013,53.62448],[9.758,53.61812],[9.75441,53.61347],[9.75851,53.61022],[9.75605,53.60383],[9.74847,53.60327],[9.74408,53.59813],[9.74663,53.59092],[9.7371,53.58159],[9.74156,53.57863],[9.73733,53.57662],[9.7351,53.57074],[9.7301,53.55758],[9.71927,53.55833],[9.71628,53.55852],[9.70279,53.55933],[9.69962,53.56002],[9.69767,53.5604],[9.69161,53.56158],[9.68694,53.5625],[9.67576,53.56469],[9.66331,53.5699],[9.66132,53.57074],[9.65926,53.57162],[9.63334,53.5825],[9.61564,53.58873],[9.59167,53.59717],[9.58786,53.59852],[9.56254,53.6114],[9.55064,53.61603],[9.5435,53.62215],[9.53683,53.63057],[9.53123,53.6429],[9.53049,53.64877],[9.52912,53.6595],[9.52075,53.6729],[9.51975,53.67432],[9.51741,53.67761],[9.51197,53.68526],[9.51036,53.68754],[9.5078,53.69116],[9.50218,53.6968],[9.48589,53.70766],[9.47489,53.71249],[9.46139,53.71835],[9.45315,53.72192],[9.44708,53.72458],[9.43331,53.73198],[9.42262,53.74064],[9.41277,53.7526],[9.40085,53.767],[9.38441,53.78716],[9.37695,53.79648],[9.3706,53.80457],[9.36758,53.80856],[9.36543,53.81081],[9.35865,53.81792],[9.33994,53.83153],[9.33805,53.83298],[9.33121,53.8397],[9.32852,53.84228],[9.31771,53.85151],[9.29043,53.863],[9.27273,53.86766],[9.25731,53.87157],[9.23287,53.87486],[9.23059,53.87777],[9.21525,53.87896],[9.19975,53.8801],[9.14233,53.87768],[9.11978,53.87883],[9.1054,53.87984],[9.08277,53.88007],[9.07528,53.88051],[9.05938,53.88113],[9.05271,53.88144],[9.03647,53.88101],[9.02242,53.87952],[9.01831,53.89631],[8.97232,53.8919],[8.96357,53.89535],[8.93906,53.91072],[8.93523,53.91577],[8.91403,53.92625],[8.90611,53.93596],[8.89294,53.9521],[8.8744,53.9814],[8.85673,53.9997],[8.84852,54.00819],[8.84352,54.01026],[8.83259,54.02393],[8.82566,54.02618],[8.84922,54.03863],[8.87825,54.0449],[8.90611,54.0429],[8.92093,54.04184],[8.94599,54.03396],[8.95563,54.03546],[8.96061,54.03444],[8.97776,54.04156],[8.97902,54.04282],[8.98008,54.04426],[8.98119,54.04599],[8.98221,54.04851],[8.9829,54.05014],[8.98523,54.05892],[8.98159,54.06174],[8.97098,54.0634],[8.96616,54.06225],[8.95906,54.06409],[8.95953,54.06572],[8.97491,54.06874],[8.97569,54.07136],[8.95346,54.08781],[8.94154,54.10695],[8.9388,54.11183],[8.93796,54.11333],[8.93497,54.11865],[8.93219,54.12377],[8.92504,54.13228],[8.90802,54.13511],[8.90611,54.13472],[8.88634,54.13067],[8.86372,54.12135],[8.85776,54.12135],[8.85673,54.12358],[8.85471,54.1279],[8.83721,54.1334],[8.82539,54.14702],[8.81732,54.16683],[8.80964,54.1709],[8.80777,54.17518],[8.81013,54.19002],[8.81882,54.20514],[8.83429,54.21637],[8.83927,54.23206],[8.83243,54.24002],[8.8363,54.25127],[8.84363,54.25733],[8.8448,54.26633],[8.84214,54.27747],[8.83661,54.28441],[8.82915,54.28978],[8.82135,54.29128],[8.80993,54.28754],[8.79246,54.28216],[8.78263,54.28107],[8.77128,54.28234],[8.76869,54.28857],[8.75989,54.29012],[8.74894,54.28949],[8.73969,54.29374],[8.7224,54.28894],[8.70647,54.29315],[8.70426,54.2867],[8.69035,54.27963],[8.67367,54.27909],[8.653,54.28598],[8.63772,54.29656],[8.63009,54.30185],[8.6097,54.30813],[8.60238,54.3145],[8.59999,54.32763],[8.60601,54.32874],[8.60205,54.33772],[8.60326,54.34042],[8.62204,54.34282],[8.63393,54.33787],[8.63772,54.33778],[8.64021,54.33772],[8.64411,54.33816],[8.64606,54.33844],[8.64757,54.33943],[8.65277,54.3429],[8.64781,54.3438],[8.64786,54.34599],[8.65456,54.34883],[8.65908,54.34697],[8.69078,54.35497],[8.69247,54.36326],[8.69332,54.36741],[8.69036,54.37343],[8.65717,54.37456],[8.65003,54.37899],[8.6497,54.38263],[8.65545,54.39157],[8.67313,54.39951],[8.69886,54.39669],[8.7108,54.39877],[8.74181,54.39891],[8.80127,54.40831],[8.83171,54.40844],[8.85673,54.40313],[8.87267,54.40529],[8.90611,54.4149],[8.91217,54.41664],[8.93315,54.43202],[8.94945,54.43858],[8.95533,54.44869],[8.96146,54.45329],[9.0017,54.46198],[9.01453,54.47407],[9.02515,54.4722],[9.00444,54.47914],[9.0145,54.48404],[9.00715,54.49809],[8.99036,54.5121],[8.99155,54.5209],[8.9908,54.52331],[8.98705,54.52431],[8.98318,54.52468],[8.9604,54.51749],[8.94643,54.51261],[8.94851,54.50063],[8.93106,54.49095],[8.92398,54.47779],[8.91677,54.47469],[8.91293,54.46958],[8.90611,54.46655],[8.89347,54.46094],[8.85673,54.46074],[8.84295,54.46067],[8.82618,54.46306],[8.80993,54.46888],[8.80725,54.47015],[8.80666,54.47128],[8.80708,54.47389],[8.80993,54.47678],[8.81845,54.48639],[8.80993,54.48992],[8.80636,54.49671],[8.80993,54.50086],[8.8186,54.50533],[8.83687,54.50849],[8.85476,54.51712],[8.85673,54.51843],[8.86455,54.5236],[8.87167,54.52901],[8.87234,54.53049],[8.87788,54.54269],[8.87357,54.55543],[8.86937,54.56331],[8.89222,54.59801],[8.88266,54.61046],[8.86426,54.616],[8.85673,54.62003],[8.84716,54.62514],[8.83061,54.65141],[8.82932,54.65322],[8.80993,54.65896],[8.7795,54.66658],[8.75409,54.68193],[8.74992,54.68948],[8.75118,54.69902],[8.74119,54.71601],[8.71991,54.72519],[8.70779,54.72367],[8.69266,54.72603],[8.68988,54.73089],[8.71057,54.73579],[8.71459,54.73846],[8.70895,54.74411],[8.70728,54.75221],[8.69747,54.76105],[8.70045,54.77509],[8.68389,54.79317],[8.68094,54.79116],[8.65932,54.79581],[8.6447,54.81864],[8.63772,54.82296],[8.60818,54.84122],[8.61142,54.86902],[8.61241,54.87752],[8.60337,54.88571],[8.56424,54.88393],[8.54372,54.88172],[8.53539,54.88278],[8.50994,54.88107],[8.47962,54.87066],[8.45294,54.8574],[8.42857,54.85281],[8.41535,54.84778],[8.40102,54.8494],[8.37868,54.85862],[8.36281,54.87538],[8.34868,54.87621],[8.34,54.87912],[8.33408,54.87315],[8.33052,54.86289],[8.30855,54.85901],[8.29955,54.84936],[8.29364,54.82695],[8.29979,54.81775],[8.29716,54.81127],[8.29917,54.80359],[8.29476,54.79857],[8.2944,54.79404],[8.29261,54.78456],[8.29642,54.77769],[8.30106,54.77509],[8.29982,54.76409],[8.29443,54.75815],[8.2983,54.74254],[8.29605,54.74034],[8.29132,54.74193],[8.27897,54.75261],[8.28065,54.77509],[8.28227,54.79571],[8.29051,54.88963],[8.29806,54.91086],[8.30977,54.93071],[8.322,54.94967],[8.33052,54.9616],[8.35226,54.99202],[8.38234,55.03612],[8.39812,55.0533],[8.40777,55.05664],[8.41086,55.05771],[8.41719,55.05817],[8.44242,55.05062]]],[[[11.27356,54.45722],[11.28108,54.44516],[11.29666,54.43115],[11.31095,54.40909],[11.31125,54.40448],[11.28517,54.40499],[11.25905,54.40999],[11.25606,54.41017],[11.23372,54.4114],[11.20178,54.40929],[11.19927,54.41112],[11.20415,54.41451],[11.20402,54.41672],[11.18423,54.41955],[11.17569,54.41821],[11.17156,54.41548],[11.17645,54.40672],[11.17256,54.40294],[11.15612,54.4017],[11.12276,54.40321],[11.09733,54.41254],[11.09626,54.42178],[11.09926,54.43412],[11.09412,54.44298],[11.08908,54.44631],[11.06236,54.45114],[11.05014,54.44707],[11.02812,54.44393],[11.01815,54.44026],[11.01191,54.44231],[11.00546,54.45265],[11.01167,54.48303],[11.03121,54.51069],[11.0469,54.52378],[11.06931,54.5339],[11.16531,54.52147],[11.19997,54.50914],[11.22789,54.50202],[11.241,54.49269],[11.25606,54.47084],[11.27356,54.45722]]],[[[8.5677,54.75139],[8.58372,54.74531],[8.58794,54.74111],[8.58479,54.7295],[8.5862,54.7269],[8.59628,54.71873],[8.58197,54.7102],[8.57603,54.70201],[8.57573,54.69239],[8.56724,54.68076],[8.55522,54.67907],[8.52584,54.68084],[8.48617,54.68035],[8.46793,54.68334],[8.45091,54.69301],[8.44821,54.6928],[8.42684,54.69494],[8.40777,54.69928],[8.40265,54.70044],[8.39644,54.70484],[8.39539,54.71508],[8.40436,54.73013],[8.40777,54.73291],[8.41878,54.74189],[8.43691,54.74823],[8.46793,54.75121],[8.47693,54.7521],[8.48614,54.74992],[8.50489,54.75181],[8.51379,54.75397],[8.51709,54.75128],[8.53479,54.7556],[8.5418,54.75541],[8.5677,54.75139]]],[[[8.70223,54.55765],[8.71032,54.5532],[8.7078,54.54346],[8.69757,54.52521],[8.69076,54.52163],[8.69639,54.5161],[8.68993,54.5102],[8.69679,54.50507],[8.6955,54.50436],[8.68745,54.50831],[8.67102,54.49513],[8.64021,54.48972],[8.63772,54.48966],[8.62425,54.48933],[8.61178,54.49449],[8.60565,54.50108],[8.59237,54.50883],[8.58736,54.52298],[8.58815,54.52846],[8.59306,54.53257],[8.59882,54.53423],[8.62614,54.53578],[8.63375,54.53843],[8.63772,54.54161],[8.64004,54.54346],[8.64021,54.5445],[8.66806,54.55023],[8.68744,54.55681],[8.69821,54.55629],[8.70223,54.55765]]],[[[8.37942,54.6332],[8.38632,54.62825],[8.3977,54.62903],[8.40112,54.62685],[8.38749,54.62311],[8.39123,54.61933],[8.3994,54.6175],[8.3969,54.61444],[8.37948,54.61008],[8.36513,54.60966],[8.33881,54.62778],[8.33052,54.63415],[8.30438,54.65424],[8.29435,54.66561],[8.29693,54.67302],[8.30672,54.6817],[8.32183,54.68897],[8.33052,54.69542],[8.34023,54.70243],[8.34603,54.70401],[8.34138,54.69039],[8.34985,54.67536],[8.36175,54.65034],[8.37362,54.64572],[8.3809,54.64036],[8.37942,54.6332]]],[[[8.63772,54.63831],[8.60716,54.63318],[8.59586,54.63565],[8.58673,54.6344],[8.56984,54.62733],[8.56234,54.62664],[8.54654,54.6188],[8.52943,54.62675],[8.53231,54.63176],[8.54108,54.63596],[8.55358,54.63559],[8.60242,54.642],[8.63772,54.64986],[8.64021,54.65041],[8.65171,54.65705],[8.66307,54.65511],[8.65661,54.64366],[8.64021,54.63872],[8.63772,54.63831]]],[[[8.55932,54.57754],[8.56067,54.57381],[8.56698,54.56909],[8.57227,54.56727],[8.5757,54.56535],[8.57577,54.5604],[8.57371,54.5605],[8.57129,54.55841],[8.56439,54.55701],[8.54801,54.55695],[8.54348,54.55889],[8.53805,54.56437],[8.53472,54.56578],[8.52686,54.56715],[8.52331,54.5693],[8.5171,54.56993],[8.51259,54.57206],[8.50833,54.57674],[8.51077,54.57863],[8.51371,54.57922],[8.52376,54.57771],[8.52767,54.57625],[8.53298,54.57527],[8.54427,54.57677],[8.54919,54.5793],[8.55734,54.57862],[8.55932,54.57754]]],[[[8.68946,54.04848],[8.69429,54.04786],[8.69718,54.04853],[8.70114,54.04806],[8.70035,54.04711],[8.69374,54.04563],[8.68813,54.04541],[8.68437,54.04643],[8.67943,54.05077],[8.67802,54.05552],[8.68068,54.06396],[8.68575,54.0681],[8.69197,54.07065],[8.69847,54.07107],[8.70008,54.06779],[8.69703,54.06587],[8.69346,54.06499],[8.69103,54.06092],[8.70048,54.05866],[8.69981,54.05712],[8.6936,54.05595],[8.69061,54.05403],[8.69117,54.05282],[8.68575,54.0518],[8.68946,54.04848]]],[[[8.7356,54.64023],[8.73828,54.63758],[8.73766,54.63464],[8.72825,54.62872],[8.71912,54.62729],[8.71029,54.63159],[8.70992,54.63239],[8.7108,54.63532],[8.71378,54.63916],[8.71746,54.64088],[8.71984,54.63937],[8.72982,54.64161],[8.73302,54.64343],[8.73631,54.64396],[8.73863,54.6428],[8.7356,54.64023]]],[[[8.8271,54.54546],[8.82273,54.54327],[8.80992,54.54723],[8.79268,54.55111],[8.79211,54.55165],[8.80308,54.55527],[8.80992,54.55491],[8.82691,54.55003],[8.82813,54.54861],[8.8271,54.54546]]],[[[8.70988,54.67258],[8.68344,54.67204],[8.68086,54.67548],[8.68175,54.67605],[8.69072,54.67629],[8.69573,54.67826],[8.69889,54.68099],[8.70161,54.68033],[8.71319,54.6801],[8.71087,54.67846],[8.70875,54.67474],[8.70988,54.67258]]],[[[7.89315,54.17505],[7.89128,54.17342],[7.8703,54.18801],[7.87314,54.18841],[7.8839,54.18838],[7.88919,54.18529],[7.89125,54.18139],[7.88963,54.17849],[7.89315,54.17505]]],[[[10.98649,54.38088],[10.99746,54.37975],[11.00569,54.3799],[11.01461,54.38072],[11.02121,54.38063],[11.02277,54.37989],[11.02336,54.37677],[11.01701,54.37578],[11.01472,54.37732],[11.00944,54.37567],[11.00699,54.3773],[11.00365,54.37614],[11.00167,54.37673],[10.99799,54.37519],[10.99337,54.37903],[10.99199,54.37706],[10.98745,54.37581],[10.98584,54.37663],[10.98721,54.3787],[10.98649,54.38088]]],[[[8.83078,54.6029],[8.82475,54.60038],[8.81906,54.59521],[8.8138,54.59685],[8.80884,54.60299],[8.81463,54.60241],[8.8237,54.60483],[8.83047,54.60384],[8.83078,54.6029]]],[[[7.91805,54.18782],[7.92042,54.18453],[7.91652,54.18201],[7.90988,54.18114],[7.90665,54.18228],[7.90145,54.18737],[7.90475,54.18715],[7.9142,54.18924],[7.91941,54.18937],[7.91805,54.18782]]],[[[8.55701,54.46068],[8.55203,54.45962],[8.54948,54.46059],[8.54489,54.46558],[8.54768,54.46865],[8.55593,54.46692],[8.56202,54.46479],[8.56218,54.46393],[8.55701,54.46068]]],[[[8.7302,54.46308],[8.72542,54.46219],[8.7222,54.46349],[8.71808,54.46649],[8.72708,54.46804],[8.73327,54.46766],[8.7302,54.46308]]],[[[11.04542,54.42983],[11.04318,54.42881],[11.03818,54.4299],[11.03351,54.4321],[11.02636,54.43567],[11.03171,54.43683],[11.03351,54.4366],[11.03645,54.43393],[11.03743,54.43151],[11.04542,54.42983]]],[[[10.03291,54.66288],[10.02926,54.6624],[10.02729,54.66245],[10.02611,54.66344],[10.02926,54.66386],[10.03266,54.6696],[10.03498,54.67023],[10.03291,54.66288]]],[[[8.76901,54.63683],[8.76222,54.63498],[8.76047,54.63585],[8.76655,54.63802],[8.77037,54.63827],[8.76901,54.63683]]],[[[11.18877,54.40852],[11.18681,54.40723],[11.18232,54.4092],[11.18616,54.41095],[11.18877,54.40852]]],[[[11.09033,54.43632],[11.08684,54.43623],[11.08307,54.43815],[11.08598,54.43894],[11.09,54.43775],[11.09033,54.43632]]],[[[9.56544,54.50771],[9.56376,54.50625],[9.55959,54.50779],[9.56341,54.51025],[9.56544,54.50771]]],[[[8.51857,54.52927],[8.51439,54.52726],[8.51034,54.52837],[8.51472,54.53014],[8.51857,54.52927]]],[[[8.36521,54.8683],[8.36485,54.86657],[8.36183,54.86665],[8.35885,54.86835],[8.361,54.86949],[8.36521,54.8683]]]]},"properties":{"code":"DEF","nom":"Schleswig-Holstein","country":"DE"}},{"type":"Feature","geometry":{"type":"MultiPolygon","coordinates":[[[[7.05981,49.62982],[7.07963,49.61208],[7.08869,49.60032],[7.10142,49.60443],[7.10807,49.59876],[7.12082,49.59587],[7.13243,49.59641],[7.15088,49.60288],[7.16152,49.59855],[7.16544,49.59705],[7.16864,49.59714],[7.17371,49.59907],[7.17219,49.5868],[7.18168,49.58257],[7.18761,49.57672],[7.21,49.57715],[7.21328,49.57409],[7.21037,49.56878],[7.21418,49.56599],[7.22346,49.56502],[7.24083,49.56897],[7.24287,49.57352],[7.24949,49.57437],[7.25567,49.57618],[7.2621,49.58322],[7.2687,49.58408],[7.26293,49.57535],[7.26376,49.57061],[7.26605,49.56935],[7.26772,49.56808],[7.26916,49.56501],[7.26748,49.56388],[7.26921,49.56223],[7.27105,49.56226],[7.27307,49.56227],[7.27462,49.56107],[7.27379,49.55277],[7.27662,49.54862],[7.27738,49.53778],[7.29069,49.53476],[7.30201,49.53481],[7.2998,49.53092],[7.30863,49.52429],[7.30783,49.51995],[7.30166,49.51895],[7.29697,49.52168],[7.29343,49.52136],[7.28796,49.51796],[7.28753,49.51269],[7.28316,49.50974],[7.28201,49.50581],[7.28707,49.49906],[7.28354,49.49603],[7.2806,49.48765],[7.27945,49.48438],[7.29684,49.48355],[7.29977,49.4788],[7.3012,49.47673],[7.304,49.47556],[7.30492,49.4742],[7.29936,49.46595],[7.2884,49.46133],[7.28693,49.45769],[7.27651,49.45584],[7.27244,49.45203],[7.24773,49.44579],[7.25443,49.44032],[7.25105,49.43457],[7.25259,49.43147],[7.26159,49.42419],[7.27251,49.42384],[7.29007,49.41471],[7.2926,49.40822],[7.29632,49.40489],[7.29538,49.40071],[7.29894,49.39852],[7.29113,49.39398],[7.29022,49.3895],[7.30162,49.38909],[7.30297,49.38742],[7.31478,49.38453],[7.3222,49.3805],[7.35437,49.37975],[7.3557,49.37494],[7.36857,49.37332],[7.36775,49.36374],[7.3959,49.37205],[7.40033,49.37085],[7.40208,49.36772],[7.39499,49.36292],[7.40039,49.35574],[7.39302,49.35181],[7.40192,49.34618],[7.39998,49.33669],[7.39108,49.32704],[7.37873,49.31912],[7.38088,49.31734],[7.39114,49.32044],[7.39449,49.31635],[7.3903,49.31067],[7.38133,49.30702],[7.37986,49.29894],[7.38439,49.29335],[7.37412,49.28261],[7.36661,49.2823],[7.36406,49.27861],[7.35338,49.28272],[7.33597,49.27881],[7.33609,49.27652],[7.34352,49.27314],[7.34366,49.27033],[7.33851,49.26382],[7.3262,49.25804],[7.32712,49.25352],[7.32396,49.24838],[7.31604,49.25156],[7.31219,49.25703],[7.30772,49.25606],[7.30404,49.25189],[7.30168,49.24392],[7.28992,49.23802],[7.2934,49.23442],[7.28993,49.23043],[7.30241,49.22261],[7.29724,49.20528],[7.30349,49.20495],[7.32034,49.1895],[7.33721,49.18459],[7.33635,49.17587],[7.34375,49.17205],[7.35104,49.16256],[7.36284,49.15921],[7.36876,49.16146],[7.36263,49.15589],[7.36249,49.14864],[7.36279,49.14521],[7.35924,49.14368],[7.32896,49.14431],[7.31532,49.13809],[7.31021,49.12944],[7.30417,49.12419],[7.29318,49.11491],[7.28327,49.11715],[7.28237,49.12366],[7.26448,49.12315],[7.24911,49.12729],[7.24378,49.12968],[7.20838,49.12422],[7.19833,49.11523],[7.19543,49.12209],[7.18537,49.13042],[7.1634,49.12685],[7.15875,49.12063],[7.13577,49.12896],[7.13243,49.13157],[7.13159,49.13222],[7.12556,49.14139],[7.10406,49.13839],[7.1037,49.14497],[7.11219,49.15159],[7.10107,49.156],[7.09436,49.15282],[7.08235,49.15126],[7.08314,49.14085],[7.0902,49.1317],[7.07258,49.12448],[7.06658,49.11474],[7.05757,49.11225],[7.05152,49.11338],[7.0465,49.1171],[7.04523,49.1286],[7.0463,49.13712],[7.03271,49.15651],[7.03282,49.16327],[7.02789,49.17047],[7.02944,49.17673],[7.03337,49.18237],[7.03415,49.19078],[7.02375,49.18986],[7.02052,49.1926],[7.01555,49.19127],[7.0114,49.18856],[7.00837,49.19353],[6.99948,49.19446],[6.99306,49.20042],[6.97546,49.20908],[6.96023,49.20371],[6.95357,49.20611],[6.94437,49.21383],[6.93756,49.22194],[6.92252,49.22306],[6.91223,49.21569],[6.90102,49.21353],[6.89461,49.21012],[6.88511,49.21146],[6.87428,49.21467],[6.8603,49.22245],[6.83761,49.21293],[6.85115,49.20084],[6.85055,49.19351],[6.85842,49.18613],[6.86106,49.17855],[6.85817,49.17509],[6.84504,49.17267],[6.84584,49.16026],[6.84676,49.15752],[6.84389,49.1555],[6.8366,49.15222],[6.83457,49.15131],[6.79563,49.1631],[6.78984,49.16638],[6.77395,49.16751],[6.76171,49.16506],[6.74784,49.16604],[6.73833,49.16415],[6.72947,49.16966],[6.71926,49.17683],[6.71121,49.18834],[6.72318,49.19878],[6.72872,49.20307],[6.73144,49.20596],[6.72566,49.21437],[6.72347,49.21883],[6.71974,49.22111],[6.70643,49.21665],[6.69453,49.21645],[6.68891,49.22269],[6.69023,49.23057],[6.68546,49.24362],[6.68964,49.24777],[6.68373,49.25311],[6.67562,49.25686],[6.666,49.25476],[6.66208,49.25747],[6.66109,49.26153],[6.66704,49.26949],[6.66646,49.27666],[6.66897,49.27997],[6.66012,49.28367],[6.65337,49.28124],[6.6507,49.28774],[6.64464,49.28978],[6.63896,49.29498],[6.63227,49.29575],[6.62368,49.30251],[6.61483,49.30232],[6.60394,49.31266],[6.60006,49.31512],[6.58912,49.32206],[6.5956,49.33006],[6.58607,49.33629],[6.57839,49.33496],[6.57659,49.34044],[6.56563,49.34859],[6.5644,49.35557],[6.5692,49.35788],[6.58016,49.35611],[6.58864,49.35145],[6.59963,49.36701],[6.59433,49.37061],[6.58457,49.36977],[6.58473,49.38505],[6.57546,49.38906],[6.56458,49.38893],[6.55225,49.39421],[6.55119,49.39955],[6.54079,49.40124],[6.53768,49.40832],[6.53886,49.41195],[6.54755,49.41709],[6.55699,49.41921],[6.54052,49.43254],[6.5353,49.43412],[6.52343,49.43636],[6.5078,49.44588],[6.49937,49.45038],[6.49688,49.45053],[6.49478,49.45066],[6.49189,49.45126],[6.48629,49.45162],[6.48486,49.45248],[6.48466,49.45261],[6.46495,49.46549],[6.45548,49.46315],[6.44513,49.46747],[6.44055,49.46671],[6.43054,49.47524],[6.42194,49.47606],[6.40359,49.46592],[6.37615,49.46445],[6.36711,49.46951],[6.36732,49.48765],[6.36749,49.50167],[6.36454,49.50974],[6.35729,49.5296],[6.36104,49.53637],[6.38005,49.5511],[6.39329,49.54774],[6.4067,49.54799],[6.41572,49.5437],[6.42451,49.54766],[6.43144,49.54845],[6.4453,49.5429],[6.44896,49.54315],[6.45253,49.539],[6.46285,49.54343],[6.46701,49.54301],[6.47657,49.54157],[6.48651,49.53356],[6.49422,49.53079],[6.4986,49.53073],[6.50659,49.53468],[6.51493,49.53508],[6.51518,49.52973],[6.51777,49.52822],[6.52385,49.52925],[6.53817,49.53882],[6.55482,49.53632],[6.56396,49.54056],[6.57595,49.53255],[6.58282,49.52052],[6.59006,49.51739],[6.60006,49.51768],[6.60475,49.51782],[6.60986,49.52123],[6.60737,49.52814],[6.61919,49.52928],[6.61924,49.53601],[6.63359,49.5416],[6.64352,49.53848],[6.65095,49.54338],[6.65043,49.54951],[6.65282,49.55094],[6.65862,49.54436],[6.66255,49.54314],[6.68348,49.54778],[6.69037,49.53586],[6.70062,49.54223],[6.70876,49.55291],[6.71872,49.55571],[6.73245,49.5598],[6.74646,49.55784],[6.75688,49.56144],[6.75844,49.56255],[6.76148,49.5649],[6.76458,49.56776],[6.7675,49.56904],[6.76969,49.56885],[6.77213,49.56913],[6.77469,49.56952],[6.77816,49.57022],[6.78173,49.57253],[6.78712,49.57622],[6.7898,49.57988],[6.79323,49.58138],[6.79821,49.58635],[6.80093,49.58662],[6.80166,49.58807],[6.80573,49.58922],[6.80957,49.59061],[6.81186,49.59126],[6.81344,49.592],[6.81689,49.59035],[6.81977,49.58869],[6.82116,49.58749],[6.8223,49.58636],[6.82426,49.58841],[6.82646,49.58708],[6.83289,49.58428],[6.83542,49.58293],[6.83949,49.58732],[6.83912,49.59264],[6.8464,49.59057],[6.85747,49.60484],[6.86415,49.60787],[6.8706,49.60789],[6.87892,49.6019],[6.88245,49.6076],[6.88969,49.60706],[6.88619,49.61176],[6.89145,49.61342],[6.89297,49.61611],[6.90459,49.61433],[6.91985,49.61648],[6.92834,49.61257],[6.93013,49.61408],[6.92827,49.61754],[6.93247,49.61695],[6.9352,49.61656],[6.93509,49.61943],[6.93634,49.62526],[6.93276,49.63103],[6.94668,49.63539],[6.94945,49.62683],[6.952,49.62566],[6.95795,49.62985],[6.96686,49.6309],[6.97649,49.6354],[6.97983,49.63299],[6.98865,49.63352],[6.99153,49.63547],[6.99103,49.62748],[7.00102,49.63088],[7.00302,49.63144],[7.00521,49.63076],[7.00831,49.62948],[7.0124,49.62836],[7.0171,49.63103],[7.02002,49.63293],[7.0263,49.63848],[7.02798,49.63944],[7.05981,49.62982]]]]},"properties":{"code":"DEC","nom":"Saarland","country":"DE"}},{"type":"Feature","geometry":{"type":"MultiPolygon","coordinates":[[[[13.73262,52.41391],[13.73875,52.40732],[13.73186,52.40062],[13.71558,52.39889],[13.70163,52.39203],[13.68767,52.38517],[13.69773,52.38107],[13.69974,52.37788],[13.69901,52.37439],[13.69138,52.36797],[13.67947,52.36889],[13.67054,52.36561],[13.65725,52.35129],[13.65172,52.33946],[13.6431,52.34005],[13.63687,52.34639],[13.63871,52.35959],[13.64695,52.36873],[13.64227,52.37159],[13.64267,52.37679],[13.6335,52.37681],[13.62772,52.38121],[13.60696,52.37498],[13.60563,52.37771],[13.60502,52.38087],[13.5958,52.38684],[13.59193,52.39359],[13.56512,52.38845],[13.54062,52.38889],[13.5357,52.39011],[13.53599,52.39973],[13.5284,52.3988],[13.51561,52.40137],[13.48062,52.39649],[13.47125,52.41391],[13.46898,52.41814],[13.46245,52.42032],[13.43683,52.41391],[13.4193,52.40953],[13.42728,52.38679],[13.42098,52.37625],[13.39611,52.37758],[13.38852,52.37797],[13.38671,52.38802],[13.37146,52.38877],[13.37098,52.394],[13.35052,52.40319],[13.34395,52.40735],[13.34244,52.41099],[13.31193,52.39919],[13.2973,52.41391],[13.29547,52.41576],[13.29183,52.41391],[13.27542,52.40558],[13.25648,52.40635],[13.24984,52.40496],[13.24718,52.41391],[13.24527,52.42033],[13.2226,52.42016],[13.19441,52.41465],[13.19229,52.41391],[13.16023,52.40288],[13.15897,52.39674],[13.17136,52.39776],[13.1659,52.39428],[13.14236,52.39594],[13.13099,52.38749],[13.12755,52.3905],[13.13684,52.3947],[13.13494,52.39868],[13.12452,52.39737],[13.10922,52.40673],[13.11121,52.41253],[13.10327,52.41094],[13.09887,52.41229],[13.09558,52.41009],[13.0908,52.41235],[13.09028,52.41391],[13.08882,52.4183],[13.09911,52.42456],[13.10438,52.42462],[13.10823,52.4268],[13.11015,52.42789],[13.11329,52.43316],[13.12195,52.43842],[13.11001,52.45048],[13.11125,52.46598],[13.11838,52.47858],[13.12663,52.48133],[13.1537,52.50182],[13.16494,52.50925],[13.16395,52.51103],[13.14256,52.51933],[13.11798,52.51767],[13.12511,52.5438],[13.13059,52.55484],[13.14136,52.55233],[13.14614,52.55409],[13.14664,52.56181],[13.15291,52.57384],[13.14964,52.58258],[13.13311,52.58006],[13.12865,52.58372],[13.12899,52.58744],[13.14493,52.59009],[13.15652,52.59714],[13.16426,52.5989],[13.20486,52.58739],[13.21686,52.58796],[13.21784,52.59268],[13.20452,52.60235],[13.20234,52.60651],[13.21741,52.62102],[13.22107,52.62758],[13.23833,52.62779],[13.26388,52.6276],[13.26306,52.64024],[13.28216,52.64203],[13.28342,52.66021],[13.30627,52.65916],[13.31003,52.65738],[13.30126,52.65316],[13.30926,52.64314],[13.30472,52.6365],[13.30684,52.62829],[13.33626,52.62327],[13.34461,52.62477],[13.35778,52.62343],[13.37357,52.62842],[13.3765,52.63265],[13.38849,52.63814],[13.39611,52.64804],[13.39854,52.64819],[13.40661,52.64302],[13.41318,52.64289],[13.42356,52.63632],[13.43247,52.6381],[13.4345,52.64372],[13.44199,52.64908],[13.45103,52.65008],[13.45981,52.64846],[13.4724,52.65354],[13.47292,52.65636],[13.46241,52.65774],[13.45192,52.66308],[13.45905,52.66827],[13.46605,52.66774],[13.4748,52.67413],[13.47879,52.67345],[13.47587,52.66726],[13.48764,52.66981],[13.48574,52.65952],[13.49011,52.65539],[13.51153,52.64631],[13.51845,52.64689],[13.52267,52.6446],[13.51806,52.63067],[13.50649,52.62566],[13.50022,52.61379],[13.49738,52.60586],[13.50812,52.59283],[13.52761,52.5921],[13.55508,52.58438],[13.56776,52.57404],[13.57543,52.5732],[13.58203,52.56973],[13.58705,52.55578],[13.58638,52.54868],[13.61083,52.54424],[13.63425,52.54135],[13.62692,52.53691],[13.62697,52.53054],[13.6569,52.52987],[13.65857,52.52581],[13.64333,52.51885],[13.63305,52.51133],[13.62544,52.49617],[13.62971,52.49351],[13.61537,52.48084],[13.61538,52.47442],[13.61254,52.47105],[13.62441,52.46867],[13.62652,52.47326],[13.64199,52.47923],[13.66698,52.47417],[13.68255,52.46677],[13.69539,52.46321],[13.70163,52.45551],[13.7049,52.4571],[13.70376,52.46626],[13.71555,52.46184],[13.72064,52.45658],[13.7292,52.45099],[13.75317,52.44722],[13.76002,52.43735],[13.75359,52.43717],[13.75352,52.44092],[13.75089,52.44124],[13.74501,52.43839],[13.74278,52.43462],[13.7383,52.43343],[13.74115,52.42788],[13.73962,52.4268],[13.73265,52.42192],[13.72987,52.41687],[13.73262,52.41391]]]]},"properties":{"code":"DE3","nom":"Berlin","country":"DE"}},{"type":"Feature","geometry":{"type":"MultiPolygon","coordinates":[[[[8.54065,53.21503],[8.55367,53.20842],[8.56547,53.21294],[8.57263,53.21156],[8.5796,53.21691],[8.59762,53.21276],[8.59614,53.20697],[8.58201,53.19989],[8.58398,53.1961],[8.58066,53.19214],[8.58982,53.18919],[8.59421,53.18391],[8.60737,53.18811],[8.61024,53.19204],[8.6279,53.19776],[8.63558,53.19518],[8.63772,53.19326],[8.6407,53.1906],[8.65293,53.18764],[8.65973,53.1777],[8.66586,53.17663],[8.67471,53.17892],[8.67714,53.17573],[8.6996,53.18399],[8.70225,53.17786],[8.70685,53.17601],[8.71387,53.18205],[8.71701,53.18246],[8.72754,53.18025],[8.7326,53.17382],[8.74238,53.17159],[8.74245,53.1648],[8.76187,53.16464],[8.77471,53.15907],[8.7814,53.16341],[8.78919,53.1616],[8.80129,53.16162],[8.82843,53.1636],[8.82881,53.16087],[8.84008,53.15627],[8.84245,53.14845],[8.85375,53.14269],[8.85673,53.13976],[8.86407,53.13253],[8.89684,53.13434],[8.90461,53.13765],[8.90611,53.13674],[8.91201,53.13316],[8.92104,53.14025],[8.92246,53.14495],[8.93772,53.15135],[8.94381,53.15188],[8.9565,53.14688],[8.96959,53.13502],[8.98038,53.13098],[8.98419,53.12607],[8.94813,53.11585],[8.95889,53.10976],[8.96347,53.10076],[8.97193,53.1011],[8.98231,53.09678],[8.98804,53.09788],[8.99078,53.09663],[8.96646,53.08994],[8.96221,53.08561],[8.965,53.08236],[8.96574,53.06804],[8.9615,53.06552],[8.96353,53.05824],[8.97711,53.05052],[8.97926,53.04585],[8.96794,53.03765],[8.94761,53.0308],[8.94516,53.02505],[8.93841,53.02429],[8.93543,53.01423],[8.92255,53.01429],[8.91583,53.01102],[8.90611,53.01299],[8.89274,53.0157],[8.86528,53.03668],[8.86337,53.03473],[8.86682,53.02504],[8.86233,53.02167],[8.85673,53.02021],[8.85115,53.01875],[8.84718,53.02159],[8.83636,53.01958],[8.81845,53.02255],[8.80926,53.03062],[8.80129,53.0334],[8.77904,53.03967],[8.77277,53.04575],[8.77022,53.05268],[8.76295,53.05086],[8.76266,53.04659],[8.75588,53.0428],[8.75551,53.03898],[8.74316,53.04038],[8.73237,53.03529],[8.71142,53.04463],[8.70774,53.05208],[8.71027,53.0689],[8.70845,53.07625],[8.69919,53.08265],[8.67199,53.088],[8.66538,53.09414],[8.66877,53.10302],[8.6549,53.10886],[8.65682,53.11785],[8.65151,53.11755],[8.65068,53.12221],[8.63772,53.13288],[8.63095,53.13845],[8.62052,53.16655],[8.60954,53.17049],[8.57349,53.17605],[8.53353,53.1874],[8.51627,53.19711],[8.5072,53.19953],[8.48437,53.22259],[8.48263,53.22358],[8.48174,53.22645],[8.48533,53.22712],[8.5168,53.22798],[8.53026,53.21662],[8.54065,53.21503]]],[[[8.53532,53.60715],[8.55874,53.60346],[8.59285,53.59343],[8.60266,53.59625],[8.61326,53.60287],[8.62261,53.6051],[8.63772,53.60373],[8.65063,53.60256],[8.63925,53.59554],[8.64139,53.59195],[8.63772,53.58948],[8.62926,53.58369],[8.62645,53.57986],[8.61934,53.57836],[8.61756,53.57581],[8.61852,53.57443],[8.63104,53.55635],[8.63772,53.55415],[8.64577,53.55466],[8.64457,53.54242],[8.63895,53.53414],[8.63953,53.52745],[8.65128,53.51631],[8.6495,53.51086],[8.63942,53.5066],[8.63786,53.50322],[8.63152,53.50073],[8.61887,53.48954],[8.60558,53.48489],[8.56889,53.48738],[8.53186,53.48035],[8.51951,53.47561],[8.51191,53.47588],[8.50434,53.47183],[8.49265,53.47242],[8.50114,53.48985],[8.50922,53.49773],[8.52682,53.5066],[8.53058,53.50849],[8.55099,53.51572],[8.54756,53.52128],[8.5549,53.52513],[8.55848,53.53102],[8.55485,53.53612],[8.53717,53.55038],[8.5042,53.57192],[8.50241,53.57443],[8.48434,53.59978],[8.52041,53.6062],[8.5261,53.60462],[8.53532,53.60715]]],[[[8.65979,53.60586],[8.65675,53.60319],[8.65184,53.604],[8.64485,53.60535],[8.64381,53.60969],[8.65265,53.60981],[8.65961,53.60743],[8.65979,53.60586]]],[[[8.61748,53.19692],[8.61573,53.19527],[8.61083,53.19754],[8.61251,53.19921],[8.61748,53.19692]]]]},"properties":{"code":"DE5","nom":"Bremen","country":"DE"}},{"type":"Feature","geometry":{"type":"MultiPolygon","coordinates":[[[[9.90803,53.65272],[9.91991,53.6549],[9.93415,53.65226],[9.94538,53.65293],[9.95059,53.65084],[9.9784,53.64877],[9.98633,53.64821],[9.9879,53.64877],[9.98979,53.65052],[9.99114,53.67216],[9.99773,53.6806],[10.03888,53.68189],[10.05072,53.67741],[10.06725,53.67934],[10.0666,53.68445],[10.06126,53.68772],[10.06558,53.68968],[10.07143,53.69702],[10.07379,53.69877],[10.07751,53.69975],[10.07654,53.70107],[10.0791,53.70416],[10.06963,53.70624],[10.07281,53.70963],[10.07071,53.71156],[10.07798,53.71282],[10.07754,53.71626],[10.08315,53.72015],[10.09355,53.71912],[10.10586,53.7148],[10.11471,53.71552],[10.12046,53.71372],[10.12775,53.72018],[10.13872,53.72502],[10.14539,53.72545],[10.16061,53.73329],[10.16326,53.73756],[10.16824,53.73824],[10.19318,53.73011],[10.19096,53.72194],[10.18334,53.71155],[10.1813,53.70976],[10.17781,53.71006],[10.17373,53.71231],[10.16898,53.71165],[10.16721,53.70841],[10.15814,53.70486],[10.16054,53.69948],[10.15915,53.69112],[10.15133,53.68257],[10.14107,53.67935],[10.14361,53.67612],[10.15483,53.67433],[10.15709,53.66974],[10.16179,53.67042],[10.16784,53.66808],[10.17168,53.66896],[10.1752,53.66419],[10.18321,53.66303],[10.18845,53.65664],[10.19503,53.65422],[10.19709,53.64877],[10.19807,53.6462],[10.19091,53.63826],[10.22176,53.63372],[10.21564,53.62531],[10.20678,53.62356],[10.18983,53.61304],[10.19466,53.60814],[10.19643,53.60049],[10.19248,53.59407],[10.20145,53.58408],[10.19861,53.58286],[10.19372,53.58449],[10.16768,53.58272],[10.16149,53.58482],[10.15264,53.57705],[10.14985,53.57074],[10.14789,53.5663],[10.14983,53.56214],[10.15709,53.56014],[10.1598,53.55604],[10.15316,53.55034],[10.1517,53.54566],[10.15576,53.53707],[10.16651,53.53653],[10.16209,53.5258],[10.1639,53.52077],[10.18726,53.51311],[10.19996,53.51443],[10.2106,53.52005],[10.22195,53.5066],[10.22309,53.50525],[10.21948,53.49924],[10.22613,53.49582],[10.23668,53.49635],[10.2355,53.49149],[10.23856,53.48385],[10.2493,53.47954],[10.26442,53.47441],[10.26593,53.4701],[10.27181,53.46761],[10.27086,53.46374],[10.28991,53.45534],[10.29757,53.45092],[10.29683,53.44764],[10.30356,53.44309],[10.30785,53.44362],[10.31223,53.45181],[10.32596,53.44964],[10.31558,53.44087],[10.318,53.43599],[10.30795,53.4332],[10.28485,53.42467],[10.26004,53.41852],[10.25397,53.41413],[10.24324,53.39946],[10.23089,53.39516],[10.19794,53.39834],[10.18101,53.39651],[10.17059,53.39771],[10.15311,53.40674],[10.14534,53.41596],[10.13351,53.42286],[10.1183,53.42405],[10.10749,53.4274],[10.09578,53.44178],[10.0863,53.44911],[10.05198,53.4633],[10.04285,53.45719],[10.04279,53.45199],[10.04814,53.44993],[10.04702,53.44792],[10.03638,53.44672],[10.03162,53.44435],[10.0198,53.44589],[10.01586,53.44202],[10.02571,53.43785],[10.02785,53.43468],[10.01838,53.42958],[9.99665,53.42549],[9.99328,53.42103],[9.98382,53.41566],[9.97596,53.41512],[9.97696,53.41924],[9.97449,53.42187],[9.9708,53.42333],[9.9635,53.42288],[9.96193,53.42746],[9.95043,53.43045],[9.94211,53.42167],[9.93089,53.42086],[9.92794,53.41918],[9.9158,53.41489],[9.90845,53.41636],[9.91496,53.42422],[9.92031,53.43717],[9.91329,53.44808],[9.90803,53.45226],[9.90336,53.45598],[9.89468,53.45595],[9.87502,53.44363],[9.86922,53.44382],[9.8618,53.43914],[9.86239,53.42988],[9.85458,53.43661],[9.83578,53.45138],[9.81508,53.46161],[9.80791,53.46327],[9.80046,53.47009],[9.80179,53.49271],[9.79269,53.49367],[9.78321,53.49212],[9.78358,53.5],[9.76886,53.50528],[9.76743,53.5066],[9.76431,53.50948],[9.76895,53.51935],[9.7719,53.52207],[9.77578,53.5188],[9.77788,53.51974],[9.76617,53.54034],[9.77233,53.54449],[9.77381,53.55372],[9.7301,53.55758],[9.7351,53.57074],[9.73733,53.57662],[9.74156,53.57863],[9.7371,53.58159],[9.74663,53.59092],[9.74408,53.59813],[9.74847,53.60327],[9.75605,53.60383],[9.75851,53.61022],[9.75441,53.61347],[9.758,53.61812],[9.76013,53.62448],[9.76347,53.62492],[9.76367,53.62749],[9.77029,53.62746],[9.77139,53.6163],[9.79148,53.60958],[9.79494,53.61005],[9.79737,53.60715],[9.79096,53.60408],[9.79226,53.6011],[9.80029,53.59483],[9.81991,53.5855],[9.82616,53.58487],[9.83541,53.5876],[9.84042,53.59456],[9.85458,53.59839],[9.8581,53.59959],[9.85795,53.60219],[9.86106,53.60484],[9.86192,53.60722],[9.86802,53.60935],[9.87239,53.61542],[9.87502,53.61682],[9.88385,53.62154],[9.89692,53.63487],[9.90461,53.64259],[9.90595,53.64877],[9.90675,53.65249],[9.90803,53.65272]]],[[[8.48654,53.91463],[8.48665,53.91805],[8.48941,53.92657],[8.49263,53.93012],[8.49861,53.93174],[8.50469,53.92855],[8.51308,53.92537],[8.51702,53.92282],[8.51721,53.92056],[8.51476,53.91762],[8.50647,53.91449],[8.49875,53.91247],[8.48742,53.91369],[8.48654,53.91463]]],[[[8.42032,53.94741],[8.42154,53.95194],[8.42385,53.95567],[8.42609,53.95737],[8.43096,53.95887],[8.43788,53.95745],[8.44066,53.95838],[8.43505,53.96009],[8.43574,53.96238],[8.44038,53.96413],[8.44604,53.96378],[8.45096,53.9611],[8.44868,53.95633],[8.44549,53.95461],[8.44315,53.95088],[8.44072,53.94893],[8.43881,53.94542],[8.43205,53.94351],[8.42529,53.94299],[8.42154,53.94469],[8.42032,53.94741]]]]},"properties":{"code":"DE6","nom":"Hamburg","country":"DE"}}]}