{"type":"FeatureCollection","features":[{"type":"Feature","geometry":{"type":"MultiPolygon","coordinates":[[[[12.3288,46.0824],[12.33992,46.07821],[12.34998,46.07845],[12.35463,46.07578],[12.3619,46.07161],[12.36671,46.07555],[12.37298,46.07582],[12.37791,46.07214],[12.38971,46.07154],[12.38833,46.06339],[12.39884,46.062],[12.40072,46.05797],[12.40339,46.04579],[12.40053,46.042],[12.41486,46.02707],[12.41496,46.01999],[12.41902,46.008],[12.42828,45.99414],[12.42653,45.96792],[12.42301,45.95625],[12.42612,45.94837],[12.43322,45.94561],[12.44381,45.94717],[12.44997,45.94504],[12.45571,45.9461],[12.45702,45.94327],[12.46311,45.94053],[12.46536,45.93305],[12.47828,45.92714],[12.48636,45.9258],[12.50459,45.92335],[12.50995,45.9091],[12.51589,45.90466],[12.52326,45.90311],[12.5083,45.89743],[12.52243,45.88642],[12.5325,45.88449],[12.53577,45.86936],[12.53112,45.86308],[12.54963,45.8607],[12.55236,45.85528],[12.55089,45.85008],[12.55858,45.84568],[12.54994,45.8395],[12.55519,45.83664],[12.55501,45.83015],[12.55855,45.82716],[12.56233,45.82688],[12.56643,45.83015],[12.56881,45.82706],[12.57289,45.82438],[12.58043,45.82474],[12.58994,45.81534],[12.59438,45.81596],[12.59313,45.81974],[12.59741,45.82215],[12.59508,45.83092],[12.60547,45.837],[12.61785,45.82894],[12.63024,45.82943],[12.63432,45.8185],[12.6382,45.81893],[12.64628,45.81983],[12.6485,45.81242],[12.65403,45.80949],[12.65046,45.80217],[12.66167,45.79244],[12.6567,45.79134],[12.6558,45.77833],[12.66847,45.77091],[12.66766,45.76918],[12.66411,45.76158],[12.6612,45.75217],[12.65486,45.752],[12.64772,45.74735],[12.65734,45.74136],[12.66155,45.74295],[12.6639,45.74824],[12.6662,45.74766],[12.66967,45.74402],[12.66446,45.73904],[12.67269,45.73638],[12.67424,45.73272],[12.67269,45.72919],[12.67085,45.72282],[12.67269,45.72083],[12.67269,45.71929],[12.67122,45.71746],[12.67269,45.71537],[12.67547,45.71433],[12.6806,45.71766],[12.68505,45.71299],[12.67721,45.70524],[12.67269,45.70537],[12.65807,45.70934],[12.64228,45.69907],[12.6382,45.6995],[12.63285,45.70007],[12.62887,45.69603],[12.61688,45.69509],[12.60934,45.68848],[12.60981,45.68491],[12.60248,45.68007],[12.59117,45.69034],[12.57519,45.69717],[12.57059,45.69381],[12.56586,45.6906],[12.5574,45.68463],[12.55184,45.68516],[12.54429,45.68142],[12.52399,45.679],[12.51887,45.68849],[12.50397,45.68757],[12.50456,45.68357],[12.49526,45.67388],[12.50491,45.66542],[12.48831,45.6614],[12.48706,45.65707],[12.48872,45.64979],[12.48475,45.64302],[12.48568,45.63964],[12.47913,45.64224],[12.46329,45.63877],[12.46081,45.64251],[12.44849,45.63898],[12.43776,45.63968],[12.43849,45.63468],[12.4341,45.62644],[12.42756,45.62644],[12.42452,45.62153],[12.44317,45.60327],[12.43801,45.59059],[12.44356,45.58445],[12.44451,45.57867],[12.45313,45.57185],[12.43972,45.55995],[12.43546,45.56266],[12.42276,45.56207],[12.41657,45.56716],[12.40706,45.5644],[12.39717,45.56937],[12.38787,45.56939],[12.38103,45.57762],[12.37025,45.58309],[12.36222,45.58356],[12.35761,45.58995],[12.35463,45.58877],[12.35239,45.58788],[12.34346,45.57437],[12.33535,45.56184],[12.3192,45.57076],[12.29434,45.57413],[12.29162,45.56917],[12.28069,45.56772],[12.27528,45.56119],[12.27539,45.55696],[12.28161,45.55375],[12.28042,45.54614],[12.27626,45.54327],[12.27974,45.53575],[12.27425,45.5362],[12.27014,45.53292],[12.25816,45.53361],[12.24606,45.53089],[12.23404,45.53826],[12.21384,45.53782],[12.20529,45.54235],[12.20389,45.54851],[12.20761,45.55189],[12.21164,45.56359],[12.20954,45.57043],[12.19532,45.57361],[12.19097,45.58309],[12.18536,45.5849],[12.18311,45.58147],[12.17607,45.58072],[12.17528,45.577],[12.16711,45.57721],[12.16322,45.57479],[12.16077,45.58399],[12.1513,45.58629],[12.14765,45.58425],[12.14522,45.58518],[12.14444,45.59435],[12.1252,45.59785],[12.12136,45.60935],[12.11153,45.61401],[12.10857,45.61301],[12.10836,45.6041],[12.09766,45.60373],[12.09248,45.59833],[12.08721,45.60096],[12.08812,45.61499],[12.08307,45.6184],[12.08685,45.62346],[12.07838,45.62565],[12.07418,45.64167],[12.06838,45.63774],[12.0603,45.63832],[12.04962,45.64516],[12.02941,45.64774],[12.01596,45.64605],[12.00651,45.64211],[12.00422,45.63317],[12.00558,45.62335],[11.99183,45.62295],[11.98142,45.62264],[11.97546,45.61506],[11.96674,45.61259],[11.96519,45.60794],[11.95295,45.61213],[11.94674,45.61523],[11.94012,45.61398],[11.92759,45.61898],[11.92047,45.62131],[11.91459,45.61916],[11.90715,45.62575],[11.90041,45.62746],[11.90135,45.61791],[11.89814,45.61309],[11.89039,45.62527],[11.89023,45.632],[11.89291,45.63446],[11.88324,45.66133],[11.88007,45.66541],[11.87,45.66642],[11.86799,45.66875],[11.84405,45.68218],[11.83929,45.68295],[11.83851,45.67906],[11.82293,45.68638],[11.82167,45.68718],[11.81589,45.69449],[11.82336,45.70636],[11.81973,45.72406],[11.8141,45.74335],[11.8312,45.74051],[11.83536,45.74904],[11.83077,45.7547],[11.83182,45.75931],[11.82555,45.76626],[11.82589,45.76918],[11.82608,45.77085],[11.81819,45.78673],[11.80981,45.79237],[11.80997,45.79726],[11.80327,45.79996],[11.79205,45.79988],[11.77923,45.79188],[11.77517,45.79519],[11.76101,45.80672],[11.75203,45.81744],[11.75077,45.82389],[11.75899,45.83862],[11.75619,45.8439],[11.74953,45.84633],[11.74577,45.84879],[11.7446,45.84979],[11.74365,45.85456],[11.74577,45.85531],[11.76087,45.85837],[11.76665,45.86931],[11.77517,45.86852],[11.77849,45.86821],[11.79923,45.87196],[11.79911,45.87347],[11.79921,45.87489],[11.79983,45.87632],[11.7996,45.88056],[11.81018,45.88846],[11.82534,45.9081],[11.8382,45.90153],[11.84558,45.89543],[11.84718,45.88468],[11.85945,45.88381],[11.86923,45.88075],[11.9009,45.88913],[11.91334,45.88916],[11.9298,45.89374],[11.94028,45.89319],[11.94924,45.89534],[11.95056,45.89579],[11.9459,45.90806],[11.94444,45.91276],[11.9483,45.92128],[11.94567,45.92777],[11.95103,45.94327],[11.95295,45.94884],[11.96173,45.95437],[11.989,45.96057],[11.99183,45.96248],[11.99774,45.96647],[12.00285,45.96662],[12.00377,45.96815],[12.01924,45.96272],[12.02455,45.97107],[12.03275,45.97362],[12.03972,45.96919],[12.04548,45.96433],[12.04752,45.96196],[12.04937,45.9612],[12.05368,45.96421],[12.06112,45.96176],[12.07698,45.97184],[12.07816,45.97653],[12.09413,45.98199],[12.10252,45.98855],[12.10401,45.99773],[12.11003,46.00251],[12.12037,46.00359],[12.13938,45.99984],[12.14563,46.00239],[12.15427,46.00136],[12.15719,46.00375],[12.16777,46.00578],[12.16688,46.01357],[12.17909,46.01342],[12.18807,46.00883],[12.19089,46.00462],[12.22477,46.01408],[12.22955,46.01523],[12.23994,46.02428],[12.25098,46.02775],[12.25395,46.02879],[12.25492,46.03648],[12.27569,46.0452],[12.28319,46.05637],[12.29094,46.06196],[12.3028,46.07635],[12.31774,46.08116],[12.3288,46.0824]]]]},"properties":{"code":"ITH34","nom":"Treviso","country":"IT"}},{"type":"Feature","geometry":{"type":"MultiPolygon","coordinates":[[[[9.5888,40.70344],[9.60326,40.69722],[9.62504,40.69875],[9.64677,40.69323],[9.65047,40.6923],[9.67105,40.66699],[9.68356,40.65806],[9.68238,40.66874],[9.69258,40.67872],[9.6974,40.67964],[9.70469,40.67611],[9.7098,40.67672],[9.71233,40.67384],[9.71675,40.67562],[9.72783,40.6735],[9.73031,40.67116],[9.73525,40.67193],[9.73729,40.66224],[9.74937,40.6581],[9.74923,40.65515],[9.74369,40.64874],[9.74173,40.63398],[9.7442,40.62404],[9.75251,40.61515],[9.75094,40.61266],[9.75308,40.59921],[9.7596,40.59062],[9.7697,40.58297],[9.78104,40.58043],[9.78929,40.57169],[9.79507,40.54569],[9.79787,40.54425],[9.82777,40.52881],[9.82692,40.51554],[9.82674,40.51279],[9.82052,40.49467],[9.80889,40.4736],[9.79787,40.45141],[9.79418,40.44397],[9.78307,40.43844],[9.77281,40.42508],[9.77288,40.40749],[9.76693,40.39944],[9.76584,40.39218],[9.75462,40.38196],[9.74223,40.38083],[9.72144,40.36921],[9.69658,40.3497],[9.67763,40.33097],[9.67641,40.32548],[9.66537,40.31913],[9.65474,40.30214],[9.64677,40.29275],[9.6318,40.2751],[9.6233,40.24809],[9.62653,40.22488],[9.62594,40.20758],[9.62647,40.20525],[9.63041,40.18789],[9.63568,40.17854],[9.64376,40.17299],[9.65299,40.15611],[9.65373,40.14707],[9.65401,40.14367],[9.67885,40.12243],[9.68817,40.10946],[9.72891,40.09054],[9.7336,40.08557],[9.73442,40.07551],[9.72822,40.07027],[9.7212,40.04917],[9.70624,40.03413],[9.70606,40.0275],[9.70032,40.01801],[9.70019,40.01606],[9.6991,40.00028],[9.688,39.98522],[9.68491,39.96117],[9.6868,39.94893],[9.69272,39.94086],[9.69978,39.9366],[9.7118,39.9387],[9.7158,39.93082],[9.71222,39.92251],[9.70609,39.92359],[9.70344,39.91916],[9.69429,39.91918],[9.68457,39.90788],[9.68118,39.88754],[9.68512,39.8657],[9.69264,39.86067],[9.69612,39.85231],[9.68431,39.83967],[9.67127,39.79469],[9.66836,39.77007],[9.67321,39.75429],[9.67547,39.72615],[9.67657,39.71184],[9.67134,39.70679],[9.6703,39.70186],[9.66025,39.6972],[9.66332,39.68216],[9.65945,39.66801],[9.65373,39.66504],[9.65212,39.66421],[9.64908,39.65832],[9.64806,39.64489],[9.65158,39.6338],[9.65373,39.61827],[9.65399,39.61639],[9.65479,39.61058],[9.65757,39.57936],[9.65373,39.5694],[9.65051,39.56104],[9.65112,39.54932],[9.59393,39.57382],[9.55387,39.57415],[9.54909,39.5766],[9.54459,39.5843],[9.53478,39.58833],[9.52472,39.58902],[9.52296,39.59601],[9.52296,39.59823],[9.52614,39.60273],[9.52296,39.60325],[9.51177,39.60764],[9.5129,39.6114],[9.50857,39.61639],[9.507,39.6182],[9.50834,39.62805],[9.50121,39.61991],[9.48812,39.61689],[9.47207,39.63357],[9.46041,39.63997],[9.43987,39.64123],[9.43393,39.62707],[9.42573,39.62411],[9.41673,39.61719],[9.41873,39.62675],[9.40685,39.63716],[9.40608,39.64304],[9.39788,39.65229],[9.39681,39.66233],[9.39788,39.66963],[9.40133,39.6726],[9.40178,39.68622],[9.4045,39.6939],[9.40172,39.69617],[9.39877,39.70439],[9.39173,39.70799],[9.39338,39.71367],[9.38734,39.71293],[9.38622,39.71475],[9.38624,39.72509],[9.39678,39.73426],[9.4,39.73364],[9.40245,39.74306],[9.3996,39.74633],[9.40166,39.74924],[9.40827,39.75093],[9.41075,39.74847],[9.41372,39.75046],[9.40574,39.75718],[9.40694,39.76072],[9.40436,39.76467],[9.40007,39.76623],[9.39466,39.77517],[9.39065,39.77812],[9.38426,39.77844],[9.37054,39.79603],[9.36279,39.80223],[9.36155,39.81328],[9.37335,39.81804],[9.37719,39.82176],[9.37625,39.82907],[9.37853,39.8309],[9.37059,39.83216],[9.37046,39.84097],[9.39113,39.84416],[9.39753,39.84207],[9.40564,39.8491],[9.40607,39.86565],[9.40957,39.87104],[9.41371,39.8727],[9.41404,39.87879],[9.41704,39.88371],[9.41142,39.89355],[9.38517,39.91648],[9.38018,39.91756],[9.3764,39.91634],[9.37804,39.91032],[9.37333,39.91039],[9.36868,39.91473],[9.36752,39.91223],[9.37161,39.90835],[9.36869,39.90548],[9.35497,39.90347],[9.34557,39.9118],[9.33525,39.9092],[9.32911,39.91094],[9.32472,39.9096],[9.31254,39.9145],[9.30142,39.91266],[9.29626,39.9154],[9.29264,39.91352],[9.28911,39.91839],[9.28377,39.9115],[9.28198,39.91729],[9.2804,39.9174],[9.27449,39.9142],[9.26783,39.916],[9.26074,39.9145],[9.25501,39.91851],[9.24486,39.91734],[9.23377,39.91179],[9.2282,39.9054],[9.21303,39.91471],[9.21066,39.90547],[9.20387,39.90707],[9.20066,39.90573],[9.19885,39.89827],[9.18871,39.89145],[9.1914,39.88775],[9.18932,39.87982],[9.19455,39.87619],[9.19434,39.86718],[9.18806,39.86691],[9.18554,39.85131],[9.19805,39.84475],[9.20022,39.82632],[9.18203,39.82753],[9.16561,39.83256],[9.17128,39.85239],[9.15877,39.85728],[9.12885,39.88852],[9.126,39.89045],[9.1216,39.88864],[9.10899,39.88173],[9.10695,39.87718],[9.1088,39.87138],[9.10545,39.86974],[9.09991,39.87279],[9.09126,39.88332],[9.08134,39.88705],[9.0761,39.89223],[9.04943,39.90148],[9.0379,39.91224],[8.99853,39.91763],[8.9881,39.9148],[8.98454,39.91808],[8.99084,39.93391],[8.99428,39.93654],[8.98958,39.94349],[8.99659,39.94853],[8.9947,39.95877],[9.00004,39.96122],[9.004,39.96857],[9.01795,39.98031],[9.01181,39.9896],[9.00606,39.9921],[8.99343,39.98726],[8.98701,39.98899],[8.98012,39.98793],[8.96416,39.99008],[8.9533,39.99643],[8.94566,40.0132],[8.9462,40.01606],[8.94765,40.0239],[8.96468,40.03783],[8.96719,40.04551],[8.99008,40.05734],[9.00433,40.05515],[9.01068,40.04737],[9.02659,40.03767],[9.04526,40.05954],[9.03659,40.06486],[9.03508,40.09496],[9.02799,40.10265],[9.01691,40.12092],[9.01686,40.12627],[9.00243,40.13442],[9.01014,40.13719],[9.01772,40.14577],[9.01875,40.15547],[9.01191,40.17035],[8.99911,40.17677],[8.99957,40.18265],[9.01734,40.19374],[9.00996,40.20024],[8.99885,40.20525],[8.99224,40.20823],[8.99167,40.21424],[8.98019,40.21749],[8.95966,40.21279],[8.9056,40.20799],[8.89345,40.20823],[8.85878,40.21051],[8.85673,40.21029],[8.84732,40.20928],[8.83385,40.20525],[8.823,40.19969],[8.78205,40.18981],[8.76526,40.1964],[8.74129,40.18061],[8.74529,40.19349],[8.74291,40.20028],[8.72968,40.20489],[8.72332,40.20525],[8.71879,40.20551],[8.70861,40.21384],[8.69109,40.21069],[8.68355,40.20525],[8.68125,40.20359],[8.67272,40.20438],[8.66885,40.2249],[8.66772,40.24965],[8.63772,40.26027],[8.62662,40.2642],[8.62507,40.26893],[8.61649,40.27321],[8.62378,40.28191],[8.61875,40.28441],[8.61467,40.29115],[8.61781,40.30364],[8.6117,40.3091],[8.61594,40.31715],[8.62031,40.31898],[8.62276,40.31478],[8.63679,40.31014],[8.63772,40.30734],[8.64029,40.29966],[8.64429,40.29773],[8.64933,40.29975],[8.65992,40.31038],[8.67613,40.31265],[8.68749,40.32343],[8.69059,40.32963],[8.69858,40.33078],[8.70362,40.33112],[8.70759,40.33646],[8.71167,40.34193],[8.71743,40.34384],[8.72644,40.34281],[8.7384,40.35342],[8.74703,40.35428],[8.75326,40.35003],[8.7582,40.35029],[8.7655,40.35203],[8.78036,40.35004],[8.78836,40.35738],[8.8119,40.36561],[8.8166,40.37531],[8.81637,40.40725],[8.82783,40.41188],[8.84184,40.40752],[8.85277,40.40712],[8.85621,40.40182],[8.85673,40.39269],[8.86399,40.38982],[8.87726,40.39282],[8.89803,40.40575],[8.90006,40.4007],[8.89817,40.39284],[8.90111,40.38854],[8.90611,40.38528],[8.91242,40.38117],[8.94881,40.36787],[8.96819,40.34672],[8.97982,40.34009],[8.9823,40.33249],[8.99009,40.32444],[9.00569,40.31538],[9.02802,40.2966],[9.02761,40.30012],[9.03474,40.30416],[9.04286,40.31406],[9.03968,40.32065],[9.04173,40.32552],[9.04883,40.32732],[9.06087,40.33623],[9.08308,40.34097],[9.10351,40.34893],[9.11363,40.35344],[9.11788,40.35861],[9.14233,40.36247],[9.14806,40.36545],[9.14923,40.36565],[9.1614,40.36852],[9.17074,40.3718],[9.18322,40.37123],[9.18863,40.38988],[9.19898,40.39636],[9.20589,40.40407],[9.22549,40.4106],[9.22745,40.42764],[9.24966,40.45769],[9.24769,40.46191],[9.2532,40.46688],[9.27545,40.46982],[9.27881,40.47487],[9.28452,40.47654],[9.28221,40.49073],[9.2774,40.49879],[9.27884,40.51082],[9.25639,40.51195],[9.24606,40.50485],[9.22781,40.50178],[9.20901,40.50584],[9.19664,40.50526],[9.18265,40.50979],[9.18852,40.51554],[9.19135,40.52349],[9.18847,40.52939],[9.18947,40.53683],[9.19943,40.5363],[9.2165,40.54001],[9.22864,40.53822],[9.23737,40.53935],[9.24592,40.53575],[9.25229,40.5358],[9.25649,40.5324],[9.26866,40.53226],[9.28647,40.52587],[9.29783,40.53716],[9.30461,40.54003],[9.31223,40.54326],[9.31376,40.54653],[9.31462,40.54835],[9.33084,40.55035],[9.3578,40.56817],[9.37108,40.57099],[9.37643,40.5824],[9.38627,40.58677],[9.39408,40.59452],[9.38604,40.60692],[9.38033,40.61034],[9.37965,40.61592],[9.39341,40.61793],[9.39559,40.62288],[9.40331,40.62453],[9.41629,40.6353],[9.41914,40.65691],[9.43816,40.65863],[9.4574,40.65301],[9.46507,40.65581],[9.47041,40.65073],[9.47505,40.65192],[9.48747,40.64525],[9.49594,40.65116],[9.50774,40.65255],[9.51201,40.64887],[9.52296,40.65725],[9.55109,40.67105],[9.56336,40.68032],[9.57287,40.69545],[9.58314,40.70604],[9.5888,40.70344]]]]},"properties":{"code":"ITG2E","nom":"Nuoro","country":"IT"}},{"type":"Feature","geometry":{"type":"MultiPolygon","coordinates":[[[[12.73266,38.18064],[12.73837,38.17644],[12.7656,38.1797],[12.76902,38.17789],[12.77122,38.17121],[12.76731,38.16167],[12.7691,38.15391],[12.77198,38.15077],[12.77996,38.14934],[12.78975,38.13568],[12.78814,38.12152],[12.7905,38.1104],[12.811,38.08152],[12.81756,38.07849],[12.82819,38.06584],[12.83938,38.06103],[12.84144,38.05687],[12.84969,38.05565],[12.857,38.04908],[12.86837,38.05032],[12.87155,38.03721],[12.87896,38.02983],[12.89312,38.02465],[12.90723,38.02497],[12.9442,38.03063],[12.97726,38.04021],[12.97852,38.03858],[12.98353,38.03576],[12.98498,38.02149],[13.00415,38.0072],[13.00445,37.99197],[13.02702,37.97638],[13.02598,37.96863],[13.02572,37.9667],[13.03582,37.96863],[13.03913,37.96863],[13.05357,37.95866],[13.04457,37.95555],[13.04246,37.9476],[13.04428,37.94532],[13.04635,37.9394],[13.0412,37.92337],[13.04692,37.91739],[13.03062,37.90686],[13.01807,37.90159],[13.00924,37.90465],[13.00191,37.90435],[12.99785,37.90694],[12.99439,37.89939],[12.98386,37.90092],[12.97056,37.89882],[12.96232,37.90073],[12.95306,37.89902],[12.94143,37.90573],[12.93476,37.89746],[12.9369,37.89041],[12.93176,37.88592],[12.93569,37.88311],[12.94653,37.88308],[12.95003,37.87267],[12.95796,37.8648],[12.95401,37.85776],[12.94463,37.85247],[12.94291,37.84489],[12.94726,37.83861],[12.96549,37.83509],[12.96899,37.82439],[12.97852,37.82384],[13.01389,37.81972],[13.05038,37.81436],[13.05722,37.80901],[13.06209,37.81426],[13.08131,37.81962],[13.08705,37.81215],[13.09036,37.81362],[13.09074,37.81722],[13.09629,37.8162],[13.09803,37.81358],[13.09435,37.80862],[13.0816,37.80343],[13.07529,37.79037],[13.0795,37.78374],[13.08917,37.78142],[13.09408,37.77747],[13.09907,37.7712],[13.08341,37.76784],[13.0639,37.75802],[13.05921,37.75812],[13.0519,37.76395],[13.04138,37.75421],[13.03558,37.75466],[13.03151,37.75137],[13.02796,37.75407],[13.01547,37.74975],[13.01535,37.74495],[13.0121,37.74267],[12.99921,37.73604],[12.99216,37.74141],[12.99001,37.73524],[12.97852,37.73242],[12.9643,37.72925],[12.96114,37.72807],[12.95814,37.72493],[12.95863,37.72068],[12.94376,37.7153],[12.94276,37.70873],[12.93574,37.69964],[12.92895,37.69945],[12.92982,37.69509],[12.91905,37.68993],[12.91363,37.67016],[12.9083,37.67168],[12.90654,37.66808],[12.8947,37.66076],[12.8987,37.65406],[12.88897,37.64655],[12.888,37.64292],[12.90423,37.64253],[12.91522,37.6452],[12.91641,37.64003],[12.91138,37.63332],[12.90596,37.60654],[12.9079,37.59658],[12.8965,37.57712],[12.85626,37.58265],[12.76489,37.57877],[12.67885,37.55959],[12.6732,37.5604],[12.6614,37.56726],[12.65351,37.57547],[12.6382,37.59268],[12.62549,37.60697],[12.61893,37.61897],[12.61038,37.63842],[12.59198,37.6492],[12.57936,37.65112],[12.56828,37.65991],[12.55292,37.6631],[12.53489,37.65834],[12.51792,37.66225],[12.51649,37.66551],[12.49956,37.67609],[12.49216,37.68786],[12.47197,37.70349],[12.47413,37.71042],[12.46797,37.71995],[12.47078,37.72257],[12.46908,37.72682],[12.47251,37.73564],[12.47005,37.74675],[12.44727,37.78247],[12.42536,37.802],[12.43716,37.8109],[12.44727,37.8125],[12.45714,37.81396],[12.46312,37.81957],[12.46866,37.8338],[12.46458,37.84611],[12.47458,37.8527],[12.48544,37.8745],[12.48289,37.88071],[12.47151,37.88601],[12.4669,37.89331],[12.46862,37.90149],[12.46219,37.90278],[12.4593,37.90751],[12.47951,37.93181],[12.48759,37.94329],[12.49513,37.95372],[12.49854,37.96609],[12.49791,37.96863],[12.49427,37.98319],[12.49959,37.98528],[12.4999,37.98891],[12.50642,37.99404],[12.50765,38.00971],[12.51912,38.01108],[12.51666,38.01328],[12.50092,38.01468],[12.4996,38.01731],[12.50857,38.01737],[12.518,38.02121],[12.52582,38.02695],[12.52888,38.03313],[12.53349,38.03438],[12.55382,38.05142],[12.56107,38.06453],[12.57596,38.07021],[12.58918,38.06637],[12.59638,38.06848],[12.60568,38.06503],[12.62549,38.07028],[12.6382,38.07568],[12.64501,38.07857],[12.64829,38.08467],[12.66196,38.09349],[12.65751,38.10732],[12.66168,38.11188],[12.67789,38.11375],[12.68737,38.10628],[12.69774,38.10532],[12.71111,38.10961],[12.72764,38.12513],[12.72752,38.13163],[12.73684,38.13925],[12.716,38.17451],[12.71973,38.18259],[12.73246,38.18916],[12.73266,38.18064]]],[[[11.99183,36.82218],[12.00202,36.82001],[12.00543,36.82406],[12.01289,36.82428],[12.02522,36.81225],[12.04999,36.7989],[12.05321,36.79259],[12.0557,36.77815],[12.05443,36.76292],[12.04789,36.75094],[12.02514,36.73531],[11.99324,36.73792],[11.99183,36.73892],[11.98008,36.74769],[11.97145,36.76442],[11.95728,36.76969],[11.95156,36.78293],[11.92854,36.80169],[11.92649,36.81513],[11.93166,36.82852],[11.95382,36.83849],[11.97251,36.83464],[11.98038,36.82675],[11.99183,36.82218]]],[[[12.307,37.95303],[12.32392,37.93016],[12.33031,37.93441],[12.34496,37.93646],[12.35463,37.92699],[12.35582,37.92583],[12.36858,37.92234],[12.37028,37.91774],[12.36651,37.90754],[12.3613,37.90823],[12.35463,37.90594],[12.3529,37.90534],[12.33548,37.91969],[12.31544,37.92062],[12.28774,37.91628],[12.28157,37.92042],[12.28302,37.9239],[12.27856,37.92612],[12.27935,37.9307],[12.2758,37.93584],[12.27296,37.9365],[12.28082,37.94551],[12.28466,37.94461],[12.28845,37.94231],[12.307,37.95303]]],[[[12.03982,37.99265],[12.0585,37.9903],[12.06332,37.99227],[12.06521,37.9776],[12.07477,37.96863],[12.08319,37.95134],[12.08801,37.94867],[12.08528,37.94591],[12.07893,37.94955],[12.05393,37.95352],[12.0455,37.95924],[12.04381,37.96863],[12.03527,37.9866],[12.02923,37.98876],[12.02954,37.99141],[12.03982,37.99265]]],[[[12.3388,38.01342],[12.34142,38.00779],[12.34211,38.00324],[12.34559,37.99862],[12.34758,37.99867],[12.35023,37.99534],[12.35312,37.99368],[12.35033,37.99246],[12.35148,37.98844],[12.34489,37.98962],[12.34412,37.9864],[12.34002,37.98708],[12.33921,37.98472],[12.3299,37.98669],[12.32402,37.99306],[12.31992,38.00079],[12.32212,38.0035],[12.32287,38.00962],[12.32522,38.00817],[12.32893,38.00908],[12.33206,38.01877],[12.33376,38.02095],[12.33597,38.01925],[12.33672,38.01399],[12.3388,38.01342]]],[[[12.45128,37.85099],[12.44727,37.84621],[12.44449,37.84917],[12.43709,37.88175],[12.42941,37.89181],[12.43267,37.89562],[12.44727,37.89875],[12.45477,37.90243],[12.45429,37.89851],[12.44616,37.89455],[12.44538,37.89204],[12.44727,37.88806],[12.45191,37.87289],[12.44866,37.86722],[12.45128,37.85099]]],[[[12.47204,37.86608],[12.46765,37.86348],[12.46515,37.86397],[12.46417,37.86857],[12.46665,37.87034],[12.47167,37.8704],[12.47204,37.86608]]],[[[12.32219,37.91581],[12.32,37.91247],[12.31548,37.91453],[12.31962,37.91714],[12.32219,37.91581]]]]},"properties":{"code":"ITG11","nom":"Trapani","country":"IT"}},{"type":"Feature","geometry":{"type":"MultiPolygon","coordinates":[[[[11.82293,45.68638],[11.83851,45.67906],[11.83929,45.68295],[11.84405,45.68218],[11.86799,45.66875],[11.87,45.66642],[11.88007,45.66541],[11.88324,45.66133],[11.89291,45.63446],[11.89023,45.632],[11.89039,45.62527],[11.89814,45.61309],[11.90135,45.61791],[11.90041,45.62746],[11.90715,45.62575],[11.91459,45.61916],[11.92047,45.62131],[11.92759,45.61898],[11.94012,45.61398],[11.94674,45.61523],[11.95295,45.61213],[11.96519,45.60794],[11.96674,45.61259],[11.97546,45.61506],[11.98142,45.62264],[11.99183,45.62295],[12.00558,45.62335],[12.00422,45.63317],[12.00651,45.64211],[12.01596,45.64605],[12.02941,45.64774],[12.04962,45.64516],[12.0603,45.63832],[12.06838,45.63774],[12.07418,45.64167],[12.07838,45.62565],[12.08685,45.62346],[12.08307,45.6184],[12.08812,45.61499],[12.08721,45.60096],[12.09248,45.59833],[12.08839,45.58717],[12.08423,45.58562],[12.08229,45.58114],[12.07299,45.58082],[12.07225,45.5777],[12.06308,45.57723],[12.0602,45.57253],[12.03573,45.57075],[12.03338,45.56274],[12.03307,45.53445],[12.02632,45.52301],[12.01429,45.53057],[12.00761,45.53195],[12.0023,45.51871],[11.99723,45.51712],[11.99501,45.51194],[12.00309,45.50866],[11.99183,45.47832],[11.99,45.47339],[11.98143,45.47496],[11.97695,45.46351],[11.97911,45.45541],[11.98311,45.45263],[11.98923,45.45184],[11.99183,45.45345],[11.99457,45.45515],[11.99703,45.45117],[12.00471,45.44759],[12.01274,45.44799],[12.0186,45.45096],[12.02554,45.44849],[12.01943,45.42958],[12.01834,45.42439],[12.01348,45.42416],[11.99675,45.42387],[11.99475,45.41511],[12.00269,45.41212],[12.00285,45.40842],[11.99183,45.4083],[11.98106,45.40818],[11.97603,45.40343],[11.97509,45.40145],[11.97635,45.39668],[11.99002,45.39455],[11.99183,45.39108],[11.99275,45.38932],[11.99644,45.38798],[11.99393,45.38011],[12.0065,45.37521],[12.01213,45.37039],[12.02658,45.36732],[12.02624,45.36358],[12.03082,45.3633],[12.03473,45.35731],[12.01366,45.34273],[12.02108,45.33701],[12.01569,45.33602],[12.0153,45.33244],[12.02185,45.3221],[12.03527,45.31421],[12.04022,45.31602],[12.05134,45.3126],[12.05824,45.32153],[12.06818,45.32053],[12.07267,45.32736],[12.0774,45.32815],[12.08102,45.33187],[12.0917,45.33014],[12.10272,45.3223],[12.09889,45.32046],[12.11399,45.30502],[12.13256,45.30037],[12.13118,45.28454],[12.1294,45.26422],[12.13297,45.25883],[12.14763,45.26334],[12.15346,45.2608],[12.15877,45.25417],[12.17331,45.25279],[12.18866,45.25775],[12.20049,45.25734],[12.18883,45.24053],[12.19447,45.23802],[12.19344,45.23448],[12.16865,45.22602],[12.15854,45.2253],[12.15459,45.22136],[12.15373,45.21568],[12.15573,45.20838],[12.16729,45.20351],[12.17587,45.1963],[12.15341,45.19422],[12.12203,45.21],[12.02197,45.19349],[11.99183,45.18883],[11.97874,45.1868],[11.9735,45.18168],[11.97577,45.16757],[11.97738,45.16309],[11.98299,45.16274],[11.98346,45.1556],[11.96941,45.14937],[11.9663,45.15043],[11.96198,45.14931],[11.96879,45.13398],[11.96624,45.13347],[11.96314,45.13347],[11.95673,45.13378],[11.95295,45.13463],[11.9357,45.1424],[11.92635,45.14308],[11.91585,45.1372],[11.89776,45.13366],[11.88414,45.13642],[11.85195,45.12943],[11.84522,45.12846],[11.84186,45.1283],[11.83159,45.12242],[11.81487,45.12312],[11.80944,45.12166],[11.77572,45.09916],[11.75523,45.09576],[11.72543,45.09761],[11.71568,45.1015],[11.71193,45.10204],[11.70886,45.10209],[11.6944,45.09903],[11.68133,45.10358],[11.66874,45.1056],[11.6613,45.10432],[11.64866,45.10857],[11.63855,45.10866],[11.61068,45.10985],[11.59976,45.11726],[11.5844,45.11732],[11.57872,45.12308],[11.57258,45.12414],[11.56966,45.12265],[11.55696,45.11943],[11.52432,45.12048],[11.51775,45.11792],[11.51257,45.1102],[11.49476,45.10356],[11.46804,45.10882],[11.45102,45.11733],[11.41693,45.12933],[11.42879,45.15049],[11.41998,45.15587],[11.42235,45.16496],[11.40888,45.17552],[11.40757,45.184],[11.40476,45.18864],[11.4067,45.19046],[11.40144,45.2209],[11.40019,45.22748],[11.40598,45.23893],[11.40552,45.24512],[11.40095,45.25129],[11.3909,45.25262],[11.3931,45.25896],[11.40283,45.2649],[11.42599,45.25382],[11.43531,45.25811],[11.45069,45.26132],[11.4666,45.26205],[11.48022,45.25891],[11.48705,45.26595],[11.52876,45.25858],[11.56139,45.26177],[11.56333,45.26204],[11.56517,45.26252],[11.56593,45.26154],[11.57437,45.26063],[11.58567,45.25622],[11.61054,45.25565],[11.61773,45.25852],[11.58244,45.27303],[11.58029,45.29736],[11.58305,45.30579],[11.58931,45.31329],[11.60204,45.31771],[11.6099,45.31467],[11.61452,45.31729],[11.6147,45.32186],[11.61414,45.32325],[11.6123,45.3254],[11.61841,45.32747],[11.61941,45.33313],[11.61433,45.33856],[11.62413,45.34534],[11.62537,45.35012],[11.6267,45.35716],[11.61636,45.36593],[11.61192,45.37412],[11.61573,45.38802],[11.61811,45.38974],[11.62041,45.39139],[11.62236,45.39305],[11.62485,45.39447],[11.63509,45.40145],[11.63836,45.40372],[11.64295,45.40587],[11.64531,45.40729],[11.65323,45.4104],[11.65297,45.41586],[11.65954,45.41624],[11.66464,45.42264],[11.67626,45.4238],[11.68038,45.42863],[11.68327,45.42942],[11.68752,45.43521],[11.69537,45.43963],[11.69163,45.44606],[11.70207,45.45936],[11.70866,45.46002],[11.70963,45.46351],[11.70645,45.4758],[11.74389,45.4718],[11.74574,45.47845],[11.74008,45.4839],[11.74539,45.48794],[11.73909,45.48927],[11.73531,45.49789],[11.73691,45.50998],[11.73008,45.51568],[11.72881,45.52046],[11.73845,45.51745],[11.74577,45.51851],[11.75899,45.52042],[11.74577,45.53867],[11.73163,45.55816],[11.72711,45.56041],[11.7216,45.55876],[11.72442,45.54991],[11.72123,45.5447],[11.71525,45.54744],[11.71139,45.54384],[11.70516,45.54291],[11.69375,45.55076],[11.68319,45.55193],[11.6793,45.55],[11.6791,45.54287],[11.67509,45.5396],[11.66445,45.53954],[11.66,45.53829],[11.65777,45.54017],[11.65788,45.54638],[11.6531,45.55057],[11.6651,45.55655],[11.6681,45.56408],[11.67215,45.56651],[11.6663,45.57117],[11.67022,45.58295],[11.67394,45.58347],[11.67255,45.58896],[11.67324,45.5924],[11.66998,45.59432],[11.65433,45.59262],[11.6447,45.59614],[11.64586,45.60847],[11.64139,45.61355],[11.64573,45.61589],[11.64909,45.6228],[11.64594,45.62768],[11.64668,45.63339],[11.65622,45.64038],[11.67671,45.64014],[11.68066,45.64587],[11.68736,45.64868],[11.68432,45.66096],[11.69278,45.65772],[11.7019,45.66084],[11.69659,45.66324],[11.70943,45.66823],[11.70715,45.67928],[11.70934,45.68069],[11.74577,45.6788],[11.7588,45.67813],[11.77517,45.68034],[11.79578,45.68312],[11.79929,45.68344],[11.82167,45.68718],[11.82293,45.68638]]],[[[12.18645,45.19737],[12.18442,45.19442],[12.17956,45.1954],[12.18206,45.19787],[12.18645,45.19737]]]]},"properties":{"code":"ITH36","nom":"Padova","country":"IT"}},{"type":"Feature","geometry":{"type":"MultiPolygon","coordinates":[[[[12.33057,45.16055],[12.32665,45.13007],[12.3347,45.09902],[12.3312,45.0898],[12.3448,45.08604],[12.35463,45.07508],[12.35669,45.0721],[12.3558,45.06335],[12.35463,45.06232],[12.34524,45.05918],[12.34275,45.06714],[12.33662,45.07131],[12.32883,45.08315],[12.32543,45.09516],[12.32674,45.10263],[12.31995,45.11872],[12.31585,45.1193],[12.31135,45.1197],[12.31517,45.12406],[12.31233,45.13621],[12.30201,45.13887],[12.29345,45.13866],[12.29163,45.134],[12.2988,45.12218],[12.28838,45.12213],[12.27582,45.11682],[12.26858,45.11061],[12.26837,45.10256],[12.26162,45.09602],[12.26815,45.09243],[12.27184,45.08248],[12.27698,45.07852],[12.28099,45.07716],[12.29241,45.07955],[12.30211,45.07494],[12.30057,45.07199],[12.28884,45.06853],[12.2834,45.06201],[12.28729,45.05613],[12.31585,45.04681],[12.33422,45.04413],[12.32456,45.03136],[12.31585,45.02702],[12.30215,45.01453],[12.30114,45.00209],[12.30865,44.99502],[12.31226,44.9698],[12.31657,44.9657],[12.32111,44.96759],[12.32356,44.97387],[12.3331,44.98075],[12.34008,44.99189],[12.34682,44.99659],[12.35998,44.99812],[12.36886,44.99445],[12.3763,44.9949],[12.38171,44.99808],[12.37995,45.00406],[12.38694,45.00688],[12.404,45.0058],[12.41056,45.00887],[12.41012,45.01453],[12.40894,45.02107],[12.4056,45.0252],[12.40993,45.02981],[12.41151,45.03142],[12.4167,45.03028],[12.43252,45.01554],[12.43581,45.01453],[12.43971,45.01333],[12.44531,44.99855],[12.46292,44.99614],[12.47213,44.98666],[12.47071,44.97945],[12.48912,44.97356],[12.4942,44.97035],[12.49753,44.95925],[12.49231,44.95301],[12.49176,44.94893],[12.48912,44.92935],[12.4809,44.93032],[12.48487,44.92154],[12.48548,44.8961],[12.47362,44.88864],[12.4618,44.88497],[12.46314,44.84583],[12.46076,44.84173],[12.46442,44.84052],[12.463,44.83685],[12.451,44.82594],[12.43885,44.82231],[12.43683,44.82352],[12.43999,44.8273],[12.45271,44.83371],[12.45205,44.83762],[12.45622,44.84232],[12.44699,44.844],[12.43338,44.85235],[12.44263,44.86414],[12.44111,44.88864],[12.43992,44.89527],[12.42496,44.89998],[12.40409,44.89352],[12.4009,44.88864],[12.40337,44.88497],[12.39132,44.87768],[12.39209,44.87348],[12.38689,44.8677],[12.39688,44.86121],[12.40413,44.85225],[12.39435,44.8285],[12.4027,44.82044],[12.41593,44.81762],[12.42083,44.81365],[12.41754,44.80508],[12.40917,44.79792],[12.39906,44.79262],[12.38062,44.80048],[12.35463,44.81605],[12.34675,44.82889],[12.33994,44.84961],[12.30256,44.85608],[12.29361,44.86142],[12.28664,44.87168],[12.28458,44.89368],[12.28255,44.91146],[12.29458,44.92665],[12.29194,44.93169],[12.27941,44.94218],[12.27156,44.94281],[12.26227,44.93788],[12.25984,44.94174],[12.25609,44.94199],[12.25326,44.93553],[12.24007,44.935],[12.22559,44.92352],[12.21117,44.92673],[12.18834,44.92648],[12.17004,44.94174],[12.16065,44.93788],[12.15757,44.93093],[12.14184,44.92851],[12.1284,44.93332],[12.12662,44.9396],[12.1179,44.94673],[12.11445,44.95914],[12.10944,44.96015],[12.10126,44.96181],[12.09792,44.97094],[12.08664,44.96749],[12.07821,44.97335],[12.06177,44.96989],[12.04752,44.97695],[12.01637,44.97665],[11.99183,44.98232],[11.98582,44.9837],[11.96414,44.98662],[11.95295,44.98397],[11.95042,44.98311],[11.94317,44.97979],[11.93878,44.97796],[11.93229,44.97599],[11.92784,44.975],[11.89752,44.97768],[11.87718,44.97461],[11.84392,44.97325],[11.83835,44.97278],[11.81736,44.97687],[11.80611,44.97678],[11.79904,44.97478],[11.78584,44.96511],[11.77517,44.96263],[11.77227,44.96196],[11.76156,44.96015],[11.74708,44.95771],[11.74577,44.95624],[11.74,44.94977],[11.7443,44.93758],[11.74323,44.93357],[11.73338,44.9271],[11.72536,44.92645],[11.71292,44.92569],[11.68887,44.91729],[11.67197,44.91477],[11.65696,44.90705],[11.6238,44.88907],[11.59849,44.88947],[11.59118,44.89388],[11.58449,44.91276],[11.57743,44.91717],[11.56039,44.92055],[11.54913,44.92882],[11.54593,44.93105],[11.54284,44.93285],[11.5398,44.93444],[11.53786,44.93516],[11.532,44.93682],[11.5269,44.93722],[11.52371,44.93689],[11.51586,44.93643],[11.51269,44.93669],[11.49992,44.93726],[11.4901,44.93729],[11.48785,44.93732],[11.47408,44.93649],[11.46963,44.93636],[11.46584,44.93599],[11.4643,44.93571],[11.43341,44.92949],[11.42728,44.93019],[11.42411,44.93783],[11.42677,44.95008],[11.42649,44.95863],[11.42445,44.96015],[11.41482,44.96734],[11.40905,44.96952],[11.39586,44.97128],[11.38806,44.97379],[11.38395,44.97477],[11.37604,44.97732],[11.37107,44.97924],[11.3637,44.98143],[11.36079,44.98248],[11.35461,44.98535],[11.35232,44.98612],[11.34444,44.98768],[11.3275,44.99546],[11.32215,45.00017],[11.31795,45.00419],[11.31324,45.00972],[11.30876,45.01235],[11.30697,45.01292],[11.30164,45.01418],[11.29888,45.01445],[11.27631,45.01793],[11.26464,45.03174],[11.26418,45.03489],[11.27039,45.044],[11.26814,45.05361],[11.26391,45.05641],[11.25743,45.05404],[11.24486,45.04372],[11.23858,45.04351],[11.23061,45.04713],[11.22983,45.04779],[11.21574,45.05592],[11.20697,45.05845],[11.19912,45.0603],[11.17587,45.06067],[11.17394,45.06573],[11.17468,45.07383],[11.18778,45.08424],[11.18598,45.0868],[11.17738,45.08916],[11.17808,45.09706],[11.2055,45.10949],[11.20422,45.10166],[11.20932,45.09452],[11.22456,45.0838],[11.23385,45.08862],[11.24065,45.08878],[11.24424,45.09246],[11.25425,45.09073],[11.2639,45.09332],[11.28057,45.09108],[11.28626,45.09135],[11.30351,45.09217],[11.31418,45.08987],[11.321,45.08097],[11.32588,45.08029],[11.3356,45.0743],[11.34444,45.07203],[11.35545,45.0692],[11.36081,45.05731],[11.36886,45.0579],[11.38721,45.05698],[11.40206,45.05359],[11.42282,45.06757],[11.43736,45.06899],[11.44358,45.07435],[11.44378,45.08195],[11.43873,45.08686],[11.44044,45.0975],[11.42919,45.10599],[11.42119,45.11718],[11.41117,45.12205],[11.41098,45.13233],[11.41227,45.13133],[11.41527,45.12992],[11.41693,45.12933],[11.45102,45.11733],[11.46804,45.10882],[11.49476,45.10356],[11.51257,45.1102],[11.51775,45.11792],[11.52432,45.12048],[11.55696,45.11943],[11.56966,45.12265],[11.57258,45.12414],[11.57872,45.12308],[11.5844,45.11732],[11.59976,45.11726],[11.61068,45.10985],[11.63855,45.10866],[11.64866,45.10857],[11.6613,45.10432],[11.66874,45.1056],[11.68133,45.10358],[11.6944,45.09903],[11.70886,45.10209],[11.71193,45.10204],[11.71568,45.1015],[11.72543,45.09761],[11.75523,45.09576],[11.77572,45.09916],[11.80944,45.12166],[11.81487,45.12312],[11.83159,45.12242],[11.84186,45.1283],[11.84522,45.12846],[11.85195,45.12943],[11.88414,45.13642],[11.89776,45.13366],[11.91585,45.1372],[11.92635,45.14308],[11.9357,45.1424],[11.95295,45.13463],[11.95673,45.13378],[11.96314,45.13347],[11.96624,45.13347],[11.96879,45.13398],[11.97388,45.13477],[11.99183,45.13919],[12.02477,45.13839],[12.04197,45.1322],[12.02556,45.11959],[12.049,45.11482],[12.04865,45.10496],[12.08389,45.08096],[12.11247,45.06295],[12.13654,45.05626],[12.14754,45.05857],[12.14803,45.06797],[12.1588,45.0733],[12.16113,45.07787],[12.15977,45.08333],[12.16747,45.09301],[12.17355,45.09265],[12.18022,45.08888],[12.18703,45.08962],[12.19391,45.0983],[12.19961,45.10028],[12.20329,45.10473],[12.21532,45.10448],[12.24587,45.10826],[12.28304,45.12487],[12.2848,45.12996],[12.28069,45.13905],[12.28293,45.14303],[12.30903,45.14393],[12.31585,45.14735],[12.33057,45.16055]]],[[[12.3652,45.05008],[12.38117,45.03765],[12.38434,45.0319],[12.38285,45.03123],[12.37919,45.03394],[12.37473,45.0338],[12.36594,45.04486],[12.35946,45.04554],[12.3546,45.04263],[12.35091,45.03263],[12.34915,45.03266],[12.34587,45.04427],[12.3546,45.04661],[12.3652,45.05008]]],[[[12.43207,44.83016],[12.42578,44.82854],[12.42321,44.83016],[12.42862,44.83157],[12.42938,44.83342],[12.43392,44.83477],[12.44189,44.83574],[12.44433,44.83476],[12.43207,44.83016]]],[[[12.36959,45.06488],[12.36881,45.06389],[12.36211,45.06455],[12.36057,45.0672],[12.36392,45.06977],[12.36959,45.06488]]],[[[12.40015,45.01658],[12.40019,45.01346],[12.3961,45.01384],[12.39285,45.01759],[12.3944,45.02006],[12.40015,45.01658]]],[[[12.39306,45.04687],[12.39317,45.04457],[12.38669,45.04586],[12.38605,45.04877],[12.38767,45.05054],[12.39306,45.04687]]],[[[12.32157,44.9881],[12.31803,44.98782],[12.31644,44.9896],[12.31912,44.99196],[12.32077,44.99165],[12.32157,44.9881]]],[[[12.39292,45.01228],[12.3908,45.00914],[12.38751,45.01128],[12.39144,45.01453],[12.39292,45.01228]]],[[[12.34963,45.02795],[12.34836,45.02319],[12.34629,45.02363],[12.3454,45.02616],[12.34782,45.02856],[12.34963,45.02795]]],[[[12.38073,45.05588],[12.37771,45.05469],[12.3752,45.05849],[12.37767,45.05985],[12.38073,45.05588]]]]},"properties":{"code":"ITH37","nom":"Rovigo","country":"IT"}},{"type":"Feature","geometry":{"type":"MultiPolygon","coordinates":[[[[8.1556,45.75021],[8.1643,45.75007],[8.16593,45.75103],[8.17061,45.75037],[8.18103,45.75122],[8.1829,45.74154],[8.18091,45.73635],[8.18382,45.73007],[8.19027,45.72779],[8.1927,45.72283],[8.19542,45.72295],[8.1988,45.72524],[8.20224,45.7246],[8.20781,45.71998],[8.22272,45.70762],[8.23047,45.70666],[8.23725,45.70162],[8.24762,45.69494],[8.26995,45.68191],[8.28017,45.67008],[8.29158,45.6668],[8.29893,45.65573],[8.30885,45.65536],[8.31611,45.6469],[8.32308,45.64884],[8.32674,45.64525],[8.31588,45.64065],[8.30845,45.642],[8.29702,45.64083],[8.2909,45.6359],[8.29202,45.63384],[8.29777,45.63597],[8.31054,45.63466],[8.31229,45.63172],[8.31145,45.62104],[8.30623,45.617],[8.29692,45.62154],[8.29476,45.62076],[8.29191,45.6172],[8.277,45.61116],[8.26897,45.616],[8.25518,45.60868],[8.25826,45.6058],[8.25964,45.5942],[8.27138,45.58418],[8.2711,45.57459],[8.27613,45.56436],[8.29647,45.55361],[8.29473,45.54906],[8.29255,45.54159],[8.28352,45.53606],[8.27794,45.53184],[8.27882,45.52454],[8.29194,45.51773],[8.28598,45.51759],[8.27978,45.51692],[8.2676,45.51688],[8.26272,45.50152],[8.24423,45.49332],[8.24507,45.48901],[8.23654,45.48359],[8.22831,45.47653],[8.21893,45.47575],[8.21667,45.46976],[8.22053,45.45632],[8.21882,45.45468],[8.20355,45.44683],[8.18604,45.45001],[8.16706,45.43496],[8.1621,45.42564],[8.16444,45.42247],[8.17007,45.41892],[8.16938,45.41334],[8.16683,45.41105],[8.14891,45.40852],[8.13968,45.39926],[8.13752,45.39263],[8.133,45.38974],[8.12983,45.38771],[8.12285,45.37609],[8.08967,45.38439],[8.07135,45.38652],[8.06661,45.38974],[8.05731,45.39604],[8.0529,45.3979],[8.04173,45.39699],[8.02701,45.40309],[8.02226,45.4223],[8.02719,45.4291],[8.03538,45.43214],[8.03846,45.4414],[8.0311,45.44691],[8.02266,45.44874],[8.02103,45.44981],[8.02191,45.45075],[8.02648,45.44996],[8.01966,45.45324],[8.01498,45.45468],[7.99695,45.46092],[7.97695,45.47033],[7.96829,45.47545],[7.96632,45.48203],[7.9427,45.4961],[7.92983,45.50288],[7.91906,45.50928],[7.9206,45.51434],[7.92345,45.52149],[7.91225,45.52265],[7.90243,45.52664],[7.88555,45.53086],[7.88223,45.53428],[7.90163,45.55861],[7.90112,45.56434],[7.89518,45.57127],[7.89398,45.58223],[7.89306,45.58552],[7.89581,45.59003],[7.90006,45.59252],[7.89633,45.60113],[7.89741,45.60631],[7.8968,45.61127],[7.89749,45.61252],[7.9149,45.63219],[7.92739,45.63574],[7.93613,45.63569],[7.9394,45.64325],[7.92758,45.65064],[7.92591,45.65521],[7.92145,45.6604],[7.92067,45.66664],[7.91189,45.67068],[7.91106,45.67891],[7.90523,45.68196],[7.91022,45.69859],[7.92032,45.70189],[7.92396,45.70628],[7.92998,45.71468],[7.92994,45.71763],[7.93229,45.71998],[7.93665,45.72434],[7.94818,45.71998],[7.95061,45.71906],[7.95547,45.71856],[7.97067,45.71998],[7.98599,45.72141],[7.99246,45.71998],[7.99677,45.71903],[7.99938,45.71998],[8.00336,45.72144],[8.0214,45.73768],[8.03547,45.73583],[8.05115,45.7378],[8.05925,45.74059],[8.06345,45.73512],[8.0649,45.72352],[8.07383,45.71998],[8.07695,45.71875],[8.07734,45.71998],[8.08278,45.73726],[8.09583,45.73771],[8.10808,45.74893],[8.1251,45.75715],[8.13846,45.75348],[8.14661,45.75309],[8.1556,45.75021]],[[8.27537,45.63484],[8.27179,45.63285],[8.26136,45.63325],[8.2633,45.61989],[8.27685,45.62336],[8.2884,45.63235],[8.27537,45.63484]]]]},"properties":{"code":"ITC13","nom":"Biella","country":"IT"}},{"type":"Feature","geometry":{"type":"MultiPolygon","coordinates":[[[[14.57022,37.87965],[14.57264,37.85945],[14.56719,37.85657],[14.5585,37.85198],[14.55322,37.83979],[14.55523,37.83672],[14.56155,37.83645],[14.56719,37.83426],[14.57372,37.83172],[14.59476,37.81231],[14.61802,37.80526],[14.64147,37.80711],[14.64333,37.80725],[14.64565,37.80653],[14.67987,37.79587],[14.68637,37.79769],[14.69464,37.80531],[14.70432,37.81162],[14.72012,37.81715],[14.74227,37.81813],[14.73864,37.81039],[14.74413,37.79048],[14.7212,37.78183],[14.71439,37.77407],[14.71637,37.76755],[14.72412,37.76206],[14.73154,37.76012],[14.73683,37.75359],[14.72793,37.74361],[14.70652,37.73101],[14.70787,37.7282],[14.71694,37.72542],[14.72066,37.7187],[14.71874,37.71043],[14.71449,37.70573],[14.71544,37.70189],[14.72442,37.68135],[14.73355,37.68753],[14.73603,37.69238],[14.74813,37.68672],[14.75236,37.68719],[14.75899,37.69299],[14.78017,37.70307],[14.783,37.7077],[14.78824,37.70777],[14.79787,37.71273],[14.7987,37.71101],[14.79827,37.69313],[14.80214,37.68784],[14.79243,37.67415],[14.79313,37.65277],[14.7982,37.64606],[14.80828,37.64538],[14.81145,37.63925],[14.82196,37.63666],[14.82573,37.63066],[14.82595,37.62269],[14.8206,37.61575],[14.82783,37.60808],[14.82905,37.58891],[14.80836,37.58016],[14.79325,37.56378],[14.79346,37.55996],[14.80052,37.55335],[14.8009,37.54304],[14.79865,37.5338],[14.79256,37.52783],[14.79436,37.51726],[14.79254,37.51133],[14.78633,37.50397],[14.78158,37.50322],[14.77597,37.5023],[14.77035,37.50904],[14.76196,37.50408],[14.75455,37.51628],[14.74538,37.51933],[14.7431,37.52665],[14.73937,37.52527],[14.73749,37.52928],[14.73007,37.5301],[14.73094,37.53526],[14.72503,37.53568],[14.72023,37.54109],[14.71311,37.53967],[14.7123,37.54505],[14.70609,37.54959],[14.70025,37.5483],[14.70114,37.55138],[14.69817,37.55902],[14.69466,37.55807],[14.69285,37.55237],[14.68717,37.55585],[14.67401,37.55797],[14.66329,37.55097],[14.64565,37.5463],[14.64147,37.54519],[14.63825,37.54434],[14.63404,37.53666],[14.59455,37.5363],[14.58708,37.54573],[14.57882,37.5436],[14.57597,37.54633],[14.56719,37.54433],[14.55967,37.54261],[14.56093,37.53926],[14.55168,37.54196],[14.54807,37.539],[14.54347,37.54206],[14.53894,37.53706],[14.53253,37.52445],[14.52361,37.51709],[14.50198,37.51061],[14.48777,37.51024],[14.48785,37.50855],[14.52653,37.49684],[14.51809,37.4836],[14.51739,37.47715],[14.52891,37.45891],[14.539,37.45401],[14.54328,37.4497],[14.55318,37.44589],[14.5574,37.44942],[14.56454,37.4462],[14.56719,37.44688],[14.57992,37.45012],[14.58834,37.44956],[14.59783,37.44324],[14.60724,37.44164],[14.61385,37.43409],[14.62248,37.43483],[14.6269,37.42943],[14.6316,37.42944],[14.63271,37.42506],[14.62054,37.41404],[14.59009,37.4095],[14.58186,37.40232],[14.57894,37.39042],[14.58965,37.38601],[14.59013,37.37407],[14.58479,37.37136],[14.58049,37.36402],[14.57442,37.36125],[14.56719,37.36082],[14.55849,37.36365],[14.53993,37.36321],[14.51264,37.3507],[14.48943,37.34996],[14.49622,37.34081],[14.51424,37.33363],[14.52044,37.32414],[14.50955,37.31554],[14.50864,37.31125],[14.50269,37.30913],[14.50186,37.30911],[14.48449,37.31485],[14.46454,37.33211],[14.45424,37.33629],[14.44607,37.34773],[14.4411,37.34561],[14.43616,37.33729],[14.4332,37.33678],[14.42894,37.3397],[14.42502,37.33958],[14.42256,37.33806],[14.42386,37.33475],[14.4332,37.32624],[14.44952,37.3177],[14.45507,37.30951],[14.45423,37.30316],[14.44134,37.30274],[14.4332,37.29618],[14.4332,37.29231],[14.41716,37.29238],[14.39843,37.29898],[14.38479,37.29626],[14.35267,37.30614],[14.34661,37.30752],[14.34015,37.30379],[14.31742,37.30303],[14.31572,37.32645],[14.29389,37.32723],[14.28097,37.33189],[14.27178,37.33009],[14.26718,37.33475],[14.26464,37.34235],[14.25489,37.34525],[14.23107,37.34759],[14.22027,37.33864],[14.21007,37.33475],[14.20473,37.33475],[14.20329,37.33592],[14.20033,37.33475],[14.167,37.32433],[14.15239,37.32822],[14.14278,37.33475],[14.14083,37.33621],[14.1393,37.33475],[14.13628,37.33475],[14.13296,37.33475],[14.1335,37.3377],[14.12796,37.34526],[14.12522,37.33872],[14.11276,37.33354],[14.10162,37.33509],[14.09083,37.33658],[14.08449,37.3395],[14.08977,37.34812],[14.08255,37.34999],[14.08631,37.35452],[14.08101,37.35786],[14.08611,37.36402],[14.08188,37.36569],[14.07157,37.37613],[14.07931,37.38199],[14.05778,37.40653],[14.05995,37.40794],[14.06467,37.40476],[14.06912,37.40548],[14.06759,37.41291],[14.0733,37.41807],[14.07242,37.42336],[14.07759,37.42769],[14.0836,37.42872],[14.08541,37.43383],[14.10162,37.4447],[14.10507,37.44979],[14.11468,37.45384],[14.11531,37.45987],[14.12406,37.46119],[14.12522,37.46298],[14.13034,37.47092],[14.14553,37.47996],[14.15147,37.47822],[14.15938,37.48105],[14.15172,37.48545],[14.14345,37.49698],[14.14206,37.50804],[14.13807,37.51377],[14.12857,37.51772],[14.13014,37.52429],[14.12522,37.53047],[14.13261,37.53286],[14.13487,37.54258],[14.14023,37.55019],[14.1403,37.55927],[14.135,37.56561],[14.13825,37.57937],[14.15907,37.58611],[14.16028,37.60144],[14.15662,37.60769],[14.16311,37.61214],[14.13505,37.61671],[14.13791,37.61749],[14.13966,37.61814],[14.14401,37.61906],[14.14638,37.62024],[14.14786,37.62124],[14.14898,37.62253],[14.15186,37.62529],[14.15399,37.62775],[14.16405,37.64219],[14.16267,37.64534],[14.16294,37.65811],[14.1586,37.66604],[14.17571,37.67669],[14.18399,37.67066],[14.19373,37.67482],[14.2029,37.67861],[14.21654,37.67771],[14.22073,37.68408],[14.23893,37.69079],[14.24293,37.69544],[14.25176,37.69409],[14.26136,37.69858],[14.2687,37.70618],[14.27383,37.72124],[14.27933,37.72409],[14.29441,37.74629],[14.28826,37.75355],[14.29039,37.76362],[14.26959,37.77562],[14.26949,37.78982],[14.262,37.79274],[14.26475,37.79874],[14.27225,37.80065],[14.26642,37.81618],[14.26298,37.81917],[14.26504,37.83147],[14.27997,37.84009],[14.30135,37.83627],[14.31675,37.84004],[14.3284,37.83807],[14.34709,37.84667],[14.36107,37.84997],[14.38871,37.85233],[14.39536,37.84922],[14.40273,37.86011],[14.40629,37.86636],[14.41982,37.8611],[14.42526,37.85393],[14.4332,37.85251],[14.4628,37.84196],[14.46404,37.83889],[14.45555,37.82369],[14.45482,37.81726],[14.47706,37.81125],[14.48262,37.81362],[14.49214,37.82426],[14.50558,37.85062],[14.51847,37.85903],[14.52757,37.86164],[14.5377,37.86053],[14.54491,37.87163],[14.55203,37.87653],[14.56719,37.87913],[14.57022,37.87965]],[[14.57894,37.54725],[14.58489,37.54675],[14.58381,37.54934],[14.57974,37.55035],[14.57812,37.54879],[14.57894,37.54725]]],[[[14.10162,37.53856],[14.09875,37.53785],[14.08877,37.54723],[14.08726,37.55235],[14.08872,37.55665],[14.09998,37.55336],[14.10162,37.54989],[14.10639,37.53974],[14.10162,37.53856]]]]},"properties":{"code":"ITG16","nom":"Enna","country":"IT"}},{"type":"Feature","geometry":{"type":"MultiPolygon","coordinates":[[[[14.94153,37.94099],[14.95193,37.92677],[14.95661,37.91154],[14.97823,37.90658],[14.97945,37.89491],[14.98276,37.89224],[14.99244,37.89302],[15.00225,37.89782],[15.00825,37.89907],[15.01051,37.89969],[15.01289,37.89901],[15.01697,37.89889],[15.01937,37.89862],[15.02153,37.89812],[15.02802,37.89732],[15.0438,37.89407],[15.05814,37.8983],[15.06685,37.89992],[15.07151,37.90402],[15.0831,37.90219],[15.11241,37.90561],[15.12009,37.90199],[15.13013,37.89725],[15.13335,37.8927],[15.15045,37.89554],[15.1615,37.88964],[15.17548,37.87569],[15.1886,37.87493],[15.19588,37.86708],[15.20335,37.86136],[15.20958,37.86012],[15.21116,37.85614],[15.22109,37.85036],[15.22291,37.8467],[15.22682,37.84251],[15.23154,37.83131],[15.24665,37.81749],[15.24674,37.80933],[15.25808,37.80722],[15.25617,37.80543],[15.25244,37.80312],[15.24764,37.79889],[15.24361,37.79465],[15.24105,37.79168],[15.23989,37.78995],[15.23841,37.78815],[15.23664,37.78623],[15.23514,37.78425],[15.23015,37.77698],[15.22783,37.77388],[15.22349,37.76849],[15.21013,37.75086],[15.20473,37.73737],[15.21848,37.71098],[15.20202,37.68228],[15.19939,37.67179],[15.19633,37.6632],[15.19862,37.65536],[15.18154,37.63925],[15.1749,37.63288],[15.17667,37.62534],[15.17288,37.61003],[15.17692,37.57836],[15.17531,37.5758],[15.16955,37.57448],[15.16083,37.56044],[15.15016,37.55697],[15.14359,37.54443],[15.13013,37.53623],[15.12608,37.5346],[15.12009,37.53296],[15.11417,37.53133],[15.11634,37.52309],[15.10913,37.51824],[15.10313,37.50706],[15.09139,37.49937],[15.09067,37.49026],[15.08597,37.48191],[15.09209,37.40467],[15.0915,37.35771],[15.06259,37.36084],[15.05333,37.36441],[15.03674,37.36223],[15.03294,37.36435],[15.03209,37.37135],[15.02658,37.37741],[15.02357,37.37316],[15.01271,37.3696],[14.98325,37.37426],[14.97828,37.37823],[14.96444,37.38219],[14.95714,37.38619],[14.95252,37.39418],[14.93584,37.40836],[14.91734,37.41258],[14.88751,37.40775],[14.88744,37.39855],[14.87999,37.39102],[14.84295,37.37892],[14.83958,37.37109],[14.84107,37.35886],[14.80952,37.34991],[14.783,37.33397],[14.77909,37.33006],[14.77944,37.32449],[14.783,37.32504],[14.78908,37.32574],[14.80307,37.31615],[14.81676,37.3181],[14.82115,37.31624],[14.84342,37.32415],[14.89114,37.31064],[14.88057,37.29703],[14.88149,37.286],[14.87352,37.28243],[14.85591,37.27967],[14.85854,37.27431],[14.84634,37.25993],[14.8386,37.25785],[14.82322,37.25857],[14.81046,37.25572],[14.80851,37.25179],[14.80264,37.25058],[14.79988,37.24668],[14.79,37.24198],[14.783,37.23295],[14.77986,37.22944],[14.77551,37.22783],[14.77348,37.22325],[14.783,37.20999],[14.79541,37.21432],[14.80409,37.21368],[14.81956,37.20799],[14.82649,37.19675],[14.85118,37.20066],[14.85793,37.20663],[14.86762,37.20795],[14.8711,37.20441],[14.86996,37.18613],[14.8662,37.1832],[14.85819,37.18055],[14.85417,37.17643],[14.85044,37.1757],[14.83718,37.1665],[14.83523,37.16297],[14.84612,37.14524],[14.84629,37.13999],[14.84375,37.13747],[14.84325,37.13012],[14.83966,37.12848],[14.83696,37.12498],[14.83372,37.12436],[14.83072,37.12558],[14.82708,37.13012],[14.81753,37.12662],[14.80851,37.12636],[14.799,37.13103],[14.79388,37.13205],[14.783,37.13731],[14.77774,37.13924],[14.77488,37.138],[14.77383,37.13356],[14.77682,37.12827],[14.783,37.11931],[14.78672,37.11291],[14.79553,37.10806],[14.7925,37.10512],[14.78843,37.10822],[14.783,37.10717],[14.7683,37.10081],[14.76385,37.09573],[14.74419,37.10055],[14.72902,37.09629],[14.72551,37.10314],[14.72886,37.11646],[14.70844,37.12637],[14.70234,37.11823],[14.6823,37.10882],[14.67669,37.10122],[14.65794,37.10547],[14.64934,37.10064],[14.64565,37.09367],[14.64147,37.0858],[14.63452,37.0858],[14.62196,37.08034],[14.61796,37.08154],[14.61351,37.08932],[14.60933,37.08818],[14.60679,37.08324],[14.58267,37.06852],[14.57737,37.05987],[14.57156,37.05804],[14.56943,37.05337],[14.56719,37.05292],[14.56367,37.05222],[14.55053,37.05582],[14.54409,37.05301],[14.54233,37.0579],[14.53364,37.06438],[14.53397,37.07546],[14.51764,37.07088],[14.47173,37.05086],[14.45193,37.05253],[14.44708,37.05566],[14.44412,37.05295],[14.44182,37.05658],[14.44316,37.06648],[14.4332,37.08089],[14.42835,37.09392],[14.4332,37.09904],[14.45193,37.09736],[14.45743,37.11042],[14.46707,37.11682],[14.47592,37.13416],[14.45991,37.15309],[14.44987,37.17192],[14.4332,37.182],[14.43116,37.18888],[14.41644,37.17821],[14.39974,37.17825],[14.39307,37.18663],[14.38149,37.19299],[14.38247,37.2016],[14.37804,37.20475],[14.37374,37.20468],[14.38275,37.23707],[14.38317,37.25544],[14.39277,37.26186],[14.38176,37.2861],[14.37133,37.27988],[14.35363,37.27877],[14.35267,37.30614],[14.38479,37.29626],[14.39843,37.29898],[14.41716,37.29238],[14.4332,37.29231],[14.4332,37.29618],[14.44134,37.30274],[14.45423,37.30316],[14.45507,37.30951],[14.44952,37.3177],[14.4332,37.32624],[14.42386,37.33475],[14.42256,37.33806],[14.42502,37.33958],[14.42894,37.3397],[14.4332,37.33678],[14.43616,37.33729],[14.4411,37.34561],[14.44607,37.34773],[14.45424,37.33629],[14.46454,37.33211],[14.48449,37.31485],[14.50186,37.30911],[14.50269,37.30913],[14.50864,37.31125],[14.50955,37.31554],[14.52044,37.32414],[14.51424,37.33363],[14.49622,37.34081],[14.48943,37.34996],[14.51264,37.3507],[14.53993,37.36321],[14.55849,37.36365],[14.56719,37.36082],[14.57442,37.36125],[14.58049,37.36402],[14.58479,37.37136],[14.59013,37.37407],[14.58965,37.38601],[14.57894,37.39042],[14.58186,37.40232],[14.59009,37.4095],[14.62054,37.41404],[14.63271,37.42506],[14.6316,37.42944],[14.6269,37.42943],[14.62248,37.43483],[14.61385,37.43409],[14.60724,37.44164],[14.59783,37.44324],[14.58834,37.44956],[14.57992,37.45012],[14.56719,37.44688],[14.56454,37.4462],[14.5574,37.44942],[14.55318,37.44589],[14.54328,37.4497],[14.539,37.45401],[14.52891,37.45891],[14.51739,37.47715],[14.51809,37.4836],[14.52653,37.49684],[14.48785,37.50855],[14.48777,37.51024],[14.50198,37.51061],[14.52361,37.51709],[14.53253,37.52445],[14.53894,37.53706],[14.54347,37.54206],[14.54807,37.539],[14.55168,37.54196],[14.56093,37.53926],[14.55967,37.54261],[14.56719,37.54433],[14.57597,37.54633],[14.57882,37.5436],[14.58708,37.54573],[14.59455,37.5363],[14.63404,37.53666],[14.63825,37.54434],[14.64147,37.54519],[14.64565,37.5463],[14.66329,37.55097],[14.67401,37.55797],[14.68717,37.55585],[14.69285,37.55237],[14.69466,37.55807],[14.69817,37.55902],[14.70114,37.55138],[14.70025,37.5483],[14.70609,37.54959],[14.7123,37.54505],[14.71311,37.53967],[14.72023,37.54109],[14.72503,37.53568],[14.73094,37.53526],[14.73007,37.5301],[14.73749,37.52928],[14.73937,37.52527],[14.7431,37.52665],[14.74538,37.51933],[14.75455,37.51628],[14.76196,37.50408],[14.77035,37.50904],[14.77597,37.5023],[14.78158,37.50322],[14.78633,37.50397],[14.79254,37.51133],[14.79436,37.51726],[14.79256,37.52783],[14.79865,37.5338],[14.8009,37.54304],[14.80052,37.55335],[14.79346,37.55996],[14.79325,37.56378],[14.80836,37.58016],[14.82905,37.58891],[14.82783,37.60808],[14.8206,37.61575],[14.82595,37.62269],[14.82573,37.63066],[14.82196,37.63666],[14.81145,37.63925],[14.80828,37.64538],[14.7982,37.64606],[14.79313,37.65277],[14.79243,37.67415],[14.80214,37.68784],[14.79827,37.69313],[14.7987,37.71101],[14.79787,37.71273],[14.78824,37.70777],[14.783,37.7077],[14.78017,37.70307],[14.75899,37.69299],[14.75236,37.68719],[14.74813,37.68672],[14.73603,37.69238],[14.73355,37.68753],[14.72442,37.68135],[14.71544,37.70189],[14.71449,37.70573],[14.71874,37.71043],[14.72066,37.7187],[14.71694,37.72542],[14.70787,37.7282],[14.70652,37.73101],[14.72793,37.74361],[14.73683,37.75359],[14.73154,37.76012],[14.72412,37.76206],[14.71637,37.76755],[14.71439,37.77407],[14.7212,37.78183],[14.74413,37.79048],[14.73864,37.81039],[14.74227,37.81813],[14.76292,37.82225],[14.76981,37.81983],[14.77374,37.81246],[14.783,37.80986],[14.79852,37.80304],[14.80042,37.80398],[14.80242,37.81581],[14.79684,37.8311],[14.79176,37.83713],[14.79287,37.84164],[14.78881,37.85249],[14.783,37.85871],[14.77652,37.86277],[14.75837,37.86772],[14.74216,37.84832],[14.73928,37.84816],[14.73692,37.85661],[14.74041,37.87593],[14.7381,37.88063],[14.73884,37.90249],[14.76007,37.89922],[14.76768,37.88911],[14.77073,37.89044],[14.77266,37.89843],[14.77853,37.9041],[14.77254,37.90969],[14.76097,37.91297],[14.75735,37.91651],[14.76193,37.92492],[14.76462,37.93927],[14.77815,37.94295],[14.783,37.95013],[14.78467,37.95122],[14.80237,37.95229],[14.81157,37.94186],[14.82854,37.9351],[14.84202,37.95846],[14.85093,37.95429],[14.8477,37.9441],[14.8572,37.92739],[14.86735,37.93101],[14.87705,37.93153],[14.87823,37.93466],[14.89432,37.94799],[14.92756,37.96016],[14.93336,37.9531],[14.94125,37.95079],[14.94153,37.94099]]],[[[14.58381,37.54934],[14.58489,37.54675],[14.57894,37.54725],[14.57812,37.54879],[14.57974,37.55035],[14.58381,37.54934]]]]},"properties":{"code":"ITG17","nom":"Catania","country":"IT"}},{"type":"Feature","geometry":{"type":"MultiPolygon","coordinates":[[[[14.7956,37.11348],[14.80313,37.1104],[14.8144,37.11342],[14.81809,37.11206],[14.82089,37.08307],[14.83619,37.06507],[14.82401,37.06511],[14.81936,37.05624],[14.82851,37.0502],[14.83794,37.05225],[14.8401,37.03872],[14.85316,37.03534],[14.85742,37.0225],[14.86826,37.00846],[14.87904,37.00007],[14.88689,36.98804],[14.88602,36.97173],[14.88957,36.96185],[14.89619,36.95243],[14.90347,36.94865],[14.90571,36.94067],[14.91298,36.93595],[14.92056,36.93462],[14.91984,36.92425],[14.92622,36.92321],[14.92937,36.92008],[14.93479,36.91081],[14.93567,36.89885],[14.9236,36.90842],[14.92087,36.91458],[14.90078,36.9243],[14.86192,36.95639],[14.85559,36.96994],[14.86047,36.97394],[14.848,36.97556],[14.83797,36.97388],[14.84052,36.9493],[14.84118,36.94548],[14.85054,36.94798],[14.86547,36.9436],[14.89568,36.92565],[14.89298,36.92152],[14.878,36.91834],[14.88421,36.89951],[14.90079,36.88946],[14.91391,36.88677],[14.91714,36.88182],[14.92263,36.87985],[14.92142,36.87554],[14.93041,36.87251],[14.9386,36.86368],[14.92917,36.84978],[14.92196,36.84872],[14.89915,36.85741],[14.88705,36.86753],[14.87043,36.87061],[14.86394,36.8644],[14.86158,36.85805],[14.86464,36.8473],[14.85977,36.83211],[14.85347,36.82758],[14.86253,36.81593],[14.8667,36.81467],[14.86519,36.81876],[14.86735,36.82072],[14.88695,36.82415],[14.90315,36.81411],[14.92148,36.81397],[14.94117,36.80555],[14.9427,36.7971],[14.95364,36.8034],[14.96023,36.79825],[14.98826,36.77664],[14.99171,36.75917],[14.98625,36.75089],[14.99338,36.74474],[14.99638,36.73574],[15.00005,36.7155],[14.99642,36.71011],[15.0001,36.70394],[15.00036,36.70285],[14.98936,36.69667],[14.97223,36.69252],[14.95585,36.69501],[14.91609,36.72096],[14.89401,36.72935],[14.86173,36.72997],[14.83585,36.72215],[14.82861,36.71574],[14.8207,36.71634],[14.81215,36.71573],[14.7995,36.70791],[14.783,36.70368],[14.77744,36.71039],[14.76405,36.71038],[14.75784,36.71107],[14.75398,36.7166],[14.74621,36.71992],[14.73406,36.71796],[14.72876,36.72094],[14.71697,36.72034],[14.70423,36.71725],[14.68899,36.722],[14.67174,36.7415],[14.6499,36.75096],[14.64565,36.75477],[14.64147,36.75851],[14.63925,36.7605],[14.62911,36.76485],[14.59523,36.7723],[14.58827,36.77662],[14.56719,36.78028],[14.55714,36.78203],[14.53649,36.78058],[14.52667,36.78321],[14.51406,36.78748],[14.49409,36.78704],[14.47991,36.79988],[14.47762,36.80541],[14.46329,36.81656],[14.45928,36.81814],[14.4566,36.83868],[14.45284,36.84307],[14.44468,36.8686],[14.43873,36.87586],[14.43612,36.88413],[14.42652,36.89235],[14.42068,36.90606],[14.40762,36.92032],[14.38778,36.95024],[14.36076,36.98067],[14.33759,37.00198],[14.36214,37.00313],[14.38379,37.02011],[14.39463,37.02662],[14.41108,37.02744],[14.4332,37.04553],[14.43914,37.04712],[14.44412,37.05295],[14.44708,37.05566],[14.45193,37.05253],[14.47173,37.05086],[14.51764,37.07088],[14.53397,37.07546],[14.53364,37.06438],[14.54233,37.0579],[14.54409,37.05301],[14.55053,37.05582],[14.56367,37.05222],[14.56719,37.05292],[14.56943,37.05337],[14.57156,37.05804],[14.57737,37.05987],[14.58267,37.06852],[14.60679,37.08324],[14.60933,37.08818],[14.61351,37.08932],[14.61796,37.08154],[14.62196,37.08034],[14.63452,37.0858],[14.64147,37.0858],[14.64565,37.09367],[14.64934,37.10064],[14.65794,37.10547],[14.67669,37.10122],[14.6823,37.10882],[14.70234,37.11823],[14.70844,37.12637],[14.72886,37.11646],[14.72551,37.10314],[14.72902,37.09629],[14.74419,37.10055],[14.76385,37.09573],[14.7683,37.10081],[14.783,37.10717],[14.78843,37.10822],[14.7925,37.10512],[14.79553,37.10806],[14.78672,37.11291],[14.783,37.11931],[14.77682,37.12827],[14.77383,37.13356],[14.77488,37.138],[14.77774,37.13924],[14.783,37.13731],[14.79388,37.13205],[14.80043,37.12514],[14.7956,37.11348]]]]},"properties":{"code":"ITG18","nom":"Ragusa","country":"IT"}},{"type":"Feature","geometry":{"type":"MultiPolygon","coordinates":[[[[8.0469,45.12806],[8.04573,45.12301],[8.04435,45.11658],[8.04781,45.10787],[8.05851,45.10218],[8.07539,45.09743],[8.09131,45.11548],[8.09667,45.13188],[8.10137,45.12855],[8.12899,45.123],[8.1283,45.11545],[8.1211,45.10676],[8.1127,45.1067],[8.1096,45.09935],[8.11112,45.0938],[8.12043,45.08856],[8.11893,45.0803],[8.11933,45.06954],[8.13277,45.06691],[8.13382,45.05458],[8.14024,45.05219],[8.15023,45.05351],[8.14706,45.04088],[8.15659,45.03258],[8.15897,45.02748],[8.16906,45.03208],[8.18874,45.0419],[8.19202,45.03503],[8.2066,45.02849],[8.21614,45.01808],[8.21817,45.01481],[8.21627,45.01057],[8.22209,45.01404],[8.23041,45.02605],[8.23025,45.03099],[8.23408,45.03573],[8.2326,45.03911],[8.22888,45.04257],[8.23029,45.05086],[8.24122,45.06289],[8.26455,45.06223],[8.2739,45.06168],[8.28105,45.06423],[8.30254,45.07709],[8.31152,45.07065],[8.30504,45.05958],[8.32141,45.05171],[8.32293,45.04435],[8.32958,45.03522],[8.33328,45.03371],[8.34755,45.03373],[8.35654,45.02809],[8.35847,45.02595],[8.3594,45.00999],[8.3543,45.00674],[8.35162,44.99795],[8.35224,44.99586],[8.35365,44.99412],[8.36111,44.98682],[8.38049,44.98342],[8.38668,44.96969],[8.37912,44.96015],[8.37868,44.95853],[8.38283,44.95023],[8.37698,44.94709],[8.38219,44.93756],[8.37959,44.92916],[8.37794,44.92405],[8.36581,44.92699],[8.36123,44.92047],[8.36153,44.91447],[8.35879,44.91287],[8.36395,44.90775],[8.36741,44.89623],[8.37253,44.88938],[8.37852,44.88602],[8.38425,44.87637],[8.39078,44.87525],[8.38841,44.87121],[8.3813,44.86827],[8.37839,44.86502],[8.3766,44.84836],[8.38106,44.84482],[8.38944,44.84631],[8.39652,44.84281],[8.4073,44.84316],[8.42355,44.84949],[8.42309,44.84523],[8.42825,44.83818],[8.42662,44.83292],[8.42005,44.82638],[8.4238,44.82453],[8.42237,44.81884],[8.43893,44.81209],[8.45284,44.80955],[8.45942,44.80365],[8.46306,44.80594],[8.47862,44.80716],[8.49004,44.79961],[8.48737,44.79536],[8.50015,44.78703],[8.50936,44.78852],[8.51349,44.78707],[8.50158,44.78324],[8.4957,44.78015],[8.49317,44.77383],[8.50015,44.77562],[8.50015,44.77342],[8.50134,44.77191],[8.50015,44.77102],[8.4903,44.76367],[8.48433,44.75396],[8.48908,44.75325],[8.48793,44.74651],[8.48171,44.74679],[8.47391,44.7529],[8.46404,44.7548],[8.45898,44.75255],[8.45388,44.74711],[8.45106,44.7388],[8.44598,44.7406],[8.43975,44.73677],[8.42147,44.73191],[8.42808,44.7203],[8.42614,44.71331],[8.43334,44.71105],[8.42936,44.70897],[8.42014,44.71055],[8.40875,44.70684],[8.41268,44.6959],[8.42032,44.69492],[8.41784,44.69156],[8.39307,44.686],[8.38184,44.68911],[8.37096,44.69548],[8.36255,44.6953],[8.35492,44.69253],[8.34853,44.69284],[8.3467,44.68932],[8.35554,44.6761],[8.35112,44.66647],[8.35406,44.65613],[8.35558,44.65443],[8.35367,44.63523],[8.34156,44.62354],[8.33335,44.62006],[8.32988,44.62191],[8.32667,44.62071],[8.31461,44.60423],[8.31636,44.59652],[8.31949,44.59398],[8.33431,44.58793],[8.34007,44.59141],[8.34692,44.59185],[8.35094,44.58993],[8.35087,44.58571],[8.36387,44.58039],[8.36793,44.57451],[8.36014,44.57108],[8.34976,44.5723],[8.33695,44.56661],[8.32955,44.56066],[8.32031,44.55851],[8.30433,44.56371],[8.29808,44.56357],[8.28417,44.55642],[8.28433,44.55373],[8.27961,44.54523],[8.28239,44.54072],[8.27961,44.53826],[8.2805,44.53487],[8.28026,44.53203],[8.27287,44.52961],[8.2616,44.51942],[8.25282,44.52874],[8.24572,44.54791],[8.23737,44.54874],[8.24,44.55475],[8.23232,44.56167],[8.24134,44.5712],[8.24563,44.56972],[8.24411,44.57954],[8.23238,44.5896],[8.23059,44.59407],[8.23327,44.59943],[8.22482,44.6037],[8.21762,44.61516],[8.21417,44.61672],[8.20888,44.61489],[8.19777,44.61523],[8.1957,44.61813],[8.19779,44.62332],[8.19449,44.62855],[8.19703,44.63164],[8.20437,44.63615],[8.20728,44.64552],[8.21811,44.65145],[8.22614,44.66178],[8.2233,44.66992],[8.22337,44.67307],[8.22473,44.67946],[8.25949,44.69661],[8.2677,44.71104],[8.25758,44.72133],[8.25684,44.73225],[8.25052,44.73096],[8.23776,44.72356],[8.22858,44.72368],[8.22249,44.72823],[8.21774,44.72812],[8.21157,44.7294],[8.20344,44.74368],[8.20758,44.74724],[8.20661,44.75066],[8.18159,44.75118],[8.17815,44.7372],[8.172,44.73226],[8.16329,44.73276],[8.16551,44.72323],[8.15956,44.71848],[8.15726,44.71394],[8.15225,44.71314],[8.13686,44.73267],[8.13768,44.73818],[8.13277,44.74643],[8.11978,44.7512],[8.11272,44.74853],[8.09758,44.75695],[8.09636,44.75843],[8.10226,44.76074],[8.10417,44.76401],[8.10437,44.77312],[8.11439,44.7708],[8.1242,44.7758],[8.12711,44.78118],[8.13765,44.78336],[8.12854,44.79264],[8.13059,44.81012],[8.12015,44.81387],[8.10742,44.81026],[8.09621,44.8219],[8.08604,44.81684],[8.07871,44.80821],[8.07255,44.80831],[8.07115,44.80632],[8.05555,44.81039],[8.04784,44.80456],[8.04537,44.7993],[8.0275,44.81507],[8.01971,44.81675],[8.01404,44.8145],[8.00588,44.81512],[7.99557,44.81836],[7.98752,44.82545],[7.98423,44.8272],[7.97897,44.84675],[7.9647,44.85659],[7.96083,44.85262],[7.95547,44.85248],[7.95411,44.84999],[7.95461,44.8477],[7.95195,44.84767],[7.94791,44.84731],[7.94525,44.84686],[7.94339,44.84631],[7.93118,44.85481],[7.92636,44.86454],[7.92612,44.87232],[7.91896,44.87605],[7.91774,44.88284],[7.9091,44.88559],[7.8996,44.88068],[7.88591,44.88464],[7.88587,44.89589],[7.8944,44.89695],[7.91509,44.89199],[7.91954,44.89312],[7.92573,44.90174],[7.92052,44.90967],[7.92009,44.91541],[7.91731,44.91701],[7.89944,44.91621],[7.89307,44.91558],[7.88795,44.92087],[7.88345,44.93623],[7.89031,44.93628],[7.89976,44.94103],[7.9021,44.96015],[7.90279,44.9658],[7.92804,44.98301],[7.93267,44.99392],[7.93313,45.00036],[7.91641,45.0037],[7.91891,45.01653],[7.92199,45.02288],[7.95383,45.02966],[7.95231,45.03539],[7.957,45.0425],[7.94753,45.04879],[7.94516,45.05507],[7.94073,45.05716],[7.9373,45.04266],[7.92948,45.04171],[7.92826,45.04922],[7.92361,45.05452],[7.91037,45.05961],[7.90613,45.05869],[7.90027,45.06163],[7.89303,45.05986],[7.89448,45.07919],[7.89702,45.08233],[7.89615,45.09498],[7.90616,45.09507],[7.91823,45.07562],[7.92391,45.0827],[7.93717,45.0818],[7.939,45.0855],[7.94221,45.08625],[7.93624,45.09821],[7.92852,45.10472],[7.95039,45.11565],[7.96684,45.11666],[7.98029,45.12382],[7.98396,45.12755],[7.98979,45.12914],[8.00631,45.12863],[8.01457,45.12542],[8.02004,45.12709],[8.0259,45.13247],[8.03393,45.12938],[8.0469,45.12806]]]]},"properties":{"code":"ITC17","nom":"Asti","country":"IT"}},{"type":"Feature","geometry":{"type":"MultiPolygon","coordinates":[[[[13.17262,43.75035],[13.21966,43.72197],[13.24981,43.70009],[13.3003,43.67223],[13.3482,43.65128],[13.35362,43.64954],[13.38195,43.64046],[13.40042,43.62973],[13.42279,43.62048],[13.45378,43.61066],[13.4813,43.60713],[13.49384,43.61459],[13.49441,43.62042],[13.49907,43.62027],[13.504,43.61703],[13.50707,43.61905],[13.50749,43.62271],[13.5013,43.62939],[13.50636,43.6305],[13.51521,43.62453],[13.53073,43.61983],[13.53912,43.61062],[13.55266,43.6021],[13.56526,43.58836],[13.56859,43.57673],[13.57388,43.57056],[13.5846,43.56517],[13.59451,43.56513],[13.60902,43.55928],[13.61773,43.5521],[13.62547,43.54946],[13.62767,43.54608],[13.62556,43.54164],[13.62134,43.5328],[13.62404,43.51557],[13.62387,43.50102],[13.6421,43.47414],[13.62426,43.46879],[13.60581,43.4624],[13.60252,43.45961],[13.60354,43.45613],[13.62647,43.45205],[13.63544,43.44543],[13.65544,43.44635],[13.6565,43.43154],[13.63152,43.42079],[13.61772,43.4173],[13.58535,43.41975],[13.57954,43.43139],[13.58904,43.43741],[13.59572,43.44653],[13.57506,43.44193],[13.53289,43.43981],[13.51095,43.44345],[13.50698,43.44015],[13.48087,43.43641],[13.47331,43.43875],[13.45744,43.43887],[13.44856,43.44597],[13.43199,43.43428],[13.41388,43.43559],[13.39991,43.42219],[13.38195,43.41627],[13.36765,43.41047],[13.36407,43.40658],[13.35723,43.40507],[13.35619,43.3984],[13.35362,43.39752],[13.35024,43.39636],[13.33589,43.39146],[13.33444,43.39492],[13.32797,43.39486],[13.32358,43.39636],[13.3142,43.39957],[13.30123,43.4154],[13.28608,43.42548],[13.28297,43.44359],[13.27218,43.4549],[13.28079,43.46117],[13.24445,43.45937],[13.23429,43.44688],[13.22758,43.4427],[13.22891,43.43422],[13.22327,43.4324],[13.21055,43.41728],[13.16809,43.41884],[13.15021,43.41358],[13.14553,43.41691],[13.13516,43.41834],[13.12346,43.42789],[13.09183,43.43584],[13.0858,43.42409],[13.07253,43.41626],[13.07211,43.40951],[13.08001,43.4057],[13.08615,43.39765],[13.08522,43.39636],[13.07993,43.38902],[13.07267,43.39085],[13.07057,43.38559],[13.0622,43.38114],[13.06426,43.3763],[13.06276,43.36807],[13.04847,43.35774],[13.0461,43.34363],[13.03566,43.33982],[13.04053,43.33604],[13.02451,43.32647],[13.01442,43.30993],[13.00819,43.30561],[13.0014,43.30617],[12.99607,43.3024],[12.9884,43.30292],[12.98915,43.29846],[12.9825,43.2927],[12.98042,43.28915],[12.97042,43.28237],[12.92077,43.27124],[12.91037,43.27052],[12.90292,43.27998],[12.89454,43.26987],[12.88432,43.26871],[12.88222,43.26244],[12.88589,43.25697],[12.88435,43.25311],[12.88781,43.24298],[12.89831,43.23075],[12.89474,43.22713],[12.87957,43.22375],[12.86236,43.21123],[12.85013,43.21044],[12.83661,43.21752],[12.83728,43.22447],[12.82868,43.23525],[12.82921,43.24106],[12.82593,43.24734],[12.82992,43.25977],[12.8252,43.26208],[12.82339,43.26664],[12.80402,43.27103],[12.78925,43.28289],[12.79984,43.29187],[12.80218,43.30647],[12.79865,43.32403],[12.79447,43.32829],[12.79357,43.33411],[12.78251,43.34114],[12.78193,43.34505],[12.77316,43.35083],[12.76987,43.36024],[12.75938,43.36434],[12.75863,43.36553],[12.75799,43.37227],[12.74996,43.3788],[12.75224,43.38561],[12.74682,43.39043],[12.75223,43.39521],[12.75836,43.39636],[12.76277,43.3972],[12.77379,43.40223],[12.78067,43.41496],[12.76616,43.42758],[12.76759,43.4328],[12.77112,43.43445],[12.76657,43.44009],[12.76665,43.44466],[12.77565,43.45098],[12.76746,43.45983],[12.7749,43.47149],[12.79843,43.47995],[12.7963,43.49146],[12.80588,43.50404],[12.81173,43.50517],[12.81927,43.51134],[12.83134,43.50991],[12.84268,43.51811],[12.8446,43.52525],[12.87679,43.53613],[12.88528,43.54164],[12.88938,43.5443],[12.90299,43.55729],[12.91125,43.56077],[12.92106,43.5736],[12.91836,43.58251],[12.92298,43.58779],[12.92779,43.587],[12.93618,43.58973],[12.94289,43.59659],[12.95381,43.59788],[12.95767,43.59631],[12.96782,43.60648],[12.97875,43.62298],[12.98413,43.63717],[12.98775,43.65012],[12.98622,43.65537],[13.00239,43.65514],[13.02637,43.67594],[13.03777,43.67604],[13.06978,43.69302],[13.07895,43.70387],[13.07409,43.70815],[13.07576,43.71306],[13.06265,43.72333],[13.07143,43.7244],[13.07716,43.72797],[13.09757,43.72912],[13.10495,43.72661],[13.11806,43.7283],[13.13605,43.73311],[13.14467,43.74028],[13.16045,43.74284],[13.17262,43.75035]],[[13.09072,43.71438],[13.08556,43.7186],[13.07834,43.71275],[13.08311,43.70995],[13.08337,43.71203],[13.09072,43.71438]],[[13.08733,43.72018],[13.09119,43.71721],[13.09511,43.71957],[13.0977,43.71803],[13.10102,43.7201],[13.10066,43.72139],[13.09622,43.72042],[13.09194,43.72384],[13.08733,43.72018]]]]},"properties":{"code":"ITI32","nom":"Ancona","country":"IT"}},{"type":"Feature","geometry":{"type":"MultiPolygon","coordinates":[[[[8.45417,46.45452],[8.46199,46.45071],[8.4658,46.44263],[8.45829,46.43538],[8.46013,46.42887],[8.45724,46.42312],[8.46754,46.41231],[8.46369,46.40396],[8.47021,46.3962],[8.46155,46.38718],[8.46567,46.38078],[8.46882,46.36211],[8.4621,46.35309],[8.46436,46.34465],[8.46396,46.33301],[8.45333,46.32165],[8.44372,46.31949],[8.44053,46.30412],[8.42774,46.2983],[8.43586,46.2863],[8.44983,46.27394],[8.45495,46.26518],[8.44319,46.25477],[8.44453,46.24888],[8.44727,46.2479],[8.45018,46.24816],[8.45375,46.24751],[8.45901,46.24603],[8.46077,46.24478],[8.46411,46.24455],[8.46868,46.23289],[8.49292,46.22889],[8.50015,46.22596],[8.51234,46.22103],[8.52719,46.2201],[8.53212,46.21768],[8.53682,46.2037],[8.54245,46.19738],[8.55255,46.19234],[8.55531,46.18613],[8.56388,46.18326],[8.56969,46.17706],[8.57514,46.16368],[8.58608,46.16193],[8.5896,46.15663],[8.60255,46.15475],[8.59354,46.14369],[8.60928,46.13271],[8.61117,46.12453],[8.61379,46.12173],[8.62889,46.12233],[8.63424,46.12241],[8.63772,46.12262],[8.64021,46.12277],[8.64552,46.1236],[8.64803,46.12333],[8.6479,46.12253],[8.65893,46.11258],[8.67009,46.10936],[8.67816,46.11016],[8.6858,46.10257],[8.69803,46.10161],[8.71394,46.09727],[8.70736,46.08971],[8.70588,46.0828],[8.71398,46.06603],[8.72055,46.04166],[8.72907,46.02684],[8.7289,46.02344],[8.72805,46.02112],[8.72645,46.01797],[8.72213,46.01338],[8.71934,46.01114],[8.71478,46.00821],[8.7124,46.00675],[8.70587,46.0032],[8.70072,45.99994],[8.69058,45.99275],[8.68232,45.98689],[8.65412,45.96609],[8.63772,45.95388],[8.6169,45.93838],[8.60873,45.93245],[8.60016,45.92622],[8.59386,45.92183],[8.58791,45.91693],[8.58578,45.91485],[8.58269,45.91183],[8.5781,45.90615],[8.57624,45.90532],[8.57399,45.90379],[8.57275,45.90279],[8.57165,45.90133],[8.57066,45.90003],[8.56947,45.89413],[8.57016,45.89125],[8.57053,45.88951],[8.57169,45.887],[8.57671,45.87986],[8.57851,45.87795],[8.58001,45.8753],[8.58148,45.87173],[8.5822,45.87035],[8.58468,45.86403],[8.58693,45.8604],[8.58928,45.85723],[8.59233,45.85245],[8.59384,45.84834],[8.59464,45.84479],[8.59507,45.83852],[8.59547,45.83582],[8.59522,45.83361],[8.59439,45.82947],[8.59381,45.82822],[8.56332,45.83702],[8.5603,45.85182],[8.55728,45.85558],[8.55125,45.85157],[8.54564,45.84799],[8.54119,45.83851],[8.52719,45.83959],[8.51798,45.83571],[8.5062,45.8347],[8.50015,45.83385],[8.4948,45.83309],[8.49824,45.84732],[8.48692,45.85027],[8.4757,45.85664],[8.47362,45.86718],[8.46211,45.87142],[8.45749,45.87661],[8.45062,45.85726],[8.43707,45.8449],[8.42229,45.83685],[8.42082,45.82978],[8.40954,45.83151],[8.40785,45.84597],[8.39929,45.85427],[8.39515,45.84459],[8.39408,45.84254],[8.3928,45.83949],[8.37744,45.83846],[8.37547,45.82629],[8.38174,45.81192],[8.37521,45.80578],[8.3748,45.78419],[8.36891,45.78361],[8.36647,45.7784],[8.35589,45.77502],[8.3499,45.77237],[8.34555,45.77196],[8.34012,45.77559],[8.33657,45.77567],[8.33366,45.77175],[8.32079,45.76899],[8.31824,45.76693],[8.32012,45.7786],[8.31625,45.78393],[8.32015,45.79047],[8.31744,45.79232],[8.32233,45.80913],[8.32929,45.82993],[8.32276,45.83278],[8.3222,45.8387],[8.33404,45.84329],[8.33476,45.8468],[8.3278,45.85505],[8.31954,45.85557],[8.31714,45.85957],[8.31559,45.86496],[8.30385,45.86985],[8.29422,45.87119],[8.29522,45.87917],[8.30224,45.88675],[8.29595,45.88994],[8.2876,45.89052],[8.27717,45.89591],[8.26833,45.90683],[8.24577,45.91055],[8.23903,45.91093],[8.22889,45.92048],[8.21309,45.92593],[8.20463,45.9367],[8.20903,45.94504],[8.19219,45.95041],[8.18233,45.94923],[8.15845,45.93562],[8.1473,45.93342],[8.13036,45.9329],[8.12275,45.93036],[8.111,45.93111],[8.09654,45.92321],[8.08604,45.92241],[8.06505,45.93509],[8.04436,45.93631],[8.03154,45.93054],[8.01424,45.92855],[7.99676,45.91441],[7.96205,45.90063],[7.94366,45.90708],[7.93819,45.91323],[7.92364,45.9209],[7.90479,45.92591],[7.87714,45.92695],[7.86896,45.9377],[7.8705,45.94624],[7.87687,45.94986],[7.87592,45.9578],[7.88146,45.96467],[7.879,45.97046],[7.8779,45.97306],[7.89371,45.97903],[7.90868,45.99694],[7.9585,45.99629],[7.97645,45.9991],[7.98909,45.99593],[8.00137,46.01148],[8.01241,46.01197],[8.01153,46.01952],[8.01675,46.02533],[8.0132,46.03166],[8.02248,46.0388],[8.03458,46.04432],[8.02241,46.06964],[8.03476,46.10084],[8.05567,46.1017],[8.06686,46.10537],[8.082,46.10575],[8.10823,46.11163],[8.11376,46.11845],[8.11676,46.13065],[8.12731,46.13558],[8.14311,46.13654],[8.14961,46.14061],[8.15441,46.14731],[8.14971,46.15818],[8.15073,46.16384],[8.15898,46.17386],[8.16528,46.17691],[8.16455,46.1829],[8.15333,46.19209],[8.15131,46.20227],[8.14357,46.21198],[8.13888,46.22615],[8.12565,46.22932],[8.12101,46.23507],[8.11394,46.23792],[8.11015,46.24872],[8.10162,46.24947],[8.1001,46.25223],[8.08772,46.25424],[8.0813,46.26028],[8.08554,46.26264],[8.08685,46.26653],[8.09724,46.27174],[8.10556,46.27904],[8.11485,46.28253],[8.12212,46.29259],[8.14112,46.30193],[8.16141,46.29622],[8.17893,46.2977],[8.1929,46.3035],[8.19617,46.3023],[8.19875,46.30225],[8.20089,46.30347],[8.20539,46.30602],[8.21145,46.30958],[8.21554,46.31982],[8.22393,46.32525],[8.22257,46.33036],[8.22529,46.33461],[8.23531,46.33999],[8.2488,46.3408],[8.2534,46.34607],[8.2617,46.34636],[8.26098,46.34873],[8.26531,46.3527],[8.26159,46.36093],[8.2636,46.36353],[8.27244,46.36636],[8.28392,46.36427],[8.29986,46.37368],[8.31229,46.37719],[8.31874,46.38613],[8.31472,46.39001],[8.31679,46.39496],[8.31433,46.39976],[8.30949,46.40319],[8.30405,46.40258],[8.28893,46.40811],[8.29794,46.41385],[8.30749,46.42585],[8.31422,46.42385],[8.32451,46.42565],[8.36365,46.45046],[8.37304,46.45275],[8.37991,46.45102],[8.38472,46.45216],[8.39291,46.45223],[8.40829,46.45852],[8.43955,46.46415],[8.44941,46.46192],[8.45417,46.45452]]]]},"properties":{"code":"ITC14","nom":"Verbano-Cusio-Ossola","country":"IT"}},{"type":"Feature","geometry":{"type":"MultiPolygon","coordinates":[[[[8.49824,45.84732],[8.4948,45.83309],[8.50015,45.83385],[8.5062,45.8347],[8.51798,45.83571],[8.52719,45.83959],[8.54119,45.83851],[8.54564,45.84799],[8.55125,45.85157],[8.55728,45.85558],[8.5603,45.85182],[8.56332,45.83702],[8.59381,45.82822],[8.59205,45.82444],[8.58796,45.81893],[8.58167,45.81366],[8.5801,45.81287],[8.57812,45.8118],[8.56716,45.80867],[8.56353,45.80724],[8.5583,45.80356],[8.55558,45.80004],[8.55481,45.79814],[8.5538,45.79576],[8.55268,45.79127],[8.55242,45.7899],[8.55229,45.7881],[8.55568,45.77499],[8.55734,45.77286],[8.56516,45.76639],[8.5703,45.76116],[8.57534,45.75629],[8.57811,45.75314],[8.57966,45.75172],[8.58244,45.74917],[8.59377,45.73041],[8.60334,45.72635],[8.62934,45.72238],[8.63772,45.72249],[8.6432,45.72256],[8.64783,45.71998],[8.65423,45.71205],[8.65379,45.70744],[8.64146,45.68725],[8.64045,45.68472],[8.64116,45.67731],[8.64439,45.67548],[8.66162,45.67457],[8.67516,45.67728],[8.68012,45.67635],[8.6815,45.66953],[8.67031,45.66349],[8.67358,45.65692],[8.68245,45.64946],[8.68753,45.64228],[8.68796,45.63739],[8.68522,45.6344],[8.67787,45.63431],[8.67074,45.64092],[8.66509,45.64267],[8.65962,45.63997],[8.66166,45.63447],[8.6654,45.62996],[8.66289,45.62261],[8.68131,45.62044],[8.69388,45.60965],[8.69021,45.60641],[8.70174,45.6016],[8.70473,45.59244],[8.70373,45.588],[8.69516,45.58072],[8.69385,45.5767],[8.70513,45.56894],[8.7069,45.55832],[8.70643,45.55545],[8.71102,45.54133],[8.71942,45.53106],[8.71376,45.52646],[8.71321,45.51993],[8.72285,45.50764],[8.72718,45.50305],[8.74004,45.49818],[8.7571,45.49806],[8.77272,45.48531],[8.7875,45.48623],[8.78899,45.4841],[8.79115,45.46875],[8.78817,45.4642],[8.78937,45.46198],[8.79294,45.4598],[8.79999,45.45582],[8.80079,45.45468],[8.81056,45.44435],[8.81001,45.43255],[8.81803,45.43472],[8.82556,45.43312],[8.82148,45.42831],[8.82455,45.4195],[8.84221,45.39895],[8.84292,45.39384],[8.83062,45.39079],[8.82289,45.39223],[8.81351,45.38974],[8.81021,45.38317],[8.80217,45.37991],[8.791,45.37984],[8.76713,45.38758],[8.76182,45.37781],[8.75003,45.37537],[8.73079,45.37554],[8.7224,45.37896],[8.71909,45.37808],[8.72043,45.37475],[8.72116,45.37102],[8.7305,45.3676],[8.74447,45.35533],[8.75457,45.35699],[8.76068,45.3557],[8.75879,45.35367],[8.76144,45.34777],[8.74374,45.33937],[8.74214,45.33206],[8.72479,45.33571],[8.72314,45.32003],[8.71977,45.31739],[8.71417,45.30163],[8.69066,45.29253],[8.6857,45.29389],[8.66574,45.29226],[8.66337,45.30111],[8.65889,45.30367],[8.66226,45.3106],[8.65682,45.31759],[8.65573,45.32568],[8.63772,45.33691],[8.63168,45.33838],[8.63338,45.34873],[8.62399,45.35259],[8.62104,45.35641],[8.61752,45.35278],[8.61353,45.3545],[8.59815,45.34823],[8.59091,45.35138],[8.57718,45.34779],[8.55792,45.35346],[8.55315,45.36148],[8.55016,45.35272],[8.52639,45.34218],[8.52782,45.33709],[8.53291,45.33439],[8.53792,45.31725],[8.53148,45.31869],[8.52465,45.31343],[8.51738,45.31173],[8.51356,45.31328],[8.51204,45.31672],[8.50701,45.31883],[8.50015,45.31566],[8.49321,45.31245],[8.4807,45.32197],[8.47282,45.32116],[8.4632,45.32812],[8.4673,45.33914],[8.47138,45.34089],[8.47754,45.33917],[8.48172,45.34414],[8.49956,45.34772],[8.49498,45.35418],[8.49828,45.36046],[8.49631,45.37249],[8.48593,45.37595],[8.48693,45.38034],[8.47257,45.37956],[8.46866,45.38382],[8.46038,45.38203],[8.45864,45.37872],[8.4553,45.37825],[8.45017,45.38864],[8.4484,45.38974],[8.44242,45.39345],[8.43332,45.41109],[8.42908,45.41205],[8.42427,45.40915],[8.41187,45.40743],[8.40891,45.39818],[8.40054,45.39619],[8.40386,45.40795],[8.40618,45.41916],[8.40503,45.44236],[8.40828,45.44764],[8.40764,45.45164],[8.40275,45.45468],[8.40243,45.46991],[8.40597,45.47011],[8.40784,45.47037],[8.41175,45.47139],[8.4119,45.47997],[8.40159,45.49065],[8.40255,45.50733],[8.40286,45.51083],[8.40327,45.51337],[8.40334,45.51549],[8.40299,45.51633],[8.40299,45.53103],[8.39786,45.54084],[8.39989,45.5429],[8.39933,45.56089],[8.39124,45.57823],[8.39314,45.59252],[8.38884,45.61994],[8.3724,45.63479],[8.35577,45.6378],[8.34705,45.64514],[8.35515,45.65111],[8.34661,45.65541],[8.34109,45.66181],[8.33324,45.67153],[8.33178,45.6778],[8.3219,45.68324],[8.31059,45.69721],[8.3202,45.70383],[8.33002,45.7017],[8.33889,45.70551],[8.34694,45.70256],[8.35621,45.70626],[8.36612,45.707],[8.37414,45.69851],[8.38565,45.69689],[8.39202,45.70348],[8.38245,45.71023],[8.38696,45.72041],[8.38589,45.7202],[8.3781,45.72886],[8.38026,45.73341],[8.37798,45.73858],[8.36988,45.7385],[8.37115,45.7442],[8.35439,45.75694],[8.35626,45.76787],[8.3499,45.77237],[8.35589,45.77502],[8.36647,45.7784],[8.36891,45.78361],[8.3748,45.78419],[8.37521,45.80578],[8.38174,45.81192],[8.37547,45.82629],[8.37744,45.83846],[8.3928,45.83949],[8.39408,45.84254],[8.39515,45.84459],[8.39929,45.85427],[8.40785,45.84597],[8.40954,45.83151],[8.42082,45.82978],[8.42229,45.83685],[8.43707,45.8449],[8.45062,45.85726],[8.45749,45.87661],[8.46211,45.87142],[8.47362,45.86718],[8.4757,45.85664],[8.48692,45.85027],[8.49824,45.84732]]]]},"properties":{"code":"ITC15","nom":"Novara","country":"IT"}},{"type":"Feature","geometry":{"type":"MultiPolygon","coordinates":[[[[18.20138,40.46773],[18.21159,40.4628],[18.22154,40.45351],[18.2346,40.44811],[18.24829,40.43796],[18.25929,40.42469],[18.26941,40.41851],[18.27853,40.40806],[18.30584,40.39161],[18.30585,40.38307],[18.31686,40.37247],[18.34982,40.35322],[18.37528,40.32783],[18.38177,40.32084],[18.39015,40.31181],[18.40524,40.30343],[18.41004,40.29832],[18.42301,40.29323],[18.43128,40.28385],[18.43096,40.27241],[18.44099,40.26826],[18.44511,40.25447],[18.46362,40.22726],[18.46434,40.22195],[18.45836,40.21013],[18.45908,40.2029],[18.46458,40.19259],[18.47163,40.18818],[18.47787,40.17926],[18.47938,40.17381],[18.48149,40.16622],[18.49096,40.15351],[18.4881,40.14858],[18.49346,40.14584],[18.50304,40.14653],[18.50887,40.13949],[18.5163,40.13537],[18.50937,40.13033],[18.5072,40.12537],[18.51931,40.10612],[18.48295,40.07735],[18.47503,40.04443],[18.46327,40.03608],[18.44925,40.03008],[18.44422,40.03049],[18.43566,40.02455],[18.43405,40.01606],[18.431,39.99995],[18.42419,39.99997],[18.41671,39.99401],[18.40755,39.97478],[18.40303,39.96006],[18.39414,39.91316],[18.39086,39.90753],[18.39309,39.90325],[18.39721,39.89593],[18.39896,39.88075],[18.39738,39.87184],[18.39342,39.8683],[18.39445,39.86287],[18.3916,39.86037],[18.39015,39.8481],[18.38489,39.84124],[18.38604,39.83161],[18.39015,39.82453],[18.39117,39.82006],[18.39015,39.81686],[18.38177,39.80768],[18.36907,39.79374],[18.36199,39.79737],[18.34431,39.79162],[18.33375,39.79616],[18.32724,39.80624],[18.31852,39.80995],[18.31371,39.80927],[18.30843,39.81648],[18.28824,39.82497],[18.26565,39.83567],[18.24014,39.83447],[18.20738,39.83724],[18.19057,39.84674],[18.17215,39.85117],[18.1634,39.85822],[18.15067,39.8618],[18.11948,39.88499],[18.08606,39.90068],[18.07691,39.9076],[18.06852,39.91839],[18.04826,39.9289],[18.04514,39.93565],[18.03117,39.94933],[18.02331,39.96475],[18.01281,39.97081],[17.99656,39.99578],[18.00719,39.99764],[18.0159,40.0056],[18.01959,40.01615],[18.01699,40.03062],[18.00592,40.04453],[17.99652,40.05015],[17.97804,40.05541],[17.99091,40.06114],[18.00686,40.07698],[18.01033,40.0862],[18.01073,40.10128],[18.0039,40.11384],[17.99849,40.12138],[17.99469,40.13042],[17.99398,40.13212],[17.98767,40.13878],[17.98088,40.13953],[17.97113,40.14729],[17.96377,40.14837],[17.95925,40.1578],[17.95419,40.15964],[17.94499,40.16876],[17.93748,40.17128],[17.93506,40.17381],[17.9264,40.18285],[17.91806,40.19855],[17.92225,40.20705],[17.91988,40.21382],[17.92494,40.21863],[17.92479,40.22201],[17.9102,40.23477],[17.91159,40.23853],[17.90288,40.24276],[17.90881,40.24445],[17.90357,40.25552],[17.89122,40.25901],[17.88202,40.26893],[17.87031,40.27285],[17.85955,40.28359],[17.84974,40.285],[17.83767,40.2821],[17.81562,40.28896],[17.77628,40.29406],[17.76649,40.29306],[17.7635,40.29551],[17.76803,40.31159],[17.78502,40.31163],[17.78014,40.32704],[17.79212,40.33671],[17.79931,40.3535],[17.79841,40.37964],[17.80379,40.38171],[17.80542,40.38856],[17.82015,40.39506],[17.82145,40.39918],[17.82474,40.4038],[17.84763,40.40898],[17.86739,40.41628],[17.88279,40.41607],[17.88725,40.42223],[17.89461,40.42327],[17.93498,40.4287],[17.9395,40.43958],[17.95339,40.4576],[17.95553,40.45681],[17.97434,40.45494],[17.97854,40.45651],[17.98234,40.45889],[17.99101,40.465],[17.99469,40.46732],[18.00347,40.46813],[18.01901,40.46418],[18.02729,40.46981],[18.03142,40.48166],[18.04148,40.48756],[18.04898,40.47373],[18.05454,40.47472],[18.06079,40.4711],[18.06307,40.46489],[18.07259,40.46315],[18.07407,40.47737],[18.08141,40.48711],[18.08075,40.49323],[18.08928,40.5065],[18.09068,40.51119],[18.09745,40.51538],[18.11184,40.50848],[18.12267,40.49759],[18.12747,40.49313],[18.14442,40.48648],[18.16988,40.48018],[18.18476,40.46988],[18.20138,40.46773]]],[[[18.07317,40.4784],[18.07124,40.47702],[18.06813,40.47802],[18.06418,40.47656],[18.06102,40.47401],[18.05935,40.47549],[18.06232,40.47736],[18.05897,40.47963],[18.06442,40.48199],[18.06467,40.48369],[18.06932,40.48703],[18.07103,40.48469],[18.07317,40.4784]]]]},"properties":{"code":"ITF45","nom":"Lecce","country":"IT"}},{"type":"Feature","geometry":{"type":"MultiPolygon","coordinates":[[[[7.98752,44.82545],[7.99557,44.81836],[8.00588,44.81512],[8.01404,44.8145],[8.01971,44.81675],[8.0275,44.81507],[8.04537,44.7993],[8.04784,44.80456],[8.05555,44.81039],[8.07115,44.80632],[8.07255,44.80831],[8.07871,44.80821],[8.08604,44.81684],[8.09621,44.8219],[8.10742,44.81026],[8.12015,44.81387],[8.13059,44.81012],[8.12854,44.79264],[8.13765,44.78336],[8.12711,44.78118],[8.1242,44.7758],[8.11439,44.7708],[8.10437,44.77312],[8.10417,44.76401],[8.10226,44.76074],[8.09636,44.75843],[8.09758,44.75695],[8.11272,44.74853],[8.11978,44.7512],[8.13277,44.74643],[8.13768,44.73818],[8.13686,44.73267],[8.15225,44.71314],[8.15726,44.71394],[8.15956,44.71848],[8.16551,44.72323],[8.16329,44.73276],[8.172,44.73226],[8.17815,44.7372],[8.18159,44.75118],[8.20661,44.75066],[8.20758,44.74724],[8.20344,44.74368],[8.21157,44.7294],[8.21774,44.72812],[8.22249,44.72823],[8.22858,44.72368],[8.23776,44.72356],[8.25052,44.73096],[8.25684,44.73225],[8.25758,44.72133],[8.2677,44.71104],[8.25949,44.69661],[8.22473,44.67946],[8.22337,44.67307],[8.2233,44.66992],[8.22614,44.66178],[8.21811,44.65145],[8.20728,44.64552],[8.20437,44.63615],[8.19703,44.63164],[8.19449,44.62855],[8.19779,44.62332],[8.1957,44.61813],[8.19777,44.61523],[8.20888,44.61489],[8.21417,44.61672],[8.21762,44.61516],[8.22482,44.6037],[8.23327,44.59943],[8.23059,44.59407],[8.23238,44.5896],[8.24411,44.57954],[8.24563,44.56972],[8.24134,44.5712],[8.23232,44.56167],[8.24,44.55475],[8.23737,44.54874],[8.24572,44.54791],[8.25282,44.52874],[8.23949,44.51956],[8.22476,44.51433],[8.21673,44.49523],[8.22332,44.48563],[8.21877,44.48242],[8.21068,44.48155],[8.20697,44.47769],[8.19768,44.4782],[8.19741,44.46758],[8.19781,44.46296],[8.21028,44.4555],[8.21005,44.44963],[8.20713,44.44808],[8.22188,44.432],[8.21954,44.4263],[8.20898,44.41751],[8.20728,44.40498],[8.19937,44.40353],[8.18707,44.39591],[8.17491,44.3987],[8.16307,44.38676],[8.14955,44.38477],[8.15039,44.3753],[8.14205,44.37142],[8.14151,44.36805],[8.14814,44.35433],[8.14378,44.34469],[8.13693,44.33953],[8.13431,44.33208],[8.12924,44.33119],[8.12494,44.33307],[8.1176,44.33337],[8.1129,44.33329],[8.10583,44.33035],[8.10858,44.31536],[8.10199,44.30091],[8.08578,44.30633],[8.08218,44.31117],[8.07633,44.31338],[8.07238,44.31217],[8.06717,44.30569],[8.05968,44.30144],[8.06185,44.29887],[8.06397,44.28895],[8.07621,44.28713],[8.0831,44.27817],[8.09071,44.27472],[8.08229,44.26295],[8.06313,44.25305],[8.07078,44.24834],[8.07231,44.24352],[8.08054,44.24011],[8.06877,44.22726],[8.06716,44.21463],[8.07546,44.20616],[8.08799,44.20314],[8.09379,44.19736],[8.09173,44.18748],[8.09642,44.179],[8.09078,44.17315],[8.08328,44.169],[8.07953,44.16128],[8.074,44.15816],[8.07424,44.15178],[8.06961,44.14597],[8.04295,44.14281],[8.0298,44.15319],[8.01588,44.1557],[8.00676,44.15442],[7.98906,44.14467],[7.98051,44.13875],[7.97896,44.13352],[7.98912,44.13292],[7.99326,44.12724],[8.00494,44.12572],[8.01195,44.12031],[8.00367,44.11538],[8.01563,44.11068],[8.01173,44.10524],[8.00533,44.10281],[7.9962,44.10744],[7.97153,44.11308],[7.9647,44.11089],[7.95824,44.10399],[7.9424,44.10009],[7.93545,44.101],[7.926,44.11027],[7.88396,44.10465],[7.87926,44.11323],[7.86518,44.11811],[7.8524,44.11918],[7.84343,44.12026],[7.81544,44.12354],[7.80897,44.12771],[7.79682,44.12909],[7.77309,44.14003],[7.76204,44.14031],[7.74602,44.13533],[7.73786,44.12868],[7.72701,44.12641],[7.72316,44.12079],[7.71839,44.1036],[7.73299,44.08543],[7.75156,44.08359],[7.74894,44.07953],[7.73507,44.07375],[7.72729,44.06085],[7.71424,44.06151],[7.71362,44.07477],[7.7176,44.08282],[7.69821,44.0967],[7.68901,44.10889],[7.67457,44.11797],[7.66683,44.13178],[7.67664,44.14214],[7.6785,44.14688],[7.67139,44.15268],[7.67124,44.15665],[7.68037,44.16419],[7.68447,44.17395],[7.67275,44.1774],[7.66665,44.17591],[7.64256,44.17809],[7.63584,44.17664],[7.63192,44.17253],[7.62783,44.1642],[7.62671,44.15865],[7.61873,44.14988],[7.59533,44.15221],[7.58661,44.15089],[7.57122,44.15268],[7.56466,44.15573],[7.56413,44.15126],[7.55639,44.1475],[7.54137,44.1455],[7.53241,44.14732],[7.52286,44.13837],[7.51525,44.13875],[7.50943,44.1431],[7.50392,44.14347],[7.49501,44.14115],[7.48335,44.13404],[7.47085,44.13217],[7.46069,44.12648],[7.43085,44.12981],[7.42677,44.12069],[7.42718,44.11305],[7.42168,44.11333],[7.41295,44.1192],[7.40473,44.11903],[7.39332,44.12489],[7.38598,44.12398],[7.36958,44.11727],[7.35825,44.11682],[7.34408,44.1448],[7.31963,44.14327],[7.31005,44.14772],[7.30776,44.14483],[7.29006,44.14534],[7.28148,44.14145],[7.27135,44.1474],[7.26237,44.14816],[7.25821,44.15421],[7.24891,44.15872],[7.24166,44.17249],[7.23553,44.17479],[7.22867,44.16929],[7.22016,44.16889],[7.20603,44.17911],[7.20186,44.18629],[7.1936,44.18719],[7.18911,44.19885],[7.18602,44.20064],[7.17768,44.19791],[7.16334,44.2075],[7.14647,44.20027],[7.1336,44.20581],[7.11504,44.21703],[7.09245,44.22105],[7.08676,44.22847],[7.07698,44.23199],[7.06948,44.23242],[7.06293,44.22762],[7.05481,44.22901],[7.0414,44.22515],[7.03805,44.22418],[7.03259,44.22613],[7.02967,44.23101],[7.02248,44.23371],[7.01929,44.23237],[7.00805,44.23621],[6.99724,44.25149],[6.99478,44.27954],[6.98091,44.28647],[6.97139,44.28449],[6.9705,44.29346],[6.95708,44.29609],[6.96032,44.30967],[6.95661,44.31403],[6.95276,44.31942],[6.94498,44.32156],[6.92755,44.33293],[6.9217,44.34416],[6.92096,44.35181],[6.91237,44.35359],[6.90584,44.35798],[6.89352,44.3602],[6.88743,44.36129],[6.88811,44.36584],[6.89655,44.37528],[6.89412,44.42007],[6.90371,44.42119],[6.91711,44.42693],[6.92545,44.42319],[6.93184,44.42526],[6.93448,44.42944],[6.94706,44.42751],[6.94698,44.43033],[6.94038,44.43403],[6.9367,44.4394],[6.9127,44.45122],[6.9052,44.46827],[6.89352,44.47175],[6.89078,44.47257],[6.87734,44.48161],[6.87642,44.4884],[6.86646,44.49471],[6.86132,44.50274],[6.85389,44.52808],[6.8569,44.53284],[6.86934,44.53758],[6.8783,44.55344],[6.88613,44.55206],[6.89352,44.55457],[6.90403,44.5553],[6.91338,44.55899],[6.91592,44.5621],[6.91364,44.56867],[6.93259,44.57397],[6.93348,44.59554],[6.93816,44.60342],[6.94943,44.60964],[6.94946,44.61862],[6.95764,44.62127],[6.96809,44.61962],[6.9681,44.62518],[6.96244,44.62707],[6.95365,44.63755],[6.94844,44.65474],[6.95831,44.66274],[6.95817,44.67171],[6.96319,44.67811],[6.96653,44.67739],[6.96846,44.67734],[6.97126,44.67727],[6.97206,44.67884],[6.97609,44.68105],[6.97762,44.68356],[6.98125,44.68417],[6.98299,44.68514],[6.98616,44.68806],[6.98711,44.69011],[6.99543,44.69024],[7.00344,44.68758],[7.0288,44.69153],[7.0414,44.68699],[7.05963,44.68042],[7.07708,44.68101],[7.07478,44.69154],[7.06583,44.70786],[7.06576,44.71346],[7.0713,44.71791],[7.08763,44.71568],[7.09597,44.72087],[7.11897,44.72551],[7.12776,44.73699],[7.1336,44.73781],[7.14025,44.73753],[7.14945,44.74333],[7.159,44.76042],[7.19061,44.75945],[7.19989,44.76184],[7.23251,44.76948],[7.2427,44.76918],[7.26952,44.77568],[7.27845,44.77975],[7.29457,44.78173],[7.31822,44.77957],[7.34468,44.78271],[7.34949,44.76312],[7.34848,44.75556],[7.34512,44.75182],[7.36468,44.75207],[7.36755,44.75942],[7.39512,44.76248],[7.40137,44.76035],[7.41338,44.76613],[7.437,44.76262],[7.44092,44.77628],[7.4479,44.7753],[7.45644,44.77768],[7.46111,44.77756],[7.46357,44.77393],[7.44675,44.77336],[7.45102,44.76208],[7.45383,44.76078],[7.45929,44.7631],[7.46039,44.75916],[7.47376,44.75794],[7.49933,44.76809],[7.50556,44.76832],[7.50413,44.77313],[7.50627,44.77412],[7.50917,44.77233],[7.50997,44.77826],[7.51532,44.78261],[7.52907,44.78141],[7.5366,44.79458],[7.54676,44.79651],[7.55417,44.79519],[7.56443,44.79862],[7.5665,44.80551],[7.56057,44.81062],[7.5648,44.81185],[7.57515,44.81798],[7.57764,44.80996],[7.59154,44.80828],[7.59673,44.80987],[7.5952,44.8117],[7.59612,44.81701],[7.59442,44.82157],[7.59675,44.8232],[7.59264,44.82842],[7.59415,44.83397],[7.59771,44.8363],[7.60792,44.83426],[7.61543,44.82921],[7.61889,44.82958],[7.61908,44.83331],[7.61357,44.83696],[7.61931,44.84144],[7.61747,44.84551],[7.62085,44.84577],[7.62107,44.83654],[7.6264,44.83264],[7.63135,44.83714],[7.63396,44.83293],[7.63907,44.83266],[7.64125,44.83548],[7.63835,44.83933],[7.64306,44.84208],[7.64614,44.84112],[7.65334,44.83156],[7.65138,44.81889],[7.65711,44.81638],[7.66479,44.82082],[7.68386,44.81072],[7.70315,44.81409],[7.70748,44.81693],[7.72394,44.81238],[7.74899,44.81557],[7.76621,44.81543],[7.76469,44.82229],[7.77582,44.83365],[7.77913,44.84137],[7.78798,44.84425],[7.81025,44.84347],[7.80975,44.85411],[7.81553,44.85311],[7.83105,44.841],[7.8524,44.83341],[7.8589,44.83423],[7.86427,44.82393],[7.86522,44.8268],[7.86726,44.83032],[7.87764,44.836],[7.88095,44.82993],[7.89213,44.8238],[7.89842,44.82287],[7.90241,44.82172],[7.91118,44.8311],[7.92258,44.83319],[7.94339,44.84631],[7.94525,44.84686],[7.94791,44.84731],[7.95195,44.84767],[7.95461,44.8477],[7.95411,44.84999],[7.95547,44.85248],[7.96083,44.85262],[7.9647,44.85659],[7.97897,44.84675],[7.98423,44.8272],[7.98752,44.82545]]],[[[7.46803,44.77204],[7.47059,44.76991],[7.47267,44.7703],[7.47494,44.7684],[7.47482,44.7655],[7.47275,44.76536],[7.47122,44.76225],[7.46914,44.76334],[7.4662,44.76883],[7.46803,44.77204]]],[[[7.60821,44.84026],[7.60831,44.83665],[7.6041,44.83799],[7.60375,44.84041],[7.60503,44.84158],[7.60821,44.84026]]]]},"properties":{"code":"ITC16","nom":"Cuneo","country":"IT"}},{"type":"Feature","geometry":{"type":"MultiPolygon","coordinates":[[[[13.6421,43.47414],[13.66684,43.43228],[13.67385,43.41657],[13.67929,43.40438],[13.68284,43.39636],[13.70371,43.34925],[13.72061,43.32109],[13.73474,43.3095],[13.74297,43.29415],[13.73176,43.2907],[13.72061,43.28878],[13.70708,43.28645],[13.68464,43.27774],[13.67385,43.27672],[13.65387,43.27482],[13.65086,43.27373],[13.64394,43.27065],[13.63918,43.26961],[13.63698,43.26884],[13.63515,43.26895],[13.63194,43.26821],[13.62104,43.27062],[13.60934,43.27142],[13.601,43.26777],[13.60871,43.24629],[13.60733,43.23338],[13.59519,43.21346],[13.58998,43.20881],[13.57351,43.21573],[13.56354,43.21691],[13.5548,43.21507],[13.55253,43.21353],[13.55063,43.21247],[13.54182,43.21238],[13.53907,43.21222],[13.53694,43.21235],[13.52831,43.21203],[13.52166,43.20824],[13.52589,43.19333],[13.51689,43.18196],[13.51832,43.17381],[13.50768,43.17393],[13.50406,43.17165],[13.49661,43.16993],[13.48944,43.16442],[13.4799,43.16606],[13.46213,43.16362],[13.45272,43.15381],[13.44363,43.1493],[13.44013,43.14136],[13.43435,43.13895],[13.43811,43.13481],[13.43678,43.13042],[13.44086,43.12439],[13.43064,43.11057],[13.42999,43.09974],[13.43378,43.08513],[13.44894,43.07384],[13.47191,43.08161],[13.48385,43.08026],[13.46448,43.06618],[13.46202,43.05798],[13.4669,43.04437],[13.45974,43.0204],[13.4553,43.01834],[13.42947,43.02169],[13.42069,43.01679],[13.41843,43.01153],[13.41131,43.00837],[13.3953,43.01056],[13.39364,43.01153],[13.38977,43.01708],[13.38348,43.01868],[13.3845,43.02507],[13.3822,43.02891],[13.38471,43.03254],[13.37834,43.04239],[13.37092,43.04208],[13.35995,43.03467],[13.33735,43.02692],[13.32277,43.01153],[13.31938,43.00354],[13.3074,43.00455],[13.2927,42.98942],[13.27024,42.97673],[13.26582,42.97166],[13.25444,42.9696],[13.25134,42.96903],[13.2509,42.96512],[13.24582,42.96491],[13.24295,42.96726],[13.22408,42.95818],[13.21614,42.95109],[13.21858,42.94581],[13.21675,42.93788],[13.2227,42.92669],[13.22618,42.92675],[13.23022,42.92271],[13.23382,42.90441],[13.24177,42.89198],[13.238,42.8797],[13.23184,42.87444],[13.23529,42.86766],[13.23073,42.85553],[13.21916,42.84608],[13.18952,42.83573],[13.18071,42.83674],[13.15906,42.83311],[13.14467,42.84709],[13.13837,42.8583],[13.12152,42.87425],[13.11272,42.88844],[13.11226,42.88931],[13.09196,42.89615],[13.08673,42.90028],[13.07546,42.9024],[13.0532,42.91878],[13.02538,42.903],[13.01018,42.90373],[13.00245,42.91101],[12.99437,42.90129],[13.00093,42.89456],[12.99078,42.87311],[12.98674,42.86971],[12.97617,42.86978],[12.97551,42.87238],[12.97486,42.88634],[12.96991,42.8931],[12.96929,42.90359],[12.9757,42.92586],[12.9695,42.92823],[12.94935,42.92994],[12.95102,42.93447],[12.94807,42.94145],[12.93513,42.94608],[12.92729,42.95302],[12.91476,42.95496],[12.89745,42.96474],[12.89849,42.97215],[12.90692,42.9853],[12.88889,43.01153],[12.89716,43.02374],[12.90496,43.02103],[12.90588,43.03551],[12.89277,43.04704],[12.89009,43.05948],[12.89734,43.09346],[12.89187,43.09344],[12.8859,43.09913],[12.88085,43.12096],[12.85953,43.12547],[12.84325,43.12286],[12.8314,43.14119],[12.83134,43.14659],[12.85245,43.1549],[12.86196,43.16616],[12.86242,43.17165],[12.86806,43.1907],[12.86236,43.21123],[12.87957,43.22375],[12.89474,43.22713],[12.89831,43.23075],[12.88781,43.24298],[12.88435,43.25311],[12.88589,43.25697],[12.88222,43.26244],[12.88432,43.26871],[12.89454,43.26987],[12.90292,43.27998],[12.91037,43.27052],[12.92077,43.27124],[12.97042,43.28237],[12.98042,43.28915],[12.9825,43.2927],[12.98915,43.29846],[12.9884,43.30292],[12.99607,43.3024],[13.0014,43.30617],[13.00819,43.30561],[13.01442,43.30993],[13.02451,43.32647],[13.04053,43.33604],[13.03566,43.33982],[13.0461,43.34363],[13.04847,43.35774],[13.06276,43.36807],[13.06426,43.3763],[13.0622,43.38114],[13.07057,43.38559],[13.07267,43.39085],[13.07993,43.38902],[13.08522,43.39636],[13.08615,43.39765],[13.08001,43.4057],[13.07211,43.40951],[13.07253,43.41626],[13.0858,43.42409],[13.09183,43.43584],[13.12346,43.42789],[13.13516,43.41834],[13.14553,43.41691],[13.15021,43.41358],[13.16809,43.41884],[13.21055,43.41728],[13.22327,43.4324],[13.22891,43.43422],[13.22758,43.4427],[13.23429,43.44688],[13.24445,43.45937],[13.28079,43.46117],[13.27218,43.4549],[13.28297,43.44359],[13.28608,43.42548],[13.30123,43.4154],[13.3142,43.39957],[13.32358,43.39636],[13.32797,43.39486],[13.33444,43.39492],[13.33589,43.39146],[13.35024,43.39636],[13.35362,43.39752],[13.35619,43.3984],[13.35723,43.40507],[13.36407,43.40658],[13.36765,43.41047],[13.38195,43.41627],[13.39991,43.42219],[13.41388,43.43559],[13.43199,43.43428],[13.44856,43.44597],[13.45744,43.43887],[13.47331,43.43875],[13.48087,43.43641],[13.50698,43.44015],[13.51095,43.44345],[13.53289,43.43981],[13.57506,43.44193],[13.59572,43.44653],[13.58904,43.43741],[13.57954,43.43139],[13.58535,43.41975],[13.61772,43.4173],[13.63152,43.42079],[13.6565,43.43154],[13.65544,43.44635],[13.63544,43.44543],[13.62647,43.45205],[13.60354,43.45613],[13.60252,43.45961],[13.60581,43.4624],[13.62426,43.46879],[13.6421,43.47414]]]]},"properties":{"code":"ITI33","nom":"Macerata","country":"IT"}},{"type":"Feature","geometry":{"type":"MultiPolygon","coordinates":[[[[13.78753,43.06993],[13.79681,43.06209],[13.82721,43.06445],[13.83472,43.06313],[13.84945,43.06666],[13.85237,43.05446],[13.86506,43.01153],[13.86548,43.0101],[13.87947,42.9696],[13.88187,42.96262],[13.88883,42.95255],[13.89238,42.93821],[13.91573,42.89458],[13.90356,42.89439],[13.88945,42.89117],[13.88381,42.89188],[13.87838,42.89458],[13.87485,42.88957],[13.83478,42.88172],[13.83116,42.88114],[13.81912,42.87866],[13.81267,42.87407],[13.79943,42.86686],[13.76949,42.85891],[13.76773,42.85853],[13.76576,42.85834],[13.76295,42.85865],[13.7417,42.85582],[13.72224,42.85463],[13.72061,42.85407],[13.70662,42.84929],[13.71002,42.84197],[13.70184,42.83182],[13.69978,42.82377],[13.68672,42.81824],[13.6683,42.81138],[13.66362,42.8071],[13.65058,42.80463],[13.64242,42.80309],[13.6352,42.80375],[13.62863,42.80763],[13.62654,42.81554],[13.62242,42.81588],[13.61858,42.81339],[13.60058,42.80646],[13.58508,42.80732],[13.57473,42.80079],[13.55532,42.80472],[13.54446,42.81621],[13.53558,42.81635],[13.52995,42.79699],[13.51836,42.79066],[13.50523,42.77555],[13.50253,42.76985],[13.50403,42.74824],[13.49834,42.74142],[13.49057,42.73479],[13.48205,42.73223],[13.46294,42.73438],[13.44696,42.73133],[13.44161,42.72674],[13.43778,42.71623],[13.4406,42.70327],[13.43779,42.69988],[13.42655,42.70563],[13.39142,42.68743],[13.37364,42.69438],[13.36519,42.69324],[13.35888,42.6958],[13.35777,42.69407],[13.35362,42.6961],[13.34298,42.70129],[13.32947,42.71105],[13.31749,42.72394],[13.29579,42.73043],[13.28738,42.73868],[13.28059,42.74046],[13.26443,42.73927],[13.25939,42.72705],[13.25385,42.72205],[13.24778,42.72564],[13.20961,42.73048],[13.20027,42.73459],[13.18923,42.73357],[13.18896,42.73741],[13.19893,42.74888],[13.19559,42.76166],[13.20885,42.76428],[13.22045,42.77216],[13.23433,42.77245],[13.23868,42.76296],[13.24291,42.76461],[13.25156,42.78861],[13.25563,42.79133],[13.2527,42.79448],[13.25863,42.79835],[13.26346,42.80844],[13.26244,42.81613],[13.25641,42.82112],[13.24742,42.84931],[13.23529,42.86766],[13.23184,42.87444],[13.238,42.8797],[13.24177,42.89198],[13.25151,42.8984],[13.26222,42.90054],[13.26112,42.91134],[13.28028,42.91179],[13.29218,42.92488],[13.32002,42.92263],[13.32755,42.92109],[13.33154,42.91724],[13.34298,42.91577],[13.35362,42.91454],[13.35768,42.91407],[13.37534,42.89021],[13.38356,42.89463],[13.38116,42.9054],[13.40144,42.91337],[13.40934,42.92553],[13.40857,42.92933],[13.393,42.93914],[13.394,42.94832],[13.39049,42.95334],[13.39722,42.95578],[13.4006,42.9597],[13.40003,42.9622],[13.39296,42.96536],[13.39635,42.9696],[13.40146,42.97198],[13.40555,42.97008],[13.4092,42.97048],[13.41491,42.97435],[13.41567,42.97762],[13.42584,42.97634],[13.43471,42.9696],[13.45484,42.96587],[13.46169,42.9696],[13.46679,42.97238],[13.47835,42.98408],[13.49351,42.98868],[13.50282,42.98715],[13.51767,42.99238],[13.52471,42.99271],[13.54215,42.98927],[13.54686,42.98953],[13.55361,42.98842],[13.56416,42.99117],[13.5699,42.99711],[13.57448,42.99943],[13.578,43.00902],[13.58295,43.01153],[13.59642,43.0095],[13.60122,43.01208],[13.61089,43.01804],[13.62135,43.02305],[13.63116,43.03282],[13.64326,43.0378],[13.65517,43.03108],[13.65879,43.04139],[13.67385,43.04202],[13.67928,43.04225],[13.70056,43.04897],[13.70124,43.04935],[13.72061,43.05933],[13.72423,43.0612],[13.74315,43.06613],[13.75151,43.06847],[13.75754,43.07044],[13.76511,43.07262],[13.76759,43.07352],[13.77306,43.07502],[13.77667,43.07653],[13.78519,43.07976],[13.78753,43.06993]]]]},"properties":{"code":"ITI34","nom":"Ascoli Piceno","country":"IT"}},{"type":"Feature","geometry":{"type":"MultiPolygon","coordinates":[[[[13.75214,43.27773],[13.7575,43.26731],[13.76421,43.25547],[13.76751,43.25016],[13.77424,43.23993],[13.77696,43.236],[13.77836,43.23436],[13.79069,43.19894],[13.80395,43.17165],[13.8108,43.16313],[13.81792,43.14509],[13.82911,43.12681],[13.84185,43.10317],[13.84555,43.09444],[13.8467,43.08013],[13.84945,43.06666],[13.83472,43.06313],[13.82721,43.06445],[13.79681,43.06209],[13.78753,43.06993],[13.78519,43.07976],[13.77667,43.07653],[13.77306,43.07502],[13.76759,43.07352],[13.76511,43.07262],[13.75754,43.07044],[13.75151,43.06847],[13.74315,43.06613],[13.72423,43.0612],[13.72061,43.05933],[13.70124,43.04935],[13.70056,43.04897],[13.67928,43.04225],[13.67385,43.04202],[13.65879,43.04139],[13.65517,43.03108],[13.64326,43.0378],[13.63116,43.03282],[13.62135,43.02305],[13.61089,43.01804],[13.60122,43.01208],[13.59642,43.0095],[13.58295,43.01153],[13.578,43.00902],[13.57448,42.99943],[13.5699,42.99711],[13.56416,42.99117],[13.55361,42.98842],[13.54686,42.98953],[13.54215,42.98927],[13.52471,42.99271],[13.51767,42.99238],[13.50282,42.98715],[13.49351,42.98868],[13.47835,42.98408],[13.46679,42.97238],[13.46169,42.9696],[13.45484,42.96587],[13.43471,42.9696],[13.42584,42.97634],[13.41567,42.97762],[13.41491,42.97435],[13.4092,42.97048],[13.40555,42.97008],[13.40146,42.97198],[13.39635,42.9696],[13.39296,42.96536],[13.40003,42.9622],[13.4006,42.9597],[13.39722,42.95578],[13.39049,42.95334],[13.394,42.94832],[13.393,42.93914],[13.40857,42.92933],[13.40934,42.92553],[13.40144,42.91337],[13.38116,42.9054],[13.38356,42.89463],[13.37534,42.89021],[13.35768,42.91407],[13.35362,42.91454],[13.34298,42.91577],[13.33154,42.91724],[13.32755,42.92109],[13.32002,42.92263],[13.29218,42.92488],[13.28028,42.91179],[13.26112,42.91134],[13.26222,42.90054],[13.25151,42.8984],[13.24177,42.89198],[13.23382,42.90441],[13.23022,42.92271],[13.22618,42.92675],[13.2227,42.92669],[13.21675,42.93788],[13.21858,42.94581],[13.21614,42.95109],[13.22408,42.95818],[13.24295,42.96726],[13.24582,42.96491],[13.2509,42.96512],[13.25134,42.96903],[13.25444,42.9696],[13.26582,42.97166],[13.27024,42.97673],[13.2927,42.98942],[13.3074,43.00455],[13.31938,43.00354],[13.32277,43.01153],[13.33735,43.02692],[13.35995,43.03467],[13.37092,43.04208],[13.37834,43.04239],[13.38471,43.03254],[13.3822,43.02891],[13.3845,43.02507],[13.38348,43.01868],[13.38977,43.01708],[13.39364,43.01153],[13.3953,43.01056],[13.41131,43.00837],[13.41843,43.01153],[13.42069,43.01679],[13.42947,43.02169],[13.4553,43.01834],[13.45974,43.0204],[13.4669,43.04437],[13.46202,43.05798],[13.46448,43.06618],[13.48385,43.08026],[13.47191,43.08161],[13.44894,43.07384],[13.43378,43.08513],[13.42999,43.09974],[13.43064,43.11057],[13.44086,43.12439],[13.43678,43.13042],[13.43811,43.13481],[13.43435,43.13895],[13.44013,43.14136],[13.44363,43.1493],[13.45272,43.15381],[13.46213,43.16362],[13.4799,43.16606],[13.48944,43.16442],[13.49661,43.16993],[13.50406,43.17165],[13.50768,43.17393],[13.51832,43.17381],[13.51689,43.18196],[13.52589,43.19333],[13.52166,43.20824],[13.52831,43.21203],[13.53694,43.21235],[13.53907,43.21222],[13.54182,43.21238],[13.55063,43.21247],[13.55253,43.21353],[13.5548,43.21507],[13.56354,43.21691],[13.57351,43.21573],[13.58998,43.20881],[13.59519,43.21346],[13.60733,43.23338],[13.60871,43.24629],[13.601,43.26777],[13.60934,43.27142],[13.62104,43.27062],[13.63194,43.26821],[13.63515,43.26895],[13.63698,43.26884],[13.63918,43.26961],[13.64394,43.27065],[13.65086,43.27373],[13.65387,43.27482],[13.67385,43.27672],[13.68464,43.27774],[13.70708,43.28645],[13.72061,43.28878],[13.73176,43.2907],[13.74297,43.29415],[13.74622,43.28881],[13.75214,43.27773]]]]},"properties":{"code":"ITI35","nom":"Fermo","country":"IT"}},{"type":"Feature","geometry":{"type":"MultiPolygon","coordinates":[[[[11.84882,42.83803],[11.86936,42.8346],[11.89499,42.83465],[11.90512,42.83151],[11.90786,42.81755],[11.91716,42.80652],[11.92668,42.78212],[11.93984,42.77677],[11.94857,42.7768],[11.96575,42.7673],[11.9795,42.76457],[11.98105,42.7536],[11.97423,42.74894],[11.96997,42.7387],[11.95967,42.72663],[11.94874,42.72667],[11.93984,42.71803],[11.93159,42.71398],[11.92631,42.70472],[11.93984,42.6989],[11.94791,42.69532],[11.94108,42.68365],[11.97789,42.67538],[11.99183,42.6692],[12.0071,42.66243],[12.02926,42.64984],[12.03002,42.64322],[12.04014,42.64861],[12.04813,42.64942],[12.06678,42.65275],[12.07373,42.65665],[12.094,42.65588],[12.10671,42.66464],[12.11947,42.65017],[12.12501,42.65056],[12.13171,42.66068],[12.14079,42.65628],[12.14834,42.66104],[12.15063,42.66893],[12.16097,42.67619],[12.16507,42.67645],[12.17507,42.67279],[12.18992,42.66273],[12.19725,42.66327],[12.2049,42.65971],[12.22637,42.6433],[12.22567,42.63553],[12.24336,42.62807],[12.24196,42.62701],[12.24066,42.62559],[12.23966,42.62307],[12.22912,42.61108],[12.24407,42.60502],[12.24757,42.59668],[12.24095,42.5966],[12.24105,42.59046],[12.23587,42.58329],[12.24102,42.57672],[12.24134,42.57046],[12.25608,42.56583],[12.26642,42.55941],[12.2748,42.55909],[12.27852,42.55035],[12.27857,42.54154],[12.27404,42.54011],[12.27267,42.5369],[12.26663,42.53651],[12.27203,42.52604],[12.28137,42.52285],[12.28752,42.52184],[12.28989,42.51927],[12.28137,42.5171],[12.27585,42.51558],[12.27456,42.51169],[12.27742,42.50769],[12.28137,42.50748],[12.28951,42.50979],[12.30053,42.50359],[12.30649,42.49701],[12.303,42.4913],[12.29849,42.49485],[12.28958,42.49431],[12.28981,42.49262],[12.29208,42.49038],[12.29988,42.48749],[12.30536,42.4879],[12.31607,42.48866],[12.32516,42.49421],[12.3352,42.4901],[12.34434,42.48478],[12.35294,42.47423],[12.35463,42.47483],[12.37333,42.48141],[12.37628,42.4856],[12.38713,42.48953],[12.38745,42.49633],[12.39019,42.49817],[12.4034,42.49907],[12.41328,42.49433],[12.41887,42.49699],[12.42784,42.48692],[12.41353,42.47824],[12.41301,42.468],[12.42631,42.46519],[12.42934,42.45853],[12.41799,42.45786],[12.41357,42.45426],[12.41498,42.44991],[12.41221,42.44456],[12.41908,42.43674],[12.41409,42.42577],[12.4221,42.42187],[12.43887,42.42604],[12.45009,42.42373],[12.45432,42.42692],[12.46312,42.42864],[12.4669,42.42064],[12.45988,42.41705],[12.45721,42.4038],[12.44471,42.3988],[12.4379,42.39574],[12.44378,42.39389],[12.43771,42.38893],[12.43782,42.3851],[12.4567,42.38141],[12.45449,42.37327],[12.46278,42.37067],[12.45519,42.3652],[12.45467,42.35744],[12.46276,42.3548],[12.47435,42.35598],[12.47376,42.35182],[12.46323,42.34448],[12.46264,42.33673],[12.46987,42.32732],[12.48195,42.32454],[12.48818,42.32004],[12.48753,42.31815],[12.47778,42.3174],[12.47543,42.31503],[12.48731,42.2981],[12.49539,42.2951],[12.50514,42.29685],[12.51964,42.29472],[12.51522,42.28576],[12.5052,42.27791],[12.50603,42.27413],[12.49669,42.27028],[12.48703,42.27006],[12.47712,42.24825],[12.48379,42.24134],[12.4794,42.23409],[12.46949,42.23085],[12.47048,42.22408],[12.46541,42.21976],[12.46071,42.20477],[12.45608,42.20261],[12.44791,42.20457],[12.43527,42.20029],[12.43426,42.1904],[12.42943,42.18386],[12.41686,42.18081],[12.41151,42.18218],[12.42019,42.20704],[12.41516,42.21275],[12.41828,42.21419],[12.41873,42.21861],[12.41703,42.24601],[12.41226,42.25742],[12.40983,42.2521],[12.40534,42.24936],[12.41183,42.24039],[12.4117,42.23615],[12.40727,42.22964],[12.40108,42.23303],[12.38619,42.21618],[12.37137,42.20987],[12.37219,42.19617],[12.37652,42.18408],[12.37013,42.17377],[12.35463,42.1666],[12.34184,42.15258],[12.334,42.15169],[12.32751,42.14716],[12.31495,42.15014],[12.30976,42.14863],[12.30317,42.1539],[12.30664,42.15965],[12.28753,42.17289],[12.28137,42.17181],[12.27311,42.17249],[12.27423,42.17786],[12.27143,42.18191],[12.2492,42.17695],[12.23638,42.17695],[12.22993,42.18043],[12.21577,42.18671],[12.19942,42.17937],[12.17753,42.17851],[12.16887,42.17528],[12.16378,42.16658],[12.1464,42.15971],[12.14754,42.15612],[12.13595,42.14726],[12.13124,42.15382],[12.12201,42.15936],[12.11803,42.16088],[12.11078,42.15981],[12.10102,42.16229],[12.08773,42.16147],[12.07609,42.16076],[12.06839,42.1641],[12.05774,42.16404],[12.05639,42.15619],[12.05088,42.15308],[12.0296,42.15275],[12.00315,42.15842],[11.99773,42.1715],[11.99183,42.18156],[11.98679,42.19014],[11.98585,42.19641],[11.97908,42.20576],[11.97438,42.20775],[11.97331,42.2126],[11.96684,42.211],[11.9557,42.21224],[11.94728,42.21841],[11.93984,42.21932],[11.93651,42.21972],[11.93653,42.22452],[11.92381,42.22762],[11.91732,42.23253],[11.91302,42.23421],[11.91132,42.2403],[11.8943,42.2364],[11.89276,42.23076],[11.88278,42.22998],[11.87971,42.22267],[11.87349,42.21867],[11.87343,42.21415],[11.86588,42.20657],[11.86825,42.19853],[11.8514,42.18785],[11.8463,42.18014],[11.82978,42.16861],[11.82806,42.16554],[11.83031,42.15581],[11.82282,42.14647],[11.80646,42.15312],[11.79984,42.15825],[11.77517,42.16291],[11.77098,42.1637],[11.74577,42.16125],[11.73384,42.15806],[11.73874,42.17106],[11.72134,42.18705],[11.70775,42.21075],[11.70663,42.21855],[11.69622,42.2345],[11.68043,42.24644],[11.65565,42.27659],[11.63238,42.29535],[11.60254,42.30985],[11.58385,42.3225],[11.54736,42.34274],[11.44994,42.37767],[11.45416,42.38675],[11.4503,42.39407],[11.45748,42.40192],[11.47567,42.41319],[11.4812,42.41928],[11.48322,42.43516],[11.48885,42.43875],[11.49951,42.43857],[11.51469,42.43405],[11.52165,42.4341],[11.54356,42.4416],[11.554,42.43898],[11.58385,42.43688],[11.61774,42.43606],[11.6157,42.45194],[11.61853,42.45831],[11.61445,42.4643],[11.61962,42.4735],[11.61687,42.48749],[11.60795,42.49255],[11.58791,42.49624],[11.58312,42.50696],[11.56814,42.51087],[11.56239,42.51558],[11.56927,42.53294],[11.58211,42.54138],[11.58731,42.54243],[11.58191,42.54771],[11.58519,42.55074],[11.58104,42.55492],[11.57858,42.56619],[11.57949,42.56769],[11.58385,42.56896],[11.58839,42.57097],[11.5911,42.57223],[11.59273,42.57097],[11.60683,42.56673],[11.61384,42.55808],[11.62587,42.56887],[11.6394,42.56594],[11.65093,42.57097],[11.65752,42.57656],[11.66598,42.57619],[11.67952,42.58057],[11.68482,42.5845],[11.68071,42.59496],[11.70014,42.6013],[11.71172,42.61027],[11.72456,42.61081],[11.7285,42.60664],[11.73632,42.607],[11.73604,42.61195],[11.73918,42.61462],[11.74577,42.62023],[11.75116,42.62483],[11.75047,42.63888],[11.77517,42.63546],[11.78091,42.63467],[11.79646,42.64347],[11.80479,42.64398],[11.80864,42.65276],[11.80803,42.65924],[11.80051,42.66752],[11.78612,42.67225],[11.78582,42.68924],[11.78132,42.70621],[11.80049,42.70834],[11.80851,42.73018],[11.81868,42.74576],[11.8142,42.74638],[11.80781,42.75334],[11.78061,42.75802],[11.78225,42.76635],[11.77517,42.76824],[11.76204,42.77958],[11.74604,42.78574],[11.75388,42.8026],[11.76746,42.81453],[11.76852,42.81994],[11.77517,42.82019],[11.78561,42.81635],[11.79535,42.8068],[11.80258,42.80365],[11.8065,42.79567],[11.81108,42.79952],[11.81093,42.8069],[11.81443,42.82254],[11.83196,42.82706],[11.84882,42.83803]],[[11.87038,42.21993],[11.87345,42.21897],[11.87442,42.22239],[11.87104,42.22224],[11.87038,42.21993]]],[[[12.48656,42.39257],[12.47456,42.38815],[12.46897,42.39036],[12.46628,42.39487],[12.47226,42.401],[12.48138,42.40415],[12.48807,42.39866],[12.48656,42.39257]]]]},"properties":{"code":"ITI41","nom":"Viterbo","country":"IT"}},{"type":"Feature","geometry":{"type":"MultiPolygon","coordinates":[[[[12.51908,46.39801],[12.52662,46.37225],[12.54154,46.36027],[12.55167,46.36324],[12.55702,46.36907],[12.57694,46.36514],[12.58618,46.36688],[12.59659,46.36219],[12.6041,46.35588],[12.59592,46.34991],[12.59671,46.34833],[12.60921,46.3439],[12.62727,46.34711],[12.63793,46.33932],[12.6382,46.33925],[12.64552,46.33746],[12.65255,46.33852],[12.66068,46.3454],[12.67269,46.34636],[12.67727,46.34815],[12.69303,46.3432],[12.69469,46.33769],[12.70879,46.32602],[12.72231,46.32984],[12.72923,46.33639],[12.76372,46.34211],[12.77182,46.3464],[12.78115,46.34612],[12.7827,46.34899],[12.77873,46.35532],[12.79279,46.35838],[12.80106,46.35632],[12.81011,46.35925],[12.82064,46.35686],[12.83521,46.3443],[12.84023,46.34317],[12.85898,46.34558],[12.87928,46.34223],[12.8764,46.33316],[12.88045,46.33109],[12.89189,46.33095],[12.90645,46.33477],[12.91625,46.3457],[12.92515,46.34285],[12.93643,46.33418],[12.96121,46.33701],[12.96366,46.33174],[12.97357,46.32826],[12.97477,46.31664],[12.95522,46.30292],[12.95664,46.29317],[12.96682,46.28412],[12.97663,46.28184],[12.99059,46.27325],[12.97789,46.26826],[12.97487,46.26403],[12.97674,46.25475],[12.97117,46.24686],[12.97465,46.23614],[12.9579,46.22484],[12.95635,46.21402],[12.9488,46.21636],[12.93768,46.21192],[12.94557,46.20627],[12.95772,46.20282],[12.96519,46.19491],[12.95749,46.18717],[12.95731,46.17861],[12.95161,46.168],[12.94791,46.15136],[12.94666,46.15041],[12.94585,46.14919],[12.94535,46.14781],[12.94394,46.14615],[12.93762,46.13163],[12.93292,46.12236],[12.9267,46.09012],[12.91713,46.07418],[12.91641,46.06127],[12.91631,46.04222],[12.91508,46.02903],[12.91437,46.0169],[12.91207,46.0008],[12.91205,45.9957],[12.91143,45.9939],[12.90985,45.99065],[12.90924,45.98851],[12.90387,45.96328],[12.90737,45.94452],[12.9077,45.94327],[12.91443,45.91823],[12.91552,45.91418],[12.92801,45.89776],[12.93961,45.89018],[12.95006,45.88476],[12.95851,45.88307],[12.97426,45.8731],[12.9815,45.85127],[12.97654,45.84217],[12.98372,45.83558],[12.97906,45.83405],[12.96799,45.83639],[12.96223,45.84579],[12.9563,45.84666],[12.95155,45.84226],[12.95108,45.83105],[12.95738,45.82285],[12.94191,45.82034],[12.92951,45.81736],[12.92053,45.83135],[12.91563,45.82642],[12.90572,45.82841],[12.89913,45.82266],[12.89235,45.82063],[12.88699,45.82479],[12.87757,45.82545],[12.87606,45.8299],[12.86969,45.83379],[12.87721,45.8432],[12.8746,45.84947],[12.8694,45.84601],[12.8602,45.8505],[12.83845,45.84739],[12.83397,45.83893],[12.81992,45.83419],[12.81733,45.82382],[12.80976,45.82089],[12.80182,45.82295],[12.7993,45.83318],[12.80369,45.84419],[12.79382,45.8461],[12.77984,45.85445],[12.76873,45.84974],[12.76721,45.84443],[12.74377,45.8271],[12.73065,45.83676],[12.71927,45.82755],[12.70292,45.81527],[12.69504,45.80636],[12.67269,45.79172],[12.66167,45.79244],[12.65046,45.80217],[12.65403,45.80949],[12.6485,45.81242],[12.64628,45.81983],[12.6382,45.81893],[12.63432,45.8185],[12.63024,45.82943],[12.61785,45.82894],[12.60547,45.837],[12.59508,45.83092],[12.59741,45.82215],[12.59313,45.81974],[12.59438,45.81596],[12.58994,45.81534],[12.58043,45.82474],[12.57289,45.82438],[12.56881,45.82706],[12.56643,45.83015],[12.56233,45.82688],[12.55855,45.82716],[12.55501,45.83015],[12.55519,45.83664],[12.54994,45.8395],[12.55858,45.84568],[12.55089,45.85008],[12.55236,45.85528],[12.54963,45.8607],[12.53112,45.86308],[12.53577,45.86936],[12.5325,45.88449],[12.52243,45.88642],[12.5083,45.89743],[12.52326,45.90311],[12.51589,45.90466],[12.50995,45.9091],[12.50459,45.92335],[12.48636,45.9258],[12.47828,45.92714],[12.46536,45.93305],[12.46311,45.94053],[12.45702,45.94327],[12.45571,45.9461],[12.44997,45.94504],[12.44381,45.94717],[12.43322,45.94561],[12.42612,45.94837],[12.42301,45.95625],[12.42653,45.96792],[12.42828,45.99414],[12.41902,46.008],[12.41496,46.01999],[12.41486,46.02707],[12.40053,46.042],[12.4048,46.04357],[12.40996,46.05915],[12.41738,46.06096],[12.43631,46.08366],[12.45469,46.08874],[12.47081,46.09554],[12.46945,46.09849],[12.48345,46.10406],[12.48898,46.11444],[12.49329,46.12027],[12.4928,46.12628],[12.49721,46.12976],[12.49703,46.13288],[12.4982,46.1385],[12.49324,46.15514],[12.47519,46.16403],[12.4658,46.16596],[12.44775,46.18007],[12.4429,46.19727],[12.44647,46.20777],[12.43054,46.20928],[12.40768,46.20746],[12.40029,46.21127],[12.40841,46.22129],[12.4017,46.229],[12.39068,46.22811],[12.37873,46.22365],[12.37644,46.22295],[12.37231,46.22393],[12.36684,46.22861],[12.35552,46.23128],[12.35463,46.23304],[12.35339,46.23547],[12.34594,46.23934],[12.33761,46.24004],[12.33345,46.25203],[12.32427,46.25585],[12.32142,46.26908],[12.32329,46.27377],[12.33002,46.28314],[12.34142,46.28608],[12.3481,46.29239],[12.35449,46.29569],[12.35563,46.31975],[12.36352,46.32455],[12.37146,46.32613],[12.37848,46.33118],[12.38614,46.32925],[12.40289,46.32942],[12.41111,46.33081],[12.42043,46.34196],[12.4174,46.35487],[12.42872,46.35225],[12.44187,46.35953],[12.45167,46.36214],[12.45489,46.36537],[12.4529,46.36992],[12.46208,46.3698],[12.45507,46.39168],[12.46368,46.38887],[12.46839,46.38992],[12.48056,46.4022],[12.49238,46.41039],[12.4987,46.41222],[12.50386,46.40481],[12.51908,46.39801]]]]},"properties":{"code":"ITH41","nom":"Pordenone","country":"IT"}},{"type":"Feature","geometry":{"type":"MultiPolygon","coordinates":[[[[12.80896,46.63187],[12.81983,46.62866],[12.83038,46.6307],[12.83592,46.62738],[12.83357,46.61119],[12.84089,46.60705],[12.85343,46.60491],[12.8664,46.60936],[12.88808,46.60664],[12.89021,46.60722],[12.8977,46.60945],[12.90528,46.60808],[12.92945,46.61022],[12.94781,46.60285],[12.95743,46.60591],[12.98731,46.59965],[12.99855,46.60209],[13.0078,46.5997],[13.02184,46.60152],[13.03203,46.59632],[13.04728,46.59569],[13.05607,46.59759],[13.07064,46.59952],[13.08761,46.60126],[13.10377,46.59511],[13.13919,46.59022],[13.14505,46.58763],[13.1517,46.58966],[13.1686,46.5889],[13.16938,46.58508],[13.18005,46.57782],[13.19484,46.57202],[13.20334,46.57224],[13.20915,46.56969],[13.2174,46.56989],[13.2317,46.55955],[13.23257,46.55362],[13.23945,46.5523],[13.24161,46.55517],[13.2509,46.55955],[13.25612,46.55955],[13.26126,46.55772],[13.26662,46.55955],[13.26839,46.56079],[13.27165,46.56093],[13.27886,46.55955],[13.28512,46.55762],[13.28992,46.55955],[13.2955,46.5604],[13.29919,46.55955],[13.30726,46.55484],[13.31874,46.55241],[13.33208,46.55955],[13.34381,46.56913],[13.35226,46.56699],[13.36289,46.57007],[13.36944,46.56846],[13.36908,46.57427],[13.37242,46.57859],[13.38195,46.57686],[13.40688,46.57141],[13.40826,46.56949],[13.40803,46.56197],[13.42348,46.55857],[13.43657,46.55885],[13.44457,46.55669],[13.45417,46.55924],[13.47292,46.55745],[13.50425,46.5663],[13.50634,46.5564],[13.51098,46.5549],[13.5148,46.54881],[13.51989,46.5469],[13.54586,46.5534],[13.56271,46.55106],[13.56822,46.54593],[13.56976,46.54016],[13.57464,46.53847],[13.58127,46.53937],[13.59215,46.54589],[13.60199,46.54338],[13.62189,46.5422],[13.67385,46.52326],[13.69016,46.52129],[13.71419,46.5227],[13.71688,46.51326],[13.71539,46.50696],[13.70491,46.50189],[13.70281,46.49873],[13.7038,46.48527],[13.70842,46.48044],[13.69416,46.4676],[13.69813,46.45599],[13.69277,46.4432],[13.68403,46.43747],[13.67609,46.44006],[13.67385,46.44004],[13.65563,46.43988],[13.65243,46.44448],[13.64811,46.44578],[13.63313,46.442],[13.62416,46.44295],[13.61655,46.43971],[13.61067,46.44101],[13.59709,46.43855],[13.58256,46.43018],[13.57803,46.41668],[13.57729,46.40935],[13.56616,46.39886],[13.55889,46.39796],[13.55231,46.39295],[13.54241,46.3914],[13.53729,46.38605],[13.52746,46.38753],[13.51692,46.38297],[13.51544,46.37654],[13.50853,46.37634],[13.49818,46.37102],[13.48244,46.369],[13.46973,46.36124],[13.45025,46.36276],[13.43862,46.35935],[13.43747,46.35437],[13.4462,46.33905],[13.44836,46.33328],[13.43965,46.32322],[13.42614,46.32232],[13.41998,46.31926],[13.41597,46.31491],[13.41736,46.30636],[13.407,46.30531],[13.40288,46.30014],[13.38195,46.29868],[13.37549,46.29823],[13.3768,46.29456],[13.38195,46.289],[13.38646,46.28979],[13.39141,46.28294],[13.39913,46.25381],[13.40749,46.24225],[13.41686,46.23743],[13.42187,46.23448],[13.42044,46.2306],[13.41248,46.22709],[13.41607,46.2216],[13.40989,46.21602],[13.41072,46.21236],[13.42094,46.20907],[13.42336,46.20605],[13.43592,46.21141],[13.43994,46.21223],[13.44626,46.21273],[13.44823,46.21625],[13.44404,46.22543],[13.44601,46.22578],[13.44862,46.22516],[13.45684,46.22612],[13.46542,46.22359],[13.47298,46.22525],[13.4798,46.22482],[13.49693,46.22185],[13.49868,46.21782],[13.5034,46.2159],[13.51507,46.21525],[13.52483,46.21789],[13.52907,46.2189],[13.52946,46.21221],[13.53746,46.21343],[13.54558,46.21217],[13.56066,46.20465],[13.56606,46.19504],[13.56541,46.18783],[13.5666,46.18617],[13.56987,46.18678],[13.57301,46.18487],[13.57778,46.18559],[13.58678,46.1902],[13.58954,46.19061],[13.58985,46.18828],[13.60225,46.18833],[13.61197,46.18885],[13.61458,46.18433],[13.63361,46.19179],[13.63702,46.19068],[13.64534,46.18921],[13.64892,46.1881],[13.65839,46.18418],[13.66435,46.17755],[13.66606,46.17417],[13.66405,46.17044],[13.65347,46.15863],[13.65517,46.15437],[13.65241,46.14771],[13.64376,46.13735],[13.6326,46.13345],[13.62202,46.12321],[13.60248,46.11312],[13.59554,46.10467],[13.58795,46.10046],[13.57976,46.09764],[13.57259,46.08854],[13.54467,46.08239],[13.53024,46.06738],[13.51424,46.06187],[13.502,46.0615],[13.49711,46.05778],[13.49781,46.05146],[13.49694,46.05133],[13.48512,46.0466],[13.46742,46.0092],[13.46376,46.00643],[13.46025,46.00546],[13.46105,46.0003],[13.46762,45.99687],[13.46489,45.98608],[13.46239,45.98473],[13.4547,45.98682],[13.45264,45.98053],[13.43664,45.97207],[13.44222,45.95831],[13.43079,45.95346],[13.42606,45.95344],[13.42813,45.94851],[13.42397,45.94327],[13.42043,45.93879],[13.42261,45.93331],[13.42078,45.93051],[13.40623,45.91823],[13.40509,45.91726],[13.38665,45.91298],[13.39667,45.90858],[13.39969,45.8956],[13.41035,45.89144],[13.41898,45.88094],[13.41859,45.87445],[13.42316,45.87125],[13.42469,45.86758],[13.41561,45.86642],[13.41316,45.86036],[13.40774,45.85754],[13.41602,45.84941],[13.41559,45.8438],[13.4184,45.84111],[13.42892,45.8391],[13.42814,45.83462],[13.42609,45.83398],[13.42634,45.81324],[13.42688,45.81151],[13.42825,45.80872],[13.43291,45.80117],[13.43309,45.795],[13.4422,45.78764],[13.43635,45.7825],[13.43759,45.77735],[13.43074,45.77588],[13.43282,45.77238],[13.42537,45.76918],[13.42925,45.76512],[13.42272,45.76168],[13.42273,45.75652],[13.43499,45.75916],[13.45089,45.74916],[13.46077,45.75249],[13.45977,45.74954],[13.45281,45.74746],[13.41869,45.7424],[13.40456,45.73849],[13.40798,45.73127],[13.40649,45.72517],[13.38195,45.72551],[13.36579,45.73273],[13.37126,45.73496],[13.37131,45.73693],[13.35495,45.73767],[13.35367,45.73511],[13.31976,45.74437],[13.31293,45.74844],[13.29095,45.74982],[13.27575,45.74835],[13.27071,45.75306],[13.26542,45.75083],[13.25481,45.7503],[13.25007,45.75645],[13.24377,45.75698],[13.23759,45.75524],[13.23393,45.75388],[13.22744,45.75595],[13.22277,45.76918],[13.22185,45.77179],[13.21524,45.77186],[13.21168,45.76918],[13.20953,45.76756],[13.20337,45.7663],[13.19958,45.76918],[13.19369,45.77366],[13.18887,45.77209],[13.18426,45.77333],[13.18295,45.76918],[13.18168,45.76513],[13.17907,45.76253],[13.16734,45.76175],[13.16141,45.75423],[13.15438,45.75445],[13.14467,45.75132],[13.13822,45.75568],[13.13954,45.76017],[13.13324,45.76543],[13.13184,45.76918],[13.13085,45.77184],[13.12862,45.76918],[13.12354,45.76311],[13.11238,45.75773],[13.11549,45.7523],[13.10697,45.74372],[13.10582,45.7372],[13.09236,45.7342],[13.08682,45.71906],[13.07771,45.71682],[13.08083,45.71256],[13.07058,45.71401],[13.0695,45.71261],[13.06812,45.70997],[13.07852,45.69694],[13.07645,45.69102],[13.09808,45.68928],[13.11098,45.68606],[13.13328,45.69198],[13.14467,45.69856],[13.15084,45.69944],[13.15268,45.69765],[13.14717,45.68883],[13.14467,45.68685],[13.11097,45.66439],[13.09879,45.64453],[13.08876,45.6504],[13.08143,45.65036],[13.08346,45.65686],[13.08168,45.65835],[13.0643,45.65678],[13.06212,45.66287],[13.06692,45.67087],[13.06287,45.67819],[13.05421,45.67828],[13.04502,45.68443],[13.0452,45.68687],[13.05138,45.69028],[13.0527,45.69496],[13.04975,45.69645],[13.04552,45.69477],[13.03735,45.69962],[13.04514,45.70272],[13.04,45.70818],[13.03854,45.72074],[13.02799,45.72757],[13.02873,45.73658],[13.02628,45.7367],[13.01724,45.73084],[13.01481,45.72482],[13.00907,45.72499],[13.00831,45.73073],[13.0153,45.73596],[13.01549,45.74026],[13.00232,45.74811],[13.00484,45.75428],[13.00052,45.75936],[13.00932,45.76102],[13.01084,45.7631],[12.99989,45.76801],[12.99882,45.76918],[12.99297,45.77554],[12.98412,45.77734],[12.98354,45.7849],[12.97308,45.78984],[12.97438,45.7919],[12.98917,45.79584],[12.98824,45.79896],[12.9818,45.79755],[12.97547,45.80575],[12.98045,45.81395],[12.98783,45.81014],[12.99175,45.81258],[12.98765,45.81739],[12.97523,45.82095],[12.98209,45.8273],[12.97525,45.82382],[12.97187,45.8273],[12.97906,45.83405],[12.98372,45.83558],[12.97654,45.84217],[12.9815,45.85127],[12.97426,45.8731],[12.95851,45.88307],[12.95006,45.88476],[12.93961,45.89018],[12.92801,45.89776],[12.91552,45.91418],[12.91443,45.91823],[12.9077,45.94327],[12.90737,45.94452],[12.90387,45.96328],[12.90924,45.98851],[12.90985,45.99065],[12.91143,45.9939],[12.91205,45.9957],[12.91207,46.0008],[12.91437,46.0169],[12.91508,46.02903],[12.91631,46.04222],[12.91641,46.06127],[12.91713,46.07418],[12.9267,46.09012],[12.93292,46.12236],[12.93762,46.13163],[12.94394,46.14615],[12.94535,46.14781],[12.94585,46.14919],[12.94666,46.15041],[12.94791,46.15136],[12.95161,46.168],[12.95731,46.17861],[12.95749,46.18717],[12.96519,46.19491],[12.95772,46.20282],[12.94557,46.20627],[12.93768,46.21192],[12.9488,46.21636],[12.95635,46.21402],[12.9579,46.22484],[12.97465,46.23614],[12.97117,46.24686],[12.97674,46.25475],[12.97487,46.26403],[12.97789,46.26826],[12.99059,46.27325],[12.97663,46.28184],[12.96682,46.28412],[12.95664,46.29317],[12.95522,46.30292],[12.97477,46.31664],[12.97357,46.32826],[12.96366,46.33174],[12.96121,46.33701],[12.93643,46.33418],[12.92515,46.34285],[12.91625,46.3457],[12.90645,46.33477],[12.89189,46.33095],[12.88045,46.33109],[12.8764,46.33316],[12.87928,46.34223],[12.85898,46.34558],[12.84023,46.34317],[12.83521,46.3443],[12.82064,46.35686],[12.81011,46.35925],[12.80106,46.35632],[12.79279,46.35838],[12.77873,46.35532],[12.7827,46.34899],[12.78115,46.34612],[12.77182,46.3464],[12.76372,46.34211],[12.72923,46.33639],[12.72231,46.32984],[12.70879,46.32602],[12.69469,46.33769],[12.69303,46.3432],[12.67727,46.34815],[12.67269,46.34636],[12.66068,46.3454],[12.65255,46.33852],[12.64552,46.33746],[12.6382,46.33925],[12.63793,46.33932],[12.62727,46.34711],[12.60921,46.3439],[12.59671,46.34833],[12.59592,46.34991],[12.6041,46.35588],[12.59659,46.36219],[12.58618,46.36688],[12.57694,46.36514],[12.55702,46.36907],[12.55167,46.36324],[12.54154,46.36027],[12.52662,46.37225],[12.51908,46.39801],[12.50386,46.40481],[12.4987,46.41222],[12.49761,46.4141],[12.49454,46.41799],[12.49388,46.42049],[12.49345,46.42227],[12.4925,46.42427],[12.49393,46.42607],[12.50637,46.4411],[12.5158,46.44664],[12.52853,46.4494],[12.52728,46.45874],[12.53104,46.46491],[12.53949,46.45716],[12.56908,46.47536],[12.59144,46.47173],[12.6068,46.4643],[12.62147,46.47453],[12.6382,46.47302],[12.64893,46.46715],[12.65906,46.46633],[12.66158,46.46941],[12.65639,46.48152],[12.65208,46.48509],[12.6382,46.49505],[12.63115,46.50011],[12.6306,46.51218],[12.6382,46.51461],[12.67269,46.52563],[12.6807,46.52857],[12.69292,46.53877],[12.71444,46.54458],[12.72088,46.54373],[12.72671,46.53964],[12.73758,46.54323],[12.74966,46.544],[12.73526,46.55429],[12.73287,46.55955],[12.73478,46.5652],[12.73296,46.57065],[12.74189,46.5763],[12.73873,46.58788],[12.74138,46.59515],[12.72965,46.61049],[12.7284,46.6198],[12.73083,46.62439],[12.72745,46.63039],[12.73139,46.63429],[12.74409,46.63775],[12.74899,46.64394],[12.75596,46.64693],[12.77838,46.64618],[12.79437,46.6423],[12.79951,46.63604],[12.80896,46.63187]]],[[[13.24367,45.71893],[13.23947,45.7143],[13.20331,45.71226],[13.1898,45.711],[13.1844,45.71297],[13.19023,45.71503],[13.20331,45.7147],[13.24128,45.72054],[13.24367,45.71893]]],[[[13.17834,45.71213],[13.17891,45.70639],[13.17077,45.703],[13.16803,45.70261],[13.15481,45.70311],[13.15396,45.70438],[13.15428,45.70672],[13.15798,45.70964],[13.16528,45.71063],[13.16956,45.71198],[13.17201,45.71053],[13.17834,45.71213]]]]},"properties":{"code":"ITH42","nom":"Udine","country":"IT"}},{"type":"Feature","geometry":{"type":"MultiPolygon","coordinates":[[[[12.1281,42.94233],[12.14274,42.93537],[12.15016,42.9405],[12.15287,42.93433],[12.16056,42.93611],[12.17248,42.93349],[12.1891,42.93883],[12.20547,42.93357],[12.20525,42.92683],[12.20892,42.92405],[12.22576,42.92799],[12.23187,42.92159],[12.25399,42.92231],[12.25927,42.91692],[12.26721,42.92423],[12.2784,42.91742],[12.28137,42.91932],[12.28137,42.92139],[12.28137,42.92364],[12.28713,42.92166],[12.29347,42.91547],[12.31957,42.91413],[12.31766,42.90637],[12.30533,42.89445],[12.30476,42.89084],[12.31162,42.88739],[12.32093,42.89098],[12.32867,42.88986],[12.32955,42.87789],[12.33077,42.87269],[12.32319,42.86232],[12.326,42.85642],[12.32695,42.84999],[12.32352,42.84072],[12.31457,42.83413],[12.31214,42.82882],[12.29994,42.79528],[12.30177,42.7909],[12.30001,42.782],[12.29078,42.78119],[12.29052,42.77004],[12.29724,42.75008],[12.31006,42.74585],[12.31565,42.74082],[12.32207,42.74515],[12.326,42.75173],[12.33017,42.75194],[12.35248,42.73191],[12.35463,42.72803],[12.35879,42.72051],[12.36745,42.7132],[12.37385,42.71132],[12.37545,42.70731],[12.36893,42.70346],[12.37335,42.69418],[12.36872,42.68691],[12.3793,42.68362],[12.38408,42.67798],[12.38733,42.67395],[12.39615,42.67723],[12.40249,42.69985],[12.41409,42.69995],[12.41731,42.6813],[12.44932,42.70122],[12.46254,42.70469],[12.47342,42.71493],[12.48846,42.7239],[12.49303,42.73379],[12.50232,42.73174],[12.51218,42.73153],[12.51676,42.71814],[12.53323,42.71121],[12.54383,42.7153],[12.55945,42.71609],[12.5732,42.71428],[12.58002,42.71972],[12.57716,42.73875],[12.5846,42.74911],[12.59219,42.74817],[12.60182,42.74321],[12.60475,42.73151],[12.61195,42.72208],[12.62737,42.72073],[12.62309,42.7109],[12.61874,42.70823],[12.59276,42.71096],[12.58171,42.70654],[12.58339,42.68992],[12.58785,42.68912],[12.61322,42.69439],[12.61725,42.68063],[12.62496,42.67349],[12.6287,42.6736],[12.6382,42.67445],[12.64162,42.66763],[12.65135,42.66533],[12.66244,42.659],[12.67566,42.64506],[12.68907,42.64198],[12.69645,42.6376],[12.71146,42.62172],[12.71978,42.59939],[12.72619,42.5989],[12.72645,42.60333],[12.73518,42.60919],[12.73475,42.62416],[12.75044,42.63373],[12.77544,42.63664],[12.78466,42.6455],[12.78681,42.65733],[12.79239,42.66213],[12.80398,42.65741],[12.81209,42.65952],[12.81724,42.66468],[12.82554,42.66736],[12.8273,42.67132],[12.84374,42.66747],[12.85848,42.66711],[12.87717,42.64671],[12.88954,42.64083],[12.89336,42.63303],[12.88643,42.62853],[12.885,42.62369],[12.88874,42.6184],[12.89635,42.61642],[12.88054,42.60932],[12.88058,42.60765],[12.87954,42.59986],[12.88062,42.59817],[12.89387,42.57747],[12.89274,42.56348],[12.87174,42.5611],[12.8636,42.55823],[12.84714,42.55203],[12.84193,42.54642],[12.81805,42.53291],[12.80627,42.53551],[12.78377,42.53375],[12.7737,42.53041],[12.77093,42.52402],[12.7732,42.51299],[12.75359,42.51263],[12.74579,42.50785],[12.72844,42.50888],[12.71115,42.50077],[12.72068,42.48548],[12.74158,42.47051],[12.73232,42.46707],[12.72471,42.46039],[12.70789,42.46255],[12.69327,42.44977],[12.67309,42.44213],[12.66064,42.44134],[12.65092,42.44324],[12.64894,42.44849],[12.64167,42.4547],[12.64055,42.46745],[12.6382,42.46776],[12.6287,42.46903],[12.6212,42.46822],[12.61527,42.46446],[12.61884,42.46013],[12.61924,42.45184],[12.61101,42.42795],[12.61412,42.42385],[12.61438,42.41351],[12.6065,42.408],[12.60609,42.40351],[12.601,42.40171],[12.57053,42.38355],[12.56218,42.38376],[12.55788,42.38054],[12.54772,42.38134],[12.53702,42.37359],[12.53108,42.36569],[12.52678,42.36469],[12.51873,42.36818],[12.51352,42.37911],[12.51572,42.39978],[12.50758,42.40291],[12.49281,42.39801],[12.48807,42.39866],[12.48138,42.40415],[12.47226,42.401],[12.46628,42.39487],[12.46212,42.39869],[12.45348,42.39648],[12.44471,42.3988],[12.45721,42.4038],[12.45988,42.41705],[12.4669,42.42064],[12.46312,42.42864],[12.45432,42.42692],[12.45009,42.42373],[12.43887,42.42604],[12.4221,42.42187],[12.41409,42.42577],[12.41908,42.43674],[12.41221,42.44456],[12.41498,42.44991],[12.41357,42.45426],[12.41799,42.45786],[12.42934,42.45853],[12.42631,42.46519],[12.41301,42.468],[12.41353,42.47824],[12.42784,42.48692],[12.41887,42.49699],[12.41328,42.49433],[12.4034,42.49907],[12.39019,42.49817],[12.38745,42.49633],[12.38713,42.48953],[12.37628,42.4856],[12.37333,42.48141],[12.35463,42.47483],[12.35294,42.47423],[12.34434,42.48478],[12.3352,42.4901],[12.32516,42.49421],[12.31607,42.48866],[12.30536,42.4879],[12.29988,42.48749],[12.29208,42.49038],[12.28981,42.49262],[12.28958,42.49431],[12.29849,42.49485],[12.303,42.4913],[12.30649,42.49701],[12.30053,42.50359],[12.28951,42.50979],[12.28137,42.50748],[12.27742,42.50769],[12.27456,42.51169],[12.27585,42.51558],[12.28137,42.5171],[12.28989,42.51927],[12.28752,42.52184],[12.28137,42.52285],[12.27203,42.52604],[12.26663,42.53651],[12.27267,42.5369],[12.27404,42.54011],[12.27857,42.54154],[12.27852,42.55035],[12.2748,42.55909],[12.26642,42.55941],[12.25608,42.56583],[12.24134,42.57046],[12.24102,42.57672],[12.23587,42.58329],[12.24105,42.59046],[12.24095,42.5966],[12.24757,42.59668],[12.24407,42.60502],[12.22912,42.61108],[12.23966,42.62307],[12.24066,42.62559],[12.24196,42.62701],[12.24336,42.62807],[12.22567,42.63553],[12.22637,42.6433],[12.2049,42.65971],[12.19725,42.66327],[12.18992,42.66273],[12.17507,42.67279],[12.16507,42.67645],[12.16097,42.67619],[12.15063,42.66893],[12.14834,42.66104],[12.14079,42.65628],[12.13171,42.66068],[12.12501,42.65056],[12.11947,42.65017],[12.10671,42.66464],[12.094,42.65588],[12.07373,42.65665],[12.06678,42.65275],[12.04813,42.64942],[12.04014,42.64861],[12.03002,42.64322],[12.02926,42.64984],[12.0071,42.66243],[11.99183,42.6692],[11.97789,42.67538],[11.94108,42.68365],[11.94791,42.69532],[11.93984,42.6989],[11.92631,42.70472],[11.93159,42.71398],[11.93984,42.71803],[11.94874,42.72667],[11.95967,42.72663],[11.96997,42.7387],[11.97423,42.74894],[11.98105,42.7536],[11.9795,42.76457],[11.96575,42.7673],[11.94857,42.7768],[11.93984,42.77677],[11.92668,42.78212],[11.91716,42.80652],[11.90786,42.81755],[11.90512,42.83151],[11.89499,42.83465],[11.8933,42.84353],[11.91284,42.8505],[11.9266,42.86736],[11.93332,42.86933],[11.93359,42.86722],[11.93541,42.86392],[11.93719,42.86266],[11.93984,42.86226],[11.94679,42.86331],[11.96118,42.86344],[11.96808,42.86801],[11.99183,42.87218],[12.00886,42.87942],[12.03011,42.8813],[12.01183,42.88964],[12.01382,42.89672],[12.00473,42.90903],[12.01598,42.91004],[12.03208,42.92787],[12.04801,42.93482],[12.05084,42.94074],[12.0625,42.93465],[12.0859,42.94092],[12.11384,42.94034],[12.1281,42.94233]]],[[[11.96553,42.91357],[11.96829,42.91039],[11.98019,42.91147],[11.99183,42.90963],[11.99761,42.90871],[11.99183,42.90116],[11.9855,42.8929],[11.97116,42.88863],[11.95861,42.87431],[11.95666,42.89383],[11.95607,42.89939],[11.9521,42.90097],[11.95607,42.91012],[11.95249,42.91288],[11.95683,42.91593],[11.96553,42.91357]]]]},"properties":{"code":"ITI22","nom":"Terni","country":"IT"}},{"type":"Feature","geometry":{"type":"MultiPolygon","coordinates":[[[[12.76603,43.9663],[12.78765,43.96478],[12.79716,43.96505],[12.8092,43.96054],[12.89226,43.92359],[12.90685,43.92317],[12.96303,43.88153],[13.00058,43.85704],[13.01115,43.85228],[13.02164,43.85209],[13.02625,43.84664],[13.06954,43.82016],[13.13334,43.77367],[13.14467,43.76694],[13.17262,43.75035],[13.16045,43.74284],[13.14467,43.74028],[13.13605,43.73311],[13.11806,43.7283],[13.10495,43.72661],[13.09757,43.72912],[13.07716,43.72797],[13.07143,43.7244],[13.06265,43.72333],[13.07576,43.71306],[13.07409,43.70815],[13.07895,43.70387],[13.06978,43.69302],[13.03777,43.67604],[13.02637,43.67594],[13.00239,43.65514],[12.98622,43.65537],[12.98775,43.65012],[12.98413,43.63717],[12.97875,43.62298],[12.96782,43.60648],[12.95767,43.59631],[12.95381,43.59788],[12.94289,43.59659],[12.93618,43.58973],[12.92779,43.587],[12.92298,43.58779],[12.91836,43.58251],[12.92106,43.5736],[12.91125,43.56077],[12.90299,43.55729],[12.88938,43.5443],[12.88528,43.54164],[12.87679,43.53613],[12.8446,43.52525],[12.84268,43.51811],[12.83134,43.50991],[12.81927,43.51134],[12.81173,43.50517],[12.80588,43.50404],[12.7963,43.49146],[12.79843,43.47995],[12.7749,43.47149],[12.76746,43.45983],[12.75759,43.45899],[12.74556,43.46417],[12.73444,43.46368],[12.72256,43.45291],[12.71528,43.44607],[12.70575,43.42601],[12.68677,43.42871],[12.67887,43.43297],[12.66589,43.43571],[12.6382,43.43111],[12.6312,43.42363],[12.61943,43.41657],[12.62255,43.42266],[12.61812,43.42802],[12.61087,43.43023],[12.60427,43.43809],[12.57752,43.44992],[12.54289,43.47967],[12.52443,43.49618],[12.52218,43.50186],[12.51628,43.50937],[12.50083,43.51961],[12.48255,43.52703],[12.47387,43.52061],[12.47347,43.51691],[12.46472,43.51833],[12.45802,43.51699],[12.44914,43.52767],[12.4346,43.53825],[12.42705,43.53475],[12.41943,43.53521],[12.4103,43.52817],[12.39998,43.51415],[12.40022,43.50975],[12.38729,43.51064],[12.38406,43.51595],[12.38616,43.52174],[12.36715,43.53325],[12.35463,43.52546],[12.34876,43.52182],[12.3339,43.52389],[12.32667,43.5297],[12.3222,43.53805],[12.31355,43.54343],[12.31551,43.54908],[12.32035,43.55255],[12.34432,43.55377],[12.34825,43.55833],[12.35463,43.56573],[12.36206,43.57435],[12.37067,43.58016],[12.37256,43.58421],[12.36253,43.5948],[12.36176,43.59938],[12.37129,43.61114],[12.3554,43.61685],[12.35463,43.61562],[12.34997,43.60829],[12.33662,43.61092],[12.3253,43.60255],[12.31316,43.60152],[12.30751,43.59176],[12.30619,43.58942],[12.29984,43.58632],[12.29429,43.58644],[12.29367,43.59277],[12.28498,43.59446],[12.26885,43.5935],[12.26177,43.58938],[12.25532,43.59016],[12.23936,43.59545],[12.2254,43.59397],[12.21386,43.61082],[12.20982,43.62023],[12.20376,43.62608],[12.18923,43.63375],[12.18553,43.64181],[12.19478,43.64442],[12.203,43.65109],[12.21577,43.6503],[12.23113,43.6547],[12.24992,43.67047],[12.24509,43.68146],[12.25273,43.67943],[12.25746,43.68293],[12.27134,43.67664],[12.28132,43.67826],[12.29244,43.68435],[12.2928,43.68745],[12.29816,43.68708],[12.29968,43.69329],[12.30578,43.69792],[12.30367,43.7001],[12.30502,43.71273],[12.30127,43.71969],[12.30619,43.72878],[12.30859,43.72896],[12.31358,43.72051],[12.31403,43.7008],[12.32108,43.69218],[12.31574,43.6779],[12.33061,43.67426],[12.33626,43.67811],[12.32959,43.70036],[12.3302,43.70584],[12.33318,43.70755],[12.34459,43.7092],[12.35463,43.70428],[12.35812,43.70257],[12.36858,43.70637],[12.37103,43.70951],[12.36797,43.71481],[12.35463,43.72459],[12.33878,43.73621],[12.32814,43.74974],[12.31794,43.75498],[12.30741,43.75639],[12.30047,43.75652],[12.2838,43.7649],[12.28905,43.7857],[12.28364,43.78964],[12.28454,43.7935],[12.30619,43.79969],[12.3159,43.80562],[12.31888,43.81498],[12.33587,43.82529],[12.33704,43.83413],[12.34698,43.8492],[12.34739,43.867],[12.35278,43.87108],[12.35463,43.87198],[12.36317,43.87614],[12.38377,43.88179],[12.39115,43.88973],[12.40062,43.87276],[12.40662,43.87639],[12.42064,43.87249],[12.42951,43.87228],[12.43232,43.87484],[12.42308,43.88345],[12.4177,43.89903],[12.42564,43.90306],[12.43436,43.90275],[12.44213,43.90562],[12.45219,43.89531],[12.46241,43.89375],[12.46882,43.89658],[12.48742,43.89645],[12.49412,43.90881],[12.49396,43.91555],[12.5104,43.90853],[12.52021,43.89897],[12.53588,43.8972],[12.54175,43.88866],[12.53718,43.8825],[12.53101,43.87979],[12.53414,43.87055],[12.54165,43.86456],[12.5511,43.86636],[12.56257,43.87054],[12.56656,43.88203],[12.574,43.8848],[12.58949,43.88559],[12.59274,43.87422],[12.58937,43.86523],[12.60174,43.86286],[12.60133,43.85091],[12.60498,43.84619],[12.61586,43.84645],[12.61891,43.84261],[12.61082,43.83655],[12.61124,43.83076],[12.61891,43.82638],[12.62591,43.82106],[12.6382,43.82477],[12.64357,43.8264],[12.65448,43.82521],[12.66006,43.82745],[12.66591,43.82441],[12.67206,43.82378],[12.68133,43.82805],[12.67858,43.83978],[12.68247,43.85284],[12.69514,43.85264],[12.70179,43.85822],[12.72293,43.86136],[12.73291,43.86935],[12.73355,43.86993],[12.72278,43.88106],[12.72645,43.88933],[12.73392,43.89608],[12.72713,43.91169],[12.73013,43.91575],[12.72788,43.9241],[12.73356,43.92979],[12.73391,43.93352],[12.74148,43.94091],[12.74688,43.94682],[12.74832,43.95297],[12.755,43.96235],[12.75068,43.96967],[12.76603,43.9663]],[[12.42547,43.59205],[12.43038,43.59162],[12.43426,43.59898],[12.43064,43.60639],[12.42122,43.60952],[12.40782,43.60212],[12.42547,43.59205]]],[[[13.08337,43.71203],[13.08311,43.70995],[13.07834,43.71275],[13.08556,43.7186],[13.09072,43.71438],[13.08337,43.71203]]],[[[13.09194,43.72384],[13.09622,43.72042],[13.10066,43.72139],[13.10102,43.7201],[13.0977,43.71803],[13.09511,43.71957],[13.09119,43.71721],[13.08733,43.72018],[13.09194,43.72384]]]]},"properties":{"code":"ITI31","nom":"Pesaro e Urbino","country":"IT"}},{"type":"Feature","geometry":{"type":"MultiPolygon","coordinates":[[[[11.02015,43.1886],[11.04596,43.18078],[11.05913,43.18386],[11.05735,43.17165],[11.06036,43.16615],[11.05868,43.16023],[11.06062,43.15526],[11.05257,43.14925],[11.05083,43.14501],[11.06091,43.14102],[11.05957,43.13325],[11.05924,43.13135],[11.07015,43.12357],[11.06187,43.1136],[11.0725,43.10075],[11.07148,43.09689],[11.07686,43.08841],[11.08244,43.08403],[11.11028,43.09001],[11.12546,43.09103],[11.12943,43.08534],[11.13634,43.08537],[11.16023,43.07918],[11.17032,43.0797],[11.17586,43.08959],[11.19087,43.08818],[11.19641,43.09147],[11.21754,43.08716],[11.22985,43.09171],[11.24144,43.0845],[11.24675,43.08584],[11.25755,43.08254],[11.27056,43.08157],[11.28121,43.08298],[11.28626,43.08132],[11.2971,43.07776],[11.3087,43.08796],[11.31281,43.08554],[11.32182,43.08524],[11.32848,43.09118],[11.33854,43.08989],[11.34444,43.08597],[11.35209,43.08089],[11.36043,43.08278],[11.36395,43.0811],[11.36618,43.07108],[11.36309,43.06446],[11.36723,43.05641],[11.3599,43.05382],[11.36291,43.04615],[11.36105,43.04268],[11.3557,43.04065],[11.36322,43.03242],[11.35268,43.02771],[11.36264,43.02227],[11.36252,43.01153],[11.36248,43.00733],[11.37274,43.00741],[11.37161,42.99875],[11.37967,42.99613],[11.3757,42.99325],[11.36579,42.99348],[11.36783,42.98893],[11.37664,42.98489],[11.37458,42.9791],[11.36716,42.97721],[11.35852,42.97851],[11.35042,42.972],[11.3581,42.96765],[11.37222,42.96805],[11.38295,42.96378],[11.39534,42.96386],[11.40932,42.96031],[11.42247,42.9596],[11.43797,42.95874],[11.44827,42.96117],[11.45743,42.95782],[11.47131,42.96424],[11.48439,42.96363],[11.4906,42.96678],[11.49731,42.97519],[11.51518,42.98092],[11.52057,42.9799],[11.52861,42.97376],[11.52625,42.96775],[11.53813,42.96379],[11.56954,42.97021],[11.58385,42.96387],[11.59588,42.95137],[11.60765,42.95157],[11.61092,42.94964],[11.62355,42.92809],[11.62172,42.91467],[11.62618,42.91404],[11.62682,42.9116],[11.62479,42.88809],[11.61971,42.88139],[11.62507,42.86547],[11.63623,42.85845],[11.63243,42.82839],[11.63517,42.81779],[11.63143,42.80788],[11.62418,42.8046],[11.62559,42.79793],[11.64148,42.79866],[11.66422,42.78872],[11.68095,42.78941],[11.6969,42.7977],[11.70494,42.79849],[11.72041,42.79263],[11.73197,42.79271],[11.74604,42.78574],[11.76204,42.77958],[11.77517,42.76824],[11.78225,42.76635],[11.78061,42.75802],[11.80781,42.75334],[11.8142,42.74638],[11.81868,42.74576],[11.80851,42.73018],[11.80049,42.70834],[11.78132,42.70621],[11.78582,42.68924],[11.78612,42.67225],[11.80051,42.66752],[11.80803,42.65924],[11.80864,42.65276],[11.80479,42.64398],[11.79646,42.64347],[11.78091,42.63467],[11.77517,42.63546],[11.75047,42.63888],[11.75116,42.62483],[11.74577,42.62023],[11.73918,42.61462],[11.73604,42.61195],[11.73632,42.607],[11.7285,42.60664],[11.72456,42.61081],[11.71172,42.61027],[11.70014,42.6013],[11.68071,42.59496],[11.68482,42.5845],[11.67952,42.58057],[11.66598,42.57619],[11.65752,42.57656],[11.65093,42.57097],[11.6394,42.56594],[11.62587,42.56887],[11.61384,42.55808],[11.60683,42.56673],[11.59273,42.57097],[11.5911,42.57223],[11.58839,42.57097],[11.58385,42.56896],[11.57949,42.56769],[11.57858,42.56619],[11.58104,42.55492],[11.58519,42.55074],[11.58191,42.54771],[11.58731,42.54243],[11.58211,42.54138],[11.56927,42.53294],[11.56239,42.51558],[11.56814,42.51087],[11.58312,42.50696],[11.58791,42.49624],[11.60795,42.49255],[11.61687,42.48749],[11.61962,42.4735],[11.61445,42.4643],[11.61853,42.45831],[11.6157,42.45194],[11.61774,42.43606],[11.58385,42.43688],[11.554,42.43898],[11.54356,42.4416],[11.52165,42.4341],[11.51469,42.43405],[11.49951,42.43857],[11.48885,42.43875],[11.48322,42.43516],[11.4812,42.41928],[11.47567,42.41319],[11.45748,42.40192],[11.4503,42.39407],[11.45416,42.38675],[11.44994,42.37767],[11.38301,42.39505],[11.34444,42.40111],[11.31569,42.40563],[11.29803,42.40786],[11.28626,42.40613],[11.28033,42.4088],[11.27793,42.41655],[11.27054,42.41886],[11.24144,42.41813],[11.23957,42.41784],[11.23282,42.41646],[11.22309,42.41416],[11.2208,42.41347],[11.21696,42.41213],[11.2133,42.41067],[11.21146,42.40973],[11.21008,42.40872],[11.20704,42.40164],[11.21082,42.39744],[11.20572,42.39345],[11.2124,42.38839],[11.19301,42.38022],[11.18832,42.37351],[11.18908,42.36417],[11.18184,42.36405],[11.17591,42.36801],[11.16669,42.36755],[11.15316,42.36192],[11.15014,42.37109],[11.14189,42.37702],[11.13236,42.37932],[11.12721,42.38578],[11.11696,42.38994],[11.10986,42.38959],[11.09688,42.39376],[11.08914,42.40632],[11.0913,42.41532],[11.08821,42.42841],[11.0947,42.43034],[11.09646,42.43867],[11.10752,42.44755],[11.11259,42.44612],[11.12247,42.43555],[11.13258,42.43832],[11.14015,42.43431],[11.14965,42.43619],[11.15682,42.43405],[11.16943,42.44088],[11.18416,42.46398],[11.19071,42.4873],[11.19077,42.51544],[11.17704,42.54077],[11.15676,42.56214],[11.15033,42.56337],[11.14076,42.56112],[11.13194,42.5531],[11.1231,42.55757],[11.11154,42.57569],[11.10723,42.58289],[11.10481,42.59683],[11.0984,42.60514],[11.09157,42.60643],[11.0849,42.61087],[11.08299,42.61462],[11.08725,42.6201],[11.08389,42.62786],[11.06502,42.6379],[11.01484,42.65633],[11.0069,42.66499],[11.00388,42.67655],[10.99198,42.69955],[10.97767,42.71866],[10.9488,42.73835],[10.91173,42.75326],[10.90468,42.75547],[10.90265,42.75591],[10.89856,42.75709],[10.82141,42.77313],[10.79722,42.77608],[10.78609,42.77445],[10.77314,42.78311],[10.75492,42.79161],[10.73321,42.80174],[10.73292,42.80444],[10.73936,42.80848],[10.74976,42.80639],[10.75492,42.80858],[10.76076,42.81107],[10.77181,42.829],[10.77542,42.84453],[10.77279,42.85124],[10.77392,42.8569],[10.76913,42.86062],[10.76978,42.86918],[10.78636,42.88897],[10.784,42.89566],[10.77193,42.91045],[10.75492,42.92047],[10.74399,42.92691],[10.70567,42.94186],[10.71402,42.95787],[10.73487,42.97126],[10.73875,42.97958],[10.75058,42.98628],[10.75036,42.99018],[10.73791,43.00142],[10.74407,43.01414],[10.76499,43.01212],[10.78024,43.00416],[10.7844,43.01042],[10.79398,43.01732],[10.78191,43.02067],[10.77747,43.02497],[10.77383,43.04415],[10.78217,43.06008],[10.77266,43.06753],[10.7537,43.07505],[10.73593,43.06824],[10.72649,43.06722],[10.71448,43.07222],[10.71554,43.07656],[10.72631,43.08367],[10.72483,43.08876],[10.7201,43.09209],[10.72407,43.09929],[10.71729,43.10851],[10.73049,43.11398],[10.73656,43.12207],[10.7478,43.12344],[10.75045,43.13325],[10.75492,43.1498],[10.75577,43.15296],[10.76385,43.15263],[10.76385,43.14667],[10.7681,43.14383],[10.79608,43.16082],[10.80148,43.1623],[10.80885,43.16116],[10.81421,43.15723],[10.81669,43.15125],[10.83918,43.15767],[10.84291,43.16436],[10.86595,43.15718],[10.89856,43.1608],[10.90871,43.15975],[10.91158,43.16261],[10.91421,43.1641],[10.94221,43.16085],[10.97085,43.17165],[10.97545,43.17547],[10.98592,43.17783],[10.99689,43.17737],[11.00467,43.17971],[11.01333,43.17793],[11.02015,43.1886]]],[[[10.91933,42.36628],[10.9201,42.36115],[10.92538,42.35655],[10.92137,42.35244],[10.92435,42.34933],[10.92327,42.34426],[10.93167,42.33594],[10.9292,42.32605],[10.92025,42.31775],[10.90385,42.32648],[10.89856,42.33334],[10.88609,42.34382],[10.88235,42.35177],[10.86788,42.3547],[10.86528,42.36256],[10.86924,42.36675],[10.87726,42.36573],[10.8806,42.36752],[10.88306,42.37561],[10.8803,42.38201],[10.88153,42.38853],[10.88782,42.38927],[10.89856,42.38444],[10.90526,42.3819],[10.91231,42.37022],[10.91933,42.36628]]],[[[11.11376,42.26102],[11.11637,42.25535],[11.11089,42.25456],[11.10848,42.25577],[11.10572,42.25163],[11.1035,42.25162],[11.10222,42.24612],[11.10531,42.24622],[11.11134,42.24402],[11.11208,42.24055],[11.10929,42.23815],[11.10463,42.23973],[11.10338,42.23863],[11.09985,42.24233],[11.09877,42.24149],[11.09606,42.24502],[11.09729,42.24949],[11.09547,42.2518],[11.09202,42.25282],[11.09502,42.25488],[11.09541,42.25764],[11.10401,42.2587],[11.10999,42.26242],[11.11376,42.26102]]]]},"properties":{"code":"ITI1A","nom":"Grosseto","country":"IT"}},{"type":"Feature","geometry":{"type":"MultiPolygon","coordinates":[[[[12.37129,43.61114],[12.36176,43.59938],[12.36253,43.5948],[12.37256,43.58421],[12.37067,43.58016],[12.36206,43.57435],[12.35463,43.56573],[12.34825,43.55833],[12.34432,43.55377],[12.32035,43.55255],[12.31551,43.54908],[12.31355,43.54343],[12.3222,43.53805],[12.32667,43.5297],[12.3339,43.52389],[12.34876,43.52182],[12.35463,43.52546],[12.36715,43.53325],[12.38616,43.52174],[12.38406,43.51595],[12.38729,43.51064],[12.40022,43.50975],[12.39998,43.51415],[12.4103,43.52817],[12.41943,43.53521],[12.42705,43.53475],[12.4346,43.53825],[12.44914,43.52767],[12.45802,43.51699],[12.46472,43.51833],[12.47347,43.51691],[12.47387,43.52061],[12.48255,43.52703],[12.50083,43.51961],[12.51628,43.50937],[12.52218,43.50186],[12.52443,43.49618],[12.54289,43.47967],[12.57752,43.44992],[12.60427,43.43809],[12.61087,43.43023],[12.61812,43.42802],[12.62255,43.42266],[12.61943,43.41657],[12.6312,43.42363],[12.6382,43.43111],[12.66589,43.43571],[12.67887,43.43297],[12.68677,43.42871],[12.70575,43.42601],[12.71528,43.44607],[12.72256,43.45291],[12.73444,43.46368],[12.74556,43.46417],[12.75759,43.45899],[12.76746,43.45983],[12.77565,43.45098],[12.76665,43.44466],[12.76657,43.44009],[12.77112,43.43445],[12.76759,43.4328],[12.76616,43.42758],[12.78067,43.41496],[12.77379,43.40223],[12.76277,43.3972],[12.75836,43.39636],[12.75223,43.39521],[12.74682,43.39043],[12.75224,43.38561],[12.74996,43.3788],[12.75799,43.37227],[12.75863,43.36553],[12.75938,43.36434],[12.76987,43.36024],[12.77316,43.35083],[12.78193,43.34505],[12.78251,43.34114],[12.79357,43.33411],[12.79447,43.32829],[12.79865,43.32403],[12.80218,43.30647],[12.79984,43.29187],[12.78925,43.28289],[12.80402,43.27103],[12.82339,43.26664],[12.8252,43.26208],[12.82992,43.25977],[12.82593,43.24734],[12.82921,43.24106],[12.82868,43.23525],[12.83728,43.22447],[12.83661,43.21752],[12.85013,43.21044],[12.86236,43.21123],[12.86806,43.1907],[12.86242,43.17165],[12.86196,43.16616],[12.85245,43.1549],[12.83134,43.14659],[12.8314,43.14119],[12.84325,43.12286],[12.85953,43.12547],[12.88085,43.12096],[12.8859,43.09913],[12.89187,43.09344],[12.89734,43.09346],[12.89009,43.05948],[12.89277,43.04704],[12.90588,43.03551],[12.90496,43.02103],[12.89716,43.02374],[12.88889,43.01153],[12.90692,42.9853],[12.89849,42.97215],[12.89745,42.96474],[12.91476,42.95496],[12.92729,42.95302],[12.93513,42.94608],[12.94807,42.94145],[12.95102,42.93447],[12.94935,42.92994],[12.9695,42.92823],[12.9757,42.92586],[12.96929,42.90359],[12.96991,42.8931],[12.97486,42.88634],[12.97551,42.87238],[12.97617,42.86978],[12.98674,42.86971],[12.99078,42.87311],[13.00093,42.89456],[12.99437,42.90129],[13.00245,42.91101],[13.01018,42.90373],[13.02538,42.903],[13.0532,42.91878],[13.07546,42.9024],[13.08673,42.90028],[13.09196,42.89615],[13.11226,42.88931],[13.11272,42.88844],[13.12152,42.87425],[13.13837,42.8583],[13.14467,42.84709],[13.15906,42.83311],[13.18071,42.83674],[13.18952,42.83573],[13.21916,42.84608],[13.23073,42.85553],[13.23529,42.86766],[13.24742,42.84931],[13.25641,42.82112],[13.26244,42.81613],[13.26346,42.80844],[13.25863,42.79835],[13.2527,42.79448],[13.25563,42.79133],[13.25156,42.78861],[13.24291,42.76461],[13.23868,42.76296],[13.23433,42.77245],[13.22045,42.77216],[13.20885,42.76428],[13.19559,42.76166],[13.19893,42.74888],[13.18896,42.73741],[13.18923,42.73357],[13.1873,42.72376],[13.19026,42.71052],[13.17392,42.68758],[13.18176,42.68004],[13.17363,42.67457],[13.17309,42.66536],[13.16035,42.65621],[13.15851,42.65423],[13.14467,42.64734],[13.13058,42.65798],[13.12151,42.65787],[13.11782,42.65606],[13.10943,42.64303],[13.102,42.63799],[13.05984,42.62306],[13.03643,42.62821],[13.02835,42.6384],[13.02351,42.6383],[13.01927,42.6349],[13.01303,42.62637],[13.01403,42.62059],[13.00915,42.61657],[12.98624,42.61574],[12.95262,42.61869],[12.9366,42.61484],[12.92962,42.60346],[12.9195,42.60384],[12.91614,42.609],[12.89635,42.61642],[12.88874,42.6184],[12.885,42.62369],[12.88643,42.62853],[12.89336,42.63303],[12.88954,42.64083],[12.87717,42.64671],[12.85848,42.66711],[12.84374,42.66747],[12.8273,42.67132],[12.82554,42.66736],[12.81724,42.66468],[12.81209,42.65952],[12.80398,42.65741],[12.79239,42.66213],[12.78681,42.65733],[12.78466,42.6455],[12.77544,42.63664],[12.75044,42.63373],[12.73475,42.62416],[12.73518,42.60919],[12.72645,42.60333],[12.72619,42.5989],[12.71978,42.59939],[12.71146,42.62172],[12.69645,42.6376],[12.68907,42.64198],[12.67566,42.64506],[12.66244,42.659],[12.65135,42.66533],[12.64162,42.66763],[12.6382,42.67445],[12.6287,42.6736],[12.62496,42.67349],[12.61725,42.68063],[12.61322,42.69439],[12.58785,42.68912],[12.58339,42.68992],[12.58171,42.70654],[12.59276,42.71096],[12.61874,42.70823],[12.62309,42.7109],[12.62737,42.72073],[12.61195,42.72208],[12.60475,42.73151],[12.60182,42.74321],[12.59219,42.74817],[12.5846,42.74911],[12.57716,42.73875],[12.58002,42.71972],[12.5732,42.71428],[12.55945,42.71609],[12.54383,42.7153],[12.53323,42.71121],[12.51676,42.71814],[12.51218,42.73153],[12.50232,42.73174],[12.49303,42.73379],[12.48846,42.7239],[12.47342,42.71493],[12.46254,42.70469],[12.44932,42.70122],[12.41731,42.6813],[12.41409,42.69995],[12.40249,42.69985],[12.39615,42.67723],[12.38733,42.67395],[12.38408,42.67798],[12.3793,42.68362],[12.36872,42.68691],[12.37335,42.69418],[12.36893,42.70346],[12.37545,42.70731],[12.37385,42.71132],[12.36745,42.7132],[12.35879,42.72051],[12.35463,42.72803],[12.35248,42.73191],[12.33017,42.75194],[12.326,42.75173],[12.32207,42.74515],[12.31565,42.74082],[12.31006,42.74585],[12.29724,42.75008],[12.29052,42.77004],[12.29078,42.78119],[12.30001,42.782],[12.30177,42.7909],[12.29994,42.79528],[12.31214,42.82882],[12.31457,42.83413],[12.32352,42.84072],[12.32695,42.84999],[12.326,42.85642],[12.32319,42.86232],[12.33077,42.87269],[12.32955,42.87789],[12.32867,42.88986],[12.32093,42.89098],[12.31162,42.88739],[12.30476,42.89084],[12.30533,42.89445],[12.31766,42.90637],[12.31957,42.91413],[12.29347,42.91547],[12.28713,42.92166],[12.28137,42.92364],[12.28137,42.92139],[12.28137,42.91932],[12.2784,42.91742],[12.26721,42.92423],[12.25927,42.91692],[12.25399,42.92231],[12.23187,42.92159],[12.22576,42.92799],[12.20892,42.92405],[12.20525,42.92683],[12.20547,42.93357],[12.1891,42.93883],[12.17248,42.93349],[12.16056,42.93611],[12.15287,42.93433],[12.15016,42.9405],[12.14274,42.93537],[12.1281,42.94233],[12.11384,42.94034],[12.0859,42.94092],[12.0625,42.93465],[12.05084,42.94074],[12.04801,42.93482],[12.03208,42.92787],[12.01598,42.91004],[12.00473,42.90903],[12.01382,42.89672],[12.01183,42.88964],[12.03011,42.8813],[12.00886,42.87942],[11.99183,42.87218],[11.96808,42.86801],[11.96118,42.86344],[11.94679,42.86331],[11.93984,42.86226],[11.93719,42.86266],[11.93541,42.86392],[11.93359,42.86722],[11.93332,42.86933],[11.93984,42.87057],[11.95746,42.87082],[11.95861,42.87431],[11.97116,42.88863],[11.9855,42.8929],[11.99183,42.90116],[11.99761,42.90871],[11.99183,42.90963],[11.98019,42.91147],[11.96829,42.91039],[11.96553,42.91357],[11.95683,42.91593],[11.95249,42.91288],[11.95607,42.91012],[11.9521,42.90097],[11.93908,42.90378],[11.93359,42.9089],[11.9399,42.93624],[11.95005,42.94692],[11.95254,42.95361],[11.94879,42.96344],[11.94953,42.97651],[11.95474,42.98034],[11.9667,43.01153],[11.96822,43.01549],[11.97318,43.03675],[11.98171,43.04837],[11.9796,43.05753],[11.97142,43.06435],[11.95719,43.06823],[11.95103,43.06473],[11.94814,43.05604],[11.93984,43.05349],[11.93168,43.06795],[11.92388,43.07578],[11.9232,43.08214],[11.92999,43.08853],[11.93073,43.09268],[11.92219,43.10695],[11.92048,43.11763],[11.91347,43.12801],[11.92071,43.13325],[11.92645,43.14956],[11.94227,43.1611],[11.96126,43.16689],[11.9691,43.16881],[11.97373,43.17165],[11.98835,43.18092],[11.99183,43.18087],[12.00628,43.18067],[12.01981,43.18516],[12.02631,43.19043],[12.02814,43.19664],[12.02599,43.20071],[12.03539,43.21435],[12.03694,43.2261],[12.04224,43.22976],[12.03496,43.24651],[12.04981,43.25248],[12.05982,43.24688],[12.07515,43.24371],[12.08621,43.23659],[12.09485,43.23719],[12.09528,43.23922],[12.10283,43.24133],[12.11147,43.25013],[12.12018,43.25436],[12.14067,43.25311],[12.14707,43.25426],[12.17411,43.27269],[12.18701,43.27426],[12.2071,43.28154],[12.22277,43.29647],[12.19383,43.31306],[12.18317,43.30083],[12.18448,43.29337],[12.17733,43.282],[12.17395,43.28148],[12.16445,43.28245],[12.15742,43.28591],[12.14956,43.2864],[12.14396,43.28942],[12.13229,43.29359],[12.12598,43.30668],[12.13554,43.31756],[12.13332,43.32108],[12.1344,43.32462],[12.13721,43.32795],[12.13537,43.34173],[12.12881,43.35309],[12.11903,43.36402],[12.11484,43.36594],[12.11099,43.36918],[12.10167,43.37243],[12.09386,43.36659],[12.08356,43.36684],[12.07985,43.36518],[12.07744,43.36558],[12.07338,43.37118],[12.0732,43.38794],[12.07652,43.39636],[12.07759,43.39908],[12.07376,43.40377],[12.06903,43.40423],[12.0531,43.39834],[12.03132,43.40192],[12.02623,43.41204],[12.02664,43.41736],[12.03324,43.42393],[12.04484,43.42702],[12.05167,43.43124],[12.05364,43.43492],[12.05988,43.43822],[12.07736,43.43407],[12.08225,43.43475],[12.09928,43.44773],[12.10025,43.45505],[12.10435,43.46019],[12.12301,43.46685],[12.12982,43.47201],[12.13618,43.46906],[12.14205,43.47021],[12.14432,43.47982],[12.13077,43.48328],[12.12769,43.48908],[12.12028,43.48802],[12.10881,43.49559],[12.09515,43.49962],[12.09179,43.50247],[12.09115,43.50766],[12.09563,43.5221],[12.10273,43.52989],[12.10957,43.53168],[12.11577,43.52841],[12.11964,43.53144],[12.12563,43.5305],[12.14071,43.53528],[12.1534,43.529],[12.16203,43.55833],[12.16279,43.56089],[12.17932,43.57536],[12.18476,43.58384],[12.19388,43.58897],[12.20014,43.60366],[12.21386,43.61082],[12.2254,43.59397],[12.23936,43.59545],[12.25532,43.59016],[12.26177,43.58938],[12.26885,43.5935],[12.28498,43.59446],[12.29367,43.59277],[12.29429,43.58644],[12.29984,43.58632],[12.30619,43.58942],[12.30751,43.59176],[12.31316,43.60152],[12.3253,43.60255],[12.33662,43.61092],[12.34997,43.60829],[12.35463,43.61562],[12.3554,43.61685],[12.37129,43.61114]]],[[[12.43426,43.59898],[12.43038,43.59162],[12.42547,43.59205],[12.40782,43.60212],[12.42122,43.60952],[12.43064,43.60639],[12.43426,43.59898]]]]},"properties":{"code":"ITI21","nom":"Perugia","country":"IT"}},{"type":"Feature","geometry":{"type":"MultiPolygon","coordinates":[[[[14.25396,42.4448],[14.32096,42.40497],[14.3556,42.38678],[14.39243,42.3719],[14.39936,42.36341],[14.40984,42.35818],[14.41386,42.34284],[14.42513,42.33459],[14.42613,42.32597],[14.44135,42.31207],[14.47577,42.29032],[14.502,42.27195],[14.50115,42.26448],[14.50214,42.25941],[14.51144,42.25033],[14.54446,42.23577],[14.55603,42.22755],[14.56719,42.22263],[14.60754,42.20484],[14.62263,42.1985],[14.64147,42.19357],[14.64708,42.1921],[14.69815,42.17488],[14.71065,42.17332],[14.71583,42.17267],[14.7197,42.15501],[14.71753,42.1499],[14.719,42.13485],[14.72299,42.12656],[14.71857,42.10596],[14.72825,42.09543],[14.75156,42.08077],[14.77965,42.07002],[14.77203,42.06209],[14.76242,42.04373],[14.774,42.03897],[14.78099,42.03223],[14.76464,42.01839],[14.75198,42.0135],[14.74625,42.00871],[14.73213,42.00547],[14.72374,41.99997],[14.71409,41.99002],[14.71065,41.98649],[14.70304,41.97869],[14.70117,41.97677],[14.69959,41.97235],[14.69104,41.96787],[14.67248,41.9497],[14.66583,41.94105],[14.66593,41.92751],[14.6649,41.92093],[14.66379,41.91626],[14.65551,41.91108],[14.65047,41.90433],[14.64315,41.90378],[14.64147,41.9014],[14.63986,41.89911],[14.6179,41.89144],[14.61427,41.88916],[14.61342,41.88689],[14.61247,41.88321],[14.61137,41.88013],[14.60399,41.87006],[14.59907,41.86247],[14.59779,41.85241],[14.59297,41.8483],[14.58494,41.84166],[14.5731,41.82401],[14.57065,41.82113],[14.56719,41.81869],[14.55128,41.81638],[14.53944,41.80342],[14.5342,41.79997],[14.53098,41.80066],[14.53339,41.79304],[14.53028,41.78848],[14.50196,41.77352],[14.49123,41.76246],[14.48536,41.75962],[14.471,41.76315],[14.45595,41.76367],[14.45951,41.77273],[14.46605,41.77763],[14.4548,41.79576],[14.45073,41.81926],[14.44686,41.8344],[14.44206,41.84082],[14.4308,41.84165],[14.42472,41.85296],[14.40022,41.8684],[14.39391,41.87001],[14.37925,41.86576],[14.3767,41.8799],[14.36269,41.87502],[14.3639,41.8684],[14.35841,41.86085],[14.34303,41.86249],[14.34282,41.869],[14.32789,41.88576],[14.32372,41.89638],[14.30675,41.89308],[14.30026,41.89891],[14.29241,41.90188],[14.28422,41.91075],[14.27933,41.90949],[14.26801,41.89686],[14.25408,41.89149],[14.25221,41.8885],[14.24424,41.88162],[14.23187,41.87748],[14.22976,41.87706],[14.20901,41.89188],[14.18567,41.90247],[14.16775,41.90091],[14.15752,41.8938],[14.14854,41.89447],[14.13987,41.88651],[14.13222,41.89005],[14.12522,41.89097],[14.10816,41.89321],[14.10162,41.90196],[14.10028,41.90375],[14.09361,41.9244],[14.08185,41.93938],[14.08723,41.94323],[14.09668,41.94533],[14.0979,41.94764],[14.09356,41.978],[14.08817,41.98854],[14.08958,41.99688],[14.08196,42.00139],[14.08026,42.00765],[14.08176,42.01761],[14.09063,42.0327],[14.0921,42.04234],[14.10162,42.0468],[14.10406,42.04794],[14.10162,42.05546],[14.09924,42.06279],[14.10022,42.07465],[14.09112,42.084],[14.08525,42.0867],[14.08448,42.0908],[14.09023,42.09866],[14.10162,42.09928],[14.10722,42.09958],[14.11494,42.10716],[14.11546,42.11912],[14.11034,42.14233],[14.1186,42.1519],[14.12522,42.15618],[14.1292,42.15875],[14.12522,42.16215],[14.11431,42.17148],[14.10162,42.17831],[14.09777,42.18038],[14.09611,42.18589],[14.10083,42.18916],[14.10473,42.19082],[14.09531,42.20012],[14.09549,42.20539],[14.1103,42.21133],[14.12041,42.22309],[14.13312,42.22428],[14.12522,42.23016],[14.11287,42.23936],[14.10874,42.24516],[14.1063,42.2578],[14.11434,42.26305],[14.11369,42.2744],[14.10162,42.27768],[14.09883,42.27844],[14.08524,42.27838],[14.10162,42.28393],[14.11155,42.29337],[14.10906,42.29695],[14.10162,42.30056],[14.09347,42.30452],[14.08468,42.31672],[14.07842,42.31839],[14.07569,42.32508],[14.08226,42.33089],[14.09253,42.33432],[14.10162,42.33328],[14.11248,42.33205],[14.11834,42.33422],[14.11785,42.34005],[14.12214,42.34747],[14.12522,42.34924],[14.12753,42.35121],[14.12522,42.35808],[14.12038,42.3585],[14.11817,42.36183],[14.12522,42.36671],[14.12691,42.36788],[14.13186,42.38463],[14.13734,42.38864],[14.14402,42.38773],[14.14503,42.39295],[14.15551,42.3935],[14.15797,42.39682],[14.1554,42.40804],[14.15676,42.4137],[14.16044,42.41651],[14.15692,42.41679],[14.16308,42.41963],[14.16452,42.42422],[14.17004,42.42695],[14.16566,42.43154],[14.17153,42.43662],[14.1856,42.4269],[14.19423,42.43497],[14.19935,42.429],[14.20754,42.42567],[14.21454,42.42784],[14.22247,42.42725],[14.22133,42.41945],[14.22874,42.41547],[14.23751,42.42536],[14.24497,42.42758],[14.24506,42.43725],[14.25396,42.4448]]]]},"properties":{"code":"ITF14","nom":"Chieti","country":"IT"}},{"type":"Feature","geometry":{"type":"MultiPolygon","coordinates":[[[[14.58143,40.98937],[14.57675,40.96299],[14.58018,40.95875],[14.57938,40.95179],[14.58545,40.94249],[14.58534,40.93392],[14.58795,40.93352],[14.61049,40.92937],[14.61614,40.92603],[14.62136,40.91219],[14.63954,40.91422],[14.64147,40.91405],[14.65659,40.91271],[14.66342,40.91489],[14.66456,40.91517],[14.66772,40.91191],[14.6697,40.9049],[14.65163,40.90424],[14.64147,40.9084],[14.63576,40.91074],[14.61403,40.91011],[14.59646,40.91191],[14.59642,40.91363],[14.59322,40.91434],[14.58448,40.91191],[14.57431,40.90907],[14.57561,40.90244],[14.56772,40.89214],[14.5595,40.88793],[14.56719,40.88392],[14.58568,40.87426],[14.59635,40.85676],[14.60558,40.84757],[14.57277,40.84722],[14.56719,40.83889],[14.56468,40.83513],[14.56719,40.83347],[14.58931,40.81893],[14.58817,40.80556],[14.57427,40.80022],[14.57598,40.78683],[14.56719,40.78882],[14.55593,40.79138],[14.55082,40.78939],[14.54952,40.78691],[14.5444,40.77874],[14.53698,40.77972],[14.51898,40.77704],[14.51488,40.7737],[14.50805,40.7726],[14.50732,40.7692],[14.51033,40.76598],[14.51399,40.7465],[14.50626,40.74044],[14.52052,40.73474],[14.53577,40.73641],[14.54272,40.74012],[14.54691,40.73735],[14.54974,40.72823],[14.56081,40.73085],[14.56516,40.72235],[14.56719,40.72105],[14.56938,40.71965],[14.57187,40.71123],[14.57993,40.70953],[14.57776,40.70146],[14.59065,40.69397],[14.5903,40.69028],[14.58053,40.68554],[14.57705,40.68167],[14.57783,40.6789],[14.57199,40.67032],[14.56719,40.67014],[14.5579,40.66977],[14.55522,40.66787],[14.55895,40.66017],[14.56719,40.6517],[14.57215,40.6466],[14.57125,40.6414],[14.5802,40.63557],[14.57702,40.62789],[14.56719,40.62372],[14.55655,40.62841],[14.55299,40.62392],[14.54569,40.62204],[14.53762,40.62414],[14.51792,40.6219],[14.51067,40.63077],[14.51193,40.64016],[14.50947,40.64565],[14.50198,40.64816],[14.49674,40.64631],[14.48244,40.64683],[14.47973,40.63696],[14.46597,40.63365],[14.46283,40.6264],[14.46862,40.6202],[14.46334,40.61797],[14.4552,40.61949],[14.44851,40.61794],[14.43758,40.61295],[14.41902,40.61012],[14.40689,40.59926],[14.40429,40.59863],[14.39981,40.59716],[14.39271,40.59483],[14.36666,40.58701],[14.36192,40.58294],[14.35042,40.58099],[14.34472,40.5728],[14.34006,40.5708],[14.33775,40.57671],[14.32427,40.57015],[14.32261,40.58005],[14.32616,40.58601],[14.32173,40.58819],[14.32721,40.59453],[14.3279,40.59716],[14.33041,40.60673],[14.33644,40.61064],[14.34119,40.6184],[14.33954,40.62688],[14.34699,40.62701],[14.35118,40.63394],[14.36737,40.62765],[14.38757,40.63318],[14.39239,40.63658],[14.39975,40.63794],[14.40429,40.64247],[14.40587,40.64316],[14.40829,40.65168],[14.40538,40.65643],[14.4305,40.66742],[14.44181,40.68333],[14.46589,40.69325],[14.47449,40.69267],[14.48067,40.69901],[14.48073,40.70734],[14.47058,40.72865],[14.45837,40.74528],[14.44756,40.75355],[14.43582,40.75434],[14.42562,40.75138],[14.41338,40.75252],[14.39474,40.76041],[14.35711,40.7914],[14.35184,40.79278],[14.33845,40.80437],[14.33182,40.81405],[14.32005,40.82146],[14.28896,40.83839],[14.27873,40.84061],[14.27232,40.83923],[14.26529,40.84239],[14.2483,40.82987],[14.23505,40.83062],[14.22296,40.82706],[14.20989,40.81363],[14.20412,40.80146],[14.18755,40.79485],[14.17487,40.80007],[14.15922,40.81684],[14.12522,40.82053],[14.12025,40.82107],[14.117,40.82752],[14.10711,40.83129],[14.10162,40.83104],[14.08869,40.83044],[14.0774,40.82548],[14.07317,40.81824],[14.0807,40.81071],[14.08539,40.79523],[14.08043,40.79015],[14.08813,40.78625],[14.08838,40.78144],[14.07836,40.78687],[14.06489,40.78872],[14.05763,40.78802],[14.04511,40.79113],[14.04052,40.79885],[14.04469,40.811],[14.04761,40.84509],[14.04075,40.8779],[14.03213,40.89884],[14.03484,40.90064],[14.02963,40.91191],[14.02729,40.91697],[14.02815,40.92566],[14.01843,40.94404],[14.01873,40.94785],[14.02324,40.95113],[14.02791,40.94872],[14.03562,40.94975],[14.04495,40.95368],[14.04426,40.95767],[14.04856,40.95918],[14.09436,40.96062],[14.09969,40.96323],[14.10162,40.96564],[14.11224,40.97894],[14.12522,40.9791],[14.12868,40.97914],[14.13462,40.97869],[14.1403,40.9791],[14.14421,40.96712],[14.14647,40.95803],[14.14021,40.95699],[14.1309,40.95019],[14.13763,40.94516],[14.14472,40.9442],[14.1657,40.95353],[14.16732,40.94539],[14.17288,40.94979],[14.17226,40.95393],[14.1972,40.95386],[14.21437,40.94925],[14.22007,40.95096],[14.2303,40.95251],[14.23365,40.95728],[14.24131,40.95473],[14.25228,40.94604],[14.26027,40.95015],[14.26408,40.95185],[14.25927,40.95741],[14.26353,40.96151],[14.26634,40.96136],[14.28451,40.96026],[14.29305,40.96966],[14.29398,40.97997],[14.28987,40.98749],[14.29523,40.99505],[14.29386,41.00088],[14.29764,41.00471],[14.32455,41.00037],[14.33505,41.00178],[14.34581,41.00022],[14.3557,41.00174],[14.40944,41.00174],[14.41482,40.99695],[14.40613,40.98795],[14.40784,40.98511],[14.42293,40.98112],[14.43284,40.98472],[14.45221,40.98344],[14.47709,40.98142],[14.48314,40.99147],[14.49042,40.99381],[14.52062,40.988],[14.53312,40.99648],[14.53269,41.00398],[14.5312,41.01331],[14.53782,41.01876],[14.54429,41.01801],[14.56592,41.01504],[14.56719,41.01181],[14.57197,41.00947],[14.57414,41.00433],[14.58143,40.98937]]],[[[13.87145,40.76009],[13.87709,40.75682],[13.88364,40.75917],[13.88749,40.75367],[13.8976,40.75116],[13.90912,40.74897],[13.92224,40.75077],[13.93135,40.74615],[13.9362,40.7468],[13.93986,40.74397],[13.94378,40.74534],[13.95276,40.74204],[13.95943,40.73221],[13.96462,40.71289],[13.95416,40.70743],[13.95574,40.70446],[13.95487,40.70232],[13.95291,40.70244],[13.9509,40.7047],[13.94548,40.70431],[13.93824,40.70633],[13.92251,40.69746],[13.90884,40.70127],[13.89829,40.70096],[13.89282,40.69796],[13.88157,40.69999],[13.87435,40.69841],[13.85643,40.70681],[13.85225,40.71116],[13.86105,40.71767],[13.8545,40.73532],[13.862,40.73972],[13.86623,40.74558],[13.86792,40.7519],[13.86294,40.75742],[13.87145,40.76009]]],[[[14.22237,40.56083],[14.24221,40.55599],[14.25215,40.55664],[14.26107,40.56084],[14.26522,40.55669],[14.25566,40.54473],[14.25073,40.54385],[14.24295,40.54604],[14.2339,40.54474],[14.23108,40.54169],[14.22377,40.53878],[14.21517,40.53991],[14.19892,40.53751],[14.19754,40.54861],[14.20123,40.5517],[14.19853,40.55546],[14.19941,40.56001],[14.21117,40.56204],[14.22237,40.56083]]],[[[14.03672,40.76196],[14.03298,40.75956],[14.03067,40.7617],[14.02665,40.76086],[14.02118,40.75777],[14.01993,40.75385],[14.02196,40.7539],[14.02509,40.75111],[14.02365,40.74976],[14.01989,40.7518],[14.01282,40.74852],[14.01334,40.74462],[14.01642,40.74058],[14.01304,40.73997],[14.01017,40.74186],[14.00726,40.74844],[14.00575,40.74858],[14.00459,40.7444],[14.00151,40.7448],[14.00017,40.74697],[14.00375,40.7495],[14.00958,40.75927],[14.0077,40.76185],[14.01002,40.76443],[14.00865,40.76541],[14.00955,40.76941],[14.017,40.76991],[14.02089,40.76654],[14.03606,40.76467],[14.03672,40.76196]]],[[[13.99506,40.74481],[13.99765,40.7398],[13.99275,40.74074],[13.99014,40.7428],[13.99171,40.74663],[13.99426,40.74904],[13.99651,40.74884],[13.99506,40.74481]]],[[[14.16778,40.79726],[14.16419,40.79252],[14.15944,40.79603],[14.15963,40.79796],[14.16386,40.79857],[14.16778,40.79726]]],[[[13.89583,40.69579],[13.89407,40.69242],[13.88886,40.69539],[13.8925,40.69672],[13.89583,40.69579]]],[[[13.96714,40.73347],[13.96676,40.72891],[13.96272,40.72955],[13.96202,40.73163],[13.96714,40.73347]]]]},"properties":{"code":"ITF33","nom":"Napoli","country":"IT"}},{"type":"Feature","geometry":{"type":"MultiPolygon","coordinates":[[[[15.21511,41.27595],[15.22048,41.26515],[15.22906,41.26657],[15.23624,41.27188],[15.24994,41.27038],[15.27465,41.24992],[15.27989,41.24076],[15.2633,41.23723],[15.25269,41.2384],[15.24622,41.23608],[15.24731,41.22042],[15.26246,41.19759],[15.24941,41.19453],[15.22358,41.18191],[15.22053,41.17448],[15.21024,41.16729],[15.20947,41.15201],[15.21762,41.14409],[15.22814,41.14246],[15.23239,41.13884],[15.23763,41.13932],[15.25538,41.11767],[15.26383,41.11341],[15.26354,41.11197],[15.2633,41.10653],[15.27017,41.10494],[15.28262,41.0973],[15.29567,41.09267],[15.3144,41.10385],[15.33368,41.09602],[15.3506,41.09473],[15.36645,41.08486],[15.3715,41.08921],[15.38342,41.0929],[15.39642,41.10678],[15.40216,41.10511],[15.41323,41.09531],[15.42546,41.09577],[15.44645,41.07812],[15.45981,41.07679],[15.46328,41.07644],[15.477,41.07832],[15.48509,41.07115],[15.52175,41.06174],[15.53018,41.05766],[15.53224,41.05736],[15.54292,41.05582],[15.54636,41.05287],[15.55185,41.03973],[15.56231,41.0303],[15.55892,41.02324],[15.5597,41.01841],[15.56599,41.01226],[15.57166,40.99768],[15.56717,40.97115],[15.56388,40.96601],[15.56178,40.9637],[15.55185,40.95526],[15.54586,40.95016],[15.53935,40.9318],[15.53497,40.9197],[15.53224,40.91601],[15.52921,40.91191],[15.52636,40.90804],[15.51592,40.90448],[15.50777,40.90437],[15.49366,40.89802],[15.46832,40.8892],[15.46856,40.88001],[15.47247,40.87322],[15.46328,40.86837],[15.45981,40.86838],[15.45454,40.86838],[15.44374,40.8764],[15.40517,40.88075],[15.4004,40.87742],[15.38709,40.87594],[15.37418,40.88527],[15.35423,40.88262],[15.35398,40.87457],[15.35706,40.87009],[15.36783,40.87136],[15.37786,40.86727],[15.37429,40.86093],[15.37809,40.8393],[15.37443,40.83528],[15.36125,40.83877],[15.35336,40.83767],[15.33502,40.83484],[15.32935,40.83315],[15.3128,40.83922],[15.2956,40.83811],[15.28458,40.81902],[15.28071,40.7995],[15.26596,40.79271],[15.26315,40.79038],[15.25176,40.78691],[15.24029,40.77439],[15.23888,40.76873],[15.24233,40.72964],[15.24045,40.72217],[15.24714,40.71764],[15.21525,40.7175],[15.20275,40.71497],[15.19619,40.70973],[15.16903,40.7066],[15.15377,40.7193],[15.1506,40.72953],[15.14577,40.73277],[15.14117,40.75039],[15.13986,40.75537],[15.13234,40.76115],[15.10611,40.76451],[15.09292,40.76618],[15.08109,40.77117],[15.06943,40.77075],[15.05602,40.7742],[15.02718,40.78146],[15.00922,40.77312],[15.00614,40.77758],[14.99198,40.78082],[14.98947,40.78691],[14.98727,40.78809],[14.98242,40.78691],[14.97897,40.78585],[14.97327,40.78538],[14.96867,40.78591],[14.96641,40.78691],[14.96377,40.78791],[14.94221,40.78932],[14.91966,40.80201],[14.91753,40.80884],[14.89611,40.8054],[14.8704,40.79631],[14.87006,40.79674],[14.85444,40.80009],[14.84462,40.79961],[14.83834,40.79445],[14.82721,40.79402],[14.81089,40.80459],[14.80196,40.80322],[14.80065,40.79979],[14.7947,40.79854],[14.78311,40.80069],[14.78061,40.80619],[14.77211,40.80204],[14.76525,40.8046],[14.75735,40.80289],[14.75237,40.80425],[14.7448,40.8027],[14.73027,40.82133],[14.74094,40.82833],[14.73587,40.83625],[14.73365,40.8421],[14.72411,40.83867],[14.71065,40.83853],[14.70688,40.83849],[14.68669,40.84086],[14.67477,40.82975],[14.67602,40.82149],[14.67326,40.82179],[14.65542,40.82638],[14.6513,40.83532],[14.64147,40.83653],[14.63926,40.83681],[14.61592,40.84567],[14.60558,40.84757],[14.59635,40.85676],[14.58568,40.87426],[14.56719,40.88392],[14.5595,40.88793],[14.56772,40.89214],[14.57561,40.90244],[14.57431,40.90907],[14.58448,40.91191],[14.59322,40.91434],[14.59642,40.91363],[14.59646,40.91191],[14.61403,40.91011],[14.63576,40.91074],[14.64147,40.9084],[14.65163,40.90424],[14.6697,40.9049],[14.66772,40.91191],[14.66456,40.91517],[14.66342,40.91489],[14.65659,40.91271],[14.64147,40.91405],[14.63954,40.91422],[14.62136,40.91219],[14.61614,40.92603],[14.61049,40.92937],[14.58795,40.93352],[14.58534,40.93392],[14.58545,40.94249],[14.57938,40.95179],[14.58018,40.95875],[14.57675,40.96299],[14.58143,40.98937],[14.57414,41.00433],[14.57197,41.00947],[14.56886,41.02027],[14.58847,41.03527],[14.59295,41.04976],[14.5967,41.05041],[14.59668,41.05878],[14.60179,41.05699],[14.60486,41.05175],[14.61084,41.05279],[14.61197,41.05078],[14.61723,41.0505],[14.64018,41.0425],[14.6576,41.04875],[14.66621,41.05662],[14.70139,41.05535],[14.70585,41.05897],[14.70907,41.06134],[14.71065,41.0601],[14.72478,41.04891],[14.72952,41.04217],[14.73106,41.03028],[14.72915,41.02661],[14.7368,41.02315],[14.73635,41.01718],[14.75237,41.00899],[14.76038,41.00934],[14.77413,41.01352],[14.7689,41.02204],[14.77037,41.02319],[14.77622,41.04038],[14.77478,41.05457],[14.79213,41.04888],[14.79535,41.05124],[14.79418,41.05812],[14.79685,41.06028],[14.80604,41.05878],[14.80734,41.04054],[14.81064,41.03915],[14.82933,41.03502],[14.83238,41.03495],[14.84781,41.04766],[14.8573,41.04559],[14.86309,41.04864],[14.87205,41.05881],[14.90158,41.06776],[14.91711,41.07349],[14.92486,41.08276],[14.93384,41.08468],[14.94521,41.08021],[14.94573,41.08464],[14.95153,41.08824],[14.96513,41.08979],[14.97413,41.09324],[14.98414,41.10506],[14.99168,41.10614],[15.0109,41.11806],[15.00312,41.12942],[14.99752,41.13271],[14.99934,41.1377],[14.9946,41.14374],[14.99683,41.1477],[14.98973,41.1503],[14.96737,41.15033],[14.96268,41.1473],[14.95791,41.14778],[14.95845,41.15646],[14.96344,41.16637],[14.96266,41.17602],[14.96958,41.17997],[14.98234,41.19095],[14.99763,41.1987],[15.00495,41.20814],[15.00106,41.21936],[14.98717,41.23271],[14.98439,41.23929],[14.98671,41.24778],[14.98166,41.26087],[14.98617,41.27111],[15.0091,41.27092],[15.02169,41.26248],[15.03441,41.26387],[15.04634,41.26174],[15.051,41.25819],[15.05619,41.26162],[15.05879,41.26432],[15.0633,41.26748],[15.06653,41.2709],[15.08178,41.25282],[15.09942,41.26049],[15.12188,41.25657],[15.1381,41.26479],[15.14117,41.26911],[15.1492,41.28041],[15.15289,41.28308],[15.20109,41.28623],[15.19983,41.27994],[15.21511,41.27595]],[[14.71065,41.01376],[14.69574,41.03381],[14.69195,41.02729],[14.6799,41.01933],[14.68597,41.00939],[14.68,40.99869],[14.68187,40.98963],[14.67981,40.98163],[14.69085,40.97598],[14.69365,40.97509],[14.70508,40.98856],[14.71065,40.99823],[14.71568,41.00698],[14.71065,41.01376]]]]},"properties":{"code":"ITF34","nom":"Avellino","country":"IT"}},{"type":"Feature","geometry":{"type":"MultiPolygon","coordinates":[[[[11.82834,46.50891],[11.82271,46.5021],[11.8149,46.49846],[11.81101,46.48442],[11.81405,46.47806],[11.82491,46.47573],[11.84084,46.47672],[11.87407,46.4727],[11.88686,46.4646],[11.88792,46.44203],[11.87086,46.43351],[11.85034,46.43419],[11.84653,46.42466],[11.83918,46.41655],[11.84039,46.41296],[11.84373,46.40993],[11.83629,46.40066],[11.83275,46.38746],[11.83429,46.36681],[11.829,46.36842],[11.82021,46.37665],[11.81241,46.36794],[11.80309,46.36546],[11.79316,46.36694],[11.78106,46.36292],[11.7744,46.35824],[11.78152,46.35021],[11.80062,46.34292],[11.80506,46.33322],[11.82988,46.32563],[11.83308,46.31258],[11.84148,46.30635],[11.83076,46.29446],[11.82712,46.28501],[11.83805,46.27098],[11.86101,46.27114],[11.88526,46.27882],[11.88813,46.27261],[11.88552,46.26031],[11.89214,46.25265],[11.89583,46.25168],[11.90494,46.25572],[11.92117,46.24843],[11.92928,46.24898],[11.91841,46.23847],[11.9096,46.22443],[11.92368,46.21752],[11.92822,46.20877],[11.93658,46.20053],[11.95295,46.19944],[11.96104,46.19872],[11.96216,46.19627],[11.96125,46.18701],[11.95295,46.18327],[11.95001,46.18068],[11.95094,46.17027],[11.92866,46.1758],[11.92856,46.16765],[11.91899,46.15623],[11.92086,46.14954],[11.90127,46.13663],[11.90432,46.13336],[11.8918,46.12048],[11.88419,46.11735],[11.84159,46.11119],[11.82704,46.10741],[11.81891,46.10735],[11.81122,46.10226],[11.80352,46.10374],[11.7803,46.10294],[11.77517,46.10566],[11.77328,46.10665],[11.76899,46.10135],[11.75872,46.0956],[11.75078,46.10513],[11.74577,46.10477],[11.71728,46.10272],[11.70349,46.09049],[11.69561,46.09404],[11.6887,46.09454],[11.68393,46.09189],[11.68223,46.08721],[11.68718,46.06593],[11.70373,46.05412],[11.70526,46.04588],[11.69085,46.0443],[11.6792,46.04538],[11.66812,46.03858],[11.66696,46.03587],[11.67191,46.03082],[11.68146,46.0274],[11.66866,46.01759],[11.66669,46.01709],[11.67214,46.01413],[11.67203,46.01103],[11.68902,45.98998],[11.68432,45.98408],[11.68317,45.97538],[11.68584,45.96929],[11.67104,45.96431],[11.65182,45.96511],[11.62764,45.96064],[11.62902,45.96929],[11.6189,45.97092],[11.61283,45.96694],[11.599,45.97169],[11.58774,45.96993],[11.57728,46.00649],[11.56588,46.00633],[11.55463,46.01136],[11.54455,46.01176],[11.53717,46.01283],[11.51649,46.00961],[11.51073,46.01199],[11.49123,46.00855],[11.48223,45.99866],[11.46876,45.99723],[11.44642,45.9814],[11.42461,45.98035],[11.40903,45.98185],[11.39884,45.9803],[11.37341,45.98321],[11.3729,45.97228],[11.3778,45.95772],[11.38332,45.95105],[11.37992,45.9433],[11.35847,45.94327],[11.36063,45.93605],[11.35788,45.92909],[11.35723,45.92737],[11.35815,45.92525],[11.34609,45.92077],[11.35027,45.91329],[11.34665,45.90949],[11.34444,45.91028],[11.33911,45.91217],[11.33359,45.91715],[11.32076,45.91949],[11.31334,45.92645],[11.31306,45.92983],[11.3055,45.92836],[11.30122,45.93045],[11.30169,45.919],[11.28626,45.91722],[11.27575,45.91857],[11.27114,45.91698],[11.25836,45.92068],[11.2619,45.91736],[11.25955,45.9049],[11.24985,45.89885],[11.25481,45.88511],[11.24337,45.88457],[11.23597,45.87963],[11.24001,45.87634],[11.24337,45.8767],[11.24337,45.87267],[11.23898,45.85648],[11.22798,45.84943],[11.2219,45.84896],[11.21859,45.84323],[11.21908,45.8329],[11.1987,45.82419],[11.19752,45.81874],[11.19117,45.81604],[11.18908,45.81163],[11.19049,45.80336],[11.19831,45.80063],[11.19372,45.7944],[11.20282,45.78337],[11.19163,45.78171],[11.17888,45.78738],[11.174,45.78708],[11.1792,45.76918],[11.18047,45.7648],[11.17558,45.74909],[11.17827,45.73759],[11.17294,45.73176],[11.152,45.71832],[11.14594,45.71694],[11.13837,45.70793],[11.13634,45.7006],[11.13834,45.69709],[11.12479,45.69078],[11.12037,45.69552],[11.10868,45.69496],[11.10253,45.69555],[11.0946,45.69322],[11.07183,45.70463],[11.0564,45.71767],[11.04182,45.7068],[11.0165,45.70573],[11.01691,45.71783],[11.01444,45.71909],[11.00799,45.7112],[10.99374,45.70752],[10.99752,45.69831],[10.99007,45.69518],[10.98878,45.69032],[10.96835,45.6801],[10.97427,45.69552],[10.97164,45.6993],[10.96203,45.68568],[10.94965,45.68405],[10.94387,45.67424],[10.93749,45.67341],[10.92055,45.68066],[10.91203,45.68831],[10.9246,45.69963],[10.89597,45.70957],[10.88795,45.71549],[10.87827,45.71733],[10.87254,45.71579],[10.86514,45.71662],[10.86201,45.71739],[10.85829,45.71779],[10.84594,45.718],[10.84387,45.71859],[10.84987,45.73491],[10.85595,45.74209],[10.86279,45.74502],[10.86603,45.76221],[10.86892,45.76491],[10.87587,45.76517],[10.8766,45.76918],[10.87702,45.77153],[10.88446,45.77428],[10.88345,45.77975],[10.87354,45.78999],[10.8771,45.80278],[10.88112,45.80617],[10.88676,45.81126],[10.88189,45.8174],[10.8413,45.83237],[10.84018,45.83276],[10.82595,45.83733],[10.8042,45.83486],[10.79881,45.83604],[10.79098,45.83383],[10.78292,45.83681],[10.77742,45.84235],[10.77141,45.8426],[10.76181,45.83877],[10.75638,45.83002],[10.75492,45.83165],[10.74996,45.83716],[10.73332,45.84259],[10.72457,45.84175],[10.71152,45.83623],[10.69822,45.84108],[10.67651,45.83088],[10.6547,45.83241],[10.65658,45.82265],[10.65124,45.8183],[10.64725,45.80629],[10.64142,45.80186],[10.63519,45.80667],[10.61402,45.80563],[10.6014,45.80273],[10.59771,45.79974],[10.58489,45.79558],[10.58065,45.7898],[10.57447,45.78711],[10.55241,45.78374],[10.54548,45.78466],[10.5339,45.78786],[10.53592,45.79224],[10.53085,45.7968],[10.53414,45.80251],[10.52606,45.80565],[10.54338,45.81572],[10.54088,45.82003],[10.52867,45.82632],[10.50884,45.82426],[10.5029,45.83034],[10.50286,45.8352],[10.50709,45.84122],[10.50608,45.85311],[10.50202,45.85927],[10.50332,45.87521],[10.4905,45.88587],[10.49589,45.89262],[10.49324,45.89855],[10.5062,45.90344],[10.51033,45.91636],[10.50784,45.92354],[10.49128,45.93324],[10.49146,45.94195],[10.48755,45.94327],[10.48387,45.95116],[10.489,45.96256],[10.48765,45.97045],[10.47678,45.97075],[10.45345,45.97654],[10.45309,45.98887],[10.45749,45.99728],[10.45761,46.00878],[10.47216,46.02146],[10.48241,46.0218],[10.48582,46.0286],[10.48408,46.04751],[10.47852,46.05153],[10.48094,46.05552],[10.48756,46.05995],[10.49344,46.06808],[10.50923,46.07524],[10.51665,46.08033],[10.52094,46.0878],[10.54108,46.10307],[10.55073,46.12346],[10.55028,46.13725],[10.54662,46.14315],[10.55241,46.14727],[10.55435,46.14877],[10.55795,46.16013],[10.56457,46.1673],[10.55241,46.18172],[10.54377,46.18744],[10.54148,46.18858],[10.55241,46.20814],[10.56132,46.21316],[10.57044,46.22321],[10.56879,46.23346],[10.58005,46.2395],[10.58522,46.24711],[10.57561,46.27465],[10.56063,46.28366],[10.5796,46.29881],[10.57611,46.30525],[10.56514,46.31336],[10.56486,46.32605],[10.55241,46.33184],[10.5256,46.34262],[10.51575,46.34322],[10.52043,46.35552],[10.52925,46.35674],[10.5401,46.35504],[10.54343,46.358],[10.5422,46.36491],[10.55241,46.36755],[10.56666,46.37736],[10.59676,46.37725],[10.6068,46.37969],[10.60885,46.38584],[10.61552,46.38857],[10.62293,46.39729],[10.63106,46.4016],[10.62968,46.4073],[10.62496,46.40874],[10.6185,46.41569],[10.61658,46.42888],[10.61938,46.43579],[10.61693,46.44285],[10.62215,46.4481],[10.63555,46.44452],[10.66753,46.45194],[10.68098,46.44938],[10.68932,46.45376],[10.69536,46.45786],[10.71607,46.46146],[10.71965,46.4663],[10.74396,46.48416],[10.75492,46.4851],[10.76495,46.48597],[10.77144,46.47642],[10.78005,46.47107],[10.79174,46.45096],[10.8001,46.44357],[10.81797,46.44262],[10.83529,46.43914],[10.85005,46.43931],[10.86131,46.43615],[10.87058,46.44425],[10.87892,46.4467],[10.88206,46.45024],[10.89296,46.44472],[10.91069,46.44403],[10.93229,46.45355],[10.93163,46.45915],[10.93698,46.46617],[10.95532,46.47013],[10.96425,46.48148],[10.9787,46.48395],[10.98741,46.4835],[11.00472,46.47714],[11.01044,46.4707],[11.02886,46.46193],[11.04183,46.44752],[11.04761,46.44648],[11.04898,46.44945],[11.04994,46.4496],[11.06508,46.44609],[11.06911,46.44273],[11.07495,46.44237],[11.07432,46.45422],[11.06724,46.46712],[11.06151,46.48763],[11.05548,46.49387],[11.04908,46.50701],[11.03448,46.51385],[11.04491,46.51661],[11.05891,46.51655],[11.06734,46.52416],[11.08249,46.53139],[11.08934,46.50255],[11.10459,46.49655],[11.11215,46.49653],[11.12241,46.4902],[11.1297,46.48166],[11.14328,46.48612],[11.15865,46.48837],[11.16654,46.49566],[11.17904,46.49946],[11.18691,46.5089],[11.19164,46.50404],[11.19715,46.50302],[11.20956,46.49437],[11.21227,46.4774],[11.21749,46.47342],[11.22011,46.46092],[11.21849,46.45724],[11.21237,46.45535],[11.21295,46.45058],[11.21706,46.44365],[11.2178,46.44192],[11.21652,46.43767],[11.20639,46.42752],[11.21124,46.42056],[11.20742,46.41659],[11.21479,46.40605],[11.21407,46.39782],[11.20687,46.38756],[11.207,46.38161],[11.20023,46.37221],[11.20563,46.36716],[11.19394,46.36418],[11.19189,46.35901],[11.19896,46.34956],[11.20162,46.34872],[11.2036,46.34236],[11.19576,46.33035],[11.18937,46.32647],[11.18985,46.32179],[11.1803,46.31092],[11.17678,46.30275],[11.16527,46.29728],[11.15986,46.29038],[11.14405,46.28797],[11.13886,46.28333],[11.14847,46.28048],[11.15279,46.27565],[11.1583,46.26924],[11.17315,46.25999],[11.19134,46.2577],[11.19795,46.25894],[11.20243,46.25558],[11.19523,46.24563],[11.1915,46.24624],[11.18785,46.25207],[11.18344,46.25062],[11.18035,46.2429],[11.17323,46.23831],[11.17467,46.23267],[11.17609,46.23144],[11.1836,46.22636],[11.20167,46.22288],[11.20649,46.21978],[11.24337,46.22938],[11.28626,46.25832],[11.28959,46.26056],[11.30568,46.25876],[11.31537,46.27331],[11.31091,46.2813],[11.32329,46.29262],[11.34037,46.29789],[11.33655,46.28924],[11.34287,46.28142],[11.35608,46.27593],[11.35881,46.26567],[11.37025,46.26245],[11.38747,46.26175],[11.39687,46.2654],[11.39435,46.27384],[11.38681,46.28011],[11.38057,46.29123],[11.35893,46.29612],[11.36362,46.30095],[11.37887,46.30152],[11.39337,46.30817],[11.39962,46.30795],[11.3978,46.3129],[11.40427,46.32499],[11.41226,46.32436],[11.45238,46.33417],[11.45764,46.33923],[11.46212,46.34963],[11.47851,46.35527],[11.47694,46.36392],[11.51088,46.35861],[11.52606,46.35414],[11.53608,46.35225],[11.54843,46.34533],[11.55728,46.35095],[11.55906,46.36871],[11.56487,46.38158],[11.59262,46.38367],[11.60071,46.38898],[11.60063,46.39799],[11.61945,46.42541],[11.61928,46.43862],[11.6181,46.44087],[11.62259,46.45725],[11.62802,46.46436],[11.6259,46.47085],[11.64077,46.47548],[11.64462,46.47285],[11.64937,46.48356],[11.6439,46.48759],[11.64119,46.4924],[11.63392,46.49486],[11.63279,46.49929],[11.63914,46.50174],[11.64786,46.49827],[11.66591,46.4978],[11.69815,46.50355],[11.70653,46.51025],[11.71587,46.51386],[11.72084,46.51039],[11.73353,46.5092],[11.73489,46.50759],[11.73627,46.50647],[11.73984,46.50679],[11.74164,46.5058],[11.74365,46.50497],[11.74577,46.50532],[11.77517,46.51022],[11.78557,46.51195],[11.79053,46.51453],[11.79455,46.52271],[11.8119,46.53244],[11.82474,46.52218],[11.82834,46.50891]]]]},"properties":{"code":"ITH20","nom":"Trento","country":"IT"}},{"type":"Feature","geometry":{"type":"MultiPolygon","coordinates":[[[[10.86514,45.71662],[10.87254,45.71579],[10.87827,45.71733],[10.88795,45.71549],[10.89597,45.70957],[10.9246,45.69963],[10.91203,45.68831],[10.92055,45.68066],[10.93749,45.67341],[10.94387,45.67424],[10.94965,45.68405],[10.96203,45.68568],[10.97164,45.6993],[10.97427,45.69552],[10.96835,45.6801],[10.98878,45.69032],[10.99007,45.69518],[10.99752,45.69831],[10.99374,45.70752],[11.00799,45.7112],[11.01444,45.71909],[11.01691,45.71783],[11.0165,45.70573],[11.04182,45.7068],[11.0564,45.71767],[11.07183,45.70463],[11.0946,45.69322],[11.10253,45.69555],[11.10868,45.69496],[11.12037,45.69552],[11.12479,45.69078],[11.13834,45.69709],[11.14082,45.68616],[11.14412,45.68341],[11.15348,45.68417],[11.15567,45.68009],[11.15122,45.66414],[11.1522,45.65809],[11.14866,45.65163],[11.15596,45.64667],[11.17714,45.62121],[11.18357,45.6187],[11.19294,45.62002],[11.20457,45.62621],[11.21281,45.62526],[11.21252,45.61756],[11.21714,45.60862],[11.22141,45.60191],[11.23588,45.60009],[11.23363,45.59131],[11.24337,45.588],[11.24337,45.5853],[11.24337,45.58308],[11.24652,45.57729],[11.24337,45.56016],[11.25272,45.54123],[11.27967,45.52195],[11.27974,45.5102],[11.28489,45.51073],[11.29721,45.50414],[11.32026,45.49896],[11.32415,45.4957],[11.32396,45.48609],[11.32705,45.48522],[11.32833,45.48256],[11.32344,45.47305],[11.32847,45.46351],[11.32037,45.45561],[11.32406,45.45382],[11.32941,45.44461],[11.31887,45.43714],[11.31866,45.43371],[11.32413,45.42994],[11.32361,45.42659],[11.33294,45.43262],[11.34132,45.41625],[11.34444,45.40199],[11.34482,45.39956],[11.34444,45.39833],[11.33586,45.39778],[11.33243,45.38974],[11.33154,45.38763],[11.33501,45.3857],[11.34444,45.37627],[11.35278,45.37156],[11.35461,45.35626],[11.35127,45.35137],[11.35245,45.34865],[11.38379,45.34933],[11.39625,45.34711],[11.40831,45.34107],[11.42179,45.33924],[11.42738,45.33657],[11.45265,45.32362],[11.4472,45.3159],[11.43325,45.31544],[11.43245,45.30922],[11.44061,45.30294],[11.46267,45.29447],[11.47108,45.28823],[11.48994,45.28352],[11.48705,45.26595],[11.48022,45.25891],[11.4666,45.26205],[11.45069,45.26132],[11.43531,45.25811],[11.42599,45.25382],[11.40283,45.2649],[11.3931,45.25896],[11.3909,45.25262],[11.40095,45.25129],[11.40552,45.24512],[11.40598,45.23893],[11.40019,45.22748],[11.40144,45.2209],[11.4067,45.19046],[11.40476,45.18864],[11.40757,45.184],[11.40888,45.17552],[11.42235,45.16496],[11.41998,45.15587],[11.42879,45.15049],[11.41693,45.12933],[11.41527,45.12992],[11.41227,45.13133],[11.41098,45.13233],[11.41117,45.12205],[11.42119,45.11718],[11.42919,45.10599],[11.44044,45.0975],[11.43873,45.08686],[11.44378,45.08195],[11.44358,45.07435],[11.43736,45.06899],[11.42282,45.06757],[11.40206,45.05359],[11.38721,45.05698],[11.36886,45.0579],[11.36081,45.05731],[11.35545,45.0692],[11.34444,45.07203],[11.3356,45.0743],[11.32588,45.08029],[11.321,45.08097],[11.31418,45.08987],[11.30351,45.09217],[11.28626,45.09135],[11.28057,45.09108],[11.2639,45.09332],[11.25425,45.09073],[11.24424,45.09246],[11.24065,45.08878],[11.23385,45.08862],[11.22456,45.0838],[11.20932,45.09452],[11.20422,45.10166],[11.2055,45.10949],[11.20346,45.11166],[11.18853,45.11023],[11.16073,45.11832],[11.14767,45.1258],[11.13856,45.12358],[11.13399,45.10846],[11.12873,45.10385],[11.11546,45.10479],[11.10049,45.11185],[11.09448,45.10131],[11.0976,45.09524],[11.083,45.09946],[11.07297,45.09874],[11.07121,45.09976],[11.06591,45.10225],[11.06267,45.10394],[11.059,45.1057],[11.05505,45.10734],[11.05087,45.10942],[11.04149,45.11276],[11.0291,45.12351],[11.03004,45.12801],[11.0428,45.13372],[11.04221,45.14286],[11.04955,45.14975],[11.04604,45.15261],[11.0356,45.1501],[11.03263,45.15043],[11.02768,45.15859],[11.0112,45.14952],[11.00617,45.1524],[10.99512,45.15106],[10.99272,45.153],[10.99751,45.15788],[10.99868,45.16537],[10.99583,45.17094],[10.99661,45.17857],[10.99234,45.18228],[10.99714,45.1859],[10.99052,45.19552],[10.96537,45.20546],[10.94698,45.20573],[10.94436,45.21116],[10.93613,45.21397],[10.93101,45.21945],[10.9314,45.22596],[10.93608,45.2319],[10.93678,45.23292],[10.90381,45.23737],[10.89688,45.24705],[10.88906,45.24857],[10.87989,45.24681],[10.87778,45.25217],[10.84659,45.25738],[10.84036,45.26661],[10.84004,45.27289],[10.83477,45.27524],[10.8295,45.2838],[10.81735,45.28959],[10.81552,45.29541],[10.78286,45.31541],[10.75492,45.29809],[10.74861,45.29418],[10.73779,45.2879],[10.72834,45.29131],[10.73266,45.30518],[10.73048,45.31527],[10.72275,45.31841],[10.70644,45.31629],[10.71301,45.32412],[10.7146,45.33342],[10.70379,45.34026],[10.68755,45.34239],[10.68557,45.35369],[10.70346,45.35858],[10.71338,45.36722],[10.70481,45.3715],[10.69864,45.37925],[10.70705,45.38325],[10.71191,45.38974],[10.71726,45.39688],[10.71762,45.40084],[10.71886,45.40437],[10.71457,45.41759],[10.69195,45.42346],[10.66465,45.42738],[10.65466,45.41583],[10.64459,45.41849],[10.65083,45.42752],[10.64523,45.43324],[10.64867,45.44023],[10.64053,45.44321],[10.62728,45.43828],[10.62399,45.43949],[10.62368,45.44362],[10.64156,45.44445],[10.64684,45.44861],[10.64288,45.46262],[10.6416,45.47208],[10.64079,45.47918],[10.63794,45.50834],[10.63764,45.51149],[10.63677,45.52091],[10.63541,45.53544],[10.63232,45.56846],[10.63174,45.57411],[10.63097,45.58161],[10.62931,45.5954],[10.6285,45.60206],[10.62792,45.60683],[10.63107,45.60951],[10.68144,45.65473],[10.68952,45.66179],[10.7,45.6711],[10.70204,45.67274],[10.70564,45.67642],[10.72757,45.70112],[10.75492,45.73153],[10.76317,45.7407],[10.77202,45.75078],[10.7841,45.76615],[10.78641,45.76918],[10.79248,45.77711],[10.79364,45.77817],[10.79488,45.7797],[10.79612,45.78127],[10.79759,45.78355],[10.79878,45.78488],[10.80317,45.79062],[10.80815,45.79657],[10.80962,45.79836],[10.81481,45.80405],[10.81935,45.80707],[10.82503,45.81026],[10.82703,45.81111],[10.83029,45.81343],[10.8325,45.81557],[10.83458,45.8182],[10.83837,45.82759],[10.84018,45.83276],[10.8413,45.83237],[10.88189,45.8174],[10.88676,45.81126],[10.88112,45.80617],[10.8771,45.80278],[10.87354,45.78999],[10.88345,45.77975],[10.88446,45.77428],[10.87702,45.77153],[10.8766,45.76918],[10.87587,45.76517],[10.86892,45.76491],[10.86603,45.76221],[10.86279,45.74502],[10.85595,45.74209],[10.84987,45.73491],[10.84387,45.71859],[10.84594,45.718],[10.85829,45.71779],[10.86201,45.71739],[10.86514,45.71662]]]]},"properties":{"code":"ITH31","nom":"Verona","country":"IT"}},{"type":"Feature","geometry":{"type":"MultiPolygon","coordinates":[[[[11.4474,44.2014],[11.45869,44.18891],[11.46762,44.19211],[11.47002,44.18961],[11.46921,44.18464],[11.48412,44.18366],[11.48838,44.18041],[11.48424,44.17662],[11.50273,44.16337],[11.51262,44.1634],[11.51675,44.15773],[11.52399,44.15628],[11.52496,44.15764],[11.54428,44.15306],[11.55199,44.15902],[11.55346,44.16504],[11.56398,44.16735],[11.56984,44.1659],[11.5741,44.16109],[11.59021,44.16186],[11.60209,44.1576],[11.60819,44.1614],[11.61538,44.15824],[11.61698,44.14449],[11.6039,44.13771],[11.60183,44.12597],[11.58865,44.12329],[11.5846,44.11219],[11.60045,44.11854],[11.61393,44.11908],[11.64019,44.11081],[11.64965,44.09971],[11.67561,44.11434],[11.68025,44.1225],[11.70314,44.12022],[11.71591,44.12254],[11.72233,44.12116],[11.74435,44.12576],[11.74577,44.1249],[11.75296,44.12052],[11.74838,44.10448],[11.74577,44.10266],[11.74016,44.09875],[11.73593,44.08704],[11.71034,44.0671],[11.698,44.05314],[11.6949,44.0361],[11.68599,44.02885],[11.68191,44.02119],[11.66894,44.02121],[11.65817,44.01801],[11.66297,44.00549],[11.6497,44.00473],[11.65235,43.99842],[11.64604,43.99066],[11.65403,43.97583],[11.66604,43.97274],[11.67887,43.96231],[11.68859,43.95857],[11.69262,43.95322],[11.68311,43.93699],[11.69439,43.92893],[11.70264,43.92784],[11.71785,43.92124],[11.71356,43.91195],[11.71395,43.89864],[11.70863,43.88712],[11.71019,43.87743],[11.69152,43.87306],[11.67933,43.87737],[11.67043,43.87681],[11.66065,43.8715],[11.6507,43.86032],[11.65322,43.84461],[11.63075,43.84635],[11.62405,43.8323],[11.62902,43.82498],[11.6282,43.82144],[11.62253,43.81483],[11.60849,43.80916],[11.60484,43.81021],[11.60468,43.80687],[11.60499,43.80128],[11.60428,43.79997],[11.60368,43.79744],[11.603,43.79574],[11.60224,43.79119],[11.60385,43.7889],[11.60377,43.78735],[11.59755,43.78223],[11.59496,43.77157],[11.58297,43.76809],[11.58268,43.76168],[11.589,43.74737],[11.57593,43.73806],[11.57251,43.73299],[11.57936,43.7195],[11.59491,43.71424],[11.60175,43.70303],[11.61083,43.69426],[11.6094,43.68599],[11.59579,43.68544],[11.57293,43.67378],[11.54103,43.66216],[11.53997,43.65539],[11.54721,43.64754],[11.54231,43.64421],[11.52561,43.64116],[11.50841,43.6407],[11.48394,43.62611],[11.49466,43.62229],[11.50383,43.60659],[11.51663,43.5942],[11.5129,43.58943],[11.52036,43.58081],[11.5133,43.57768],[11.50726,43.57899],[11.49201,43.57888],[11.4858,43.58213],[11.46512,43.58653],[11.46431,43.5817],[11.45278,43.57813],[11.45152,43.57351],[11.44245,43.56513],[11.42625,43.56098],[11.40807,43.5607],[11.40697,43.55833],[11.40489,43.55383],[11.39751,43.54823],[11.38569,43.5463],[11.3822,43.5411],[11.38197,43.53357],[11.36447,43.52662],[11.35576,43.53015],[11.35038,43.52726],[11.34444,43.5277],[11.33653,43.52829],[11.30728,43.5182],[11.301,43.52029],[11.29383,43.51977],[11.29004,43.53282],[11.28626,43.53503],[11.27933,43.53909],[11.27474,43.54503],[11.26962,43.54581],[11.27202,43.52916],[11.25275,43.50849],[11.24414,43.50738],[11.24731,43.50088],[11.24485,43.49786],[11.2289,43.48977],[11.21903,43.48742],[11.2112,43.48119],[11.2043,43.48132],[11.18917,43.48982],[11.1754,43.48941],[11.18692,43.50134],[11.19042,43.51087],[11.19582,43.51671],[11.19468,43.51827],[11.18892,43.51652],[11.18397,43.52175],[11.17755,43.51633],[11.16048,43.50841],[11.15366,43.49998],[11.14976,43.4866],[11.13956,43.47811],[11.12115,43.47626],[11.1234,43.47969],[11.11855,43.48143],[11.12022,43.4889],[11.11272,43.49648],[11.08016,43.51593],[11.07284,43.52628],[11.05979,43.528],[11.0514,43.53497],[11.03828,43.53677],[11.03401,43.54666],[11.03198,43.54343],[11.02602,43.54319],[11.01375,43.53735],[11.00918,43.53186],[10.99752,43.52518],[10.98515,43.52157],[10.97875,43.51567],[10.96565,43.5132],[10.96248,43.50451],[10.95463,43.49631],[10.95605,43.48678],[10.96087,43.48013],[10.95209,43.4523],[10.9368,43.45347],[10.91884,43.45789],[10.91485,43.46338],[10.90936,43.46553],[10.89927,43.46478],[10.88788,43.4594],[10.87137,43.46055],[10.86724,43.47299],[10.85224,43.47755],[10.86072,43.48715],[10.85318,43.49522],[10.84671,43.49704],[10.83883,43.4956],[10.8457,43.51017],[10.83909,43.52025],[10.83059,43.52601],[10.82555,43.54106],[10.8344,43.55507],[10.84287,43.55833],[10.8477,43.56267],[10.84297,43.56711],[10.8333,43.56835],[10.831,43.57211],[10.8394,43.57667],[10.8405,43.58779],[10.83414,43.59572],[10.8336,43.60655],[10.82243,43.6139],[10.82664,43.62046],[10.83215,43.62078],[10.83556,43.6187],[10.85235,43.62832],[10.87433,43.61497],[10.87497,43.61975],[10.87801,43.62548],[10.88762,43.62733],[10.88896,43.63912],[10.89392,43.63846],[10.90195,43.63274],[10.90375,43.63846],[10.91269,43.64075],[10.91723,43.64785],[10.93391,43.6575],[10.9159,43.66331],[10.91583,43.66975],[10.91115,43.67337],[10.90852,43.68079],[10.89961,43.683],[10.89792,43.68795],[10.88881,43.69576],[10.89074,43.70534],[10.88026,43.71075],[10.87725,43.71918],[10.85258,43.71862],[10.82454,43.71281],[10.82634,43.70801],[10.82248,43.70398],[10.81418,43.70672],[10.80897,43.7038],[10.79991,43.70389],[10.79543,43.7085],[10.79268,43.71953],[10.78108,43.73413],[10.75433,43.74567],[10.74846,43.75048],[10.73891,43.75373],[10.73016,43.76138],[10.71386,43.77889],[10.71112,43.78633],[10.72778,43.81415],[10.73625,43.81212],[10.75492,43.80554],[10.76948,43.8004],[10.78707,43.79906],[10.81567,43.80869],[10.81747,43.79826],[10.81275,43.78881],[10.81488,43.78947],[10.82001,43.79194],[10.82564,43.7949],[10.84462,43.80191],[10.84749,43.80298],[10.85389,43.80138],[10.87111,43.79516],[10.89635,43.7953],[10.91902,43.80202],[10.94201,43.8234],[10.95651,43.81903],[10.96412,43.81248],[10.9788,43.79512],[10.97784,43.78536],[10.98645,43.78393],[10.99868,43.77723],[11.01228,43.77521],[11.01996,43.77953],[11.02669,43.77961],[11.03478,43.76688],[11.04194,43.76685],[11.04585,43.76431],[11.05141,43.75953],[11.05626,43.75935],[11.06495,43.77607],[11.05687,43.78083],[11.06145,43.78555],[11.05973,43.78992],[11.06761,43.78879],[11.07826,43.79177],[11.06792,43.79788],[11.06297,43.8052],[11.06137,43.81433],[11.0621,43.81638],[11.07046,43.82456],[11.07755,43.82318],[11.08245,43.81844],[11.09409,43.81871],[11.10303,43.82602],[11.12293,43.85096],[11.12431,43.85702],[11.13496,43.85351],[11.13975,43.858],[11.14375,43.8585],[11.14783,43.86708],[11.13529,43.88603],[11.14666,43.90093],[11.14309,43.90754],[11.15691,43.91615],[11.16842,43.91809],[11.1631,43.92808],[11.1615,43.93582],[11.17162,43.94219],[11.17513,43.95166],[11.16994,43.96234],[11.17377,43.97477],[11.17133,43.98036],[11.17927,43.99267],[11.17405,44.00996],[11.18748,44.0179],[11.19093,44.02905],[11.17949,44.04392],[11.18096,44.05085],[11.18601,44.05728],[11.18665,44.07275],[11.20056,44.08407],[11.21217,44.08703],[11.19993,44.09635],[11.20244,44.10072],[11.21275,44.09885],[11.22794,44.10188],[11.24563,44.09763],[11.25308,44.10406],[11.26365,44.10422],[11.25995,44.11511],[11.25029,44.11626],[11.22732,44.12794],[11.21989,44.12786],[11.21299,44.13421],[11.19719,44.14171],[11.19416,44.14614],[11.19575,44.1514],[11.21441,44.15039],[11.23914,44.15879],[11.27147,44.15881],[11.28004,44.15525],[11.28626,44.16225],[11.29567,44.16726],[11.29598,44.17153],[11.31288,44.17459],[11.32233,44.18165],[11.32515,44.1945],[11.34231,44.20499],[11.34444,44.20486],[11.36319,44.20375],[11.37837,44.19956],[11.38652,44.20477],[11.38922,44.21241],[11.39601,44.22074],[11.41918,44.23518],[11.422,44.23988],[11.42706,44.23464],[11.45065,44.22105],[11.4541,44.21177],[11.4474,44.2014]]]]},"properties":{"code":"ITI14","nom":"Firenze","country":"IT"}},{"type":"Feature","geometry":{"type":"MultiPolygon","coordinates":[[[[11.16036,44.11206],[11.16879,44.10806],[11.19023,44.10551],[11.20244,44.10072],[11.19993,44.09635],[11.21217,44.08703],[11.20056,44.08407],[11.18665,44.07275],[11.18601,44.05728],[11.18096,44.05085],[11.17949,44.04392],[11.19093,44.02905],[11.18748,44.0179],[11.17405,44.00996],[11.17927,43.99267],[11.17133,43.98036],[11.17377,43.97477],[11.16994,43.96234],[11.17513,43.95166],[11.17162,43.94219],[11.1615,43.93582],[11.1631,43.92808],[11.16842,43.91809],[11.15691,43.91615],[11.14309,43.90754],[11.14666,43.90093],[11.13529,43.88603],[11.14783,43.86708],[11.14375,43.8585],[11.13975,43.858],[11.13496,43.85351],[11.12431,43.85702],[11.12293,43.85096],[11.10303,43.82602],[11.09409,43.81871],[11.08245,43.81844],[11.07755,43.82318],[11.07046,43.82456],[11.0621,43.81638],[11.06137,43.81433],[11.06297,43.8052],[11.06792,43.79788],[11.07826,43.79177],[11.06761,43.78879],[11.05973,43.78992],[11.06145,43.78555],[11.05687,43.78083],[11.06495,43.77607],[11.05626,43.75935],[11.05141,43.75953],[11.04585,43.76431],[11.04194,43.76685],[11.03478,43.76688],[11.02669,43.77961],[11.01996,43.77953],[11.01228,43.77521],[10.99868,43.77723],[10.98645,43.78393],[10.97784,43.78536],[10.9788,43.79512],[10.96412,43.81248],[10.98339,43.82019],[10.98774,43.82737],[10.99909,43.8309],[11.00988,43.83132],[11.02122,43.84029],[11.03032,43.83883],[11.02428,43.84617],[11.02481,43.85748],[11.01298,43.86976],[11.01606,43.88221],[11.02484,43.8963],[11.02454,43.89691],[11.02481,43.90233],[11.01879,43.91169],[11.02914,43.94079],[11.04653,43.95959],[11.06328,43.96803],[11.0645,43.97435],[11.07068,43.98292],[11.05988,43.98424],[11.05533,43.99133],[11.03584,43.99862],[11.01436,43.99572],[11.01173,44.00544],[11.02018,44.0079],[11.03891,44.03082],[11.03694,44.03943],[11.05368,44.07106],[11.04715,44.08424],[11.04945,44.09023],[11.07237,44.09204],[11.08772,44.09015],[11.09324,44.09444],[11.12768,44.10966],[11.13799,44.1081],[11.16036,44.11206]]]]},"properties":{"code":"ITI15","nom":"Prato","country":"IT"}},{"type":"Feature","geometry":{"type":"MultiPolygon","coordinates":[[[[11.72062,43.8748],[11.7329,43.86335],[11.74577,43.85912],[11.77517,43.84944],[11.78848,43.84506],[11.7942,43.83584],[11.8072,43.82894],[11.81558,43.82283],[11.8185,43.8173],[11.84169,43.808],[11.84915,43.80933],[11.85403,43.81436],[11.85936,43.81581],[11.86894,43.81633],[11.87583,43.81117],[11.88647,43.80859],[11.89728,43.80825],[11.91,43.81296],[11.91386,43.80808],[11.91312,43.79891],[11.91926,43.79406],[11.94708,43.79024],[11.95119,43.78696],[11.95152,43.77845],[11.95295,43.77637],[11.98653,43.76191],[11.99183,43.76296],[12.00616,43.7658],[12.01895,43.76103],[12.02863,43.76102],[12.0422,43.7544],[12.0455,43.75711],[12.05336,43.75658],[12.06023,43.75336],[12.06152,43.74974],[12.06537,43.74284],[12.07708,43.74064],[12.08713,43.7466],[12.10047,43.74974],[12.10746,43.75375],[12.12185,43.74974],[12.12687,43.74974],[12.14307,43.75319],[12.16209,43.76204],[12.17176,43.74974],[12.19465,43.73191],[12.20009,43.73996],[12.19751,43.74501],[12.2089,43.74974],[12.20917,43.75574],[12.21161,43.75732],[12.22208,43.75652],[12.2306,43.75888],[12.24574,43.75134],[12.25376,43.7533],[12.25128,43.75655],[12.2557,43.75988],[12.2838,43.7649],[12.30047,43.75652],[12.30741,43.75639],[12.31794,43.75498],[12.32814,43.74974],[12.33878,43.73621],[12.35463,43.72459],[12.36797,43.71481],[12.37103,43.70951],[12.36858,43.70637],[12.35812,43.70257],[12.35463,43.70428],[12.34459,43.7092],[12.33318,43.70755],[12.3302,43.70584],[12.32959,43.70036],[12.33626,43.67811],[12.33061,43.67426],[12.31574,43.6779],[12.32108,43.69218],[12.31403,43.7008],[12.31358,43.72051],[12.30859,43.72896],[12.30619,43.72878],[12.30127,43.71969],[12.30502,43.71273],[12.30367,43.7001],[12.30578,43.69792],[12.29968,43.69329],[12.29816,43.68708],[12.2928,43.68745],[12.29244,43.68435],[12.28132,43.67826],[12.27134,43.67664],[12.25746,43.68293],[12.25273,43.67943],[12.24509,43.68146],[12.24992,43.67047],[12.23113,43.6547],[12.21577,43.6503],[12.203,43.65109],[12.19478,43.64442],[12.18553,43.64181],[12.18923,43.63375],[12.20376,43.62608],[12.20982,43.62023],[12.21386,43.61082],[12.20014,43.60366],[12.19388,43.58897],[12.18476,43.58384],[12.17932,43.57536],[12.16279,43.56089],[12.16203,43.55833],[12.1534,43.529],[12.14071,43.53528],[12.12563,43.5305],[12.11964,43.53144],[12.11577,43.52841],[12.10957,43.53168],[12.10273,43.52989],[12.09563,43.5221],[12.09115,43.50766],[12.09179,43.50247],[12.09515,43.49962],[12.10881,43.49559],[12.12028,43.48802],[12.12769,43.48908],[12.13077,43.48328],[12.14432,43.47982],[12.14205,43.47021],[12.13618,43.46906],[12.12982,43.47201],[12.12301,43.46685],[12.10435,43.46019],[12.10025,43.45505],[12.09928,43.44773],[12.08225,43.43475],[12.07736,43.43407],[12.05988,43.43822],[12.05364,43.43492],[12.05167,43.43124],[12.04484,43.42702],[12.03324,43.42393],[12.02664,43.41736],[12.02623,43.41204],[12.03132,43.40192],[12.0531,43.39834],[12.06903,43.40423],[12.07376,43.40377],[12.07759,43.39908],[12.07652,43.39636],[12.0732,43.38794],[12.07338,43.37118],[12.07744,43.36558],[12.07985,43.36518],[12.08356,43.36684],[12.09386,43.36659],[12.10167,43.37243],[12.11099,43.36918],[12.11484,43.36594],[12.11903,43.36402],[12.12881,43.35309],[12.13537,43.34173],[12.13721,43.32795],[12.1344,43.32462],[12.13332,43.32108],[12.13554,43.31756],[12.12598,43.30668],[12.13229,43.29359],[12.14396,43.28942],[12.14956,43.2864],[12.15742,43.28591],[12.16445,43.28245],[12.17395,43.28148],[12.17733,43.282],[12.18448,43.29337],[12.18317,43.30083],[12.19383,43.31306],[12.22277,43.29647],[12.2071,43.28154],[12.18701,43.27426],[12.17411,43.27269],[12.14707,43.25426],[12.14067,43.25311],[12.12018,43.25436],[12.11147,43.25013],[12.10283,43.24133],[12.09528,43.23922],[12.09485,43.23719],[12.08621,43.23659],[12.07515,43.24371],[12.05982,43.24688],[12.04981,43.25248],[12.03496,43.24651],[12.04224,43.22976],[12.03694,43.2261],[12.03539,43.21435],[12.02599,43.20071],[12.02814,43.19664],[12.02631,43.19043],[12.01981,43.18516],[12.00628,43.18067],[11.99183,43.18087],[11.98835,43.18092],[11.97373,43.17165],[11.9691,43.16881],[11.96126,43.16689],[11.95725,43.1684],[11.95208,43.16995],[11.95013,43.17068],[11.94655,43.17165],[11.94349,43.17249],[11.93554,43.17503],[11.93033,43.17649],[11.92413,43.17165],[11.91906,43.1677],[11.91697,43.16874],[11.90985,43.17165],[11.90332,43.17433],[11.90134,43.17165],[11.88925,43.15694],[11.86592,43.17165],[11.85138,43.18556],[11.84812,43.18833],[11.847,43.19064],[11.84632,43.19269],[11.84558,43.19414],[11.8451,43.1958],[11.84363,43.19781],[11.83858,43.2052],[11.83375,43.22445],[11.81462,43.22103],[11.79592,43.22255],[11.77845,43.23633],[11.77517,43.23729],[11.77278,43.23799],[11.76597,43.23525],[11.75545,43.23772],[11.74896,43.23491],[11.74577,43.23776],[11.73866,43.2441],[11.72025,43.25532],[11.72016,43.26307],[11.70931,43.27969],[11.70041,43.28548],[11.69505,43.28302],[11.67808,43.28551],[11.67484,43.2939],[11.66487,43.30389],[11.66166,43.31091],[11.65695,43.3223],[11.6398,43.33097],[11.62631,43.34233],[11.61252,43.34751],[11.6004,43.35142],[11.59149,43.35343],[11.58693,43.35618],[11.57843,43.3613],[11.56698,43.36293],[11.56293,43.37416],[11.54922,43.3776],[11.54451,43.38074],[11.53028,43.39565],[11.53513,43.40756],[11.53558,43.41159],[11.5456,43.42186],[11.54063,43.44494],[11.54695,43.44892],[11.55066,43.45956],[11.52973,43.45717],[11.51944,43.46628],[11.51324,43.46836],[11.50137,43.4616],[11.48973,43.47649],[11.48012,43.47929],[11.46573,43.49297],[11.46537,43.49896],[11.4588,43.5014],[11.45958,43.51036],[11.45297,43.51241],[11.4359,43.51159],[11.42559,43.52862],[11.41242,43.53709],[11.40463,43.54715],[11.39751,43.54823],[11.40489,43.55383],[11.40697,43.55833],[11.40807,43.5607],[11.42625,43.56098],[11.44245,43.56513],[11.45152,43.57351],[11.45278,43.57813],[11.46431,43.5817],[11.46512,43.58653],[11.4858,43.58213],[11.49201,43.57888],[11.50726,43.57899],[11.5133,43.57768],[11.52036,43.58081],[11.5129,43.58943],[11.51663,43.5942],[11.50383,43.60659],[11.49466,43.62229],[11.48394,43.62611],[11.50841,43.6407],[11.52561,43.64116],[11.54231,43.64421],[11.54721,43.64754],[11.53997,43.65539],[11.54103,43.66216],[11.57293,43.67378],[11.59579,43.68544],[11.6094,43.68599],[11.61083,43.69426],[11.60175,43.70303],[11.59491,43.71424],[11.57936,43.7195],[11.57251,43.73299],[11.57593,43.73806],[11.589,43.74737],[11.58268,43.76168],[11.58297,43.76809],[11.59496,43.77157],[11.59755,43.78223],[11.60377,43.78735],[11.60385,43.7889],[11.60224,43.79119],[11.603,43.79574],[11.60368,43.79744],[11.60428,43.79997],[11.60499,43.80128],[11.60468,43.80687],[11.60484,43.81021],[11.60849,43.80916],[11.62253,43.81483],[11.6282,43.82144],[11.62902,43.82498],[11.62405,43.8323],[11.63075,43.84635],[11.65322,43.84461],[11.6507,43.86032],[11.66065,43.8715],[11.67043,43.87681],[11.67933,43.87737],[11.69152,43.87306],[11.71019,43.87743],[11.72062,43.8748]]],[[[12.1762,43.81125],[12.18773,43.80457],[12.19891,43.80598],[12.21652,43.80313],[12.22424,43.80983],[12.23467,43.80486],[12.23758,43.80024],[12.23711,43.79405],[12.24307,43.78613],[12.23178,43.78665],[12.21465,43.78345],[12.20067,43.77467],[12.19937,43.77036],[12.18568,43.77537],[12.18308,43.78203],[12.1717,43.7926],[12.17487,43.79992],[12.17045,43.8057],[12.1762,43.81125]]]]},"properties":{"code":"ITI18","nom":"Arezzo","country":"IT"}},{"type":"Feature","geometry":{"type":"MultiPolygon","coordinates":[[[[11.42559,43.52862],[11.4359,43.51159],[11.45297,43.51241],[11.45958,43.51036],[11.4588,43.5014],[11.46537,43.49896],[11.46573,43.49297],[11.48012,43.47929],[11.48973,43.47649],[11.50137,43.4616],[11.51324,43.46836],[11.51944,43.46628],[11.52973,43.45717],[11.55066,43.45956],[11.54695,43.44892],[11.54063,43.44494],[11.5456,43.42186],[11.53558,43.41159],[11.53513,43.40756],[11.53028,43.39565],[11.54451,43.38074],[11.54922,43.3776],[11.56293,43.37416],[11.56698,43.36293],[11.57843,43.3613],[11.58693,43.35618],[11.59149,43.35343],[11.6004,43.35142],[11.61252,43.34751],[11.62631,43.34233],[11.6398,43.33097],[11.65695,43.3223],[11.66166,43.31091],[11.66487,43.30389],[11.67484,43.2939],[11.67808,43.28551],[11.69505,43.28302],[11.70041,43.28548],[11.70931,43.27969],[11.72016,43.26307],[11.72025,43.25532],[11.73866,43.2441],[11.74577,43.23776],[11.74896,43.23491],[11.75545,43.23772],[11.76597,43.23525],[11.77278,43.23799],[11.77517,43.23729],[11.77845,43.23633],[11.79592,43.22255],[11.81462,43.22103],[11.83375,43.22445],[11.83858,43.2052],[11.84363,43.19781],[11.8451,43.1958],[11.84558,43.19414],[11.84632,43.19269],[11.847,43.19064],[11.84812,43.18833],[11.85138,43.18556],[11.86592,43.17165],[11.88925,43.15694],[11.90134,43.17165],[11.90332,43.17433],[11.90985,43.17165],[11.91697,43.16874],[11.91906,43.1677],[11.92413,43.17165],[11.93033,43.17649],[11.93554,43.17503],[11.94349,43.17249],[11.94655,43.17165],[11.95013,43.17068],[11.95208,43.16995],[11.95725,43.1684],[11.96126,43.16689],[11.94227,43.1611],[11.92645,43.14956],[11.92071,43.13325],[11.91347,43.12801],[11.92048,43.11763],[11.92219,43.10695],[11.93073,43.09268],[11.92999,43.08853],[11.9232,43.08214],[11.92388,43.07578],[11.93168,43.06795],[11.93984,43.05349],[11.94814,43.05604],[11.95103,43.06473],[11.95719,43.06823],[11.97142,43.06435],[11.9796,43.05753],[11.98171,43.04837],[11.97318,43.03675],[11.96822,43.01549],[11.9667,43.01153],[11.95474,42.98034],[11.94953,42.97651],[11.94879,42.96344],[11.95254,42.95361],[11.95005,42.94692],[11.9399,42.93624],[11.93359,42.9089],[11.93908,42.90378],[11.9521,42.90097],[11.95607,42.89939],[11.95666,42.89383],[11.95861,42.87431],[11.95746,42.87082],[11.93984,42.87057],[11.93332,42.86933],[11.9266,42.86736],[11.91284,42.8505],[11.8933,42.84353],[11.89499,42.83465],[11.86936,42.8346],[11.84882,42.83803],[11.83196,42.82706],[11.81443,42.82254],[11.81093,42.8069],[11.81108,42.79952],[11.8065,42.79567],[11.80258,42.80365],[11.79535,42.8068],[11.78561,42.81635],[11.77517,42.82019],[11.76852,42.81994],[11.76746,42.81453],[11.75388,42.8026],[11.74604,42.78574],[11.73197,42.79271],[11.72041,42.79263],[11.70494,42.79849],[11.6969,42.7977],[11.68095,42.78941],[11.66422,42.78872],[11.64148,42.79866],[11.62559,42.79793],[11.62418,42.8046],[11.63143,42.80788],[11.63517,42.81779],[11.63243,42.82839],[11.63623,42.85845],[11.62507,42.86547],[11.61971,42.88139],[11.62479,42.88809],[11.62682,42.9116],[11.62618,42.91404],[11.62172,42.91467],[11.62355,42.92809],[11.61092,42.94964],[11.60765,42.95157],[11.59588,42.95137],[11.58385,42.96387],[11.56954,42.97021],[11.53813,42.96379],[11.52625,42.96775],[11.52861,42.97376],[11.52057,42.9799],[11.51518,42.98092],[11.49731,42.97519],[11.4906,42.96678],[11.48439,42.96363],[11.47131,42.96424],[11.45743,42.95782],[11.44827,42.96117],[11.43797,42.95874],[11.42247,42.9596],[11.40932,42.96031],[11.39534,42.96386],[11.38295,42.96378],[11.37222,42.96805],[11.3581,42.96765],[11.35042,42.972],[11.35852,42.97851],[11.36716,42.97721],[11.37458,42.9791],[11.37664,42.98489],[11.36783,42.98893],[11.36579,42.99348],[11.3757,42.99325],[11.37967,42.99613],[11.37161,42.99875],[11.37274,43.00741],[11.36248,43.00733],[11.36252,43.01153],[11.36264,43.02227],[11.35268,43.02771],[11.36322,43.03242],[11.3557,43.04065],[11.36105,43.04268],[11.36291,43.04615],[11.3599,43.05382],[11.36723,43.05641],[11.36309,43.06446],[11.36618,43.07108],[11.36395,43.0811],[11.36043,43.08278],[11.35209,43.08089],[11.34444,43.08597],[11.33854,43.08989],[11.32848,43.09118],[11.32182,43.08524],[11.31281,43.08554],[11.3087,43.08796],[11.2971,43.07776],[11.28626,43.08132],[11.28121,43.08298],[11.27056,43.08157],[11.25755,43.08254],[11.24675,43.08584],[11.24144,43.0845],[11.22985,43.09171],[11.21754,43.08716],[11.19641,43.09147],[11.19087,43.08818],[11.17586,43.08959],[11.17032,43.0797],[11.16023,43.07918],[11.13634,43.08537],[11.12943,43.08534],[11.12546,43.09103],[11.11028,43.09001],[11.08244,43.08403],[11.07686,43.08841],[11.07148,43.09689],[11.0725,43.10075],[11.06187,43.1136],[11.07015,43.12357],[11.05924,43.13135],[11.05957,43.13325],[11.06091,43.14102],[11.05083,43.14501],[11.05257,43.14925],[11.06062,43.15526],[11.05868,43.16023],[11.06036,43.16615],[11.05735,43.17165],[11.05913,43.18386],[11.04596,43.18078],[11.02015,43.1886],[11.01333,43.17793],[11.00467,43.17971],[10.99689,43.17737],[10.98592,43.17783],[10.97545,43.17547],[10.97085,43.17165],[10.94221,43.16085],[10.91421,43.1641],[10.91158,43.16261],[10.9087,43.16521],[10.9087,43.17165],[10.91205,43.18123],[10.92657,43.19415],[10.93193,43.19427],[10.94092,43.20322],[10.94251,43.21742],[10.93788,43.22688],[10.92843,43.23109],[10.93203,43.23616],[10.94308,43.2464],[10.95782,43.23656],[10.98778,43.23163],[10.9928,43.23446],[10.99549,43.2399],[10.99196,43.24855],[10.99654,43.26489],[10.99046,43.26829],[10.98422,43.28078],[10.98481,43.28546],[10.97338,43.29599],[10.9521,43.30203],[10.95508,43.3179],[10.96499,43.31347],[10.96952,43.3148],[10.97247,43.32294],[10.97011,43.33266],[10.97215,43.34318],[10.99143,43.34255],[10.99769,43.34445],[11.00633,43.35618],[11.01291,43.36513],[11.01269,43.37657],[11.00553,43.38047],[11.00005,43.39821],[11.00207,43.40123],[10.98979,43.40139],[10.98052,43.4048],[10.97765,43.42119],[10.95324,43.44735],[10.95209,43.4523],[10.96087,43.48013],[10.95605,43.48678],[10.95463,43.49631],[10.96248,43.50451],[10.96565,43.5132],[10.97875,43.51567],[10.98515,43.52157],[10.99752,43.52518],[11.00918,43.53186],[11.01375,43.53735],[11.02602,43.54319],[11.03198,43.54343],[11.03401,43.54666],[11.03828,43.53677],[11.0514,43.53497],[11.05979,43.528],[11.07284,43.52628],[11.08016,43.51593],[11.11272,43.49648],[11.12022,43.4889],[11.11855,43.48143],[11.1234,43.47969],[11.12115,43.47626],[11.13956,43.47811],[11.14976,43.4866],[11.15366,43.49998],[11.16048,43.50841],[11.17755,43.51633],[11.18397,43.52175],[11.18892,43.51652],[11.19468,43.51827],[11.19582,43.51671],[11.19042,43.51087],[11.18692,43.50134],[11.1754,43.48941],[11.18917,43.48982],[11.2043,43.48132],[11.2112,43.48119],[11.21903,43.48742],[11.2289,43.48977],[11.24485,43.49786],[11.24731,43.50088],[11.24414,43.50738],[11.25275,43.50849],[11.27202,43.52916],[11.26962,43.54581],[11.27474,43.54503],[11.27933,43.53909],[11.28626,43.53503],[11.29004,43.53282],[11.29383,43.51977],[11.301,43.52029],[11.30728,43.5182],[11.33653,43.52829],[11.34444,43.5277],[11.35038,43.52726],[11.35576,43.53015],[11.36447,43.52662],[11.38197,43.53357],[11.3822,43.5411],[11.38569,43.5463],[11.39751,43.54823],[11.40463,43.54715],[11.41242,43.53709],[11.42559,43.52862]]]]},"properties":{"code":"ITI19","nom":"Siena","country":"IT"}},{"type":"Feature","geometry":{"type":"MultiPolygon","coordinates":[[[[11.55463,46.01136],[11.56588,46.00633],[11.57728,46.00649],[11.58774,45.96993],[11.599,45.97169],[11.61283,45.96694],[11.6189,45.97092],[11.62902,45.96929],[11.62764,45.96064],[11.65182,45.96511],[11.67104,45.96431],[11.68584,45.96929],[11.68317,45.97538],[11.68432,45.98408],[11.69129,45.97756],[11.70581,45.97624],[11.71485,45.97188],[11.71622,45.96723],[11.71111,45.95921],[11.72199,45.95398],[11.7271,45.94892],[11.7283,45.94327],[11.73027,45.93399],[11.73955,45.93176],[11.74577,45.93426],[11.76242,45.92847],[11.77078,45.92294],[11.77517,45.9233],[11.78731,45.92429],[11.7907,45.91569],[11.7806,45.90746],[11.77563,45.89053],[11.7996,45.88056],[11.79983,45.87632],[11.79921,45.87489],[11.79911,45.87347],[11.79923,45.87196],[11.77849,45.86821],[11.77517,45.86852],[11.76665,45.86931],[11.76087,45.85837],[11.74577,45.85531],[11.74365,45.85456],[11.7446,45.84979],[11.74577,45.84879],[11.74953,45.84633],[11.75619,45.8439],[11.75899,45.83862],[11.75077,45.82389],[11.75203,45.81744],[11.76101,45.80672],[11.77517,45.79519],[11.77923,45.79188],[11.79205,45.79988],[11.80327,45.79996],[11.80997,45.79726],[11.80981,45.79237],[11.81819,45.78673],[11.82608,45.77085],[11.82589,45.76918],[11.82555,45.76626],[11.83182,45.75931],[11.83077,45.7547],[11.83536,45.74904],[11.8312,45.74051],[11.8141,45.74335],[11.81973,45.72406],[11.82336,45.70636],[11.81589,45.69449],[11.82167,45.68718],[11.79929,45.68344],[11.79578,45.68312],[11.77517,45.68034],[11.7588,45.67813],[11.74577,45.6788],[11.70934,45.68069],[11.70715,45.67928],[11.70943,45.66823],[11.69659,45.66324],[11.7019,45.66084],[11.69278,45.65772],[11.68432,45.66096],[11.68736,45.64868],[11.68066,45.64587],[11.67671,45.64014],[11.65622,45.64038],[11.64668,45.63339],[11.64594,45.62768],[11.64909,45.6228],[11.64573,45.61589],[11.64139,45.61355],[11.64586,45.60847],[11.6447,45.59614],[11.65433,45.59262],[11.66998,45.59432],[11.67324,45.5924],[11.67255,45.58896],[11.67394,45.58347],[11.67022,45.58295],[11.6663,45.57117],[11.67215,45.56651],[11.6681,45.56408],[11.6651,45.55655],[11.6531,45.55057],[11.65788,45.54638],[11.65777,45.54017],[11.66,45.53829],[11.66445,45.53954],[11.67509,45.5396],[11.6791,45.54287],[11.6793,45.55],[11.68319,45.55193],[11.69375,45.55076],[11.70516,45.54291],[11.71139,45.54384],[11.71525,45.54744],[11.72123,45.5447],[11.72442,45.54991],[11.7216,45.55876],[11.72711,45.56041],[11.73163,45.55816],[11.74577,45.53867],[11.75899,45.52042],[11.74577,45.51851],[11.73845,45.51745],[11.72881,45.52046],[11.73008,45.51568],[11.73691,45.50998],[11.73531,45.49789],[11.73909,45.48927],[11.74539,45.48794],[11.74008,45.4839],[11.74574,45.47845],[11.74389,45.4718],[11.70645,45.4758],[11.70963,45.46351],[11.70866,45.46002],[11.70207,45.45936],[11.69163,45.44606],[11.69537,45.43963],[11.68752,45.43521],[11.68327,45.42942],[11.68038,45.42863],[11.67626,45.4238],[11.66464,45.42264],[11.65954,45.41624],[11.65297,45.41586],[11.65323,45.4104],[11.64531,45.40729],[11.64295,45.40587],[11.63836,45.40372],[11.63509,45.40145],[11.62485,45.39447],[11.62236,45.39305],[11.62041,45.39139],[11.61811,45.38974],[11.61573,45.38802],[11.61192,45.37412],[11.61636,45.36593],[11.6267,45.35716],[11.62537,45.35012],[11.62413,45.34534],[11.61433,45.33856],[11.61941,45.33313],[11.61841,45.32747],[11.6123,45.3254],[11.61414,45.32325],[11.6147,45.32186],[11.61452,45.31729],[11.6099,45.31467],[11.60204,45.31771],[11.58931,45.31329],[11.58305,45.30579],[11.58029,45.29736],[11.58244,45.27303],[11.61773,45.25852],[11.61054,45.25565],[11.58567,45.25622],[11.57437,45.26063],[11.56593,45.26154],[11.56517,45.26252],[11.56333,45.26204],[11.56139,45.26177],[11.52876,45.25858],[11.48705,45.26595],[11.48994,45.28352],[11.47108,45.28823],[11.46267,45.29447],[11.44061,45.30294],[11.43245,45.30922],[11.43325,45.31544],[11.4472,45.3159],[11.45265,45.32362],[11.42738,45.33657],[11.42179,45.33924],[11.40831,45.34107],[11.39625,45.34711],[11.38379,45.34933],[11.35245,45.34865],[11.35127,45.35137],[11.35461,45.35626],[11.35278,45.37156],[11.34444,45.37627],[11.33501,45.3857],[11.33154,45.38763],[11.33243,45.38974],[11.33586,45.39778],[11.34444,45.39833],[11.34482,45.39956],[11.34444,45.40199],[11.34132,45.41625],[11.33294,45.43262],[11.32361,45.42659],[11.32413,45.42994],[11.31866,45.43371],[11.31887,45.43714],[11.32941,45.44461],[11.32406,45.45382],[11.32037,45.45561],[11.32847,45.46351],[11.32344,45.47305],[11.32833,45.48256],[11.32705,45.48522],[11.32396,45.48609],[11.32415,45.4957],[11.32026,45.49896],[11.29721,45.50414],[11.28489,45.51073],[11.27974,45.5102],[11.27967,45.52195],[11.25272,45.54123],[11.24337,45.56016],[11.24652,45.57729],[11.24337,45.58308],[11.24337,45.5853],[11.24337,45.588],[11.23363,45.59131],[11.23588,45.60009],[11.22141,45.60191],[11.21714,45.60862],[11.21252,45.61756],[11.21281,45.62526],[11.20457,45.62621],[11.19294,45.62002],[11.18357,45.6187],[11.17714,45.62121],[11.15596,45.64667],[11.14866,45.65163],[11.1522,45.65809],[11.15122,45.66414],[11.15567,45.68009],[11.15348,45.68417],[11.14412,45.68341],[11.14082,45.68616],[11.13834,45.69709],[11.13634,45.7006],[11.13837,45.70793],[11.14594,45.71694],[11.152,45.71832],[11.17294,45.73176],[11.17827,45.73759],[11.17558,45.74909],[11.18047,45.7648],[11.1792,45.76918],[11.174,45.78708],[11.17888,45.78738],[11.19163,45.78171],[11.20282,45.78337],[11.19372,45.7944],[11.19831,45.80063],[11.19049,45.80336],[11.18908,45.81163],[11.19117,45.81604],[11.19752,45.81874],[11.1987,45.82419],[11.21908,45.8329],[11.21859,45.84323],[11.2219,45.84896],[11.22798,45.84943],[11.23898,45.85648],[11.24337,45.87267],[11.24337,45.8767],[11.24001,45.87634],[11.23597,45.87963],[11.24337,45.88457],[11.25481,45.88511],[11.24985,45.89885],[11.25955,45.9049],[11.2619,45.91736],[11.25836,45.92068],[11.27114,45.91698],[11.27575,45.91857],[11.28626,45.91722],[11.30169,45.919],[11.30122,45.93045],[11.3055,45.92836],[11.31306,45.92983],[11.31334,45.92645],[11.32076,45.91949],[11.33359,45.91715],[11.33911,45.91217],[11.34444,45.91028],[11.34665,45.90949],[11.35027,45.91329],[11.34609,45.92077],[11.35815,45.92525],[11.35723,45.92737],[11.35788,45.92909],[11.36063,45.93605],[11.35847,45.94327],[11.37992,45.9433],[11.38332,45.95105],[11.3778,45.95772],[11.3729,45.97228],[11.37341,45.98321],[11.39884,45.9803],[11.40903,45.98185],[11.42461,45.98035],[11.44642,45.9814],[11.46876,45.99723],[11.48223,45.99866],[11.49123,46.00855],[11.51073,46.01199],[11.51649,46.00961],[11.53717,46.01283],[11.54455,46.01176],[11.55463,46.01136]]]]},"properties":{"code":"ITH32","nom":"Vicenza","country":"IT"}},{"type":"Feature","geometry":{"type":"MultiPolygon","coordinates":[[[[12.51756,46.67794],[12.52726,46.6741],[12.53013,46.66998],[12.5471,46.6593],[12.55124,46.65876],[12.55776,46.65712],[12.56165,46.6528],[12.57007,46.65145],[12.57797,46.65628],[12.60293,46.65637],[12.61967,46.66159],[12.63104,46.66139],[12.6335,46.65559],[12.6382,46.65389],[12.6424,46.65237],[12.66252,46.65733],[12.66549,46.65786],[12.6675,46.65756],[12.66949,46.65726],[12.67269,46.65743],[12.69064,46.65697],[12.70063,46.65133],[12.71531,46.64886],[12.73139,46.63429],[12.72745,46.63039],[12.73083,46.62439],[12.7284,46.6198],[12.72965,46.61049],[12.74138,46.59515],[12.73873,46.58788],[12.74189,46.5763],[12.73296,46.57065],[12.73478,46.5652],[12.73287,46.55955],[12.73526,46.55429],[12.74966,46.544],[12.73758,46.54323],[12.72671,46.53964],[12.72088,46.54373],[12.71444,46.54458],[12.69292,46.53877],[12.6807,46.52857],[12.67269,46.52563],[12.6382,46.51461],[12.6306,46.51218],[12.63115,46.50011],[12.6382,46.49505],[12.65208,46.48509],[12.65639,46.48152],[12.66158,46.46941],[12.65906,46.46633],[12.64893,46.46715],[12.6382,46.47302],[12.62147,46.47453],[12.6068,46.4643],[12.59144,46.47173],[12.56908,46.47536],[12.53949,46.45716],[12.53104,46.46491],[12.52728,46.45874],[12.52853,46.4494],[12.5158,46.44664],[12.50637,46.4411],[12.49393,46.42607],[12.4925,46.42427],[12.49345,46.42227],[12.49388,46.42049],[12.49454,46.41799],[12.49761,46.4141],[12.4987,46.41222],[12.49238,46.41039],[12.48056,46.4022],[12.46839,46.38992],[12.46368,46.38887],[12.45507,46.39168],[12.46208,46.3698],[12.4529,46.36992],[12.45489,46.36537],[12.45167,46.36214],[12.44187,46.35953],[12.42872,46.35225],[12.4174,46.35487],[12.42043,46.34196],[12.41111,46.33081],[12.40289,46.32942],[12.38614,46.32925],[12.37848,46.33118],[12.37146,46.32613],[12.36352,46.32455],[12.35563,46.31975],[12.35449,46.29569],[12.3481,46.29239],[12.34142,46.28608],[12.33002,46.28314],[12.32329,46.27377],[12.32142,46.26908],[12.32427,46.25585],[12.33345,46.25203],[12.33761,46.24004],[12.34594,46.23934],[12.35339,46.23547],[12.35463,46.23304],[12.35552,46.23128],[12.36684,46.22861],[12.37231,46.22393],[12.37644,46.22295],[12.37873,46.22365],[12.39068,46.22811],[12.4017,46.229],[12.40841,46.22129],[12.40029,46.21127],[12.40768,46.20746],[12.43054,46.20928],[12.44647,46.20777],[12.4429,46.19727],[12.44775,46.18007],[12.4658,46.16596],[12.47519,46.16403],[12.49324,46.15514],[12.4982,46.1385],[12.49703,46.13288],[12.49721,46.12976],[12.4928,46.12628],[12.49329,46.12027],[12.48898,46.11444],[12.48345,46.10406],[12.46945,46.09849],[12.47081,46.09554],[12.45469,46.08874],[12.43631,46.08366],[12.41738,46.06096],[12.40996,46.05915],[12.4048,46.04357],[12.40053,46.042],[12.40339,46.04579],[12.40072,46.05797],[12.39884,46.062],[12.38833,46.06339],[12.38971,46.07154],[12.37791,46.07214],[12.37298,46.07582],[12.36671,46.07555],[12.3619,46.07161],[12.35463,46.07578],[12.34998,46.07845],[12.33992,46.07821],[12.3288,46.0824],[12.31774,46.08116],[12.3028,46.07635],[12.29094,46.06196],[12.28319,46.05637],[12.27569,46.0452],[12.25492,46.03648],[12.25395,46.02879],[12.25098,46.02775],[12.23994,46.02428],[12.22955,46.01523],[12.22477,46.01408],[12.19089,46.00462],[12.18807,46.00883],[12.17909,46.01342],[12.16688,46.01357],[12.16777,46.00578],[12.15719,46.00375],[12.15427,46.00136],[12.14563,46.00239],[12.13938,45.99984],[12.12037,46.00359],[12.11003,46.00251],[12.10401,45.99773],[12.10252,45.98855],[12.09413,45.98199],[12.07816,45.97653],[12.07698,45.97184],[12.06112,45.96176],[12.05368,45.96421],[12.04937,45.9612],[12.04752,45.96196],[12.04548,45.96433],[12.03972,45.96919],[12.03275,45.97362],[12.02455,45.97107],[12.01924,45.96272],[12.00377,45.96815],[12.00285,45.96662],[11.99774,45.96647],[11.99183,45.96248],[11.989,45.96057],[11.96173,45.95437],[11.95295,45.94884],[11.95103,45.94327],[11.94567,45.92777],[11.9483,45.92128],[11.94444,45.91276],[11.9459,45.90806],[11.95056,45.89579],[11.94924,45.89534],[11.94028,45.89319],[11.9298,45.89374],[11.91334,45.88916],[11.9009,45.88913],[11.86923,45.88075],[11.85945,45.88381],[11.84718,45.88468],[11.84558,45.89543],[11.8382,45.90153],[11.82534,45.9081],[11.81018,45.88846],[11.7996,45.88056],[11.77563,45.89053],[11.7806,45.90746],[11.7907,45.91569],[11.78731,45.92429],[11.77517,45.9233],[11.77078,45.92294],[11.76242,45.92847],[11.74577,45.93426],[11.73955,45.93176],[11.73027,45.93399],[11.7283,45.94327],[11.7271,45.94892],[11.72199,45.95398],[11.71111,45.95921],[11.71622,45.96723],[11.71485,45.97188],[11.70581,45.97624],[11.69129,45.97756],[11.68432,45.98408],[11.68902,45.98998],[11.67203,46.01103],[11.67214,46.01413],[11.66669,46.01709],[11.66866,46.01759],[11.68146,46.0274],[11.67191,46.03082],[11.66696,46.03587],[11.66812,46.03858],[11.6792,46.04538],[11.69085,46.0443],[11.70526,46.04588],[11.70373,46.05412],[11.68718,46.06593],[11.68223,46.08721],[11.68393,46.09189],[11.6887,46.09454],[11.69561,46.09404],[11.70349,46.09049],[11.71728,46.10272],[11.74577,46.10477],[11.75078,46.10513],[11.75872,46.0956],[11.76899,46.10135],[11.77328,46.10665],[11.77517,46.10566],[11.7803,46.10294],[11.80352,46.10374],[11.81122,46.10226],[11.81891,46.10735],[11.82704,46.10741],[11.84159,46.11119],[11.88419,46.11735],[11.8918,46.12048],[11.90432,46.13336],[11.90127,46.13663],[11.92086,46.14954],[11.91899,46.15623],[11.92856,46.16765],[11.92866,46.1758],[11.95094,46.17027],[11.95001,46.18068],[11.95295,46.18327],[11.96125,46.18701],[11.96216,46.19627],[11.96104,46.19872],[11.95295,46.19944],[11.93658,46.20053],[11.92822,46.20877],[11.92368,46.21752],[11.9096,46.22443],[11.91841,46.23847],[11.92928,46.24898],[11.92117,46.24843],[11.90494,46.25572],[11.89583,46.25168],[11.89214,46.25265],[11.88552,46.26031],[11.88813,46.27261],[11.88526,46.27882],[11.86101,46.27114],[11.83805,46.27098],[11.82712,46.28501],[11.83076,46.29446],[11.84148,46.30635],[11.83308,46.31258],[11.82988,46.32563],[11.80506,46.33322],[11.80062,46.34292],[11.78152,46.35021],[11.7744,46.35824],[11.78106,46.36292],[11.79316,46.36694],[11.80309,46.36546],[11.81241,46.36794],[11.82021,46.37665],[11.829,46.36842],[11.83429,46.36681],[11.83275,46.38746],[11.83629,46.40066],[11.84373,46.40993],[11.84039,46.41296],[11.83918,46.41655],[11.84653,46.42466],[11.85034,46.43419],[11.87086,46.43351],[11.88792,46.44203],[11.88686,46.4646],[11.87407,46.4727],[11.84084,46.47672],[11.82491,46.47573],[11.81405,46.47806],[11.81101,46.48442],[11.8149,46.49846],[11.82271,46.5021],[11.82834,46.50891],[11.85135,46.51768],[11.88984,46.52332],[11.90114,46.52919],[11.91463,46.53293],[11.93116,46.52836],[11.94259,46.52881],[11.95295,46.54077],[11.9663,46.54447],[11.98699,46.54499],[11.99183,46.53986],[11.99841,46.53286],[11.99963,46.53383],[12.00178,46.53593],[12.00694,46.54273],[12.00861,46.54439],[12.01006,46.54635],[12.0128,46.54966],[12.01401,46.55092],[12.02548,46.56073],[12.03452,46.57631],[12.04701,46.5867],[12.04935,46.59799],[12.04603,46.60723],[12.0542,46.61775],[12.06445,46.62394],[12.07263,46.6432],[12.06782,46.6522],[12.07064,46.66084],[12.0683,46.67512],[12.07567,46.67373],[12.08173,46.66808],[12.08879,46.66707],[12.09439,46.66265],[12.10598,46.65872],[12.11142,46.65315],[12.1251,46.64584],[12.13731,46.64329],[12.14225,46.63649],[12.14813,46.63425],[12.16267,46.63608],[12.17192,46.63323],[12.18279,46.62129],[12.19457,46.62134],[12.19347,46.61386],[12.19595,46.60785],[12.19227,46.59457],[12.20404,46.59973],[12.21337,46.60901],[12.24054,46.61617],[12.245,46.62335],[12.2596,46.62841],[12.26292,46.62811],[12.27108,46.62134],[12.28395,46.61836],[12.29326,46.6184],[12.30556,46.61956],[12.31361,46.62299],[12.31596,46.62999],[12.33491,46.62881],[12.34016,46.63087],[12.34681,46.62474],[12.35463,46.6221],[12.36166,46.61972],[12.38459,46.62307],[12.38985,46.62755],[12.37882,46.63696],[12.38024,46.64245],[12.40502,46.64336],[12.43469,46.66825],[12.47792,46.67984],[12.481,46.67747],[12.49029,46.6769],[12.50283,46.68006],[12.50732,46.67812],[12.51756,46.67794]]]]},"properties":{"code":"ITH33","nom":"Belluno","country":"IT"}},{"type":"Feature","geometry":{"type":"MultiPolygon","coordinates":[[[[10.1026,46.08851],[10.10392,46.08284],[10.09303,46.06926],[10.09295,46.0605],[10.09581,46.05555],[10.10264,46.05078],[10.12635,46.06103],[10.13319,46.06111],[10.14415,46.05585],[10.1499,46.05786],[10.16959,46.05705],[10.17425,46.05224],[10.19181,46.05157],[10.20166,46.04619],[10.20764,46.04704],[10.21467,46.0525],[10.22812,46.04822],[10.22602,46.04264],[10.23172,46.03566],[10.24999,46.03543],[10.25555,46.0254],[10.26224,46.02076],[10.2605,46.01714],[10.2514,46.01158],[10.20515,46.00685],[10.19782,46.00425],[10.19281,45.99948],[10.1894,45.99166],[10.1816,45.98685],[10.17784,45.98596],[10.17654,45.98272],[10.17679,45.97226],[10.13838,45.9633],[10.12217,45.95642],[10.11581,45.94719],[10.11525,45.94327],[10.1145,45.93811],[10.10583,45.93143],[10.09705,45.92901],[10.09169,45.92258],[10.09775,45.91391],[10.09678,45.90809],[10.10095,45.90033],[10.10941,45.89152],[10.10907,45.8857],[10.12947,45.87304],[10.14341,45.86855],[10.14983,45.8631],[10.14584,45.85195],[10.13123,45.84424],[10.12142,45.83595],[10.12013,45.82982],[10.10781,45.81478],[10.09554,45.8068],[10.09261,45.80553],[10.08684,45.80333],[10.07925,45.80143],[10.07137,45.79692],[10.06384,45.78841],[10.06251,45.78665],[10.06113,45.78384],[10.05989,45.78118],[10.05647,45.76918],[10.05504,45.76417],[10.06074,45.75248],[10.06279,45.7506],[10.06384,45.7489],[10.06582,45.74358],[10.06633,45.74075],[10.06485,45.73333],[10.06413,45.73071],[10.06333,45.72814],[10.06259,45.72464],[10.05933,45.70813],[10.06553,45.68927],[10.06497,45.68658],[10.06402,45.68418],[10.06319,45.68283],[10.06109,45.6812],[10.05876,45.67981],[10.05608,45.67853],[10.04943,45.67594],[10.04674,45.6753],[10.04439,45.67494],[10.00616,45.67264],[9.99986,45.67211],[9.97325,45.66651],[9.96516,45.66414],[9.95312,45.66685],[9.94226,45.66526],[9.938,45.66167],[9.93817,45.65725],[9.93067,45.64731],[9.9267,45.64686],[9.92256,45.64968],[9.9169,45.6489],[9.91691,45.64278],[9.90439,45.63071],[9.90225,45.62383],[9.89533,45.60913],[9.89002,45.60377],[9.88581,45.60389],[9.88459,45.60736],[9.87814,45.6103],[9.8734,45.60749],[9.87015,45.60789],[9.86825,45.60999],[9.86447,45.60938],[9.86033,45.60485],[9.85057,45.60316],[9.8496,45.59872],[9.85538,45.58953],[9.85505,45.58408],[9.84394,45.58233],[9.84114,45.56824],[9.84274,45.5609],[9.83707,45.55646],[9.83678,45.54841],[9.84436,45.54643],[9.85343,45.53993],[9.85124,45.53616],[9.85284,45.53258],[9.85348,45.51928],[9.86271,45.51347],[9.86158,45.50675],[9.86787,45.50319],[9.86394,45.49748],[9.86927,45.49528],[9.87268,45.48974],[9.873,45.48626],[9.87802,45.4844],[9.87871,45.47483],[9.88657,45.4722],[9.89031,45.46677],[9.89202,45.46031],[9.88993,45.45621],[9.88986,45.45468],[9.88765,45.44646],[9.88964,45.42733],[9.88239,45.42974],[9.87908,45.43452],[9.86119,45.433],[9.84717,45.45052],[9.83473,45.44944],[9.82769,45.45524],[9.82415,45.45645],[9.81259,45.45174],[9.81366,45.44932],[9.82205,45.44581],[9.81163,45.43845],[9.8079,45.42279],[9.79787,45.4263],[9.79181,45.42628],[9.78754,45.42377],[9.78465,45.42952],[9.76931,45.43018],[9.76958,45.44005],[9.76033,45.45657],[9.75372,45.4557],[9.74658,45.46687],[9.73597,45.47216],[9.73647,45.47463],[9.73361,45.47619],[9.7223,45.47683],[9.7198,45.48216],[9.71519,45.48267],[9.7091,45.48207],[9.70595,45.47935],[9.70008,45.46904],[9.69885,45.46062],[9.6903,45.4584],[9.68867,45.45468],[9.68509,45.44301],[9.68211,45.44125],[9.66184,45.43722],[9.65034,45.45403],[9.64677,45.45527],[9.64499,45.45704],[9.638,45.45832],[9.62768,45.4581],[9.62664,45.45615],[9.62066,45.45643],[9.61801,45.4625],[9.61078,45.46402],[9.60866,45.47546],[9.59405,45.4738],[9.59085,45.47607],[9.58386,45.46684],[9.578,45.46429],[9.57758,45.46024],[9.5508,45.46032],[9.54774,45.46281],[9.54515,45.47705],[9.54158,45.48008],[9.54506,45.48736],[9.54043,45.48788],[9.529,45.49532],[9.51921,45.50448],[9.51859,45.50713],[9.52079,45.50752],[9.54055,45.50218],[9.54221,45.50561],[9.54925,45.50818],[9.54819,45.51533],[9.55032,45.52419],[9.53856,45.52543],[9.53711,45.53367],[9.52961,45.53718],[9.52637,45.5473],[9.5279,45.55491],[9.52551,45.56173],[9.53144,45.56662],[9.53862,45.58232],[9.53299,45.59222],[9.52858,45.6052],[9.51937,45.62251],[9.51545,45.62553],[9.49695,45.63208],[9.49587,45.6397],[9.49576,45.64486],[9.49503,45.64864],[9.48656,45.65308],[9.48721,45.66459],[9.48443,45.66748],[9.47659,45.66925],[9.47386,45.66955],[9.46857,45.67172],[9.46688,45.67676],[9.45103,45.68442],[9.45645,45.69798],[9.45767,45.69912],[9.45796,45.70661],[9.44975,45.71586],[9.45042,45.72459],[9.44728,45.73144],[9.44831,45.73583],[9.45629,45.74754],[9.44586,45.76052],[9.45212,45.76343],[9.46094,45.76118],[9.47063,45.76808],[9.48115,45.76109],[9.4831,45.7685],[9.4856,45.76918],[9.49999,45.77305],[9.5187,45.78404],[9.51732,45.78627],[9.51625,45.78735],[9.49644,45.79634],[9.49219,45.80689],[9.48127,45.81448],[9.47309,45.825],[9.47395,45.83888],[9.46738,45.8493],[9.46991,45.85697],[9.48484,45.86162],[9.49228,45.85888],[9.49332,45.8615],[9.48826,45.86439],[9.49035,45.86601],[9.50603,45.86995],[9.52404,45.87035],[9.52003,45.87577],[9.50606,45.88425],[9.51706,45.88603],[9.50779,45.89325],[9.50567,45.89899],[9.52765,45.91707],[9.52701,45.92098],[9.52942,45.92734],[9.53918,45.93789],[9.54023,45.94278],[9.53684,45.9572],[9.53,45.95918],[9.52285,45.96443],[9.5039,45.96745],[9.49911,45.97568],[9.49956,45.98881],[9.49405,45.99985],[9.48669,46.00358],[9.48785,46.00817],[9.49465,46.01214],[9.52692,46.01151],[9.53178,46.0114],[9.53491,46.01439],[9.55085,46.0144],[9.55903,46.02237],[9.57599,46.02066],[9.58734,46.02399],[9.59302,46.02749],[9.59968,46.03145],[9.60099,46.03717],[9.60408,46.04363],[9.62189,46.04728],[9.62535,46.04673],[9.6323,46.04658],[9.64081,46.0533],[9.64348,46.05997],[9.64677,46.06006],[9.66808,46.06066],[9.68859,46.05494],[9.70421,46.05753],[9.71102,46.0637],[9.7189,46.06357],[9.7354,46.05724],[9.74589,46.06276],[9.75419,46.06104],[9.76836,46.06383],[9.79244,46.05387],[9.79787,46.05318],[9.80055,46.05283],[9.80344,46.05336],[9.80744,46.05374],[9.80958,46.05184],[9.81109,46.04969],[9.82764,46.04986],[9.83687,46.04428],[9.84801,46.04672],[9.86101,46.04638],[9.87256,46.05077],[9.88582,46.0458],[9.9081,46.04639],[9.90708,46.05409],[9.91112,46.05766],[9.94188,46.06645],[9.9633,46.06763],[9.98088,46.06551],[9.98637,46.07053],[9.99538,46.07509],[10.01006,46.073],[10.01266,46.08229],[10.02107,46.08651],[10.03448,46.08757],[10.04499,46.08503],[10.05569,46.0855],[10.05981,46.08869],[10.06545,46.08959],[10.07654,46.08644],[10.0832,46.09022],[10.09547,46.09102],[10.1026,46.08851]]],[[[9.52085,45.61653],[9.5204,45.61242],[9.51662,45.61331],[9.5182,45.61741],[9.52085,45.61653]]]]},"properties":{"code":"ITC46","nom":"Bergamo","country":"IT"}},{"type":"Feature","geometry":{"type":"MultiPolygon","coordinates":[[[[8.84292,45.39384],[8.84712,45.38974],[8.84954,45.36881],[8.85673,45.36455],[8.86646,45.35877],[8.86645,45.35471],[8.86596,45.34479],[8.86959,45.34247],[8.88575,45.34032],[8.90611,45.33382],[8.90787,45.33326],[8.91004,45.33082],[8.9076,45.32589],[8.91959,45.32053],[8.92446,45.3174],[8.93347,45.3195],[8.94333,45.31394],[8.94546,45.29107],[8.95892,45.283],[8.97294,45.27611],[8.98296,45.26499],[8.99187,45.26728],[8.99388,45.27146],[9.00513,45.27705],[9.01511,45.27591],[9.01872,45.28058],[9.01462,45.29078],[9.0091,45.29258],[9.00367,45.29141],[9.00209,45.29687],[8.99422,45.2977],[8.99228,45.30097],[8.9979,45.30365],[8.98833,45.3216],[8.99168,45.32276],[8.99862,45.31844],[9.01987,45.32602],[9.02914,45.31692],[9.03415,45.31187],[9.03469,45.30532],[9.03256,45.30427],[9.02828,45.30631],[9.0259,45.30488],[9.03011,45.29652],[9.03909,45.30245],[9.04977,45.30235],[9.05364,45.30528],[9.06437,45.30494],[9.07116,45.30688],[9.07092,45.31434],[9.08153,45.31577],[9.07594,45.30716],[9.08193,45.30326],[9.09181,45.30548],[9.10131,45.30366],[9.1047,45.30715],[9.11082,45.30694],[9.11885,45.30905],[9.12473,45.30667],[9.1296,45.31109],[9.13778,45.3051],[9.13988,45.30548],[9.13961,45.30905],[9.1429,45.30815],[9.15309,45.2963],[9.1683,45.29959],[9.1793,45.29819],[9.18567,45.29255],[9.20074,45.29132],[9.18978,45.29886],[9.18352,45.30936],[9.19579,45.31615],[9.1952,45.32132],[9.2,45.32489],[9.20177,45.33482],[9.20604,45.33315],[9.20839,45.33283],[9.21771,45.32683],[9.2226,45.32609],[9.22871,45.32871],[9.22951,45.3334],[9.23968,45.32794],[9.24605,45.32452],[9.25397,45.32677],[9.26081,45.32489],[9.26428,45.32711],[9.2763,45.32463],[9.2838,45.33124],[9.30308,45.32718],[9.30912,45.32789],[9.31647,45.3258],[9.32041,45.32164],[9.32329,45.322],[9.32532,45.31701],[9.33148,45.31298],[9.33885,45.31297],[9.33446,45.30613],[9.3404,45.30559],[9.34297,45.30536],[9.3493,45.30094],[9.35354,45.30236],[9.35386,45.29624],[9.3568,45.29341],[9.34949,45.291],[9.34212,45.29174],[9.3404,45.29275],[9.33156,45.29798],[9.32175,45.29414],[9.32923,45.28894],[9.33147,45.28475],[9.32992,45.28183],[9.33608,45.27545],[9.3404,45.27111],[9.33441,45.27002],[9.3268,45.26957],[9.31525,45.25963],[9.31041,45.24896],[9.32246,45.24411],[9.32845,45.24899],[9.33678,45.24392],[9.3404,45.24421],[9.35677,45.24006],[9.35742,45.24541],[9.35164,45.24711],[9.3543,45.24985],[9.35596,45.24891],[9.36371,45.24695],[9.37063,45.24445],[9.38073,45.23117],[9.39034,45.23129],[9.39138,45.22774],[9.38774,45.2235],[9.39763,45.21765],[9.40106,45.21013],[9.40428,45.20146],[9.41101,45.20485],[9.41834,45.20474],[9.42114,45.19484],[9.42866,45.19935],[9.43216,45.19397],[9.42885,45.18582],[9.43857,45.18763],[9.45562,45.18329],[9.45656,45.17753],[9.46337,45.17744],[9.46487,45.17143],[9.46801,45.16845],[9.47722,45.16696],[9.47826,45.16166],[9.5316,45.16535],[9.53206,45.16169],[9.54298,45.15417],[9.546,45.14771],[9.54294,45.13738],[9.54868,45.13265],[9.54187,45.13085],[9.53724,45.12605],[9.53636,45.12403],[9.53578,45.122],[9.55081,45.09175],[9.54631,45.08609],[9.53205,45.07843],[9.52453,45.08159],[9.50507,45.10207],[9.49437,45.10326],[9.48023,45.0988],[9.46703,45.09488],[9.43903,45.09344],[9.43527,45.0824],[9.41332,45.08321],[9.41358,45.07526],[9.40279,45.07307],[9.38932,45.06404],[9.38725,45.06025],[9.37083,45.04814],[9.37571,45.0423],[9.36947,45.02372],[9.37563,45.01991],[9.37229,45.01453],[9.36477,45.0024],[9.36084,45.00013],[9.35321,45.00048],[9.34738,44.99705],[9.3404,44.98399],[9.33563,44.97506],[9.33757,44.96537],[9.32808,44.96015],[9.32462,44.95604],[9.32426,44.95382],[9.32337,44.95131],[9.32298,44.94964],[9.3205,44.9428],[9.30984,44.93541],[9.30567,44.93395],[9.30171,44.93548],[9.29338,44.93307],[9.28637,44.93394],[9.28589,44.93],[9.29131,44.92506],[9.29448,44.92303],[9.29027,44.9174],[9.29002,44.91015],[9.28636,44.90845],[9.28565,44.90403],[9.27743,44.8956],[9.29123,44.89101],[9.29092,44.88323],[9.29655,44.87989],[9.30968,44.87626],[9.31841,44.87925],[9.32331,44.87842],[9.32649,44.87287],[9.3404,44.86995],[9.34869,44.84023],[9.35842,44.82549],[9.36312,44.82239],[9.35435,44.81212],[9.3404,44.80549],[9.32899,44.80006],[9.32155,44.80002],[9.31589,44.78376],[9.287,44.77248],[9.28592,44.75941],[9.31384,44.74512],[9.32238,44.74319],[9.3326,44.73503],[9.32619,44.72364],[9.31349,44.71723],[9.31305,44.70993],[9.30903,44.70512],[9.31743,44.69567],[9.32507,44.69361],[9.32466,44.69],[9.30397,44.68795],[9.29853,44.68101],[9.28441,44.68014],[9.28529,44.68461],[9.28175,44.68575],[9.26737,44.68471],[9.26266,44.68091],[9.25877,44.68076],[9.25339,44.69592],[9.23511,44.71634],[9.2328,44.7016],[9.24192,44.68665],[9.22244,44.68347],[9.20839,44.68492],[9.20007,44.6861],[9.20811,44.70277],[9.20333,44.72137],[9.21304,44.74219],[9.21357,44.75233],[9.20839,44.75396],[9.19204,44.75767],[9.17198,44.77205],[9.1739,44.79661],[9.16531,44.80028],[9.15598,44.80916],[9.15979,44.81416],[9.15606,44.81534],[9.14775,44.80956],[9.13748,44.80905],[9.13012,44.80589],[9.12123,44.80932],[9.10966,44.80613],[9.10485,44.81337],[9.09517,44.81901],[9.08926,44.81726],[9.07944,44.81455],[9.07228,44.81746],[9.07483,44.82253],[9.07288,44.82771],[9.06971,44.8303],[9.06413,44.83018],[9.06389,44.8337],[9.04914,44.85029],[9.06743,44.86071],[9.07013,44.86603],[9.06302,44.87095],[9.05832,44.88257],[9.05452,44.88854],[9.04262,44.88493],[9.03924,44.88758],[9.03039,44.88849],[9.02319,44.89702],[9.01842,44.90079],[9.00502,44.90492],[8.99947,44.91324],[9.00137,44.91697],[8.99591,44.91906],[8.98954,44.92556],[8.99064,44.93024],[8.98372,44.93135],[8.97646,44.94012],[8.96961,44.94348],[8.9723,44.95224],[8.97951,44.95406],[8.97694,44.96015],[8.97814,44.9672],[8.96064,44.98728],[8.94971,44.98813],[8.94331,44.98575],[8.94191,44.98228],[8.92562,44.98215],[8.92459,44.98561],[8.91749,44.98738],[8.90611,45.00184],[8.90368,45.00494],[8.9014,45.0097],[8.90323,45.01886],[8.90257,45.03633],[8.8951,45.04043],[8.90018,45.04361],[8.89798,45.04975],[8.8916,45.05127],[8.88655,45.05045],[8.88196,45.05396],[8.88771,45.05915],[8.87954,45.05852],[8.86517,45.04815],[8.86053,45.05123],[8.85673,45.04994],[8.85314,45.04872],[8.84373,45.04943],[8.84065,45.04456],[8.83391,45.04474],[8.82868,45.04158],[8.82218,45.04571],[8.82143,45.03753],[8.81002,45.03658],[8.81017,45.03306],[8.80267,45.03522],[8.79639,45.03416],[8.80233,45.02607],[8.79836,45.02111],[8.77756,45.02235],[8.77847,45.01372],[8.7736,45.00755],[8.76853,45.00738],[8.76465,45.01273],[8.75883,45.01],[8.75483,45.01177],[8.74888,45.00973],[8.74905,45.01383],[8.75321,45.01587],[8.74996,45.02075],[8.74302,45.0237],[8.72427,45.02299],[8.71426,45.03611],[8.70881,45.03815],[8.70811,45.03815],[8.70263,45.03322],[8.70066,45.02682],[8.69403,45.0217],[8.6835,45.02752],[8.6742,45.02845],[8.66826,45.0274],[8.66449,45.02094],[8.65787,45.01961],[8.65368,45.02318],[8.65582,45.02839],[8.65266,45.03315],[8.63756,45.03931],[8.63948,45.04891],[8.64571,45.05461],[8.64471,45.06093],[8.64266,45.06297],[8.6379,45.06699],[8.646,45.07533],[8.64017,45.07755],[8.63772,45.08261],[8.63492,45.08841],[8.6274,45.08853],[8.62204,45.09123],[8.62239,45.09717],[8.61354,45.10241],[8.60917,45.1078],[8.61198,45.1141],[8.60891,45.11925],[8.61333,45.12621],[8.59013,45.13302],[8.58531,45.14791],[8.5796,45.1524],[8.5735,45.15245],[8.56862,45.15394],[8.55473,45.15817],[8.55502,45.16431],[8.55571,45.16647],[8.5478,45.16815],[8.54334,45.17392],[8.54539,45.18236],[8.55405,45.19054],[8.56174,45.19243],[8.56504,45.19809],[8.58121,45.20222],[8.57639,45.20725],[8.55613,45.20443],[8.55138,45.2011],[8.55116,45.19646],[8.54483,45.19472],[8.53077,45.19372],[8.52465,45.19832],[8.53961,45.20189],[8.54418,45.20516],[8.52498,45.22281],[8.52779,45.22794],[8.54,45.23325],[8.53703,45.23745],[8.54563,45.24141],[8.52764,45.24584],[8.52274,45.24992],[8.52354,45.25406],[8.52984,45.25322],[8.53624,45.24911],[8.54143,45.25281],[8.53508,45.25843],[8.53624,45.2627],[8.53138,45.26706],[8.53561,45.27251],[8.53501,45.27683],[8.52465,45.2784],[8.52134,45.27427],[8.51306,45.27529],[8.51749,45.2899],[8.50015,45.29201],[8.49835,45.29223],[8.50015,45.29471],[8.51356,45.31328],[8.51738,45.31173],[8.52465,45.31343],[8.53148,45.31869],[8.53792,45.31725],[8.53291,45.33439],[8.52782,45.33709],[8.52639,45.34218],[8.55016,45.35272],[8.55315,45.36148],[8.55792,45.35346],[8.57718,45.34779],[8.59091,45.35138],[8.59815,45.34823],[8.61353,45.3545],[8.61752,45.35278],[8.62104,45.35641],[8.62399,45.35259],[8.63338,45.34873],[8.63168,45.33838],[8.63772,45.33691],[8.65573,45.32568],[8.65682,45.31759],[8.66226,45.3106],[8.65889,45.30367],[8.66337,45.30111],[8.66574,45.29226],[8.6857,45.29389],[8.69066,45.29253],[8.71417,45.30163],[8.71977,45.31739],[8.72314,45.32003],[8.72479,45.33571],[8.74214,45.33206],[8.74374,45.33937],[8.76144,45.34777],[8.75879,45.35367],[8.76068,45.3557],[8.75457,45.35699],[8.74447,45.35533],[8.7305,45.3676],[8.72116,45.37102],[8.72043,45.37475],[8.71909,45.37808],[8.7224,45.37896],[8.73079,45.37554],[8.75003,45.37537],[8.76182,45.37781],[8.76713,45.38758],[8.791,45.37984],[8.80217,45.37991],[8.81021,45.38317],[8.81351,45.38974],[8.82289,45.39223],[8.83062,45.39079],[8.84292,45.39384]],[[9.29086,44.7052],[9.28954,44.70113],[9.30017,44.70268],[9.30025,44.70395],[9.2928,44.70596],[9.29086,44.7052]],[[9.29902,44.69327],[9.30326,44.69257],[9.30542,44.69422],[9.30487,44.6973],[9.29902,44.69327]]],[[[8.81652,45.01827],[8.81047,45.01711],[8.80967,45.01902],[8.81673,45.02239],[8.81652,45.01827]]],[[[8.70645,45.02112],[8.7059,45.0132],[8.70354,45.01452],[8.70406,45.01752],[8.70544,45.02447],[8.70645,45.02112]]]]},"properties":{"code":"ITC48","nom":"Pavia","country":"IT"}},{"type":"Feature","geometry":{"type":"MultiPolygon","coordinates":[[[[14.30026,41.89891],[14.30675,41.89308],[14.32372,41.89638],[14.32789,41.88576],[14.34282,41.869],[14.34303,41.86249],[14.35841,41.86085],[14.3639,41.8684],[14.36269,41.87502],[14.3767,41.8799],[14.37925,41.86576],[14.39391,41.87001],[14.40022,41.8684],[14.42472,41.85296],[14.4308,41.84165],[14.44206,41.84082],[14.44686,41.8344],[14.45073,41.81926],[14.4548,41.79576],[14.46605,41.77763],[14.45951,41.77273],[14.45595,41.76367],[14.471,41.76315],[14.48536,41.75962],[14.48411,41.75836],[14.48342,41.75708],[14.48306,41.75553],[14.48229,41.75413],[14.48189,41.75161],[14.47852,41.74748],[14.47621,41.74577],[14.50355,41.73369],[14.51906,41.72576],[14.52216,41.71398],[14.52079,41.69888],[14.50193,41.6859],[14.50149,41.67778],[14.49356,41.67141],[14.48381,41.67959],[14.47469,41.67681],[14.4689,41.6773],[14.45446,41.66532],[14.44827,41.66589],[14.435,41.6719],[14.42987,41.66801],[14.43274,41.65597],[14.42447,41.64345],[14.42728,41.63728],[14.44936,41.64482],[14.46019,41.63707],[14.47921,41.63175],[14.48265,41.61603],[14.49799,41.61651],[14.50975,41.60891],[14.51176,41.59725],[14.50355,41.59634],[14.49222,41.59033],[14.49345,41.57234],[14.47733,41.56306],[14.47039,41.55639],[14.46959,41.53967],[14.46245,41.54167],[14.45757,41.54611],[14.45647,41.53631],[14.45071,41.52523],[14.45157,41.5201],[14.44625,41.51864],[14.42811,41.52471],[14.40624,41.51017],[14.38998,41.50503],[14.38704,41.47925],[14.37957,41.46459],[14.38153,41.4585],[14.37836,41.45081],[14.38252,41.44322],[14.35918,41.44851],[14.34159,41.45394],[14.3264,41.45401],[14.3046,41.46634],[14.28431,41.47207],[14.29123,41.47658],[14.27916,41.48635],[14.25131,41.4844],[14.24748,41.4861],[14.23924,41.49713],[14.21607,41.49681],[14.20349,41.49935],[14.19264,41.4985],[14.18943,41.49635],[14.18148,41.49683],[14.1733,41.49973],[14.16736,41.49359],[14.16568,41.47937],[14.15212,41.48273],[14.12529,41.50734],[14.11969,41.50457],[14.11135,41.48711],[14.10343,41.48364],[14.10162,41.48157],[14.0925,41.47118],[14.08259,41.46462],[14.08683,41.45963],[14.08026,41.45545],[14.07839,41.44705],[14.09272,41.43062],[14.10155,41.42479],[14.10665,41.41671],[14.10435,41.40265],[14.11369,41.38864],[14.10942,41.38782],[14.10162,41.39097],[14.09601,41.39062],[14.08949,41.39775],[14.08445,41.39969],[14.06832,41.39639],[14.05948,41.39756],[14.04241,41.39275],[14.03577,41.40259],[14.0288,41.40615],[14.02921,41.41258],[14.02315,41.41821],[14.01615,41.42363],[14.00614,41.4248],[14.00073,41.4309],[14.00779,41.43958],[14.00719,41.45086],[13.97793,41.46245],[13.98154,41.47181],[13.9928,41.48205],[13.97399,41.49303],[13.97566,41.49696],[13.9952,41.51268],[14.01175,41.51533],[14.01931,41.52182],[14.02578,41.52287],[14.02627,41.52488],[14.01058,41.53335],[14.00591,41.53932],[14.02073,41.54233],[14.02545,41.55538],[14.02392,41.5599],[14.00494,41.56667],[14.00168,41.56966],[13.99829,41.57883],[14.00489,41.58696],[14.01101,41.58974],[14.00885,41.59852],[14.01125,41.60756],[13.99799,41.62302],[13.99669,41.62411],[13.99391,41.639],[13.98814,41.64632],[13.98832,41.6538],[13.98238,41.66174],[13.97572,41.66473],[13.96651,41.67409],[13.94542,41.68312],[13.94104,41.68794],[13.95552,41.69534],[13.98052,41.69511],[13.99425,41.69333],[14.0178,41.68263],[14.02762,41.70204],[14.05327,41.70167],[14.05362,41.71911],[14.0696,41.7372],[14.09443,41.73791],[14.09509,41.73006],[14.10162,41.72113],[14.10538,41.71598],[14.10722,41.70733],[14.11812,41.71646],[14.12274,41.72597],[14.12203,41.73057],[14.11591,41.73682],[14.12252,41.74555],[14.12522,41.74493],[14.13509,41.74263],[14.14113,41.746],[14.15914,41.74775],[14.16222,41.75064],[14.16333,41.7585],[14.17208,41.76517],[14.17514,41.76365],[14.1756,41.75398],[14.17873,41.74919],[14.19342,41.7487],[14.19519,41.75822],[14.2012,41.76373],[14.20084,41.7677],[14.19451,41.77288],[14.17792,41.7738],[14.1717,41.77883],[14.17001,41.79389],[14.1659,41.79956],[14.16425,41.80963],[14.15992,41.8146],[14.15514,41.81335],[14.14719,41.82727],[14.15531,41.83382],[14.15571,41.84013],[14.16261,41.8399],[14.1662,41.84241],[14.18451,41.84748],[14.18884,41.84226],[14.19504,41.84151],[14.19752,41.84353],[14.1969,41.84853],[14.2164,41.85485],[14.22678,41.8686],[14.22533,41.87368],[14.22976,41.87706],[14.23187,41.87748],[14.24424,41.88162],[14.25221,41.8885],[14.25408,41.89149],[14.26801,41.89686],[14.27933,41.90949],[14.28422,41.91075],[14.29241,41.90188],[14.30026,41.89891]]]]},"properties":{"code":"ITF21","nom":"Isernia","country":"IT"}},{"type":"Feature","geometry":{"type":"MultiPolygon","coordinates":[[[[15.11725,41.80135],[15.11537,41.79201],[15.11194,41.78694],[15.10157,41.78135],[15.0978,41.7683],[15.1066,41.75693],[15.11657,41.74894],[15.10387,41.74838],[15.10236,41.74334],[15.11972,41.72265],[15.14117,41.71434],[15.15448,41.70918],[15.14117,41.70341],[15.12426,41.6961],[15.1061,41.68558],[15.10362,41.67331],[15.09619,41.67372],[15.09052,41.68091],[15.0866,41.67591],[15.08999,41.67197],[15.07113,41.66454],[15.06822,41.65872],[15.05452,41.65924],[15.0471,41.65275],[15.04363,41.64498],[15.04419,41.6373],[15.03256,41.63829],[15.02544,41.63322],[15.02599,41.62257],[15.00881,41.6225],[15.00275,41.62906],[14.9994,41.62898],[14.99833,41.62678],[14.99112,41.62967],[14.98706,41.63805],[14.97054,41.64047],[14.96017,41.64531],[14.95677,41.64395],[14.95347,41.63773],[14.9341,41.61943],[14.94732,41.60932],[14.94573,41.60033],[14.94951,41.59275],[14.94675,41.58402],[14.94573,41.57776],[14.94921,41.57287],[14.94218,41.55889],[14.93566,41.54069],[14.93799,41.52682],[14.94698,41.5217],[14.96643,41.51897],[14.97949,41.50579],[14.99875,41.49467],[15.00766,41.48636],[14.99613,41.48029],[14.98397,41.47887],[14.9823,41.46903],[14.96059,41.46486],[14.94626,41.45605],[14.89343,41.44778],[14.88247,41.44315],[14.87463,41.43347],[14.86672,41.42751],[14.86037,41.42637],[14.85496,41.42505],[14.84297,41.42704],[14.81387,41.43984],[14.80605,41.44732],[14.79021,41.45252],[14.78343,41.45114],[14.77337,41.44432],[14.77194,41.43338],[14.76438,41.42344],[14.76473,41.41733],[14.75237,41.40932],[14.71447,41.40108],[14.71065,41.40359],[14.69965,41.41081],[14.68684,41.41143],[14.67573,41.40752],[14.66378,41.4063],[14.66157,41.40341],[14.66517,41.39775],[14.66088,41.39312],[14.65303,41.39706],[14.64408,41.39422],[14.64147,41.39192],[14.62404,41.3765],[14.61466,41.3682],[14.60845,41.36794],[14.60307,41.36393],[14.58763,41.37079],[14.58632,41.3765],[14.58539,41.38058],[14.57601,41.3887],[14.56635,41.39209],[14.55241,41.38038],[14.53075,41.38347],[14.52325,41.38483],[14.5051,41.38246],[14.50012,41.38738],[14.48865,41.39128],[14.48287,41.40282],[14.47789,41.41008],[14.48152,41.41386],[14.47813,41.41803],[14.46512,41.42053],[14.45661,41.42606],[14.431,41.42853],[14.42635,41.43172],[14.42194,41.43207],[14.41935,41.43511],[14.41254,41.44119],[14.40113,41.43769],[14.39012,41.44251],[14.38252,41.44322],[14.37836,41.45081],[14.38153,41.4585],[14.37957,41.46459],[14.38704,41.47925],[14.38998,41.50503],[14.40624,41.51017],[14.42811,41.52471],[14.44625,41.51864],[14.45157,41.5201],[14.45071,41.52523],[14.45647,41.53631],[14.45757,41.54611],[14.46245,41.54167],[14.46959,41.53967],[14.47039,41.55639],[14.47733,41.56306],[14.49345,41.57234],[14.49222,41.59033],[14.50355,41.59634],[14.51176,41.59725],[14.50975,41.60891],[14.49799,41.61651],[14.48265,41.61603],[14.47921,41.63175],[14.46019,41.63707],[14.44936,41.64482],[14.42728,41.63728],[14.42447,41.64345],[14.43274,41.65597],[14.42987,41.66801],[14.435,41.6719],[14.44827,41.66589],[14.45446,41.66532],[14.4689,41.6773],[14.47469,41.67681],[14.48381,41.67959],[14.49356,41.67141],[14.50149,41.67778],[14.50193,41.6859],[14.52079,41.69888],[14.52216,41.71398],[14.51906,41.72576],[14.50355,41.73369],[14.47621,41.74577],[14.47852,41.74748],[14.48189,41.75161],[14.48229,41.75413],[14.48306,41.75553],[14.48342,41.75708],[14.48411,41.75836],[14.48536,41.75962],[14.49123,41.76246],[14.50196,41.77352],[14.53028,41.78848],[14.53339,41.79304],[14.53098,41.80066],[14.5342,41.79997],[14.53944,41.80342],[14.55128,41.81638],[14.56719,41.81869],[14.57065,41.82113],[14.5731,41.82401],[14.58494,41.84166],[14.59297,41.8483],[14.59779,41.85241],[14.59907,41.86247],[14.60399,41.87006],[14.61137,41.88013],[14.61247,41.88321],[14.61342,41.88689],[14.61427,41.88916],[14.6179,41.89144],[14.63986,41.89911],[14.64147,41.9014],[14.64315,41.90378],[14.65047,41.90433],[14.65551,41.91108],[14.66379,41.91626],[14.6649,41.92093],[14.66593,41.92751],[14.66583,41.94105],[14.67248,41.9497],[14.69104,41.96787],[14.69959,41.97235],[14.70117,41.97677],[14.70304,41.97869],[14.71065,41.98649],[14.71409,41.99002],[14.72374,41.99997],[14.73213,42.00547],[14.74625,42.00871],[14.75198,42.0135],[14.76464,42.01839],[14.78099,42.03223],[14.774,42.03897],[14.76242,42.04373],[14.77203,42.06209],[14.77965,42.07002],[14.79558,42.06495],[14.82845,42.04725],[14.85072,42.03752],[14.90023,42.0214],[14.9603,42.00932],[14.99814,42.00506],[15.00374,41.99176],[15.02026,41.98441],[15.02724,41.98108],[15.03057,41.97869],[15.08164,41.94206],[15.10288,41.93394],[15.13818,41.92701],[15.13151,41.89962],[15.14035,41.88047],[15.12655,41.8713],[15.125,41.863],[15.11891,41.8571],[15.11937,41.85469],[15.11428,41.85104],[15.10464,41.84794],[15.10059,41.8347],[15.10458,41.83111],[15.10836,41.82274],[15.11514,41.81675],[15.11482,41.81089],[15.11725,41.80135]]],[[[14.95491,41.60814],[14.95352,41.60678],[14.94898,41.60866],[14.95353,41.61188],[14.95491,41.60814]]]]},"properties":{"code":"ITF22","nom":"Campobasso","country":"IT"}},{"type":"Feature","geometry":{"type":"MultiPolygon","coordinates":[[[[14.15212,41.48273],[14.16568,41.47937],[14.16736,41.49359],[14.1733,41.49973],[14.18148,41.49683],[14.18943,41.49635],[14.19264,41.4985],[14.20349,41.49935],[14.21607,41.49681],[14.23924,41.49713],[14.24748,41.4861],[14.25131,41.4844],[14.27916,41.48635],[14.29123,41.47658],[14.28431,41.47207],[14.3046,41.46634],[14.3264,41.45401],[14.34159,41.45394],[14.35918,41.44851],[14.38252,41.44322],[14.39012,41.44251],[14.40113,41.43769],[14.41254,41.44119],[14.41935,41.43511],[14.42194,41.43207],[14.42635,41.43172],[14.431,41.42853],[14.45661,41.42606],[14.46512,41.42053],[14.47813,41.41803],[14.48152,41.41386],[14.47789,41.41008],[14.48287,41.40282],[14.48865,41.39128],[14.50012,41.38738],[14.5051,41.38246],[14.50067,41.38172],[14.49628,41.3765],[14.49462,41.37452],[14.48828,41.3765],[14.47787,41.37976],[14.47529,41.3765],[14.47349,41.37423],[14.46507,41.37525],[14.45607,41.37122],[14.45596,41.36529],[14.44499,41.35653],[14.43952,41.34422],[14.4525,41.34472],[14.45873,41.34238],[14.46982,41.34406],[14.4745,41.3379],[14.47784,41.3207],[14.48973,41.30713],[14.48913,41.30061],[14.46994,41.29842],[14.44867,41.29057],[14.43567,41.28046],[14.43334,41.26678],[14.41997,41.25438],[14.42408,41.24905],[14.41819,41.24399],[14.42049,41.23699],[14.41848,41.22337],[14.42278,41.22087],[14.42845,41.2235],[14.43458,41.22233],[14.43504,41.21449],[14.44236,41.21029],[14.44475,41.20066],[14.45219,41.19265],[14.46197,41.19081],[14.46258,41.18747],[14.45826,41.18428],[14.45991,41.17551],[14.46578,41.1772],[14.46714,41.1713],[14.45891,41.16241],[14.46366,41.15683],[14.4494,41.1541],[14.43633,41.15445],[14.43105,41.14928],[14.4292,41.1383],[14.42311,41.13524],[14.41989,41.14068],[14.40559,41.14295],[14.4028,41.14537],[14.39848,41.14948],[14.38365,41.15481],[14.37918,41.16097],[14.35813,41.15731],[14.35205,41.15205],[14.35605,41.14478],[14.36232,41.14209],[14.36554,41.1377],[14.38929,41.13303],[14.39645,41.12183],[14.39379,41.1158],[14.41041,41.11294],[14.42499,41.10701],[14.4342,41.10775],[14.43468,41.10308],[14.43674,41.0958],[14.43018,41.08185],[14.43986,41.07101],[14.42207,41.06366],[14.41302,41.05716],[14.42113,41.05279],[14.44433,41.04917],[14.45037,41.0456],[14.45608,41.04838],[14.45585,41.0427],[14.46431,41.04577],[14.47384,41.0433],[14.47862,41.04686],[14.47807,41.05129],[14.48352,41.04939],[14.49181,41.04775],[14.49526,41.05118],[14.50294,41.05332],[14.50886,41.0548],[14.51432,41.04922],[14.51826,41.04872],[14.51587,41.03385],[14.52539,41.02961],[14.52388,41.02176],[14.5312,41.01331],[14.53269,41.00398],[14.53312,40.99648],[14.52062,40.988],[14.49042,40.99381],[14.48314,40.99147],[14.47709,40.98142],[14.45221,40.98344],[14.43284,40.98472],[14.42293,40.98112],[14.40784,40.98511],[14.40613,40.98795],[14.41482,40.99695],[14.40944,41.00174],[14.3557,41.00174],[14.34581,41.00022],[14.33505,41.00178],[14.32455,41.00037],[14.29764,41.00471],[14.29386,41.00088],[14.29523,40.99505],[14.28987,40.98749],[14.29398,40.97997],[14.29305,40.96966],[14.28451,40.96026],[14.26634,40.96136],[14.26353,40.96151],[14.25927,40.95741],[14.26408,40.95185],[14.26027,40.95015],[14.25228,40.94604],[14.24131,40.95473],[14.23365,40.95728],[14.2303,40.95251],[14.22007,40.95096],[14.21437,40.94925],[14.1972,40.95386],[14.17226,40.95393],[14.17288,40.94979],[14.16732,40.94539],[14.1657,40.95353],[14.14472,40.9442],[14.13763,40.94516],[14.1309,40.95019],[14.14021,40.95699],[14.14647,40.95803],[14.14421,40.96712],[14.1403,40.9791],[14.13462,40.97869],[14.12868,40.97914],[14.12522,40.9791],[14.11224,40.97894],[14.10162,40.96564],[14.09969,40.96323],[14.09436,40.96062],[14.04856,40.95918],[14.04426,40.95767],[14.04495,40.95368],[14.03562,40.94975],[14.02791,40.94872],[14.02324,40.95113],[14.01873,40.94785],[14.01843,40.94404],[14.02815,40.92566],[14.02729,40.91697],[14.02963,40.91191],[14.03484,40.90064],[14.03213,40.89884],[14.02494,40.91191],[14.01529,40.92946],[13.99556,40.95687],[13.97757,40.97651],[13.97308,40.9783],[13.92766,41.02295],[13.92268,41.02519],[13.90266,41.0753],[13.88747,41.10078],[13.85334,41.13984],[13.84003,41.15652],[13.81375,41.18438],[13.7608,41.22317],[13.76898,41.23543],[13.77379,41.24262],[13.78626,41.24169],[13.8027,41.2479],[13.80798,41.2455],[13.81327,41.24805],[13.81651,41.24426],[13.82381,41.25137],[13.832,41.25146],[13.83147,41.26169],[13.83743,41.25992],[13.8394,41.26198],[13.8349,41.266],[13.82736,41.26692],[13.83089,41.27313],[13.82845,41.281],[13.83579,41.28108],[13.85383,41.29096],[13.86153,41.28749],[13.86936,41.29286],[13.87918,41.29086],[13.88496,41.29254],[13.89434,41.31048],[13.88782,41.31956],[13.87372,41.33829],[13.87726,41.34254],[13.87199,41.35679],[13.87667,41.36041],[13.86976,41.36336],[13.87364,41.37468],[13.88535,41.3845],[13.87659,41.39595],[13.88765,41.40072],[13.88251,41.40409],[13.87443,41.40293],[13.86303,41.40991],[13.86123,41.41653],[13.8758,41.42576],[13.89836,41.42613],[13.9021,41.42341],[13.90823,41.42853],[13.91088,41.42865],[13.91174,41.43258],[13.93126,41.44012],[13.9571,41.45787],[13.96191,41.46358],[13.97793,41.46245],[14.00719,41.45086],[14.00779,41.43958],[14.00073,41.4309],[14.00614,41.4248],[14.01615,41.42363],[14.02315,41.41821],[14.02921,41.41258],[14.0288,41.40615],[14.03577,41.40259],[14.04241,41.39275],[14.05948,41.39756],[14.06832,41.39639],[14.08445,41.39969],[14.08949,41.39775],[14.09601,41.39062],[14.10162,41.39097],[14.10942,41.38782],[14.11369,41.38864],[14.10435,41.40265],[14.10665,41.41671],[14.10155,41.42479],[14.09272,41.43062],[14.07839,41.44705],[14.08026,41.45545],[14.08683,41.45963],[14.08259,41.46462],[14.0925,41.47118],[14.10162,41.48157],[14.10343,41.48364],[14.11135,41.48711],[14.11969,41.50457],[14.12529,41.50734],[14.15212,41.48273]]]]},"properties":{"code":"ITF31","nom":"Caserta","country":"IT"}},{"type":"Feature","geometry":{"type":"MultiPolygon","coordinates":[[[[10.3167,44.27723],[10.34236,44.27012],[10.35813,44.27165],[10.37327,44.26943],[10.38466,44.2604],[10.40742,44.24929],[10.41405,44.23583],[10.43574,44.22622],[10.44555,44.22912],[10.45775,44.22878],[10.46424,44.23076],[10.47015,44.22604],[10.48489,44.22231],[10.49162,44.21744],[10.48626,44.20379],[10.49127,44.19631],[10.51003,44.1869],[10.52296,44.17482],[10.51972,44.16718],[10.52495,44.15699],[10.55241,44.1451],[10.57882,44.13068],[10.58351,44.12025],[10.59723,44.11515],[10.60418,44.115],[10.60987,44.1186],[10.6124,44.11884],[10.61727,44.1208],[10.61981,44.12066],[10.62408,44.12035],[10.62871,44.11754],[10.64486,44.10708],[10.66299,44.10945],[10.67277,44.10695],[10.68054,44.10496],[10.69267,44.09475],[10.70623,44.09268],[10.72235,44.08296],[10.72426,44.06282],[10.71898,44.05198],[10.7193,44.04561],[10.72391,44.04036],[10.73546,44.03739],[10.73782,44.02492],[10.7259,44.01815],[10.71127,44.01748],[10.70209,44.01218],[10.69438,43.99922],[10.67504,43.98496],[10.67277,43.98482],[10.67277,43.98242],[10.66998,43.97933],[10.67277,43.97407],[10.67277,43.97132],[10.67135,43.96251],[10.67277,43.95827],[10.67392,43.95482],[10.67277,43.95241],[10.66514,43.93657],[10.66571,43.93045],[10.66217,43.92807],[10.65747,43.91656],[10.64814,43.91113],[10.64923,43.90407],[10.65791,43.89093],[10.65049,43.88381],[10.65126,43.86901],[10.65868,43.86745],[10.67277,43.86754],[10.67277,43.87108],[10.67277,43.8736],[10.67804,43.87512],[10.68668,43.8657],[10.68814,43.85545],[10.69494,43.85399],[10.70521,43.84278],[10.71984,43.83265],[10.72778,43.81415],[10.71112,43.78633],[10.68882,43.8042],[10.6844,43.8012],[10.67277,43.80326],[10.66003,43.8055],[10.6459,43.79585],[10.64524,43.79444],[10.6358,43.77361],[10.62361,43.75777],[10.61865,43.75606],[10.60778,43.75584],[10.59808,43.75908],[10.59406,43.76293],[10.58368,43.75705],[10.56306,43.75379],[10.55461,43.74913],[10.55241,43.75239],[10.52529,43.76133],[10.50088,43.75328],[10.49511,43.75816],[10.48062,43.76019],[10.46821,43.7661],[10.45291,43.76631],[10.44938,43.77276],[10.44087,43.77958],[10.43936,43.7863],[10.44101,43.78969],[10.45058,43.79486],[10.45118,43.80485],[10.44701,43.80819],[10.44093,43.80806],[10.43682,43.81085],[10.42816,43.82442],[10.4254,43.83397],[10.41971,43.83116],[10.41381,43.82227],[10.40825,43.82666],[10.40155,43.82087],[10.38924,43.81796],[10.37997,43.8131],[10.37378,43.81436],[10.3489,43.81661],[10.33733,43.82274],[10.3234,43.82141],[10.3167,43.8247],[10.30706,43.82944],[10.28066,43.82173],[10.25812,43.81515],[10.23799,43.85769],[10.24066,43.86443],[10.22773,43.88764],[10.21798,43.90019],[10.21648,43.90203],[10.20992,43.91055],[10.18137,43.94217],[10.14348,43.97542],[10.16684,43.98233],[10.17282,43.98743],[10.17082,43.99659],[10.18073,44.003],[10.18677,44.01344],[10.19841,44.01845],[10.20547,44.02471],[10.20606,44.02878],[10.20199,44.03498],[10.21798,44.0475],[10.22309,44.05144],[10.22269,44.05784],[10.22869,44.06632],[10.23913,44.07162],[10.24123,44.07766],[10.24224,44.0869],[10.23259,44.10766],[10.22726,44.11053],[10.21798,44.11427],[10.21306,44.11828],[10.18929,44.12209],[10.18297,44.13981],[10.18712,44.14299],[10.18956,44.15247],[10.19677,44.15738],[10.19426,44.16791],[10.19894,44.17308],[10.19053,44.18795],[10.19112,44.19258],[10.1876,44.19621],[10.19069,44.20012],[10.18636,44.20559],[10.19406,44.21143],[10.21798,44.21868],[10.23355,44.23266],[10.24712,44.25353],[10.255,44.25641],[10.25388,44.26857],[10.28066,44.27843],[10.29973,44.28545],[10.30817,44.28368],[10.3167,44.27723]]]]},"properties":{"code":"ITI12","nom":"Lucca","country":"IT"}},{"type":"Feature","geometry":{"type":"MultiPolygon","coordinates":[[[[16.02451,41.94625],[16.03546,41.94565],[16.04279,41.94626],[16.06006,41.94769],[16.06534,41.94433],[16.07297,41.94258],[16.08921,41.93885],[16.09371,41.93279],[16.10707,41.92856],[16.11446,41.91939],[16.12413,41.91426],[16.14178,41.91331],[16.15121,41.90935],[16.1555,41.89822],[16.16505,41.88876],[16.17521,41.88538],[16.17779,41.88632],[16.18081,41.88743],[16.18232,41.88216],[16.17779,41.87828],[16.17597,41.86188],[16.17779,41.85633],[16.18577,41.83886],[16.19103,41.83727],[16.18947,41.82854],[16.19903,41.82528],[16.1946,41.81919],[16.19711,41.81258],[16.19384,41.79958],[16.19537,41.79266],[16.18821,41.78678],[16.19181,41.78256],[16.18577,41.77175],[16.17779,41.7677],[16.16894,41.76609],[16.16482,41.76093],[16.16154,41.75445],[16.14842,41.74959],[16.14167,41.74249],[16.12174,41.73776],[16.11617,41.73184],[16.10371,41.72811],[16.08953,41.71554],[16.07297,41.70945],[16.06453,41.69356],[16.05339,41.69047],[16.04279,41.68346],[16.03947,41.68127],[15.9437,41.64212],[15.93805,41.63785],[15.9027,41.61689],[15.89722,41.60328],[15.89468,41.58684],[15.89512,41.5694],[15.90117,41.54155],[15.92396,41.49635],[15.9437,41.47316],[15.94518,41.47143],[15.96287,41.45744],[15.99364,41.43892],[16.02474,41.42559],[16.02383,41.42409],[16.02484,41.42139],[15.98029,41.43795],[15.95163,41.44114],[15.9437,41.43282],[15.93701,41.42579],[15.9437,41.42369],[15.97711,41.41319],[15.98568,41.40284],[15.99738,41.40225],[16.02198,41.38776],[16.03598,41.38389],[16.03307,41.3765],[16.03221,41.37431],[15.99338,41.36142],[15.98235,41.35978],[15.98341,41.30708],[15.98761,41.30461],[16.00735,41.27445],[16.01029,41.26521],[16.02269,41.2645],[16.0377,41.26736],[16.02882,41.25115],[16.01822,41.23871],[16.01732,41.23256],[16.01987,41.22934],[16.02021,41.22123],[16.013,41.21215],[15.9957,41.20567],[15.99677,41.20022],[15.99235,41.19647],[15.98342,41.19847],[15.98146,41.19245],[15.96437,41.18978],[15.96094,41.18457],[15.95218,41.18527],[15.94797,41.18285],[15.9437,41.1841],[15.9401,41.18515],[15.93686,41.18261],[15.9283,41.18175],[15.92959,41.17818],[15.91922,41.17603],[15.9188,41.17175],[15.90764,41.16293],[15.89943,41.16255],[15.89677,41.15457],[15.88645,41.15229],[15.87031,41.1399],[15.86474,41.1314],[15.84973,41.13336],[15.84614,41.12562],[15.84248,41.12416],[15.83843,41.12951],[15.83443,41.12985],[15.8303,41.127],[15.8286,41.11837],[15.82258,41.1198],[15.81343,41.1159],[15.80817,41.11366],[15.79925,41.11006],[15.80185,41.09811],[15.79667,41.09065],[15.79065,41.08819],[15.78292,41.08962],[15.76933,41.08396],[15.76626,41.08498],[15.75411,41.09263],[15.75162,41.0974],[15.73903,41.09946],[15.73116,41.09864],[15.72283,41.09037],[15.71096,41.08979],[15.70644,41.08745],[15.70094,41.08878],[15.67947,41.08677],[15.67517,41.08905],[15.66908,41.08696],[15.66472,41.09171],[15.64562,41.09006],[15.63651,41.09243],[15.63177,41.09642],[15.61809,41.09888],[15.60689,41.09653],[15.5868,41.09782],[15.57439,41.09405],[15.56017,41.08776],[15.55185,41.07687],[15.55083,41.07553],[15.54042,41.07164],[15.54368,41.0658],[15.54164,41.06272],[15.54292,41.05582],[15.53224,41.05736],[15.53018,41.05766],[15.52175,41.06174],[15.48509,41.07115],[15.477,41.07832],[15.46328,41.07644],[15.45981,41.07679],[15.44645,41.07812],[15.42546,41.09577],[15.41323,41.09531],[15.40216,41.10511],[15.39642,41.10678],[15.38342,41.0929],[15.3715,41.08921],[15.36645,41.08486],[15.3506,41.09473],[15.33368,41.09602],[15.3144,41.10385],[15.29567,41.09267],[15.28262,41.0973],[15.27017,41.10494],[15.2633,41.10653],[15.26354,41.11197],[15.26383,41.11341],[15.25538,41.11767],[15.23763,41.13932],[15.23239,41.13884],[15.22814,41.14246],[15.21762,41.14409],[15.20947,41.15201],[15.21024,41.16729],[15.22053,41.17448],[15.22358,41.18191],[15.24941,41.19453],[15.26246,41.19759],[15.24731,41.22042],[15.24622,41.23608],[15.25269,41.2384],[15.2633,41.23723],[15.27989,41.24076],[15.27465,41.24992],[15.24994,41.27038],[15.23624,41.27188],[15.22906,41.26657],[15.22048,41.26515],[15.21511,41.27595],[15.19983,41.27994],[15.20109,41.28623],[15.15289,41.28308],[15.1492,41.28041],[15.14117,41.28478],[15.13753,41.28676],[15.1388,41.29375],[15.12799,41.30395],[15.13074,41.31746],[15.11336,41.31941],[15.0989,41.32778],[15.08364,41.32891],[15.07223,41.33243],[15.06724,41.34295],[15.06686,41.35274],[15.06137,41.35862],[15.05851,41.3721],[15.06786,41.3765],[15.07128,41.37811],[15.07889,41.38708],[15.09835,41.39054],[15.08671,41.40589],[15.09109,41.41685],[15.10246,41.42124],[15.09837,41.434],[15.07738,41.43284],[15.06311,41.44021],[15.04691,41.44384],[15.04313,41.4481],[15.0431,41.45585],[15.0343,41.45325],[15.0314,41.45424],[15.02959,41.46638],[15.02383,41.4764],[15.01683,41.48061],[15.00766,41.48636],[14.99875,41.49467],[14.97949,41.50579],[14.96643,41.51897],[14.94698,41.5217],[14.93799,41.52682],[14.93566,41.54069],[14.94218,41.55889],[14.94921,41.57287],[14.94573,41.57776],[14.94675,41.58402],[14.94951,41.59275],[14.94573,41.60033],[14.94732,41.60932],[14.9341,41.61943],[14.95347,41.63773],[14.95677,41.64395],[14.96017,41.64531],[14.97054,41.64047],[14.98706,41.63805],[14.99112,41.62967],[14.99833,41.62678],[14.9994,41.62898],[15.00275,41.62906],[15.00881,41.6225],[15.02599,41.62257],[15.02544,41.63322],[15.03256,41.63829],[15.04419,41.6373],[15.04363,41.64498],[15.0471,41.65275],[15.05452,41.65924],[15.06822,41.65872],[15.07113,41.66454],[15.08999,41.67197],[15.0866,41.67591],[15.09052,41.68091],[15.09619,41.67372],[15.10362,41.67331],[15.1061,41.68558],[15.12426,41.6961],[15.14117,41.70341],[15.15448,41.70918],[15.14117,41.71434],[15.11972,41.72265],[15.10236,41.74334],[15.10387,41.74838],[15.11657,41.74894],[15.1066,41.75693],[15.0978,41.7683],[15.10157,41.78135],[15.11194,41.78694],[15.11537,41.79201],[15.11725,41.80135],[15.11482,41.81089],[15.11514,41.81675],[15.10836,41.82274],[15.10458,41.83111],[15.10059,41.8347],[15.10464,41.84794],[15.11428,41.85104],[15.11937,41.85469],[15.11891,41.8571],[15.125,41.863],[15.12655,41.8713],[15.14035,41.88047],[15.13151,41.89962],[15.13818,41.92701],[15.14117,41.92656],[15.17483,41.92154],[15.22677,41.91879],[15.28831,41.92024],[15.32344,41.91758],[15.34094,41.91655],[15.35444,41.9061],[15.37318,41.90181],[15.40364,41.90063],[15.46328,41.90435],[15.46614,41.90476],[15.53224,41.91411],[15.55185,41.91688],[15.61285,41.92551],[15.62029,41.9283],[15.63853,41.92727],[15.66087,41.92168],[15.66712,41.92066],[15.67291,41.91612],[15.68458,41.91455],[15.73799,41.91596],[15.81932,41.92242],[15.93352,41.93451],[15.9437,41.93619],[15.98231,41.94258],[15.98994,41.94561],[16.005,41.9464],[16.01059,41.95018],[16.02451,41.94625]],[[14.94898,41.60866],[14.95352,41.60678],[14.95491,41.60814],[14.95353,41.61188],[14.94898,41.60866]]],[[[15.48687,42.10748],[15.4826,42.10364],[15.47954,42.10434],[15.47639,42.10718],[15.47786,42.10808],[15.47671,42.11138],[15.47484,42.11246],[15.47993,42.11367],[15.48395,42.11675],[15.48258,42.11948],[15.48819,42.12117],[15.4869,42.12275],[15.49114,42.12588],[15.49382,42.12194],[15.49624,42.12119],[15.49626,42.11576],[15.49372,42.11544],[15.49361,42.11232],[15.49058,42.10878],[15.48687,42.10748]]],[[[15.5183,42.13728],[15.50952,42.13085],[15.50742,42.13249],[15.50807,42.13507],[15.51065,42.13385],[15.51012,42.13862],[15.5146,42.14042],[15.5183,42.13728]]],[[[15.51918,42.12825],[15.51182,42.12159],[15.50683,42.12269],[15.51423,42.12943],[15.51918,42.12825]]],[[[15.50649,42.12084],[15.50516,42.11763],[15.49997,42.11927],[15.50399,42.12194],[15.50649,42.12084]]]]},"properties":{"code":"ITF46","nom":"Foggia","country":"IT"}},{"type":"Feature","geometry":{"type":"MultiPolygon","coordinates":[[[[16.58324,41.20833],[16.59225,41.20574],[16.59971,41.20646],[16.6275,41.19426],[16.64025,41.19443],[16.65168,41.19135],[16.65831,41.19116],[16.67368,41.1907],[16.68224,41.18242],[16.70154,41.17593],[16.73205,41.16965],[16.74556,41.16751],[16.76388,41.16091],[16.77783,41.15949],[16.79286,41.14864],[16.8101,41.14058],[16.82983,41.13705],[16.84495,41.13863],[16.85453,41.1298],[16.86533,41.13083],[16.87095,41.13507],[16.875,41.12533],[16.87884,41.12281],[16.90417,41.1159],[16.91795,41.11215],[16.92904,41.11128],[16.93426,41.10779],[16.93731,41.10655],[16.96003,41.0973],[16.98348,41.0939],[17.00946,41.08581],[17.03342,41.08213],[17.05549,41.07732],[17.09183,41.06308],[17.09769,41.05815],[17.14479,41.03666],[17.17995,41.02611],[17.20001,41.00994],[17.20366,41.00283],[17.23753,40.99268],[17.25769,40.98067],[17.25806,40.97842],[17.26166,40.97874],[17.26525,40.9739],[17.27196,40.97465],[17.27706,40.97258],[17.28592,40.96458],[17.29245,40.96263],[17.30389,40.95418],[17.30755,40.94777],[17.31555,40.94433],[17.3178,40.9404],[17.32712,40.93578],[17.33521,40.92805],[17.3464,40.91191],[17.35061,40.90584],[17.384,40.89368],[17.38898,40.89186],[17.384,40.89017],[17.37109,40.88577],[17.35561,40.87667],[17.35306,40.8709],[17.34086,40.86629],[17.34075,40.86051],[17.3326,40.85186],[17.32156,40.8433],[17.3106,40.83968],[17.31451,40.83286],[17.30476,40.82554],[17.29782,40.8201],[17.29791,40.81661],[17.30476,40.81321],[17.31024,40.81091],[17.31795,40.80718],[17.32809,40.81068],[17.36254,40.78655],[17.37227,40.78917],[17.3812,40.78423],[17.384,40.78447],[17.39728,40.78557],[17.39797,40.77853],[17.3943,40.77346],[17.38926,40.77149],[17.38914,40.76362],[17.39443,40.7564],[17.39323,40.75033],[17.384,40.74964],[17.37526,40.7504],[17.36041,40.74755],[17.35369,40.74858],[17.34141,40.74142],[17.33909,40.73703],[17.32545,40.74271],[17.31711,40.73889],[17.31179,40.74339],[17.30476,40.74499],[17.28111,40.77328],[17.28247,40.77477],[17.29583,40.77418],[17.28965,40.78119],[17.29108,40.78611],[17.30476,40.78724],[17.30992,40.78975],[17.30476,40.79752],[17.30175,40.80207],[17.29837,40.80045],[17.28813,40.80271],[17.28481,40.79785],[17.24506,40.8002],[17.25068,40.77513],[17.24918,40.76701],[17.22857,40.7576],[17.21567,40.76096],[17.20552,40.75827],[17.20338,40.75996],[17.20316,40.76091],[17.16193,40.74448],[17.15646,40.74046],[17.14864,40.7108],[17.12269,40.70724],[17.11739,40.7083],[17.11399,40.71336],[17.10057,40.71434],[17.0966,40.70946],[17.08902,40.71059],[17.08697,40.71766],[17.08184,40.71999],[17.05952,40.72105],[17.03472,40.71251],[17.02371,40.71318],[17.00189,40.73141],[17.01032,40.74046],[17.02054,40.75192],[17.01553,40.7598],[16.97369,40.74229],[16.96003,40.74255],[16.94815,40.74278],[16.93731,40.74007],[16.92855,40.73787],[16.92349,40.72733],[16.9308,40.71284],[16.91267,40.70764],[16.90386,40.70766],[16.89588,40.71509],[16.88664,40.7136],[16.87703,40.71767],[16.8713,40.71286],[16.86533,40.72086],[16.85526,40.72301],[16.84067,40.71215],[16.81924,40.70613],[16.82097,40.69441],[16.81396,40.69311],[16.80795,40.69244],[16.80052,40.69553],[16.78685,40.73323],[16.73576,40.7116],[16.72499,40.71381],[16.67195,40.74046],[16.66344,40.74885],[16.66123,40.7387],[16.65355,40.73714],[16.65129,40.73838],[16.65187,40.74295],[16.63682,40.74526],[16.6384,40.75135],[16.64409,40.75319],[16.64264,40.75537],[16.63599,40.75616],[16.63082,40.75257],[16.59469,40.75361],[16.58619,40.76164],[16.57833,40.76214],[16.57088,40.75899],[16.56866,40.75557],[16.57088,40.75169],[16.57621,40.74367],[16.57408,40.73965],[16.57088,40.74202],[16.56407,40.74125],[16.55874,40.7526],[16.55442,40.75592],[16.53661,40.75077],[16.53375,40.74594],[16.53924,40.74014],[16.53708,40.7336],[16.54175,40.72853],[16.5398,40.72669],[16.51982,40.73627],[16.52071,40.74555],[16.51267,40.74965],[16.50113,40.76227],[16.49873,40.75948],[16.48242,40.74046],[16.46424,40.72505],[16.44698,40.71299],[16.43533,40.70884],[16.42802,40.70195],[16.41386,40.70184],[16.40023,40.70739],[16.38597,40.73137],[16.37141,40.74046],[16.35,40.74936],[16.3151,40.78369],[16.27869,40.80173],[16.26888,40.81457],[16.25669,40.82312],[16.25184,40.83308],[16.2441,40.83801],[16.24064,40.84792],[16.23145,40.85565],[16.22586,40.87805],[16.2135,40.90831],[16.20921,40.91191],[16.20253,40.91751],[16.21055,40.93013],[16.23077,40.94971],[16.25195,40.96216],[16.26649,41.00533],[16.2541,41.01477],[16.26589,41.02377],[16.26758,41.02881],[16.26406,41.03278],[16.26498,41.03644],[16.29829,41.07348],[16.30143,41.08165],[16.29844,41.0841],[16.31281,41.0906],[16.32193,41.10557],[16.33498,41.1159],[16.34728,41.12565],[16.35077,41.13512],[16.33692,41.14774],[16.34081,41.15591],[16.34005,41.16646],[16.35742,41.162],[16.36311,41.17069],[16.36951,41.17098],[16.3719,41.17892],[16.38549,41.17768],[16.38238,41.18289],[16.38722,41.19317],[16.39213,41.19542],[16.40385,41.18762],[16.4182,41.18675],[16.42884,41.1903],[16.43519,41.18823],[16.43952,41.1817],[16.44856,41.179],[16.44808,41.17553],[16.45902,41.17309],[16.46742,41.15926],[16.46795,41.15246],[16.47093,41.14893],[16.47743,41.15491],[16.49873,41.15202],[16.50391,41.15132],[16.50509,41.15253],[16.50815,41.15935],[16.5162,41.17176],[16.51162,41.18376],[16.51777,41.19399],[16.52405,41.19726],[16.53772,41.21253],[16.5423,41.22944],[16.55548,41.22632],[16.56475,41.22144],[16.57088,41.21709],[16.58324,41.20833]]],[[[16.8733,41.14029],[16.86975,41.13949],[16.86631,41.14292],[16.87123,41.14328],[16.8733,41.14029]]]]},"properties":{"code":"ITF47","nom":"Bari","country":"IT"}},{"type":"Feature","geometry":{"type":"MultiPolygon","coordinates":[[[[15.98029,41.43795],[16.02484,41.42139],[16.02383,41.42409],[16.02474,41.42559],[16.04279,41.4206],[16.04472,41.42007],[16.07297,41.40887],[16.12804,41.38704],[16.13743,41.38565],[16.15375,41.3765],[16.15939,41.37334],[16.18577,41.36401],[16.2024,41.35976],[16.21391,41.35594],[16.23332,41.3436],[16.24211,41.33802],[16.26238,41.32848],[16.29652,41.32217],[16.35444,41.30612],[16.39895,41.28604],[16.42482,41.27914],[16.42886,41.27329],[16.44105,41.26988],[16.44979,41.26141],[16.46767,41.25573],[16.48088,41.2561],[16.48741,41.25053],[16.49706,41.24945],[16.49873,41.24851],[16.50649,41.24417],[16.52423,41.24152],[16.53408,41.23724],[16.5423,41.22944],[16.53772,41.21253],[16.52405,41.19726],[16.51777,41.19399],[16.51162,41.18376],[16.5162,41.17176],[16.50815,41.15935],[16.50509,41.15253],[16.50391,41.15132],[16.49873,41.15202],[16.47743,41.15491],[16.47093,41.14893],[16.46795,41.15246],[16.46742,41.15926],[16.45902,41.17309],[16.44808,41.17553],[16.44856,41.179],[16.43952,41.1817],[16.43519,41.18823],[16.42884,41.1903],[16.4182,41.18675],[16.40385,41.18762],[16.39213,41.19542],[16.38722,41.19317],[16.38238,41.18289],[16.38549,41.17768],[16.3719,41.17892],[16.36951,41.17098],[16.36311,41.17069],[16.35742,41.162],[16.34005,41.16646],[16.34081,41.15591],[16.33692,41.14774],[16.35077,41.13512],[16.34728,41.12565],[16.33498,41.1159],[16.32193,41.10557],[16.31281,41.0906],[16.29844,41.0841],[16.30143,41.08165],[16.29829,41.07348],[16.26498,41.03644],[16.26406,41.03278],[16.26758,41.02881],[16.26589,41.02377],[16.2541,41.01477],[16.26649,41.00533],[16.25195,40.96216],[16.23077,40.94971],[16.21055,40.93013],[16.20253,40.91751],[16.18577,40.92181],[16.16503,40.92815],[16.15659,40.92324],[16.14587,40.9232],[16.13705,40.91672],[16.1355,40.91191],[16.13395,40.90709],[16.12114,40.8977],[16.0941,40.91961],[16.06051,40.92897],[16.04279,40.93844],[16.01865,40.94462],[15.98469,40.95403],[15.97669,40.95843],[15.97576,40.96172],[15.97546,40.96491],[15.97476,40.96772],[15.97386,40.96934],[15.97188,40.97211],[15.98768,40.97],[16.00202,40.97029],[16.00822,40.97251],[16.0314,40.99824],[16.02771,41.01339],[16.02836,41.02363],[16.03274,41.02692],[16.04053,41.02834],[16.03975,41.03669],[16.02906,41.04441],[16.02565,41.05113],[16.0074,41.05831],[15.99975,41.05466],[15.98014,41.07997],[15.98354,41.08678],[15.97835,41.0925],[15.9542,41.0931],[15.95926,41.09991],[15.95468,41.10898],[15.9437,41.11192],[15.9376,41.11356],[15.93183,41.10972],[15.92062,41.11184],[15.91499,41.1159],[15.90192,41.12537],[15.89288,41.12384],[15.88019,41.13713],[15.87031,41.1399],[15.88645,41.15229],[15.89677,41.15457],[15.89943,41.16255],[15.90764,41.16293],[15.9188,41.17175],[15.91922,41.17603],[15.92959,41.17818],[15.9283,41.18175],[15.93686,41.18261],[15.9401,41.18515],[15.9437,41.1841],[15.94797,41.18285],[15.95218,41.18527],[15.96094,41.18457],[15.96437,41.18978],[15.98146,41.19245],[15.98342,41.19847],[15.99235,41.19647],[15.99677,41.20022],[15.9957,41.20567],[16.013,41.21215],[16.02021,41.22123],[16.01987,41.22934],[16.01732,41.23256],[16.01822,41.23871],[16.02882,41.25115],[16.0377,41.26736],[16.02269,41.2645],[16.01029,41.26521],[16.00735,41.27445],[15.98761,41.30461],[15.98341,41.30708],[15.98235,41.35978],[15.99338,41.36142],[16.03221,41.37431],[16.03307,41.3765],[16.03598,41.38389],[16.02198,41.38776],[15.99738,41.40225],[15.98568,41.40284],[15.97711,41.41319],[15.9437,41.42369],[15.93701,41.42579],[15.9437,41.43282],[15.95163,41.44114],[15.98029,41.43795]]],[[[16.29176,41.33021],[16.28794,41.32822],[16.28568,41.33022],[16.2894,41.33321],[16.29176,41.33021]]]]},"properties":{"code":"ITF48","nom":"Barletta-Andria-Trani","country":"IT"}},{"type":"Feature","geometry":{"type":"MultiPolygon","coordinates":[[[[7.8524,45.6007],[7.8623,45.59698],[7.86474,45.59731],[7.88164,45.59954],[7.88957,45.597],[7.89581,45.59003],[7.89306,45.58552],[7.89398,45.58223],[7.89518,45.57127],[7.90112,45.56434],[7.90163,45.55861],[7.88223,45.53428],[7.88555,45.53086],[7.90243,45.52664],[7.91225,45.52265],[7.92345,45.52149],[7.9206,45.51434],[7.91906,45.50928],[7.92983,45.50288],[7.9427,45.4961],[7.96632,45.48203],[7.96829,45.47545],[7.97695,45.47033],[7.99695,45.46092],[8.01498,45.45468],[8.01966,45.45324],[8.02648,45.44996],[8.02191,45.45075],[8.02103,45.44981],[8.02266,45.44874],[8.0311,45.44691],[8.03846,45.4414],[8.03538,45.43214],[8.02719,45.4291],[8.02226,45.4223],[8.02701,45.40309],[8.01971,45.40047],[8.01443,45.40666],[8.01135,45.40529],[8.00889,45.39789],[8.01189,45.39321],[8.01008,45.38974],[8.00833,45.38639],[8.00978,45.3757],[8.0122,45.36744],[8.02379,45.36222],[8.02404,45.35333],[8.01951,45.34376],[8.02133,45.33006],[8.01699,45.3303],[8.00868,45.33841],[7.98995,45.34547],[7.97073,45.34477],[7.95862,45.34654],[7.95781,45.34368],[7.9642,45.33259],[7.95521,45.32693],[7.95206,45.31347],[7.95239,45.31076],[7.94788,45.30822],[7.9495,45.30661],[7.96918,45.31309],[7.97019,45.31757],[7.97617,45.31734],[7.98866,45.31134],[7.99099,45.30377],[7.99041,45.29705],[7.9918,45.29056],[7.98943,45.26475],[7.98668,45.26185],[7.97999,45.26151],[7.98265,45.25904],[7.984,45.25756],[7.98782,45.24143],[7.98506,45.23586],[7.99192,45.23522],[7.99034,45.23163],[8.00661,45.21489],[8.03471,45.20217],[8.0425,45.20486],[8.04517,45.1997],[8.04667,45.18788],[8.04992,45.18459],[8.05528,45.18224],[8.09485,45.18693],[8.10294,45.18314],[8.12034,45.18237],[8.1229,45.17884],[8.13374,45.17573],[8.14004,45.17753],[8.14394,45.17466],[8.14505,45.16951],[8.15193,45.16856],[8.13943,45.15926],[8.14097,45.15394],[8.14389,45.14386],[8.13715,45.13944],[8.13618,45.12888],[8.12899,45.123],[8.10137,45.12855],[8.09667,45.13188],[8.09131,45.11548],[8.07539,45.09743],[8.05851,45.10218],[8.04781,45.10787],[8.04435,45.11658],[8.04573,45.12301],[8.0469,45.12806],[8.03393,45.12938],[8.0259,45.13247],[8.02004,45.12709],[8.01457,45.12542],[8.00631,45.12863],[7.98979,45.12914],[7.98396,45.12755],[7.98029,45.12382],[7.96684,45.11666],[7.95039,45.11565],[7.92852,45.10472],[7.93624,45.09821],[7.94221,45.08625],[7.939,45.0855],[7.93717,45.0818],[7.92391,45.0827],[7.91823,45.07562],[7.90616,45.09507],[7.89615,45.09498],[7.89702,45.08233],[7.89448,45.07919],[7.89303,45.05986],[7.90027,45.06163],[7.90613,45.05869],[7.91037,45.05961],[7.92361,45.05452],[7.92826,45.04922],[7.92948,45.04171],[7.9373,45.04266],[7.94073,45.05716],[7.94516,45.05507],[7.94753,45.04879],[7.957,45.0425],[7.95231,45.03539],[7.95383,45.02966],[7.92199,45.02288],[7.91891,45.01653],[7.91641,45.0037],[7.93313,45.00036],[7.93267,44.99392],[7.92804,44.98301],[7.90279,44.9658],[7.9021,44.96015],[7.89976,44.94103],[7.89031,44.93628],[7.88345,44.93623],[7.88795,44.92087],[7.89307,44.91558],[7.89944,44.91621],[7.91731,44.91701],[7.92009,44.91541],[7.92052,44.90967],[7.92573,44.90174],[7.91954,44.89312],[7.91509,44.89199],[7.8944,44.89695],[7.88587,44.89589],[7.88591,44.88464],[7.8996,44.88068],[7.9091,44.88559],[7.91774,44.88284],[7.91896,44.87605],[7.92612,44.87232],[7.92636,44.86454],[7.93118,44.85481],[7.94339,44.84631],[7.92258,44.83319],[7.91118,44.8311],[7.90241,44.82172],[7.89842,44.82287],[7.89213,44.8238],[7.88095,44.82993],[7.87764,44.836],[7.86726,44.83032],[7.86522,44.8268],[7.86427,44.82393],[7.8589,44.83423],[7.8524,44.83341],[7.83105,44.841],[7.81553,44.85311],[7.80975,44.85411],[7.81025,44.84347],[7.78798,44.84425],[7.77913,44.84137],[7.77582,44.83365],[7.76469,44.82229],[7.76621,44.81543],[7.74899,44.81557],[7.72394,44.81238],[7.70748,44.81693],[7.70315,44.81409],[7.68386,44.81072],[7.66479,44.82082],[7.65711,44.81638],[7.65138,44.81889],[7.65334,44.83156],[7.64614,44.84112],[7.64306,44.84208],[7.63835,44.83933],[7.64125,44.83548],[7.63907,44.83266],[7.63396,44.83293],[7.63135,44.83714],[7.6264,44.83264],[7.62107,44.83654],[7.62085,44.84577],[7.61747,44.84551],[7.61931,44.84144],[7.61357,44.83696],[7.61908,44.83331],[7.61889,44.82958],[7.61543,44.82921],[7.60792,44.83426],[7.59771,44.8363],[7.59415,44.83397],[7.59264,44.82842],[7.59675,44.8232],[7.59442,44.82157],[7.59612,44.81701],[7.5952,44.8117],[7.59673,44.80987],[7.59154,44.80828],[7.57764,44.80996],[7.57515,44.81798],[7.5648,44.81185],[7.56057,44.81062],[7.5665,44.80551],[7.56443,44.79862],[7.55417,44.79519],[7.54676,44.79651],[7.5366,44.79458],[7.52907,44.78141],[7.51532,44.78261],[7.50997,44.77826],[7.50917,44.77233],[7.50627,44.77412],[7.50413,44.77313],[7.50556,44.76832],[7.49933,44.76809],[7.47376,44.75794],[7.46039,44.75916],[7.45929,44.7631],[7.45383,44.76078],[7.45102,44.76208],[7.44675,44.77336],[7.46357,44.77393],[7.46111,44.77756],[7.45644,44.77768],[7.4479,44.7753],[7.44092,44.77628],[7.437,44.76262],[7.41338,44.76613],[7.40137,44.76035],[7.39512,44.76248],[7.36755,44.75942],[7.36468,44.75207],[7.34512,44.75182],[7.34848,44.75556],[7.34949,44.76312],[7.34468,44.78271],[7.31822,44.77957],[7.29457,44.78173],[7.27845,44.77975],[7.26952,44.77568],[7.2427,44.76918],[7.23251,44.76948],[7.19989,44.76184],[7.19061,44.75945],[7.159,44.76042],[7.14945,44.74333],[7.14025,44.73753],[7.1336,44.73781],[7.12776,44.73699],[7.11897,44.72551],[7.09597,44.72087],[7.08763,44.71568],[7.0713,44.71791],[7.06576,44.71346],[7.04256,44.71866],[7.0414,44.71969],[7.03054,44.72945],[7.02427,44.73996],[7.02573,44.74447],[7.02152,44.75199],[7.02452,44.76132],[7.01911,44.77557],[7.01147,44.78334],[6.99909,44.78961],[7.00898,44.79876],[7.02415,44.82304],[7.01041,44.82627],[7.00635,44.83909],[7.00139,44.84236],[6.96965,44.84701],[6.93137,44.86368],[6.92264,44.85184],[6.9123,44.84531],[6.90746,44.84474],[6.90045,44.84831],[6.89352,44.84826],[6.883,44.84818],[6.87717,44.85085],[6.86409,44.85068],[6.85476,44.85739],[6.84009,44.86034],[6.82968,44.86767],[6.8051,44.87769],[6.7991,44.89007],[6.78545,44.88947],[6.77209,44.90264],[6.76268,44.9026],[6.75158,44.90558],[6.74967,44.90746],[6.75092,44.91002],[6.75082,44.91336],[6.75191,44.91871],[6.74952,44.92299],[6.75421,44.9311],[6.76003,44.93114],[6.76076,44.93355],[6.75965,44.93537],[6.75776,44.93717],[6.74698,44.93785],[6.75854,44.94809],[6.76456,44.95937],[6.76362,44.97018],[6.75198,44.97796],[6.74785,44.98578],[6.73783,44.98943],[6.73843,44.99378],[6.75117,44.99698],[6.74742,45.00725],[6.74396,45.01517],[6.74027,45.01756],[6.7245,45.02164],[6.70704,45.02187],[6.67293,45.02088],[6.66447,45.03373],[6.66939,45.0443],[6.65977,45.05198],[6.66309,45.05699],[6.66227,45.07033],[6.6458,45.07586],[6.64645,45.0846],[6.63235,45.09567],[6.62743,45.10254],[6.63005,45.10986],[6.63395,45.11566],[6.64936,45.11535],[6.65818,45.12061],[6.67187,45.1248],[6.68042,45.13972],[6.6931,45.1397],[6.71167,45.14498],[6.72515,45.13939],[6.73993,45.13719],[6.74569,45.13962],[6.762,45.15394],[6.76826,45.15944],[6.77903,45.15825],[6.78722,45.15394],[6.79732,45.15288],[6.82195,45.1449],[6.83527,45.13596],[6.8457,45.13533],[6.84684,45.12874],[6.85222,45.12776],[6.87361,45.13574],[6.89352,45.13755],[6.89836,45.14157],[6.89352,45.14464],[6.88694,45.15394],[6.88556,45.15589],[6.89352,45.16764],[6.91022,45.16611],[6.91544,45.16843],[6.92223,45.16767],[6.93029,45.17101],[6.94725,45.17043],[6.94372,45.17585],[6.95377,45.18044],[6.95357,45.18981],[6.96777,45.19688],[6.96146,45.20306],[6.96512,45.20725],[6.9924,45.21091],[6.99479,45.2151],[7.00237,45.21977],[7.01852,45.21526],[7.02281,45.21806],[7.02647,45.21578],[7.0414,45.22488],[7.05109,45.22557],[7.05431,45.22275],[7.05782,45.22081],[7.05818,45.21937],[7.06084,45.21662],[7.06138,45.21541],[7.06523,45.21239],[7.06658,45.21041],[7.0688,45.20963],[7.07887,45.21387],[7.08334,45.22505],[7.10463,45.2371],[7.11005,45.24512],[7.12507,45.24509],[7.13601,45.25499],[7.13681,45.25798],[7.13249,45.2616],[7.12991,45.27162],[7.13625,45.28097],[7.1336,45.28493],[7.12187,45.29591],[7.11722,45.31138],[7.11006,45.3181],[7.10984,45.32694],[7.11509,45.32886],[7.12573,45.32724],[7.1336,45.3308],[7.13426,45.34706],[7.13945,45.35086],[7.15174,45.35382],[7.16141,45.35996],[7.15884,45.37039],[7.16289,45.38087],[7.1781,45.38974],[7.17883,45.39698],[7.18558,45.40327],[7.18404,45.40691],[7.16512,45.41272],[7.15084,45.42331],[7.1336,45.42659],[7.1131,45.43426],[7.11407,45.44151],[7.0991,45.45754],[7.10009,45.46366],[7.10472,45.46845],[7.11363,45.47385],[7.11548,45.48833],[7.12263,45.50778],[7.13755,45.51626],[7.14357,45.5074],[7.14153,45.50311],[7.14299,45.49674],[7.13824,45.49232],[7.1381,45.48833],[7.14456,45.47824],[7.14795,45.47876],[7.15362,45.48473],[7.15991,45.48641],[7.1719,45.48229],[7.19886,45.48097],[7.21101,45.47231],[7.22268,45.47047],[7.24051,45.48833],[7.24899,45.4946],[7.26353,45.49952],[7.26952,45.51467],[7.28394,45.51296],[7.30138,45.51675],[7.32298,45.51444],[7.33419,45.52043],[7.34863,45.52199],[7.35982,45.52552],[7.36521,45.52428],[7.37044,45.518],[7.37574,45.51649],[7.39528,45.52785],[7.39784,45.5323],[7.4149,45.53658],[7.4176,45.54581],[7.42606,45.5466],[7.44799,45.55556],[7.44917,45.5605],[7.46594,45.57717],[7.47914,45.57886],[7.48988,45.58296],[7.50581,45.58196],[7.52093,45.57706],[7.53034,45.57684],[7.54916,45.5887],[7.56891,45.59081],[7.58256,45.58183],[7.58898,45.58195],[7.60075,45.57719],[7.60618,45.5723],[7.60909,45.56287],[7.63407,45.57078],[7.64685,45.56796],[7.67619,45.55218],[7.6883,45.55734],[7.70322,45.55561],[7.71959,45.55831],[7.73032,45.55073],[7.73272,45.55033],[7.73769,45.55212],[7.74718,45.55952],[7.77877,45.57136],[7.79684,45.58271],[7.7957,45.58638],[7.80449,45.58716],[7.82817,45.59703],[7.8421,45.59776],[7.8489,45.60226],[7.8524,45.6007]],[[7.46914,44.76334],[7.47122,44.76225],[7.47275,44.76536],[7.47482,44.7655],[7.47494,44.7684],[7.47267,44.7703],[7.47059,44.76991],[7.46803,44.77204],[7.4662,44.76883],[7.46914,44.76334]],[[7.6041,44.83799],[7.60831,44.83665],[7.60821,44.84026],[7.60503,44.84158],[7.60375,44.84041],[7.6041,44.83799]]]]},"properties":{"code":"ITC11","nom":"Torino","country":"IT"}},{"type":"Feature","geometry":{"type":"MultiPolygon","coordinates":[[[[16.42121,40.14391],[16.43456,40.12844],[16.45224,40.13439],[16.47277,40.13327],[16.49411,40.12542],[16.49873,40.12769],[16.50319,40.12988],[16.51514,40.12871],[16.53011,40.11808],[16.54137,40.12466],[16.55514,40.12845],[16.56199,40.12944],[16.57227,40.12686],[16.58731,40.13329],[16.60988,40.12927],[16.62266,40.13143],[16.64432,40.1191],[16.60697,40.08293],[16.6028,40.06686],[16.60409,40.0552],[16.59933,40.03977],[16.60644,40.02623],[16.60836,40.01606],[16.61399,39.9861],[16.62968,39.96451],[16.62658,39.95665],[16.6186,39.95017],[16.60424,39.93006],[16.57732,39.90736],[16.57641,39.90688],[16.53829,39.87157],[16.51892,39.84372],[16.5063,39.83206],[16.49873,39.82095],[16.4966,39.81782],[16.48621,39.7824],[16.48883,39.75869],[16.49471,39.7472],[16.49873,39.74354],[16.50624,39.7367],[16.5295,39.72442],[16.52503,39.68865],[16.52624,39.67542],[16.51991,39.66839],[16.52209,39.6624],[16.52396,39.66077],[16.53044,39.66523],[16.54288,39.65486],[16.57347,39.63869],[16.60118,39.62681],[16.62982,39.62041],[16.6882,39.62154],[16.73256,39.61641],[16.75389,39.62392],[16.77073,39.62111],[16.81776,39.58809],[16.82153,39.5782],[16.82313,39.574],[16.83357,39.56125],[16.86142,39.54398],[16.86533,39.54129],[16.87504,39.53459],[16.9019,39.52491],[16.91225,39.51801],[16.92379,39.5138],[16.93731,39.5083],[16.94766,39.50065],[16.96162,39.49543],[17.01204,39.48746],[17.02506,39.48358],[17.01069,39.47292],[17.00159,39.46275],[16.97852,39.45253],[16.96599,39.44092],[16.95734,39.43701],[16.95361,39.42772],[16.95653,39.41891],[16.954,39.4073],[16.9567,39.3972],[16.952,39.39468],[16.94226,39.39584],[16.93731,39.39984],[16.92873,39.40679],[16.92379,39.40408],[16.91651,39.4113],[16.90449,39.41254],[16.90115,39.41056],[16.90244,39.40485],[16.91483,39.39426],[16.91464,39.38424],[16.89164,39.3748],[16.88013,39.37475],[16.87876,39.36867],[16.87015,39.3599],[16.86768,39.3575],[16.86533,39.35783],[16.85774,39.35888],[16.84465,39.35451],[16.83913,39.34847],[16.83987,39.34078],[16.83488,39.34505],[16.8185,39.34645],[16.81043,39.34981],[16.80189,39.34898],[16.79333,39.35181],[16.79039,39.3489],[16.77487,39.34791],[16.76336,39.36142],[16.75644,39.35798],[16.74535,39.35846],[16.73717,39.36128],[16.73185,39.35951],[16.73254,39.35434],[16.72911,39.35077],[16.72297,39.3508],[16.71425,39.3554],[16.7055,39.35388],[16.70498,39.34788],[16.70909,39.33852],[16.70643,39.32286],[16.73343,39.31329],[16.74206,39.30695],[16.74472,39.29957],[16.76117,39.29186],[16.75173,39.28392],[16.75881,39.2654],[16.74742,39.24522],[16.75146,39.23524],[16.7683,39.21695],[16.76963,39.20774],[16.77726,39.19658],[16.77387,39.19388],[16.77046,39.19656],[16.76468,39.19621],[16.76026,39.19261],[16.7396,39.19011],[16.72462,39.1928],[16.71692,39.19724],[16.69851,39.19322],[16.69314,39.19603],[16.69418,39.20154],[16.67891,39.20604],[16.65128,39.19806],[16.62926,39.20017],[16.61315,39.19421],[16.59964,39.19205],[16.59404,39.18463],[16.58884,39.18299],[16.58408,39.16888],[16.57406,39.16921],[16.56514,39.1659],[16.56145,39.16182],[16.55077,39.15809],[16.54478,39.15002],[16.53681,39.14551],[16.53023,39.15178],[16.52544,39.15312],[16.52394,39.16151],[16.51649,39.16297],[16.5105,39.15959],[16.5043,39.16157],[16.50163,39.14389],[16.49901,39.14188],[16.4885,39.13835],[16.48081,39.12216],[16.48664,39.11563],[16.50857,39.11226],[16.51068,39.10709],[16.50173,39.10781],[16.49873,39.10685],[16.49064,39.10425],[16.4784,39.1082],[16.47515,39.09155],[16.47667,39.08789],[16.47458,39.08563],[16.47952,39.07153],[16.47852,39.06404],[16.48246,39.05716],[16.47064,39.05128],[16.44736,39.06164],[16.44367,39.06891],[16.44267,39.0696],[16.43788,39.06257],[16.42575,39.06131],[16.41208,39.07332],[16.40753,39.08135],[16.39461,39.09295],[16.39381,39.10391],[16.38356,39.10505],[16.37222,39.10028],[16.36604,39.09494],[16.35929,39.09618],[16.34937,39.10296],[16.34912,39.10912],[16.34675,39.11044],[16.34236,39.11009],[16.3413,39.10693],[16.32719,39.10955],[16.3203,39.10418],[16.29944,39.09969],[16.29756,39.10511],[16.28686,39.10151],[16.25894,39.11259],[16.25052,39.09935],[16.24548,39.09925],[16.23296,39.09232],[16.22682,39.09167],[16.22209,39.09897],[16.2131,39.10334],[16.21511,39.08397],[16.19691,39.08007],[16.19156,39.0769],[16.18889,39.07466],[16.18577,39.07206],[16.15594,39.0606],[16.14622,39.05336],[16.14357,39.04985],[16.13573,39.04972],[16.12838,39.05433],[16.12778,39.05901],[16.12161,39.05824],[16.10969,39.05088],[16.09315,39.04874],[16.08354,39.09108],[16.0685,39.1291],[16.06539,39.15234],[16.06247,39.18394],[16.0589,39.2208],[16.05622,39.25869],[16.0539,39.28048],[16.04251,39.32332],[16.03632,39.34974],[16.03238,39.35498],[16.03072,39.35719],[16.02032,39.38472],[15.99175,39.44682],[15.97321,39.46699],[15.96058,39.47633],[15.94823,39.49633],[15.93639,39.51217],[15.93015,39.51899],[15.92171,39.5282],[15.91505,39.52886],[15.9047,39.53725],[15.89011,39.54028],[15.88252,39.54351],[15.87381,39.55498],[15.86467,39.57726],[15.85966,39.59291],[15.85146,39.61884],[15.8444,39.62797],[15.83209,39.6677],[15.81594,39.68028],[15.80613,39.71446],[15.80997,39.72027],[15.80852,39.73029],[15.80515,39.74261],[15.79838,39.76138],[15.79207,39.77832],[15.78675,39.81618],[15.77666,39.82228],[15.77741,39.83216],[15.77144,39.83326],[15.7699,39.83754],[15.78027,39.84792],[15.78912,39.8504],[15.79162,39.86162],[15.78871,39.86901],[15.78318,39.87344],[15.78381,39.88164],[15.77966,39.89263],[15.7679,39.90765],[15.75596,39.9235],[15.76612,39.93151],[15.7734,39.96024],[15.78722,39.96813],[15.7956,39.97235],[15.79949,39.98033],[15.80688,39.98525],[15.81131,39.99346],[15.81804,39.99638],[15.82014,40.00183],[15.84979,40.00599],[15.85541,40.00298],[15.85773,39.9973],[15.86921,39.98782],[15.87635,39.99564],[15.88868,39.99446],[15.89811,39.98165],[15.91846,39.99284],[15.92194,39.99863],[15.92811,40.00104],[15.93015,40.00057],[15.96861,39.9917],[15.97961,39.98331],[16.00481,39.98889],[16.00981,39.99626],[16.02393,39.99565],[16.03077,39.9913],[16.03238,39.9859],[16.0331,39.98323],[16.03238,39.98196],[16.02538,39.97577],[16.02347,39.9775],[16.00751,39.95815],[16.01411,39.94061],[16.02121,39.93426],[16.0176,39.92559],[16.03238,39.91722],[16.04154,39.91203],[16.0491,39.89474],[16.05687,39.89833],[16.08098,39.89622],[16.09215,39.90347],[16.10144,39.9064],[16.12064,39.90509],[16.13146,39.90654],[16.13842,39.90226],[16.14828,39.9134],[16.15861,39.91923],[16.17555,39.91224],[16.18577,39.91004],[16.18777,39.9083],[16.18872,39.9076],[16.20001,39.9004],[16.21479,39.89595],[16.21935,39.91446],[16.21532,39.92658],[16.21962,39.92782],[16.23631,39.92536],[16.25126,39.9317],[16.264,39.93296],[16.269,39.93547],[16.28403,39.93097],[16.30811,39.93398],[16.33315,39.91353],[16.33986,39.91078],[16.34224,39.90375],[16.34996,39.89929],[16.35515,39.90191],[16.35938,39.91708],[16.35976,39.91958],[16.34784,39.925],[16.33878,39.9357],[16.34726,39.94927],[16.35941,39.95597],[16.36226,39.96141],[16.36117,39.96829],[16.36739,39.97482],[16.37195,39.98477],[16.37924,39.99197],[16.38634,39.99868],[16.39724,40.01606],[16.39806,40.01736],[16.39321,40.04142],[16.39888,40.0554],[16.4061,40.07181],[16.41403,40.08123],[16.41229,40.09092],[16.41542,40.10694],[16.40967,40.12109],[16.41503,40.12441],[16.42001,40.12939],[16.42121,40.14391]]]]},"properties":{"code":"ITF61","nom":"Cosenza","country":"IT"}},{"type":"Feature","geometry":{"type":"MultiPolygon","coordinates":[[[[9.45649,45.4673],[9.46041,45.45468],[9.46228,45.45468],[9.46433,45.45468],[9.46643,45.45077],[9.4723,45.44855],[9.48393,45.44869],[9.48176,45.44382],[9.48792,45.4385],[9.48053,45.42788],[9.48341,45.42415],[9.48023,45.41986],[9.46762,45.41332],[9.46881,45.40957],[9.46248,45.40361],[9.46192,45.3982],[9.45555,45.39517],[9.45755,45.39111],[9.45681,45.38974],[9.4552,45.38676],[9.46749,45.3746],[9.47601,45.37224],[9.47971,45.37599],[9.49591,45.36434],[9.50559,45.36636],[9.51064,45.35915],[9.5091,45.34909],[9.5255,45.34676],[9.53282,45.34793],[9.537,45.34441],[9.55141,45.33914],[9.56061,45.34172],[9.56354,45.34409],[9.56807,45.36695],[9.57215,45.36558],[9.58204,45.3627],[9.5879,45.35629],[9.59667,45.33992],[9.5983,45.32875],[9.60551,45.32289],[9.60166,45.31587],[9.60818,45.31305],[9.61251,45.30277],[9.61692,45.30082],[9.61705,45.29449],[9.62844,45.29287],[9.62966,45.28858],[9.62288,45.28319],[9.62353,45.28016],[9.63576,45.28389],[9.64452,45.28048],[9.64677,45.27714],[9.64971,45.27279],[9.65725,45.27589],[9.66777,45.26973],[9.67204,45.26811],[9.66896,45.26192],[9.67539,45.25746],[9.68055,45.25732],[9.68782,45.26444],[9.69123,45.2631],[9.69412,45.25648],[9.70121,45.25827],[9.70841,45.26196],[9.71806,45.26331],[9.72147,45.26012],[9.7202,45.25696],[9.71228,45.25783],[9.70791,45.25523],[9.71102,45.24807],[9.72453,45.24342],[9.72512,45.23786],[9.72137,45.23615],[9.71759,45.23522],[9.71581,45.23392],[9.7174,45.23051],[9.72446,45.22819],[9.72847,45.22358],[9.7358,45.22765],[9.74237,45.22461],[9.7437,45.2161],[9.76267,45.22245],[9.76715,45.21552],[9.77693,45.21315],[9.77217,45.20296],[9.76187,45.19827],[9.75885,45.18885],[9.7507,45.1847],[9.75288,45.18133],[9.7736,45.19002],[9.7737,45.18331],[9.78223,45.17932],[9.78516,45.16577],[9.79787,45.16351],[9.80496,45.15927],[9.82343,45.16349],[9.82874,45.16066],[9.82768,45.15418],[9.83225,45.15017],[9.839,45.14996],[9.84668,45.15424],[9.84985,45.15981],[9.85925,45.15293],[9.87057,45.15827],[9.87249,45.14062],[9.8802,45.13417],[9.88673,45.13414],[9.8911,45.1309],[9.8802,45.12645],[9.87605,45.12273],[9.87534,45.11978],[9.87735,45.11443],[9.8802,45.11134],[9.89828,45.0979],[9.90084,45.09029],[9.89677,45.08082],[9.88436,45.07488],[9.8802,45.07496],[9.86359,45.09208],[9.84762,45.0965],[9.83919,45.0957],[9.83323,45.09128],[9.83147,45.08215],[9.83521,45.07162],[9.83354,45.06201],[9.82378,45.05259],[9.81651,45.05652],[9.81666,45.0708],[9.8136,45.0774],[9.80793,45.08026],[9.79787,45.08182],[9.79123,45.08285],[9.77899,45.08958],[9.77677,45.09199],[9.77487,45.09462],[9.77359,45.09651],[9.77314,45.09794],[9.77144,45.10095],[9.76983,45.10331],[9.76668,45.10726],[9.75756,45.11253],[9.74672,45.11197],[9.74508,45.10583],[9.75312,45.08722],[9.75173,45.08202],[9.74787,45.07642],[9.73764,45.07275],[9.72958,45.06356],[9.72302,45.05998],[9.71351,45.05887],[9.69049,45.0674],[9.68269,45.07124],[9.67692,45.0776],[9.66088,45.08176],[9.64677,45.08088],[9.64377,45.08069],[9.63667,45.08337],[9.6317,45.08955],[9.63759,45.1044],[9.64053,45.11766],[9.63659,45.1264],[9.63369,45.12913],[9.62484,45.13327],[9.61903,45.13279],[9.61015,45.10973],[9.60096,45.10381],[9.58864,45.10022],[9.5848,45.10476],[9.57828,45.10485],[9.57622,45.10215],[9.57035,45.10543],[9.56145,45.12143],[9.55306,45.13066],[9.54868,45.13265],[9.54294,45.13738],[9.546,45.14771],[9.54298,45.15417],[9.53206,45.16169],[9.5316,45.16535],[9.53139,45.16687],[9.52743,45.16962],[9.5283,45.17419],[9.52467,45.17631],[9.52568,45.18082],[9.51858,45.18145],[9.51573,45.18708],[9.50029,45.1866],[9.49628,45.18904],[9.49603,45.19314],[9.48677,45.19184],[9.47073,45.20133],[9.46056,45.19554],[9.45926,45.1906],[9.45468,45.19375],[9.45019,45.18966],[9.43857,45.18763],[9.42885,45.18582],[9.43216,45.19397],[9.42866,45.19935],[9.42114,45.19484],[9.41834,45.20474],[9.41101,45.20485],[9.40428,45.20146],[9.40106,45.21013],[9.39763,45.21765],[9.38774,45.2235],[9.39138,45.22774],[9.39034,45.23129],[9.38073,45.23117],[9.37063,45.24445],[9.36371,45.24695],[9.35596,45.24891],[9.3543,45.24985],[9.35164,45.24711],[9.35742,45.24541],[9.35677,45.24006],[9.3404,45.24421],[9.33678,45.24392],[9.32845,45.24899],[9.32246,45.24411],[9.31041,45.24896],[9.31525,45.25963],[9.3268,45.26957],[9.33441,45.27002],[9.3404,45.27111],[9.33608,45.27545],[9.32992,45.28183],[9.33147,45.28475],[9.32923,45.28894],[9.32175,45.29414],[9.33156,45.29798],[9.3404,45.29275],[9.34212,45.29174],[9.34949,45.291],[9.3568,45.29341],[9.35386,45.29624],[9.35354,45.30236],[9.3493,45.30094],[9.34297,45.30536],[9.3404,45.30559],[9.33446,45.30613],[9.33885,45.31297],[9.35115,45.31715],[9.35468,45.32081],[9.35706,45.31596],[9.36265,45.31692],[9.36629,45.31541],[9.36865,45.30419],[9.37973,45.30304],[9.38591,45.30681],[9.3782,45.31051],[9.38112,45.31388],[9.39187,45.31521],[9.38737,45.31992],[9.38027,45.31725],[9.37182,45.32984],[9.35634,45.34355],[9.36245,45.34621],[9.36048,45.35726],[9.35301,45.36772],[9.35827,45.36753],[9.36135,45.36518],[9.37822,45.36895],[9.37818,45.37627],[9.37303,45.3808],[9.37312,45.38654],[9.38085,45.38847],[9.38129,45.38974],[9.38401,45.39754],[9.38894,45.39984],[9.39984,45.39719],[9.40487,45.39108],[9.40786,45.39593],[9.40741,45.40251],[9.41151,45.40344],[9.41215,45.40711],[9.41614,45.40876],[9.41851,45.41502],[9.426,45.42205],[9.42187,45.42973],[9.41089,45.43509],[9.41715,45.43849],[9.41548,45.44425],[9.41755,45.45153],[9.42179,45.45468],[9.43361,45.46129],[9.43211,45.46662],[9.43425,45.46883],[9.45649,45.4673]]]]},"properties":{"code":"ITC49","nom":"Lodi","country":"IT"}},{"type":"Feature","geometry":{"type":"MultiPolygon","coordinates":[[[[17.15707,39.39997],[17.13478,39.37163],[17.129,39.34928],[17.11381,39.32143],[17.10979,39.30794],[17.11094,39.29013],[17.1047,39.26623],[17.10662,39.25249],[17.12347,39.23024],[17.14123,39.21516],[17.14778,39.20967],[17.14579,39.19736],[17.12001,39.15249],[17.11279,39.13188],[17.10933,39.10608],[17.1153,39.09035],[17.13631,39.08235],[17.13058,39.07487],[17.13206,39.06625],[17.13564,39.05862],[17.14801,39.04585],[17.17416,39.03292],[17.18918,39.03055],[17.19709,39.02687],[17.2058,39.02818],[17.20442,39.02252],[17.19009,39.02084],[17.16794,38.99955],[17.1599,38.98179],[17.16099,38.96887],[17.16737,38.96313],[17.16906,38.95442],[17.14955,38.94414],[17.11472,38.91166],[17.10113,38.90435],[17.0946,38.89335],[17.09048,38.89557],[17.09287,38.90505],[17.08938,38.90953],[17.0627,38.91749],[17.04672,38.91919],[17.03566,38.91741],[17.02248,38.90649],[17.0192,38.90976],[17.0087,38.9131],[16.99798,38.92889],[16.98403,38.93766],[16.96168,38.9389],[16.93731,38.93526],[16.92379,38.93324],[16.89073,38.92713],[16.89238,38.9337],[16.9029,38.93588],[16.90589,38.93851],[16.90762,38.94818],[16.91965,38.95271],[16.91831,38.95655],[16.90679,38.96111],[16.89258,38.9732],[16.89603,38.98407],[16.89211,38.98921],[16.89526,39.00209],[16.88354,39.00681],[16.874,39.01752],[16.86533,39.01905],[16.85076,39.03097],[16.84353,39.04145],[16.82774,39.04557],[16.82116,39.05143],[16.79129,39.05612],[16.77617,39.06365],[16.76295,39.06699],[16.74512,39.06501],[16.73956,39.06034],[16.73324,39.05978],[16.72699,39.06711],[16.7069,39.08024],[16.70052,39.08896],[16.68043,39.09247],[16.67723,39.0992],[16.65087,39.12345],[16.65194,39.1264],[16.63843,39.13203],[16.65568,39.13208],[16.66657,39.13393],[16.66937,39.13632],[16.67526,39.1363],[16.66945,39.15601],[16.66282,39.15658],[16.65943,39.15416],[16.64788,39.15287],[16.64167,39.15905],[16.62982,39.16244],[16.61315,39.19421],[16.62926,39.20017],[16.65128,39.19806],[16.67891,39.20604],[16.69418,39.20154],[16.69314,39.19603],[16.69851,39.19322],[16.71692,39.19724],[16.72462,39.1928],[16.7396,39.19011],[16.76026,39.19261],[16.76468,39.19621],[16.77046,39.19656],[16.77387,39.19388],[16.77726,39.19658],[16.76963,39.20774],[16.7683,39.21695],[16.75146,39.23524],[16.74742,39.24522],[16.75881,39.2654],[16.75173,39.28392],[16.76117,39.29186],[16.74472,39.29957],[16.74206,39.30695],[16.73343,39.31329],[16.70643,39.32286],[16.70909,39.33852],[16.70498,39.34788],[16.7055,39.35388],[16.71425,39.3554],[16.72297,39.3508],[16.72911,39.35077],[16.73254,39.35434],[16.73185,39.35951],[16.73717,39.36128],[16.74535,39.35846],[16.75644,39.35798],[16.76336,39.36142],[16.77487,39.34791],[16.79039,39.3489],[16.79333,39.35181],[16.80189,39.34898],[16.81043,39.34981],[16.8185,39.34645],[16.83488,39.34505],[16.83987,39.34078],[16.83913,39.34847],[16.84465,39.35451],[16.85774,39.35888],[16.86533,39.35783],[16.86768,39.3575],[16.87015,39.3599],[16.87876,39.36867],[16.88013,39.37475],[16.89164,39.3748],[16.91464,39.38424],[16.91483,39.39426],[16.90244,39.40485],[16.90115,39.41056],[16.90449,39.41254],[16.91651,39.4113],[16.92379,39.40408],[16.92873,39.40679],[16.93731,39.39984],[16.94226,39.39584],[16.952,39.39468],[16.9567,39.3972],[16.954,39.4073],[16.95653,39.41891],[16.95361,39.42772],[16.95734,39.43701],[16.96599,39.44092],[16.97852,39.45253],[17.00159,39.46275],[17.01069,39.47292],[17.02506,39.48358],[17.03166,39.47292],[17.03912,39.45351],[17.05289,39.4394],[17.09479,39.41591],[17.1194,39.40579],[17.15707,39.39997]]]]},"properties":{"code":"ITF62","nom":"Crotone","country":"IT"}},{"type":"Feature","geometry":{"type":"MultiPolygon","coordinates":[[[[10.70705,45.38325],[10.69864,45.37925],[10.70481,45.3715],[10.71338,45.36722],[10.70346,45.35858],[10.68557,45.35369],[10.68755,45.34239],[10.70379,45.34026],[10.7146,45.33342],[10.71301,45.32412],[10.70644,45.31629],[10.72275,45.31841],[10.73048,45.31527],[10.73266,45.30518],[10.72834,45.29131],[10.73779,45.2879],[10.74861,45.29418],[10.75492,45.29809],[10.78286,45.31541],[10.81552,45.29541],[10.81735,45.28959],[10.8295,45.2838],[10.83477,45.27524],[10.84004,45.27289],[10.84036,45.26661],[10.84659,45.25738],[10.87778,45.25217],[10.87989,45.24681],[10.88906,45.24857],[10.89688,45.24705],[10.90381,45.23737],[10.93678,45.23292],[10.93608,45.2319],[10.9314,45.22596],[10.93101,45.21945],[10.93613,45.21397],[10.94436,45.21116],[10.94698,45.20573],[10.96537,45.20546],[10.99052,45.19552],[10.99714,45.1859],[10.99234,45.18228],[10.99661,45.17857],[10.99583,45.17094],[10.99868,45.16537],[10.99751,45.15788],[10.99272,45.153],[10.99512,45.15106],[11.00617,45.1524],[11.0112,45.14952],[11.02768,45.15859],[11.03263,45.15043],[11.0356,45.1501],[11.04604,45.15261],[11.04955,45.14975],[11.04221,45.14286],[11.0428,45.13372],[11.03004,45.12801],[11.0291,45.12351],[11.04149,45.11276],[11.05087,45.10942],[11.05505,45.10734],[11.059,45.1057],[11.06267,45.10394],[11.06591,45.10225],[11.07121,45.09976],[11.07297,45.09874],[11.083,45.09946],[11.0976,45.09524],[11.09448,45.10131],[11.10049,45.11185],[11.11546,45.10479],[11.12873,45.10385],[11.13399,45.10846],[11.13856,45.12358],[11.14767,45.1258],[11.16073,45.11832],[11.18853,45.11023],[11.20346,45.11166],[11.2055,45.10949],[11.17808,45.09706],[11.17738,45.08916],[11.18598,45.0868],[11.18778,45.08424],[11.17468,45.07383],[11.17394,45.06573],[11.17587,45.06067],[11.19912,45.0603],[11.20697,45.05845],[11.21574,45.05592],[11.22983,45.04779],[11.23061,45.04713],[11.23858,45.04351],[11.24486,45.04372],[11.25743,45.05404],[11.26391,45.05641],[11.26814,45.05361],[11.27039,45.044],[11.26418,45.03489],[11.26464,45.03174],[11.27631,45.01793],[11.29888,45.01445],[11.30164,45.01418],[11.30697,45.01292],[11.30876,45.01235],[11.31324,45.00972],[11.31795,45.00419],[11.32215,45.00017],[11.3275,44.99546],[11.34444,44.98768],[11.35232,44.98612],[11.35461,44.98535],[11.36079,44.98248],[11.3637,44.98143],[11.37107,44.97924],[11.37604,44.97732],[11.38395,44.97477],[11.38806,44.97379],[11.39586,44.97128],[11.40905,44.96952],[11.41482,44.96734],[11.42445,44.96015],[11.42649,44.95863],[11.42677,44.95008],[11.42442,44.95157],[11.40239,44.94836],[11.39785,44.95481],[11.37693,44.95806],[11.3639,44.95548],[11.35692,44.95054],[11.34444,44.95535],[11.33194,44.96015],[11.32652,44.96224],[11.31893,44.96015],[11.3133,44.9586],[11.30874,44.96015],[11.30309,44.96207],[11.30231,44.96015],[11.30148,44.95808],[11.28626,44.95622],[11.27245,44.94096],[11.24623,44.95143],[11.23859,44.94533],[11.21315,44.94349],[11.19809,44.9384],[11.16233,44.93902],[11.15041,44.93452],[11.11956,44.9534],[11.08947,44.96015],[11.08388,44.96015],[11.07309,44.96212],[11.07108,44.96015],[11.05956,44.9489],[11.02269,44.95268],[10.99645,44.95445],[10.97627,44.94188],[10.96616,44.93481],[10.95062,44.93332],[10.9514,44.92787],[10.93967,44.92219],[10.91631,44.92391],[10.89207,44.91332],[10.88791,44.91427],[10.8902,44.91922],[10.87666,44.91704],[10.87401,44.92184],[10.86911,44.92156],[10.86499,44.92902],[10.84836,44.92607],[10.83676,44.93524],[10.82853,44.93268],[10.81266,44.93738],[10.80611,44.93524],[10.80112,44.9417],[10.79357,44.9397],[10.77064,44.94412],[10.75492,44.94728],[10.74432,44.94941],[10.74325,44.95408],[10.74673,44.96015],[10.74818,44.96267],[10.73756,44.98601],[10.72998,44.9873],[10.73114,44.9907],[10.72839,44.99162],[10.71383,44.98642],[10.70969,44.97209],[10.7015,44.96488],[10.69167,44.96284],[10.68891,44.96589],[10.69545,44.97449],[10.6867,44.98659],[10.67953,44.97694],[10.67277,44.97296],[10.66241,44.96687],[10.6581,44.96015],[10.65036,44.94807],[10.63229,44.93202],[10.62791,44.9242],[10.62244,44.92504],[10.61194,44.9211],[10.59944,44.91523],[10.59247,44.91481],[10.58239,44.91264],[10.56877,44.90871],[10.55241,44.91082],[10.55047,44.91089],[10.54568,44.91181],[10.54,44.91238],[10.53647,44.91296],[10.53332,44.91321],[10.52684,44.91265],[10.51598,44.91417],[10.50434,44.92242],[10.50117,44.92384],[10.4986,44.92472],[10.49108,44.92721],[10.48127,44.93015],[10.47534,44.93242],[10.46892,44.93522],[10.46403,44.93717],[10.47215,44.94611],[10.49549,44.9484],[10.50146,44.95462],[10.50369,44.96015],[10.50849,44.9721],[10.52293,44.97082],[10.53152,44.98063],[10.55241,44.98475],[10.56296,44.99483],[10.57849,44.99616],[10.59688,45.00395],[10.58516,45.00434],[10.56807,45.00094],[10.55912,45.00569],[10.55287,45.0057],[10.54216,45.00127],[10.53157,44.99169],[10.51403,44.98445],[10.48965,44.9802],[10.46934,44.98011],[10.45665,44.9845],[10.45814,45.00471],[10.46444,45.0147],[10.47949,45.0151],[10.49932,45.02127],[10.51088,45.01903],[10.51284,45.02765],[10.52065,45.03767],[10.51996,45.04078],[10.5343,45.0453],[10.53136,45.05037],[10.53956,45.05514],[10.53949,45.0631],[10.53361,45.0697],[10.53314,45.07452],[10.49976,45.07503],[10.49206,45.08301],[10.49501,45.0679],[10.49385,45.0563],[10.4664,45.05901],[10.4412,45.04543],[10.41818,45.04149],[10.41211,45.04438],[10.41719,45.06599],[10.41219,45.08549],[10.41686,45.09049],[10.41734,45.09191],[10.43679,45.09064],[10.44183,45.09282],[10.44907,45.09144],[10.46323,45.09365],[10.46585,45.09751],[10.45659,45.11528],[10.46072,45.12325],[10.48622,45.12656],[10.49249,45.13241],[10.47316,45.14567],[10.46022,45.14676],[10.45384,45.1437],[10.44755,45.14377],[10.445,45.13809],[10.44105,45.13605],[10.43636,45.13751],[10.43552,45.14255],[10.43014,45.14076],[10.42134,45.14121],[10.42209,45.13361],[10.41961,45.13045],[10.41205,45.13638],[10.39248,45.13721],[10.38753,45.14304],[10.38277,45.13922],[10.37944,45.13924],[10.37524,45.14411],[10.36719,45.14787],[10.36358,45.16197],[10.3495,45.16619],[10.33,45.17881],[10.32775,45.18429],[10.31226,45.18725],[10.31179,45.19082],[10.3097,45.19134],[10.31285,45.20187],[10.31772,45.20472],[10.3429,45.20433],[10.34444,45.21108],[10.36139,45.21537],[10.35605,45.22953],[10.36095,45.2328],[10.35839,45.24021],[10.36199,45.2461],[10.37002,45.24151],[10.37628,45.24105],[10.37992,45.24616],[10.37892,45.2519],[10.39465,45.24552],[10.39729,45.25014],[10.39119,45.25696],[10.39391,45.26677],[10.39203,45.27328],[10.39748,45.28582],[10.40912,45.29332],[10.42512,45.29656],[10.42573,45.30485],[10.43101,45.31313],[10.42841,45.3207],[10.44531,45.32108],[10.4485,45.32673],[10.46458,45.32537],[10.46501,45.33347],[10.47135,45.3323],[10.46821,45.34279],[10.4685,45.3583],[10.46373,45.37107],[10.45932,45.37835],[10.45034,45.38312],[10.45204,45.38485],[10.45639,45.38974],[10.45853,45.39215],[10.46705,45.4066],[10.45205,45.41579],[10.45041,45.41742],[10.45121,45.4186],[10.45882,45.41561],[10.49686,45.41452],[10.51182,45.41172],[10.52627,45.40433],[10.54344,45.38973],[10.54785,45.38651],[10.55241,45.38664],[10.562,45.38882],[10.58002,45.38115],[10.598,45.38733],[10.61373,45.38267],[10.63926,45.38655],[10.64041,45.38974],[10.64672,45.40719],[10.65033,45.41029],[10.65513,45.41065],[10.65466,45.41583],[10.66465,45.42738],[10.69195,45.42346],[10.71457,45.41759],[10.71886,45.40437],[10.71762,45.40084],[10.71726,45.39688],[10.71191,45.38974],[10.70705,45.38325]]]]},"properties":{"code":"ITC4B","nom":"Mantova","country":"IT"}},{"type":"Feature","geometry":{"type":"MultiPolygon","coordinates":[[[[10.48815,46.34358],[10.49892,46.33516],[10.51233,46.33547],[10.51575,46.34322],[10.5256,46.34262],[10.55241,46.33184],[10.56486,46.32605],[10.56514,46.31336],[10.57611,46.30525],[10.5796,46.29881],[10.56063,46.28366],[10.57561,46.27465],[10.58522,46.24711],[10.58005,46.2395],[10.56879,46.23346],[10.57044,46.22321],[10.56132,46.21316],[10.55241,46.20814],[10.54148,46.18858],[10.54377,46.18744],[10.55241,46.18172],[10.56457,46.1673],[10.55795,46.16013],[10.55435,46.14877],[10.55241,46.14727],[10.54662,46.14315],[10.55028,46.13725],[10.55073,46.12346],[10.54108,46.10307],[10.52094,46.0878],[10.51665,46.08033],[10.50923,46.07524],[10.49344,46.06808],[10.48756,46.05995],[10.48094,46.05552],[10.47852,46.05153],[10.48408,46.04751],[10.48582,46.0286],[10.48241,46.0218],[10.47216,46.02146],[10.45761,46.00878],[10.45749,45.99728],[10.45309,45.98887],[10.45345,45.97654],[10.47678,45.97075],[10.48765,45.97045],[10.489,45.96256],[10.48387,45.95116],[10.48755,45.94327],[10.49146,45.94195],[10.49128,45.93324],[10.50784,45.92354],[10.51033,45.91636],[10.5062,45.90344],[10.49324,45.89855],[10.49589,45.89262],[10.4905,45.88587],[10.50332,45.87521],[10.50202,45.85927],[10.50608,45.85311],[10.50709,45.84122],[10.50286,45.8352],[10.5029,45.83034],[10.50884,45.82426],[10.52867,45.82632],[10.54088,45.82003],[10.54338,45.81572],[10.52606,45.80565],[10.53414,45.80251],[10.53085,45.7968],[10.53592,45.79224],[10.5339,45.78786],[10.54548,45.78466],[10.55241,45.78374],[10.57447,45.78711],[10.58065,45.7898],[10.58489,45.79558],[10.59771,45.79974],[10.6014,45.80273],[10.61402,45.80563],[10.63519,45.80667],[10.64142,45.80186],[10.64725,45.80629],[10.65124,45.8183],[10.65658,45.82265],[10.6547,45.83241],[10.67651,45.83088],[10.69822,45.84108],[10.71152,45.83623],[10.72457,45.84175],[10.73332,45.84259],[10.74996,45.83716],[10.75492,45.83165],[10.75638,45.83002],[10.76181,45.83877],[10.77141,45.8426],[10.77742,45.84235],[10.78292,45.83681],[10.79098,45.83383],[10.79881,45.83604],[10.8042,45.83486],[10.82595,45.83733],[10.84018,45.83276],[10.83837,45.82759],[10.83458,45.8182],[10.8325,45.81557],[10.83029,45.81343],[10.82703,45.81111],[10.82503,45.81026],[10.81935,45.80707],[10.81481,45.80405],[10.80962,45.79836],[10.80815,45.79657],[10.80317,45.79062],[10.79878,45.78488],[10.79759,45.78355],[10.79612,45.78127],[10.79488,45.7797],[10.79364,45.77817],[10.79248,45.77711],[10.78641,45.76918],[10.7841,45.76615],[10.77202,45.75078],[10.76317,45.7407],[10.75492,45.73153],[10.72757,45.70112],[10.70564,45.67642],[10.70204,45.67274],[10.7,45.6711],[10.68952,45.66179],[10.68144,45.65473],[10.63107,45.60951],[10.62792,45.60683],[10.6285,45.60206],[10.62931,45.5954],[10.63097,45.58161],[10.63174,45.57411],[10.63232,45.56846],[10.63541,45.53544],[10.63677,45.52091],[10.63764,45.51149],[10.63794,45.50834],[10.64079,45.47918],[10.6416,45.47208],[10.64288,45.46262],[10.64684,45.44861],[10.64156,45.44445],[10.62368,45.44362],[10.62399,45.43949],[10.62728,45.43828],[10.64053,45.44321],[10.64867,45.44023],[10.64523,45.43324],[10.65083,45.42752],[10.64459,45.41849],[10.65466,45.41583],[10.65513,45.41065],[10.65033,45.41029],[10.64672,45.40719],[10.64041,45.38974],[10.63926,45.38655],[10.61373,45.38267],[10.598,45.38733],[10.58002,45.38115],[10.562,45.38882],[10.55241,45.38664],[10.54785,45.38651],[10.54344,45.38973],[10.52627,45.40433],[10.51182,45.41172],[10.49686,45.41452],[10.45882,45.41561],[10.45121,45.4186],[10.45041,45.41742],[10.45205,45.41579],[10.46705,45.4066],[10.45853,45.39215],[10.45639,45.38974],[10.45204,45.38485],[10.45034,45.38312],[10.45932,45.37835],[10.46373,45.37107],[10.4685,45.3583],[10.46821,45.34279],[10.47135,45.3323],[10.46501,45.33347],[10.46458,45.32537],[10.4485,45.32673],[10.44531,45.32108],[10.42841,45.3207],[10.43101,45.31313],[10.42573,45.30485],[10.42512,45.29656],[10.40912,45.29332],[10.39748,45.28582],[10.39203,45.27328],[10.39391,45.26677],[10.39119,45.25696],[10.39729,45.25014],[10.39465,45.24552],[10.37892,45.2519],[10.37992,45.24616],[10.37628,45.24105],[10.37002,45.24151],[10.36199,45.2461],[10.35839,45.24021],[10.36095,45.2328],[10.35605,45.22953],[10.36139,45.21537],[10.34444,45.21108],[10.3429,45.20433],[10.31772,45.20472],[10.32031,45.2085],[10.31705,45.21318],[10.32026,45.21617],[10.31369,45.21651],[10.30555,45.22391],[10.29554,45.22536],[10.28603,45.22741],[10.28066,45.23068],[10.27655,45.23318],[10.27674,45.23722],[10.27004,45.23981],[10.26357,45.25149],[10.25125,45.25248],[10.24575,45.24326],[10.23325,45.24379],[10.2252,45.24053],[10.22081,45.24176],[10.22536,45.23602],[10.22158,45.23507],[10.21807,45.23035],[10.22278,45.22805],[10.21985,45.22465],[10.20882,45.22878],[10.19632,45.22922],[10.19201,45.23649],[10.18399,45.2325],[10.17853,45.2394],[10.16492,45.24174],[10.16053,45.2393],[10.15349,45.23977],[10.14502,45.24325],[10.13906,45.24244],[10.12589,45.24681],[10.10466,45.24693],[10.0994,45.24923],[10.09918,45.25286],[10.09185,45.2539],[10.08656,45.25956],[10.0827,45.27141],[10.07505,45.26918],[10.07168,45.27218],[10.06416,45.27338],[10.06253,45.2765],[10.0541,45.27656],[10.05224,45.28085],[10.04873,45.27817],[10.02931,45.27678],[10.01938,45.28404],[10.00112,45.2882],[9.99443,45.29118],[9.99415,45.29712],[9.98401,45.29701],[9.9809,45.30521],[9.97768,45.30471],[9.97469,45.30833],[9.96922,45.31041],[9.9448,45.32049],[9.94208,45.32238],[9.935,45.3217],[9.93598,45.3263],[9.93283,45.32886],[9.92894,45.32875],[9.92312,45.33217],[9.92093,45.33843],[9.9147,45.33653],[9.91141,45.33756],[9.8973,45.33928],[9.88728,45.35165],[9.88942,45.35532],[9.88335,45.35756],[9.88871,45.36058],[9.88731,45.368],[9.88996,45.37702],[9.88468,45.38285],[9.88997,45.38974],[9.89265,45.39322],[9.88964,45.42733],[9.88765,45.44646],[9.88986,45.45468],[9.88993,45.45621],[9.89202,45.46031],[9.89031,45.46677],[9.88657,45.4722],[9.87871,45.47483],[9.87802,45.4844],[9.873,45.48626],[9.87268,45.48974],[9.86927,45.49528],[9.86394,45.49748],[9.86787,45.50319],[9.86158,45.50675],[9.86271,45.51347],[9.85348,45.51928],[9.85284,45.53258],[9.85124,45.53616],[9.85343,45.53993],[9.84436,45.54643],[9.83678,45.54841],[9.83707,45.55646],[9.84274,45.5609],[9.84114,45.56824],[9.84394,45.58233],[9.85505,45.58408],[9.85538,45.58953],[9.8496,45.59872],[9.85057,45.60316],[9.86033,45.60485],[9.86447,45.60938],[9.86825,45.60999],[9.87015,45.60789],[9.8734,45.60749],[9.87814,45.6103],[9.88459,45.60736],[9.88581,45.60389],[9.89002,45.60377],[9.89533,45.60913],[9.90225,45.62383],[9.90439,45.63071],[9.91691,45.64278],[9.9169,45.6489],[9.92256,45.64968],[9.9267,45.64686],[9.93067,45.64731],[9.93817,45.65725],[9.938,45.66167],[9.94226,45.66526],[9.95312,45.66685],[9.96516,45.66414],[9.97325,45.66651],[9.99986,45.67211],[10.00616,45.67264],[10.04439,45.67494],[10.04674,45.6753],[10.04943,45.67594],[10.05608,45.67853],[10.05876,45.67981],[10.06109,45.6812],[10.06319,45.68283],[10.06402,45.68418],[10.06497,45.68658],[10.06553,45.68927],[10.05933,45.70813],[10.06259,45.72464],[10.06333,45.72814],[10.06413,45.73071],[10.06485,45.73333],[10.06633,45.74075],[10.06582,45.74358],[10.06384,45.7489],[10.06279,45.7506],[10.06074,45.75248],[10.05504,45.76417],[10.05647,45.76918],[10.05989,45.78118],[10.06113,45.78384],[10.06251,45.78665],[10.06384,45.78841],[10.07137,45.79692],[10.07925,45.80143],[10.08684,45.80333],[10.09261,45.80553],[10.09554,45.8068],[10.10781,45.81478],[10.12013,45.82982],[10.12142,45.83595],[10.13123,45.84424],[10.14584,45.85195],[10.14983,45.8631],[10.14341,45.86855],[10.12947,45.87304],[10.10907,45.8857],[10.10941,45.89152],[10.10095,45.90033],[10.09678,45.90809],[10.09775,45.91391],[10.09169,45.92258],[10.09705,45.92901],[10.10583,45.93143],[10.1145,45.93811],[10.11525,45.94327],[10.11581,45.94719],[10.12217,45.95642],[10.13838,45.9633],[10.17679,45.97226],[10.17654,45.98272],[10.17784,45.98596],[10.1816,45.98685],[10.1894,45.99166],[10.19281,45.99948],[10.19782,46.00425],[10.20515,46.00685],[10.2514,46.01158],[10.2605,46.01714],[10.26224,46.02076],[10.25555,46.0254],[10.24999,46.03543],[10.23172,46.03566],[10.22602,46.04264],[10.22812,46.04822],[10.21467,46.0525],[10.20764,46.04704],[10.20166,46.04619],[10.19181,46.05157],[10.17425,46.05224],[10.16959,46.05705],[10.17429,46.06908],[10.18506,46.08095],[10.17483,46.09321],[10.1739,46.10089],[10.16536,46.10663],[10.16579,46.11761],[10.17233,46.13498],[10.1637,46.14763],[10.15942,46.15955],[10.17486,46.16584],[10.18013,46.17737],[10.18663,46.17965],[10.22357,46.18639],[10.22659,46.19067],[10.22848,46.19221],[10.22963,46.19906],[10.24165,46.20227],[10.25742,46.20434],[10.2716,46.21109],[10.28217,46.21343],[10.28066,46.21715],[10.29409,46.22374],[10.29666,46.2361],[10.30044,46.24892],[10.31433,46.25986],[10.31532,46.27576],[10.32826,46.28686],[10.33435,46.28783],[10.33915,46.28628],[10.34511,46.28989],[10.36934,46.29283],[10.38445,46.30239],[10.40478,46.32409],[10.42192,46.33499],[10.4328,46.33709],[10.45696,46.3517],[10.47107,46.35466],[10.48581,46.34867],[10.48815,46.34358]]]]},"properties":{"code":"ITC47","nom":"Brescia","country":"IT"}},{"type":"Feature","geometry":{"type":"MultiPolygon","coordinates":[[[[16.42195,38.52116],[16.41679,38.51946],[16.40733,38.52084],[16.40812,38.51807],[16.40972,38.51253],[16.42235,38.51002],[16.45719,38.51233],[16.47282,38.50263],[16.48522,38.49929],[16.48562,38.49634],[16.48031,38.49212],[16.49006,38.49081],[16.49141,38.48691],[16.49873,38.48363],[16.50211,38.48212],[16.51021,38.48226],[16.52459,38.47108],[16.54117,38.46332],[16.54833,38.4715],[16.55814,38.46857],[16.56713,38.4714],[16.58208,38.46979],[16.58161,38.45064],[16.5709,38.42672],[16.56749,38.42289],[16.54709,38.40298],[16.51628,38.377],[16.49873,38.36162],[16.48837,38.35253],[16.46211,38.33727],[16.44177,38.33146],[16.36747,38.30778],[16.35311,38.30511],[16.33577,38.30035],[16.32621,38.29452],[16.32009,38.28983],[16.30928,38.27588],[16.28763,38.25845],[16.28583,38.25575],[16.28165,38.24948],[16.25901,38.22504],[16.23772,38.20444],[16.2324,38.19936],[16.22253,38.18853],[16.19287,38.15773],[16.18577,38.15188],[16.16961,38.14011],[16.16628,38.13496],[16.16181,38.12803],[16.15976,38.11386],[16.15069,38.07265],[16.14976,38.05632],[16.14299,38.04363],[16.14393,38.0316],[16.14059,38.0251],[16.12495,37.99935],[16.11612,37.98176],[16.10664,37.96863],[16.09912,37.95821],[16.08093,37.94013],[16.06438,37.92524],[16.05748,37.92411],[16.04377,37.92131],[16.03713,37.92337],[16.03238,37.92307],[16.02419,37.92255],[15.99887,37.91593],[15.97621,37.91914],[15.95656,37.91962],[15.93015,37.92802],[15.9277,37.9288],[15.89851,37.92683],[15.8796,37.92677],[15.83991,37.9195],[15.80468,37.91969],[15.79258,37.91622],[15.76341,37.91674],[15.74084,37.92626],[15.70843,37.93754],[15.69258,37.95069],[15.67779,37.9548],[15.66595,37.96863],[15.64643,37.99142],[15.63742,38.00601],[15.63454,38.01792],[15.6521,38.0287],[15.6568,38.04006],[15.64882,38.0533],[15.65161,38.0657],[15.63583,38.07568],[15.63094,38.09461],[15.63257,38.10228],[15.64744,38.11399],[15.65567,38.13496],[15.65638,38.13677],[15.65263,38.14371],[15.65442,38.15436],[15.63952,38.17023],[15.64119,38.18004],[15.63397,38.18671],[15.63333,38.20205],[15.63306,38.2224],[15.63631,38.231],[15.66865,38.2396],[15.67981,38.24686],[15.68579,38.24795],[15.70078,38.25262],[15.70819,38.25195],[15.71499,38.25573],[15.73656,38.25345],[15.74471,38.25575],[15.74997,38.25723],[15.76384,38.26441],[15.77013,38.26782],[15.796,38.28165],[15.80835,38.2918],[15.82509,38.31486],[15.82539,38.32019],[15.8284,38.32259],[15.83074,38.34059],[15.83512,38.35076],[15.83353,38.35632],[15.83579,38.36205],[15.84666,38.36903],[15.85912,38.38193],[15.86432,38.39986],[15.87666,38.422],[15.89123,38.43952],[15.90356,38.44083],[15.90696,38.45805],[15.91634,38.47044],[15.91783,38.47376],[15.9116,38.47245],[15.90209,38.4524],[15.90065,38.45143],[15.90034,38.45279],[15.9086,38.47255],[15.91842,38.50501],[15.91896,38.50676],[15.92934,38.50744],[15.94187,38.5139],[15.95081,38.51545],[15.95292,38.51807],[15.95768,38.52401],[15.97055,38.52399],[15.98029,38.52209],[15.98524,38.51809],[15.9907,38.52135],[16.0038,38.51807],[16.00566,38.51776],[16.00703,38.51807],[16.01381,38.52174],[16.02266,38.5309],[16.03238,38.53276],[16.03909,38.53405],[16.04514,38.5439],[16.06016,38.54899],[16.06312,38.5529],[16.0689,38.54902],[16.07349,38.56028],[16.08015,38.56206],[16.09601,38.55075],[16.10078,38.54196],[16.10595,38.54088],[16.11061,38.54275],[16.12142,38.53663],[16.13701,38.53474],[16.15842,38.51807],[16.16033,38.51659],[16.17875,38.51035],[16.18577,38.50455],[16.1923,38.49864],[16.20039,38.49986],[16.21084,38.49697],[16.23127,38.50101],[16.24228,38.4921],[16.2546,38.48297],[16.26523,38.46631],[16.26864,38.45549],[16.2654,38.44835],[16.28152,38.43928],[16.28893,38.43978],[16.2942,38.43796],[16.30175,38.43058],[16.31288,38.43348],[16.34907,38.42915],[16.36118,38.43581],[16.36783,38.43194],[16.37712,38.44236],[16.39099,38.44422],[16.3918,38.44856],[16.38241,38.46084],[16.38251,38.46623],[16.38784,38.46962],[16.38768,38.47559],[16.38319,38.47844],[16.38285,38.47991],[16.3733,38.48166],[16.35277,38.50064],[16.3456,38.51807],[16.35042,38.52391],[16.35035,38.5303],[16.34985,38.5371],[16.35961,38.54341],[16.36247,38.5589],[16.37328,38.56389],[16.3774,38.56604],[16.38636,38.56649],[16.39284,38.57316],[16.39954,38.57053],[16.41999,38.55395],[16.43094,38.54714],[16.43935,38.5374],[16.42073,38.52843],[16.42195,38.52116]]]]},"properties":{"code":"ITF65","nom":"Reggio di Calabria","country":"IT"}},{"type":"Feature","geometry":{"type":"MultiPolygon","coordinates":[[[[9.27587,46.23908],[9.30417,46.23552],[9.30974,46.23731],[9.31936,46.2332],[9.33195,46.23449],[9.3357,46.23313],[9.3404,46.23171],[9.34759,46.22955],[9.35482,46.22118],[9.37495,46.21282],[9.38067,46.21237],[9.40114,46.21208],[9.41533,46.21579],[9.4221,46.22267],[9.44083,46.21448],[9.42881,46.19569],[9.4249,46.1899],[9.42414,46.1613],[9.42422,46.15505],[9.42163,46.14945],[9.41412,46.13687],[9.40973,46.14973],[9.37531,46.15253],[9.36188,46.15741],[9.35726,46.15035],[9.3404,46.14213],[9.33085,46.13869],[9.32878,46.13816],[9.32698,46.13604],[9.32509,46.13571],[9.32258,46.1357],[9.32107,46.13492],[9.31819,46.13391],[9.31077,46.13044],[9.3005,46.12588],[9.29963,46.12405],[9.29236,46.11574],[9.29304,46.11326],[9.29508,46.1075],[9.29899,46.10736],[9.2987,46.10455],[9.2981,46.1008],[9.29811,46.09765],[9.29822,46.09585],[9.29519,46.09162],[9.29023,46.07587],[9.289,46.07361],[9.28975,46.07133],[9.29025,46.06883],[9.29079,46.0673],[9.28963,46.05935],[9.27566,46.04086],[9.26849,46.03235],[9.263,46.02758],[9.26097,46.01445],[9.2612,46.00893],[9.26198,46.0074],[9.2646,46.00077],[9.27242,45.99869],[9.27705,45.99303],[9.2846,45.96705],[9.26618,45.96601],[9.25904,45.95888],[9.25765,45.94935],[9.27136,45.9476],[9.27464,45.94327],[9.27774,45.93918],[9.26829,45.92555],[9.27169,45.92145],[9.28111,45.91145],[9.28416,45.89878],[9.28648,45.89588],[9.2923,45.89286],[9.30136,45.89384],[9.3124,45.90536],[9.32272,45.89703],[9.32408,45.89578],[9.31605,45.88856],[9.3193,45.88121],[9.33173,45.8725],[9.33023,45.86353],[9.32753,45.86241],[9.32503,45.85518],[9.31832,45.84916],[9.32043,45.84356],[9.3086,45.84088],[9.30158,45.83701],[9.30012,45.83678],[9.29469,45.82836],[9.28876,45.82633],[9.28611,45.82298],[9.28695,45.8167],[9.29212,45.81524],[9.29283,45.81235],[9.27421,45.80412],[9.274,45.80329],[9.27359,45.80205],[9.26746,45.79761],[9.26132,45.79344],[9.26015,45.79242],[9.25831,45.79254],[9.26232,45.78867],[9.26227,45.78193],[9.25141,45.78213],[9.24954,45.77562],[9.24539,45.76918],[9.24418,45.7673],[9.25352,45.7579],[9.25517,45.75425],[9.25575,45.7513],[9.25116,45.74932],[9.24714,45.74265],[9.24351,45.73285],[9.23144,45.72243],[9.2315,45.71754],[9.22951,45.71729],[9.21634,45.71563],[9.20839,45.71153],[9.20418,45.70924],[9.19533,45.69835],[9.1976,45.68987],[9.19278,45.68325],[9.19445,45.66769],[9.18656,45.66556],[9.18569,45.66234],[9.17967,45.66349],[9.16327,45.67348],[9.15416,45.686],[9.15381,45.68656],[9.14734,45.69175],[9.13801,45.69432],[9.12365,45.68981],[9.11614,45.68956],[9.10319,45.69687],[9.09921,45.69302],[9.09491,45.68927],[9.09286,45.68703],[9.09128,45.68627],[9.0883,45.68551],[9.08181,45.6849],[9.06706,45.68512],[9.06384,45.67332],[9.06167,45.66723],[9.06291,45.66186],[9.05984,45.65803],[9.05291,45.65745],[9.05312,45.65121],[9.05591,45.65004],[9.05575,45.6465],[9.04903,45.6455],[9.03878,45.64018],[9.02818,45.6432],[9.0265,45.64815],[9.02054,45.6459],[9.0085,45.64474],[8.9907,45.64861],[8.98522,45.6483],[8.98122,45.64547],[8.97937,45.64835],[8.98747,45.6563],[8.98357,45.66508],[8.98514,45.67045],[8.98613,45.67652],[8.98143,45.67561],[8.97779,45.67982],[8.96319,45.66381],[8.94247,45.65991],[8.93997,45.65629],[8.93557,45.65535],[8.93501,45.65243],[8.93006,45.65285],[8.92271,45.66257],[8.92194,45.67006],[8.91073,45.67137],[8.90775,45.6748],[8.89867,45.67672],[8.89633,45.6802],[8.89469,45.6846],[8.90611,45.68693],[8.91609,45.68896],[8.92872,45.69506],[8.93165,45.69782],[8.93191,45.70623],[8.94183,45.71171],[8.94792,45.70663],[8.94708,45.70912],[8.95118,45.71394],[8.95039,45.71988],[8.95041,45.73106],[8.93969,45.73786],[8.94269,45.74498],[8.93,45.74746],[8.92931,45.75432],[8.92176,45.75507],[8.92159,45.76126],[8.91784,45.76565],[8.91314,45.76896],[8.90611,45.76845],[8.90614,45.77704],[8.90042,45.78477],[8.90611,45.79066],[8.90864,45.79327],[8.90611,45.79512],[8.9035,45.79703],[8.90094,45.80463],[8.89697,45.81292],[8.90192,45.81553],[8.907,45.81538],[8.90962,45.82299],[8.90797,45.82831],[8.91215,45.83044],[8.91492,45.83186],[8.91812,45.83321],[8.92048,45.8342],[8.92373,45.83411],[8.92659,45.83328],[8.92903,45.83338],[8.9342,45.83927],[8.9468,45.84278],[8.94881,45.84343],[8.95315,45.84232],[8.95577,45.84291],[8.96227,45.83794],[8.96998,45.83235],[8.9863,45.83791],[8.99211,45.83488],[8.99749,45.83494],[8.99412,45.82621],[8.99458,45.82264],[9.00676,45.81979],[9.01592,45.81836],[9.02133,45.82069],[9.03446,45.82302],[9.0318,45.82514],[9.0371,45.83543],[9.03543,45.83966],[9.03865,45.84203],[9.0407,45.84576],[9.05077,45.85221],[9.05137,45.85552],[9.04942,45.86205],[9.05585,45.87392],[9.06633,45.87596],[9.07784,45.88506],[9.07813,45.89121],[9.08772,45.89699],[9.089,45.90065],[9.08684,45.9022],[9.07693,45.8993],[9.07635,45.90339],[9.07645,45.91076],[9.06819,45.91291],[9.06003,45.91644],[9.05906,45.92037],[9.04953,45.92116],[9.04251,45.92695],[9.02984,45.9265],[9.02616,45.92875],[9.02294,45.92901],[9.01936,45.92837],[9.02204,45.93809],[9.0122,45.94378],[9.01644,45.94915],[9.01357,45.9601],[8.99371,45.96699],[8.99009,45.96992],[8.99107,45.97164],[8.99526,45.97331],[8.99611,45.98001],[9.00764,45.98081],[9.01233,45.98794],[9.01957,45.98839],[9.02373,45.9925],[9.02846,45.99363],[9.02451,46.00076],[9.02346,46.00939],[9.02254,46.01686],[9.00813,46.02946],[9.01782,46.04977],[9.05037,46.06199],[9.06225,46.06109],[9.07831,46.06532],[9.07881,46.07435],[9.08943,46.08569],[9.07252,46.1181],[9.07687,46.12014],[9.07869,46.12124],[9.09856,46.12682],[9.10486,46.1317],[9.11708,46.13541],[9.12148,46.13482],[9.13443,46.15263],[9.15561,46.16209],[9.15938,46.1696],[9.16867,46.17136],[9.17045,46.17174],[9.17275,46.17094],[9.18352,46.17053],[9.19341,46.17846],[9.19809,46.18701],[9.19517,46.19287],[9.20217,46.20831],[9.20839,46.21006],[9.21799,46.21388],[9.2224,46.2238],[9.22091,46.22889],[9.22479,46.22965],[9.22683,46.23036],[9.23553,46.23342],[9.23976,46.23232],[9.24644,46.23204],[9.24853,46.23377],[9.25945,46.23295],[9.27587,46.23908]]],[[[8.97853,45.97033],[8.97567,45.96169],[8.9673,45.96321],[8.95859,45.96479],[8.95983,45.96804],[8.96129,45.97185],[8.96402,45.97598],[8.96464,45.97906],[8.96687,45.98416],[8.97697,45.98307],[8.97756,45.98257],[8.97853,45.97033]]]]},"properties":{"code":"ITC42","nom":"Como","country":"IT"}},{"type":"Feature","geometry":{"type":"MultiPolygon","coordinates":[[[[9.45668,46.07735],[9.47834,46.0708],[9.49289,46.07084],[9.50208,46.06587],[9.50947,46.06024],[9.50247,46.04694],[9.50415,46.04398],[9.51122,46.04105],[9.5217,46.03161],[9.52167,46.02129],[9.52692,46.01151],[9.49465,46.01214],[9.48785,46.00817],[9.48669,46.00358],[9.49405,45.99985],[9.49956,45.98881],[9.49911,45.97568],[9.5039,45.96745],[9.52285,45.96443],[9.53,45.95918],[9.53684,45.9572],[9.54023,45.94278],[9.53918,45.93789],[9.52942,45.92734],[9.52701,45.92098],[9.52765,45.91707],[9.50567,45.89899],[9.50779,45.89325],[9.51706,45.88603],[9.50606,45.88425],[9.52003,45.87577],[9.52404,45.87035],[9.50603,45.86995],[9.49035,45.86601],[9.48826,45.86439],[9.49332,45.8615],[9.49228,45.85888],[9.48484,45.86162],[9.46991,45.85697],[9.46738,45.8493],[9.47395,45.83888],[9.47309,45.825],[9.48127,45.81448],[9.49219,45.80689],[9.49644,45.79634],[9.51625,45.78735],[9.51732,45.78627],[9.5187,45.78404],[9.49999,45.77305],[9.4856,45.76918],[9.4831,45.7685],[9.48115,45.76109],[9.47063,45.76808],[9.46094,45.76118],[9.45212,45.76343],[9.44586,45.76052],[9.45629,45.74754],[9.44831,45.73583],[9.44728,45.73144],[9.45042,45.72459],[9.44975,45.71586],[9.45796,45.70661],[9.45767,45.69912],[9.45645,45.69798],[9.45103,45.68442],[9.46688,45.67676],[9.46857,45.67172],[9.47386,45.66955],[9.47659,45.66925],[9.46503,45.66387],[9.44686,45.64971],[9.42986,45.65358],[9.42265,45.65652],[9.41946,45.66276],[9.42083,45.66605],[9.42042,45.66721],[9.41446,45.67651],[9.40627,45.67298],[9.39867,45.67119],[9.38529,45.66368],[9.38145,45.66001],[9.37231,45.6551],[9.36847,45.6633],[9.36005,45.66428],[9.35673,45.66741],[9.35457,45.66622],[9.34338,45.6714],[9.3404,45.67021],[9.32509,45.66409],[9.32156,45.65744],[9.31408,45.6607],[9.31409,45.66213],[9.31104,45.67078],[9.31303,45.6724],[9.30462,45.67825],[9.30451,45.68199],[9.3012,45.68247],[9.29508,45.69],[9.29589,45.69871],[9.29889,45.70064],[9.29848,45.70982],[9.29361,45.71269],[9.29135,45.72055],[9.28604,45.73114],[9.27941,45.73318],[9.28059,45.73692],[9.27426,45.74224],[9.25848,45.73997],[9.24714,45.74265],[9.25116,45.74932],[9.25575,45.7513],[9.25517,45.75425],[9.25352,45.7579],[9.24418,45.7673],[9.24539,45.76918],[9.24954,45.77562],[9.25141,45.78213],[9.26227,45.78193],[9.26232,45.78867],[9.25831,45.79254],[9.26015,45.79242],[9.26132,45.79344],[9.26746,45.79761],[9.27359,45.80205],[9.274,45.80329],[9.27421,45.80412],[9.29283,45.81235],[9.29212,45.81524],[9.28695,45.8167],[9.28611,45.82298],[9.28876,45.82633],[9.29469,45.82836],[9.30012,45.83678],[9.30158,45.83701],[9.3086,45.84088],[9.32043,45.84356],[9.31832,45.84916],[9.32503,45.85518],[9.32753,45.86241],[9.33023,45.86353],[9.33173,45.8725],[9.3193,45.88121],[9.31605,45.88856],[9.32408,45.89578],[9.32272,45.89703],[9.3124,45.90536],[9.30136,45.89384],[9.2923,45.89286],[9.28648,45.89588],[9.28416,45.89878],[9.28111,45.91145],[9.27169,45.92145],[9.26829,45.92555],[9.27774,45.93918],[9.27464,45.94327],[9.27136,45.9476],[9.25765,45.94935],[9.25904,45.95888],[9.26618,45.96601],[9.2846,45.96705],[9.27705,45.99303],[9.27242,45.99869],[9.2646,46.00077],[9.26198,46.0074],[9.2612,46.00893],[9.26097,46.01445],[9.263,46.02758],[9.26849,46.03235],[9.27566,46.04086],[9.28963,46.05935],[9.29079,46.0673],[9.29025,46.06883],[9.28975,46.07133],[9.289,46.07361],[9.29023,46.07587],[9.29519,46.09162],[9.29822,46.09585],[9.29811,46.09765],[9.2981,46.1008],[9.2987,46.10455],[9.29899,46.10736],[9.29508,46.1075],[9.29304,46.11326],[9.29236,46.11574],[9.29963,46.12405],[9.3005,46.12588],[9.31077,46.13044],[9.31819,46.13391],[9.32107,46.13492],[9.32258,46.1357],[9.32509,46.13571],[9.32698,46.13604],[9.32878,46.13816],[9.33085,46.13869],[9.3404,46.14213],[9.35726,46.15035],[9.36188,46.15741],[9.37531,46.15253],[9.40973,46.14973],[9.41412,46.13687],[9.41264,46.12076],[9.41502,46.0948],[9.41709,46.09356],[9.42057,46.09197],[9.42299,46.09051],[9.42549,46.08928],[9.4269,46.08783],[9.43057,46.0861],[9.45668,46.07735]]]]},"properties":{"code":"ITC43","nom":"Lecco","country":"IT"}},{"type":"Feature","geometry":{"type":"MultiPolygon","coordinates":[[[[10.24487,46.62209],[10.25795,46.61043],[10.24156,46.59157],[10.24643,46.5746],[10.25371,46.57185],[10.26728,46.57721],[10.27297,46.57345],[10.28596,46.56993],[10.2953,46.55809],[10.29457,46.55144],[10.29707,46.54972],[10.3116,46.54725],[10.32545,46.55108],[10.33981,46.54326],[10.34914,46.54906],[10.35225,46.55509],[10.36186,46.55546],[10.39678,46.54442],[10.41831,46.55063],[10.43362,46.54132],[10.43773,46.5371],[10.4528,46.53068],[10.45814,46.51097],[10.47614,46.49555],[10.48389,46.49408],[10.49322,46.4978],[10.55241,46.4912],[10.55978,46.48326],[10.57774,46.47344],[10.60049,46.46868],[10.62215,46.4481],[10.61693,46.44285],[10.61938,46.43579],[10.61658,46.42888],[10.6185,46.41569],[10.62496,46.40874],[10.62968,46.4073],[10.63106,46.4016],[10.62293,46.39729],[10.61552,46.38857],[10.60885,46.38584],[10.6068,46.37969],[10.59676,46.37725],[10.56666,46.37736],[10.55241,46.36755],[10.5422,46.36491],[10.54343,46.358],[10.5401,46.35504],[10.52925,46.35674],[10.52043,46.35552],[10.51575,46.34322],[10.51233,46.33547],[10.49892,46.33516],[10.48815,46.34358],[10.48581,46.34867],[10.47107,46.35466],[10.45696,46.3517],[10.4328,46.33709],[10.42192,46.33499],[10.40478,46.32409],[10.38445,46.30239],[10.36934,46.29283],[10.34511,46.28989],[10.33915,46.28628],[10.33435,46.28783],[10.32826,46.28686],[10.31532,46.27576],[10.31433,46.25986],[10.30044,46.24892],[10.29666,46.2361],[10.29409,46.22374],[10.28066,46.21715],[10.28217,46.21343],[10.2716,46.21109],[10.25742,46.20434],[10.24165,46.20227],[10.22963,46.19906],[10.22848,46.19221],[10.22659,46.19067],[10.22357,46.18639],[10.18663,46.17965],[10.18013,46.17737],[10.17486,46.16584],[10.15942,46.15955],[10.1637,46.14763],[10.17233,46.13498],[10.16579,46.11761],[10.16536,46.10663],[10.1739,46.10089],[10.17483,46.09321],[10.18506,46.08095],[10.17429,46.06908],[10.16959,46.05705],[10.1499,46.05786],[10.14415,46.05585],[10.13319,46.06111],[10.12635,46.06103],[10.10264,46.05078],[10.09581,46.05555],[10.09295,46.0605],[10.09303,46.06926],[10.10392,46.08284],[10.1026,46.08851],[10.09547,46.09102],[10.0832,46.09022],[10.07654,46.08644],[10.06545,46.08959],[10.05981,46.08869],[10.05569,46.0855],[10.04499,46.08503],[10.03448,46.08757],[10.02107,46.08651],[10.01266,46.08229],[10.01006,46.073],[9.99538,46.07509],[9.98637,46.07053],[9.98088,46.06551],[9.9633,46.06763],[9.94188,46.06645],[9.91112,46.05766],[9.90708,46.05409],[9.9081,46.04639],[9.88582,46.0458],[9.87256,46.05077],[9.86101,46.04638],[9.84801,46.04672],[9.83687,46.04428],[9.82764,46.04986],[9.81109,46.04969],[9.80958,46.05184],[9.80744,46.05374],[9.80344,46.05336],[9.80055,46.05283],[9.79787,46.05318],[9.79244,46.05387],[9.76836,46.06383],[9.75419,46.06104],[9.74589,46.06276],[9.7354,46.05724],[9.7189,46.06357],[9.71102,46.0637],[9.70421,46.05753],[9.68859,46.05494],[9.66808,46.06066],[9.64677,46.06006],[9.64348,46.05997],[9.64081,46.0533],[9.6323,46.04658],[9.62535,46.04673],[9.62189,46.04728],[9.60408,46.04363],[9.60099,46.03717],[9.59968,46.03145],[9.59302,46.02749],[9.58734,46.02399],[9.57599,46.02066],[9.55903,46.02237],[9.55085,46.0144],[9.53491,46.01439],[9.53178,46.0114],[9.52692,46.01151],[9.52167,46.02129],[9.5217,46.03161],[9.51122,46.04105],[9.50415,46.04398],[9.50247,46.04694],[9.50947,46.06024],[9.50208,46.06587],[9.49289,46.07084],[9.47834,46.0708],[9.45668,46.07735],[9.43057,46.0861],[9.4269,46.08783],[9.42549,46.08928],[9.42299,46.09051],[9.42057,46.09197],[9.41709,46.09356],[9.41502,46.0948],[9.41264,46.12076],[9.41412,46.13687],[9.42163,46.14945],[9.42422,46.15505],[9.42414,46.1613],[9.4249,46.1899],[9.42881,46.19569],[9.44083,46.21448],[9.4221,46.22267],[9.41533,46.21579],[9.40114,46.21208],[9.38067,46.21237],[9.37495,46.21282],[9.35482,46.22118],[9.34759,46.22955],[9.3404,46.23171],[9.3357,46.23313],[9.33195,46.23449],[9.31936,46.2332],[9.30974,46.23731],[9.30417,46.23552],[9.27587,46.23908],[9.25945,46.23295],[9.24853,46.23377],[9.24836,46.24753],[9.25212,46.26739],[9.25774,46.27078],[9.26001,46.27853],[9.2846,46.29735],[9.2823,46.30878],[9.28529,46.31439],[9.2941,46.31743],[9.30014,46.32646],[9.29268,46.33498],[9.29938,46.34338],[9.29667,46.35453],[9.28321,46.3581],[9.27607,46.36781],[9.27622,46.37372],[9.28352,46.38629],[9.27615,46.39381],[9.28171,46.40666],[9.28042,46.41227],[9.27453,46.41885],[9.2652,46.42],[9.24979,46.4314],[9.24742,46.44581],[9.2519,46.44895],[9.26832,46.45293],[9.27633,46.45992],[9.2741,46.46715],[9.27724,46.47773],[9.27517,46.48374],[9.28274,46.49669],[9.29266,46.49766],[9.31322,46.50425],[9.3404,46.50462],[9.35473,46.50482],[9.36235,46.5095],[9.37343,46.50355],[9.36889,46.49502],[9.37111,46.49019],[9.38579,46.48131],[9.39052,46.47327],[9.41079,46.46679],[9.42365,46.47642],[9.42564,46.48878],[9.43406,46.49748],[9.45901,46.50811],[9.46434,46.50778],[9.46147,46.50455],[9.46104,46.48484],[9.45073,46.48428],[9.44955,46.48168],[9.45162,46.48016],[9.46225,46.48047],[9.46504,46.46945],[9.45908,46.46041],[9.46032,46.44284],[9.45463,46.42214],[9.4563,46.41592],[9.46131,46.41153],[9.46786,46.38953],[9.4623,46.38278],[9.46171,46.37606],[9.48731,46.36616],[9.49542,46.36416],[9.50786,46.35109],[9.51196,46.33725],[9.51962,46.32618],[9.5345,46.31172],[9.54958,46.30234],[9.5587,46.30598],[9.58304,46.29429],[9.60923,46.29431],[9.61885,46.28791],[9.63821,46.28636],[9.64677,46.29008],[9.6611,46.2963],[9.66856,46.29686],[9.67631,46.30243],[9.68821,46.29427],[9.70251,46.29124],[9.71415,46.29271],[9.71771,46.30433],[9.72559,46.31308],[9.72541,46.31946],[9.7178,46.32401],[9.72647,46.3333],[9.72393,46.34049],[9.72647,46.34381],[9.73585,46.34988],[9.74316,46.35119],[9.77027,46.33599],[9.77815,46.33566],[9.78463,46.34091],[9.79787,46.34361],[9.80236,46.34452],[9.8213,46.3519],[9.83207,46.36099],[9.84992,46.36408],[9.86957,46.36322],[9.88446,46.37295],[9.90783,46.38051],[9.9165,46.3715],[9.92131,46.37062],[9.92573,46.3666],[9.93678,46.37548],[9.95213,46.37883],[9.95924,46.37812],[9.95683,46.37295],[9.96444,46.36422],[9.9856,46.35232],[9.99591,46.35066],[9.9955,46.34261],[9.98613,46.33429],[9.98108,46.32368],[9.99971,46.31225],[9.99714,46.30715],[9.99987,46.30238],[9.99236,46.29513],[9.99585,46.28569],[10.00058,46.28293],[10.02937,46.27717],[10.0536,46.26655],[10.06057,46.24823],[10.05428,46.24178],[10.05261,46.23531],[10.04462,46.23054],[10.04947,46.22735],[10.05205,46.22754],[10.05623,46.22516],[10.05861,46.22497],[10.06308,46.22019],[10.06622,46.21966],[10.06693,46.21799],[10.07059,46.21712],[10.08339,46.22621],[10.10143,46.22778],[10.1232,46.22424],[10.1356,46.22626],[10.14554,46.23066],[10.1516,46.23992],[10.17362,46.25388],[10.17652,46.25828],[10.16341,46.27444],[10.16162,46.28246],[10.15475,46.28581],[10.1535,46.29286],[10.13753,46.30109],[10.13877,46.30303],[10.13835,46.30462],[10.11611,46.31501],[10.10508,46.33331],[10.10607,46.34125],[10.10943,46.35214],[10.12886,46.36155],[10.12663,46.36968],[10.1288,46.37834],[10.14378,46.38628],[10.15895,46.38575],[10.16337,46.39038],[10.16258,46.40322],[10.16553,46.40885],[10.15963,46.4154],[10.14973,46.41363],[10.14283,46.4277],[10.13093,46.4315],[10.12118,46.42968],[10.11674,46.42659],[10.10792,46.42761],[10.09906,46.42147],[10.08218,46.42123],[10.07657,46.42796],[10.06495,46.42634],[10.06127,46.42787],[10.05637,46.4401],[10.04233,46.44237],[10.04012,46.44651],[10.04264,46.45298],[10.05333,46.46326],[10.05112,46.4719],[10.04519,46.47696],[10.04354,46.48133],[10.04763,46.48739],[10.0453,46.49262],[10.04808,46.49962],[10.04265,46.50866],[10.05111,46.51342],[10.0538,46.52087],[10.05214,46.53202],[10.04418,46.53798],[10.04677,46.54404],[10.06134,46.54625],[10.06834,46.55138],[10.07202,46.559],[10.08415,46.56646],[10.07939,46.5746],[10.09601,46.57856],[10.10063,46.58444],[10.09749,46.59459],[10.10213,46.61074],[10.11697,46.60643],[10.12934,46.60586],[10.13865,46.61058],[10.16284,46.61606],[10.18974,46.62566],[10.21514,46.6176],[10.22432,46.62895],[10.23817,46.63468],[10.24487,46.62209]]]]},"properties":{"code":"ITC44","nom":"Sondrio","country":"IT"}},{"type":"Feature","geometry":{"type":"MultiPolygon","coordinates":[[[[16.61315,39.19421],[16.62982,39.16244],[16.64167,39.15905],[16.64788,39.15287],[16.65943,39.15416],[16.66282,39.15658],[16.66945,39.15601],[16.67526,39.1363],[16.66937,39.13632],[16.66657,39.13393],[16.65568,39.13208],[16.63843,39.13203],[16.65194,39.1264],[16.65087,39.12345],[16.67723,39.0992],[16.68043,39.09247],[16.70052,39.08896],[16.7069,39.08024],[16.72699,39.06711],[16.73324,39.05978],[16.73956,39.06034],[16.74512,39.06501],[16.76295,39.06699],[16.77617,39.06365],[16.79129,39.05612],[16.82116,39.05143],[16.82774,39.04557],[16.84353,39.04145],[16.85076,39.03097],[16.86533,39.01905],[16.874,39.01752],[16.88354,39.00681],[16.89526,39.00209],[16.89211,38.98921],[16.89603,38.98407],[16.89258,38.9732],[16.90679,38.96111],[16.91831,38.95655],[16.91965,38.95271],[16.90762,38.94818],[16.90589,38.93851],[16.9029,38.93588],[16.89238,38.9337],[16.89073,38.92713],[16.87655,38.92561],[16.86533,38.92256],[16.82177,38.91073],[16.79824,38.90352],[16.78707,38.89918],[16.76236,38.88959],[16.70916,38.86347],[16.68597,38.8508],[16.66924,38.84103],[16.64024,38.82894],[16.62399,38.82461],[16.61048,38.81509],[16.58843,38.78983],[16.56995,38.76922],[16.56795,38.76614],[16.57092,38.76072],[16.56955,38.75457],[16.56011,38.74851],[16.55851,38.7412],[16.55742,38.74008],[16.55608,38.73828],[16.55456,38.73686],[16.55299,38.73565],[16.55093,38.73361],[16.54622,38.73032],[16.5369,38.71757],[16.53582,38.70612],[16.54644,38.69304],[16.55524,38.68938],[16.55877,38.68059],[16.55719,38.66692],[16.55655,38.65497],[16.55861,38.6417],[16.56033,38.61956],[16.56411,38.60925],[16.56812,38.59403],[16.57302,38.56065],[16.57208,38.53485],[16.57501,38.51807],[16.57733,38.50484],[16.58208,38.46979],[16.56713,38.4714],[16.55814,38.46857],[16.54833,38.4715],[16.54117,38.46332],[16.52459,38.47108],[16.51021,38.48226],[16.50211,38.48212],[16.49873,38.48363],[16.49141,38.48691],[16.49006,38.49081],[16.48031,38.49212],[16.48562,38.49634],[16.48522,38.49929],[16.47282,38.50263],[16.45719,38.51233],[16.42235,38.51002],[16.40972,38.51253],[16.40812,38.51807],[16.40733,38.52084],[16.41679,38.51946],[16.42195,38.52116],[16.42073,38.52843],[16.43935,38.5374],[16.43094,38.54714],[16.41999,38.55395],[16.42302,38.56324],[16.42849,38.56515],[16.43352,38.57076],[16.42974,38.57449],[16.43155,38.57976],[16.42886,38.58327],[16.41676,38.58766],[16.41811,38.59349],[16.40143,38.60148],[16.38666,38.59958],[16.38151,38.60454],[16.37252,38.60757],[16.36974,38.61226],[16.37673,38.621],[16.36199,38.62898],[16.35984,38.63276],[16.35393,38.62948],[16.34024,38.63257],[16.3328,38.63682],[16.32895,38.64221],[16.34457,38.65599],[16.34558,38.66692],[16.32796,38.67649],[16.33248,38.68286],[16.33699,38.68623],[16.33791,38.6986],[16.34291,38.70296],[16.34839,38.70691],[16.34801,38.71267],[16.33861,38.7206],[16.34379,38.72614],[16.35145,38.73527],[16.35843,38.73523],[16.36576,38.7382],[16.37012,38.74353],[16.36605,38.7594],[16.36424,38.76294],[16.36208,38.76779],[16.35633,38.77789],[16.35999,38.79094],[16.35089,38.78947],[16.34447,38.79407],[16.32366,38.79977],[16.31658,38.80758],[16.29686,38.8211],[16.28126,38.82378],[16.26408,38.82026],[16.2746,38.81343],[16.27898,38.79171],[16.26565,38.79632],[16.25022,38.80925],[16.24219,38.80831],[16.23202,38.81108],[16.21375,38.81044],[16.22164,38.84884],[16.22088,38.89918],[16.22071,38.91049],[16.21545,38.92621],[16.2105,38.93006],[16.19608,38.9326],[16.18577,38.93809],[16.17989,38.94286],[16.15775,38.95062],[16.14809,38.96888],[16.12454,39.00412],[16.09883,39.02852],[16.09315,39.04874],[16.10969,39.05088],[16.12161,39.05824],[16.12778,39.05901],[16.12838,39.05433],[16.13573,39.04972],[16.14357,39.04985],[16.14622,39.05336],[16.15594,39.0606],[16.18577,39.07206],[16.18889,39.07466],[16.19156,39.0769],[16.19691,39.08007],[16.21511,39.08397],[16.2131,39.10334],[16.22209,39.09897],[16.22682,39.09167],[16.23296,39.09232],[16.24548,39.09925],[16.25052,39.09935],[16.25894,39.11259],[16.28686,39.10151],[16.29756,39.10511],[16.29944,39.09969],[16.3203,39.10418],[16.32719,39.10955],[16.3413,39.10693],[16.34236,39.11009],[16.34675,39.11044],[16.34912,39.10912],[16.34937,39.10296],[16.35929,39.09618],[16.36604,39.09494],[16.37222,39.10028],[16.38356,39.10505],[16.39381,39.10391],[16.39461,39.09295],[16.40753,39.08135],[16.41208,39.07332],[16.42575,39.06131],[16.43788,39.06257],[16.44267,39.0696],[16.44367,39.06891],[16.44736,39.06164],[16.47064,39.05128],[16.48246,39.05716],[16.47852,39.06404],[16.47952,39.07153],[16.47458,39.08563],[16.47667,39.08789],[16.47515,39.09155],[16.4784,39.1082],[16.49064,39.10425],[16.49873,39.10685],[16.50173,39.10781],[16.51068,39.10709],[16.50857,39.11226],[16.48664,39.11563],[16.48081,39.12216],[16.4885,39.13835],[16.49901,39.14188],[16.50163,39.14389],[16.5043,39.16157],[16.5105,39.15959],[16.51649,39.16297],[16.52394,39.16151],[16.52544,39.15312],[16.53023,39.15178],[16.53681,39.14551],[16.54478,39.15002],[16.55077,39.15809],[16.56145,39.16182],[16.56514,39.1659],[16.57406,39.16921],[16.58408,39.16888],[16.58884,39.18299],[16.59404,39.18463],[16.59964,39.19205],[16.61315,39.19421]]]]},"properties":{"code":"ITF63","nom":"Catanzaro","country":"IT"}},{"type":"Feature","geometry":{"type":"MultiPolygon","coordinates":[[[[16.34447,38.79407],[16.35089,38.78947],[16.35999,38.79094],[16.35633,38.77789],[16.36208,38.76779],[16.36424,38.76294],[16.36605,38.7594],[16.37012,38.74353],[16.36576,38.7382],[16.35843,38.73523],[16.35145,38.73527],[16.34379,38.72614],[16.33861,38.7206],[16.34801,38.71267],[16.34839,38.70691],[16.34291,38.70296],[16.33791,38.6986],[16.33699,38.68623],[16.33248,38.68286],[16.32796,38.67649],[16.34558,38.66692],[16.34457,38.65599],[16.32895,38.64221],[16.3328,38.63682],[16.34024,38.63257],[16.35393,38.62948],[16.35984,38.63276],[16.36199,38.62898],[16.37673,38.621],[16.36974,38.61226],[16.37252,38.60757],[16.38151,38.60454],[16.38666,38.59958],[16.40143,38.60148],[16.41811,38.59349],[16.41676,38.58766],[16.42886,38.58327],[16.43155,38.57976],[16.42974,38.57449],[16.43352,38.57076],[16.42849,38.56515],[16.42302,38.56324],[16.41999,38.55395],[16.39954,38.57053],[16.39284,38.57316],[16.38636,38.56649],[16.3774,38.56604],[16.37328,38.56389],[16.36247,38.5589],[16.35961,38.54341],[16.34985,38.5371],[16.35035,38.5303],[16.35042,38.52391],[16.3456,38.51807],[16.35277,38.50064],[16.3733,38.48166],[16.38285,38.47991],[16.38319,38.47844],[16.38768,38.47559],[16.38784,38.46962],[16.38251,38.46623],[16.38241,38.46084],[16.3918,38.44856],[16.39099,38.44422],[16.37712,38.44236],[16.36783,38.43194],[16.36118,38.43581],[16.34907,38.42915],[16.31288,38.43348],[16.30175,38.43058],[16.2942,38.43796],[16.28893,38.43978],[16.28152,38.43928],[16.2654,38.44835],[16.26864,38.45549],[16.26523,38.46631],[16.2546,38.48297],[16.24228,38.4921],[16.23127,38.50101],[16.21084,38.49697],[16.20039,38.49986],[16.1923,38.49864],[16.18577,38.50455],[16.17875,38.51035],[16.16033,38.51659],[16.15842,38.51807],[16.13701,38.53474],[16.12142,38.53663],[16.11061,38.54275],[16.10595,38.54088],[16.10078,38.54196],[16.09601,38.55075],[16.08015,38.56206],[16.07349,38.56028],[16.0689,38.54902],[16.06312,38.5529],[16.06016,38.54899],[16.04514,38.5439],[16.03909,38.53405],[16.03238,38.53276],[16.02266,38.5309],[16.01381,38.52174],[16.00703,38.51807],[16.00566,38.51776],[16.0038,38.51807],[15.9907,38.52135],[15.98524,38.51809],[15.98029,38.52209],[15.97055,38.52399],[15.95768,38.52401],[15.95292,38.51807],[15.95081,38.51545],[15.94187,38.5139],[15.92934,38.50744],[15.91896,38.50676],[15.92352,38.51807],[15.92889,38.53138],[15.93015,38.54513],[15.93015,38.54682],[15.928,38.55012],[15.90768,38.56082],[15.90138,38.56496],[15.89358,38.57684],[15.88556,38.58043],[15.87898,38.58793],[15.86721,38.59304],[15.85691,38.60334],[15.846,38.61219],[15.8401,38.61268],[15.83495,38.61704],[15.8284,38.61823],[15.82692,38.62342],[15.8284,38.6254],[15.83687,38.64582],[15.84316,38.65299],[15.85155,38.66133],[15.87131,38.67231],[15.88567,38.67412],[15.89623,38.68062],[15.90755,38.68084],[15.93015,38.68884],[15.9373,38.69137],[15.94824,38.692],[15.96272,38.70298],[15.97801,38.71828],[15.98579,38.72254],[15.9938,38.72355],[16.00638,38.72269],[16.03238,38.72751],[16.05375,38.72507],[16.06042,38.72165],[16.07459,38.71983],[16.10416,38.7121],[16.11146,38.71382],[16.1238,38.72138],[16.12371,38.71699],[16.12934,38.71619],[16.14701,38.72424],[16.15974,38.7364],[16.1748,38.74283],[16.18577,38.75206],[16.21375,38.81044],[16.23202,38.81108],[16.24219,38.80831],[16.25022,38.80925],[16.26565,38.79632],[16.27898,38.79171],[16.2746,38.81343],[16.26408,38.82026],[16.28126,38.82378],[16.29686,38.8211],[16.31658,38.80758],[16.32366,38.79977],[16.34447,38.79407]]]]},"properties":{"code":"ITF64","nom":"Vibo Valentia","country":"IT"}},{"type":"Feature","geometry":{"type":"MultiPolygon","coordinates":[[[[14.67326,40.82179],[14.67602,40.82149],[14.67477,40.82975],[14.68669,40.84086],[14.70688,40.83849],[14.71065,40.83853],[14.72411,40.83867],[14.73365,40.8421],[14.73587,40.83625],[14.74094,40.82833],[14.73027,40.82133],[14.7448,40.8027],[14.75237,40.80425],[14.75735,40.80289],[14.76525,40.8046],[14.77211,40.80204],[14.78061,40.80619],[14.78311,40.80069],[14.7947,40.79854],[14.80065,40.79979],[14.80196,40.80322],[14.81089,40.80459],[14.82721,40.79402],[14.83834,40.79445],[14.84462,40.79961],[14.85444,40.80009],[14.87006,40.79674],[14.8704,40.79631],[14.89611,40.8054],[14.91753,40.80884],[14.91966,40.80201],[14.94221,40.78932],[14.96377,40.78791],[14.96641,40.78691],[14.96867,40.78591],[14.97327,40.78538],[14.97897,40.78585],[14.98242,40.78691],[14.98727,40.78809],[14.98947,40.78691],[14.99198,40.78082],[15.00614,40.77758],[15.00922,40.77312],[15.02718,40.78146],[15.05602,40.7742],[15.06943,40.77075],[15.08109,40.77117],[15.09292,40.76618],[15.10611,40.76451],[15.13234,40.76115],[15.13986,40.75537],[15.14117,40.75039],[15.14577,40.73277],[15.1506,40.72953],[15.15377,40.7193],[15.16903,40.7066],[15.19619,40.70973],[15.20275,40.71497],[15.21525,40.7175],[15.24714,40.71764],[15.24045,40.72217],[15.24233,40.72964],[15.23888,40.76873],[15.24029,40.77439],[15.25176,40.78691],[15.26315,40.79038],[15.26596,40.79271],[15.28071,40.7995],[15.28458,40.81902],[15.2956,40.83811],[15.3128,40.83922],[15.32935,40.83315],[15.33502,40.83484],[15.34054,40.82942],[15.35362,40.82419],[15.35756,40.82331],[15.36612,40.81288],[15.37504,40.81273],[15.37992,40.81035],[15.3788,40.80655],[15.36617,40.80045],[15.376,40.79513],[15.38619,40.79717],[15.38756,40.79389],[15.38438,40.78691],[15.38134,40.77936],[15.39116,40.76721],[15.38451,40.76385],[15.37963,40.75247],[15.38272,40.73641],[15.38142,40.72561],[15.38575,40.72181],[15.3937,40.71733],[15.40576,40.71548],[15.41086,40.71179],[15.42821,40.69333],[15.45128,40.68676],[15.45981,40.67895],[15.46218,40.67677],[15.47084,40.67347],[15.48726,40.6728],[15.49079,40.66499],[15.5026,40.66384],[15.49997,40.65506],[15.48314,40.64348],[15.46887,40.63921],[15.46581,40.63355],[15.46534,40.6309],[15.46218,40.62573],[15.45981,40.6226],[15.44954,40.60906],[15.45981,40.60528],[15.46218,40.60441],[15.47018,40.59716],[15.47542,40.59242],[15.48521,40.59348],[15.49203,40.58685],[15.50963,40.58568],[15.5149,40.57994],[15.51477,40.57458],[15.5205,40.57085],[15.53224,40.57293],[15.53271,40.57302],[15.53941,40.56803],[15.53224,40.56148],[15.528,40.55761],[15.53224,40.55172],[15.53602,40.54646],[15.53686,40.53552],[15.54473,40.53085],[15.53538,40.52222],[15.55055,40.50921],[15.53624,40.50007],[15.53893,40.48801],[15.55185,40.48076],[15.5566,40.47809],[15.56723,40.476],[15.57227,40.47065],[15.57809,40.46848],[15.57751,40.46025],[15.59067,40.44648],[15.58681,40.44356],[15.62849,40.42521],[15.6407,40.41558],[15.64806,40.41397],[15.66281,40.39245],[15.67188,40.39774],[15.6812,40.39336],[15.70179,40.38342],[15.7096,40.3766],[15.70847,40.36878],[15.70347,40.36185],[15.70513,40.343],[15.72043,40.32674],[15.72107,40.32446],[15.72972,40.32179],[15.72785,40.31524],[15.74406,40.30091],[15.7641,40.29798],[15.76857,40.29133],[15.77673,40.29246],[15.79142,40.28956],[15.80209,40.2789],[15.8059,40.27299],[15.80042,40.26884],[15.79974,40.25986],[15.80441,40.25167],[15.78951,40.24251],[15.78831,40.23464],[15.79649,40.22399],[15.79265,40.21916],[15.78803,40.21769],[15.77199,40.21623],[15.75297,40.20525],[15.74917,40.20044],[15.73786,40.20225],[15.73134,40.19929],[15.72918,40.18683],[15.71262,40.1784],[15.71421,40.17381],[15.71565,40.16964],[15.70093,40.15837],[15.70908,40.13971],[15.70315,40.12235],[15.70592,40.11769],[15.70177,40.11129],[15.69981,40.10966],[15.69667,40.1064],[15.67724,40.08439],[15.66372,40.07981],[15.65468,40.08008],[15.65175,40.07759],[15.67075,40.07126],[15.6756,40.06371],[15.67626,40.05486],[15.64495,40.04279],[15.63287,40.05079],[15.62658,40.05793],[15.6277,40.06349],[15.63195,40.06787],[15.63026,40.07132],[15.62434,40.07364],[15.61826,40.06934],[15.61419,40.06979],[15.6033,40.07399],[15.59301,40.07391],[15.57536,40.07799],[15.55185,40.07567],[15.5328,40.07378],[15.53224,40.07363],[15.51504,40.06895],[15.50377,40.06351],[15.5018,40.06039],[15.49178,40.05085],[15.48432,40.0392],[15.4765,40.03977],[15.46218,40.03397],[15.45981,40.03194],[15.44541,40.01963],[15.44183,40.01606],[15.43205,40.00632],[15.4254,39.99523],[15.41813,39.99153],[15.41264,39.99341],[15.41125,39.99696],[15.40301,39.99513],[15.39407,39.99797],[15.38712,39.99715],[15.38226,40.00023],[15.37115,39.99762],[15.36564,40.00034],[15.35336,40.00055],[15.34021,40.00718],[15.33155,40.01606],[15.31808,40.02989],[15.30934,40.03164],[15.29423,40.02832],[15.28885,40.02321],[15.26878,40.02516],[15.26896,40.03085],[15.2798,40.03039],[15.28529,40.03572],[15.2825,40.05337],[15.27631,40.06674],[15.26361,40.0817],[15.24194,40.09054],[15.20747,40.12184],[15.193,40.12449],[15.1806,40.12502],[15.14639,40.15993],[15.12674,40.1733],[15.12505,40.17381],[15.11595,40.17652],[15.09658,40.17381],[15.09465,40.17354],[15.08533,40.17321],[15.06619,40.16485],[15.05323,40.17042],[15.04185,40.17018],[15.03459,40.17381],[15.02535,40.17841],[15.02013,40.19146],[15.00638,40.20704],[15.00116,40.20872],[14.99066,40.21886],[14.97089,40.22145],[14.95375,40.23252],[14.94225,40.23341],[14.93499,40.22911],[14.9271,40.23175],[14.90939,40.24376],[14.90566,40.25236],[14.92652,40.26595],[14.935,40.26841],[14.94368,40.27654],[14.94679,40.302],[14.94464,40.31233],[14.93941,40.31859],[14.9454,40.33539],[14.95362,40.33782],[14.96844,40.34061],[14.9764,40.34919],[14.98425,40.35141],[14.9866,40.35453],[14.99223,40.35392],[14.99619,40.35621],[14.99951,40.36239],[15.00101,40.37921],[14.99616,40.39788],[14.98446,40.4218],[14.94239,40.48214],[14.90636,40.54718],[14.88293,40.58],[14.86663,40.59716],[14.83926,40.62598],[14.81229,40.64913],[14.7883,40.66553],[14.7601,40.67682],[14.75237,40.67524],[14.74645,40.67692],[14.74379,40.67243],[14.73478,40.67058],[14.71863,40.66602],[14.71065,40.657],[14.70219,40.64612],[14.69225,40.63478],[14.67982,40.63332],[14.66099,40.64095],[14.64147,40.64636],[14.63358,40.64854],[14.62496,40.64772],[14.61035,40.63629],[14.60787,40.63439],[14.59744,40.632],[14.57673,40.61788],[14.57468,40.6138],[14.56944,40.61513],[14.56719,40.61491],[14.55453,40.61365],[14.53918,40.61336],[14.53031,40.60782],[14.52666,40.60788],[14.52152,40.60984],[14.51878,40.61574],[14.51085,40.61998],[14.49554,40.62658],[14.48856,40.62729],[14.46862,40.6202],[14.46283,40.6264],[14.46597,40.63365],[14.47973,40.63696],[14.48244,40.64683],[14.49674,40.64631],[14.50198,40.64816],[14.50947,40.64565],[14.51193,40.64016],[14.51067,40.63077],[14.51792,40.6219],[14.53762,40.62414],[14.54569,40.62204],[14.55299,40.62392],[14.55655,40.62841],[14.56719,40.62372],[14.57702,40.62789],[14.5802,40.63557],[14.57125,40.6414],[14.57215,40.6466],[14.56719,40.6517],[14.55895,40.66017],[14.55522,40.66787],[14.5579,40.66977],[14.56719,40.67014],[14.57199,40.67032],[14.57783,40.6789],[14.57705,40.68167],[14.58053,40.68554],[14.5903,40.69028],[14.59065,40.69397],[14.57776,40.70146],[14.57993,40.70953],[14.57187,40.71123],[14.56938,40.71965],[14.56719,40.72105],[14.56516,40.72235],[14.56081,40.73085],[14.54974,40.72823],[14.54691,40.73735],[14.54272,40.74012],[14.53577,40.73641],[14.52052,40.73474],[14.50626,40.74044],[14.51399,40.7465],[14.51033,40.76598],[14.50732,40.7692],[14.50805,40.7726],[14.51488,40.7737],[14.51898,40.77704],[14.53698,40.77972],[14.5444,40.77874],[14.54952,40.78691],[14.55082,40.78939],[14.55593,40.79138],[14.56719,40.78882],[14.57598,40.78683],[14.57427,40.80022],[14.58817,40.80556],[14.58931,40.81893],[14.56719,40.83347],[14.56468,40.83513],[14.56719,40.83889],[14.57277,40.84722],[14.60558,40.84757],[14.61592,40.84567],[14.63926,40.83681],[14.64147,40.83653],[14.6513,40.83532],[14.65542,40.82638],[14.67326,40.82179]]]]},"properties":{"code":"ITF35","nom":"Salerno","country":"IT"}},{"type":"Feature","geometry":{"type":"MultiPolygon","coordinates":[[[[17.28813,40.80271],[17.29837,40.80045],[17.30175,40.80207],[17.30476,40.79752],[17.30992,40.78975],[17.30476,40.78724],[17.29108,40.78611],[17.28965,40.78119],[17.29583,40.77418],[17.28247,40.77477],[17.28111,40.77328],[17.30476,40.74499],[17.31179,40.74339],[17.31711,40.73889],[17.32545,40.74271],[17.33909,40.73703],[17.34141,40.74142],[17.35369,40.74858],[17.35073,40.74611],[17.35023,40.74046],[17.35094,40.73275],[17.36604,40.72827],[17.37273,40.72261],[17.38053,40.72337],[17.384,40.72184],[17.38692,40.72054],[17.39637,40.69618],[17.40424,40.6889],[17.41382,40.68487],[17.42151,40.68831],[17.42583,40.68786],[17.42509,40.68232],[17.41796,40.68175],[17.42794,40.63268],[17.43798,40.62454],[17.45893,40.6195],[17.47351,40.61054],[17.47504,40.60162],[17.47323,40.59716],[17.45941,40.58877],[17.45762,40.58099],[17.45588,40.57594],[17.45511,40.57415],[17.45306,40.56767],[17.45183,40.56516],[17.44969,40.54966],[17.45288,40.54187],[17.4614,40.53213],[17.46489,40.52215],[17.47923,40.50332],[17.48621,40.48447],[17.48707,40.48214],[17.51268,40.47746],[17.51949,40.46964],[17.52111,40.45734],[17.54338,40.44054],[17.54643,40.43843],[17.54517,40.44539],[17.54864,40.44632],[17.55471,40.4442],[17.56079,40.43756],[17.56392,40.4382],[17.56847,40.44506],[17.57691,40.43943],[17.57939,40.43996],[17.58931,40.4491],[17.58302,40.45664],[17.58387,40.46019],[17.59696,40.46014],[17.60883,40.46466],[17.62196,40.46009],[17.62708,40.46178],[17.63571,40.45919],[17.63931,40.45155],[17.65069,40.45082],[17.6635,40.44613],[17.6714,40.44023],[17.68272,40.44074],[17.68447,40.42921],[17.69333,40.41276],[17.71748,40.40779],[17.71937,40.40243],[17.7287,40.3957],[17.7287,40.39154],[17.77161,40.39697],[17.77221,40.39316],[17.77857,40.38839],[17.79255,40.38969],[17.79841,40.37964],[17.79931,40.3535],[17.79212,40.33671],[17.78014,40.32704],[17.78502,40.31163],[17.76803,40.31159],[17.7635,40.29551],[17.75917,40.2973],[17.75501,40.29524],[17.74809,40.29708],[17.74211,40.29552],[17.73213,40.29987],[17.69783,40.30352],[17.6635,40.30438],[17.6102,40.30058],[17.51152,40.29496],[17.5054,40.29652],[17.5037,40.30253],[17.49358,40.31012],[17.48621,40.31149],[17.46919,40.31465],[17.45862,40.31695],[17.4489,40.32706],[17.43226,40.33126],[17.40357,40.33104],[17.38602,40.33739],[17.384,40.34007],[17.37996,40.34543],[17.36685,40.34859],[17.35576,40.35522],[17.34924,40.35503],[17.34018,40.36176],[17.32483,40.36179],[17.311,40.36655],[17.30849,40.37063],[17.30476,40.37299],[17.2975,40.3776],[17.28465,40.37975],[17.25654,40.39449],[17.23236,40.40237],[17.22372,40.40779],[17.2043,40.41122],[17.21047,40.42063],[17.23211,40.42511],[17.24601,40.43613],[17.25033,40.45285],[17.24018,40.46764],[17.22322,40.4795],[17.20981,40.47713],[17.18462,40.47955],[17.17993,40.49084],[17.16707,40.49848],[17.1617,40.49937],[17.16093,40.5025],[17.14787,40.49827],[17.14602,40.50809],[17.1271,40.51762],[17.12076,40.5187],[17.11136,40.51977],[17.10213,40.52016],[17.09916,40.52002],[17.09484,40.5201],[17.08725,40.51983],[17.07418,40.51851],[17.06807,40.51743],[17.06133,40.51588],[17.0231,40.50586],[16.99357,40.49381],[16.98866,40.49161],[16.97301,40.4832],[16.96003,40.4759],[16.95855,40.47507],[16.94723,40.46826],[16.93731,40.46182],[16.9097,40.44157],[16.90156,40.43515],[16.89049,40.4238],[16.88416,40.41775],[16.87968,40.41271],[16.87163,40.40406],[16.86922,40.40117],[16.86726,40.39785],[16.86533,40.39877],[16.85952,40.40153],[16.85622,40.4059],[16.84998,40.40239],[16.84538,40.41096],[16.83558,40.41134],[16.82534,40.41857],[16.8246,40.42371],[16.81824,40.42525],[16.80966,40.43403],[16.80943,40.44659],[16.8025,40.45708],[16.79461,40.46116],[16.7835,40.46317],[16.78143,40.46119],[16.75833,40.46265],[16.75327,40.46884],[16.74958,40.46523],[16.73618,40.46824],[16.73221,40.47349],[16.72039,40.48042],[16.73689,40.50624],[16.73582,40.51132],[16.72493,40.51477],[16.71708,40.52349],[16.72349,40.53561],[16.70634,40.55094],[16.70783,40.56443],[16.71788,40.5836],[16.71186,40.59281],[16.71872,40.59457],[16.72237,40.59716],[16.72835,40.6014],[16.72295,40.6038],[16.71266,40.61652],[16.71009,40.63258],[16.72681,40.68741],[16.71104,40.68957],[16.6975,40.70283],[16.70394,40.71021],[16.71092,40.70681],[16.72499,40.71381],[16.73576,40.7116],[16.78685,40.73323],[16.80052,40.69553],[16.80795,40.69244],[16.81396,40.69311],[16.82097,40.69441],[16.81924,40.70613],[16.84067,40.71215],[16.85526,40.72301],[16.86533,40.72086],[16.8713,40.71286],[16.87703,40.71767],[16.88664,40.7136],[16.89588,40.71509],[16.90386,40.70766],[16.91267,40.70764],[16.9308,40.71284],[16.92349,40.72733],[16.92855,40.73787],[16.93731,40.74007],[16.94815,40.74278],[16.96003,40.74255],[16.97369,40.74229],[17.01553,40.7598],[17.02054,40.75192],[17.01032,40.74046],[17.00189,40.73141],[17.02371,40.71318],[17.03472,40.71251],[17.05952,40.72105],[17.08184,40.71999],[17.08697,40.71766],[17.08902,40.71059],[17.0966,40.70946],[17.10057,40.71434],[17.11399,40.71336],[17.11739,40.7083],[17.12269,40.70724],[17.14864,40.7108],[17.15646,40.74046],[17.16193,40.74448],[17.20316,40.76091],[17.20338,40.75996],[17.20552,40.75827],[17.21567,40.76096],[17.22857,40.7576],[17.24918,40.76701],[17.25068,40.77513],[17.24506,40.8002],[17.28481,40.79785],[17.28813,40.80271]]],[[[17.1658,40.44882],[17.16472,40.44561],[17.15848,40.44635],[17.15633,40.44465],[17.15109,40.44575],[17.14645,40.44951],[17.15299,40.4513],[17.16022,40.45617],[17.16277,40.45019],[17.1658,40.44882]]],[[[17.14625,40.45106],[17.14383,40.44942],[17.13988,40.45105],[17.14292,40.45443],[17.14625,40.45106]]]]},"properties":{"code":"ITF43","nom":"Taranto","country":"IT"}},{"type":"Feature","geometry":{"type":"MultiPolygon","coordinates":[[[[17.51502,40.81428],[17.56103,40.79784],[17.6635,40.77185],[17.67692,40.76854],[17.71663,40.75376],[17.73456,40.74471],[17.73863,40.74046],[17.7461,40.73416],[17.777,40.71979],[17.79838,40.71635],[17.79768,40.71169],[17.80123,40.70829],[17.84522,40.68997],[17.89271,40.68247],[17.92249,40.68012],[17.93783,40.68311],[17.94545,40.67636],[17.94888,40.66887],[17.9615,40.66039],[17.961,40.65666],[17.95377,40.6497],[17.95423,40.64596],[17.9652,40.64713],[17.98442,40.64424],[17.99469,40.64698],[17.99754,40.64774],[18.00867,40.64292],[18.01952,40.64146],[18.01483,40.63362],[18.01687,40.62481],[18.0444,40.59716],[18.04171,40.58173],[18.03489,40.57163],[18.04267,40.55862],[18.05586,40.5481],[18.07166,40.53978],[18.0764,40.5381],[18.08084,40.52567],[18.09745,40.51538],[18.09068,40.51119],[18.08928,40.5065],[18.08075,40.49323],[18.08141,40.48711],[18.07407,40.47737],[18.07259,40.46315],[18.06307,40.46489],[18.06079,40.4711],[18.05454,40.47472],[18.04898,40.47373],[18.04148,40.48756],[18.03142,40.48166],[18.02729,40.46981],[18.01901,40.46418],[18.00347,40.46813],[17.99469,40.46732],[17.99101,40.465],[17.98234,40.45889],[17.97854,40.45651],[17.97434,40.45494],[17.95553,40.45681],[17.95339,40.4576],[17.9395,40.43958],[17.93498,40.4287],[17.89461,40.42327],[17.88725,40.42223],[17.88279,40.41607],[17.86739,40.41628],[17.84763,40.40898],[17.82474,40.4038],[17.82145,40.39918],[17.82015,40.39506],[17.80542,40.38856],[17.80379,40.38171],[17.79841,40.37964],[17.79255,40.38969],[17.77857,40.38839],[17.77221,40.39316],[17.77161,40.39697],[17.7287,40.39154],[17.7287,40.3957],[17.71937,40.40243],[17.71748,40.40779],[17.69333,40.41276],[17.68447,40.42921],[17.68272,40.44074],[17.6714,40.44023],[17.6635,40.44613],[17.65069,40.45082],[17.63931,40.45155],[17.63571,40.45919],[17.62708,40.46178],[17.62196,40.46009],[17.60883,40.46466],[17.59696,40.46014],[17.58387,40.46019],[17.58302,40.45664],[17.58931,40.4491],[17.57939,40.43996],[17.57691,40.43943],[17.56847,40.44506],[17.56392,40.4382],[17.56079,40.43756],[17.55471,40.4442],[17.54864,40.44632],[17.54517,40.44539],[17.54643,40.43843],[17.54338,40.44054],[17.52111,40.45734],[17.51949,40.46964],[17.51268,40.47746],[17.48707,40.48214],[17.48621,40.48447],[17.47923,40.50332],[17.46489,40.52215],[17.4614,40.53213],[17.45288,40.54187],[17.44969,40.54966],[17.45183,40.56516],[17.45306,40.56767],[17.45511,40.57415],[17.45588,40.57594],[17.45762,40.58099],[17.45941,40.58877],[17.47323,40.59716],[17.47504,40.60162],[17.47351,40.61054],[17.45893,40.6195],[17.43798,40.62454],[17.42794,40.63268],[17.41796,40.68175],[17.42509,40.68232],[17.42583,40.68786],[17.42151,40.68831],[17.41382,40.68487],[17.40424,40.6889],[17.39637,40.69618],[17.38692,40.72054],[17.384,40.72184],[17.38053,40.72337],[17.37273,40.72261],[17.36604,40.72827],[17.35094,40.73275],[17.35023,40.74046],[17.35073,40.74611],[17.35369,40.74858],[17.36041,40.74755],[17.37526,40.7504],[17.384,40.74964],[17.39323,40.75033],[17.39443,40.7564],[17.38914,40.76362],[17.38926,40.77149],[17.3943,40.77346],[17.39797,40.77853],[17.39728,40.78557],[17.384,40.78447],[17.3812,40.78423],[17.37227,40.78917],[17.36254,40.78655],[17.32809,40.81068],[17.31795,40.80718],[17.31024,40.81091],[17.30476,40.81321],[17.29791,40.81661],[17.29782,40.8201],[17.30476,40.82554],[17.31451,40.83286],[17.3106,40.83968],[17.32156,40.8433],[17.3326,40.85186],[17.34075,40.86051],[17.34086,40.86629],[17.35306,40.8709],[17.35561,40.87667],[17.37109,40.88577],[17.384,40.89017],[17.38898,40.89186],[17.42202,40.86554],[17.4682,40.84243],[17.47302,40.83233],[17.48621,40.82666],[17.51502,40.81428]],[[18.05935,40.47549],[18.06102,40.47401],[18.06418,40.47656],[18.06813,40.47802],[18.07124,40.47702],[18.07317,40.4784],[18.07103,40.48469],[18.06932,40.48703],[18.06467,40.48369],[18.06442,40.48199],[18.05897,40.47963],[18.06232,40.47736],[18.05935,40.47549]]],[[[18.00356,40.65518],[18.00111,40.65193],[17.99808,40.65446],[18.00064,40.65746],[18.00356,40.65518]]],[[[17.97111,40.66221],[17.96962,40.65661],[17.96781,40.65718],[17.96737,40.66244],[17.97111,40.66221]]]]},"properties":{"code":"ITF44","nom":"Brindisi","country":"IT"}},{"type":"Feature","geometry":{"type":"MultiPolygon","coordinates":[[[[15.88019,41.13713],[15.89288,41.12384],[15.90192,41.12537],[15.91499,41.1159],[15.92062,41.11184],[15.93183,41.10972],[15.9376,41.11356],[15.9437,41.11192],[15.95468,41.10898],[15.95926,41.09991],[15.9542,41.0931],[15.97835,41.0925],[15.98354,41.08678],[15.98014,41.07997],[15.99975,41.05466],[16.0074,41.05831],[16.02565,41.05113],[16.02906,41.04441],[16.03975,41.03669],[16.04053,41.02834],[16.03274,41.02692],[16.02836,41.02363],[16.02771,41.01339],[16.0314,40.99824],[16.00822,40.97251],[16.00202,40.97029],[15.98768,40.97],[15.97188,40.97211],[15.97386,40.96934],[15.97476,40.96772],[15.97546,40.96491],[15.97576,40.96172],[15.97669,40.95843],[15.98469,40.95403],[16.01865,40.94462],[16.04279,40.93844],[16.06051,40.92897],[16.0941,40.91961],[16.12114,40.8977],[16.13395,40.90709],[16.1355,40.91191],[16.13705,40.91672],[16.14587,40.9232],[16.15659,40.92324],[16.16503,40.92815],[16.18577,40.92181],[16.20253,40.91751],[16.20921,40.91191],[16.2135,40.90831],[16.22586,40.87805],[16.23145,40.85565],[16.24064,40.84792],[16.2441,40.83801],[16.22813,40.83144],[16.21607,40.83037],[16.20554,40.82194],[16.18577,40.81404],[16.16869,40.80583],[16.13565,40.80171],[16.12586,40.79844],[16.12129,40.79472],[16.12137,40.78691],[16.12126,40.77562],[16.11496,40.76763],[16.11914,40.76665],[16.13014,40.74846],[16.14844,40.73124],[16.15128,40.71922],[16.14759,40.7142],[16.14865,40.70344],[16.14605,40.69674],[16.12842,40.69464],[16.10183,40.67375],[16.08318,40.66796],[16.07297,40.6606],[16.06383,40.66121],[16.05945,40.65924],[16.056,40.65519],[16.05514,40.64491],[16.04971,40.64123],[16.0483,40.63555],[16.05575,40.62499],[16.0705,40.62028],[16.07297,40.61606],[16.08177,40.60103],[16.09586,40.59716],[16.11309,40.58463],[16.12104,40.58362],[16.11685,40.57751],[16.10528,40.55996],[16.09924,40.554],[16.07573,40.54461],[16.10129,40.52049],[16.11562,40.50128],[16.11175,40.49306],[16.09803,40.48678],[16.09704,40.48219],[16.11628,40.45986],[16.12651,40.45858],[16.13981,40.45378],[16.14178,40.45106],[16.13412,40.44431],[16.12798,40.43032],[16.11479,40.4295],[16.10551,40.41896],[16.10682,40.4082],[16.11282,40.4027],[16.1132,40.39883],[16.15245,40.37638],[16.15987,40.35441],[16.16575,40.34805],[16.16347,40.33844],[16.17495,40.33838],[16.17591,40.33123],[16.18577,40.32468],[16.18952,40.31949],[16.18798,40.31688],[16.18577,40.31658],[16.16991,40.31774],[16.16323,40.3131],[16.17103,40.30808],[16.17374,40.29964],[16.18577,40.29151],[16.18793,40.28959],[16.19557,40.26537],[16.23536,40.26623],[16.2441,40.26737],[16.25787,40.27373],[16.28499,40.26902],[16.3099,40.27338],[16.31889,40.27975],[16.33203,40.30309],[16.34219,40.30445],[16.35228,40.30976],[16.37572,40.3104],[16.37422,40.29655],[16.36492,40.28782],[16.37488,40.27391],[16.36878,40.26264],[16.36982,40.25578],[16.36962,40.24975],[16.35833,40.24068],[16.36058,40.23045],[16.35852,40.22482],[16.34984,40.21765],[16.35019,40.20782],[16.34985,40.2032],[16.36011,40.18611],[16.3718,40.18316],[16.38067,40.17607],[16.38784,40.17521],[16.38806,40.17381],[16.38875,40.16938],[16.39743,40.16699],[16.39388,40.16206],[16.39659,40.15375],[16.38364,40.15159],[16.3744,40.1464],[16.35827,40.13378],[16.35061,40.12328],[16.35119,40.11867],[16.35949,40.12219],[16.3606,40.11401],[16.37484,40.10948],[16.35752,40.09203],[16.3603,40.08955],[16.36705,40.09337],[16.37188,40.09166],[16.36433,40.07731],[16.36681,40.07249],[16.37179,40.07693],[16.38207,40.08021],[16.38086,40.07198],[16.38392,40.06319],[16.39888,40.0554],[16.39321,40.04142],[16.39806,40.01736],[16.39724,40.01606],[16.38634,39.99868],[16.37924,39.99197],[16.37195,39.98477],[16.36739,39.97482],[16.36117,39.96829],[16.36226,39.96141],[16.35941,39.95597],[16.34726,39.94927],[16.33878,39.9357],[16.34784,39.925],[16.35976,39.91958],[16.35938,39.91708],[16.35515,39.90191],[16.34996,39.89929],[16.34224,39.90375],[16.33986,39.91078],[16.33315,39.91353],[16.30811,39.93398],[16.28403,39.93097],[16.269,39.93547],[16.264,39.93296],[16.25126,39.9317],[16.23631,39.92536],[16.21962,39.92782],[16.21532,39.92658],[16.21935,39.91446],[16.21479,39.89595],[16.20001,39.9004],[16.18872,39.9076],[16.18777,39.9083],[16.18577,39.91004],[16.17555,39.91224],[16.15861,39.91923],[16.14828,39.9134],[16.13842,39.90226],[16.13146,39.90654],[16.12064,39.90509],[16.10144,39.9064],[16.09215,39.90347],[16.08098,39.89622],[16.05687,39.89833],[16.0491,39.89474],[16.04154,39.91203],[16.03238,39.91722],[16.0176,39.92559],[16.02121,39.93426],[16.01411,39.94061],[16.00751,39.95815],[16.02347,39.9775],[16.02538,39.97577],[16.03238,39.98196],[16.0331,39.98323],[16.03238,39.9859],[16.03077,39.9913],[16.02393,39.99565],[16.00981,39.99626],[16.00481,39.98889],[15.97961,39.98331],[15.96861,39.9917],[15.93015,40.00057],[15.92811,40.00104],[15.92194,39.99863],[15.91846,39.99284],[15.89811,39.98165],[15.88868,39.99446],[15.87635,39.99564],[15.86921,39.98782],[15.85773,39.9973],[15.85541,40.00298],[15.84979,40.00599],[15.82014,40.00183],[15.81804,39.99638],[15.81131,39.99346],[15.80688,39.98525],[15.79949,39.98033],[15.7956,39.97235],[15.78722,39.96813],[15.7734,39.96024],[15.76612,39.93151],[15.75596,39.9235],[15.75088,39.93222],[15.74437,39.9339],[15.73527,39.94295],[15.73712,39.94507],[15.73458,39.95763],[15.73033,39.96505],[15.72336,39.96946],[15.72007,39.97681],[15.71294,39.98135],[15.71027,39.98746],[15.69868,39.99377],[15.69797,39.99805],[15.68506,40.00227],[15.68053,40.00725],[15.67584,40.01453],[15.67595,40.01606],[15.67689,40.02918],[15.6714,40.03002],[15.66357,40.03932],[15.64857,40.03975],[15.64495,40.04279],[15.67626,40.05486],[15.6756,40.06371],[15.67075,40.07126],[15.65175,40.07759],[15.65468,40.08008],[15.66372,40.07981],[15.67724,40.08439],[15.69667,40.1064],[15.69981,40.10966],[15.70177,40.11129],[15.70592,40.11769],[15.70315,40.12235],[15.70908,40.13971],[15.70093,40.15837],[15.71565,40.16964],[15.71421,40.17381],[15.71262,40.1784],[15.72918,40.18683],[15.73134,40.19929],[15.73786,40.20225],[15.74917,40.20044],[15.75297,40.20525],[15.77199,40.21623],[15.78803,40.21769],[15.79265,40.21916],[15.79649,40.22399],[15.78831,40.23464],[15.78951,40.24251],[15.80441,40.25167],[15.79974,40.25986],[15.80042,40.26884],[15.8059,40.27299],[15.80209,40.2789],[15.79142,40.28956],[15.77673,40.29246],[15.76857,40.29133],[15.7641,40.29798],[15.74406,40.30091],[15.72785,40.31524],[15.72972,40.32179],[15.72107,40.32446],[15.72043,40.32674],[15.70513,40.343],[15.70347,40.36185],[15.70847,40.36878],[15.7096,40.3766],[15.70179,40.38342],[15.6812,40.39336],[15.67188,40.39774],[15.66281,40.39245],[15.64806,40.41397],[15.6407,40.41558],[15.62849,40.42521],[15.58681,40.44356],[15.59067,40.44648],[15.57751,40.46025],[15.57809,40.46848],[15.57227,40.47065],[15.56723,40.476],[15.5566,40.47809],[15.55185,40.48076],[15.53893,40.48801],[15.53624,40.50007],[15.55055,40.50921],[15.53538,40.52222],[15.54473,40.53085],[15.53686,40.53552],[15.53602,40.54646],[15.53224,40.55172],[15.528,40.55761],[15.53224,40.56148],[15.53941,40.56803],[15.53271,40.57302],[15.53224,40.57293],[15.5205,40.57085],[15.51477,40.57458],[15.5149,40.57994],[15.50963,40.58568],[15.49203,40.58685],[15.48521,40.59348],[15.47542,40.59242],[15.47018,40.59716],[15.46218,40.60441],[15.45981,40.60528],[15.44954,40.60906],[15.45981,40.6226],[15.46218,40.62573],[15.46534,40.6309],[15.46581,40.63355],[15.46887,40.63921],[15.48314,40.64348],[15.49997,40.65506],[15.5026,40.66384],[15.49079,40.66499],[15.48726,40.6728],[15.47084,40.67347],[15.46218,40.67677],[15.45981,40.67895],[15.45128,40.68676],[15.42821,40.69333],[15.41086,40.71179],[15.40576,40.71548],[15.3937,40.71733],[15.38575,40.72181],[15.38142,40.72561],[15.38272,40.73641],[15.37963,40.75247],[15.38451,40.76385],[15.39116,40.76721],[15.38134,40.77936],[15.38438,40.78691],[15.38756,40.79389],[15.38619,40.79717],[15.376,40.79513],[15.36617,40.80045],[15.3788,40.80655],[15.37992,40.81035],[15.37504,40.81273],[15.36612,40.81288],[15.35756,40.82331],[15.35362,40.82419],[15.34054,40.82942],[15.33502,40.83484],[15.35336,40.83767],[15.36125,40.83877],[15.37443,40.83528],[15.37809,40.8393],[15.37429,40.86093],[15.37786,40.86727],[15.36783,40.87136],[15.35706,40.87009],[15.35398,40.87457],[15.35423,40.88262],[15.37418,40.88527],[15.38709,40.87594],[15.4004,40.87742],[15.40517,40.88075],[15.44374,40.8764],[15.45454,40.86838],[15.45981,40.86838],[15.46328,40.86837],[15.47247,40.87322],[15.46856,40.88001],[15.46832,40.8892],[15.49366,40.89802],[15.50777,40.90437],[15.51592,40.90448],[15.52636,40.90804],[15.52921,40.91191],[15.53224,40.91601],[15.53497,40.9197],[15.53935,40.9318],[15.54586,40.95016],[15.55185,40.95526],[15.56178,40.9637],[15.56388,40.96601],[15.56717,40.97115],[15.57166,40.99768],[15.56599,41.01226],[15.5597,41.01841],[15.55892,41.02324],[15.56231,41.0303],[15.55185,41.03973],[15.54636,41.05287],[15.54292,41.05582],[15.54164,41.06272],[15.54368,41.0658],[15.54042,41.07164],[15.55083,41.07553],[15.55185,41.07687],[15.56017,41.08776],[15.57439,41.09405],[15.5868,41.09782],[15.60689,41.09653],[15.61809,41.09888],[15.63177,41.09642],[15.63651,41.09243],[15.64562,41.09006],[15.66472,41.09171],[15.66908,41.08696],[15.67517,41.08905],[15.67947,41.08677],[15.70094,41.08878],[15.70644,41.08745],[15.71096,41.08979],[15.72283,41.09037],[15.73116,41.09864],[15.73903,41.09946],[15.75162,41.0974],[15.75411,41.09263],[15.76626,41.08498],[15.76933,41.08396],[15.78292,41.08962],[15.79065,41.08819],[15.79667,41.09065],[15.80185,41.09811],[15.79925,41.11006],[15.80817,41.11366],[15.81343,41.1159],[15.82258,41.1198],[15.8286,41.11837],[15.8303,41.127],[15.83443,41.12985],[15.83843,41.12951],[15.84248,41.12416],[15.84614,41.12562],[15.84973,41.13336],[15.86474,41.1314],[15.87031,41.1399],[15.88019,41.13713]],[[15.9813,40.6488],[15.972,40.64608],[15.95431,40.64814],[15.9415,40.63791],[15.95079,40.62743],[15.95173,40.61598],[15.95554,40.61063],[15.97535,40.60515],[15.98407,40.60575],[15.97987,40.63345],[15.9813,40.6488]]]]},"properties":{"code":"ITF51","nom":"Potenza","country":"IT"}},{"type":"Feature","geometry":{"type":"MultiPolygon","coordinates":[[[[16.40023,40.70739],[16.41386,40.70184],[16.42802,40.70195],[16.43533,40.70884],[16.44698,40.71299],[16.46424,40.72505],[16.48242,40.74046],[16.49873,40.75948],[16.50113,40.76227],[16.51267,40.74965],[16.52071,40.74555],[16.51982,40.73627],[16.5398,40.72669],[16.54175,40.72853],[16.53708,40.7336],[16.53924,40.74014],[16.53375,40.74594],[16.53661,40.75077],[16.55442,40.75592],[16.55874,40.7526],[16.56407,40.74125],[16.57088,40.74202],[16.57408,40.73965],[16.57621,40.74367],[16.57088,40.75169],[16.56866,40.75557],[16.57088,40.75899],[16.57833,40.76214],[16.58619,40.76164],[16.59469,40.75361],[16.63082,40.75257],[16.63599,40.75616],[16.64264,40.75537],[16.64409,40.75319],[16.6384,40.75135],[16.63682,40.74526],[16.65187,40.74295],[16.65129,40.73838],[16.65355,40.73714],[16.66123,40.7387],[16.66344,40.74885],[16.67195,40.74046],[16.72499,40.71381],[16.71092,40.70681],[16.70394,40.71021],[16.6975,40.70283],[16.71104,40.68957],[16.72681,40.68741],[16.71009,40.63258],[16.71266,40.61652],[16.72295,40.6038],[16.72835,40.6014],[16.72237,40.59716],[16.71872,40.59457],[16.71186,40.59281],[16.71788,40.5836],[16.70783,40.56443],[16.70634,40.55094],[16.72349,40.53561],[16.71708,40.52349],[16.72493,40.51477],[16.73582,40.51132],[16.73689,40.50624],[16.72039,40.48042],[16.73221,40.47349],[16.73618,40.46824],[16.74958,40.46523],[16.75327,40.46884],[16.75833,40.46265],[16.78143,40.46119],[16.7835,40.46317],[16.79461,40.46116],[16.8025,40.45708],[16.80943,40.44659],[16.80966,40.43403],[16.81824,40.42525],[16.8246,40.42371],[16.82534,40.41857],[16.83558,40.41134],[16.84538,40.41096],[16.84998,40.40239],[16.85622,40.4059],[16.85952,40.40153],[16.86533,40.39877],[16.86726,40.39785],[16.86533,40.39515],[16.84798,40.37105],[16.82247,40.34199],[16.78657,40.30272],[16.77512,40.28386],[16.75009,40.24644],[16.73722,40.2106],[16.70619,40.17381],[16.68667,40.14624],[16.66399,40.13144],[16.64432,40.1191],[16.62266,40.13143],[16.60988,40.12927],[16.58731,40.13329],[16.57227,40.12686],[16.56199,40.12944],[16.55514,40.12845],[16.54137,40.12466],[16.53011,40.11808],[16.51514,40.12871],[16.50319,40.12988],[16.49873,40.12769],[16.49411,40.12542],[16.47277,40.13327],[16.45224,40.13439],[16.43456,40.12844],[16.42121,40.14391],[16.42001,40.12939],[16.41503,40.12441],[16.40967,40.12109],[16.41542,40.10694],[16.41229,40.09092],[16.41403,40.08123],[16.4061,40.07181],[16.39888,40.0554],[16.38392,40.06319],[16.38086,40.07198],[16.38207,40.08021],[16.37179,40.07693],[16.36681,40.07249],[16.36433,40.07731],[16.37188,40.09166],[16.36705,40.09337],[16.3603,40.08955],[16.35752,40.09203],[16.37484,40.10948],[16.3606,40.11401],[16.35949,40.12219],[16.35119,40.11867],[16.35061,40.12328],[16.35827,40.13378],[16.3744,40.1464],[16.38364,40.15159],[16.39659,40.15375],[16.39388,40.16206],[16.39743,40.16699],[16.38875,40.16938],[16.38806,40.17381],[16.38784,40.17521],[16.38067,40.17607],[16.3718,40.18316],[16.36011,40.18611],[16.34985,40.2032],[16.35019,40.20782],[16.34984,40.21765],[16.35852,40.22482],[16.36058,40.23045],[16.35833,40.24068],[16.36962,40.24975],[16.36982,40.25578],[16.36878,40.26264],[16.37488,40.27391],[16.36492,40.28782],[16.37422,40.29655],[16.37572,40.3104],[16.35228,40.30976],[16.34219,40.30445],[16.33203,40.30309],[16.31889,40.27975],[16.3099,40.27338],[16.28499,40.26902],[16.25787,40.27373],[16.2441,40.26737],[16.23536,40.26623],[16.19557,40.26537],[16.18793,40.28959],[16.18577,40.29151],[16.17374,40.29964],[16.17103,40.30808],[16.16323,40.3131],[16.16991,40.31774],[16.18577,40.31658],[16.18798,40.31688],[16.18952,40.31949],[16.18577,40.32468],[16.17591,40.33123],[16.17495,40.33838],[16.16347,40.33844],[16.16575,40.34805],[16.15987,40.35441],[16.15245,40.37638],[16.1132,40.39883],[16.11282,40.4027],[16.10682,40.4082],[16.10551,40.41896],[16.11479,40.4295],[16.12798,40.43032],[16.13412,40.44431],[16.14178,40.45106],[16.13981,40.45378],[16.12651,40.45858],[16.11628,40.45986],[16.09704,40.48219],[16.09803,40.48678],[16.11175,40.49306],[16.11562,40.50128],[16.10129,40.52049],[16.07573,40.54461],[16.09924,40.554],[16.10528,40.55996],[16.11685,40.57751],[16.12104,40.58362],[16.11309,40.58463],[16.09586,40.59716],[16.08177,40.60103],[16.07297,40.61606],[16.0705,40.62028],[16.05575,40.62499],[16.0483,40.63555],[16.04971,40.64123],[16.05514,40.64491],[16.056,40.65519],[16.05945,40.65924],[16.06383,40.66121],[16.07297,40.6606],[16.08318,40.66796],[16.10183,40.67375],[16.12842,40.69464],[16.14605,40.69674],[16.14865,40.70344],[16.14759,40.7142],[16.15128,40.71922],[16.14844,40.73124],[16.13014,40.74846],[16.11914,40.76665],[16.11496,40.76763],[16.12126,40.77562],[16.12137,40.78691],[16.12129,40.79472],[16.12586,40.79844],[16.13565,40.80171],[16.16869,40.80583],[16.18577,40.81404],[16.20554,40.82194],[16.21607,40.83037],[16.22813,40.83144],[16.2441,40.83801],[16.25184,40.83308],[16.25669,40.82312],[16.26888,40.81457],[16.27869,40.80173],[16.3151,40.78369],[16.35,40.74936],[16.37141,40.74046],[16.38597,40.73137],[16.40023,40.70739]]],[[[15.9813,40.6488],[15.97987,40.63345],[15.98407,40.60575],[15.97535,40.60515],[15.95554,40.61063],[15.95173,40.61598],[15.95079,40.62743],[15.9415,40.63791],[15.95431,40.64814],[15.972,40.64608],[15.9813,40.6488]]]]},"properties":{"code":"ITF52","nom":"Matera","country":"IT"}},{"type":"Feature","geometry":{"type":"MultiPolygon","coordinates":[[[[9.89997,44.47269],[9.90872,44.46848],[9.92818,44.4719],[9.9389,44.46863],[9.95396,44.46831],[9.97128,44.46323],[9.96948,44.45772],[9.97427,44.44964],[9.98126,44.44531],[9.99788,44.44564],[10.00647,44.43142],[9.98931,44.40432],[9.99795,44.39656],[10.01651,44.38694],[10.0198,44.3854],[10.04365,44.37431],[10.0532,44.37302],[10.07811,44.35669],[10.09005,44.35317],[10.09768,44.34706],[10.10169,44.34842],[10.12136,44.35341],[10.14205,44.35385],[10.16132,44.34361],[10.16824,44.33031],[10.18632,44.32093],[10.18944,44.31508],[10.19645,44.31509],[10.20332,44.31022],[10.20888,44.30262],[10.21918,44.30388],[10.23029,44.29505],[10.23662,44.2825],[10.25388,44.26857],[10.255,44.25641],[10.24712,44.25353],[10.23355,44.23266],[10.21798,44.21868],[10.19406,44.21143],[10.18636,44.20559],[10.19069,44.20012],[10.1876,44.19621],[10.19112,44.19258],[10.19053,44.18795],[10.19894,44.17308],[10.19426,44.16791],[10.19677,44.15738],[10.18956,44.15247],[10.18712,44.14299],[10.18297,44.13981],[10.18929,44.12209],[10.21306,44.11828],[10.21798,44.11427],[10.22726,44.11053],[10.23259,44.10766],[10.24224,44.0869],[10.24123,44.07766],[10.23913,44.07162],[10.22869,44.06632],[10.22269,44.05784],[10.22309,44.05144],[10.21798,44.0475],[10.20199,44.03498],[10.20606,44.02878],[10.20547,44.02471],[10.19841,44.01845],[10.18677,44.01344],[10.18073,44.003],[10.17082,43.99659],[10.17282,43.98743],[10.16684,43.98233],[10.14348,43.97542],[10.13692,43.98011],[10.0904,44.01289],[10.05992,44.0289],[10.0441,44.03489],[10.03459,44.03521],[10.01877,44.04454],[10.02669,44.05658],[10.03231,44.06439],[10.03742,44.06506],[10.06097,44.08003],[10.0704,44.09305],[10.06827,44.09848],[10.04741,44.11511],[10.04617,44.11546],[10.01867,44.11899],[10.00282,44.10803],[9.99335,44.09266],[9.98351,44.09964],[9.99354,44.10578],[9.99497,44.11755],[9.98537,44.1235],[9.9762,44.13749],[9.98048,44.14425],[9.97674,44.15218],[9.97853,44.16082],[9.97569,44.16409],[9.96769,44.16887],[9.9591,44.16677],[9.95501,44.16546],[9.94667,44.16765],[9.92855,44.16663],[9.9203,44.16969],[9.89788,44.16358],[9.89317,44.16774],[9.90229,44.17661],[9.91957,44.18823],[9.9232,44.19491],[9.93406,44.19658],[9.9257,44.19953],[9.91444,44.20022],[9.90991,44.20398],[9.90853,44.20976],[9.89123,44.2078],[9.89098,44.20548],[9.8802,44.19984],[9.8733,44.19458],[9.87039,44.18641],[9.86849,44.18442],[9.86498,44.18073],[9.85758,44.19349],[9.86849,44.21215],[9.87538,44.22393],[9.86849,44.22666],[9.86325,44.22874],[9.8575,44.23402],[9.86055,44.25037],[9.85445,44.26804],[9.85065,44.27073],[9.8388,44.27279],[9.83367,44.27911],[9.82187,44.28126],[9.81481,44.2862],[9.80557,44.28338],[9.79787,44.28821],[9.78697,44.29505],[9.78541,44.29576],[9.78383,44.2968],[9.76551,44.30482],[9.76104,44.31469],[9.75342,44.32226],[9.74055,44.32739],[9.72948,44.32831],[9.71731,44.35492],[9.70987,44.36409],[9.70498,44.36602],[9.69241,44.36444],[9.68673,44.36592],[9.71631,44.38254],[9.73226,44.37975],[9.74194,44.38068],[9.74324,44.3854],[9.74407,44.38843],[9.7605,44.39003],[9.75544,44.39311],[9.75353,44.39884],[9.75741,44.40714],[9.77237,44.41643],[9.79787,44.4426],[9.81609,44.45239],[9.81635,44.46166],[9.82029,44.46616],[9.86203,44.47097],[9.8802,44.46993],[9.89997,44.47269]]]]},"properties":{"code":"ITI11","nom":"Massa-Carrara","country":"IT"}},{"type":"Feature","geometry":{"type":"MultiPolygon","coordinates":[[[[9.5508,45.46032],[9.57758,45.46024],[9.578,45.46429],[9.58386,45.46684],[9.59085,45.47607],[9.59405,45.4738],[9.60866,45.47546],[9.61078,45.46402],[9.61801,45.4625],[9.62066,45.45643],[9.62664,45.45615],[9.62768,45.4581],[9.638,45.45832],[9.64499,45.45704],[9.64677,45.45527],[9.65034,45.45403],[9.66184,45.43722],[9.68211,45.44125],[9.68509,45.44301],[9.68867,45.45468],[9.6903,45.4584],[9.69885,45.46062],[9.70008,45.46904],[9.70595,45.47935],[9.7091,45.48207],[9.71519,45.48267],[9.7198,45.48216],[9.7223,45.47683],[9.73361,45.47619],[9.73647,45.47463],[9.73597,45.47216],[9.74658,45.46687],[9.75372,45.4557],[9.76033,45.45657],[9.76958,45.44005],[9.76931,45.43018],[9.78465,45.42952],[9.78754,45.42377],[9.79181,45.42628],[9.79787,45.4263],[9.8079,45.42279],[9.81163,45.43845],[9.82205,45.44581],[9.81366,45.44932],[9.81259,45.45174],[9.82415,45.45645],[9.82769,45.45524],[9.83473,45.44944],[9.84717,45.45052],[9.86119,45.433],[9.87908,45.43452],[9.88239,45.42974],[9.88964,45.42733],[9.89265,45.39322],[9.88997,45.38974],[9.88468,45.38285],[9.88996,45.37702],[9.88731,45.368],[9.88871,45.36058],[9.88335,45.35756],[9.88942,45.35532],[9.88728,45.35165],[9.8973,45.33928],[9.91141,45.33756],[9.9147,45.33653],[9.92093,45.33843],[9.92312,45.33217],[9.92894,45.32875],[9.93283,45.32886],[9.93598,45.3263],[9.935,45.3217],[9.94208,45.32238],[9.9448,45.32049],[9.96922,45.31041],[9.97469,45.30833],[9.97768,45.30471],[9.9809,45.30521],[9.98401,45.29701],[9.99415,45.29712],[9.99443,45.29118],[10.00112,45.2882],[10.01938,45.28404],[10.02931,45.27678],[10.04873,45.27817],[10.05224,45.28085],[10.0541,45.27656],[10.06253,45.2765],[10.06416,45.27338],[10.07168,45.27218],[10.07505,45.26918],[10.0827,45.27141],[10.08656,45.25956],[10.09185,45.2539],[10.09918,45.25286],[10.0994,45.24923],[10.10466,45.24693],[10.12589,45.24681],[10.13906,45.24244],[10.14502,45.24325],[10.15349,45.23977],[10.16053,45.2393],[10.16492,45.24174],[10.17853,45.2394],[10.18399,45.2325],[10.19201,45.23649],[10.19632,45.22922],[10.20882,45.22878],[10.21985,45.22465],[10.22278,45.22805],[10.21807,45.23035],[10.22158,45.23507],[10.22536,45.23602],[10.22081,45.24176],[10.2252,45.24053],[10.23325,45.24379],[10.24575,45.24326],[10.25125,45.25248],[10.26357,45.25149],[10.27004,45.23981],[10.27674,45.23722],[10.27655,45.23318],[10.28066,45.23068],[10.28603,45.22741],[10.29554,45.22536],[10.30555,45.22391],[10.31369,45.21651],[10.32026,45.21617],[10.31705,45.21318],[10.32031,45.2085],[10.31772,45.20472],[10.31285,45.20187],[10.3097,45.19134],[10.31179,45.19082],[10.31226,45.18725],[10.32775,45.18429],[10.33,45.17881],[10.3495,45.16619],[10.36358,45.16197],[10.36719,45.14787],[10.37524,45.14411],[10.37944,45.13924],[10.38277,45.13922],[10.38753,45.14304],[10.39248,45.13721],[10.41205,45.13638],[10.41961,45.13045],[10.42209,45.13361],[10.42134,45.14121],[10.43014,45.14076],[10.43552,45.14255],[10.43636,45.13751],[10.44105,45.13605],[10.445,45.13809],[10.44755,45.14377],[10.45384,45.1437],[10.46022,45.14676],[10.47316,45.14567],[10.49249,45.13241],[10.48622,45.12656],[10.46072,45.12325],[10.45659,45.11528],[10.46585,45.09751],[10.46323,45.09365],[10.44907,45.09144],[10.44183,45.09282],[10.43679,45.09064],[10.41734,45.09191],[10.41686,45.09049],[10.41219,45.08549],[10.41719,45.06599],[10.41211,45.04438],[10.41818,45.04149],[10.4412,45.04543],[10.4664,45.05901],[10.49385,45.0563],[10.49501,45.0679],[10.49206,45.08301],[10.49976,45.07503],[10.53314,45.07452],[10.53361,45.0697],[10.53949,45.0631],[10.53956,45.05514],[10.53136,45.05037],[10.5343,45.0453],[10.51996,45.04078],[10.52065,45.03767],[10.51284,45.02765],[10.51088,45.01903],[10.49932,45.02127],[10.47949,45.0151],[10.46444,45.0147],[10.45814,45.00471],[10.45665,44.9845],[10.46934,44.98011],[10.48965,44.9802],[10.51403,44.98445],[10.53157,44.99169],[10.54216,45.00127],[10.55287,45.0057],[10.55912,45.00569],[10.56807,45.00094],[10.58516,45.00434],[10.59688,45.00395],[10.57849,44.99616],[10.56296,44.99483],[10.55241,44.98475],[10.53152,44.98063],[10.52293,44.97082],[10.50849,44.9721],[10.50369,44.96015],[10.50146,44.95462],[10.49549,44.9484],[10.47215,44.94611],[10.46403,44.93717],[10.43651,44.94354],[10.42519,44.96021],[10.41797,44.97572],[10.41188,44.98138],[10.4038,44.98459],[10.39326,44.98349],[10.36823,44.96763],[10.35886,44.96548],[10.34883,44.96874],[10.33155,44.98031],[10.31826,44.98378],[10.3167,44.98446],[10.3098,44.98748],[10.30923,44.99325],[10.30318,44.99904],[10.29334,45.00009],[10.28066,44.9988],[10.27531,44.99826],[10.26514,45.00477],[10.25881,45.01453],[10.25806,45.0157],[10.24221,45.02283],[10.21109,45.03403],[10.19383,45.02833],[10.18097,45.03046],[10.17508,45.03294],[10.17351,45.03894],[10.16737,45.0433],[10.15884,45.04397],[10.15244,45.04083],[10.14605,45.03485],[10.13069,45.02983],[10.10616,45.02249],[10.094,45.02378],[10.08468,45.03269],[10.0835,45.04396],[10.08104,45.047],[10.05144,45.04162],[10.05204,45.05145],[10.04073,45.06377],[10.03151,45.06612],[10.02572,45.07028],[10.02184,45.0777],[10.02833,45.08597],[10.02943,45.09339],[10.02477,45.1001],[10.01791,45.10409],[9.98877,45.13202],[9.9751,45.1334],[9.96644,45.12747],[9.93528,45.10422],[9.91771,45.0999],[9.9141,45.10261],[9.91431,45.10796],[9.92219,45.11544],[9.9267,45.13006],[9.92353,45.13495],[9.91752,45.13827],[9.91257,45.13848],[9.9081,45.13566],[9.9002,45.13285],[9.8911,45.1309],[9.88673,45.13414],[9.8802,45.13417],[9.87249,45.14062],[9.87057,45.15827],[9.85925,45.15293],[9.84985,45.15981],[9.84668,45.15424],[9.839,45.14996],[9.83225,45.15017],[9.82768,45.15418],[9.82874,45.16066],[9.82343,45.16349],[9.80496,45.15927],[9.79787,45.16351],[9.78516,45.16577],[9.78223,45.17932],[9.7737,45.18331],[9.7736,45.19002],[9.75288,45.18133],[9.7507,45.1847],[9.75885,45.18885],[9.76187,45.19827],[9.77217,45.20296],[9.77693,45.21315],[9.76715,45.21552],[9.76267,45.22245],[9.7437,45.2161],[9.74237,45.22461],[9.7358,45.22765],[9.72847,45.22358],[9.72446,45.22819],[9.7174,45.23051],[9.71581,45.23392],[9.71759,45.23522],[9.72137,45.23615],[9.72512,45.23786],[9.72453,45.24342],[9.71102,45.24807],[9.70791,45.25523],[9.71228,45.25783],[9.7202,45.25696],[9.72147,45.26012],[9.71806,45.26331],[9.70841,45.26196],[9.70121,45.25827],[9.69412,45.25648],[9.69123,45.2631],[9.68782,45.26444],[9.68055,45.25732],[9.67539,45.25746],[9.66896,45.26192],[9.67204,45.26811],[9.66777,45.26973],[9.65725,45.27589],[9.64971,45.27279],[9.64677,45.27714],[9.64452,45.28048],[9.63576,45.28389],[9.62353,45.28016],[9.62288,45.28319],[9.62966,45.28858],[9.62844,45.29287],[9.61705,45.29449],[9.61692,45.30082],[9.61251,45.30277],[9.60818,45.31305],[9.60166,45.31587],[9.60551,45.32289],[9.5983,45.32875],[9.59667,45.33992],[9.5879,45.35629],[9.58204,45.3627],[9.57215,45.36558],[9.56807,45.36695],[9.56354,45.34409],[9.56061,45.34172],[9.55141,45.33914],[9.537,45.34441],[9.53282,45.34793],[9.5255,45.34676],[9.5091,45.34909],[9.51064,45.35915],[9.50559,45.36636],[9.49591,45.36434],[9.47971,45.37599],[9.47601,45.37224],[9.46749,45.3746],[9.4552,45.38676],[9.45681,45.38974],[9.45755,45.39111],[9.45555,45.39517],[9.46192,45.3982],[9.46248,45.40361],[9.46881,45.40957],[9.46762,45.41332],[9.48023,45.41986],[9.48341,45.42415],[9.48053,45.42788],[9.48792,45.4385],[9.48176,45.44382],[9.48393,45.44869],[9.48662,45.45468],[9.4941,45.47148],[9.49186,45.47444],[9.49495,45.48237],[9.5014,45.49122],[9.51425,45.50141],[9.51868,45.50164],[9.51921,45.50448],[9.529,45.49532],[9.54043,45.48788],[9.54506,45.48736],[9.54158,45.48008],[9.54515,45.47705],[9.54774,45.46281],[9.5508,45.46032]]]]},"properties":{"code":"ITC4A","nom":"Cremona","country":"IT"}},{"type":"Feature","geometry":{"type":"MultiPolygon","coordinates":[[[[13.32866,38.20043],[13.34298,38.19336],[13.35861,38.19101],[13.36573,38.18123],[13.3674,38.16847],[13.37545,38.15223],[13.36991,38.14334],[13.37193,38.1378],[13.36318,38.13303],[13.3694,38.1243],[13.36798,38.12042],[13.37367,38.11937],[13.3855,38.10821],[13.40591,38.09993],[13.42813,38.09874],[13.43867,38.09519],[13.451,38.09544],[13.48095,38.09994],[13.50435,38.10846],[13.5084,38.11866],[13.53271,38.11088],[13.53673,38.11212],[13.53866,38.11062],[13.53439,38.10167],[13.53919,38.09692],[13.54163,38.08875],[13.53756,38.08158],[13.54344,38.07601],[13.53725,38.07008],[13.53797,38.06479],[13.54109,38.05827],[13.55115,38.05189],[13.56794,38.03808],[13.58437,38.03256],[13.59198,38.02761],[13.59937,38.02683],[13.60786,38.02065],[13.61821,38.01279],[13.63835,38.0073],[13.65058,37.99934],[13.65236,37.99833],[13.66411,37.99456],[13.67388,37.99495],[13.67747,37.99351],[13.70158,37.99082],[13.70987,37.97818],[13.7379,37.97491],[13.74536,37.97049],[13.79785,37.97537],[13.82285,37.98249],[13.8349,37.98298],[13.85728,37.98968],[13.91287,38.01174],[13.93337,38.02156],[13.95001,38.03063],[13.96164,38.03012],[13.97118,38.03327],[13.9828,38.02994],[13.99798,38.03401],[14.00635,38.03331],[14.02437,38.041],[14.03099,38.03946],[14.06213,38.01993],[14.08804,38.01981],[14.10325,38.01563],[14.12522,38.01743],[14.12969,38.01779],[14.14164,38.02306],[14.14646,38.02947],[14.16958,38.01884],[14.1808,38.02042],[14.18349,38.0194],[14.18848,38.00901],[14.20311,37.99458],[14.21172,37.97365],[14.21896,37.96863],[14.22189,37.96661],[14.22942,37.95743],[14.22765,37.95041],[14.2367,37.9482],[14.24537,37.93829],[14.25284,37.9344],[14.25434,37.91675],[14.29195,37.91861],[14.28618,37.91088],[14.27498,37.90353],[14.27459,37.88821],[14.2688,37.87545],[14.27424,37.86564],[14.27335,37.84699],[14.27826,37.84483],[14.27997,37.84009],[14.26504,37.83147],[14.26298,37.81917],[14.26642,37.81618],[14.27225,37.80065],[14.26475,37.79874],[14.262,37.79274],[14.26949,37.78982],[14.26959,37.77562],[14.29039,37.76362],[14.28826,37.75355],[14.29441,37.74629],[14.27933,37.72409],[14.27383,37.72124],[14.2687,37.70618],[14.26136,37.69858],[14.25176,37.69409],[14.24293,37.69544],[14.23893,37.69079],[14.22073,37.68408],[14.21654,37.67771],[14.2029,37.67861],[14.19373,37.67482],[14.18399,37.67066],[14.17571,37.67669],[14.1586,37.66604],[14.16294,37.65811],[14.16267,37.64534],[14.16405,37.64219],[14.15399,37.62775],[14.15186,37.62529],[14.14898,37.62253],[14.14786,37.62124],[14.14638,37.62024],[14.14401,37.61906],[14.13966,37.61814],[14.13791,37.61749],[14.13505,37.61671],[14.1317,37.61226],[14.126,37.61185],[14.12522,37.61457],[14.12109,37.62901],[14.11466,37.63038],[14.10395,37.62648],[14.10162,37.62813],[14.09363,37.63378],[14.08686,37.63487],[14.07808,37.6442],[14.07219,37.64465],[14.06806,37.64636],[14.06578,37.64715],[14.06068,37.64729],[14.05672,37.64799],[14.05405,37.64755],[14.05176,37.64636],[14.04135,37.64377],[14.03604,37.63681],[14.02605,37.63217],[14.02049,37.62048],[14.02795,37.60284],[14.01309,37.59646],[14.00823,37.59836],[13.991,37.59525],[13.97922,37.58998],[13.9587,37.58574],[13.94397,37.59267],[13.92335,37.59652],[13.92922,37.60748],[13.91771,37.60956],[13.8993,37.61814],[13.8987,37.62458],[13.90368,37.62732],[13.90326,37.63052],[13.90045,37.64636],[13.90359,37.65687],[13.89261,37.65956],[13.88438,37.67051],[13.88186,37.67169],[13.8783,37.68031],[13.8684,37.68618],[13.83175,37.69613],[13.8169,37.70397],[13.81483,37.70685],[13.82048,37.71159],[13.81808,37.72039],[13.81646,37.73163],[13.80815,37.74512],[13.77734,37.72259],[13.77414,37.7145],[13.77702,37.70646],[13.77542,37.70146],[13.76778,37.69985],[13.74371,37.70662],[13.74305,37.69402],[13.73253,37.68297],[13.71081,37.68718],[13.70158,37.69205],[13.693,37.69468],[13.67385,37.6895],[13.6713,37.67306],[13.65598,37.65894],[13.65058,37.65832],[13.62772,37.65572],[13.60162,37.65572],[13.58868,37.65126],[13.58584,37.64636],[13.56913,37.63594],[13.55245,37.63713],[13.54727,37.63944],[13.53418,37.63733],[13.52343,37.63959],[13.51774,37.64155],[13.51169,37.64636],[13.5129,37.65706],[13.51094,37.65873],[13.46756,37.64949],[13.46372,37.64655],[13.45958,37.65764],[13.45364,37.66053],[13.4465,37.65828],[13.43041,37.64636],[13.42643,37.64353],[13.42237,37.64636],[13.41612,37.65478],[13.40395,37.65977],[13.39533,37.65918],[13.38484,37.65342],[13.38727,37.64636],[13.38667,37.63573],[13.40057,37.61777],[13.39133,37.61604],[13.38726,37.61224],[13.38193,37.60061],[13.38256,37.59051],[13.39073,37.57412],[13.40241,37.57076],[13.40321,37.56804],[13.39851,37.55677],[13.36676,37.54616],[13.35643,37.53922],[13.34298,37.54931],[13.33851,37.5589],[13.34192,37.57575],[13.3207,37.5881],[13.33027,37.59663],[13.3332,37.60556],[13.32767,37.62327],[13.32095,37.62576],[13.32992,37.63332],[13.34298,37.6427],[13.35117,37.64636],[13.34826,37.65613],[13.34298,37.65843],[13.32781,37.66241],[13.32117,37.65021],[13.3134,37.64321],[13.29892,37.63973],[13.27657,37.64665],[13.26753,37.64092],[13.26321,37.63332],[13.25228,37.61178],[13.24454,37.62111],[13.22321,37.63332],[13.21455,37.6388],[13.20914,37.64651],[13.21319,37.65334],[13.21402,37.67313],[13.19343,37.68302],[13.18779,37.69163],[13.16986,37.69126],[13.15591,37.68765],[13.14592,37.68839],[13.12307,37.7011],[13.1077,37.69749],[13.09584,37.69165],[13.0815,37.69363],[13.07945,37.69023],[13.07033,37.69897],[13.05667,37.70475],[13.04713,37.71187],[13.04374,37.71933],[13.03609,37.72612],[13.03493,37.73245],[13.02685,37.73767],[13.02612,37.74106],[13.0121,37.74267],[13.01535,37.74495],[13.01547,37.74975],[13.02796,37.75407],[13.03151,37.75137],[13.03558,37.75466],[13.04138,37.75421],[13.0519,37.76395],[13.05921,37.75812],[13.0639,37.75802],[13.08341,37.76784],[13.09907,37.7712],[13.09408,37.77747],[13.08917,37.78142],[13.0795,37.78374],[13.07529,37.79037],[13.0816,37.80343],[13.09435,37.80862],[13.09803,37.81358],[13.09629,37.8162],[13.09074,37.81722],[13.09036,37.81362],[13.08705,37.81215],[13.08131,37.81962],[13.06209,37.81426],[13.05722,37.80901],[13.05038,37.81436],[13.01389,37.81972],[12.97852,37.82384],[12.96899,37.82439],[12.96549,37.83509],[12.94726,37.83861],[12.94291,37.84489],[12.94463,37.85247],[12.95401,37.85776],[12.95796,37.8648],[12.95003,37.87267],[12.94653,37.88308],[12.93569,37.88311],[12.93176,37.88592],[12.9369,37.89041],[12.93476,37.89746],[12.94143,37.90573],[12.95306,37.89902],[12.96232,37.90073],[12.97056,37.89882],[12.98386,37.90092],[12.99439,37.89939],[12.99785,37.90694],[13.00191,37.90435],[13.00924,37.90465],[13.01807,37.90159],[13.03062,37.90686],[13.04692,37.91739],[13.0412,37.92337],[13.04635,37.9394],[13.04428,37.94532],[13.04246,37.9476],[13.04457,37.95555],[13.05357,37.95866],[13.03913,37.96863],[13.03582,37.96863],[13.02572,37.9667],[13.02598,37.96863],[13.02702,37.97638],[13.00445,37.99197],[13.00415,38.0072],[12.98498,38.02149],[12.98353,38.03576],[12.97852,38.03858],[12.97726,38.04021],[13.02675,38.06192],[13.03779,38.07079],[13.05417,38.07347],[13.07351,38.08542],[13.07794,38.09062],[13.07086,38.10249],[13.07172,38.11239],[13.06753,38.12118],[13.05327,38.13793],[13.06447,38.14307],[13.07141,38.14244],[13.07157,38.15025],[13.08254,38.15716],[13.08426,38.16424],[13.07829,38.17223],[13.10583,38.19032],[13.11911,38.19146],[13.14217,38.18405],[13.14592,38.18509],[13.15143,38.18661],[13.16021,38.18576],[13.16279,38.17216],[13.17414,38.16912],[13.19081,38.16943],[13.22401,38.17899],[13.23764,38.18612],[13.24293,38.19296],[13.24307,38.20149],[13.25033,38.19966],[13.25839,38.20115],[13.26397,38.20022],[13.26828,38.20271],[13.2742,38.19901],[13.28291,38.20884],[13.28464,38.20997],[13.29634,38.21725],[13.31594,38.22349],[13.3291,38.20997],[13.3266,38.20451],[13.32866,38.20043]],[[14.01907,37.65736],[14.03094,37.65563],[14.05622,37.67179],[14.07219,37.67602],[14.08361,37.67639],[14.08783,37.67983],[14.07788,37.68997],[14.07998,37.69397],[14.09064,37.69875],[14.09065,37.70498],[14.08088,37.71213],[14.07219,37.71262],[14.06737,37.71439],[14.06605,37.72122],[14.05114,37.72249],[14.04356,37.7259],[14.03601,37.71996],[14.03004,37.70552],[14.04164,37.69735],[14.04223,37.69105],[14.01089,37.6893],[14.00711,37.67151],[14.01907,37.65736]]],[[[13.19013,38.71576],[13.19126,38.71421],[13.19515,38.71471],[13.20055,38.71108],[13.19949,38.70852],[13.1957,38.7091],[13.19472,38.7042],[13.19227,38.70163],[13.18579,38.69859],[13.18601,38.69621],[13.17507,38.69335],[13.17326,38.69066],[13.16894,38.69078],[13.16766,38.69221],[13.16002,38.69146],[13.15551,38.69246],[13.15381,38.69466],[13.15489,38.69629],[13.15235,38.69897],[13.1545,38.70024],[13.15772,38.70577],[13.16116,38.70807],[13.15934,38.71188],[13.16796,38.71481],[13.17208,38.71841],[13.18074,38.72076],[13.18233,38.71855],[13.19013,38.71576]]],[[[13.16872,37.6457],[13.18036,37.63701],[13.17968,37.63425],[13.15765,37.62612],[13.14556,37.62591],[13.14518,37.64099],[13.14592,37.64241],[13.15387,37.64218],[13.16021,37.64482],[13.16872,37.6457]]]]},"properties":{"code":"ITG12","nom":"Palermo","country":"IT"}},{"type":"Feature","geometry":{"type":"MultiPolygon","coordinates":[[[[8.95655,45.63349],[8.95495,45.62607],[8.96566,45.62933],[8.97408,45.61802],[8.97486,45.61433],[8.96728,45.60828],[8.9733,45.58812],[8.97591,45.58742],[8.98355,45.59106],[8.99218,45.58338],[8.99857,45.57732],[9.00211,45.57417],[9.00634,45.57983],[9.02331,45.58488],[9.02568,45.58847],[9.04945,45.57814],[9.05188,45.58124],[9.06355,45.58223],[9.06415,45.58678],[9.06522,45.59587],[9.06078,45.60115],[9.06134,45.60769],[9.05812,45.6095],[9.05399,45.61493],[9.0529,45.62319],[9.09276,45.62106],[9.1078,45.62272],[9.10941,45.62088],[9.10416,45.61269],[9.10432,45.60811],[9.09866,45.60884],[9.09466,45.60456],[9.09888,45.60186],[9.1006,45.5956],[9.09408,45.5902],[9.09561,45.58794],[9.10219,45.58834],[9.11997,45.58423],[9.14489,45.58371],[9.14678,45.58778],[9.16781,45.59233],[9.17694,45.59178],[9.17497,45.58849],[9.18096,45.58331],[9.18782,45.57967],[9.19213,45.57966],[9.19434,45.5771],[9.20315,45.576],[9.20839,45.57721],[9.2115,45.57792],[9.2236,45.5757],[9.22167,45.57061],[9.227,45.57118],[9.22764,45.56666],[9.23266,45.56626],[9.23551,45.56329],[9.24783,45.56332],[9.24733,45.55748],[9.25391,45.55646],[9.25033,45.55326],[9.27172,45.5565],[9.26861,45.55128],[9.27604,45.54559],[9.29203,45.54232],[9.30509,45.53665],[9.32451,45.53974],[9.3213,45.54742],[9.32253,45.55706],[9.32639,45.56164],[9.3404,45.56139],[9.35169,45.55873],[9.3528,45.55556],[9.36141,45.55426],[9.36923,45.55759],[9.38192,45.55869],[9.38557,45.55738],[9.39518,45.56225],[9.3929,45.56653],[9.40088,45.5721],[9.40314,45.57325],[9.4238,45.58127],[9.44257,45.58558],[9.44463,45.59194],[9.45018,45.59177],[9.46717,45.5936],[9.47122,45.59434],[9.47681,45.59591],[9.47902,45.59584],[9.48167,45.59681],[9.47726,45.60211],[9.48359,45.61067],[9.48119,45.61964],[9.49246,45.62789],[9.49087,45.63593],[9.49587,45.6397],[9.49695,45.63208],[9.51545,45.62553],[9.51937,45.62251],[9.52858,45.6052],[9.53299,45.59222],[9.53862,45.58232],[9.53144,45.56662],[9.52551,45.56173],[9.5279,45.55491],[9.52637,45.5473],[9.52961,45.53718],[9.53711,45.53367],[9.53856,45.52543],[9.55032,45.52419],[9.54819,45.51533],[9.54925,45.50818],[9.54221,45.50561],[9.54055,45.50218],[9.52079,45.50752],[9.51859,45.50713],[9.51921,45.50448],[9.51868,45.50164],[9.51425,45.50141],[9.5014,45.49122],[9.49495,45.48237],[9.49186,45.47444],[9.4941,45.47148],[9.48662,45.45468],[9.48393,45.44869],[9.4723,45.44855],[9.46643,45.45077],[9.46433,45.45468],[9.46228,45.45468],[9.46041,45.45468],[9.45649,45.4673],[9.43425,45.46883],[9.43211,45.46662],[9.43361,45.46129],[9.42179,45.45468],[9.41755,45.45153],[9.41548,45.44425],[9.41715,45.43849],[9.41089,45.43509],[9.42187,45.42973],[9.426,45.42205],[9.41851,45.41502],[9.41614,45.40876],[9.41215,45.40711],[9.41151,45.40344],[9.40741,45.40251],[9.40786,45.39593],[9.40487,45.39108],[9.39984,45.39719],[9.38894,45.39984],[9.38401,45.39754],[9.38129,45.38974],[9.38085,45.38847],[9.37312,45.38654],[9.37303,45.3808],[9.37818,45.37627],[9.37822,45.36895],[9.36135,45.36518],[9.35827,45.36753],[9.35301,45.36772],[9.36048,45.35726],[9.36245,45.34621],[9.35634,45.34355],[9.37182,45.32984],[9.38027,45.31725],[9.38737,45.31992],[9.39187,45.31521],[9.38112,45.31388],[9.3782,45.31051],[9.38591,45.30681],[9.37973,45.30304],[9.36865,45.30419],[9.36629,45.31541],[9.36265,45.31692],[9.35706,45.31596],[9.35468,45.32081],[9.35115,45.31715],[9.33885,45.31297],[9.33148,45.31298],[9.32532,45.31701],[9.32329,45.322],[9.32041,45.32164],[9.31647,45.3258],[9.30912,45.32789],[9.30308,45.32718],[9.2838,45.33124],[9.2763,45.32463],[9.26428,45.32711],[9.26081,45.32489],[9.25397,45.32677],[9.24605,45.32452],[9.23968,45.32794],[9.22951,45.3334],[9.22871,45.32871],[9.2226,45.32609],[9.21771,45.32683],[9.20839,45.33283],[9.20604,45.33315],[9.20177,45.33482],[9.2,45.32489],[9.1952,45.32132],[9.19579,45.31615],[9.18352,45.30936],[9.18978,45.29886],[9.20074,45.29132],[9.18567,45.29255],[9.1793,45.29819],[9.1683,45.29959],[9.15309,45.2963],[9.1429,45.30815],[9.13961,45.30905],[9.13988,45.30548],[9.13778,45.3051],[9.1296,45.31109],[9.12473,45.30667],[9.11885,45.30905],[9.11082,45.30694],[9.1047,45.30715],[9.10131,45.30366],[9.09181,45.30548],[9.08193,45.30326],[9.07594,45.30716],[9.08153,45.31577],[9.07092,45.31434],[9.07116,45.30688],[9.06437,45.30494],[9.05364,45.30528],[9.04977,45.30235],[9.03909,45.30245],[9.03011,45.29652],[9.0259,45.30488],[9.02828,45.30631],[9.03256,45.30427],[9.03469,45.30532],[9.03415,45.31187],[9.02914,45.31692],[9.01987,45.32602],[8.99862,45.31844],[8.99168,45.32276],[8.98833,45.3216],[8.9979,45.30365],[8.99228,45.30097],[8.99422,45.2977],[9.00209,45.29687],[9.00367,45.29141],[9.0091,45.29258],[9.01462,45.29078],[9.01872,45.28058],[9.01511,45.27591],[9.00513,45.27705],[8.99388,45.27146],[8.99187,45.26728],[8.98296,45.26499],[8.97294,45.27611],[8.95892,45.283],[8.94546,45.29107],[8.94333,45.31394],[8.93347,45.3195],[8.92446,45.3174],[8.91959,45.32053],[8.9076,45.32589],[8.91004,45.33082],[8.90787,45.33326],[8.90611,45.33382],[8.88575,45.34032],[8.86959,45.34247],[8.86596,45.34479],[8.86645,45.35471],[8.86646,45.35877],[8.85673,45.36455],[8.84954,45.36881],[8.84712,45.38974],[8.84292,45.39384],[8.84221,45.39895],[8.82455,45.4195],[8.82148,45.42831],[8.82556,45.43312],[8.81803,45.43472],[8.81001,45.43255],[8.81056,45.44435],[8.80079,45.45468],[8.79999,45.45582],[8.79294,45.4598],[8.78937,45.46198],[8.78817,45.4642],[8.79115,45.46875],[8.78899,45.4841],[8.7875,45.48623],[8.77272,45.48531],[8.7571,45.49806],[8.74004,45.49818],[8.72718,45.50305],[8.72285,45.50764],[8.71321,45.51993],[8.71376,45.52646],[8.71942,45.53106],[8.71102,45.54133],[8.70643,45.55545],[8.7069,45.55832],[8.71522,45.5637],[8.7212,45.5716],[8.72938,45.56248],[8.73919,45.56019],[8.74116,45.56342],[8.75018,45.56557],[8.74405,45.57162],[8.75681,45.57442],[8.76597,45.57694],[8.77097,45.58717],[8.78227,45.58751],[8.78617,45.60242],[8.79272,45.60083],[8.79925,45.60211],[8.80639,45.60168],[8.8149,45.59728],[8.81174,45.59484],[8.81209,45.59062],[8.82119,45.58169],[8.83373,45.58223],[8.83702,45.56847],[8.84162,45.57088],[8.84928,45.57073],[8.85423,45.57494],[8.85673,45.57515],[8.86601,45.57592],[8.87324,45.58091],[8.86784,45.59202],[8.87274,45.59411],[8.87473,45.59812],[8.88025,45.59836],[8.90352,45.60676],[8.90611,45.60642],[8.90988,45.60593],[8.91486,45.6077],[8.91715,45.61141],[8.92219,45.61248],[8.9264,45.61941],[8.9367,45.62352],[8.93244,45.62646],[8.92966,45.63495],[8.9365,45.64145],[8.93994,45.64267],[8.95655,45.63349]],[[9.52085,45.61653],[9.5182,45.61741],[9.51662,45.61331],[9.5204,45.61242],[9.52085,45.61653]]],[[[9.47073,45.20133],[9.48677,45.19184],[9.49603,45.19314],[9.49628,45.18904],[9.50029,45.1866],[9.51573,45.18708],[9.51858,45.18145],[9.52568,45.18082],[9.52467,45.17631],[9.5283,45.17419],[9.52743,45.16962],[9.53139,45.16687],[9.5316,45.16535],[9.47826,45.16166],[9.47722,45.16696],[9.46801,45.16845],[9.46487,45.17143],[9.46337,45.17744],[9.45656,45.17753],[9.45562,45.18329],[9.43857,45.18763],[9.45019,45.18966],[9.45468,45.19375],[9.45926,45.1906],[9.46056,45.19554],[9.47073,45.20133]]]]},"properties":{"code":"ITC4C","nom":"Milano","country":"IT"}},{"type":"Feature","geometry":{"type":"MultiPolygon","coordinates":[[[[9.24714,45.74265],[9.25848,45.73997],[9.27426,45.74224],[9.28059,45.73692],[9.27941,45.73318],[9.28604,45.73114],[9.29135,45.72055],[9.29361,45.71269],[9.29848,45.70982],[9.29889,45.70064],[9.29589,45.69871],[9.29508,45.69],[9.3012,45.68247],[9.30451,45.68199],[9.30462,45.67825],[9.31303,45.6724],[9.31104,45.67078],[9.31409,45.66213],[9.31408,45.6607],[9.32156,45.65744],[9.32509,45.66409],[9.3404,45.67021],[9.34338,45.6714],[9.35457,45.66622],[9.35673,45.66741],[9.36005,45.66428],[9.36847,45.6633],[9.37231,45.6551],[9.38145,45.66001],[9.38529,45.66368],[9.39867,45.67119],[9.40627,45.67298],[9.41446,45.67651],[9.42042,45.66721],[9.42083,45.66605],[9.41946,45.66276],[9.42265,45.65652],[9.42986,45.65358],[9.44686,45.64971],[9.46503,45.66387],[9.47659,45.66925],[9.48443,45.66748],[9.48721,45.66459],[9.48656,45.65308],[9.49503,45.64864],[9.49576,45.64486],[9.49587,45.6397],[9.49087,45.63593],[9.49246,45.62789],[9.48119,45.61964],[9.48359,45.61067],[9.47726,45.60211],[9.48167,45.59681],[9.47902,45.59584],[9.47681,45.59591],[9.47122,45.59434],[9.46717,45.5936],[9.45018,45.59177],[9.44463,45.59194],[9.44257,45.58558],[9.4238,45.58127],[9.40314,45.57325],[9.40088,45.5721],[9.3929,45.56653],[9.39518,45.56225],[9.38557,45.55738],[9.38192,45.55869],[9.36923,45.55759],[9.36141,45.55426],[9.3528,45.55556],[9.35169,45.55873],[9.3404,45.56139],[9.32639,45.56164],[9.32253,45.55706],[9.3213,45.54742],[9.32451,45.53974],[9.30509,45.53665],[9.29203,45.54232],[9.27604,45.54559],[9.26861,45.55128],[9.27172,45.5565],[9.25033,45.55326],[9.25391,45.55646],[9.24733,45.55748],[9.24783,45.56332],[9.23551,45.56329],[9.23266,45.56626],[9.22764,45.56666],[9.227,45.57118],[9.22167,45.57061],[9.2236,45.5757],[9.2115,45.57792],[9.20839,45.57721],[9.20315,45.576],[9.19434,45.5771],[9.19213,45.57966],[9.18782,45.57967],[9.18096,45.58331],[9.17497,45.58849],[9.17694,45.59178],[9.16781,45.59233],[9.14678,45.58778],[9.14489,45.58371],[9.11997,45.58423],[9.10219,45.58834],[9.09561,45.58794],[9.09408,45.5902],[9.1006,45.5956],[9.09888,45.60186],[9.09466,45.60456],[9.09866,45.60884],[9.10432,45.60811],[9.10416,45.61269],[9.10941,45.62088],[9.1078,45.62272],[9.09276,45.62106],[9.0529,45.62319],[9.05185,45.63255],[9.06172,45.63685],[9.06201,45.64031],[9.05575,45.6465],[9.05591,45.65004],[9.05312,45.65121],[9.05291,45.65745],[9.05984,45.65803],[9.06291,45.66186],[9.06167,45.66723],[9.06384,45.67332],[9.06706,45.68512],[9.08181,45.6849],[9.0883,45.68551],[9.09128,45.68627],[9.09286,45.68703],[9.09491,45.68927],[9.09921,45.69302],[9.10319,45.69687],[9.11614,45.68956],[9.12365,45.68981],[9.13801,45.69432],[9.14734,45.69175],[9.15381,45.68656],[9.15416,45.686],[9.16327,45.67348],[9.17967,45.66349],[9.18569,45.66234],[9.18656,45.66556],[9.19445,45.66769],[9.19278,45.68325],[9.1976,45.68987],[9.19533,45.69835],[9.20418,45.70924],[9.20839,45.71153],[9.21634,45.71563],[9.22951,45.71729],[9.2315,45.71754],[9.23144,45.72243],[9.24351,45.73285],[9.24714,45.74265]]]]},"properties":{"code":"ITC4D","nom":"Monza e della Brianza","country":"IT"}},{"type":"Feature","geometry":{"type":"MultiPolygon","coordinates":[[[[13.39374,42.58206],[13.40389,42.57479],[13.40142,42.5634],[13.40547,42.55729],[13.40895,42.54006],[13.42607,42.51899],[13.44658,42.50519],[13.4553,42.49446],[13.46638,42.49043],[13.47544,42.48355],[13.48341,42.48223],[13.51325,42.47231],[13.52653,42.47187],[13.52592,42.45265],[13.52806,42.44944],[13.55111,42.44802],[13.56167,42.45762],[13.56696,42.45775],[13.57317,42.45356],[13.59996,42.45385],[13.63968,42.44733],[13.65058,42.44218],[13.65321,42.44094],[13.67061,42.43834],[13.67607,42.43877],[13.68313,42.44232],[13.69717,42.44314],[13.72061,42.44159],[13.72683,42.44118],[13.75716,42.42943],[13.76529,42.42012],[13.77471,42.41518],[13.7878,42.39196],[13.79668,42.38832],[13.79865,42.38419],[13.80749,42.37912],[13.80931,42.3725],[13.81285,42.36825],[13.80764,42.36714],[13.79914,42.3658],[13.80177,42.3599],[13.80688,42.34632],[13.8052,42.33478],[13.81388,42.32936],[13.82451,42.31614],[13.82453,42.31049],[13.82484,42.3069],[13.82823,42.29405],[13.8388,42.28828],[13.84435,42.28105],[13.84048,42.26996],[13.84245,42.25643],[13.83733,42.25474],[13.83203,42.24667],[13.82182,42.25247],[13.81503,42.25097],[13.80841,42.24653],[13.80643,42.23911],[13.79927,42.23719],[13.80771,42.22658],[13.80679,42.2183],[13.80125,42.21102],[13.80383,42.20144],[13.81078,42.19669],[13.80898,42.19277],[13.80056,42.18926],[13.79932,42.18698],[13.79614,42.18283],[13.80079,42.17477],[13.79702,42.1753],[13.79944,42.16815],[13.79445,42.16073],[13.79118,42.1566],[13.78925,42.15391],[13.79903,42.14921],[13.82086,42.14716],[13.83048,42.14392],[13.83529,42.14479],[13.83548,42.14749],[13.84409,42.14315],[13.8513,42.14542],[13.85586,42.15636],[13.85991,42.15931],[13.88286,42.16074],[13.89892,42.16555],[13.90049,42.16445],[13.90206,42.16327],[13.90526,42.15998],[13.90616,42.15869],[13.90612,42.14733],[13.92642,42.13521],[13.94781,42.12593],[13.95923,42.12584],[13.97435,42.10594],[13.97664,42.10244],[13.99071,42.09316],[14.00049,42.07752],[14.00689,42.07331],[14.03178,42.08283],[14.08525,42.0867],[14.09112,42.084],[14.10022,42.07465],[14.09924,42.06279],[14.10162,42.05546],[14.10406,42.04794],[14.10162,42.0468],[14.0921,42.04234],[14.09063,42.0327],[14.08176,42.01761],[14.08026,42.00765],[14.08196,42.00139],[14.08958,41.99688],[14.08817,41.98854],[14.09356,41.978],[14.0979,41.94764],[14.09668,41.94533],[14.08723,41.94323],[14.08185,41.93938],[14.09361,41.9244],[14.10028,41.90375],[14.10162,41.90196],[14.10816,41.89321],[14.12522,41.89097],[14.13222,41.89005],[14.13987,41.88651],[14.14854,41.89447],[14.15752,41.8938],[14.16775,41.90091],[14.18567,41.90247],[14.20901,41.89188],[14.22976,41.87706],[14.22533,41.87368],[14.22678,41.8686],[14.2164,41.85485],[14.1969,41.84853],[14.19752,41.84353],[14.19504,41.84151],[14.18884,41.84226],[14.18451,41.84748],[14.1662,41.84241],[14.16261,41.8399],[14.15571,41.84013],[14.15531,41.83382],[14.14719,41.82727],[14.15514,41.81335],[14.15992,41.8146],[14.16425,41.80963],[14.1659,41.79956],[14.17001,41.79389],[14.1717,41.77883],[14.17792,41.7738],[14.19451,41.77288],[14.20084,41.7677],[14.2012,41.76373],[14.19519,41.75822],[14.19342,41.7487],[14.17873,41.74919],[14.1756,41.75398],[14.17514,41.76365],[14.17208,41.76517],[14.16333,41.7585],[14.16222,41.75064],[14.15914,41.74775],[14.14113,41.746],[14.13509,41.74263],[14.12522,41.74493],[14.12252,41.74555],[14.11591,41.73682],[14.12203,41.73057],[14.12274,41.72597],[14.11812,41.71646],[14.10722,41.70733],[14.10538,41.71598],[14.10162,41.72113],[14.09509,41.73006],[14.09443,41.73791],[14.0696,41.7372],[14.05362,41.71911],[14.05327,41.70167],[14.02762,41.70204],[14.0178,41.68263],[13.99425,41.69333],[13.98052,41.69511],[13.95552,41.69534],[13.94104,41.68794],[13.93266,41.69352],[13.92723,41.7035],[13.91867,41.71778],[13.90448,41.71816],[13.89767,41.7321],[13.89173,41.73512],[13.88051,41.72874],[13.85647,41.73121],[13.84847,41.73778],[13.82759,41.73942],[13.82146,41.74325],[13.81179,41.75361],[13.80548,41.74888],[13.79854,41.74823],[13.79018,41.74295],[13.77437,41.74857],[13.76261,41.74959],[13.76094,41.75558],[13.75033,41.76068],[13.74869,41.76953],[13.74267,41.78005],[13.73063,41.78834],[13.72959,41.79887],[13.72061,41.79754],[13.71636,41.79691],[13.70736,41.78758],[13.69308,41.79169],[13.68215,41.80403],[13.6621,41.811],[13.65058,41.81069],[13.64807,41.81063],[13.63732,41.80252],[13.64004,41.79986],[13.64114,41.79069],[13.62856,41.78127],[13.61338,41.77795],[13.60181,41.76974],[13.58616,41.76602],[13.57337,41.75465],[13.56114,41.76133],[13.54826,41.7617],[13.52046,41.77294],[13.52158,41.77979],[13.51206,41.78804],[13.50563,41.80059],[13.48815,41.80335],[13.46553,41.80874],[13.45158,41.82279],[13.40737,41.83705],[13.39693,41.83377],[13.39146,41.82041],[13.38732,41.81763],[13.3791,41.81825],[13.37192,41.82715],[13.36685,41.83304],[13.36856,41.84064],[13.36891,41.84942],[13.36495,41.85461],[13.36697,41.86267],[13.35867,41.87008],[13.37283,41.88413],[13.38334,41.90191],[13.37838,41.91177],[13.36436,41.92393],[13.35657,41.92571],[13.35362,41.92369],[13.35038,41.92149],[13.34298,41.92425],[13.33771,41.9265],[13.32544,41.94194],[13.30685,41.95405],[13.29831,41.95424],[13.2963,41.94859],[13.28521,41.95134],[13.26454,41.96704],[13.2448,41.97091],[13.2343,41.97697],[13.23052,41.98172],[13.21483,41.98676],[13.1991,41.98647],[13.16431,42.00031],[13.14467,42.01265],[13.14295,42.01373],[13.10325,42.02565],[13.09874,42.02468],[13.09702,42.02163],[13.10041,42.0088],[13.09007,42.00822],[13.06579,42.0123],[13.05435,42.01707],[13.04926,42.02351],[13.04823,42.02959],[13.04524,42.03618],[13.02664,42.05],[13.029,42.06118],[13.02249,42.06577],[13.01936,42.0791],[13.02411,42.09216],[13.0253,42.09544],[13.03205,42.10701],[13.03057,42.11535],[13.0308,42.12208],[13.04063,42.11652],[13.04483,42.11672],[13.0491,42.12222],[13.0603,42.12359],[13.07242,42.13189],[13.07684,42.13901],[13.08525,42.14344],[13.08625,42.15406],[13.09288,42.15845],[13.09347,42.16647],[13.08747,42.17316],[13.08708,42.17784],[13.12322,42.17631],[13.14467,42.16549],[13.16667,42.15438],[13.16973,42.15068],[13.17829,42.15372],[13.1833,42.15886],[13.19491,42.15778],[13.20662,42.1481],[13.22397,42.14266],[13.23725,42.12911],[13.24943,42.12792],[13.26847,42.13726],[13.27637,42.13772],[13.28126,42.13297],[13.29162,42.13638],[13.30377,42.13687],[13.31566,42.15199],[13.32771,42.15484],[13.32466,42.16212],[13.33437,42.1663],[13.34298,42.16505],[13.35343,42.16732],[13.34571,42.17564],[13.35362,42.17528],[13.36677,42.17951],[13.37991,42.18042],[13.37433,42.18702],[13.35816,42.19214],[13.35362,42.19199],[13.3518,42.19194],[13.34298,42.1977],[13.33268,42.20809],[13.34008,42.21715],[13.33564,42.22238],[13.32732,42.22407],[13.32029,42.2291],[13.29795,42.23123],[13.28464,42.236],[13.27554,42.24289],[13.27097,42.254],[13.25593,42.26492],[13.24258,42.26887],[13.23464,42.27784],[13.22853,42.28934],[13.22648,42.31931],[13.21915,42.3203],[13.20221,42.33061],[13.19054,42.33298],[13.17158,42.34851],[13.15337,42.35697],[13.15552,42.35858],[13.1656,42.36704],[13.16953,42.37005],[13.18942,42.38109],[13.19418,42.38917],[13.18861,42.39819],[13.18922,42.4002],[13.17634,42.40622],[13.15675,42.41345],[13.14467,42.42443],[13.12829,42.43931],[13.11619,42.44388],[13.13821,42.46233],[13.14467,42.46272],[13.1554,42.46338],[13.17844,42.47932],[13.17191,42.48479],[13.17736,42.51203],[13.17449,42.51419],[13.16756,42.51435],[13.16006,42.52299],[13.15582,42.54002],[13.1645,42.53844],[13.17046,42.54593],[13.176,42.54723],[13.17458,42.56659],[13.19144,42.57771],[13.19138,42.58749],[13.21303,42.58296],[13.22641,42.58238],[13.23447,42.57568],[13.24442,42.57315],[13.25566,42.58208],[13.28024,42.58298],[13.2845,42.58128],[13.29186,42.57058],[13.29732,42.5711],[13.31389,42.57477],[13.32527,42.57973],[13.34298,42.57491],[13.35362,42.5775],[13.36542,42.58038],[13.38135,42.58139],[13.39403,42.59123],[13.39374,42.58206]]]]},"properties":{"code":"ITF11","nom":"L\u2019Aquila","country":"IT"}},{"type":"Feature","geometry":{"type":"MultiPolygon","coordinates":[[[[10.64137,44.15924],[10.64866,44.15596],[10.65599,44.15695],[10.66555,44.15227],[10.67277,44.15436],[10.67901,44.15617],[10.69302,44.15727],[10.70075,44.15519],[10.71242,44.1572],[10.74227,44.15625],[10.75492,44.15303],[10.77364,44.13478],[10.78374,44.12951],[10.79608,44.12729],[10.80495,44.11865],[10.81479,44.11617],[10.82027,44.11254],[10.83128,44.11595],[10.84444,44.10857],[10.84856,44.09886],[10.85674,44.09906],[10.86669,44.10034],[10.87873,44.0986],[10.90356,44.0847],[10.90489,44.07891],[10.9002,44.06783],[10.90142,44.06489],[10.91774,44.06276],[10.92768,44.07534],[10.9436,44.08127],[10.95437,44.08931],[10.95544,44.09377],[10.96867,44.10665],[10.96956,44.1146],[10.97851,44.12265],[10.99324,44.12951],[10.9939,44.13541],[11.007,44.13842],[11.01413,44.13656],[11.01499,44.12648],[11.01321,44.12358],[11.0053,44.12086],[11.0026,44.1116],[11.01276,44.10427],[11.02052,44.10283],[11.02384,44.09746],[11.03219,44.09599],[11.04804,44.09502],[11.04945,44.09023],[11.04715,44.08424],[11.05368,44.07106],[11.03694,44.03943],[11.03891,44.03082],[11.02018,44.0079],[11.01173,44.00544],[11.01436,43.99572],[11.03584,43.99862],[11.05533,43.99133],[11.05988,43.98424],[11.07068,43.98292],[11.0645,43.97435],[11.06328,43.96803],[11.04653,43.95959],[11.02914,43.94079],[11.01879,43.91169],[11.02481,43.90233],[11.02454,43.89691],[11.02484,43.8963],[11.01606,43.88221],[11.01298,43.86976],[11.02481,43.85748],[11.02428,43.84617],[11.03032,43.83883],[11.02122,43.84029],[11.00988,43.83132],[10.99909,43.8309],[10.98774,43.82737],[10.98339,43.82019],[10.96412,43.81248],[10.95651,43.81903],[10.94201,43.8234],[10.91902,43.80202],[10.89635,43.7953],[10.87111,43.79516],[10.85389,43.80138],[10.84749,43.80298],[10.84462,43.80191],[10.82564,43.7949],[10.82001,43.79194],[10.81488,43.78947],[10.81275,43.78881],[10.81747,43.79826],[10.81567,43.80869],[10.78707,43.79906],[10.76948,43.8004],[10.75492,43.80554],[10.73625,43.81212],[10.72778,43.81415],[10.71984,43.83265],[10.70521,43.84278],[10.69494,43.85399],[10.68814,43.85545],[10.68668,43.8657],[10.67804,43.87512],[10.67277,43.8736],[10.67277,43.87108],[10.67277,43.86754],[10.65868,43.86745],[10.65126,43.86901],[10.65049,43.88381],[10.65791,43.89093],[10.64923,43.90407],[10.64814,43.91113],[10.65747,43.91656],[10.66217,43.92807],[10.66571,43.93045],[10.66514,43.93657],[10.67277,43.95241],[10.67392,43.95482],[10.67277,43.95827],[10.67135,43.96251],[10.67277,43.97132],[10.67277,43.97407],[10.66998,43.97933],[10.67277,43.98242],[10.67277,43.98482],[10.67504,43.98496],[10.69438,43.99922],[10.70209,44.01218],[10.71127,44.01748],[10.7259,44.01815],[10.73782,44.02492],[10.73546,44.03739],[10.72391,44.04036],[10.7193,44.04561],[10.71898,44.05198],[10.72426,44.06282],[10.72235,44.08296],[10.70623,44.09268],[10.69267,44.09475],[10.68054,44.10496],[10.67277,44.10695],[10.66299,44.10945],[10.64486,44.10708],[10.62871,44.11754],[10.62408,44.12035],[10.6219,44.14026],[10.63268,44.14618],[10.64137,44.15924]]]]},"properties":{"code":"ITI13","nom":"Pistoia","country":"IT"}},{"type":"Feature","geometry":{"type":"MultiPolygon","coordinates":[[[[10.47582,43.63452],[10.48435,43.63222],[10.49187,43.63351],[10.50267,43.62906],[10.50896,43.6292],[10.50789,43.62765],[10.50168,43.62551],[10.50096,43.62427],[10.4973,43.61788],[10.49768,43.60968],[10.49008,43.60267],[10.49065,43.58717],[10.47524,43.58282],[10.47542,43.56949],[10.47936,43.55833],[10.46517,43.5401],[10.47045,43.52373],[10.47907,43.51807],[10.4745,43.51196],[10.47408,43.5056],[10.4846,43.48642],[10.49002,43.47271],[10.49214,43.45735],[10.50001,43.44826],[10.48292,43.43507],[10.48466,43.43347],[10.49192,43.43661],[10.50446,43.43603],[10.5062,43.43236],[10.50195,43.41984],[10.5002,43.41279],[10.49076,43.40403],[10.49971,43.39395],[10.49817,43.38309],[10.50905,43.36321],[10.51392,43.36242],[10.53198,43.36803],[10.54082,43.36857],[10.53394,43.35618],[10.53561,43.34719],[10.53268,43.33522],[10.52426,43.32532],[10.53222,43.32359],[10.53446,43.3207],[10.53544,43.31872],[10.53713,43.31683],[10.53994,43.31313],[10.54326,43.31149],[10.54657,43.31047],[10.54823,43.30944],[10.55241,43.30801],[10.56184,43.30829],[10.56491,43.30029],[10.58155,43.29136],[10.61888,43.28274],[10.65045,43.28365],[10.65714,43.29224],[10.6666,43.29077],[10.67277,43.29423],[10.68439,43.30077],[10.69753,43.293],[10.6962,43.28149],[10.69279,43.27832],[10.67968,43.27388],[10.67277,43.26889],[10.66795,43.26541],[10.66769,43.25397],[10.67202,43.24692],[10.66547,43.24579],[10.66977,43.23523],[10.66306,43.23051],[10.66402,43.22656],[10.67074,43.2226],[10.67277,43.22272],[10.68935,43.22377],[10.68591,43.21621],[10.69007,43.20817],[10.67843,43.19356],[10.67277,43.1941],[10.66129,43.1952],[10.64473,43.19147],[10.64909,43.17165],[10.66255,43.1724],[10.66464,43.15754],[10.66218,43.14846],[10.67277,43.14306],[10.68857,43.14204],[10.69421,43.13325],[10.69657,43.12613],[10.71782,43.1224],[10.71496,43.1141],[10.71729,43.10851],[10.72407,43.09929],[10.7201,43.09209],[10.72483,43.08876],[10.72631,43.08367],[10.71554,43.07656],[10.71448,43.07222],[10.72649,43.06722],[10.73593,43.06824],[10.7537,43.07505],[10.77266,43.06753],[10.78217,43.06008],[10.77383,43.04415],[10.77747,43.02497],[10.78191,43.02067],[10.79398,43.01732],[10.7844,43.01042],[10.78024,43.00416],[10.76499,43.01212],[10.74407,43.01414],[10.73791,43.00142],[10.75036,42.99018],[10.75058,42.98628],[10.73875,42.97958],[10.73487,42.97126],[10.71402,42.95787],[10.70567,42.94186],[10.67479,42.94996],[10.67277,42.95015],[10.63207,42.95405],[10.57847,42.95323],[10.55241,42.94765],[10.55001,42.94641],[10.55241,42.94452],[10.55241,42.94275],[10.54833,42.93801],[10.54153,42.93585],[10.54704,42.92765],[10.54146,42.92064],[10.52232,42.92244],[10.51044,42.93217],[10.49562,42.93275],[10.49818,42.93799],[10.48611,42.95779],[10.48429,42.96574],[10.48694,42.97571],[10.48397,42.98817],[10.49508,42.99416],[10.50429,42.99053],[10.51173,42.99349],[10.51585,43.00047],[10.51062,43.00767],[10.51197,43.01271],[10.51669,43.0153],[10.52207,43.02092],[10.53214,43.05469],[10.53909,43.11356],[10.53943,43.12025],[10.53904,43.13325],[10.53775,43.17706],[10.52825,43.2316],[10.51127,43.2737],[10.50151,43.29048],[10.4627,43.31913],[10.45585,43.32925],[10.45378,43.34561],[10.44971,43.35231],[10.44371,43.35618],[10.4407,43.37097],[10.43098,43.38349],[10.42472,43.3988],[10.41897,43.40276],[10.4047,43.40143],[10.40694,43.40756],[10.40062,43.41597],[10.40004,43.4249],[10.38901,43.43272],[10.37847,43.44734],[10.36661,43.45756],[10.35318,43.46345],[10.34195,43.46501],[10.33043,43.47422],[10.33137,43.48306],[10.32061,43.49838],[10.3167,43.51416],[10.31594,43.51724],[10.31009,43.52088],[10.30565,43.529],[10.29918,43.53434],[10.29987,43.54133],[10.29452,43.5453],[10.29595,43.54741],[10.30356,43.54645],[10.30273,43.55106],[10.29515,43.55223],[10.29942,43.55833],[10.30301,43.56344],[10.29985,43.58193],[10.30505,43.58576],[10.3167,43.58933],[10.33809,43.59589],[10.34978,43.59921],[10.35755,43.60082],[10.36617,43.60285],[10.36542,43.60449],[10.36954,43.60588],[10.37716,43.6094],[10.40928,43.62057],[10.41261,43.61863],[10.43173,43.6321],[10.43935,43.63422],[10.47582,43.63452]]],[[[10.43665,42.79972],[10.43063,42.79332],[10.43428,42.77819],[10.43233,42.77508],[10.42011,42.77366],[10.41371,42.76784],[10.40711,42.7681],[10.40474,42.76358],[10.39698,42.76451],[10.38604,42.76029],[10.40786,42.75393],[10.40879,42.74566],[10.4215,42.74297],[10.43138,42.73506],[10.43482,42.72004],[10.43128,42.7129],[10.42212,42.70821],[10.41172,42.71561],[10.39574,42.71095],[10.38041,42.71647],[10.37352,42.72612],[10.37387,42.7304],[10.36709,42.73217],[10.36724,42.73978],[10.36005,42.74691],[10.35735,42.7586],[10.34707,42.76294],[10.33831,42.76387],[10.31949,42.76047],[10.32506,42.74364],[10.32007,42.73686],[10.3167,42.73942],[10.31183,42.75604],[10.30682,42.75903],[10.29992,42.75857],[10.29281,42.75409],[10.2895,42.73978],[10.28619,42.73663],[10.27079,42.73847],[10.26533,42.74451],[10.25545,42.74499],[10.24441,42.74904],[10.23917,42.74802],[10.23595,42.73823],[10.24032,42.73092],[10.23547,42.72701],[10.21633,42.73013],[10.2027,42.73544],[10.18541,42.73632],[10.15667,42.73242],[10.15414,42.7291],[10.13643,42.73315],[10.11858,42.7473],[10.11321,42.75738],[10.10318,42.76692],[10.10314,42.78416],[10.10561,42.7899],[10.12107,42.79895],[10.12269,42.80289],[10.13812,42.80771],[10.16984,42.80625],[10.18534,42.81145],[10.19751,42.80687],[10.20257,42.80696],[10.20804,42.80541],[10.21944,42.79377],[10.22873,42.78937],[10.24311,42.78797],[10.24847,42.79156],[10.24827,42.79867],[10.25646,42.80028],[10.26142,42.79787],[10.2687,42.8035],[10.26359,42.81188],[10.27214,42.8145],[10.27485,42.81803],[10.27067,42.82338],[10.2637,42.82519],[10.26194,42.82869],[10.26371,42.82967],[10.26725,42.82869],[10.27034,42.82533],[10.28066,42.82396],[10.28666,42.82317],[10.29543,42.81907],[10.31436,42.82045],[10.3167,42.81951],[10.32167,42.81753],[10.33263,42.81726],[10.33269,42.81428],[10.31676,42.80984],[10.31681,42.80667],[10.32074,42.8033],[10.3317,42.80162],[10.34078,42.7969],[10.35668,42.79934],[10.36064,42.80383],[10.3586,42.80899],[10.36297,42.81047],[10.3593,42.81352],[10.36034,42.81684],[10.36741,42.8179],[10.37404,42.8263],[10.37865,42.82657],[10.3799,42.82869],[10.38041,42.83207],[10.38455,42.83381],[10.38432,42.83708],[10.3918,42.84646],[10.39069,42.85006],[10.39486,42.85575],[10.40324,42.86137],[10.40695,42.86998],[10.41291,42.87209],[10.41695,42.86803],[10.42267,42.86712],[10.42228,42.85949],[10.43313,42.85595],[10.44274,42.84683],[10.4339,42.82869],[10.42891,42.81619],[10.43007,42.80566],[10.43665,42.79972]]],[[[9.83533,43.05018],[9.84066,43.04928],[9.84244,43.05126],[9.84828,43.0447],[9.84509,43.04307],[9.84491,43.03772],[9.8422,43.03336],[9.8409,43.02647],[9.83689,43.02734],[9.83387,43.02595],[9.83457,43.02395],[9.83042,43.02153],[9.82649,43.01797],[9.82329,43.01754],[9.82265,43.01526],[9.81603,43.00966],[9.81791,43.00684],[9.81552,43.00635],[9.81358,43.00375],[9.81041,43.00334],[9.8076,43.00778],[9.8012,43.00706],[9.79787,43.01524],[9.79689,43.01766],[9.79129,43.02348],[9.79275,43.02536],[9.79715,43.02581],[9.79619,43.02858],[9.79787,43.0295],[9.79945,43.03036],[9.79869,43.03511],[9.80136,43.03683],[9.79829,43.03866],[9.80168,43.04075],[9.79963,43.04221],[9.80235,43.04885],[9.80132,43.05379],[9.80887,43.05973],[9.81464,43.06226],[9.81482,43.06428],[9.81808,43.06766],[9.82609,43.07267],[9.83029,43.06998],[9.83092,43.06596],[9.837,43.06521],[9.83744,43.06245],[9.83418,43.0589],[9.83428,43.05746],[9.83771,43.0557],[9.83762,43.05233],[9.83533,43.05018]]],[[[10.31429,42.35083],[10.32112,42.34401],[10.32471,42.34414],[10.3276,42.34281],[10.32884,42.33816],[10.32545,42.33717],[10.3266,42.33463],[10.33043,42.33349],[10.32821,42.33013],[10.32994,42.32838],[10.3272,42.32675],[10.3316,42.32468],[10.33013,42.32213],[10.32747,42.32185],[10.32453,42.3197],[10.32312,42.32095],[10.31821,42.32161],[10.3167,42.31989],[10.3167,42.31581],[10.31544,42.31455],[10.31002,42.31546],[10.30639,42.31397],[10.30199,42.31751],[10.29689,42.31558],[10.29322,42.3173],[10.29078,42.32056],[10.28896,42.32792],[10.29295,42.3284],[10.29227,42.32999],[10.28831,42.33172],[10.28811,42.33336],[10.2886,42.33534],[10.29378,42.33549],[10.29166,42.33855],[10.29331,42.34044],[10.2922,42.34431],[10.29502,42.34721],[10.29759,42.34759],[10.2983,42.35021],[10.30293,42.35061],[10.3065,42.34886],[10.31199,42.35108],[10.31429,42.35083]]],[[[10.09345,42.59064],[10.09651,42.58804],[10.0997,42.58908],[10.10116,42.58458],[10.09659,42.5824],[10.0969,42.58015],[10.10161,42.57573],[10.09362,42.57208],[10.09188,42.56798],[10.0889,42.56726],[10.08707,42.5692],[10.08169,42.57104],[10.06765,42.57177],[10.06665,42.57543],[10.06044,42.57523],[10.05851,42.57313],[10.05631,42.57424],[10.05227,42.57386],[10.04701,42.57758],[10.04552,42.58295],[10.04602,42.58566],[10.05037,42.5859],[10.05414,42.58975],[10.05661,42.58985],[10.06016,42.58709],[10.06719,42.58721],[10.06843,42.58877],[10.07374,42.59068],[10.07658,42.59555],[10.07889,42.59689],[10.07855,42.59951],[10.0832,42.60364],[10.08288,42.6083],[10.08015,42.61219],[10.08224,42.6188],[10.08477,42.61846],[10.08886,42.61561],[10.08522,42.61132],[10.08689,42.60798],[10.08636,42.60194],[10.09314,42.59503],[10.09345,42.59064]]],[[[9.90279,43.43813],[9.90855,43.43508],[9.90646,43.42428],[9.90079,43.42223],[9.90084,43.41996],[9.89659,43.42034],[9.8925,43.42249],[9.8894,43.42288],[9.88807,43.42537],[9.8924,43.43609],[9.89869,43.43508],[9.90163,43.43591],[9.90279,43.43813]]]]},"properties":{"code":"ITI16","nom":"Livorno","country":"IT"}},{"type":"Feature","geometry":{"type":"MultiPolygon","coordinates":[[[[10.42816,43.82442],[10.43682,43.81085],[10.44093,43.80806],[10.44701,43.80819],[10.45118,43.80485],[10.45058,43.79486],[10.44101,43.78969],[10.43936,43.7863],[10.44087,43.77958],[10.44938,43.77276],[10.45291,43.76631],[10.46821,43.7661],[10.48062,43.76019],[10.49511,43.75816],[10.50088,43.75328],[10.52529,43.76133],[10.55241,43.75239],[10.55461,43.74913],[10.56306,43.75379],[10.58368,43.75705],[10.59406,43.76293],[10.59808,43.75908],[10.60778,43.75584],[10.61865,43.75606],[10.62361,43.75777],[10.6358,43.77361],[10.64524,43.79444],[10.6459,43.79585],[10.66003,43.8055],[10.67277,43.80326],[10.6844,43.8012],[10.68882,43.8042],[10.71112,43.78633],[10.71386,43.77889],[10.73016,43.76138],[10.73891,43.75373],[10.74846,43.75048],[10.75433,43.74567],[10.78108,43.73413],[10.79268,43.71953],[10.79543,43.7085],[10.79991,43.70389],[10.80897,43.7038],[10.81418,43.70672],[10.82248,43.70398],[10.82634,43.70801],[10.82454,43.71281],[10.85258,43.71862],[10.87725,43.71918],[10.88026,43.71075],[10.89074,43.70534],[10.88881,43.69576],[10.89792,43.68795],[10.89961,43.683],[10.90852,43.68079],[10.91115,43.67337],[10.91583,43.66975],[10.9159,43.66331],[10.93391,43.6575],[10.91723,43.64785],[10.91269,43.64075],[10.90375,43.63846],[10.90195,43.63274],[10.89392,43.63846],[10.88896,43.63912],[10.88762,43.62733],[10.87801,43.62548],[10.87497,43.61975],[10.87433,43.61497],[10.85235,43.62832],[10.83556,43.6187],[10.83215,43.62078],[10.82664,43.62046],[10.82243,43.6139],[10.8336,43.60655],[10.83414,43.59572],[10.8405,43.58779],[10.8394,43.57667],[10.831,43.57211],[10.8333,43.56835],[10.84297,43.56711],[10.8477,43.56267],[10.84287,43.55833],[10.8344,43.55507],[10.82555,43.54106],[10.83059,43.52601],[10.83909,43.52025],[10.8457,43.51017],[10.83883,43.4956],[10.84671,43.49704],[10.85318,43.49522],[10.86072,43.48715],[10.85224,43.47755],[10.86724,43.47299],[10.87137,43.46055],[10.88788,43.4594],[10.89927,43.46478],[10.90936,43.46553],[10.91485,43.46338],[10.91884,43.45789],[10.9368,43.45347],[10.95209,43.4523],[10.95324,43.44735],[10.97765,43.42119],[10.98052,43.4048],[10.98979,43.40139],[11.00207,43.40123],[11.00005,43.39821],[11.00553,43.38047],[11.01269,43.37657],[11.01291,43.36513],[11.00633,43.35618],[10.99769,43.34445],[10.99143,43.34255],[10.97215,43.34318],[10.97011,43.33266],[10.97247,43.32294],[10.96952,43.3148],[10.96499,43.31347],[10.95508,43.3179],[10.9521,43.30203],[10.97338,43.29599],[10.98481,43.28546],[10.98422,43.28078],[10.99046,43.26829],[10.99654,43.26489],[10.99196,43.24855],[10.99549,43.2399],[10.9928,43.23446],[10.98778,43.23163],[10.95782,43.23656],[10.94308,43.2464],[10.93203,43.23616],[10.92843,43.23109],[10.93788,43.22688],[10.94251,43.21742],[10.94092,43.20322],[10.93193,43.19427],[10.92657,43.19415],[10.91205,43.18123],[10.9087,43.17165],[10.9087,43.16521],[10.91158,43.16261],[10.90871,43.15975],[10.89856,43.1608],[10.86595,43.15718],[10.84291,43.16436],[10.83918,43.15767],[10.81669,43.15125],[10.81421,43.15723],[10.80885,43.16116],[10.80148,43.1623],[10.79608,43.16082],[10.7681,43.14383],[10.76385,43.14667],[10.76385,43.15263],[10.75577,43.15296],[10.75492,43.1498],[10.75045,43.13325],[10.7478,43.12344],[10.73656,43.12207],[10.73049,43.11398],[10.71729,43.10851],[10.71496,43.1141],[10.71782,43.1224],[10.69657,43.12613],[10.69421,43.13325],[10.68857,43.14204],[10.67277,43.14306],[10.66218,43.14846],[10.66464,43.15754],[10.66255,43.1724],[10.64909,43.17165],[10.64473,43.19147],[10.66129,43.1952],[10.67277,43.1941],[10.67843,43.19356],[10.69007,43.20817],[10.68591,43.21621],[10.68935,43.22377],[10.67277,43.22272],[10.67074,43.2226],[10.66402,43.22656],[10.66306,43.23051],[10.66977,43.23523],[10.66547,43.24579],[10.67202,43.24692],[10.66769,43.25397],[10.66795,43.26541],[10.67277,43.26889],[10.67968,43.27388],[10.69279,43.27832],[10.6962,43.28149],[10.69753,43.293],[10.68439,43.30077],[10.67277,43.29423],[10.6666,43.29077],[10.65714,43.29224],[10.65045,43.28365],[10.61888,43.28274],[10.58155,43.29136],[10.56491,43.30029],[10.56184,43.30829],[10.55241,43.30801],[10.54823,43.30944],[10.54657,43.31047],[10.54326,43.31149],[10.53994,43.31313],[10.53713,43.31683],[10.53544,43.31872],[10.53446,43.3207],[10.53222,43.32359],[10.52426,43.32532],[10.53268,43.33522],[10.53561,43.34719],[10.53394,43.35618],[10.54082,43.36857],[10.53198,43.36803],[10.51392,43.36242],[10.50905,43.36321],[10.49817,43.38309],[10.49971,43.39395],[10.49076,43.40403],[10.5002,43.41279],[10.50195,43.41984],[10.5062,43.43236],[10.50446,43.43603],[10.49192,43.43661],[10.48466,43.43347],[10.48292,43.43507],[10.50001,43.44826],[10.49214,43.45735],[10.49002,43.47271],[10.4846,43.48642],[10.47408,43.5056],[10.4745,43.51196],[10.47907,43.51807],[10.47045,43.52373],[10.46517,43.5401],[10.47936,43.55833],[10.47542,43.56949],[10.47524,43.58282],[10.49065,43.58717],[10.49008,43.60267],[10.49768,43.60968],[10.4973,43.61788],[10.50096,43.62427],[10.50168,43.62551],[10.50789,43.62765],[10.50896,43.6292],[10.50267,43.62906],[10.49187,43.63351],[10.48435,43.63222],[10.47582,43.63452],[10.43935,43.63422],[10.43173,43.6321],[10.41261,43.61863],[10.40928,43.62057],[10.37716,43.6094],[10.36954,43.60588],[10.36542,43.60449],[10.36617,43.60285],[10.35755,43.60082],[10.34978,43.59921],[10.33809,43.59589],[10.3167,43.58933],[10.30505,43.58576],[10.29985,43.58193],[10.29546,43.58589],[10.29187,43.59595],[10.28364,43.65018],[10.28066,43.65596],[10.26991,43.67684],[10.27833,43.68025],[10.28066,43.68432],[10.28211,43.68685],[10.28066,43.69417],[10.27667,43.71435],[10.27831,43.72415],[10.27462,43.75014],[10.26711,43.78138],[10.26827,43.78621],[10.25812,43.81515],[10.28066,43.82173],[10.30706,43.82944],[10.3167,43.8247],[10.3234,43.82141],[10.33733,43.82274],[10.3489,43.81661],[10.37378,43.81436],[10.37997,43.8131],[10.38924,43.81796],[10.40155,43.82087],[10.40825,43.82666],[10.41381,43.82227],[10.41971,43.83116],[10.4254,43.83397],[10.42816,43.82442]]]]},"properties":{"code":"ITI17","nom":"Pisa","country":"IT"}},{"type":"Feature","geometry":{"type":"MultiPolygon","coordinates":[[[[9.25501,39.91851],[9.26074,39.9145],[9.26783,39.916],[9.27449,39.9142],[9.2804,39.9174],[9.28198,39.91729],[9.28377,39.9115],[9.28911,39.91839],[9.29264,39.91352],[9.29626,39.9154],[9.30142,39.91266],[9.31254,39.9145],[9.32472,39.9096],[9.32911,39.91094],[9.33525,39.9092],[9.34557,39.9118],[9.35497,39.90347],[9.36869,39.90548],[9.37161,39.90835],[9.36752,39.91223],[9.36868,39.91473],[9.37333,39.91039],[9.37804,39.91032],[9.3764,39.91634],[9.38018,39.91756],[9.38517,39.91648],[9.41142,39.89355],[9.41704,39.88371],[9.41404,39.87879],[9.41371,39.8727],[9.40957,39.87104],[9.40607,39.86565],[9.40564,39.8491],[9.39753,39.84207],[9.39113,39.84416],[9.37046,39.84097],[9.37059,39.83216],[9.37853,39.8309],[9.37625,39.82907],[9.37719,39.82176],[9.37335,39.81804],[9.36155,39.81328],[9.36279,39.80223],[9.37054,39.79603],[9.38426,39.77844],[9.39065,39.77812],[9.39466,39.77517],[9.40007,39.76623],[9.40436,39.76467],[9.40694,39.76072],[9.40574,39.75718],[9.41372,39.75046],[9.41075,39.74847],[9.40827,39.75093],[9.40166,39.74924],[9.3996,39.74633],[9.40245,39.74306],[9.4,39.73364],[9.39678,39.73426],[9.38624,39.72509],[9.38622,39.71475],[9.38734,39.71293],[9.39338,39.71367],[9.39173,39.70799],[9.39877,39.70439],[9.40172,39.69617],[9.4045,39.6939],[9.40178,39.68622],[9.40133,39.6726],[9.39788,39.66963],[9.39681,39.66233],[9.39788,39.65229],[9.40608,39.64304],[9.40685,39.63716],[9.41873,39.62675],[9.41673,39.61719],[9.42573,39.62411],[9.43393,39.62707],[9.43987,39.64123],[9.46041,39.63997],[9.47207,39.63357],[9.48812,39.61689],[9.50121,39.61991],[9.50834,39.62805],[9.507,39.6182],[9.50857,39.61639],[9.5129,39.6114],[9.51177,39.60764],[9.52296,39.60325],[9.52614,39.60273],[9.52296,39.59823],[9.52296,39.59601],[9.52472,39.58902],[9.53478,39.58833],[9.54459,39.5843],[9.54909,39.5766],[9.55387,39.57415],[9.59393,39.57382],[9.65112,39.54932],[9.64271,39.54541],[9.63942,39.54015],[9.63152,39.5015],[9.63393,39.49604],[9.6441,39.49073],[9.64286,39.47423],[9.6456,39.46285],[9.63986,39.4506],[9.64161,39.44595],[9.63853,39.43936],[9.63172,39.43343],[9.62106,39.4129],[9.60254,39.37363],[9.59811,39.33923],[9.60006,39.32824],[9.60606,39.31773],[9.61976,39.31073],[9.62159,39.30746],[9.63078,39.30441],[9.63337,39.29776],[9.63124,39.29613],[9.62139,39.29792],[9.61334,39.29651],[9.60054,39.28892],[9.58265,39.26594],[9.57024,39.23844],[9.56931,39.21088],[9.56393,39.20372],[9.56323,39.19406],[9.56601,39.18876],[9.57663,39.18511],[9.57891,39.17689],[9.57635,39.17315],[9.57029,39.17076],[9.56873,39.15316],[9.56342,39.14133],[9.55691,39.13434],[9.53883,39.13186],[9.52578,39.1233],[9.51938,39.11401],[9.52241,39.11034],[9.51907,39.10469],[9.52226,39.09788],[9.51823,39.09825],[9.50321,39.10932],[9.50944,39.12207],[9.50288,39.1307],[9.48525,39.13522],[9.46456,39.12772],[9.45419,39.12974],[9.44673,39.12629],[9.44228,39.12698],[9.44296,39.13181],[9.44454,39.13402],[9.44558,39.13546],[9.44983,39.14136],[9.45155,39.14232],[9.46563,39.15027],[9.47358,39.15982],[9.47681,39.1858],[9.4864,39.20715],[9.46507,39.23979],[9.46026,39.24682],[9.44998,39.26183],[9.44611,39.26814],[9.44401,39.27157],[9.44604,39.28134],[9.44494,39.28627],[9.44487,39.28659],[9.44366,39.29204],[9.44323,39.29394],[9.43758,39.29735],[9.43113,39.30124],[9.42865,39.30274],[9.4276,39.30699],[9.42627,39.30689],[9.42023,39.30642],[9.41806,39.30765],[9.41706,39.30821],[9.41521,39.30926],[9.41362,39.31016],[9.4108,39.31553],[9.40528,39.31745],[9.40228,39.31772],[9.39869,39.31805],[9.39688,39.31702],[9.39581,39.31641],[9.39464,39.31573],[9.39306,39.31483],[9.38549,39.31371],[9.37892,39.31274],[9.37466,39.31211],[9.37324,39.3126],[9.36684,39.31481],[9.34881,39.33269],[9.33128,39.35006],[9.35478,39.37765],[9.37046,39.39606],[9.36898,39.41893],[9.36868,39.42344],[9.2961,39.41049],[9.29235,39.41117],[9.28104,39.41322],[9.27409,39.40875],[9.27448,39.40664],[9.2749,39.40437],[9.27519,39.40277],[9.27109,39.39532],[9.27238,39.38974],[9.26974,39.38537],[9.26949,39.37903],[9.26898,39.37833],[9.2624,39.36924],[9.26086,39.36828],[9.26049,39.36805],[9.25905,39.36715],[9.24923,39.36099],[9.24678,39.35642],[9.24672,39.35633],[9.24536,39.35378],[9.24473,39.35261],[9.2421,39.34771],[9.23722,39.34651],[9.23596,39.34619],[9.23454,39.34585],[9.23132,39.34505],[9.22885,39.34445],[9.22155,39.34265],[9.21257,39.33488],[9.19528,39.33297],[9.19204,39.33091],[9.19032,39.32981],[9.18735,39.32791],[9.18103,39.33155],[9.17804,39.33328],[9.16632,39.33293],[9.1656,39.33291],[9.16426,39.33287],[9.15443,39.3302],[9.15115,39.33205],[9.1497,39.3417],[9.14798,39.34075],[9.1434,39.33822],[9.13704,39.33472],[9.13378,39.33293],[9.12898,39.33407],[9.12896,39.33407],[9.12273,39.33555],[9.12238,39.33564],[9.11638,39.33706],[9.11371,39.33889],[9.11186,39.34016],[9.10639,39.34389],[9.10512,39.34567],[9.10377,39.34754],[9.103,39.34862],[9.09493,39.35161],[9.08864,39.35215],[9.08451,39.35251],[9.07941,39.35295],[9.07882,39.353],[9.0783,39.35265],[9.07429,39.34996],[9.07195,39.3484],[9.07157,39.34814],[9.06976,39.34692],[9.06642,39.34468],[9.06533,39.34396],[9.06287,39.34231],[9.06034,39.34061],[9.05351,39.33724],[9.05039,39.33731],[9.04864,39.33736],[9.04174,39.33753],[9.0399,39.33757],[9.03546,39.33529],[9.03143,39.3332],[9.03028,39.33261],[9.02828,39.33158],[9.02694,39.33293],[9.02529,39.3346],[9.02396,39.33407],[9.02362,39.33393],[9.00624,39.32698],[8.99181,39.33416],[8.99133,39.3344],[8.98701,39.33655],[8.98484,39.33826],[8.97924,39.3427],[8.97723,39.34293],[8.97541,39.34313],[8.97281,39.34463],[8.96152,39.34205],[8.95879,39.34018],[8.9528,39.33608],[8.95204,39.33556],[8.95057,39.33455],[8.94418,39.32875],[8.94104,39.3259],[8.94024,39.32517],[8.94043,39.32245],[8.94061,39.31983],[8.94561,39.31226],[8.94468,39.31153],[8.943,39.31064],[8.94328,39.31043],[8.94136,39.30892],[8.93898,39.30705],[8.94062,39.30576],[8.94243,39.30435],[8.94277,39.30409],[8.94114,39.30339],[8.93986,39.30284],[8.93941,39.30265],[8.93464,39.30061],[8.92837,39.29793],[8.92077,39.29468],[8.91388,39.29174],[8.9118,39.29084],[8.9083,39.28935],[8.89465,39.28927],[8.89051,39.28689],[8.88972,39.28663],[8.87023,39.28017],[8.86964,39.28021],[8.86914,39.28002],[8.86876,39.27969],[8.86452,39.27828],[8.86197,39.27361],[8.86032,39.27058],[8.85906,39.26828],[8.85603,39.26272],[8.85336,39.25289],[8.85216,39.24849],[8.85213,39.24745],[8.85173,39.23534],[8.86058,39.23083],[8.85805,39.22325],[8.85737,39.22121],[8.85607,39.21729],[8.85362,39.20996],[8.85442,39.20333],[8.85472,39.20089],[8.85548,39.19453],[8.85253,39.19028],[8.85465,39.18062],[8.85536,39.17738],[8.84861,39.17291],[8.84244,39.16882],[8.83765,39.14791],[8.8366,39.14798],[8.82723,39.14862],[8.82703,39.14859],[8.82634,39.14868],[8.8265,39.14618],[8.82519,39.14522],[8.82019,39.13017],[8.82328,39.11741],[8.83147,39.11183],[8.84019,39.10964],[8.84408,39.10371],[8.84874,39.09925],[8.84797,39.09439],[8.85313,39.08454],[8.84408,39.06709],[8.83191,39.04741],[8.88413,38.98225],[8.88903,38.97341],[8.90986,38.95708],[8.91193,38.95224],[8.9111,38.94098],[8.90373,38.92417],[8.90588,38.91848],[8.91069,38.91553],[8.90611,38.91093],[8.89753,38.9023],[8.87791,38.89348],[8.85673,38.87739],[8.84408,38.87595],[8.83886,38.88057],[8.83215,38.88142],[8.82303,38.89093],[8.8089,38.89483],[8.80483,38.89808],[8.79844,38.89043],[8.78354,38.89841],[8.77804,38.90558],[8.78064,38.91193],[8.77511,38.91558],[8.76055,38.91799],[8.72278,38.93619],[8.72091,38.93089],[8.70903,38.9206],[8.6929,38.91723],[8.67782,38.90908],[8.66651,38.91028],[8.66855,38.89708],[8.66398,38.89488],[8.65368,38.8963],[8.64916,38.88873],[8.65783,38.88147],[8.65717,38.87069],[8.64231,38.86536],[8.63852,38.86812],[8.64637,38.87456],[8.64171,38.8809],[8.6453,38.89341],[8.63772,38.89473],[8.63429,38.89533],[8.61994,38.89131],[8.60803,38.8941],[8.60812,38.90547],[8.6203,38.91851],[8.61919,38.92802],[8.62252,38.9373],[8.61239,38.95779],[8.60213,38.96275],[8.59683,38.96139],[8.59504,38.95753],[8.58653,38.95681],[8.58821,38.96481],[8.57417,38.97793],[8.57552,38.98314],[8.56623,38.99706],[8.56618,39.0066],[8.56719,39.0118],[8.5749,39.01765],[8.57608,39.02536],[8.57437,39.03264],[8.56689,39.0437],[8.56099,39.04651],[8.55314,39.04625],[8.54963,39.04476],[8.54301,39.04724],[8.53458,39.05359],[8.53607,39.05737],[8.53463,39.05886],[8.51171,39.06219],[8.50469,39.06193],[8.50015,39.06248],[8.49721,39.06285],[8.479,39.05944],[8.47535,39.05944],[8.4784,39.07039],[8.48739,39.08337],[8.48776,39.08878],[8.47853,39.09381],[8.47297,39.11093],[8.46678,39.11911],[8.46037,39.12083],[8.44142,39.11638],[8.43723,39.12087],[8.43397,39.13057],[8.4383,39.13829],[8.43748,39.15503],[8.43433,39.15856],[8.4157,39.17188],[8.41184,39.17204],[8.40916,39.16427],[8.41405,39.15427],[8.41244,39.15294],[8.40721,39.15935],[8.40031,39.18696],[8.39778,39.19706],[8.39417,39.1995],[8.38013,39.20056],[8.36828,39.21564],[8.36799,39.22866],[8.39391,39.2486],[8.40031,39.25223],[8.41073,39.26375],[8.42144,39.26686],[8.42712,39.27202],[8.43646,39.29078],[8.43343,39.30791],[8.42556,39.31883],[8.41785,39.3236],[8.42058,39.3299],[8.41806,39.33418],[8.40031,39.33798],[8.39694,39.3387],[8.39368,39.34372],[8.39465,39.34884],[8.38992,39.35054],[8.38747,39.35443],[8.38887,39.36464],[8.37928,39.3674],[8.37404,39.37321],[8.37594,39.37596],[8.37942,39.37394],[8.38007,39.38321],[8.38606,39.39307],[8.40031,39.40317],[8.4109,39.41962],[8.41245,39.4284],[8.41047,39.44125],[8.40031,39.44432],[8.393,39.44653],[8.38338,39.45671],[8.3859,39.47166],[8.39016,39.47769],[8.40031,39.48539],[8.40717,39.4906],[8.43711,39.52573],[8.45062,39.54581],[8.45622,39.56365],[8.46369,39.57671],[8.46409,39.58764],[8.47001,39.59959],[8.46593,39.61383],[8.46204,39.61639],[8.45401,39.62167],[8.4495,39.63396],[8.4529,39.64246],[8.45137,39.65703],[8.45769,39.66703],[8.4471,39.67632],[8.4449,39.6819],[8.45167,39.69262],[8.45504,39.70707],[8.45365,39.71181],[8.4474,39.71664],[8.44939,39.72639],[8.44602,39.73284],[8.4484,39.74117],[8.44447,39.75452],[8.45261,39.76816],[8.46097,39.76641],[8.47236,39.74923],[8.49645,39.72177],[8.49457,39.7151],[8.50015,39.71358],[8.50225,39.71301],[8.50081,39.70826],[8.50469,39.70632],[8.51984,39.70022],[8.519,39.69501],[8.52137,39.69286],[8.54227,39.69235],[8.55103,39.6955],[8.57107,39.6853],[8.58929,39.69163],[8.60802,39.68994],[8.61134,39.68088],[8.62515,39.66564],[8.62957,39.65431],[8.63772,39.65232],[8.64133,39.65144],[8.66153,39.6408],[8.67132,39.63121],[8.67237,39.63237],[8.67614,39.63431],[8.67784,39.63588],[8.68129,39.63839],[8.68408,39.63999],[8.6865,39.64085],[8.68831,39.64301],[8.69049,39.64405],[8.69441,39.64453],[8.69657,39.64545],[8.70466,39.63884],[8.72336,39.63711],[8.72873,39.63993],[8.74315,39.62708],[8.75126,39.63334],[8.76153,39.63479],[8.77448,39.64053],[8.782,39.64932],[8.78411,39.65391],[8.82247,39.66136],[8.83228,39.66672],[8.84039,39.66409],[8.84969,39.66489],[8.85673,39.66741],[8.86182,39.66923],[8.86499,39.68258],[8.86873,39.68742],[8.87661,39.69227],[8.88153,39.70421],[8.89366,39.70917],[8.90238,39.71306],[8.90611,39.71681],[8.91294,39.72367],[8.90611,39.72939],[8.90176,39.73304],[8.90611,39.73793],[8.92432,39.75839],[8.9156,39.76026],[8.91619,39.7673],[8.90912,39.76713],[8.90462,39.77195],[8.89299,39.77298],[8.88663,39.78745],[8.88083,39.79208],[8.88646,39.79238],[8.88915,39.79463],[8.90853,39.79491],[8.93828,39.79026],[8.94058,39.7849],[8.95232,39.77844],[8.95579,39.78584],[8.97671,39.80538],[8.98181,39.81676],[8.98598,39.82084],[8.98665,39.82566],[9.00848,39.82843],[9.02229,39.81925],[9.03159,39.81976],[9.02942,39.81076],[9.04187,39.80302],[9.05429,39.80094],[9.06196,39.81052],[9.07638,39.81749],[9.08437,39.82743],[9.09932,39.83073],[9.10591,39.83967],[9.10791,39.84744],[9.11452,39.84877],[9.12756,39.83951],[9.14629,39.84524],[9.16385,39.8326],[9.16561,39.83256],[9.18203,39.82753],[9.20022,39.82632],[9.19805,39.84475],[9.18554,39.85131],[9.18806,39.86691],[9.19434,39.86718],[9.19455,39.87619],[9.18932,39.87982],[9.1914,39.88775],[9.18871,39.89145],[9.19885,39.89827],[9.20066,39.90573],[9.20387,39.90707],[9.21066,39.90547],[9.21303,39.91471],[9.2282,39.9054],[9.23377,39.91179],[9.24486,39.91734],[9.25501,39.91851]]],[[[8.37849,39.10163],[8.38316,39.09956],[8.40031,39.10226],[8.4157,39.10467],[8.42588,39.10876],[8.43315,39.09602],[8.45494,39.08411],[8.45975,39.06519],[8.4648,39.05907],[8.47078,39.0581],[8.45183,39.01982],[8.45078,38.9906],[8.44199,38.9787],[8.44299,38.96937],[8.43302,38.96181],[8.41186,38.95708],[8.40503,38.96131],[8.40301,38.97239],[8.40031,38.97476],[8.3974,38.97731],[8.38358,39.00729],[8.3727,39.01806],[8.37402,39.02314],[8.3697,39.02411],[8.36112,39.03795],[8.3582,39.05944],[8.35026,39.07962],[8.35764,39.08537],[8.35192,39.09742],[8.3609,39.09933],[8.36093,39.10887],[8.36799,39.11259],[8.3726,39.11175],[8.37849,39.10163]]],[[[8.30933,39.18765],[8.3075,39.17576],[8.30866,39.1661],[8.30646,39.16371],[8.30595,39.16073],[8.30784,39.15531],[8.31036,39.15381],[8.31118,39.15077],[8.30786,39.14549],[8.3078,39.14227],[8.31119,39.13953],[8.31383,39.1399],[8.31314,39.13698],[8.3077,39.13041],[8.30938,39.12645],[8.30884,39.11879],[8.31039,39.11685],[8.31016,39.11329],[8.30746,39.10686],[8.3083,39.10467],[8.30604,39.10172],[8.30323,39.10192],[8.30158,39.10021],[8.29778,39.10031],[8.29709,39.0953],[8.29203,39.09379],[8.28682,39.09678],[8.28023,39.09631],[8.27785,39.09412],[8.27267,39.0957],[8.27324,39.09991],[8.26793,39.09939],[8.26693,39.10136],[8.26374,39.10099],[8.26275,39.10309],[8.25432,39.10397],[8.25337,39.10624],[8.24761,39.10858],[8.24715,39.11081],[8.2525,39.11498],[8.25706,39.11605],[8.25579,39.11922],[8.25122,39.11965],[8.24871,39.12196],[8.24507,39.12287],[8.24547,39.12436],[8.25079,39.12675],[8.25213,39.12875],[8.24936,39.13399],[8.24426,39.13652],[8.23979,39.1412],[8.23392,39.1433],[8.23107,39.14126],[8.22739,39.14209],[8.22483,39.14066],[8.22377,39.1434],[8.22002,39.14642],[8.22343,39.14936],[8.22186,39.15124],[8.22445,39.1526],[8.22434,39.15681],[8.22674,39.15744],[8.226,39.16157],[8.23024,39.16342],[8.22988,39.16559],[8.23304,39.16491],[8.23718,39.16674],[8.23965,39.16498],[8.243,39.16507],[8.24679,39.16741],[8.24785,39.16978],[8.25089,39.17062],[8.25493,39.16897],[8.26278,39.173],[8.26518,39.17537],[8.26523,39.17767],[8.26758,39.17928],[8.26686,39.1814],[8.27791,39.17847],[8.284,39.18185],[8.28804,39.18234],[8.28977,39.18014],[8.29594,39.17919],[8.29836,39.18233],[8.30262,39.18262],[8.30466,39.18638],[8.30933,39.18765]]],[[[9.5361,39.08427],[9.53383,39.08218],[9.52757,39.0848],[9.52744,39.08697],[9.52929,39.09019],[9.53429,39.08953],[9.53407,39.08554],[9.5361,39.08427]]]]},"properties":{"code":"ITG2H","nom":"Sud Sardegna","country":"IT"}},{"type":"Feature","geometry":{"type":"MultiPolygon","coordinates":[[[[13.88381,42.89188],[13.88945,42.89117],[13.90356,42.89439],[13.91573,42.89458],[13.92013,42.89247],[13.93334,42.83803],[13.94025,42.81425],[13.95524,42.78162],[13.98016,42.73987],[14.0058,42.69345],[14.0383,42.65415],[14.05973,42.62116],[14.07946,42.59817],[14.09594,42.57897],[14.10162,42.57224],[14.10996,42.56235],[14.12522,42.54924],[14.14691,42.5306],[14.13493,42.53066],[14.1319,42.5261],[14.12522,42.52863],[14.11565,42.53224],[14.10912,42.53122],[14.10627,42.53394],[14.10162,42.53231],[14.08606,42.54247],[14.06669,42.5445],[14.0579,42.53159],[14.04603,42.53468],[14.03661,42.5332],[14.01165,42.53895],[13.99599,42.54002],[13.99001,42.54184],[13.97539,42.5353],[13.97185,42.53122],[13.9587,42.53399],[13.95417,42.5324],[13.95238,42.52806],[13.95457,42.51634],[13.9585,42.51065],[13.95792,42.50536],[13.94334,42.50806],[13.92626,42.51458],[13.9221,42.51363],[13.91975,42.50867],[13.91418,42.50668],[13.89398,42.51173],[13.88489,42.50869],[13.88124,42.50248],[13.88241,42.48956],[13.86153,42.48763],[13.83787,42.49793],[13.82841,42.49277],[13.81067,42.49284],[13.80532,42.474],[13.79297,42.46303],[13.79257,42.45528],[13.77171,42.43692],[13.76529,42.42012],[13.75716,42.42943],[13.72683,42.44118],[13.72061,42.44159],[13.69717,42.44314],[13.68313,42.44232],[13.67607,42.43877],[13.67061,42.43834],[13.65321,42.44094],[13.65058,42.44218],[13.63968,42.44733],[13.59996,42.45385],[13.57317,42.45356],[13.56696,42.45775],[13.56167,42.45762],[13.55111,42.44802],[13.52806,42.44944],[13.52592,42.45265],[13.52653,42.47187],[13.51325,42.47231],[13.48341,42.48223],[13.47544,42.48355],[13.46638,42.49043],[13.4553,42.49446],[13.44658,42.50519],[13.42607,42.51899],[13.40895,42.54006],[13.40547,42.55729],[13.40142,42.5634],[13.40389,42.57479],[13.39374,42.58206],[13.39403,42.59123],[13.39115,42.59817],[13.38941,42.60234],[13.39075,42.60835],[13.39597,42.61436],[13.3947,42.62168],[13.40631,42.62943],[13.40942,42.63773],[13.4083,42.64284],[13.39846,42.64649],[13.39036,42.64634],[13.37678,42.64984],[13.36989,42.64986],[13.35715,42.66376],[13.35362,42.66598],[13.34808,42.66946],[13.3509,42.68238],[13.35362,42.687],[13.35777,42.69407],[13.35888,42.6958],[13.36519,42.69324],[13.37364,42.69438],[13.39142,42.68743],[13.42655,42.70563],[13.43779,42.69988],[13.4406,42.70327],[13.43778,42.71623],[13.44161,42.72674],[13.44696,42.73133],[13.46294,42.73438],[13.48205,42.73223],[13.49057,42.73479],[13.49834,42.74142],[13.50403,42.74824],[13.50253,42.76985],[13.50523,42.77555],[13.51836,42.79066],[13.52995,42.79699],[13.53558,42.81635],[13.54446,42.81621],[13.55532,42.80472],[13.57473,42.80079],[13.58508,42.80732],[13.60058,42.80646],[13.61858,42.81339],[13.62242,42.81588],[13.62654,42.81554],[13.62863,42.80763],[13.6352,42.80375],[13.64242,42.80309],[13.65058,42.80463],[13.66362,42.8071],[13.6683,42.81138],[13.68672,42.81824],[13.69978,42.82377],[13.70184,42.83182],[13.71002,42.84197],[13.70662,42.84929],[13.72061,42.85407],[13.72224,42.85463],[13.7417,42.85582],[13.76295,42.85865],[13.76576,42.85834],[13.76773,42.85853],[13.76949,42.85891],[13.79943,42.86686],[13.81267,42.87407],[13.81912,42.87866],[13.83116,42.88114],[13.83478,42.88172],[13.87485,42.88957],[13.87838,42.89458],[13.88381,42.89188]]]]},"properties":{"code":"ITF12","nom":"Teramo","country":"IT"}},{"type":"Feature","geometry":{"type":"MultiPolygon","coordinates":[[[[15.56231,38.21138],[15.56274,38.20526],[15.55755,38.19365],[15.56079,38.18845],[15.56915,38.1912],[15.57127,38.18932],[15.55194,38.17054],[15.53222,38.14438],[15.527,38.13496],[15.49381,38.0751],[15.48987,38.07119],[15.48052,38.06194],[15.4772,38.05455],[15.45981,38.04147],[15.45678,38.03919],[15.45202,38.03463],[15.44945,38.03274],[15.44496,38.02837],[15.44287,38.02595],[15.43971,38.01773],[15.41737,37.99563],[15.41413,37.99213],[15.40766,37.98678],[15.40441,37.98342],[15.40044,37.97945],[15.398,37.97656],[15.3905,37.96863],[15.38653,37.96395],[15.38013,37.95723],[15.37686,37.95337],[15.37604,37.95211],[15.37486,37.95075],[15.36419,37.94007],[15.35948,37.93467],[15.35711,37.93147],[15.34841,37.9219],[15.34588,37.91627],[15.34728,37.91226],[15.34339,37.90976],[15.33588,37.90546],[15.30431,37.87567],[15.29706,37.86163],[15.30278,37.85657],[15.30399,37.85179],[15.29841,37.8503],[15.29677,37.84667],[15.28646,37.84727],[15.28068,37.84267],[15.26967,37.83063],[15.27006,37.82713],[15.27574,37.82198],[15.25808,37.80722],[15.24674,37.80933],[15.24665,37.81749],[15.23154,37.83131],[15.22682,37.84251],[15.22291,37.8467],[15.22109,37.85036],[15.21116,37.85614],[15.20958,37.86012],[15.20335,37.86136],[15.19588,37.86708],[15.1886,37.87493],[15.17548,37.87569],[15.1615,37.88964],[15.15045,37.89554],[15.13335,37.8927],[15.13013,37.89725],[15.12009,37.90199],[15.11241,37.90561],[15.0831,37.90219],[15.07151,37.90402],[15.06685,37.89992],[15.05814,37.8983],[15.0438,37.89407],[15.02802,37.89732],[15.02153,37.89812],[15.01937,37.89862],[15.01697,37.89889],[15.01289,37.89901],[15.01051,37.89969],[15.00825,37.89907],[15.00225,37.89782],[14.99244,37.89302],[14.98276,37.89224],[14.97945,37.89491],[14.97823,37.90658],[14.95661,37.91154],[14.95193,37.92677],[14.94153,37.94099],[14.94125,37.95079],[14.93336,37.9531],[14.92756,37.96016],[14.89432,37.94799],[14.87823,37.93466],[14.87705,37.93153],[14.86735,37.93101],[14.8572,37.92739],[14.8477,37.9441],[14.85093,37.95429],[14.84202,37.95846],[14.82854,37.9351],[14.81157,37.94186],[14.80237,37.95229],[14.78467,37.95122],[14.783,37.95013],[14.77815,37.94295],[14.76462,37.93927],[14.76193,37.92492],[14.75735,37.91651],[14.76097,37.91297],[14.77254,37.90969],[14.77853,37.9041],[14.77266,37.89843],[14.77073,37.89044],[14.76768,37.88911],[14.76007,37.89922],[14.73884,37.90249],[14.7381,37.88063],[14.74041,37.87593],[14.73692,37.85661],[14.73928,37.84816],[14.74216,37.84832],[14.75837,37.86772],[14.77652,37.86277],[14.783,37.85871],[14.78881,37.85249],[14.79287,37.84164],[14.79176,37.83713],[14.79684,37.8311],[14.80242,37.81581],[14.80042,37.80398],[14.79852,37.80304],[14.783,37.80986],[14.77374,37.81246],[14.76981,37.81983],[14.76292,37.82225],[14.74227,37.81813],[14.72012,37.81715],[14.70432,37.81162],[14.69464,37.80531],[14.68637,37.79769],[14.67987,37.79587],[14.64565,37.80653],[14.64333,37.80725],[14.64147,37.80711],[14.61802,37.80526],[14.59476,37.81231],[14.57372,37.83172],[14.56719,37.83426],[14.56155,37.83645],[14.55523,37.83672],[14.55322,37.83979],[14.5585,37.85198],[14.56719,37.85657],[14.57264,37.85945],[14.57022,37.87965],[14.56719,37.87913],[14.55203,37.87653],[14.54491,37.87163],[14.5377,37.86053],[14.52757,37.86164],[14.51847,37.85903],[14.50558,37.85062],[14.49214,37.82426],[14.48262,37.81362],[14.47706,37.81125],[14.45482,37.81726],[14.45555,37.82369],[14.46404,37.83889],[14.4628,37.84196],[14.4332,37.85251],[14.42526,37.85393],[14.41982,37.8611],[14.40629,37.86636],[14.40273,37.86011],[14.39536,37.84922],[14.38871,37.85233],[14.36107,37.84997],[14.34709,37.84667],[14.3284,37.83807],[14.31675,37.84004],[14.30135,37.83627],[14.27997,37.84009],[14.27826,37.84483],[14.27335,37.84699],[14.27424,37.86564],[14.2688,37.87545],[14.27459,37.88821],[14.27498,37.90353],[14.28618,37.91088],[14.29195,37.91861],[14.25434,37.91675],[14.25284,37.9344],[14.24537,37.93829],[14.2367,37.9482],[14.22765,37.95041],[14.22942,37.95743],[14.22189,37.96661],[14.21896,37.96863],[14.21172,37.97365],[14.20311,37.99458],[14.18848,38.00901],[14.18349,38.0194],[14.22896,38.01046],[14.24966,38.01081],[14.25544,38.00896],[14.27018,38.01259],[14.29119,38.00718],[14.31099,38.0082],[14.32456,38.01184],[14.33337,38.01592],[14.3365,38.01769],[14.33852,38.01857],[14.34973,38.01854],[14.36334,38.01467],[14.38695,38.02088],[14.3986,38.02444],[14.42335,38.03923],[14.4332,38.04062],[14.44073,38.03972],[14.44864,38.03413],[14.47497,38.0334],[14.52639,38.04273],[14.55303,38.05826],[14.55954,38.06014],[14.56719,38.06007],[14.58796,38.05985],[14.60845,38.06934],[14.6184,38.07204],[14.62539,38.06995],[14.63108,38.07084],[14.64147,38.0776],[14.64565,38.08031],[14.65522,38.08654],[14.66413,38.09],[14.67384,38.09612],[14.68495,38.10521],[14.70537,38.12546],[14.71546,38.13496],[14.74766,38.16524],[14.7618,38.15686],[14.783,38.15345],[14.78647,38.15176],[14.79133,38.15228],[14.80982,38.15637],[14.83678,38.1625],[14.85578,38.16816],[14.87362,38.16823],[14.89072,38.17246],[14.9009,38.1828],[14.91603,38.19149],[14.94461,38.17807],[14.94983,38.16994],[14.9643,38.15765],[14.96896,38.153],[14.97968,38.15035],[14.99385,38.15127],[15.00905,38.14916],[15.04445,38.15169],[15.05461,38.14327],[15.05576,38.13496],[15.05623,38.13151],[15.06963,38.12692],[15.07486,38.12269],[15.08741,38.12015],[15.10519,38.12378],[15.11938,38.13056],[15.17076,38.1516],[15.20936,38.18363],[15.22584,38.20657],[15.23884,38.23736],[15.23596,38.25575],[15.23388,38.26905],[15.2414,38.2662],[15.24782,38.25575],[15.25219,38.24861],[15.24393,38.21695],[15.25491,38.21017],[15.27318,38.20756],[15.29312,38.20659],[15.3186,38.21198],[15.32778,38.21463],[15.34106,38.21587],[15.3536,38.21775],[15.35683,38.21856],[15.37098,38.22355],[15.39315,38.22953],[15.42032,38.24045],[15.42615,38.24126],[15.44392,38.24874],[15.4547,38.25575],[15.45981,38.25901],[15.48987,38.27823],[15.51642,38.2952],[15.54203,38.30117],[15.55184,38.29958],[15.57691,38.28519],[15.60562,38.27575],[15.64116,38.27231],[15.65096,38.26795],[15.64919,38.26524],[15.60861,38.25575],[15.58547,38.24736],[15.5791,38.23804],[15.57256,38.23357],[15.5674,38.22367],[15.56737,38.21791],[15.56231,38.21138]]],[[[14.95853,38.52208],[14.96167,38.51807],[14.96403,38.50602],[14.96305,38.49107],[14.96731,38.48674],[14.97656,38.48542],[14.97999,38.48185],[14.9765,38.47845],[14.96107,38.4782],[14.95596,38.4749],[14.95804,38.45808],[14.96172,38.45249],[14.9563,38.44023],[14.94427,38.44267],[14.9345,38.45963],[14.91392,38.46502],[14.89952,38.48023],[14.90701,38.51311],[14.9132,38.51807],[14.92433,38.52155],[14.9354,38.52021],[14.95853,38.52208]]],[[[14.87134,38.58065],[14.87099,38.57746],[14.87164,38.56967],[14.8744,38.56313],[14.86853,38.55077],[14.87045,38.5377],[14.85723,38.53497],[14.84692,38.53813],[14.83132,38.54704],[14.82295,38.54769],[14.80338,38.55538],[14.79704,38.56138],[14.79891,38.56614],[14.79882,38.56967],[14.80721,38.58245],[14.83242,38.58279],[14.84656,38.57961],[14.86607,38.58286],[14.87134,38.58065]]],[[[14.96009,38.41899],[14.96026,38.41397],[14.96382,38.41217],[14.9693,38.41385],[14.97174,38.4094],[14.97658,38.40705],[14.98229,38.41047],[14.98463,38.40866],[14.98668,38.40365],[14.99102,38.40209],[14.99077,38.40093],[14.99598,38.39771],[14.99951,38.3903],[14.99947,38.38264],[15.00687,38.37371],[15.00384,38.37382],[15.00292,38.37024],[14.99698,38.37024],[14.99259,38.36696],[14.98323,38.36703],[14.97592,38.36937],[14.97347,38.37257],[14.96833,38.37563],[14.96156,38.38175],[14.95431,38.38193],[14.94959,38.38507],[14.94826,38.392],[14.94508,38.39449],[14.94493,38.39642],[14.94206,38.39834],[14.94175,38.40119],[14.93905,38.40049],[14.93768,38.40306],[14.94117,38.40649],[14.93898,38.4071],[14.94065,38.41126],[14.94613,38.41393],[14.94756,38.41723],[14.95188,38.41964],[14.95405,38.41798],[14.95645,38.41966],[14.95332,38.42282],[14.95364,38.42812],[14.95614,38.43083],[14.96021,38.4324],[14.96884,38.42589],[14.96778,38.42275],[14.96009,38.41899]]],[[[15.23113,38.80962],[15.23692,38.80639],[15.23936,38.80648],[15.24284,38.80337],[15.24201,38.79981],[15.23888,38.79722],[15.23503,38.79239],[15.23108,38.78887],[15.22943,38.78257],[15.22703,38.77713],[15.22242,38.77716],[15.21661,38.77219],[15.21069,38.77274],[15.20059,38.77969],[15.19626,38.77985],[15.18824,38.78792],[15.18737,38.79084],[15.18955,38.7958],[15.19458,38.79658],[15.20995,38.80572],[15.21304,38.81009],[15.2205,38.81197],[15.23113,38.80962]]],[[[14.58153,38.56101],[14.58769,38.55847],[14.5926,38.55932],[14.5933,38.55571],[14.58554,38.55317],[14.58262,38.55592],[14.57613,38.55757],[14.57204,38.55703],[14.56915,38.55857],[14.56719,38.5586],[14.56413,38.55864],[14.55902,38.55744],[14.55568,38.55773],[14.55267,38.56221],[14.54693,38.56624],[14.54151,38.57209],[14.53929,38.57757],[14.54195,38.58339],[14.54536,38.58524],[14.55291,38.58588],[14.56167,38.58474],[14.56719,38.58265],[14.56903,38.58196],[14.5757,38.58126],[14.58075,38.57462],[14.58143,38.57165],[14.58001,38.56938],[14.57973,38.56474],[14.58153,38.56101]]],[[[14.35659,38.53086],[14.34864,38.53079],[14.34474,38.53177],[14.34148,38.53428],[14.33989,38.5376],[14.33885,38.54312],[14.34013,38.54849],[14.34497,38.55281],[14.34892,38.55406],[14.36076,38.55485],[14.36469,38.55309],[14.36634,38.55073],[14.36606,38.54603],[14.36396,38.53881],[14.35988,38.53206],[14.35659,38.53086]]],[[[15.0762,38.64389],[15.07636,38.63548],[15.07263,38.62867],[15.068,38.62908],[15.06705,38.62747],[15.06346,38.62774],[15.06227,38.62527],[15.05555,38.62449],[15.05314,38.62887],[15.05533,38.63592],[15.05957,38.64457],[15.06164,38.64348],[15.06482,38.64593],[15.06914,38.64762],[15.07189,38.64696],[15.0762,38.64389]]],[[[15.06474,38.14184],[15.05965,38.14129],[15.05788,38.14417],[15.06452,38.14426],[15.06474,38.14184]]]]},"properties":{"code":"ITG13","nom":"Messina","country":"IT"}},{"type":"Feature","geometry":{"type":"MultiPolygon","coordinates":[[[[15.0314,41.45424],[15.0343,41.45325],[15.0431,41.45585],[15.04313,41.4481],[15.04691,41.44384],[15.06311,41.44021],[15.07738,41.43284],[15.09837,41.434],[15.10246,41.42124],[15.09109,41.41685],[15.08671,41.40589],[15.09835,41.39054],[15.07889,41.38708],[15.07128,41.37811],[15.06786,41.3765],[15.05851,41.3721],[15.06137,41.35862],[15.06686,41.35274],[15.06724,41.34295],[15.07223,41.33243],[15.08364,41.32891],[15.0989,41.32778],[15.11336,41.31941],[15.13074,41.31746],[15.12799,41.30395],[15.1388,41.29375],[15.13753,41.28676],[15.14117,41.28478],[15.1492,41.28041],[15.14117,41.26911],[15.1381,41.26479],[15.12188,41.25657],[15.09942,41.26049],[15.08178,41.25282],[15.06653,41.2709],[15.0633,41.26748],[15.05879,41.26432],[15.05619,41.26162],[15.051,41.25819],[15.04634,41.26174],[15.03441,41.26387],[15.02169,41.26248],[15.0091,41.27092],[14.98617,41.27111],[14.98166,41.26087],[14.98671,41.24778],[14.98439,41.23929],[14.98717,41.23271],[15.00106,41.21936],[15.00495,41.20814],[14.99763,41.1987],[14.98234,41.19095],[14.96958,41.17997],[14.96266,41.17602],[14.96344,41.16637],[14.95845,41.15646],[14.95791,41.14778],[14.96268,41.1473],[14.96737,41.15033],[14.98973,41.1503],[14.99683,41.1477],[14.9946,41.14374],[14.99934,41.1377],[14.99752,41.13271],[15.00312,41.12942],[15.0109,41.11806],[14.99168,41.10614],[14.98414,41.10506],[14.97413,41.09324],[14.96513,41.08979],[14.95153,41.08824],[14.94573,41.08464],[14.94521,41.08021],[14.93384,41.08468],[14.92486,41.08276],[14.91711,41.07349],[14.90158,41.06776],[14.87205,41.05881],[14.86309,41.04864],[14.8573,41.04559],[14.84781,41.04766],[14.83238,41.03495],[14.82933,41.03502],[14.81064,41.03915],[14.80734,41.04054],[14.80604,41.05878],[14.79685,41.06028],[14.79418,41.05812],[14.79535,41.05124],[14.79213,41.04888],[14.77478,41.05457],[14.77622,41.04038],[14.77037,41.02319],[14.7689,41.02204],[14.77413,41.01352],[14.76038,41.00934],[14.75237,41.00899],[14.73635,41.01718],[14.7368,41.02315],[14.72915,41.02661],[14.73106,41.03028],[14.72952,41.04217],[14.72478,41.04891],[14.71065,41.0601],[14.70907,41.06134],[14.70585,41.05897],[14.70139,41.05535],[14.66621,41.05662],[14.6576,41.04875],[14.64018,41.0425],[14.61723,41.0505],[14.61197,41.05078],[14.61084,41.05279],[14.60486,41.05175],[14.60179,41.05699],[14.59668,41.05878],[14.5967,41.05041],[14.59295,41.04976],[14.58847,41.03527],[14.56886,41.02027],[14.57197,41.00947],[14.56719,41.01181],[14.56592,41.01504],[14.54429,41.01801],[14.53782,41.01876],[14.5312,41.01331],[14.52388,41.02176],[14.52539,41.02961],[14.51587,41.03385],[14.51826,41.04872],[14.51432,41.04922],[14.50886,41.0548],[14.50294,41.05332],[14.49526,41.05118],[14.49181,41.04775],[14.48352,41.04939],[14.47807,41.05129],[14.47862,41.04686],[14.47384,41.0433],[14.46431,41.04577],[14.45585,41.0427],[14.45608,41.04838],[14.45037,41.0456],[14.44433,41.04917],[14.42113,41.05279],[14.41302,41.05716],[14.42207,41.06366],[14.43986,41.07101],[14.43018,41.08185],[14.43674,41.0958],[14.43468,41.10308],[14.4342,41.10775],[14.42499,41.10701],[14.41041,41.11294],[14.39379,41.1158],[14.39645,41.12183],[14.38929,41.13303],[14.36554,41.1377],[14.36232,41.14209],[14.35605,41.14478],[14.35205,41.15205],[14.35813,41.15731],[14.37918,41.16097],[14.38365,41.15481],[14.39848,41.14948],[14.4028,41.14537],[14.40559,41.14295],[14.41989,41.14068],[14.42311,41.13524],[14.4292,41.1383],[14.43105,41.14928],[14.43633,41.15445],[14.4494,41.1541],[14.46366,41.15683],[14.45891,41.16241],[14.46714,41.1713],[14.46578,41.1772],[14.45991,41.17551],[14.45826,41.18428],[14.46258,41.18747],[14.46197,41.19081],[14.45219,41.19265],[14.44475,41.20066],[14.44236,41.21029],[14.43504,41.21449],[14.43458,41.22233],[14.42845,41.2235],[14.42278,41.22087],[14.41848,41.22337],[14.42049,41.23699],[14.41819,41.24399],[14.42408,41.24905],[14.41997,41.25438],[14.43334,41.26678],[14.43567,41.28046],[14.44867,41.29057],[14.46994,41.29842],[14.48913,41.30061],[14.48973,41.30713],[14.47784,41.3207],[14.4745,41.3379],[14.46982,41.34406],[14.45873,41.34238],[14.4525,41.34472],[14.43952,41.34422],[14.44499,41.35653],[14.45596,41.36529],[14.45607,41.37122],[14.46507,41.37525],[14.47349,41.37423],[14.47529,41.3765],[14.47787,41.37976],[14.48828,41.3765],[14.49462,41.37452],[14.49628,41.3765],[14.50067,41.38172],[14.5051,41.38246],[14.52325,41.38483],[14.53075,41.38347],[14.55241,41.38038],[14.56635,41.39209],[14.57601,41.3887],[14.58539,41.38058],[14.58632,41.3765],[14.58763,41.37079],[14.60307,41.36393],[14.60845,41.36794],[14.61466,41.3682],[14.62404,41.3765],[14.64147,41.39192],[14.64408,41.39422],[14.65303,41.39706],[14.66088,41.39312],[14.66517,41.39775],[14.66157,41.40341],[14.66378,41.4063],[14.67573,41.40752],[14.68684,41.41143],[14.69965,41.41081],[14.71065,41.40359],[14.71447,41.40108],[14.75237,41.40932],[14.76473,41.41733],[14.76438,41.42344],[14.77194,41.43338],[14.77337,41.44432],[14.78343,41.45114],[14.79021,41.45252],[14.80605,41.44732],[14.81387,41.43984],[14.84297,41.42704],[14.85496,41.42505],[14.86037,41.42637],[14.86672,41.42751],[14.87463,41.43347],[14.88247,41.44315],[14.89343,41.44778],[14.94626,41.45605],[14.96059,41.46486],[14.9823,41.46903],[14.98397,41.47887],[14.99613,41.48029],[15.00766,41.48636],[15.01683,41.48061],[15.02383,41.4764],[15.02959,41.46638],[15.0314,41.45424]]],[[[14.70508,40.98856],[14.69365,40.97509],[14.69085,40.97598],[14.67981,40.98163],[14.68187,40.98963],[14.68,40.99869],[14.68597,41.00939],[14.6799,41.01933],[14.69195,41.02729],[14.69574,41.03381],[14.71065,41.01376],[14.71568,41.00698],[14.71065,40.99823],[14.70508,40.98856]]]]},"properties":{"code":"ITF32","nom":"Benevento","country":"IT"}},{"type":"Feature","geometry":{"type":"MultiPolygon","coordinates":[[[[12.7993,45.83318],[12.80182,45.82295],[12.80976,45.82089],[12.81733,45.82382],[12.81992,45.83419],[12.83397,45.83893],[12.83845,45.84739],[12.8602,45.8505],[12.8694,45.84601],[12.8746,45.84947],[12.87721,45.8432],[12.86969,45.83379],[12.87606,45.8299],[12.87757,45.82545],[12.88699,45.82479],[12.89235,45.82063],[12.89913,45.82266],[12.90572,45.82841],[12.91563,45.82642],[12.92053,45.83135],[12.92951,45.81736],[12.94191,45.82034],[12.95738,45.82285],[12.95108,45.83105],[12.95155,45.84226],[12.9563,45.84666],[12.96223,45.84579],[12.96799,45.83639],[12.97906,45.83405],[12.97187,45.8273],[12.97525,45.82382],[12.98209,45.8273],[12.97523,45.82095],[12.98765,45.81739],[12.99175,45.81258],[12.98783,45.81014],[12.98045,45.81395],[12.97547,45.80575],[12.9818,45.79755],[12.98824,45.79896],[12.98917,45.79584],[12.97438,45.7919],[12.97308,45.78984],[12.98354,45.7849],[12.98412,45.77734],[12.99297,45.77554],[12.99882,45.76918],[12.99989,45.76801],[13.01084,45.7631],[13.00932,45.76102],[13.00052,45.75936],[13.00484,45.75428],[13.00232,45.74811],[13.01549,45.74026],[13.0153,45.73596],[13.00831,45.73073],[13.00907,45.72499],[13.01481,45.72482],[13.01724,45.73084],[13.02628,45.7367],[13.02873,45.73658],[13.02799,45.72757],[13.03854,45.72074],[13.04,45.70818],[13.04514,45.70272],[13.03735,45.69962],[13.04552,45.69477],[13.04975,45.69645],[13.0527,45.69496],[13.05138,45.69028],[13.0452,45.68687],[13.04502,45.68443],[13.05421,45.67828],[13.06287,45.67819],[13.06692,45.67087],[13.06212,45.66287],[13.0643,45.65678],[13.08168,45.65835],[13.08346,45.65686],[13.08143,45.65036],[13.08876,45.6504],[13.09879,45.64453],[13.09944,45.63913],[13.09603,45.63584],[13.05978,45.63082],[13.02628,45.63004],[13.02173,45.62972],[13.00873,45.62849],[13.00076,45.62756],[12.98425,45.62529],[12.98012,45.62515],[12.97833,45.62533],[12.91989,45.61337],[12.90865,45.61438],[12.88936,45.59821],[12.86819,45.58935],[12.86437,45.58949],[12.86312,45.58706],[12.78784,45.55673],[12.76177,45.54285],[12.71959,45.52506],[12.67269,45.51287],[12.6382,45.50085],[12.6148,45.49269],[12.58397,45.47916],[12.53192,45.46351],[12.48912,45.45154],[12.45538,45.4396],[12.43289,45.42544],[12.42268,45.43427],[12.42138,45.44203],[12.44134,45.46351],[12.44732,45.47139],[12.47019,45.47693],[12.47739,45.48457],[12.47725,45.49095],[12.48759,45.49904],[12.50278,45.49775],[12.50942,45.50304],[12.52411,45.50252],[12.53081,45.49915],[12.54298,45.49918],[12.55205,45.49413],[12.55355,45.48596],[12.56287,45.48747],[12.57375,45.49327],[12.57492,45.49536],[12.57075,45.49712],[12.56964,45.50039],[12.57777,45.5053],[12.58852,45.5067],[12.60214,45.51479],[12.62241,45.51349],[12.62796,45.51725],[12.63262,45.52714],[12.63148,45.53342],[12.62224,45.53682],[12.60032,45.53748],[12.58529,45.5261],[12.57817,45.52691],[12.58606,45.53798],[12.5966,45.54527],[12.57394,45.55163],[12.56228,45.56467],[12.55724,45.55935],[12.55076,45.5638],[12.5432,45.56418],[12.5384,45.56863],[12.54013,45.57379],[12.53798,45.57531],[12.47362,45.56206],[12.45803,45.55274],[12.45793,45.54577],[12.45187,45.54485],[12.44887,45.53702],[12.43896,45.5353],[12.43563,45.52868],[12.43094,45.52673],[12.42761,45.52829],[12.42891,45.535],[12.42449,45.5417],[12.4159,45.54445],[12.41031,45.54088],[12.4102,45.5337],[12.40576,45.53289],[12.40446,45.53678],[12.39569,45.53199],[12.39176,45.51896],[12.371,45.51968],[12.35463,45.50597],[12.33833,45.49232],[12.33224,45.4911],[12.32939,45.49543],[12.29919,45.47914],[12.28125,45.47699],[12.28336,45.46697],[12.27375,45.45074],[12.26318,45.4557],[12.26052,45.45465],[12.25774,45.41838],[12.25434,45.41683],[12.23809,45.42301],[12.19365,45.4125],[12.16571,45.39096],[12.18668,45.37471],[12.18405,45.3684],[12.17569,45.36708],[12.16358,45.37196],[12.15318,45.38739],[12.14626,45.39065],[12.14345,45.38161],[12.14702,45.37852],[12.14986,45.36556],[12.15441,45.3625],[12.16517,45.36021],[12.16885,45.36134],[12.16927,45.35989],[12.16583,45.35773],[12.14843,45.36097],[12.14161,45.35628],[12.13966,45.32123],[12.13377,45.31502],[12.13256,45.30037],[12.11399,45.30502],[12.09889,45.32046],[12.10272,45.3223],[12.0917,45.33014],[12.08102,45.33187],[12.0774,45.32815],[12.07267,45.32736],[12.06818,45.32053],[12.05824,45.32153],[12.05134,45.3126],[12.04022,45.31602],[12.03527,45.31421],[12.02185,45.3221],[12.0153,45.33244],[12.01569,45.33602],[12.02108,45.33701],[12.01366,45.34273],[12.03473,45.35731],[12.03082,45.3633],[12.02624,45.36358],[12.02658,45.36732],[12.01213,45.37039],[12.0065,45.37521],[11.99393,45.38011],[11.99644,45.38798],[11.99275,45.38932],[11.99183,45.39108],[11.99002,45.39455],[11.97635,45.39668],[11.97509,45.40145],[11.97603,45.40343],[11.98106,45.40818],[11.99183,45.4083],[12.00285,45.40842],[12.00269,45.41212],[11.99475,45.41511],[11.99675,45.42387],[12.01348,45.42416],[12.01834,45.42439],[12.01943,45.42958],[12.02554,45.44849],[12.0186,45.45096],[12.01274,45.44799],[12.00471,45.44759],[11.99703,45.45117],[11.99457,45.45515],[11.99183,45.45345],[11.98923,45.45184],[11.98311,45.45263],[11.97911,45.45541],[11.97695,45.46351],[11.98143,45.47496],[11.99,45.47339],[11.99183,45.47832],[12.00309,45.50866],[11.99501,45.51194],[11.99723,45.51712],[12.0023,45.51871],[12.00761,45.53195],[12.01429,45.53057],[12.02632,45.52301],[12.03307,45.53445],[12.03338,45.56274],[12.03573,45.57075],[12.0602,45.57253],[12.06308,45.57723],[12.07225,45.5777],[12.07299,45.58082],[12.08229,45.58114],[12.08423,45.58562],[12.08839,45.58717],[12.09248,45.59833],[12.09766,45.60373],[12.10836,45.6041],[12.10857,45.61301],[12.11153,45.61401],[12.12136,45.60935],[12.1252,45.59785],[12.14444,45.59435],[12.14522,45.58518],[12.14765,45.58425],[12.1513,45.58629],[12.16077,45.58399],[12.16322,45.57479],[12.16711,45.57721],[12.17528,45.577],[12.17607,45.58072],[12.18311,45.58147],[12.18536,45.5849],[12.19097,45.58309],[12.19532,45.57361],[12.20954,45.57043],[12.21164,45.56359],[12.20761,45.55189],[12.20389,45.54851],[12.20529,45.54235],[12.21384,45.53782],[12.23404,45.53826],[12.24606,45.53089],[12.25816,45.53361],[12.27014,45.53292],[12.27425,45.5362],[12.27974,45.53575],[12.27626,45.54327],[12.28042,45.54614],[12.28161,45.55375],[12.27539,45.55696],[12.27528,45.56119],[12.28069,45.56772],[12.29162,45.56917],[12.29434,45.57413],[12.3192,45.57076],[12.33535,45.56184],[12.34346,45.57437],[12.35239,45.58788],[12.35463,45.58877],[12.35761,45.58995],[12.36222,45.58356],[12.37025,45.58309],[12.38103,45.57762],[12.38787,45.56939],[12.39717,45.56937],[12.40706,45.5644],[12.41657,45.56716],[12.42276,45.56207],[12.43546,45.56266],[12.43972,45.55995],[12.45313,45.57185],[12.44451,45.57867],[12.44356,45.58445],[12.43801,45.59059],[12.44317,45.60327],[12.42452,45.62153],[12.42756,45.62644],[12.4341,45.62644],[12.43849,45.63468],[12.43776,45.63968],[12.44849,45.63898],[12.46081,45.64251],[12.46329,45.63877],[12.47913,45.64224],[12.48568,45.63964],[12.48475,45.64302],[12.48872,45.64979],[12.48706,45.65707],[12.48831,45.6614],[12.50491,45.66542],[12.49526,45.67388],[12.50456,45.68357],[12.50397,45.68757],[12.51887,45.68849],[12.52399,45.679],[12.54429,45.68142],[12.55184,45.68516],[12.5574,45.68463],[12.56586,45.6906],[12.57059,45.69381],[12.57519,45.69717],[12.59117,45.69034],[12.60248,45.68007],[12.60981,45.68491],[12.60934,45.68848],[12.61688,45.69509],[12.62887,45.69603],[12.63285,45.70007],[12.6382,45.6995],[12.64228,45.69907],[12.65807,45.70934],[12.67269,45.70537],[12.67721,45.70524],[12.68505,45.71299],[12.6806,45.71766],[12.67547,45.71433],[12.67269,45.71537],[12.67122,45.71746],[12.67269,45.71929],[12.67269,45.72083],[12.67085,45.72282],[12.67269,45.72919],[12.67424,45.73272],[12.67269,45.73638],[12.66446,45.73904],[12.66967,45.74402],[12.6662,45.74766],[12.6639,45.74824],[12.66155,45.74295],[12.65734,45.74136],[12.64772,45.74735],[12.65486,45.752],[12.6612,45.75217],[12.66411,45.76158],[12.66766,45.76918],[12.66847,45.77091],[12.6558,45.77833],[12.6567,45.79134],[12.66167,45.79244],[12.67269,45.79172],[12.69504,45.80636],[12.70292,45.81527],[12.71927,45.82755],[12.73065,45.83676],[12.74377,45.8271],[12.76721,45.84443],[12.76873,45.84974],[12.77984,45.85445],[12.79382,45.8461],[12.80369,45.84419],[12.7993,45.83318]]],[[[12.20771,45.19802],[12.20741,45.19617],[12.24638,45.18484],[12.25849,45.18455],[12.26868,45.19343],[12.26351,45.20902],[12.26776,45.20854],[12.27437,45.21213],[12.27882,45.20518],[12.28235,45.20404],[12.28665,45.21104],[12.28638,45.21387],[12.27361,45.21609],[12.27486,45.22431],[12.28206,45.22361],[12.28491,45.21862],[12.28822,45.21755],[12.29434,45.22846],[12.29835,45.22922],[12.30284,45.20194],[12.31042,45.18731],[12.32923,45.16796],[12.33057,45.16055],[12.31585,45.14735],[12.30903,45.14393],[12.28293,45.14303],[12.28069,45.13905],[12.2848,45.12996],[12.28304,45.12487],[12.24587,45.10826],[12.21532,45.10448],[12.20329,45.10473],[12.19961,45.10028],[12.19391,45.0983],[12.18703,45.08962],[12.18022,45.08888],[12.17355,45.09265],[12.16747,45.09301],[12.15977,45.08333],[12.16113,45.07787],[12.1588,45.0733],[12.14803,45.06797],[12.14754,45.05857],[12.13654,45.05626],[12.11247,45.06295],[12.08389,45.08096],[12.04865,45.10496],[12.049,45.11482],[12.02556,45.11959],[12.04197,45.1322],[12.02477,45.13839],[11.99183,45.13919],[11.97388,45.13477],[11.96879,45.13398],[11.96198,45.14931],[11.9663,45.15043],[11.96941,45.14937],[11.98346,45.1556],[11.98299,45.16274],[11.97738,45.16309],[11.97577,45.16757],[11.9735,45.18168],[11.97874,45.1868],[11.99183,45.18883],[12.02197,45.19349],[12.12203,45.21],[12.15341,45.19422],[12.17587,45.1963],[12.16729,45.20351],[12.15573,45.20838],[12.15373,45.21568],[12.15459,45.22136],[12.15854,45.2253],[12.16865,45.22602],[12.19344,45.23448],[12.19447,45.23802],[12.18883,45.24053],[12.20049,45.25734],[12.20728,45.25679],[12.21315,45.25241],[12.21253,45.24545],[12.20372,45.23295],[12.22099,45.20273],[12.21831,45.20014],[12.20771,45.19802]],[[12.17956,45.1954],[12.18442,45.19442],[12.18645,45.19737],[12.18206,45.19787],[12.17956,45.1954]]],[[[12.37751,45.41372],[12.35911,45.3946],[12.35463,45.38824],[12.33312,45.35775],[12.32856,45.3384],[12.3159,45.34002],[12.31141,45.33932],[12.30911,45.34129],[12.31108,45.34532],[12.3159,45.34814],[12.32372,45.35164],[12.3316,45.36048],[12.33772,45.37513],[12.35463,45.39865],[12.36306,45.41037],[12.36053,45.4107],[12.35862,45.41283],[12.36142,45.41393],[12.36476,45.41273],[12.36753,45.4166],[12.37483,45.42055],[12.38575,45.43328],[12.3972,45.43085],[12.39855,45.42891],[12.37751,45.41372]]],[[[12.32634,45.44899],[12.34868,45.43909],[12.35463,45.43952],[12.36193,45.44004],[12.36029,45.43563],[12.36664,45.42673],[12.36168,45.42551],[12.35463,45.42896],[12.34541,45.43348],[12.33142,45.4288],[12.30888,45.43255],[12.31048,45.43618],[12.30579,45.43653],[12.30813,45.44092],[12.30402,45.44085],[12.30621,45.44349],[12.31386,45.44225],[12.31967,45.44774],[12.32634,45.44899]]],[[[12.4253,45.46353],[12.41433,45.45391],[12.40041,45.44663],[12.39281,45.44538],[12.38529,45.45581],[12.39066,45.45533],[12.40609,45.45774],[12.42588,45.47303],[12.43105,45.47141],[12.4253,45.46353]]],[[[12.42296,45.49418],[12.41797,45.49222],[12.41569,45.49029],[12.41369,45.4929],[12.41201,45.4925],[12.4127,45.48933],[12.41488,45.48759],[12.42064,45.48691],[12.42114,45.48407],[12.41779,45.48261],[12.41164,45.48667],[12.40496,45.48314],[12.40265,45.48606],[12.39746,45.48998],[12.402,45.49096],[12.41207,45.49499],[12.40984,45.49789],[12.4135,45.49854],[12.41554,45.50133],[12.42107,45.49984],[12.42383,45.4977],[12.42698,45.49701],[12.42296,45.49418]]],[[[12.35463,45.45415],[12.3492,45.45277],[12.34429,45.45705],[12.34596,45.46328],[12.35463,45.46491],[12.3565,45.46351],[12.35997,45.45926],[12.35919,45.45628],[12.35463,45.45415]]],[[[12.38232,45.43659],[12.38015,45.43344],[12.37779,45.43438],[12.37296,45.43143],[12.3688,45.43231],[12.37314,45.43485],[12.37497,45.43769],[12.37349,45.43815],[12.37245,45.44207],[12.38211,45.44748],[12.3834,45.44958],[12.38545,45.44868],[12.38336,45.44673],[12.3847,45.44533],[12.38232,45.43659]]],[[[12.31598,45.31387],[12.30341,45.27927],[12.30113,45.28075],[12.30963,45.30223],[12.31005,45.31027],[12.31598,45.319],[12.31797,45.31856],[12.31598,45.31387]]],[[[12.53543,45.50108],[12.53139,45.49982],[12.52817,45.50123],[12.533,45.50378],[12.53343,45.50655],[12.53126,45.50914],[12.53195,45.51271],[12.53874,45.5128],[12.53985,45.51055],[12.54241,45.51004],[12.54546,45.50716],[12.53968,45.50462],[12.53543,45.50108]]],[[[12.34567,45.42815],[12.33613,45.42333],[12.31585,45.42578],[12.31211,45.42512],[12.30758,45.42659],[12.31341,45.42886],[12.31585,45.42895],[12.3323,45.42561],[12.34357,45.42959],[12.34567,45.42815]]],[[[12.29672,45.24391],[12.29929,45.23464],[12.29137,45.23523],[12.28781,45.23981],[12.29567,45.24446],[12.29672,45.24391]]],[[[12.31909,45.32007],[12.31754,45.31992],[12.31762,45.32394],[12.32154,45.32795],[12.31719,45.33327],[12.32054,45.33432],[12.32549,45.33186],[12.31909,45.32007]]],[[[12.45912,45.50939],[12.45787,45.50582],[12.45402,45.50759],[12.44835,45.50852],[12.44968,45.51112],[12.45244,45.51184],[12.45912,45.50939]]],[[[12.44371,45.50501],[12.44071,45.50484],[12.43841,45.50979],[12.44034,45.51093],[12.44303,45.50911],[12.44582,45.50889],[12.44371,45.50501]]],[[[12.54477,45.52421],[12.54406,45.52242],[12.53772,45.52549],[12.54083,45.5289],[12.54346,45.52846],[12.54282,45.52581],[12.54477,45.52421]]],[[[12.32394,45.40411],[12.31829,45.40326],[12.31684,45.4063],[12.32254,45.40785],[12.32394,45.40411]]],[[[12.30208,45.26497],[12.30024,45.26449],[12.29919,45.27062],[12.30261,45.27142],[12.30208,45.26497]]],[[[12.33309,45.38041],[12.33061,45.37988],[12.32793,45.38315],[12.33373,45.38372],[12.33309,45.38041]]],[[[12.33851,45.412],[12.33617,45.40835],[12.3329,45.4108],[12.33478,45.41309],[12.33851,45.412]]],[[[12.34192,45.41805],[12.33804,45.41702],[12.33744,45.41907],[12.33774,45.42098],[12.34191,45.42066],[12.34192,45.41805]]],[[[12.47459,45.50374],[12.47349,45.50161],[12.46754,45.50239],[12.4694,45.50484],[12.47459,45.50374]]],[[[12.52738,45.55829],[12.52415,45.55415],[12.52136,45.55628],[12.52567,45.55935],[12.52738,45.55829]]]]},"properties":{"code":"ITH35","nom":"Venezia","country":"IT"}},{"type":"Feature","geometry":{"type":"MultiPolygon","coordinates":[[[[14.08606,42.54247],[14.10162,42.53231],[14.10627,42.53394],[14.10912,42.53122],[14.11565,42.53224],[14.12522,42.52863],[14.1319,42.5261],[14.13493,42.53066],[14.14691,42.5306],[14.1495,42.5284],[14.1516,42.52683],[14.18616,42.49389],[14.20883,42.47631],[14.22855,42.46679],[14.23414,42.45979],[14.25396,42.4448],[14.24506,42.43725],[14.24497,42.42758],[14.23751,42.42536],[14.22874,42.41547],[14.22133,42.41945],[14.22247,42.42725],[14.21454,42.42784],[14.20754,42.42567],[14.19935,42.429],[14.19423,42.43497],[14.1856,42.4269],[14.17153,42.43662],[14.16566,42.43154],[14.17004,42.42695],[14.16452,42.42422],[14.16308,42.41963],[14.15692,42.41679],[14.16044,42.41651],[14.15676,42.4137],[14.1554,42.40804],[14.15797,42.39682],[14.15551,42.3935],[14.14503,42.39295],[14.14402,42.38773],[14.13734,42.38864],[14.13186,42.38463],[14.12691,42.36788],[14.12522,42.36671],[14.11817,42.36183],[14.12038,42.3585],[14.12522,42.35808],[14.12753,42.35121],[14.12522,42.34924],[14.12214,42.34747],[14.11785,42.34005],[14.11834,42.33422],[14.11248,42.33205],[14.10162,42.33328],[14.09253,42.33432],[14.08226,42.33089],[14.07569,42.32508],[14.07842,42.31839],[14.08468,42.31672],[14.09347,42.30452],[14.10162,42.30056],[14.10906,42.29695],[14.11155,42.29337],[14.10162,42.28393],[14.08524,42.27838],[14.09883,42.27844],[14.10162,42.27768],[14.11369,42.2744],[14.11434,42.26305],[14.1063,42.2578],[14.10874,42.24516],[14.11287,42.23936],[14.12522,42.23016],[14.13312,42.22428],[14.12041,42.22309],[14.1103,42.21133],[14.09549,42.20539],[14.09531,42.20012],[14.10473,42.19082],[14.10083,42.18916],[14.09611,42.18589],[14.09777,42.18038],[14.10162,42.17831],[14.11431,42.17148],[14.12522,42.16215],[14.1292,42.15875],[14.12522,42.15618],[14.1186,42.1519],[14.11034,42.14233],[14.11546,42.11912],[14.11494,42.10716],[14.10722,42.09958],[14.10162,42.09928],[14.09023,42.09866],[14.08448,42.0908],[14.08525,42.0867],[14.03178,42.08283],[14.00689,42.07331],[14.00049,42.07752],[13.99071,42.09316],[13.97664,42.10244],[13.97435,42.10594],[13.95923,42.12584],[13.94781,42.12593],[13.92642,42.13521],[13.90612,42.14733],[13.90616,42.15869],[13.90526,42.15998],[13.90206,42.16327],[13.90049,42.16445],[13.89892,42.16555],[13.88286,42.16074],[13.85991,42.15931],[13.85586,42.15636],[13.8513,42.14542],[13.84409,42.14315],[13.83548,42.14749],[13.83529,42.14479],[13.83048,42.14392],[13.82086,42.14716],[13.79903,42.14921],[13.78925,42.15391],[13.79118,42.1566],[13.79445,42.16073],[13.79944,42.16815],[13.79702,42.1753],[13.80079,42.17477],[13.79614,42.18283],[13.79932,42.18698],[13.80056,42.18926],[13.80898,42.19277],[13.81078,42.19669],[13.80383,42.20144],[13.80125,42.21102],[13.80679,42.2183],[13.80771,42.22658],[13.79927,42.23719],[13.80643,42.23911],[13.80841,42.24653],[13.81503,42.25097],[13.82182,42.25247],[13.83203,42.24667],[13.83733,42.25474],[13.84245,42.25643],[13.84048,42.26996],[13.84435,42.28105],[13.8388,42.28828],[13.82823,42.29405],[13.82484,42.3069],[13.82453,42.31049],[13.82451,42.31614],[13.81388,42.32936],[13.8052,42.33478],[13.80688,42.34632],[13.80177,42.3599],[13.79914,42.3658],[13.80764,42.36714],[13.81285,42.36825],[13.80931,42.3725],[13.80749,42.37912],[13.79865,42.38419],[13.79668,42.38832],[13.7878,42.39196],[13.77471,42.41518],[13.76529,42.42012],[13.77171,42.43692],[13.79257,42.45528],[13.79297,42.46303],[13.80532,42.474],[13.81067,42.49284],[13.82841,42.49277],[13.83787,42.49793],[13.86153,42.48763],[13.88241,42.48956],[13.88124,42.50248],[13.88489,42.50869],[13.89398,42.51173],[13.91418,42.50668],[13.91975,42.50867],[13.9221,42.51363],[13.92626,42.51458],[13.94334,42.50806],[13.95792,42.50536],[13.9585,42.51065],[13.95457,42.51634],[13.95238,42.52806],[13.95417,42.5324],[13.9587,42.53399],[13.97185,42.53122],[13.97539,42.5353],[13.99001,42.54184],[13.99599,42.54002],[14.01165,42.53895],[14.03661,42.5332],[14.04603,42.53468],[14.0579,42.53159],[14.06669,42.5445],[14.08606,42.54247]]],[[[14.23728,42.46634],[14.23259,42.46445],[14.23067,42.46721],[14.23391,42.46877],[14.23728,42.46634]]]]},"properties":{"code":"ITF13","nom":"Pescara","country":"IT"}},{"type":"Feature","geometry":{"type":"MultiPolygon","coordinates":[[[[10.73756,44.98601],[10.74818,44.96267],[10.74673,44.96015],[10.74325,44.95408],[10.74432,44.94941],[10.75492,44.94728],[10.77064,44.94412],[10.79357,44.9397],[10.80112,44.9417],[10.80611,44.93524],[10.81266,44.93738],[10.82853,44.93268],[10.83676,44.93524],[10.84836,44.92607],[10.86499,44.92902],[10.86911,44.92156],[10.87401,44.92184],[10.87666,44.91704],[10.8902,44.91922],[10.88791,44.91427],[10.87675,44.90061],[10.87752,44.89085],[10.88351,44.88855],[10.88077,44.88066],[10.88286,44.87314],[10.87834,44.86771],[10.86223,44.86516],[10.85,44.86651],[10.8468,44.86002],[10.83699,44.84954],[10.83626,44.84247],[10.81501,44.80721],[10.84122,44.79496],[10.83762,44.78209],[10.82847,44.76731],[10.81696,44.75777],[10.81747,44.7463],[10.81524,44.74166],[10.82057,44.73675],[10.82069,44.73324],[10.80897,44.70312],[10.80719,44.69697],[10.81987,44.68984],[10.81433,44.67763],[10.81356,44.66755],[10.81842,44.66481],[10.81366,44.66054],[10.81531,44.65652],[10.79657,44.65198],[10.793,44.63888],[10.78199,44.62775],[10.78445,44.6248],[10.78623,44.62163],[10.78707,44.61471],[10.78707,44.61037],[10.78679,44.60648],[10.77727,44.58393],[10.77504,44.564],[10.76498,44.54041],[10.75492,44.52785],[10.74094,44.5104],[10.72638,44.49982],[10.70377,44.4884],[10.68707,44.47387],[10.67277,44.46924],[10.66822,44.46777],[10.65477,44.45334],[10.65589,44.43473],[10.64441,44.43035],[10.6309,44.42013],[10.62884,44.41114],[10.62154,44.40584],[10.62236,44.4036],[10.62256,44.40149],[10.62231,44.39998],[10.62234,44.39796],[10.62363,44.39093],[10.62135,44.3854],[10.62013,44.38243],[10.61433,44.37494],[10.59447,44.36306],[10.55241,44.35984],[10.52956,44.35112],[10.52646,44.34531],[10.52633,44.34386],[10.52547,44.32904],[10.51407,44.31044],[10.51152,44.29505],[10.51475,44.28043],[10.50042,44.26716],[10.48754,44.26295],[10.48434,44.23557],[10.47015,44.22604],[10.46424,44.23076],[10.45775,44.22878],[10.44555,44.22912],[10.43574,44.22622],[10.41405,44.23583],[10.40742,44.24929],[10.38466,44.2604],[10.37327,44.26943],[10.35813,44.27165],[10.34236,44.27012],[10.3167,44.27723],[10.30817,44.28368],[10.29973,44.28545],[10.28066,44.27843],[10.25388,44.26857],[10.23662,44.2825],[10.23029,44.29505],[10.21918,44.30388],[10.20888,44.30262],[10.20332,44.31022],[10.19645,44.31509],[10.18944,44.31508],[10.18632,44.32093],[10.16824,44.33031],[10.16132,44.34361],[10.14205,44.35385],[10.14744,44.3611],[10.14674,44.3673],[10.15996,44.38077],[10.16715,44.38394],[10.17615,44.3854],[10.19232,44.38804],[10.20668,44.39338],[10.22368,44.41061],[10.23083,44.42872],[10.23883,44.43811],[10.2503,44.44281],[10.25473,44.45145],[10.26194,44.4536],[10.2663,44.45765],[10.28066,44.45939],[10.28545,44.45997],[10.30315,44.47013],[10.3167,44.47613],[10.32338,44.47909],[10.33145,44.48538],[10.32914,44.49229],[10.3354,44.49681],[10.33927,44.50434],[10.3409,44.5227],[10.34485,44.52681],[10.35344,44.52996],[10.36347,44.54268],[10.37035,44.54493],[10.38294,44.54452],[10.38798,44.55305],[10.3998,44.5605],[10.40263,44.57121],[10.39915,44.58547],[10.40322,44.59567],[10.40083,44.60466],[10.40263,44.61643],[10.41031,44.62139],[10.41426,44.62891],[10.41681,44.64106],[10.41541,44.66684],[10.41463,44.67248],[10.41898,44.67622],[10.42827,44.69336],[10.44663,44.71772],[10.44612,44.72562],[10.44149,44.73047],[10.42637,44.73879],[10.42613,44.74394],[10.42836,44.74875],[10.4236,44.79595],[10.42579,44.79937],[10.43706,44.80079],[10.4421,44.8196],[10.44223,44.82473],[10.45299,44.82982],[10.45519,44.83298],[10.45344,44.84689],[10.45844,44.84934],[10.45914,44.8528],[10.46441,44.85409],[10.4637,44.85884],[10.46817,44.85903],[10.46544,44.86381],[10.46726,44.86656],[10.46521,44.86907],[10.46868,44.87175],[10.46659,44.87543],[10.47328,44.87556],[10.46736,44.88171],[10.46904,44.88613],[10.4609,44.88754],[10.46447,44.89702],[10.47848,44.90182],[10.4855,44.90062],[10.48982,44.90468],[10.49515,44.90828],[10.49294,44.91222],[10.50434,44.92242],[10.51598,44.91417],[10.52684,44.91265],[10.53332,44.91321],[10.53647,44.91296],[10.54,44.91238],[10.54568,44.91181],[10.55047,44.91089],[10.55241,44.91082],[10.56877,44.90871],[10.58239,44.91264],[10.59247,44.91481],[10.59944,44.91523],[10.61194,44.9211],[10.62244,44.92504],[10.62791,44.9242],[10.63229,44.93202],[10.65036,44.94807],[10.6581,44.96015],[10.66241,44.96687],[10.67277,44.97296],[10.67953,44.97694],[10.6867,44.98659],[10.69545,44.97449],[10.68891,44.96589],[10.69167,44.96284],[10.7015,44.96488],[10.70969,44.97209],[10.71383,44.98642],[10.72839,44.99162],[10.73114,44.9907],[10.72998,44.9873],[10.73756,44.98601]]]]},"properties":{"code":"ITH53","nom":"Reggio nell\u2019Emilia","country":"IT"}},{"type":"Feature","geometry":{"type":"MultiPolygon","coordinates":[[[[12.05702,44.30483],[12.07462,44.29911],[12.08812,44.29987],[12.10653,44.28915],[12.10486,44.27144],[12.14808,44.25351],[12.15989,44.25106],[12.17267,44.2437],[12.17527,44.24332],[12.17767,44.24775],[12.18816,44.25336],[12.20803,44.25526],[12.21086,44.24876],[12.20936,44.23814],[12.20085,44.23014],[12.20803,44.22073],[12.21316,44.22082],[12.21771,44.21335],[12.22545,44.21339],[12.22987,44.21719],[12.23884,44.21808],[12.2393,44.22325],[12.24831,44.23065],[12.27905,44.23286],[12.30619,44.21723],[12.31399,44.21255],[12.32704,44.20432],[12.33275,44.20097],[12.33838,44.19737],[12.34938,44.19069],[12.35463,44.19633],[12.3747,44.21788],[12.38428,44.22473],[12.3959,44.21023],[12.40487,44.20718],[12.42276,44.18502],[12.43751,44.17383],[12.44467,44.16942],[12.4451,44.16693],[12.45035,44.16219],[12.44086,44.15896],[12.42976,44.14743],[12.44171,44.14027],[12.43975,44.12807],[12.44381,44.12404],[12.44758,44.12531],[12.44798,44.12004],[12.45361,44.1118],[12.45241,44.10957],[12.45628,44.09033],[12.45209,44.08718],[12.42532,44.08848],[12.42014,44.08218],[12.40924,44.07741],[12.39966,44.06624],[12.39035,44.06375],[12.37685,44.06662],[12.37048,44.06604],[12.36756,44.06327],[12.36353,44.0635],[12.36369,44.05828],[12.35908,44.05421],[12.36378,44.04711],[12.37588,44.044],[12.38072,44.03691],[12.3953,44.03023],[12.38865,44.0255],[12.39073,44.02013],[12.38578,44.01979],[12.38526,44.00971],[12.37216,43.9986],[12.36861,43.98931],[12.35463,43.98641],[12.35289,43.98604],[12.34572,43.97424],[12.32683,43.96527],[12.3229,43.96057],[12.3132,43.9502],[12.31243,43.94084],[12.30619,43.93758],[12.30439,43.93694],[12.30091,43.93533],[12.29867,43.93358],[12.29674,43.93165],[12.29535,43.92953],[12.29478,43.92817],[12.28686,43.92965],[12.27819,43.92542],[12.27582,43.93054],[12.2702,43.92869],[12.25674,43.92099],[12.25476,43.91231],[12.25189,43.91025],[12.23654,43.91674],[12.22275,43.9146],[12.2205,43.90822],[12.20359,43.91293],[12.20206,43.91627],[12.18667,43.91706],[12.17529,43.92084],[12.1703,43.92532],[12.16296,43.92352],[12.15899,43.92009],[12.15879,43.90685],[12.16714,43.89666],[12.15757,43.8754],[12.14276,43.86264],[12.14254,43.8528],[12.13828,43.84762],[12.14966,43.83891],[12.14949,43.83328],[12.1444,43.82874],[12.13123,43.826],[12.11719,43.80642],[12.1188,43.79904],[12.10353,43.79284],[12.10429,43.78378],[12.09676,43.76575],[12.10746,43.75375],[12.10047,43.74974],[12.08713,43.7466],[12.07708,43.74064],[12.06537,43.74284],[12.06152,43.74974],[12.06023,43.75336],[12.05336,43.75658],[12.0455,43.75711],[12.0422,43.7544],[12.02863,43.76102],[12.01895,43.76103],[12.00616,43.7658],[11.99183,43.76296],[11.98653,43.76191],[11.95295,43.77637],[11.95152,43.77845],[11.95119,43.78696],[11.94708,43.79024],[11.91926,43.79406],[11.91312,43.79891],[11.91386,43.80808],[11.91,43.81296],[11.89728,43.80825],[11.88647,43.80859],[11.87583,43.81117],[11.86894,43.81633],[11.85936,43.81581],[11.85403,43.81436],[11.84915,43.80933],[11.84169,43.808],[11.8185,43.8173],[11.81558,43.82283],[11.8072,43.82894],[11.7942,43.83584],[11.78848,43.84506],[11.77517,43.84944],[11.74577,43.85912],[11.7329,43.86335],[11.72062,43.8748],[11.71019,43.87743],[11.70863,43.88712],[11.71395,43.89864],[11.71356,43.91195],[11.71785,43.92124],[11.70264,43.92784],[11.69439,43.92893],[11.68311,43.93699],[11.69262,43.95322],[11.68859,43.95857],[11.67887,43.96231],[11.66604,43.97274],[11.65403,43.97583],[11.64604,43.99066],[11.65235,43.99842],[11.6497,44.00473],[11.66297,44.00549],[11.65817,44.01801],[11.66894,44.02121],[11.68191,44.02119],[11.68599,44.02885],[11.6949,44.0361],[11.698,44.05314],[11.71034,44.0671],[11.73593,44.08704],[11.74016,44.09875],[11.74577,44.10266],[11.74838,44.10448],[11.75296,44.12052],[11.74577,44.1249],[11.74435,44.12576],[11.72233,44.12116],[11.71591,44.12254],[11.72255,44.14518],[11.72059,44.15843],[11.72638,44.16165],[11.72943,44.17208],[11.74314,44.17825],[11.74577,44.18355],[11.74786,44.18777],[11.75911,44.19552],[11.77076,44.19816],[11.77517,44.18482],[11.77562,44.18346],[11.78146,44.18117],[11.80512,44.1988],[11.81523,44.19872],[11.82167,44.19548],[11.82982,44.19831],[11.85885,44.18266],[11.87553,44.17769],[11.87722,44.1749],[11.88863,44.17064],[11.89745,44.184],[11.89829,44.19136],[11.90608,44.196],[11.9139,44.20775],[11.92153,44.21089],[11.9276,44.21532],[11.929,44.21935],[11.92496,44.23241],[11.92673,44.24067],[11.93119,44.24083],[11.94347,44.23589],[11.95295,44.239],[11.96656,44.25206],[11.9774,44.25758],[11.99183,44.27673],[12.00184,44.29575],[12.02078,44.31392],[12.0292,44.32809],[12.03561,44.33079],[12.0482,44.32518],[12.0489,44.31414],[12.05702,44.30483]]]]},"properties":{"code":"ITH58","nom":"Forl\u00ec-Cesena","country":"IT"}},{"type":"Feature","geometry":{"type":"MultiPolygon","coordinates":[[[[12.45035,44.16219],[12.50373,44.11558],[12.53648,44.09003],[12.55422,44.07915],[12.56677,44.07542],[12.57674,44.07684],[12.63217,44.02538],[12.6382,44.02116],[12.66591,44.00174],[12.68834,43.98749],[12.72084,43.97249],[12.73787,43.9681],[12.75068,43.96967],[12.755,43.96235],[12.74832,43.95297],[12.74688,43.94682],[12.74148,43.94091],[12.73391,43.93352],[12.73356,43.92979],[12.72788,43.9241],[12.73013,43.91575],[12.72713,43.91169],[12.73392,43.89608],[12.72645,43.88933],[12.72278,43.88106],[12.73355,43.86993],[12.73291,43.86935],[12.72293,43.86136],[12.70179,43.85822],[12.69514,43.85264],[12.68247,43.85284],[12.67858,43.83978],[12.68133,43.82805],[12.67206,43.82378],[12.66591,43.82441],[12.66006,43.82745],[12.65448,43.82521],[12.64357,43.8264],[12.6382,43.82477],[12.62591,43.82106],[12.61891,43.82638],[12.61124,43.83076],[12.61082,43.83655],[12.61891,43.84261],[12.61586,43.84645],[12.60498,43.84619],[12.60133,43.85091],[12.60174,43.86286],[12.58937,43.86523],[12.59274,43.87422],[12.58949,43.88559],[12.574,43.8848],[12.56656,43.88203],[12.56257,43.87054],[12.5511,43.86636],[12.54165,43.86456],[12.53414,43.87055],[12.53101,43.87979],[12.53718,43.8825],[12.54175,43.88866],[12.53588,43.8972],[12.52021,43.89897],[12.5104,43.90853],[12.49396,43.91555],[12.49376,43.91932],[12.50242,43.92453],[12.51546,43.9413],[12.51381,43.94888],[12.50755,43.95758],[12.50692,43.96921],[12.51177,43.97349],[12.5108,43.98135],[12.51537,43.9861],[12.51344,43.99127],[12.50638,43.99095],[12.5017,43.98712],[12.47077,43.97794],[12.45301,43.9694],[12.43601,43.95698],[12.42154,43.95741],[12.41233,43.95259],[12.40461,43.95568],[12.40557,43.94361],[12.41185,43.93821],[12.41481,43.93176],[12.40877,43.92213],[12.41204,43.90964],[12.40834,43.90296],[12.4177,43.89903],[12.42308,43.88345],[12.43232,43.87484],[12.42951,43.87228],[12.42064,43.87249],[12.40662,43.87639],[12.40062,43.87276],[12.39115,43.88973],[12.38377,43.88179],[12.36317,43.87614],[12.35463,43.87198],[12.35278,43.87108],[12.34739,43.867],[12.34698,43.8492],[12.33704,43.83413],[12.33587,43.82529],[12.31888,43.81498],[12.3159,43.80562],[12.30619,43.79969],[12.28454,43.7935],[12.28364,43.78964],[12.28905,43.7857],[12.2838,43.7649],[12.2557,43.75988],[12.25128,43.75655],[12.25376,43.7533],[12.24574,43.75134],[12.2306,43.75888],[12.22208,43.75652],[12.21161,43.75732],[12.20917,43.75574],[12.2089,43.74974],[12.19751,43.74501],[12.20009,43.73996],[12.19465,43.73191],[12.17176,43.74974],[12.16209,43.76204],[12.14307,43.75319],[12.12687,43.74974],[12.12185,43.74974],[12.10746,43.75375],[12.09676,43.76575],[12.10429,43.78378],[12.10353,43.79284],[12.1188,43.79904],[12.11719,43.80642],[12.13123,43.826],[12.1444,43.82874],[12.14949,43.83328],[12.14966,43.83891],[12.13828,43.84762],[12.14254,43.8528],[12.14276,43.86264],[12.15757,43.8754],[12.16714,43.89666],[12.15879,43.90685],[12.15899,43.92009],[12.16296,43.92352],[12.1703,43.92532],[12.17529,43.92084],[12.18667,43.91706],[12.20206,43.91627],[12.20359,43.91293],[12.2205,43.90822],[12.22275,43.9146],[12.23654,43.91674],[12.25189,43.91025],[12.25476,43.91231],[12.25674,43.92099],[12.2702,43.92869],[12.27582,43.93054],[12.27819,43.92542],[12.28686,43.92965],[12.29478,43.92817],[12.29535,43.92953],[12.29674,43.93165],[12.29867,43.93358],[12.30091,43.93533],[12.30439,43.93694],[12.30619,43.93758],[12.31243,43.94084],[12.3132,43.9502],[12.3229,43.96057],[12.32683,43.96527],[12.34572,43.97424],[12.35289,43.98604],[12.35463,43.98641],[12.36861,43.98931],[12.37216,43.9986],[12.38526,44.00971],[12.38578,44.01979],[12.39073,44.02013],[12.38865,44.0255],[12.3953,44.03023],[12.38072,44.03691],[12.37588,44.044],[12.36378,44.04711],[12.35908,44.05421],[12.36369,44.05828],[12.36353,44.0635],[12.36756,44.06327],[12.37048,44.06604],[12.37685,44.06662],[12.39035,44.06375],[12.39966,44.06624],[12.40924,44.07741],[12.42014,44.08218],[12.42532,44.08848],[12.45209,44.08718],[12.45628,44.09033],[12.45241,44.10957],[12.45361,44.1118],[12.44798,44.12004],[12.44758,44.12531],[12.44381,44.12404],[12.43975,44.12807],[12.44171,44.14027],[12.42976,44.14743],[12.44086,44.15896],[12.45035,44.16219]],[[12.18568,43.77537],[12.19937,43.77036],[12.20067,43.77467],[12.21465,43.78345],[12.23178,43.78665],[12.24307,43.78613],[12.23711,43.79405],[12.23758,43.80024],[12.23467,43.80486],[12.22424,43.80983],[12.21652,43.80313],[12.19891,43.80598],[12.18773,43.80457],[12.1762,43.81125],[12.17045,43.8057],[12.17487,43.79992],[12.1717,43.7926],[12.18308,43.78203],[12.18568,43.77537]]]]},"properties":{"code":"ITH59","nom":"Rimini","country":"IT"}},{"type":"Feature","geometry":{"type":"MultiPolygon","coordinates":[[[[7.60026,45.97046],[7.6104,45.96936],[7.61402,45.97046],[7.61949,45.97211],[7.63788,45.97046],[7.63987,45.97046],[7.65777,45.97622],[7.66506,45.97521],[7.6703,45.97046],[7.67659,45.96474],[7.68022,45.95769],[7.69799,45.95431],[7.70868,45.94837],[7.70792,45.93534],[7.71307,45.92874],[7.72118,45.9239],[7.7351,45.92399],[7.74973,45.94043],[7.76846,45.93703],[7.78959,45.92548],[7.79952,45.91713],[7.82084,45.92656],[7.83732,45.92199],[7.8524,45.92065],[7.85821,45.92039],[7.86408,45.91675],[7.86161,45.91105],[7.8673,45.90476],[7.86375,45.89689],[7.86589,45.87961],[7.86915,45.86813],[7.87516,45.86102],[7.87371,45.85374],[7.86717,45.84813],[7.86449,45.83983],[7.87173,45.8327],[7.87346,45.82591],[7.86235,45.8199],[7.86641,45.80144],[7.86352,45.79113],[7.87189,45.77996],[7.88173,45.77227],[7.88541,45.76066],[7.9001,45.74958],[7.91997,45.74292],[7.92903,45.74244],[7.92729,45.7347],[7.93665,45.72434],[7.93229,45.71998],[7.92994,45.71763],[7.92998,45.71468],[7.92396,45.70628],[7.92032,45.70189],[7.91022,45.69859],[7.90523,45.68196],[7.91106,45.67891],[7.91189,45.67068],[7.92067,45.66664],[7.92145,45.6604],[7.92591,45.65521],[7.92758,45.65064],[7.9394,45.64325],[7.93613,45.63569],[7.92739,45.63574],[7.9149,45.63219],[7.89749,45.61252],[7.8968,45.61127],[7.89741,45.60631],[7.89633,45.60113],[7.90006,45.59252],[7.89581,45.59003],[7.88957,45.597],[7.88164,45.59954],[7.86474,45.59731],[7.8623,45.59698],[7.8524,45.6007],[7.8489,45.60226],[7.8421,45.59776],[7.82817,45.59703],[7.80449,45.58716],[7.7957,45.58638],[7.79684,45.58271],[7.77877,45.57136],[7.74718,45.55952],[7.73769,45.55212],[7.73272,45.55033],[7.73032,45.55073],[7.71959,45.55831],[7.70322,45.55561],[7.6883,45.55734],[7.67619,45.55218],[7.64685,45.56796],[7.63407,45.57078],[7.60909,45.56287],[7.60618,45.5723],[7.60075,45.57719],[7.58898,45.58195],[7.58256,45.58183],[7.56891,45.59081],[7.54916,45.5887],[7.53034,45.57684],[7.52093,45.57706],[7.50581,45.58196],[7.48988,45.58296],[7.47914,45.57886],[7.46594,45.57717],[7.44917,45.5605],[7.44799,45.55556],[7.42606,45.5466],[7.4176,45.54581],[7.4149,45.53658],[7.39784,45.5323],[7.39528,45.52785],[7.37574,45.51649],[7.37044,45.518],[7.36521,45.52428],[7.35982,45.52552],[7.34863,45.52199],[7.33419,45.52043],[7.32298,45.51444],[7.30138,45.51675],[7.28394,45.51296],[7.26952,45.51467],[7.26353,45.49952],[7.24899,45.4946],[7.24051,45.48833],[7.22268,45.47047],[7.21101,45.47231],[7.19886,45.48097],[7.1719,45.48229],[7.15991,45.48641],[7.15362,45.48473],[7.14795,45.47876],[7.14456,45.47824],[7.1381,45.48833],[7.13824,45.49232],[7.14299,45.49674],[7.14153,45.50311],[7.14357,45.5074],[7.13755,45.51626],[7.12263,45.50778],[7.11548,45.48833],[7.11363,45.47385],[7.10472,45.46845],[7.0774,45.47336],[7.05087,45.47224],[7.04767,45.47415],[7.04635,45.47946],[7.05017,45.48528],[7.05645,45.48833],[7.05307,45.49513],[7.04385,45.49679],[7.0414,45.49677],[7.02187,45.49663],[7.00002,45.50467],[7.00453,45.51849],[6.99145,45.53171],[6.99571,45.54403],[6.99004,45.55933],[6.99082,45.56376],[6.99581,45.56783],[6.99472,45.57538],[6.98115,45.58345],[6.97837,45.58829],[6.98575,45.61202],[6.98475,45.61944],[6.9882,45.62484],[6.99695,45.62983],[6.99953,45.63947],[6.97612,45.64649],[6.96806,45.65439],[6.9613,45.65484],[6.93093,45.64632],[6.91417,45.65144],[6.91575,45.65983],[6.90219,45.66383],[6.90641,45.66963],[6.90641,45.67604],[6.90265,45.68037],[6.89352,45.67626],[6.88469,45.67966],[6.87505,45.67987],[6.84596,45.6905],[6.84161,45.69974],[6.82857,45.70343],[6.81851,45.71877],[6.81678,45.71998],[6.80908,45.7254],[6.81706,45.74008],[6.80624,45.74769],[6.80567,45.76957],[6.80237,45.77856],[6.80468,45.79167],[6.81266,45.79665],[6.81262,45.80815],[6.8079,45.81408],[6.80509,45.81613],[6.81959,45.8362],[6.84223,45.84035],[6.85424,45.83679],[6.8679,45.82535],[6.8714,45.82941],[6.86986,45.83336],[6.87417,45.84549],[6.8784,45.84851],[6.88327,45.84871],[6.89352,45.84359],[6.89514,45.84277],[6.90744,45.84341],[6.91339,45.84135],[6.92315,45.84768],[6.93366,45.84536],[6.94021,45.84761],[6.95215,45.86081],[6.97726,45.86852],[6.99046,45.86879],[6.99831,45.87353],[7.0058,45.88548],[7.00323,45.89711],[7.00637,45.90232],[7.01384,45.90705],[7.02065,45.91577],[7.03225,45.92031],[7.0414,45.92183],[7.04489,45.92241],[7.0619,45.91197],[7.06472,45.9003],[7.07585,45.89483],[7.08069,45.88524],[7.0939,45.87669],[7.09311,45.87199],[7.10117,45.85927],[7.1181,45.85976],[7.13116,45.8671],[7.13632,45.87277],[7.15354,45.87925],[7.16257,45.87708],[7.16298,45.87093],[7.17328,45.86414],[7.1906,45.85868],[7.19367,45.85989],[7.19988,45.86294],[7.19796,45.86941],[7.19984,45.87452],[7.21491,45.8839],[7.21756,45.88879],[7.22912,45.89153],[7.2411,45.89031],[7.24867,45.89273],[7.25314,45.88847],[7.2574,45.88898],[7.2694,45.89842],[7.2767,45.90131],[7.28575,45.91545],[7.29444,45.92178],[7.30205,45.91759],[7.31548,45.91614],[7.31873,45.91188],[7.32341,45.91048],[7.34532,45.91444],[7.3556,45.91038],[7.36053,45.90415],[7.37396,45.90038],[7.38248,45.89697],[7.3868,45.89751],[7.39529,45.90319],[7.40076,45.91051],[7.41137,45.90919],[7.42846,45.91638],[7.44477,45.9311],[7.45544,45.93268],[7.46019,45.93537],[7.47275,45.93518],[7.4724,45.94764],[7.48745,45.95581],[7.49347,45.95623],[7.49882,45.96169],[7.50783,45.95847],[7.51667,45.96196],[7.52751,45.95692],[7.54025,45.95587],[7.54602,45.96172],[7.54348,45.97046],[7.54196,45.9757],[7.54676,45.98427],[7.55141,45.98638],[7.5747,45.98757],[7.57917,45.9846],[7.58453,45.97217],[7.60026,45.97046]]]]},"properties":{"code":"ITC20","nom":"Valle d\u2019Aosta/Vall\u00e9e d\u2019Aoste","country":"IT"}},{"type":"Feature","geometry":{"type":"MultiPolygon","coordinates":[[[[7.87926,44.11323],[7.88396,44.10465],[7.926,44.11027],[7.93545,44.101],[7.9424,44.10009],[7.95824,44.10399],[7.9647,44.11089],[7.97153,44.11308],[7.9962,44.10744],[8.00533,44.10281],[8.01173,44.10524],[8.01563,44.11068],[8.01829,44.11157],[8.02089,44.1087],[8.02244,44.09721],[8.02802,44.09563],[8.03391,44.08916],[8.03788,44.07575],[8.03669,44.05841],[8.0322,44.05648],[8.02874,44.05003],[8.01755,44.04666],[8.01375,44.04012],[8.00524,44.03405],[7.98929,44.03278],[7.98605,44.02838],[7.98572,44.02768],[7.97808,44.01953],[7.98092,44.01282],[7.9892,44.0093],[8.00175,44.00058],[8.00177,43.99672],[7.99963,43.99326],[8.00616,43.98853],[8.01693,43.97931],[8.03328,43.98169],[8.05338,43.98122],[8.06015,43.98365],[8.07891,43.98376],[8.10641,43.97274],[8.1165,43.96179],[8.12352,43.95335],[8.12297,43.94293],[8.12491,43.93925],[8.13535,43.93894],[8.13342,43.93255],[8.12806,43.92712],[8.10712,43.92094],[8.09424,43.9169],[8.0792,43.90474],[8.07907,43.89638],[8.07131,43.89063],[8.03018,43.88397],[8.02029,43.87879],[8.01506,43.87252],[7.97011,43.86042],[7.96567,43.85206],[7.95633,43.85001],[7.94919,43.84721],[7.92111,43.84418],[7.91559,43.84141],[7.90611,43.83701],[7.88538,43.83664],[7.87244,43.8358],[7.86096,43.83138],[7.8524,43.83052],[7.84668,43.82852],[7.83846,43.8196],[7.83226,43.81652],[7.80657,43.82296],[7.78437,43.81881],[7.76285,43.8085],[7.75347,43.80666],[7.74007,43.7969],[7.73843,43.79562],[7.73467,43.79576],[7.71369,43.80089],[7.70269,43.79901],[7.6728,43.77662],[7.64619,43.78199],[7.6334,43.78382],[7.63104,43.78434],[7.5754,43.79271],[7.56087,43.78867],[7.55579,43.78066],[7.54261,43.78401],[7.52983,43.78401],[7.5273,43.79265],[7.51834,43.80301],[7.50716,43.84152],[7.50141,43.8448],[7.49906,43.84546],[7.49833,43.8485],[7.49678,43.84939],[7.4965,43.85084],[7.49531,43.86271],[7.49952,43.86609],[7.49819,43.87084],[7.50121,43.87497],[7.50749,43.87722],[7.51201,43.88253],[7.5178,43.88323],[7.53792,43.89279],[7.5515,43.89455],[7.55355,43.89593],[7.55747,43.89655],[7.55955,43.8974],[7.56116,43.89878],[7.56247,43.90047],[7.56317,43.90242],[7.55951,43.9177],[7.56719,43.92273],[7.5704,43.92863],[7.57297,43.93622],[7.56798,43.94306],[7.57189,43.94718],[7.57839,43.94915],[7.58154,43.94816],[7.58747,43.95479],[7.60192,43.95732],[7.6118,43.95584],[7.6313,43.96456],[7.64366,43.97358],[7.65161,43.97418],[7.65504,43.97744],[7.65596,43.98469],[7.66227,43.98686],[7.66398,43.99221],[7.67052,43.99841],[7.66323,44.01476],[7.66403,44.02985],[7.67424,44.02997],[7.6881,44.0388],[7.7006,44.04126],[7.70472,44.05358],[7.71424,44.06151],[7.72729,44.06085],[7.73507,44.07375],[7.74894,44.07953],[7.75156,44.08359],[7.73299,44.08543],[7.71839,44.1036],[7.72316,44.12079],[7.72701,44.12641],[7.73786,44.12868],[7.74602,44.13533],[7.76204,44.14031],[7.77309,44.14003],[7.79682,44.12909],[7.80897,44.12771],[7.81544,44.12354],[7.84343,44.12026],[7.8524,44.11918],[7.86518,44.11811],[7.87926,44.11323]]]]},"properties":{"code":"ITC31","nom":"Imperia","country":"IT"}},{"type":"Feature","geometry":{"type":"MultiPolygon","coordinates":[[[[8.40466,45.20172],[8.41255,45.20035],[8.41845,45.19572],[8.42991,45.19812],[8.44018,45.1949],[8.44666,45.19996],[8.45394,45.20076],[8.45517,45.20359],[8.46009,45.20129],[8.47,45.20409],[8.4746,45.20304],[8.48092,45.20223],[8.48724,45.19652],[8.49532,45.19795],[8.4978,45.19504],[8.49801,45.188],[8.50015,45.18738],[8.50342,45.18644],[8.50324,45.18045],[8.5072,45.1741],[8.51664,45.17146],[8.52465,45.1742],[8.53691,45.17509],[8.5478,45.16815],[8.55571,45.16647],[8.55502,45.16431],[8.55473,45.15817],[8.56862,45.15394],[8.5735,45.15245],[8.5796,45.1524],[8.58531,45.14791],[8.59013,45.13302],[8.61333,45.12621],[8.60891,45.11925],[8.61198,45.1141],[8.60917,45.1078],[8.61354,45.10241],[8.62239,45.09717],[8.62204,45.09123],[8.6274,45.08853],[8.63492,45.08841],[8.63772,45.08261],[8.64017,45.07755],[8.646,45.07533],[8.6379,45.06699],[8.64266,45.06297],[8.64471,45.06093],[8.64571,45.05461],[8.63948,45.04891],[8.63756,45.03931],[8.65266,45.03315],[8.65582,45.02839],[8.65368,45.02318],[8.65787,45.01961],[8.66449,45.02094],[8.66826,45.0274],[8.6742,45.02845],[8.6835,45.02752],[8.69403,45.0217],[8.70066,45.02682],[8.70263,45.03322],[8.70811,45.03815],[8.70881,45.03815],[8.71426,45.03611],[8.72427,45.02299],[8.74302,45.0237],[8.74996,45.02075],[8.75321,45.01587],[8.74905,45.01383],[8.74888,45.00973],[8.75483,45.01177],[8.75883,45.01],[8.76465,45.01273],[8.76853,45.00738],[8.7736,45.00755],[8.77847,45.01372],[8.77756,45.02235],[8.79836,45.02111],[8.80233,45.02607],[8.79639,45.03416],[8.80267,45.03522],[8.81017,45.03306],[8.81002,45.03658],[8.82143,45.03753],[8.82218,45.04571],[8.82868,45.04158],[8.83391,45.04474],[8.84065,45.04456],[8.84373,45.04943],[8.85314,45.04872],[8.85673,45.04994],[8.86053,45.05123],[8.86517,45.04815],[8.87954,45.05852],[8.88771,45.05915],[8.88196,45.05396],[8.88655,45.05045],[8.8916,45.05127],[8.89798,45.04975],[8.90018,45.04361],[8.8951,45.04043],[8.90257,45.03633],[8.90323,45.01886],[8.9014,45.0097],[8.90368,45.00494],[8.90611,45.00184],[8.91749,44.98738],[8.92459,44.98561],[8.92562,44.98215],[8.94191,44.98228],[8.94331,44.98575],[8.94971,44.98813],[8.96064,44.98728],[8.97814,44.9672],[8.97694,44.96015],[8.97951,44.95406],[8.9723,44.95224],[8.96961,44.94348],[8.97646,44.94012],[8.98372,44.93135],[8.99064,44.93024],[8.98954,44.92556],[8.99591,44.91906],[9.00137,44.91697],[8.99947,44.91324],[9.00502,44.90492],[9.01842,44.90079],[9.02319,44.89702],[9.03039,44.88849],[9.03924,44.88758],[9.04262,44.88493],[9.05452,44.88854],[9.05832,44.88257],[9.06302,44.87095],[9.07013,44.86603],[9.06743,44.86071],[9.04914,44.85029],[9.06389,44.8337],[9.06413,44.83018],[9.06971,44.8303],[9.07288,44.82771],[9.07483,44.82253],[9.07228,44.81746],[9.07944,44.81455],[9.08926,44.81726],[9.09517,44.81901],[9.10485,44.81337],[9.10966,44.80613],[9.12123,44.80932],[9.13012,44.80589],[9.13748,44.80905],[9.14775,44.80956],[9.15606,44.81534],[9.15979,44.81416],[9.15598,44.80916],[9.16531,44.80028],[9.1739,44.79661],[9.17198,44.77205],[9.19204,44.75767],[9.20839,44.75396],[9.21357,44.75233],[9.21304,44.74219],[9.20333,44.72137],[9.20811,44.70277],[9.20007,44.6861],[9.20195,44.6716],[9.20599,44.65962],[9.20296,44.65325],[9.19806,44.64982],[9.20045,44.61701],[9.203,44.61348],[9.20333,44.59575],[9.20283,44.5945],[9.19898,44.59276],[9.18425,44.59136],[9.15445,44.5752],[9.14592,44.57421],[9.13626,44.57446],[9.1197,44.58125],[9.11073,44.58195],[9.10251,44.59384],[9.1032,44.60973],[9.09642,44.61376],[9.08627,44.61512],[9.07394,44.62384],[9.05609,44.62108],[9.04613,44.61669],[9.0449,44.62626],[9.03814,44.63951],[9.03156,44.64239],[9.03328,44.64743],[9.02578,44.65005],[9.02118,44.66041],[9.01207,44.66697],[9.00417,44.66808],[8.99239,44.66294],[8.98606,44.66407],[8.97193,44.6635],[8.96492,44.67238],[8.95911,44.67576],[8.93119,44.67616],[8.92288,44.67278],[8.92261,44.66455],[8.90816,44.64729],[8.90611,44.64662],[8.88272,44.639],[8.88472,44.63268],[8.89271,44.6257],[8.90294,44.62156],[8.90523,44.61569],[8.90781,44.61253],[8.90375,44.60844],[8.90887,44.5982],[8.90794,44.59264],[8.91945,44.57188],[8.92173,44.56709],[8.91489,44.55969],[8.90611,44.55757],[8.89466,44.55481],[8.89136,44.55061],[8.8859,44.55171],[8.88104,44.55471],[8.87545,44.56167],[8.86959,44.56587],[8.86552,44.56535],[8.86231,44.5611],[8.85673,44.56034],[8.8528,44.5598],[8.83555,44.56301],[8.8268,44.56181],[8.82272,44.5505],[8.82834,44.54239],[8.82368,44.53868],[8.8071,44.53458],[8.79999,44.53032],[8.79485,44.52164],[8.79995,44.50084],[8.79279,44.49787],[8.78663,44.49507],[8.78695,44.48839],[8.77031,44.48941],[8.76765,44.49313],[8.77328,44.50391],[8.76908,44.51069],[8.76713,44.52503],[8.76034,44.52967],[8.75341,44.52481],[8.74977,44.52676],[8.75533,44.52919],[8.75607,44.5366],[8.75089,44.54051],[8.74915,44.54935],[8.73821,44.55175],[8.73952,44.55797],[8.73144,44.5708],[8.71829,44.58066],[8.69864,44.5796],[8.69007,44.58194],[8.68101,44.57555],[8.66678,44.58244],[8.66048,44.57956],[8.64835,44.58268],[8.64076,44.57925],[8.63772,44.57994],[8.63041,44.58158],[8.62388,44.58636],[8.61975,44.58293],[8.62137,44.57834],[8.61707,44.57503],[8.61538,44.56957],[8.60771,44.57031],[8.60221,44.5681],[8.60356,44.56433],[8.59872,44.5556],[8.61297,44.54579],[8.60712,44.53752],[8.59727,44.53742],[8.58979,44.53144],[8.58686,44.52472],[8.58159,44.5235],[8.57709,44.52491],[8.57282,44.52134],[8.5722,44.51681],[8.57618,44.50921],[8.56315,44.50614],[8.55973,44.50344],[8.55163,44.50391],[8.54183,44.51224],[8.52465,44.51124],[8.50786,44.50855],[8.50015,44.50918],[8.47789,44.51098],[8.46985,44.52214],[8.45991,44.5167],[8.45352,44.51018],[8.44952,44.49737],[8.44032,44.50483],[8.43386,44.50273],[8.42724,44.5033],[8.41852,44.51253],[8.4055,44.50901],[8.40002,44.50191],[8.40063,44.49348],[8.39082,44.48672],[8.39368,44.48011],[8.39165,44.47684],[8.37494,44.47437],[8.37078,44.46941],[8.35851,44.46492],[8.34998,44.47707],[8.3498,44.48429],[8.33622,44.488],[8.32141,44.48864],[8.31479,44.49631],[8.30395,44.5035],[8.29213,44.50282],[8.28236,44.50784],[8.27223,44.50702],[8.2616,44.51942],[8.27287,44.52961],[8.28026,44.53203],[8.2805,44.53487],[8.27961,44.53826],[8.28239,44.54072],[8.27961,44.54523],[8.28433,44.55373],[8.28417,44.55642],[8.29808,44.56357],[8.30433,44.56371],[8.32031,44.55851],[8.32955,44.56066],[8.33695,44.56661],[8.34976,44.5723],[8.36014,44.57108],[8.36793,44.57451],[8.36387,44.58039],[8.35087,44.58571],[8.35094,44.58993],[8.34692,44.59185],[8.34007,44.59141],[8.33431,44.58793],[8.31949,44.59398],[8.31636,44.59652],[8.31461,44.60423],[8.32667,44.62071],[8.32988,44.62191],[8.33335,44.62006],[8.34156,44.62354],[8.35367,44.63523],[8.35558,44.65443],[8.35406,44.65613],[8.35112,44.66647],[8.35554,44.6761],[8.3467,44.68932],[8.34853,44.69284],[8.35492,44.69253],[8.36255,44.6953],[8.37096,44.69548],[8.38184,44.68911],[8.39307,44.686],[8.41784,44.69156],[8.42032,44.69492],[8.41268,44.6959],[8.40875,44.70684],[8.42014,44.71055],[8.42936,44.70897],[8.43334,44.71105],[8.42614,44.71331],[8.42808,44.7203],[8.42147,44.73191],[8.43975,44.73677],[8.44598,44.7406],[8.45106,44.7388],[8.45388,44.74711],[8.45898,44.75255],[8.46404,44.7548],[8.47391,44.7529],[8.48171,44.74679],[8.48793,44.74651],[8.48908,44.75325],[8.48433,44.75396],[8.4903,44.76367],[8.50015,44.77102],[8.50134,44.77191],[8.50015,44.77342],[8.50015,44.77562],[8.49317,44.77383],[8.4957,44.78015],[8.50158,44.78324],[8.51349,44.78707],[8.50936,44.78852],[8.50015,44.78703],[8.48737,44.79536],[8.49004,44.79961],[8.47862,44.80716],[8.46306,44.80594],[8.45942,44.80365],[8.45284,44.80955],[8.43893,44.81209],[8.42237,44.81884],[8.4238,44.82453],[8.42005,44.82638],[8.42662,44.83292],[8.42825,44.83818],[8.42309,44.84523],[8.42355,44.84949],[8.4073,44.84316],[8.39652,44.84281],[8.38944,44.84631],[8.38106,44.84482],[8.3766,44.84836],[8.37839,44.86502],[8.3813,44.86827],[8.38841,44.87121],[8.39078,44.87525],[8.38425,44.87637],[8.37852,44.88602],[8.37253,44.88938],[8.36741,44.89623],[8.36395,44.90775],[8.35879,44.91287],[8.36153,44.91447],[8.36123,44.92047],[8.36581,44.92699],[8.37794,44.92405],[8.37959,44.92916],[8.38219,44.93756],[8.37698,44.94709],[8.38283,44.95023],[8.37868,44.95853],[8.37912,44.96015],[8.38668,44.96969],[8.38049,44.98342],[8.36111,44.98682],[8.35365,44.99412],[8.35224,44.99586],[8.35162,44.99795],[8.3543,45.00674],[8.3594,45.00999],[8.35847,45.02595],[8.35654,45.02809],[8.34755,45.03373],[8.33328,45.03371],[8.32958,45.03522],[8.32293,45.04435],[8.32141,45.05171],[8.30504,45.05958],[8.31152,45.07065],[8.30254,45.07709],[8.28105,45.06423],[8.2739,45.06168],[8.26455,45.06223],[8.24122,45.06289],[8.23029,45.05086],[8.22888,45.04257],[8.2326,45.03911],[8.23408,45.03573],[8.23025,45.03099],[8.23041,45.02605],[8.22209,45.01404],[8.21627,45.01057],[8.21817,45.01481],[8.21614,45.01808],[8.2066,45.02849],[8.19202,45.03503],[8.18874,45.0419],[8.16906,45.03208],[8.15897,45.02748],[8.15659,45.03258],[8.14706,45.04088],[8.15023,45.05351],[8.14024,45.05219],[8.13382,45.05458],[8.13277,45.06691],[8.11933,45.06954],[8.11893,45.0803],[8.12043,45.08856],[8.11112,45.0938],[8.1096,45.09935],[8.1127,45.1067],[8.1211,45.10676],[8.1283,45.11545],[8.12899,45.123],[8.13618,45.12888],[8.13715,45.13944],[8.14389,45.14386],[8.14097,45.15394],[8.13943,45.15926],[8.15193,45.16856],[8.16757,45.16841],[8.17425,45.17106],[8.17208,45.15954],[8.1844,45.16383],[8.19006,45.16898],[8.19076,45.17387],[8.19718,45.17733],[8.20374,45.17708],[8.214,45.16918],[8.21707,45.16432],[8.23759,45.16804],[8.25068,45.17601],[8.26634,45.18068],[8.2869,45.1778],[8.2946,45.17284],[8.30814,45.17692],[8.32869,45.16952],[8.34275,45.17284],[8.34998,45.18382],[8.36024,45.19012],[8.35894,45.19557],[8.37425,45.20071],[8.38518,45.20049],[8.3928,45.20205],[8.39416,45.20407],[8.40354,45.20469],[8.40466,45.20172]],[[8.81652,45.01827],[8.81673,45.02239],[8.80967,45.01902],[8.81047,45.01711],[8.81652,45.01827]],[[8.60836,44.57409],[8.61228,44.57249],[8.61599,44.57526],[8.61083,44.57681],[8.60815,44.57584],[8.60836,44.57409]],[[8.70354,45.01452],[8.7059,45.0132],[8.70645,45.02112],[8.70544,45.02447],[8.70406,45.01752],[8.70354,45.01452]]]]},"properties":{"code":"ITC18","nom":"Alessandria","country":"IT"}},{"type":"Feature","geometry":{"type":"MultiPolygon","coordinates":[[[[14.98325,37.37426],[15.01271,37.3696],[15.02357,37.37316],[15.02658,37.37741],[15.03209,37.37135],[15.03294,37.36435],[15.03674,37.36223],[15.05333,37.36441],[15.06259,37.36084],[15.0915,37.35771],[15.09292,37.34459],[15.09635,37.32599],[15.10408,37.31175],[15.12009,37.31028],[15.13013,37.30935],[15.13926,37.30677],[15.16177,37.28997],[15.17223,37.29257],[15.18228,37.28896],[15.19022,37.28225],[15.1944,37.28341],[15.1984,37.29239],[15.20622,37.29294],[15.21702,37.2777],[15.24049,37.26003],[15.24585,37.24697],[15.25487,37.24266],[15.25351,37.23445],[15.24581,37.23301],[15.2309,37.2426],[15.22158,37.23814],[15.21797,37.23863],[15.21572,37.24762],[15.20795,37.24528],[15.19881,37.23649],[15.18997,37.23506],[15.1942,37.225],[15.18862,37.21756],[15.18344,37.21575],[15.18211,37.21133],[15.18577,37.19355],[15.19033,37.18756],[15.20125,37.17822],[15.19966,37.16485],[15.20419,37.15563],[15.21002,37.15114],[15.22257,37.14924],[15.22071,37.12938],[15.23692,37.11544],[15.26387,37.10622],[15.28345,37.1098],[15.29611,37.10555],[15.30112,37.0815],[15.2897,37.06731],[15.29538,37.06543],[15.29764,37.05902],[15.29365,37.05714],[15.289,37.06288],[15.27838,37.06483],[15.27269,37.05982],[15.2709,37.05301],[15.27602,37.0456],[15.27649,37.03829],[15.28214,37.03368],[15.29108,37.03358],[15.30075,37.04229],[15.30824,37.03855],[15.31423,37.03705],[15.32131,37.02332],[15.33104,37.01442],[15.33626,37.00784],[15.33474,37.00219],[15.3143,37.00405],[15.30397,37.01442],[15.30092,37.01521],[15.29784,37.01442],[15.28601,37.00662],[15.27689,37.0071],[15.26778,37.00201],[15.26493,36.996],[15.26802,36.99254],[15.26466,36.99057],[15.26809,36.98668],[15.26014,36.97838],[15.26061,36.97452],[15.2343,36.97189],[15.21922,36.96269],[15.21028,36.96397],[15.20609,36.95994],[15.20773,36.95393],[15.20286,36.95411],[15.19035,36.94792],[15.1787,36.93753],[15.16898,36.92255],[15.15946,36.91958],[15.1533,36.9139],[15.13832,36.88174],[15.13662,36.8769],[15.13832,36.87493],[15.13832,36.87288],[15.13634,36.86721],[15.12643,36.86542],[15.12009,36.85918],[15.11332,36.85251],[15.10668,36.83556],[15.10954,36.81799],[15.10635,36.80755],[15.09526,36.80007],[15.09818,36.79087],[15.09492,36.77874],[15.10071,36.77084],[15.10171,36.76077],[15.11201,36.74662],[15.11945,36.74497],[15.11722,36.73863],[15.12009,36.73178],[15.12113,36.72931],[15.12142,36.71038],[15.12517,36.69978],[15.13473,36.69161],[15.13832,36.68597],[15.13976,36.68495],[15.13832,36.68258],[15.13121,36.66745],[15.12287,36.67386],[15.12009,36.67414],[15.1161,36.67453],[15.11061,36.67126],[15.10622,36.66318],[15.10056,36.66197],[15.08216,36.64958],[15.07919,36.64979],[15.07366,36.65594],[15.06622,36.66077],[15.05542,36.66307],[15.04763,36.68369],[15.03104,36.69603],[15.01755,36.70205],[15.00036,36.70285],[15.0001,36.70394],[14.99642,36.71011],[15.00005,36.7155],[14.99638,36.73574],[14.99338,36.74474],[14.98625,36.75089],[14.99171,36.75917],[14.98826,36.77664],[14.96023,36.79825],[14.95364,36.8034],[14.9427,36.7971],[14.94117,36.80555],[14.92148,36.81397],[14.90315,36.81411],[14.88695,36.82415],[14.86735,36.82072],[14.86519,36.81876],[14.8667,36.81467],[14.86253,36.81593],[14.85347,36.82758],[14.85977,36.83211],[14.86464,36.8473],[14.86158,36.85805],[14.86394,36.8644],[14.87043,36.87061],[14.88705,36.86753],[14.89915,36.85741],[14.92196,36.84872],[14.92917,36.84978],[14.9386,36.86368],[14.93041,36.87251],[14.92142,36.87554],[14.92263,36.87985],[14.91714,36.88182],[14.91391,36.88677],[14.90079,36.88946],[14.88421,36.89951],[14.878,36.91834],[14.89298,36.92152],[14.89568,36.92565],[14.86547,36.9436],[14.85054,36.94798],[14.84118,36.94548],[14.84052,36.9493],[14.83797,36.97388],[14.848,36.97556],[14.86047,36.97394],[14.85559,36.96994],[14.86192,36.95639],[14.90078,36.9243],[14.92087,36.91458],[14.9236,36.90842],[14.93567,36.89885],[14.93479,36.91081],[14.92937,36.92008],[14.92622,36.92321],[14.91984,36.92425],[14.92056,36.93462],[14.91298,36.93595],[14.90571,36.94067],[14.90347,36.94865],[14.89619,36.95243],[14.88957,36.96185],[14.88602,36.97173],[14.88689,36.98804],[14.87904,37.00007],[14.86826,37.00846],[14.85742,37.0225],[14.85316,37.03534],[14.8401,37.03872],[14.83794,37.05225],[14.82851,37.0502],[14.81936,37.05624],[14.82401,37.06511],[14.83619,37.06507],[14.82089,37.08307],[14.81809,37.11206],[14.8144,37.11342],[14.80313,37.1104],[14.7956,37.11348],[14.80043,37.12514],[14.79388,37.13205],[14.799,37.13103],[14.80851,37.12636],[14.81753,37.12662],[14.82708,37.13012],[14.83072,37.12558],[14.83372,37.12436],[14.83696,37.12498],[14.83966,37.12848],[14.84325,37.13012],[14.84375,37.13747],[14.84629,37.13999],[14.84612,37.14524],[14.83523,37.16297],[14.83718,37.1665],[14.85044,37.1757],[14.85417,37.17643],[14.85819,37.18055],[14.8662,37.1832],[14.86996,37.18613],[14.8711,37.20441],[14.86762,37.20795],[14.85793,37.20663],[14.85118,37.20066],[14.82649,37.19675],[14.81956,37.20799],[14.80409,37.21368],[14.79541,37.21432],[14.783,37.20999],[14.77348,37.22325],[14.77551,37.22783],[14.77986,37.22944],[14.783,37.23295],[14.79,37.24198],[14.79988,37.24668],[14.80264,37.25058],[14.80851,37.25179],[14.81046,37.25572],[14.82322,37.25857],[14.8386,37.25785],[14.84634,37.25993],[14.85854,37.27431],[14.85591,37.27967],[14.87352,37.28243],[14.88149,37.286],[14.88057,37.29703],[14.89114,37.31064],[14.84342,37.32415],[14.82115,37.31624],[14.81676,37.3181],[14.80307,37.31615],[14.78908,37.32574],[14.783,37.32504],[14.77944,37.32449],[14.77909,37.33006],[14.783,37.33397],[14.80952,37.34991],[14.84107,37.35886],[14.83958,37.37109],[14.84295,37.37892],[14.87999,37.39102],[14.88744,37.39855],[14.88751,37.40775],[14.91734,37.41258],[14.93584,37.40836],[14.95252,37.39418],[14.95714,37.38619],[14.96444,37.38219],[14.97828,37.37823],[14.98325,37.37426]]],[[[15.22793,37.22106],[15.22457,37.216],[15.22034,37.21756],[15.21603,37.2255],[15.21779,37.22799],[15.21606,37.23148],[15.21807,37.23609],[15.22204,37.23504],[15.2231,37.23058],[15.22442,37.23007],[15.22318,37.22393],[15.2243,37.22198],[15.22793,37.22106]]],[[[15.23577,37.15799],[15.24385,37.14616],[15.24049,37.14569],[15.23309,37.14927],[15.22973,37.15254],[15.22699,37.15232],[15.22721,37.15574],[15.22554,37.15836],[15.23337,37.1594],[15.23577,37.15799]]]]},"properties":{"code":"ITG19","nom":"Siracusa","country":"IT"}},{"type":"Feature","geometry":{"type":"MultiPolygon","coordinates":[[[[8.20463,45.9367],[8.21309,45.92593],[8.22889,45.92048],[8.23903,45.91093],[8.24577,45.91055],[8.26833,45.90683],[8.27717,45.89591],[8.2876,45.89052],[8.29595,45.88994],[8.30224,45.88675],[8.29522,45.87917],[8.29422,45.87119],[8.30385,45.86985],[8.31559,45.86496],[8.31714,45.85957],[8.31954,45.85557],[8.3278,45.85505],[8.33476,45.8468],[8.33404,45.84329],[8.3222,45.8387],[8.32276,45.83278],[8.32929,45.82993],[8.32233,45.80913],[8.31744,45.79232],[8.32015,45.79047],[8.31625,45.78393],[8.32012,45.7786],[8.31824,45.76693],[8.32079,45.76899],[8.33366,45.77175],[8.33657,45.77567],[8.34012,45.77559],[8.34555,45.77196],[8.3499,45.77237],[8.35626,45.76787],[8.35439,45.75694],[8.37115,45.7442],[8.36988,45.7385],[8.37798,45.73858],[8.38026,45.73341],[8.3781,45.72886],[8.38589,45.7202],[8.38696,45.72041],[8.38245,45.71023],[8.39202,45.70348],[8.38565,45.69689],[8.37414,45.69851],[8.36612,45.707],[8.35621,45.70626],[8.34694,45.70256],[8.33889,45.70551],[8.33002,45.7017],[8.3202,45.70383],[8.31059,45.69721],[8.3219,45.68324],[8.33178,45.6778],[8.33324,45.67153],[8.34109,45.66181],[8.34661,45.65541],[8.35515,45.65111],[8.34705,45.64514],[8.35577,45.6378],[8.3724,45.63479],[8.38884,45.61994],[8.39314,45.59252],[8.39124,45.57823],[8.39933,45.56089],[8.39989,45.5429],[8.39786,45.54084],[8.40299,45.53103],[8.40299,45.51633],[8.40334,45.51549],[8.40327,45.51337],[8.40286,45.51083],[8.40255,45.50733],[8.40159,45.49065],[8.4119,45.47997],[8.41175,45.47139],[8.40784,45.47037],[8.40597,45.47011],[8.40243,45.46991],[8.40275,45.45468],[8.40764,45.45164],[8.40828,45.44764],[8.40503,45.44236],[8.40618,45.41916],[8.40386,45.40795],[8.40054,45.39619],[8.40891,45.39818],[8.41187,45.40743],[8.42427,45.40915],[8.42908,45.41205],[8.43332,45.41109],[8.44242,45.39345],[8.4484,45.38974],[8.45017,45.38864],[8.4553,45.37825],[8.45864,45.37872],[8.46038,45.38203],[8.46866,45.38382],[8.47257,45.37956],[8.48693,45.38034],[8.48593,45.37595],[8.49631,45.37249],[8.49828,45.36046],[8.49498,45.35418],[8.49956,45.34772],[8.48172,45.34414],[8.47754,45.33917],[8.47138,45.34089],[8.4673,45.33914],[8.4632,45.32812],[8.47282,45.32116],[8.4807,45.32197],[8.49321,45.31245],[8.50015,45.31566],[8.50701,45.31883],[8.51204,45.31672],[8.51356,45.31328],[8.50015,45.29471],[8.49835,45.29223],[8.50015,45.29201],[8.51749,45.2899],[8.51306,45.27529],[8.52134,45.27427],[8.52465,45.2784],[8.53501,45.27683],[8.53561,45.27251],[8.53138,45.26706],[8.53624,45.2627],[8.53508,45.25843],[8.54143,45.25281],[8.53624,45.24911],[8.52984,45.25322],[8.52354,45.25406],[8.52274,45.24992],[8.52764,45.24584],[8.54563,45.24141],[8.53703,45.23745],[8.54,45.23325],[8.52779,45.22794],[8.52498,45.22281],[8.54418,45.20516],[8.53961,45.20189],[8.52465,45.19832],[8.53077,45.19372],[8.54483,45.19472],[8.55116,45.19646],[8.55138,45.2011],[8.55613,45.20443],[8.57639,45.20725],[8.58121,45.20222],[8.56504,45.19809],[8.56174,45.19243],[8.55405,45.19054],[8.54539,45.18236],[8.54334,45.17392],[8.5478,45.16815],[8.53691,45.17509],[8.52465,45.1742],[8.51664,45.17146],[8.5072,45.1741],[8.50324,45.18045],[8.50342,45.18644],[8.50015,45.18738],[8.49801,45.188],[8.4978,45.19504],[8.49532,45.19795],[8.48724,45.19652],[8.48092,45.20223],[8.4746,45.20304],[8.47,45.20409],[8.46009,45.20129],[8.45517,45.20359],[8.45394,45.20076],[8.44666,45.19996],[8.44018,45.1949],[8.42991,45.19812],[8.41845,45.19572],[8.41255,45.20035],[8.40466,45.20172],[8.40354,45.20469],[8.39416,45.20407],[8.3928,45.20205],[8.38518,45.20049],[8.37425,45.20071],[8.35894,45.19557],[8.36024,45.19012],[8.34998,45.18382],[8.34275,45.17284],[8.32869,45.16952],[8.30814,45.17692],[8.2946,45.17284],[8.2869,45.1778],[8.26634,45.18068],[8.25068,45.17601],[8.23759,45.16804],[8.21707,45.16432],[8.214,45.16918],[8.20374,45.17708],[8.19718,45.17733],[8.19076,45.17387],[8.19006,45.16898],[8.1844,45.16383],[8.17208,45.15954],[8.17425,45.17106],[8.16757,45.16841],[8.15193,45.16856],[8.14505,45.16951],[8.14394,45.17466],[8.14004,45.17753],[8.13374,45.17573],[8.1229,45.17884],[8.12034,45.18237],[8.10294,45.18314],[8.09485,45.18693],[8.05528,45.18224],[8.04992,45.18459],[8.04667,45.18788],[8.04517,45.1997],[8.0425,45.20486],[8.03471,45.20217],[8.00661,45.21489],[7.99034,45.23163],[7.99192,45.23522],[7.98506,45.23586],[7.98782,45.24143],[7.984,45.25756],[7.98265,45.25904],[7.97999,45.26151],[7.98668,45.26185],[7.98943,45.26475],[7.9918,45.29056],[7.99041,45.29705],[7.99099,45.30377],[7.98866,45.31134],[7.97617,45.31734],[7.97019,45.31757],[7.96918,45.31309],[7.9495,45.30661],[7.94788,45.30822],[7.95239,45.31076],[7.95206,45.31347],[7.95521,45.32693],[7.9642,45.33259],[7.95781,45.34368],[7.95862,45.34654],[7.97073,45.34477],[7.98995,45.34547],[8.00868,45.33841],[8.01699,45.3303],[8.02133,45.33006],[8.01951,45.34376],[8.02404,45.35333],[8.02379,45.36222],[8.0122,45.36744],[8.00978,45.3757],[8.00833,45.38639],[8.01008,45.38974],[8.01189,45.39321],[8.00889,45.39789],[8.01135,45.40529],[8.01443,45.40666],[8.01971,45.40047],[8.02701,45.40309],[8.04173,45.39699],[8.0529,45.3979],[8.05731,45.39604],[8.06661,45.38974],[8.07135,45.38652],[8.08967,45.38439],[8.12285,45.37609],[8.12983,45.38771],[8.133,45.38974],[8.13752,45.39263],[8.13968,45.39926],[8.14891,45.40852],[8.16683,45.41105],[8.16938,45.41334],[8.17007,45.41892],[8.16444,45.42247],[8.1621,45.42564],[8.16706,45.43496],[8.18604,45.45001],[8.20355,45.44683],[8.21882,45.45468],[8.22053,45.45632],[8.21667,45.46976],[8.21893,45.47575],[8.22831,45.47653],[8.23654,45.48359],[8.24507,45.48901],[8.24423,45.49332],[8.26272,45.50152],[8.2676,45.51688],[8.27978,45.51692],[8.28598,45.51759],[8.29194,45.51773],[8.27882,45.52454],[8.27794,45.53184],[8.28352,45.53606],[8.29255,45.54159],[8.29473,45.54906],[8.29647,45.55361],[8.27613,45.56436],[8.2711,45.57459],[8.27138,45.58418],[8.25964,45.5942],[8.25826,45.6058],[8.25518,45.60868],[8.26897,45.616],[8.277,45.61116],[8.29191,45.6172],[8.29476,45.62076],[8.29692,45.62154],[8.30623,45.617],[8.31145,45.62104],[8.31229,45.63172],[8.31054,45.63466],[8.29777,45.63597],[8.29202,45.63384],[8.2909,45.6359],[8.29702,45.64083],[8.30845,45.642],[8.31588,45.64065],[8.32674,45.64525],[8.32308,45.64884],[8.31611,45.6469],[8.30885,45.65536],[8.29893,45.65573],[8.29158,45.6668],[8.28017,45.67008],[8.26995,45.68191],[8.24762,45.69494],[8.23725,45.70162],[8.23047,45.70666],[8.22272,45.70762],[8.20781,45.71998],[8.20224,45.7246],[8.1988,45.72524],[8.19542,45.72295],[8.1927,45.72283],[8.19027,45.72779],[8.18382,45.73007],[8.18091,45.73635],[8.1829,45.74154],[8.18103,45.75122],[8.17061,45.75037],[8.16593,45.75103],[8.1643,45.75007],[8.1556,45.75021],[8.14661,45.75309],[8.13846,45.75348],[8.1251,45.75715],[8.10808,45.74893],[8.09583,45.73771],[8.08278,45.73726],[8.07734,45.71998],[8.07695,45.71875],[8.07383,45.71998],[8.0649,45.72352],[8.06345,45.73512],[8.05925,45.74059],[8.05115,45.7378],[8.03547,45.73583],[8.0214,45.73768],[8.00336,45.72144],[7.99938,45.71998],[7.99677,45.71903],[7.99246,45.71998],[7.98599,45.72141],[7.97067,45.71998],[7.95547,45.71856],[7.95061,45.71906],[7.94818,45.71998],[7.93665,45.72434],[7.92729,45.7347],[7.92903,45.74244],[7.91997,45.74292],[7.9001,45.74958],[7.88541,45.76066],[7.88173,45.77227],[7.87189,45.77996],[7.86352,45.79113],[7.86641,45.80144],[7.86235,45.8199],[7.87346,45.82591],[7.87173,45.8327],[7.86449,45.83983],[7.86717,45.84813],[7.87371,45.85374],[7.87516,45.86102],[7.86915,45.86813],[7.86589,45.87961],[7.86375,45.89689],[7.8673,45.90476],[7.86161,45.91105],[7.86408,45.91675],[7.87285,45.92078],[7.87714,45.92695],[7.90479,45.92591],[7.92364,45.9209],[7.93819,45.91323],[7.94366,45.90708],[7.96205,45.90063],[7.99676,45.91441],[8.01424,45.92855],[8.03154,45.93054],[8.04436,45.93631],[8.06505,45.93509],[8.08604,45.92241],[8.09654,45.92321],[8.111,45.93111],[8.12275,45.93036],[8.13036,45.9329],[8.1473,45.93342],[8.15845,45.93562],[8.18233,45.94923],[8.19219,45.95041],[8.20903,45.94504],[8.20463,45.9367]]],[[[8.27537,45.63484],[8.2884,45.63235],[8.27685,45.62336],[8.2633,45.61989],[8.26136,45.63325],[8.27179,45.63285],[8.27537,45.63484]]]]},"properties":{"code":"ITC12","nom":"Vercelli","country":"IT"}},{"type":"Feature","geometry":{"type":"MultiPolygon","coordinates":[[[[8.2616,44.51942],[8.27223,44.50702],[8.28236,44.50784],[8.29213,44.50282],[8.30395,44.5035],[8.31479,44.49631],[8.32141,44.48864],[8.33622,44.488],[8.3498,44.48429],[8.34998,44.47707],[8.35851,44.46492],[8.37078,44.46941],[8.37494,44.47437],[8.39165,44.47684],[8.39368,44.48011],[8.39082,44.48672],[8.40063,44.49348],[8.40002,44.50191],[8.4055,44.50901],[8.41852,44.51253],[8.42724,44.5033],[8.43386,44.50273],[8.44032,44.50483],[8.44952,44.49737],[8.45352,44.51018],[8.45991,44.5167],[8.46985,44.52214],[8.47789,44.51098],[8.50015,44.50918],[8.50786,44.50855],[8.52465,44.51124],[8.54183,44.51224],[8.55163,44.50391],[8.55973,44.50344],[8.56315,44.50614],[8.57618,44.50921],[8.58592,44.49846],[8.59596,44.49488],[8.60078,44.49601],[8.5998,44.50027],[8.60275,44.50466],[8.61146,44.50699],[8.61457,44.50221],[8.61951,44.50033],[8.63012,44.50568],[8.63772,44.50286],[8.6396,44.50216],[8.6541,44.50305],[8.66192,44.48599],[8.6643,44.46402],[8.66835,44.45945],[8.67025,44.45639],[8.66699,44.45083],[8.65202,44.44204],[8.63772,44.43948],[8.62926,44.43796],[8.60761,44.43647],[8.60764,44.43168],[8.60442,44.42928],[8.5851,44.4286],[8.59254,44.41568],[8.59495,44.40007],[8.60292,44.39858],[8.60466,44.39329],[8.62124,44.3854],[8.63301,44.3798],[8.62512,44.37248],[8.61457,44.36753],[8.59378,44.36063],[8.56949,44.35614],[8.56504,44.34791],[8.54963,44.3432],[8.54094,44.33576],[8.52632,44.33133],[8.50932,44.3285],[8.50015,44.3231],[8.49611,44.32072],[8.48798,44.31149],[8.48931,44.30947],[8.49306,44.31006],[8.49304,44.30805],[8.45505,44.29046],[8.44538,44.28064],[8.44083,44.27079],[8.44329,44.26479],[8.4502,44.26295],[8.45343,44.26229],[8.45549,44.25746],[8.4454,44.24669],[8.44424,44.23941],[8.43624,44.23673],[8.42143,44.22788],[8.41581,44.21869],[8.41832,44.21009],[8.41715,44.20135],[8.42451,44.19601],[8.41454,44.1897],[8.40601,44.18158],[8.37393,44.17834],[8.36616,44.17327],[8.34094,44.16663],[8.33401,44.16182],[8.32298,44.16019],[8.30307,44.15584],[8.29164,44.15194],[8.2692,44.13914],[8.26217,44.12754],[8.24951,44.11674],[8.23756,44.10217],[8.22776,44.08259],[8.22588,44.07238],[8.22611,44.04505],[8.20837,44.03472],[8.19332,44.02195],[8.19175,44.01597],[8.18397,44.01407],[8.1752,44.00771],[8.16216,43.98989],[8.16061,43.97258],[8.17398,43.95519],[8.16883,43.95251],[8.1469,43.9496],[8.13896,43.94515],[8.13535,43.93894],[8.12491,43.93925],[8.12297,43.94293],[8.12352,43.95335],[8.1165,43.96179],[8.10641,43.97274],[8.07891,43.98376],[8.06015,43.98365],[8.05338,43.98122],[8.03328,43.98169],[8.01693,43.97931],[8.00616,43.98853],[7.99963,43.99326],[8.00177,43.99672],[8.00175,44.00058],[7.9892,44.0093],[7.98092,44.01282],[7.97808,44.01953],[7.98572,44.02768],[7.98605,44.02838],[7.98929,44.03278],[8.00524,44.03405],[8.01375,44.04012],[8.01755,44.04666],[8.02874,44.05003],[8.0322,44.05648],[8.03669,44.05841],[8.03788,44.07575],[8.03391,44.08916],[8.02802,44.09563],[8.02244,44.09721],[8.02089,44.1087],[8.01829,44.11157],[8.01563,44.11068],[8.00367,44.11538],[8.01195,44.12031],[8.00494,44.12572],[7.99326,44.12724],[7.98912,44.13292],[7.97896,44.13352],[7.98051,44.13875],[7.98906,44.14467],[8.00676,44.15442],[8.01588,44.1557],[8.0298,44.15319],[8.04295,44.14281],[8.06961,44.14597],[8.07424,44.15178],[8.074,44.15816],[8.07953,44.16128],[8.08328,44.169],[8.09078,44.17315],[8.09642,44.179],[8.09173,44.18748],[8.09379,44.19736],[8.08799,44.20314],[8.07546,44.20616],[8.06716,44.21463],[8.06877,44.22726],[8.08054,44.24011],[8.07231,44.24352],[8.07078,44.24834],[8.06313,44.25305],[8.08229,44.26295],[8.09071,44.27472],[8.0831,44.27817],[8.07621,44.28713],[8.06397,44.28895],[8.06185,44.29887],[8.05968,44.30144],[8.06717,44.30569],[8.07238,44.31217],[8.07633,44.31338],[8.08218,44.31117],[8.08578,44.30633],[8.10199,44.30091],[8.10858,44.31536],[8.10583,44.33035],[8.1129,44.33329],[8.1176,44.33337],[8.12494,44.33307],[8.12924,44.33119],[8.13431,44.33208],[8.13693,44.33953],[8.14378,44.34469],[8.14814,44.35433],[8.14151,44.36805],[8.14205,44.37142],[8.15039,44.3753],[8.14955,44.38477],[8.16307,44.38676],[8.17491,44.3987],[8.18707,44.39591],[8.19937,44.40353],[8.20728,44.40498],[8.20898,44.41751],[8.21954,44.4263],[8.22188,44.432],[8.20713,44.44808],[8.21005,44.44963],[8.21028,44.4555],[8.19781,44.46296],[8.19741,44.46758],[8.19768,44.4782],[8.20697,44.47769],[8.21068,44.48155],[8.21877,44.48242],[8.22332,44.48563],[8.21673,44.49523],[8.22476,44.51433],[8.23949,44.51956],[8.25282,44.52874],[8.2616,44.51942]]]]},"properties":{"code":"ITC32","nom":"Savona","country":"IT"}},{"type":"Feature","geometry":{"type":"MultiPolygon","coordinates":[[[[11.07309,44.96212],[11.08388,44.96015],[11.08947,44.96015],[11.11956,44.9534],[11.15041,44.93452],[11.16233,44.93902],[11.19809,44.9384],[11.21315,44.94349],[11.23859,44.94533],[11.24623,44.95143],[11.25975,44.93245],[11.25451,44.92451],[11.23913,44.91392],[11.23477,44.90597],[11.24409,44.89904],[11.25232,44.90004],[11.27009,44.89613],[11.28626,44.88923],[11.29297,44.88637],[11.30393,44.88691],[11.30749,44.88309],[11.32887,44.87458],[11.34444,44.87289],[11.3466,44.87266],[11.34806,44.86478],[11.35568,44.86345],[11.35719,44.85673],[11.36745,44.84438],[11.36643,44.8373],[11.35435,44.83639],[11.34695,44.83038],[11.34444,44.83057],[11.32458,44.83211],[11.31819,44.82564],[11.31215,44.82666],[11.30087,44.80832],[11.29337,44.8028],[11.28626,44.80303],[11.23837,44.80461],[11.22818,44.80065],[11.2107,44.8044],[11.18214,44.79529],[11.17822,44.79618],[11.17466,44.79169],[11.15216,44.78656],[11.13316,44.78598],[11.12991,44.78291],[11.11702,44.71042],[11.10538,44.6905],[11.07811,44.64702],[11.12778,44.63135],[11.11932,44.6179],[11.12487,44.6149],[11.12597,44.61122],[11.14159,44.60574],[11.14103,44.60169],[11.14516,44.59917],[11.14266,44.59344],[11.1523,44.58914],[11.14968,44.58438],[11.14,44.58368],[11.13948,44.58025],[11.12865,44.57111],[11.13169,44.56738],[11.10812,44.54481],[11.10575,44.53962],[11.11362,44.53541],[11.10803,44.52525],[11.09025,44.53024],[11.08519,44.52905],[11.07871,44.53074],[11.07089,44.52271],[11.06864,44.52755],[11.0617,44.52894],[11.05616,44.53403],[11.05337,44.5299],[11.05501,44.52627],[11.05834,44.52186],[11.05698,44.5138],[11.0608,44.51191],[11.06507,44.50054],[11.06282,44.4931],[11.05631,44.48859],[11.05153,44.48091],[11.04955,44.46931],[11.02695,44.45986],[11.01162,44.44634],[10.99025,44.44052],[10.99669,44.42949],[11.01578,44.43016],[11.03785,44.42652],[11.04778,44.41604],[11.04863,44.40606],[11.0379,44.39621],[11.03097,44.3854],[11.02246,44.37211],[11.02381,44.35517],[11.03771,44.34257],[11.0396,44.33037],[11.03164,44.32335],[11.02905,44.31536],[11.00882,44.29753],[11.00448,44.29828],[11.00222,44.30598],[10.99295,44.30314],[10.96706,44.30198],[10.9509,44.29343],[10.95066,44.28544],[10.96017,44.27908],[10.9727,44.27686],[10.9668,44.27302],[10.96587,44.25208],[10.96646,44.24326],[10.9609,44.23288],[10.95657,44.23078],[10.95591,44.2262],[10.938,44.22431],[10.90723,44.20543],[10.89925,44.20687],[10.89532,44.20994],[10.88906,44.22404],[10.87452,44.22685],[10.86125,44.23218],[10.85097,44.22722],[10.85501,44.20824],[10.84813,44.20057],[10.83407,44.1959],[10.81963,44.1801],[10.81827,44.1665],[10.80692,44.15226],[10.80453,44.13825],[10.81023,44.1315],[10.81479,44.11617],[10.80495,44.11865],[10.79608,44.12729],[10.78374,44.12951],[10.77364,44.13478],[10.75492,44.15303],[10.74227,44.15625],[10.71242,44.1572],[10.70075,44.15519],[10.69302,44.15727],[10.67901,44.15617],[10.67277,44.15436],[10.66555,44.15227],[10.65599,44.15695],[10.64866,44.15596],[10.64137,44.15924],[10.63268,44.14618],[10.6219,44.14026],[10.62408,44.12035],[10.61981,44.12066],[10.61727,44.1208],[10.6124,44.11884],[10.60987,44.1186],[10.60418,44.115],[10.59723,44.11515],[10.58351,44.12025],[10.57882,44.13068],[10.55241,44.1451],[10.52495,44.15699],[10.51972,44.16718],[10.52296,44.17482],[10.51003,44.1869],[10.49127,44.19631],[10.48626,44.20379],[10.49162,44.21744],[10.48489,44.22231],[10.47015,44.22604],[10.48434,44.23557],[10.48754,44.26295],[10.50042,44.26716],[10.51475,44.28043],[10.51152,44.29505],[10.51407,44.31044],[10.52547,44.32904],[10.52633,44.34386],[10.52646,44.34531],[10.52956,44.35112],[10.55241,44.35984],[10.59447,44.36306],[10.61433,44.37494],[10.62013,44.38243],[10.62135,44.3854],[10.62363,44.39093],[10.62234,44.39796],[10.62231,44.39998],[10.62256,44.40149],[10.62236,44.4036],[10.62154,44.40584],[10.62884,44.41114],[10.6309,44.42013],[10.64441,44.43035],[10.65589,44.43473],[10.65477,44.45334],[10.66822,44.46777],[10.67277,44.46924],[10.68707,44.47387],[10.70377,44.4884],[10.72638,44.49982],[10.74094,44.5104],[10.75492,44.52785],[10.76498,44.54041],[10.77504,44.564],[10.77727,44.58393],[10.78679,44.60648],[10.78707,44.61037],[10.78707,44.61471],[10.78623,44.62163],[10.78445,44.6248],[10.78199,44.62775],[10.793,44.63888],[10.79657,44.65198],[10.81531,44.65652],[10.81366,44.66054],[10.81842,44.66481],[10.81356,44.66755],[10.81433,44.67763],[10.81987,44.68984],[10.80719,44.69697],[10.80897,44.70312],[10.82069,44.73324],[10.82057,44.73675],[10.81524,44.74166],[10.81747,44.7463],[10.81696,44.75777],[10.82847,44.76731],[10.83762,44.78209],[10.84122,44.79496],[10.81501,44.80721],[10.83626,44.84247],[10.83699,44.84954],[10.8468,44.86002],[10.85,44.86651],[10.86223,44.86516],[10.87834,44.86771],[10.88286,44.87314],[10.88077,44.88066],[10.88351,44.88855],[10.87752,44.89085],[10.87675,44.90061],[10.88791,44.91427],[10.89207,44.91332],[10.91631,44.92391],[10.93967,44.92219],[10.9514,44.92787],[10.95062,44.93332],[10.96616,44.93481],[10.97627,44.94188],[10.99645,44.95445],[11.02269,44.95268],[11.05956,44.9489],[11.07108,44.96015],[11.07309,44.96212]]]]},"properties":{"code":"ITH54","nom":"Modena","country":"IT"}},{"type":"Feature","geometry":{"type":"MultiPolygon","coordinates":[[[[11.29337,44.8028],[11.29036,44.80026],[11.28626,44.79643],[11.28145,44.79193],[11.27074,44.78168],[11.26921,44.78036],[11.26128,44.77265],[11.24611,44.75837],[11.27222,44.75009],[11.25396,44.71704],[11.27546,44.70557],[11.27746,44.70901],[11.29202,44.71514],[11.30879,44.73565],[11.34444,44.75878],[11.36517,44.7765],[11.37601,44.77979],[11.38838,44.77863],[11.39926,44.76856],[11.43285,44.76023],[11.45349,44.76004],[11.46705,44.75264],[11.51616,44.73355],[11.5511,44.72217],[11.58305,44.70717],[11.59275,44.71168],[11.5942,44.71037],[11.60098,44.70343],[11.61459,44.69011],[11.63248,44.67293],[11.6718,44.63433],[11.69015,44.62935],[11.69364,44.63041],[11.69693,44.63684],[11.72284,44.63636],[11.72348,44.6458],[11.72868,44.65351],[11.73627,44.64897],[11.74577,44.64979],[11.75443,44.65053],[11.7708,44.64161],[11.77517,44.64273],[11.77694,44.64318],[11.78568,44.63734],[11.7989,44.6345],[11.79804,44.63111],[11.80477,44.62374],[11.79226,44.6176],[11.79351,44.61286],[11.78628,44.60687],[11.78914,44.59347],[11.78599,44.59116],[11.78516,44.58572],[11.77517,44.5835],[11.75876,44.57985],[11.74577,44.57994],[11.7527,44.57443],[11.76068,44.57419],[11.76161,44.56907],[11.7736,44.56369],[11.77517,44.56464],[11.7811,44.56824],[11.7895,44.56579],[11.79147,44.56309],[11.7892,44.55433],[11.78242,44.5319],[11.77871,44.5035],[11.77517,44.50493],[11.76355,44.50962],[11.75099,44.49787],[11.77517,44.49113],[11.7956,44.48544],[11.7811,44.46797],[11.79797,44.45978],[11.78136,44.43625],[11.82559,44.41851],[11.83193,44.42263],[11.84027,44.42363],[11.84056,44.41814],[11.83688,44.41403],[11.81367,44.39188],[11.8109,44.3854],[11.80998,44.38326],[11.8093,44.38101],[11.80736,44.37824],[11.80038,44.37799],[11.80202,44.36599],[11.79583,44.36751],[11.79379,44.3647],[11.7886,44.35986],[11.78586,44.34863],[11.77517,44.3369],[11.75897,44.33158],[11.7541,44.32412],[11.74577,44.31703],[11.73655,44.30919],[11.73182,44.30497],[11.72404,44.3037],[11.7146,44.29853],[11.7072,44.28963],[11.69464,44.28887],[11.69173,44.29015],[11.69094,44.2971],[11.69672,44.30365],[11.69703,44.30878],[11.67357,44.3159],[11.66825,44.31112],[11.67134,44.28868],[11.66566,44.28289],[11.66437,44.27864],[11.65448,44.27461],[11.64021,44.27331],[11.63752,44.2671],[11.63101,44.26213],[11.63444,44.25829],[11.62571,44.24729],[11.60806,44.24274],[11.6011,44.23863],[11.58447,44.23388],[11.57741,44.22903],[11.57643,44.22402],[11.56729,44.21953],[11.55566,44.22248],[11.55095,44.21677],[11.55383,44.2128],[11.55022,44.20434],[11.56171,44.18656],[11.55537,44.18529],[11.54383,44.18957],[11.5364,44.18992],[11.53636,44.18358],[11.52825,44.1699],[11.52496,44.15764],[11.52399,44.15628],[11.51675,44.15773],[11.51262,44.1634],[11.50273,44.16337],[11.48424,44.17662],[11.48838,44.18041],[11.48412,44.18366],[11.46921,44.18464],[11.47002,44.18961],[11.46762,44.19211],[11.45869,44.18891],[11.4474,44.2014],[11.4541,44.21177],[11.45065,44.22105],[11.42706,44.23464],[11.422,44.23988],[11.41918,44.23518],[11.39601,44.22074],[11.38922,44.21241],[11.38652,44.20477],[11.37837,44.19956],[11.36319,44.20375],[11.34444,44.20486],[11.34231,44.20499],[11.32515,44.1945],[11.32233,44.18165],[11.31288,44.17459],[11.29598,44.17153],[11.29567,44.16726],[11.28626,44.16225],[11.28004,44.15525],[11.27147,44.15881],[11.23914,44.15879],[11.21441,44.15039],[11.19575,44.1514],[11.19416,44.14614],[11.19719,44.14171],[11.21299,44.13421],[11.21989,44.12786],[11.22732,44.12794],[11.25029,44.11626],[11.25995,44.11511],[11.26365,44.10422],[11.25308,44.10406],[11.24563,44.09763],[11.22794,44.10188],[11.21275,44.09885],[11.20244,44.10072],[11.19023,44.10551],[11.16879,44.10806],[11.16036,44.11206],[11.13799,44.1081],[11.12768,44.10966],[11.09324,44.09444],[11.08772,44.09015],[11.07237,44.09204],[11.04945,44.09023],[11.04804,44.09502],[11.03219,44.09599],[11.02384,44.09746],[11.02052,44.10283],[11.01276,44.10427],[11.0026,44.1116],[11.0053,44.12086],[11.01321,44.12358],[11.01499,44.12648],[11.01413,44.13656],[11.007,44.13842],[10.9939,44.13541],[10.99324,44.12951],[10.97851,44.12265],[10.96956,44.1146],[10.96867,44.10665],[10.95544,44.09377],[10.95437,44.08931],[10.9436,44.08127],[10.92768,44.07534],[10.91774,44.06276],[10.90142,44.06489],[10.9002,44.06783],[10.90489,44.07891],[10.90356,44.0847],[10.87873,44.0986],[10.86669,44.10034],[10.85674,44.09906],[10.84856,44.09886],[10.84444,44.10857],[10.83128,44.11595],[10.82027,44.11254],[10.81479,44.11617],[10.81023,44.1315],[10.80453,44.13825],[10.80692,44.15226],[10.81827,44.1665],[10.81963,44.1801],[10.83407,44.1959],[10.84813,44.20057],[10.85501,44.20824],[10.85097,44.22722],[10.86125,44.23218],[10.87452,44.22685],[10.88906,44.22404],[10.89532,44.20994],[10.89925,44.20687],[10.90723,44.20543],[10.938,44.22431],[10.95591,44.2262],[10.95657,44.23078],[10.9609,44.23288],[10.96646,44.24326],[10.96587,44.25208],[10.9668,44.27302],[10.9727,44.27686],[10.96017,44.27908],[10.95066,44.28544],[10.9509,44.29343],[10.96706,44.30198],[10.99295,44.30314],[11.00222,44.30598],[11.00448,44.29828],[11.00882,44.29753],[11.02905,44.31536],[11.03164,44.32335],[11.0396,44.33037],[11.03771,44.34257],[11.02381,44.35517],[11.02246,44.37211],[11.03097,44.3854],[11.0379,44.39621],[11.04863,44.40606],[11.04778,44.41604],[11.03785,44.42652],[11.01578,44.43016],[10.99669,44.42949],[10.99025,44.44052],[11.01162,44.44634],[11.02695,44.45986],[11.04955,44.46931],[11.05153,44.48091],[11.05631,44.48859],[11.06282,44.4931],[11.06507,44.50054],[11.0608,44.51191],[11.05698,44.5138],[11.05834,44.52186],[11.05501,44.52627],[11.05337,44.5299],[11.05616,44.53403],[11.0617,44.52894],[11.06864,44.52755],[11.07089,44.52271],[11.07871,44.53074],[11.08519,44.52905],[11.09025,44.53024],[11.10803,44.52525],[11.11362,44.53541],[11.10575,44.53962],[11.10812,44.54481],[11.13169,44.56738],[11.12865,44.57111],[11.13948,44.58025],[11.14,44.58368],[11.14968,44.58438],[11.1523,44.58914],[11.14266,44.59344],[11.14516,44.59917],[11.14103,44.60169],[11.14159,44.60574],[11.12597,44.61122],[11.12487,44.6149],[11.11932,44.6179],[11.12778,44.63135],[11.07811,44.64702],[11.10538,44.6905],[11.11702,44.71042],[11.12991,44.78291],[11.13316,44.78598],[11.15216,44.78656],[11.17466,44.79169],[11.17822,44.79618],[11.18214,44.79529],[11.2107,44.8044],[11.22818,44.80065],[11.23837,44.80461],[11.28626,44.80303],[11.29337,44.8028]]]]},"properties":{"code":"ITH55","nom":"Bologna","country":"IT"}},{"type":"Feature","geometry":{"type":"MultiPolygon","coordinates":[[[[12.85094,41.71481],[12.85759,41.71068],[12.86299,41.71231],[12.86428,41.70647],[12.86824,41.70364],[12.88037,41.70182],[12.88008,41.70797],[12.89036,41.71078],[12.90802,41.70748],[12.938,41.71273],[12.94713,41.69857],[12.9522,41.69488],[12.94379,41.68737],[12.94315,41.67415],[12.95911,41.65924],[12.98605,41.64549],[12.9871,41.64077],[13.00462,41.61971],[13.02147,41.60896],[13.02512,41.59963],[13.01683,41.59424],[13.00833,41.58092],[13.0226,41.57308],[13.03629,41.57188],[13.0511,41.58012],[13.05799,41.57366],[13.07082,41.56835],[13.0802,41.56089],[13.09668,41.5537],[13.10371,41.545],[13.11113,41.55314],[13.12544,41.54981],[13.12448,41.55592],[13.12698,41.5586],[13.14467,41.56665],[13.15474,41.57123],[13.16706,41.57427],[13.17509,41.58354],[13.18373,41.58487],[13.18768,41.58781],[13.19518,41.58726],[13.19968,41.57855],[13.20189,41.57418],[13.20083,41.55671],[13.20966,41.54509],[13.22176,41.5388],[13.24403,41.53869],[13.25498,41.53541],[13.27125,41.52322],[13.2791,41.50828],[13.28013,41.49896],[13.28923,41.49336],[13.29095,41.48484],[13.29509,41.47991],[13.29759,41.46942],[13.26559,41.45201],[13.25928,41.43652],[13.25473,41.43253],[13.27274,41.42841],[13.29336,41.41873],[13.30652,41.40252],[13.31373,41.40235],[13.32343,41.40625],[13.34298,41.40531],[13.34921,41.40454],[13.35362,41.40183],[13.36025,41.39777],[13.36694,41.3978],[13.3739,41.40319],[13.3872,41.40422],[13.40373,41.40171],[13.41176,41.39702],[13.42731,41.39725],[13.4384,41.42642],[13.42819,41.45407],[13.43677,41.46093],[13.44536,41.46496],[13.4517,41.46051],[13.457,41.44932],[13.47003,41.44398],[13.47773,41.44368],[13.48875,41.43464],[13.49813,41.43628],[13.51251,41.43215],[13.51152,41.42359],[13.53907,41.42369],[13.54755,41.41968],[13.55217,41.41395],[13.55815,41.40837],[13.56129,41.4003],[13.57478,41.38832],[13.5783,41.38105],[13.56692,41.37534],[13.56057,41.36801],[13.57379,41.36386],[13.58928,41.35487],[13.6033,41.33721],[13.62211,41.31779],[13.65137,41.31794],[13.65381,41.32085],[13.65207,41.32888],[13.65828,41.33789],[13.66756,41.34242],[13.68344,41.34035],[13.70138,41.35821],[13.70924,41.35818],[13.71188,41.35345],[13.71188,41.34196],[13.71561,41.336],[13.72061,41.3342],[13.73691,41.32833],[13.74838,41.31614],[13.75245,41.31471],[13.75401,41.31165],[13.76145,41.3077],[13.76305,41.30131],[13.77316,41.30389],[13.7788,41.30801],[13.79182,41.31078],[13.7994,41.3196],[13.81984,41.32143],[13.81813,41.32969],[13.82022,41.33707],[13.82316,41.3387],[13.84244,41.33096],[13.87372,41.33829],[13.88782,41.31956],[13.89434,41.31048],[13.88496,41.29254],[13.87918,41.29086],[13.86936,41.29286],[13.86153,41.28749],[13.85383,41.29096],[13.83579,41.28108],[13.82845,41.281],[13.83089,41.27313],[13.82736,41.26692],[13.8349,41.266],[13.8394,41.26198],[13.83743,41.25992],[13.83147,41.26169],[13.832,41.25146],[13.82381,41.25137],[13.81651,41.24426],[13.81327,41.24805],[13.80798,41.2455],[13.8027,41.2479],[13.78626,41.24169],[13.77379,41.24262],[13.76898,41.23543],[13.7608,41.22317],[13.74223,41.23543],[13.73021,41.24336],[13.72061,41.24764],[13.70915,41.25274],[13.70246,41.2535],[13.68899,41.24658],[13.68217,41.24484],[13.67,41.24796],[13.66384,41.25337],[13.65408,41.25666],[13.65058,41.25728],[13.62981,41.26093],[13.61691,41.25949],[13.60034,41.25095],[13.58976,41.2493],[13.5794,41.24435],[13.57248,41.23543],[13.56976,41.23191],[13.57118,41.21904],[13.57417,41.21488],[13.58773,41.20835],[13.57613,41.20453],[13.55974,41.21017],[13.54859,41.20804],[13.5318,41.21889],[13.51974,41.22372],[13.50601,41.22318],[13.48801,41.23543],[13.48484,41.23759],[13.47526,41.23975],[13.47125,41.23864],[13.46263,41.24108],[13.44596,41.25291],[13.39644,41.27387],[13.35362,41.2866],[13.34298,41.28977],[13.30889,41.2957],[13.28151,41.29756],[13.26732,41.29479],[13.2548,41.28288],[13.22008,41.28445],[13.18873,41.2798],[13.15789,41.27006],[13.14467,41.26318],[13.13531,41.25831],[13.11143,41.24572],[13.10197,41.23543],[13.09443,41.22723],[13.08637,41.22384],[13.06884,41.22239],[13.04644,41.22709],[13.0408,41.23095],[13.0379,41.23543],[13.03417,41.24117],[13.03496,41.24701],[13.02912,41.2644],[13.01372,41.29175],[12.982,41.33351],[12.95341,41.35944],[12.91567,41.3836],[12.87083,41.40594],[12.84493,41.41406],[12.83259,41.41566],[12.8076,41.41431],[12.78668,41.41786],[12.77332,41.41626],[12.77581,41.42269],[12.76585,41.43641],[12.75475,41.44496],[12.74629,41.44441],[12.73909,41.44769],[12.73848,41.45669],[12.74624,41.45963],[12.7471,41.4744],[12.74236,41.47924],[12.72703,41.4842],[12.72045,41.49836],[12.72322,41.50236],[12.71992,41.505],[12.70661,41.50701],[12.68246,41.50795],[12.67906,41.51791],[12.66984,41.52579],[12.65085,41.53602],[12.6382,41.53686],[12.6287,41.5375],[12.61831,41.54032],[12.61593,41.54399],[12.59239,41.54162],[12.58769,41.54277],[12.58534,41.55193],[12.57015,41.57731],[12.56059,41.57837],[12.55961,41.58218],[12.54863,41.59219],[12.53295,41.59951],[12.55312,41.60866],[12.55207,41.61948],[12.59414,41.64481],[12.59924,41.65151],[12.6287,41.6691],[12.63393,41.67191],[12.6382,41.66987],[12.64642,41.66594],[12.64306,41.65504],[12.64845,41.655],[12.64895,41.65983],[12.65296,41.66203],[12.65737,41.64764],[12.65341,41.63508],[12.65224,41.61008],[12.65448,41.60517],[12.6635,41.59858],[12.69751,41.61],[12.69798,41.60396],[12.70254,41.60093],[12.70426,41.59511],[12.71868,41.59373],[12.73137,41.60271],[12.73975,41.60302],[12.74016,41.59322],[12.73371,41.58141],[12.74457,41.57883],[12.75179,41.58299],[12.75588,41.57271],[12.7675,41.58543],[12.77118,41.59558],[12.77818,41.60174],[12.7825,41.61769],[12.79082,41.61808],[12.79401,41.62302],[12.80982,41.62073],[12.80964,41.63753],[12.8239,41.64113],[12.81978,41.65082],[12.82836,41.65834],[12.83488,41.65304],[12.8378,41.6539],[12.84042,41.65767],[12.83977,41.66475],[12.85128,41.66639],[12.84913,41.67911],[12.85425,41.69135],[12.85366,41.69746],[12.85104,41.70032],[12.84391,41.69887],[12.83661,41.70388],[12.85094,41.71481]]],[[[12.96829,40.92081],[12.96499,40.91521],[12.96625,40.91191],[12.96568,40.90868],[12.96016,40.90571],[12.96222,40.90039],[12.9599,40.89607],[12.968,40.89371],[12.96019,40.88269],[12.9544,40.88042],[12.94764,40.88629],[12.95382,40.8944],[12.9455,40.89639],[12.94298,40.90002],[12.94715,40.91191],[12.9513,40.91451],[12.95113,40.91953],[12.95566,40.92115],[12.96098,40.91997],[12.96771,40.92398],[12.9671,40.92924],[12.97473,40.93007],[12.98372,40.93523],[12.99294,40.93337],[12.99099,40.93015],[12.98009,40.92746],[12.97489,40.92253],[12.96829,40.92081]]],[[[13.41829,40.78691],[13.41337,40.78505],[13.40855,40.78529],[13.40888,40.78691],[13.41654,40.78923],[13.42024,40.79479],[13.42993,40.80117],[13.43325,40.79694],[13.43193,40.79382],[13.41829,40.78691]]],[[[12.85624,40.92868],[12.8514,40.92562],[12.84982,40.92942],[12.85259,40.93005],[12.85454,40.93283],[12.85307,40.93543],[12.855,40.93667],[12.85649,40.94151],[12.85479,40.94432],[12.85531,40.94763],[12.8592,40.94913],[12.86088,40.94783],[12.85927,40.94369],[12.86113,40.94188],[12.86021,40.93988],[12.86138,40.93053],[12.85624,40.92868]]],[[[13.06523,40.97003],[13.06369,40.96512],[13.05786,40.9645],[13.0576,40.96568],[13.05314,40.96612],[13.04981,40.96491],[13.04742,40.96914],[13.04807,40.97066],[13.05368,40.97237],[13.05581,40.97454],[13.06177,40.97321],[13.06523,40.97003]]]]},"properties":{"code":"ITI44","nom":"Latina","country":"IT"}},{"type":"Feature","geometry":{"type":"MultiPolygon","coordinates":[[[[9.23908,41.24668],[9.26624,41.23861],[9.27059,41.23543],[9.27952,41.22571],[9.28073,41.21695],[9.272,41.19834],[9.27269,41.19492],[9.28566,41.18706],[9.28568,41.19083],[9.28039,41.1932],[9.27935,41.19688],[9.28341,41.20953],[9.28899,41.21658],[9.29553,41.21096],[9.29908,41.20302],[9.29082,41.198],[9.28993,41.19472],[9.29911,41.19134],[9.30461,41.191],[9.3086,41.19075],[9.31872,41.1926],[9.33428,41.18705],[9.33773,41.19051],[9.3333,41.19599],[9.3404,41.205],[9.3491,41.2071],[9.35461,41.2034],[9.35942,41.20646],[9.36407,41.20601],[9.36677,41.18925],[9.3704,41.18399],[9.3805,41.18681],[9.3853,41.17889],[9.39263,41.18122],[9.40311,41.17552],[9.41849,41.17852],[9.42226,41.17718],[9.42353,41.17266],[9.42076,41.16615],[9.40918,41.16001],[9.40521,41.15791],[9.42985,41.15351],[9.43094,41.14376],[9.43734,41.13582],[9.4435,41.13346],[9.44,41.12485],[9.44067,41.10683],[9.44249,41.10174],[9.4459,41.10012],[9.44879,41.10108],[9.45094,41.10787],[9.4632,41.12297],[9.47049,41.12766],[9.47121,41.13316],[9.46522,41.13751],[9.46718,41.1417],[9.48056,41.14168],[9.48642,41.14494],[9.51155,41.14152],[9.51609,41.14534],[9.51215,41.15185],[9.52064,41.15639],[9.52778,41.15456],[9.52833,41.14583],[9.53612,41.13929],[9.53202,41.13549],[9.5397,41.1354],[9.54469,41.13247],[9.53927,41.12246],[9.54112,41.11566],[9.54627,41.11364],[9.55478,41.11842],[9.56357,41.11738],[9.56815,41.11099],[9.56517,41.1037],[9.56855,41.10082],[9.55932,41.08287],[9.54912,41.07927],[9.54089,41.08696],[9.53622,41.08307],[9.53028,41.06957],[9.53722,41.06309],[9.53374,41.0605],[9.53324,41.05595],[9.52592,41.05474],[9.52374,41.03389],[9.50786,41.01002],[9.51307,41.00844],[9.52332,41.01266],[9.52764,41.0173],[9.5262,41.02249],[9.52967,41.02827],[9.54527,41.02891],[9.55769,41.03422],[9.56158,41.02481],[9.55305,41.00868],[9.55764,41.00334],[9.56722,41.00953],[9.57038,41.00569],[9.57698,41.00356],[9.57736,41.01523],[9.58554,41.01138],[9.59461,41.02162],[9.60792,41.0184],[9.61321,41.01132],[9.63192,41.00196],[9.6425,41.00142],[9.64677,41.00222],[9.65555,41.00387],[9.66396,40.99561],[9.65055,40.98439],[9.64677,40.98544],[9.63327,40.98919],[9.61885,41.00219],[9.61047,41.00261],[9.60792,40.99744],[9.60011,40.99497],[9.59565,40.98928],[9.59068,40.99012],[9.58611,40.98787],[9.58317,40.97649],[9.59313,40.96709],[9.58835,40.96127],[9.58111,40.95834],[9.58008,40.9549],[9.56935,40.94072],[9.57357,40.93197],[9.56971,40.92648],[9.56356,40.9253],[9.55388,40.92819],[9.54219,40.9275],[9.53277,40.93238],[9.52222,40.93196],[9.5065,40.92877],[9.50796,40.92417],[9.50134,40.91809],[9.51045,40.91333],[9.54117,40.91483],[9.5466,40.9178],[9.55396,40.91501],[9.56114,40.91858],[9.57452,40.91191],[9.57323,40.90757],[9.57554,40.90484],[9.5875,40.90039],[9.59453,40.90574],[9.60242,40.90814],[9.60513,40.91191],[9.60875,40.91694],[9.61798,40.92172],[9.64158,40.9191],[9.6421,40.91489],[9.63906,40.91191],[9.624,40.89713],[9.61647,40.89329],[9.61785,40.88998],[9.63288,40.88445],[9.64177,40.87401],[9.64677,40.87923],[9.65207,40.87929],[9.65688,40.87563],[9.65387,40.86086],[9.65769,40.85721],[9.66392,40.85602],[9.66815,40.85361],[9.67467,40.86006],[9.68038,40.86118],[9.6858,40.858],[9.69216,40.84918],[9.69415,40.84704],[9.69916,40.84731],[9.70505,40.84225],[9.71225,40.84473],[9.71903,40.84057],[9.72562,40.84002],[9.71875,40.83469],[9.7105,40.83242],[9.69934,40.83422],[9.69794,40.83994],[9.69216,40.83646],[9.68677,40.83541],[9.68847,40.83064],[9.68105,40.82435],[9.68806,40.81812],[9.69111,40.81044],[9.68812,40.80704],[9.68089,40.80842],[9.67597,40.80649],[9.6703,40.79258],[9.67233,40.78373],[9.67972,40.7734],[9.68735,40.76665],[9.69216,40.76667],[9.70085,40.75676],[9.70157,40.7548],[9.7061,40.75558],[9.71475,40.75298],[9.71532,40.75168],[9.71731,40.74901],[9.71244,40.73872],[9.71523,40.73221],[9.7172,40.72764],[9.71286,40.72229],[9.71574,40.7089],[9.72207,40.70087],[9.73973,40.69345],[9.74447,40.68895],[9.75255,40.67355],[9.74937,40.6581],[9.73729,40.66224],[9.73525,40.67193],[9.73031,40.67116],[9.72783,40.6735],[9.71675,40.67562],[9.71233,40.67384],[9.7098,40.67672],[9.70469,40.67611],[9.6974,40.67964],[9.69258,40.67872],[9.68238,40.66874],[9.68356,40.65806],[9.67105,40.66699],[9.65047,40.6923],[9.64677,40.69323],[9.62504,40.69875],[9.60326,40.69722],[9.5888,40.70344],[9.58314,40.70604],[9.57287,40.69545],[9.56336,40.68032],[9.55109,40.67105],[9.52296,40.65725],[9.51201,40.64887],[9.50774,40.65255],[9.49594,40.65116],[9.48747,40.64525],[9.47505,40.65192],[9.47041,40.65073],[9.46507,40.65581],[9.4574,40.65301],[9.43816,40.65863],[9.41914,40.65691],[9.41629,40.6353],[9.40331,40.62453],[9.39559,40.62288],[9.39341,40.61793],[9.37965,40.61592],[9.38033,40.61034],[9.38604,40.60692],[9.39408,40.59452],[9.38627,40.58677],[9.37643,40.5824],[9.37108,40.57099],[9.3578,40.56817],[9.33084,40.55035],[9.31462,40.54835],[9.31376,40.54653],[9.31223,40.54326],[9.30461,40.54003],[9.29783,40.53716],[9.28647,40.52587],[9.26866,40.53226],[9.25649,40.5324],[9.25229,40.5358],[9.24592,40.53575],[9.23737,40.53935],[9.22864,40.53822],[9.2165,40.54001],[9.19943,40.5363],[9.18947,40.53683],[9.18847,40.52939],[9.19135,40.52349],[9.18852,40.51554],[9.18265,40.50979],[9.19664,40.50526],[9.20901,40.50584],[9.22781,40.50178],[9.24606,40.50485],[9.25639,40.51195],[9.27884,40.51082],[9.2774,40.49879],[9.28221,40.49073],[9.28452,40.47654],[9.27881,40.47487],[9.27545,40.46982],[9.2532,40.46688],[9.24769,40.46191],[9.24966,40.45769],[9.22745,40.42764],[9.22549,40.4106],[9.20589,40.40407],[9.19898,40.39636],[9.18863,40.38988],[9.18322,40.37123],[9.17074,40.3718],[9.1614,40.36852],[9.14923,40.36565],[9.14806,40.36545],[9.14233,40.36247],[9.11788,40.35861],[9.11363,40.35344],[9.10351,40.34893],[9.08308,40.34097],[9.06087,40.33623],[9.04883,40.32732],[9.04173,40.32552],[9.03968,40.32065],[9.04286,40.31406],[9.03474,40.30416],[9.02761,40.30012],[9.02802,40.2966],[9.00569,40.31538],[8.99009,40.32444],[8.9823,40.33249],[8.97982,40.34009],[8.96819,40.34672],[8.94881,40.36787],[8.91242,40.38117],[8.90611,40.38528],[8.90111,40.38854],[8.89817,40.39284],[8.90006,40.4007],[8.89803,40.40575],[8.87726,40.39282],[8.86399,40.38982],[8.85673,40.39269],[8.85621,40.40182],[8.85277,40.40712],[8.84184,40.40752],[8.82783,40.41188],[8.81637,40.40725],[8.8166,40.37531],[8.8119,40.36561],[8.78836,40.35738],[8.78036,40.35004],[8.7655,40.35203],[8.7582,40.35029],[8.75326,40.35003],[8.74703,40.35428],[8.7384,40.35342],[8.72644,40.34281],[8.71743,40.34384],[8.71167,40.34193],[8.70759,40.33646],[8.70362,40.33112],[8.69858,40.33078],[8.69059,40.32963],[8.68749,40.32343],[8.67613,40.31265],[8.65992,40.31038],[8.64933,40.29975],[8.64429,40.29773],[8.64029,40.29966],[8.63772,40.30734],[8.63679,40.31014],[8.62276,40.31478],[8.62031,40.31898],[8.61991,40.32218],[8.60883,40.32901],[8.59309,40.3328],[8.59199,40.33646],[8.58697,40.35317],[8.58357,40.35608],[8.57585,40.35761],[8.57024,40.3607],[8.57062,40.36354],[8.56541,40.36988],[8.56124,40.38222],[8.55074,40.38439],[8.54872,40.38678],[8.553,40.39],[8.55057,40.39583],[8.53969,40.40219],[8.52679,40.4009],[8.52508,40.40676],[8.51477,40.42017],[8.50015,40.42564],[8.49474,40.42525],[8.48027,40.40943],[8.46292,40.40788],[8.44574,40.39653],[8.44143,40.39631],[8.43797,40.39877],[8.42409,40.39347],[8.41205,40.39769],[8.40031,40.40717],[8.39981,40.40757],[8.39821,40.42884],[8.38905,40.44992],[8.37397,40.49038],[8.36798,40.4964],[8.36155,40.49641],[8.34999,40.50244],[8.33926,40.50129],[8.3383,40.50994],[8.33568,40.51554],[8.32052,40.54787],[8.31274,40.5578],[8.31698,40.5721],[8.30584,40.58605],[8.29473,40.59279],[8.27516,40.59204],[8.26428,40.58344],[8.24933,40.58263],[8.24175,40.57069],[8.20337,40.56989],[8.19856,40.57445],[8.20647,40.587],[8.20606,40.59236],[8.21593,40.59482],[8.21854,40.60182],[8.20925,40.61426],[8.19428,40.61744],[8.1908,40.61555],[8.18992,40.60823],[8.18098,40.59837],[8.16999,40.59312],[8.17174,40.58381],[8.17041,40.58204],[8.16545,40.58255],[8.16301,40.57981],[8.16508,40.56665],[8.1635,40.56321],[8.16061,40.56434],[8.15752,40.57474],[8.14971,40.58477],[8.14429,40.61523],[8.14556,40.62279],[8.16053,40.62808],[8.16301,40.63294],[8.17441,40.6345],[8.18517,40.63908],[8.19272,40.66347],[8.19898,40.67325],[8.19706,40.67763],[8.20487,40.68164],[8.20309,40.68791],[8.1762,40.69467],[8.17466,40.70225],[8.17003,40.70799],[8.15453,40.71689],[8.14716,40.72544],[8.13764,40.72865],[8.13667,40.73221],[8.13643,40.73627],[8.1447,40.73978],[8.14685,40.74435],[8.15438,40.74927],[8.1659,40.76652],[8.16673,40.77957],[8.16192,40.79392],[8.1752,40.80099],[8.17915,40.80872],[8.18559,40.81282],[8.18584,40.81845],[8.19382,40.82694],[8.19429,40.83521],[8.20713,40.85017],[8.21162,40.85785],[8.21841,40.86947],[8.21721,40.88027],[8.22299,40.88776],[8.21806,40.9001],[8.20165,40.91099],[8.19229,40.91428],[8.18974,40.91837],[8.19128,40.92326],[8.17774,40.93259],[8.17732,40.93665],[8.18211,40.9402],[8.18559,40.9502],[8.19049,40.95711],[8.19689,40.96033],[8.19913,40.96901],[8.20272,40.97109],[8.21374,40.96032],[8.22814,40.95335],[8.23683,40.95189],[8.22782,40.93258],[8.23495,40.92026],[8.23282,40.91428],[8.23456,40.90823],[8.24774,40.8929],[8.27696,40.86781],[8.29281,40.85785],[8.31334,40.84494],[8.34225,40.84235],[8.36127,40.83732],[8.37742,40.84002],[8.40031,40.83965],[8.40432,40.84187],[8.40909,40.83919],[8.41759,40.839],[8.43432,40.82888],[8.4589,40.8195],[8.46334,40.81906],[8.46702,40.8194],[8.4853,40.81965],[8.50015,40.8212],[8.51037,40.82227],[8.55982,40.8312],[8.59457,40.8443],[8.6159,40.85785],[8.62279,40.86222],[8.63082,40.87837],[8.63772,40.8831],[8.64969,40.89129],[8.67558,40.89947],[8.68761,40.90536],[8.69558,40.91246],[8.70227,40.91271],[8.71157,40.91769],[8.7237,40.91282],[8.74314,40.9185],[8.76119,40.91614],[8.7726,40.91692],[8.789,40.92164],[8.80269,40.93105],[8.82027,40.94305],[8.84998,40.97082],[8.85673,40.97759],[8.86637,40.98726],[8.87607,41.00443],[8.87269,41.0144],[8.88664,41.01713],[8.88142,41.02685],[8.89201,41.02708],[8.90611,41.03586],[8.91967,41.03459],[8.92286,41.04164],[8.93197,41.04329],[8.93832,41.05226],[8.95034,41.05896],[8.95797,41.06877],[8.98231,41.08674],[8.98102,41.09024],[8.99149,41.10322],[8.99728,41.10456],[9.00693,41.11932],[9.01922,41.12624],[9.02751,41.12689],[9.03199,41.13199],[9.04585,41.13768],[9.05041,41.13665],[9.06166,41.12755],[9.08467,41.12805],[9.10808,41.13415],[9.12212,41.1461],[9.12123,41.15485],[9.137,41.15328],[9.15107,41.15546],[9.15684,41.16001],[9.16698,41.16801],[9.17133,41.17691],[9.16057,41.1837],[9.16072,41.18977],[9.15556,41.19593],[9.16593,41.22],[9.16476,41.23543],[9.17895,41.2465],[9.1905,41.24622],[9.19683,41.24295],[9.20547,41.24839],[9.2135,41.24892],[9.21842,41.25499],[9.22894,41.25774],[9.23432,41.25585],[9.23908,41.24668]]],[[[8.32387,41.10585],[8.33148,41.09985],[8.33586,41.09917],[8.34367,41.09638],[8.34978,41.0885],[8.33586,41.08021],[8.33586,41.0771],[8.33751,41.07578],[8.33586,41.07321],[8.34054,41.07058],[8.33859,41.06586],[8.33858,41.06079],[8.33586,41.05876],[8.3303,41.05753],[8.33257,41.05207],[8.33047,41.05054],[8.32374,41.05562],[8.30764,41.05757],[8.28304,41.06435],[8.27248,41.05508],[8.26116,41.05195],[8.26798,41.04717],[8.24775,41.032],[8.2409,41.02888],[8.23925,41.02575],[8.2404,41.02486],[8.24775,41.02692],[8.24775,41.02177],[8.24939,41.02005],[8.24775,41.01592],[8.25619,41.01093],[8.26341,41.00027],[8.2598,40.99058],[8.25359,40.98609],[8.24775,40.98538],[8.23291,40.98847],[8.22813,40.98677],[8.21898,40.98929],[8.2125,40.98854],[8.21054,40.99095],[8.21172,40.99402],[8.21687,40.99314],[8.21164,41.0015],[8.21416,41.0068],[8.2222,41.01247],[8.23029,41.0239],[8.2189,41.02595],[8.22353,41.03509],[8.22187,41.04129],[8.24775,41.04895],[8.25717,41.05644],[8.25867,41.06586],[8.26789,41.07313],[8.28481,41.07599],[8.28177,41.0869],[8.27291,41.09709],[8.27633,41.10409],[8.28299,41.10276],[8.30205,41.10548],[8.31091,41.10973],[8.31289,41.1169],[8.31827,41.11991],[8.32789,41.11049],[8.32387,41.10585]]],[[[9.42811,41.26198],[9.42944,41.24968],[9.4342,41.24775],[9.43616,41.24199],[9.43408,41.23543],[9.4315,41.23006],[9.43278,41.22688],[9.43658,41.22811],[9.43658,41.22497],[9.43929,41.22349],[9.4389,41.21688],[9.43658,41.215],[9.43423,41.21694],[9.43013,41.2143],[9.42255,41.21363],[9.41624,41.21599],[9.40755,41.21234],[9.4009,41.21032],[9.38791,41.21045],[9.38523,41.21234],[9.3841,41.21522],[9.3767,41.21834],[9.37575,41.22962],[9.37969,41.23443],[9.38882,41.23311],[9.38986,41.23543],[9.39253,41.2403],[9.40065,41.24416],[9.40388,41.25397],[9.40971,41.2513],[9.41252,41.25185],[9.41642,41.2665],[9.41854,41.26794],[9.4223,41.26701],[9.42811,41.26198]]],[[[9.48152,41.2269],[9.48784,41.21906],[9.48623,41.21705],[9.48022,41.21677],[9.47808,41.19939],[9.46579,41.18978],[9.46433,41.18572],[9.46657,41.18361],[9.47879,41.18666],[9.48023,41.18204],[9.47112,41.17928],[9.45749,41.18234],[9.45329,41.18517],[9.4554,41.18916],[9.4522,41.19186],[9.44217,41.18219],[9.43657,41.18223],[9.43879,41.18514],[9.43386,41.1892],[9.43491,41.19079],[9.44147,41.19147],[9.4442,41.2021],[9.4515,41.1996],[9.4561,41.20057],[9.45443,41.20304],[9.44842,41.20432],[9.44868,41.21236],[9.44775,41.21468],[9.45187,41.21786],[9.44978,41.22404],[9.45828,41.22329],[9.45971,41.23543],[9.46015,41.23919],[9.46387,41.24342],[9.47048,41.24285],[9.48163,41.23743],[9.48161,41.23543],[9.48152,41.2269]]],[[[9.71861,40.90411],[9.69295,40.88883],[9.68385,40.89389],[9.68638,40.89736],[9.71382,40.91191],[9.72816,40.91925],[9.73013,40.92104],[9.73191,40.91956],[9.73977,40.91934],[9.7407,40.91191],[9.71861,40.90411]]],[[[9.35172,41.23222],[9.3404,41.22916],[9.336,41.23543],[9.33346,41.23904],[9.33443,41.2479],[9.3404,41.25237],[9.35183,41.25112],[9.35964,41.24166],[9.35441,41.23543],[9.35172,41.23222]]],[[[9.3404,41.30792],[9.35992,41.29708],[9.3642,41.29722],[9.37937,41.30627],[9.38335,41.29953],[9.37927,41.29448],[9.37176,41.29308],[9.36617,41.28924],[9.34914,41.29618],[9.3435,41.29668],[9.3404,41.29464],[9.33716,41.29601],[9.3404,41.29847],[9.34209,41.29919],[9.3404,41.30098],[9.33545,41.30155],[9.33469,41.30522],[9.3404,41.30792]]],[[[9.72939,40.87679],[9.73183,40.87517],[9.73597,40.87614],[9.74235,40.8705],[9.73989,40.86628],[9.74122,40.86442],[9.73602,40.85921],[9.73226,40.85912],[9.72528,40.86315],[9.71316,40.8661],[9.7101,40.8694],[9.71584,40.8763],[9.72135,40.8761],[9.72638,40.87487],[9.72647,40.87667],[9.72939,40.87679]]],[[[9.42181,41.19345],[9.41919,41.1886],[9.40932,41.18671],[9.40835,41.19244],[9.40542,41.19034],[9.39687,41.19031],[9.39659,41.19211],[9.39947,41.1961],[9.3986,41.198],[9.40823,41.20159],[9.41057,41.2042],[9.40953,41.20576],[9.41168,41.20748],[9.41715,41.20814],[9.42045,41.20685],[9.42006,41.20175],[9.42298,41.19346],[9.42181,41.19345]]],[[[9.15101,41.23308],[9.14839,41.23086],[9.14055,41.23363],[9.14132,41.23543],[9.13978,41.24106],[9.1452,41.2464],[9.14808,41.24353],[9.15952,41.24227],[9.15982,41.23692],[9.15608,41.23543],[9.15101,41.23308]]],[[[9.35461,41.27673],[9.34963,41.27636],[9.3404,41.28061],[9.33585,41.2827],[9.3404,41.28508],[9.34758,41.28883],[9.35461,41.28887],[9.35817,41.28512],[9.35762,41.27877],[9.35461,41.27673]]],[[[8.22103,40.96794],[8.21657,40.96745],[8.21431,40.96937],[8.2142,40.97387],[8.21275,40.97833],[8.21141,40.97895],[8.21233,40.98099],[8.21743,40.98245],[8.22386,40.97716],[8.2207,40.97521],[8.22385,40.97219],[8.22436,40.96991],[8.22103,40.96794]]],[[[9.60587,41.07671],[9.60611,41.07294],[9.60266,41.07076],[9.60138,41.07413],[9.59708,41.07452],[9.59618,41.07597],[9.59764,41.07737],[9.60035,41.07597],[9.60281,41.07921],[9.61009,41.08296],[9.61058,41.07998],[9.60587,41.07671]]],[[[9.57914,41.063],[9.57581,41.0609],[9.57027,41.06185],[9.56984,41.06392],[9.57395,41.06506],[9.57488,41.06899],[9.57867,41.06809],[9.57914,41.063]]],[[[9.32293,41.19852],[9.32073,41.19532],[9.31597,41.19979],[9.31892,41.20143],[9.32293,41.19852]]],[[[9.52496,40.92334],[9.52055,40.92169],[9.51493,40.92331],[9.51591,40.92432],[9.52421,40.92458],[9.52496,40.92334]]],[[[9.72915,40.84276],[9.7244,40.84163],[9.72343,40.8448],[9.72957,40.84512],[9.72915,40.84276]]],[[[9.6798,40.89277],[9.67583,40.8904],[9.67236,40.89143],[9.67866,40.895],[9.6798,40.89277]]],[[[9.47363,41.17562],[9.47078,41.17318],[9.46692,41.1756],[9.47331,41.17772],[9.47363,41.17562]]],[[[9.40302,41.26109],[9.4049,41.25783],[9.40005,41.25815],[9.39836,41.25951],[9.40052,41.26154],[9.40302,41.26109]]]]},"properties":{"code":"ITG2D","nom":"Sassari","country":"IT"}},{"type":"Feature","geometry":{"type":"MultiPolygon","coordinates":[[[[12.22509,47.0827],[12.24075,47.06917],[12.23652,47.06549],[12.21688,47.0581],[12.21621,47.04543],[12.20487,47.02698],[12.18046,47.025],[12.1642,47.01954],[12.14709,47.02441],[12.12717,47.01367],[12.12134,47.007],[12.12958,46.99372],[12.12906,46.98548],[12.13753,46.9817],[12.13644,46.96649],[12.13206,46.96278],[12.1388,46.95662],[12.15872,46.94977],[12.16823,46.93745],[12.1675,46.9336],[12.16107,46.92903],[12.15261,46.91742],[12.14381,46.91378],[12.16259,46.90757],[12.16993,46.90957],[12.18969,46.9057],[12.19855,46.89679],[12.20073,46.88757],[12.21851,46.87395],[12.22127,46.87878],[12.23135,46.88032],[12.23677,46.88859],[12.24187,46.89026],[12.27192,46.88504],[12.27738,46.8792],[12.27663,46.87266],[12.29185,46.86519],[12.28992,46.85693],[12.2921,46.85084],[12.29658,46.84409],[12.30576,46.84127],[12.30547,46.83414],[12.28391,46.81544],[12.29128,46.80282],[12.28703,46.7953],[12.28024,46.79194],[12.28552,46.78317],[12.31007,46.78446],[12.33105,46.77937],[12.35463,46.77544],[12.35743,46.77497],[12.36917,46.74159],[12.37628,46.73073],[12.37828,46.72199],[12.38406,46.71633],[12.40954,46.70553],[12.41451,46.70077],[12.42704,46.69909],[12.42903,46.69508],[12.44198,46.68922],[12.45025,46.68982],[12.47433,46.68592],[12.47792,46.67984],[12.43469,46.66825],[12.40502,46.64336],[12.38024,46.64245],[12.37882,46.63696],[12.38985,46.62755],[12.38459,46.62307],[12.36166,46.61972],[12.35463,46.6221],[12.34681,46.62474],[12.34016,46.63087],[12.33491,46.62881],[12.31596,46.62999],[12.31361,46.62299],[12.30556,46.61956],[12.29326,46.6184],[12.28395,46.61836],[12.27108,46.62134],[12.26292,46.62811],[12.2596,46.62841],[12.245,46.62335],[12.24054,46.61617],[12.21337,46.60901],[12.20404,46.59973],[12.19227,46.59457],[12.19595,46.60785],[12.19347,46.61386],[12.19457,46.62134],[12.18279,46.62129],[12.17192,46.63323],[12.16267,46.63608],[12.14813,46.63425],[12.14225,46.63649],[12.13731,46.64329],[12.1251,46.64584],[12.11142,46.65315],[12.10598,46.65872],[12.09439,46.66265],[12.08879,46.66707],[12.08173,46.66808],[12.07567,46.67373],[12.0683,46.67512],[12.07064,46.66084],[12.06782,46.6522],[12.07263,46.6432],[12.06445,46.62394],[12.0542,46.61775],[12.04603,46.60723],[12.04935,46.59799],[12.04701,46.5867],[12.03452,46.57631],[12.02548,46.56073],[12.01401,46.55092],[12.0128,46.54966],[12.01006,46.54635],[12.00861,46.54439],[12.00694,46.54273],[12.00178,46.53593],[11.99963,46.53383],[11.99841,46.53286],[11.99183,46.53986],[11.98699,46.54499],[11.9663,46.54447],[11.95295,46.54077],[11.94259,46.52881],[11.93116,46.52836],[11.91463,46.53293],[11.90114,46.52919],[11.88984,46.52332],[11.85135,46.51768],[11.82834,46.50891],[11.82474,46.52218],[11.8119,46.53244],[11.79455,46.52271],[11.79053,46.51453],[11.78557,46.51195],[11.77517,46.51022],[11.74577,46.50532],[11.74365,46.50497],[11.74164,46.5058],[11.73984,46.50679],[11.73627,46.50647],[11.73489,46.50759],[11.73353,46.5092],[11.72084,46.51039],[11.71587,46.51386],[11.70653,46.51025],[11.69815,46.50355],[11.66591,46.4978],[11.64786,46.49827],[11.63914,46.50174],[11.63279,46.49929],[11.63392,46.49486],[11.64119,46.4924],[11.6439,46.48759],[11.64937,46.48356],[11.64462,46.47285],[11.64077,46.47548],[11.6259,46.47085],[11.62802,46.46436],[11.62259,46.45725],[11.6181,46.44087],[11.61928,46.43862],[11.61945,46.42541],[11.60063,46.39799],[11.60071,46.38898],[11.59262,46.38367],[11.56487,46.38158],[11.55906,46.36871],[11.55728,46.35095],[11.54843,46.34533],[11.53608,46.35225],[11.52606,46.35414],[11.51088,46.35861],[11.47694,46.36392],[11.47851,46.35527],[11.46212,46.34963],[11.45764,46.33923],[11.45238,46.33417],[11.41226,46.32436],[11.40427,46.32499],[11.3978,46.3129],[11.39962,46.30795],[11.39337,46.30817],[11.37887,46.30152],[11.36362,46.30095],[11.35893,46.29612],[11.38057,46.29123],[11.38681,46.28011],[11.39435,46.27384],[11.39687,46.2654],[11.38747,46.26175],[11.37025,46.26245],[11.35881,46.26567],[11.35608,46.27593],[11.34287,46.28142],[11.33655,46.28924],[11.34037,46.29789],[11.32329,46.29262],[11.31091,46.2813],[11.31537,46.27331],[11.30568,46.25876],[11.28959,46.26056],[11.28626,46.25832],[11.24337,46.22938],[11.20649,46.21978],[11.20167,46.22288],[11.1836,46.22636],[11.17609,46.23144],[11.17467,46.23267],[11.17323,46.23831],[11.18035,46.2429],[11.18344,46.25062],[11.18785,46.25207],[11.1915,46.24624],[11.19523,46.24563],[11.20243,46.25558],[11.19795,46.25894],[11.19134,46.2577],[11.17315,46.25999],[11.1583,46.26924],[11.15279,46.27565],[11.14847,46.28048],[11.13886,46.28333],[11.14405,46.28797],[11.15986,46.29038],[11.16527,46.29728],[11.17678,46.30275],[11.1803,46.31092],[11.18985,46.32179],[11.18937,46.32647],[11.19576,46.33035],[11.2036,46.34236],[11.20162,46.34872],[11.19896,46.34956],[11.19189,46.35901],[11.19394,46.36418],[11.20563,46.36716],[11.20023,46.37221],[11.207,46.38161],[11.20687,46.38756],[11.21407,46.39782],[11.21479,46.40605],[11.20742,46.41659],[11.21124,46.42056],[11.20639,46.42752],[11.21652,46.43767],[11.2178,46.44192],[11.21706,46.44365],[11.21295,46.45058],[11.21237,46.45535],[11.21849,46.45724],[11.22011,46.46092],[11.21749,46.47342],[11.21227,46.4774],[11.20956,46.49437],[11.19715,46.50302],[11.19164,46.50404],[11.18691,46.5089],[11.17904,46.49946],[11.16654,46.49566],[11.15865,46.48837],[11.14328,46.48612],[11.1297,46.48166],[11.12241,46.4902],[11.11215,46.49653],[11.10459,46.49655],[11.08934,46.50255],[11.08249,46.53139],[11.06734,46.52416],[11.05891,46.51655],[11.04491,46.51661],[11.03448,46.51385],[11.04908,46.50701],[11.05548,46.49387],[11.06151,46.48763],[11.06724,46.46712],[11.07432,46.45422],[11.07495,46.44237],[11.06911,46.44273],[11.06508,46.44609],[11.04994,46.4496],[11.04898,46.44945],[11.04761,46.44648],[11.04183,46.44752],[11.02886,46.46193],[11.01044,46.4707],[11.00472,46.47714],[10.98741,46.4835],[10.9787,46.48395],[10.96425,46.48148],[10.95532,46.47013],[10.93698,46.46617],[10.93163,46.45915],[10.93229,46.45355],[10.91069,46.44403],[10.89296,46.44472],[10.88206,46.45024],[10.87892,46.4467],[10.87058,46.44425],[10.86131,46.43615],[10.85005,46.43931],[10.83529,46.43914],[10.81797,46.44262],[10.8001,46.44357],[10.79174,46.45096],[10.78005,46.47107],[10.77144,46.47642],[10.76495,46.48597],[10.75492,46.4851],[10.74396,46.48416],[10.71965,46.4663],[10.71607,46.46146],[10.69536,46.45786],[10.68932,46.45376],[10.68098,46.44938],[10.66753,46.45194],[10.63555,46.44452],[10.62215,46.4481],[10.60049,46.46868],[10.57774,46.47344],[10.55978,46.48326],[10.55241,46.4912],[10.49322,46.4978],[10.48389,46.49408],[10.47614,46.49555],[10.45814,46.51097],[10.4528,46.53068],[10.45973,46.5408],[10.47159,46.54399],[10.47714,46.55657],[10.47471,46.56538],[10.484,46.57706],[10.48714,46.58823],[10.48441,46.59281],[10.48713,46.59822],[10.48522,46.60558],[10.49206,46.61539],[10.48582,46.61668],[10.46242,46.63307],[10.44754,46.64049],[10.42093,46.63828],[10.40983,46.63547],[10.40321,46.63669],[10.39409,46.65464],[10.39146,46.65777],[10.39178,46.67197],[10.38258,46.68513],[10.39374,46.69015],[10.40298,46.70461],[10.40999,46.70546],[10.41405,46.70818],[10.41827,46.71834],[10.40119,46.73358],[10.43438,46.75183],[10.44171,46.75211],[10.44381,46.76175],[10.44091,46.77284],[10.43306,46.78188],[10.42272,46.78824],[10.42699,46.79034],[10.42894,46.79599],[10.44467,46.79997],[10.45163,46.80584],[10.45701,46.81535],[10.45628,46.8214],[10.45953,46.82472],[10.45758,46.83043],[10.46587,46.83598],[10.46496,46.84195],[10.47108,46.84915],[10.46965,46.85491],[10.48053,46.85816],[10.48196,46.8551],[10.49446,46.85158],[10.49848,46.84802],[10.52076,46.84576],[10.55241,46.85001],[10.55497,46.84863],[10.55603,46.84684],[10.55241,46.84257],[10.55091,46.84056],[10.55241,46.83949],[10.56907,46.84221],[10.5762,46.84726],[10.58949,46.85056],[10.59595,46.85698],[10.61185,46.85938],[10.62428,46.86441],[10.65101,46.86617],[10.66737,46.87549],[10.67294,46.87085],[10.68828,46.86776],[10.69342,46.86451],[10.69523,46.8529],[10.69846,46.85038],[10.7152,46.84635],[10.72349,46.83844],[10.75492,46.83241],[10.76385,46.82263],[10.75492,46.81676],[10.75109,46.81425],[10.74289,46.80265],[10.72609,46.79784],[10.73033,46.78833],[10.75492,46.78562],[10.75703,46.78538],[10.77851,46.79124],[10.78592,46.79581],[10.79732,46.78999],[10.81431,46.77568],[10.82647,46.77384],[10.8326,46.78034],[10.83829,46.78178],[10.85326,46.77424],[10.86631,46.77219],[10.87086,46.76562],[10.88586,46.76317],[10.89505,46.76924],[10.89972,46.76893],[10.90613,46.76868],[10.92016,46.77506],[10.92855,46.77333],[10.95083,46.77481],[10.99542,46.76729],[11.01347,46.77153],[11.02225,46.76541],[11.03606,46.79306],[11.04312,46.80083],[11.04062,46.80518],[11.05654,46.80858],[11.07402,46.81963],[11.08243,46.82203],[11.07841,46.8329],[11.07129,46.83837],[11.07419,46.84351],[11.07187,46.85493],[11.07894,46.8606],[11.08908,46.87853],[11.10054,46.8886],[11.09729,46.89242],[11.09923,46.89937],[11.09536,46.90775],[11.09658,46.91243],[11.1095,46.91682],[11.11022,46.92609],[11.11458,46.93064],[11.13971,46.92816],[11.15594,46.93487],[11.16813,46.94504],[11.16335,46.94955],[11.16428,46.96572],[11.17518,46.96318],[11.18817,46.96977],[11.19615,46.96994],[11.20235,46.96797],[11.20743,46.96313],[11.22172,46.96918],[11.24165,46.96966],[11.24337,46.97085],[11.2444,46.97199],[11.24929,46.97418],[11.25606,46.97457],[11.26268,46.98014],[11.27584,46.98044],[11.28626,46.98461],[11.2887,46.98558],[11.30637,46.98393],[11.31999,46.99184],[11.33836,46.98519],[11.3457,46.99011],[11.35909,46.9902],[11.37587,46.979],[11.38221,46.97105],[11.40217,46.96514],[11.41681,46.96685],[11.43488,46.97409],[11.44197,46.97661],[11.45291,46.99193],[11.46,46.99196],[11.46861,46.99516],[11.47011,47.00206],[11.48029,47.01079],[11.50047,47.00942],[11.51282,47.00457],[11.51728,46.99986],[11.53212,46.99168],[11.53854,46.98408],[11.55193,46.98983],[11.57906,46.99638],[11.58204,47.002],[11.5899,47.00539],[11.59335,47.00575],[11.59935,47.0055],[11.60407,47.00693],[11.60551,47.00849],[11.60763,47.00907],[11.60982,47.01102],[11.61624,47.0126],[11.62161,47.0114],[11.62437,47.01276],[11.6272,47.0133],[11.63664,47.00301],[11.66329,46.99297],[11.68909,46.99499],[11.71069,46.99237],[11.72776,46.97353],[11.74703,46.96887],[11.76494,46.97356],[11.77163,46.98376],[11.77517,46.98644],[11.78227,46.99179],[11.80962,46.9902],[11.83534,46.99309],[11.8438,47.00078],[11.85271,47.00083],[11.86791,47.01104],[11.87405,47.01008],[11.87882,47.01578],[11.89217,47.01678],[11.91707,47.03262],[11.93332,47.03721],[11.94763,47.03419],[11.95295,47.03969],[11.95697,47.04274],[11.9681,47.04095],[11.97913,47.05],[11.98576,47.04755],[11.99183,47.04869],[11.99557,47.04939],[12.01978,47.04728],[12.0299,47.05043],[12.03455,47.05714],[12.04157,47.06074],[12.0529,47.06154],[12.05951,47.05853],[12.07645,47.05968],[12.08156,47.06834],[12.09574,47.07713],[12.10371,47.07798],[12.11937,47.07374],[12.13323,47.07791],[12.13601,47.08067],[12.15214,47.07981],[12.18628,47.09175],[12.22509,47.0827]]]]},"properties":{"code":"ITH10","nom":"Bolzano-Bozen","country":"IT"}},{"type":"Feature","geometry":{"type":"MultiPolygon","coordinates":[[[[13.02685,37.73767],[13.03493,37.73245],[13.03609,37.72612],[13.04374,37.71933],[13.04713,37.71187],[13.05667,37.70475],[13.07033,37.69897],[13.07945,37.69023],[13.0815,37.69363],[13.09584,37.69165],[13.1077,37.69749],[13.12307,37.7011],[13.14592,37.68839],[13.15591,37.68765],[13.16986,37.69126],[13.18779,37.69163],[13.19343,37.68302],[13.21402,37.67313],[13.21319,37.65334],[13.20914,37.64651],[13.21455,37.6388],[13.22321,37.63332],[13.24454,37.62111],[13.25228,37.61178],[13.26321,37.63332],[13.26753,37.64092],[13.27657,37.64665],[13.29892,37.63973],[13.3134,37.64321],[13.32117,37.65021],[13.32781,37.66241],[13.34298,37.65843],[13.34826,37.65613],[13.35117,37.64636],[13.34298,37.6427],[13.32992,37.63332],[13.32095,37.62576],[13.32767,37.62327],[13.3332,37.60556],[13.33027,37.59663],[13.3207,37.5881],[13.34192,37.57575],[13.33851,37.5589],[13.34298,37.54931],[13.35643,37.53922],[13.36676,37.54616],[13.39851,37.55677],[13.40321,37.56804],[13.40241,37.57076],[13.39073,37.57412],[13.38256,37.59051],[13.38193,37.60061],[13.38726,37.61224],[13.39133,37.61604],[13.40057,37.61777],[13.38667,37.63573],[13.38727,37.64636],[13.38484,37.65342],[13.39533,37.65918],[13.40395,37.65977],[13.41612,37.65478],[13.42237,37.64636],[13.42643,37.64353],[13.43041,37.64636],[13.4465,37.65828],[13.45364,37.66053],[13.45958,37.65764],[13.46372,37.64655],[13.46756,37.64949],[13.51094,37.65873],[13.5129,37.65706],[13.51169,37.64636],[13.51774,37.64155],[13.52343,37.63959],[13.53418,37.63733],[13.54727,37.63944],[13.55245,37.63713],[13.56913,37.63594],[13.58584,37.64636],[13.58868,37.65126],[13.60162,37.65572],[13.62772,37.65572],[13.65058,37.65832],[13.65598,37.65894],[13.6713,37.67306],[13.67385,37.6895],[13.693,37.69468],[13.70158,37.69205],[13.71081,37.68718],[13.73253,37.68297],[13.76104,37.67947],[13.76736,37.68278],[13.78534,37.68381],[13.7898,37.68792],[13.79844,37.68809],[13.80418,37.68412],[13.80614,37.67608],[13.82353,37.67506],[13.82144,37.65594],[13.81342,37.64636],[13.81194,37.6411],[13.82937,37.62921],[13.83096,37.62007],[13.82609,37.61596],[13.81759,37.61829],[13.80349,37.61769],[13.78909,37.6229],[13.78135,37.61644],[13.7768,37.60749],[13.76679,37.60931],[13.76359,37.60775],[13.76507,37.59879],[13.76113,37.5951],[13.75346,37.59207],[13.74422,37.59239],[13.72863,37.58859],[13.71999,37.58441],[13.70637,37.58273],[13.70158,37.58411],[13.67953,37.58581],[13.66849,37.57488],[13.67096,37.5706],[13.67699,37.56759],[13.68941,37.55572],[13.68781,37.55048],[13.69176,37.5388],[13.69281,37.53628],[13.68864,37.53368],[13.69065,37.53106],[13.6952,37.51966],[13.69061,37.51439],[13.68729,37.49328],[13.67856,37.49189],[13.6727,37.48797],[13.66458,37.47986],[13.66397,37.47212],[13.65638,37.47632],[13.65597,37.46887],[13.65062,37.46117],[13.68515,37.45918],[13.70158,37.44442],[13.70474,37.44101],[13.71571,37.44008],[13.7298,37.43754],[13.73966,37.43108],[13.74992,37.42802],[13.75785,37.43259],[13.75942,37.43685],[13.7756,37.43996],[13.79982,37.4342],[13.8054,37.43556],[13.81143,37.43148],[13.82658,37.4324],[13.83456,37.43617],[13.83773,37.43481],[13.84291,37.43798],[13.84834,37.43656],[13.84534,37.42607],[13.86222,37.40328],[13.89403,37.40361],[13.90592,37.39463],[13.90892,37.38635],[13.89941,37.37923],[13.89141,37.37855],[13.88777,37.37528],[13.89076,37.37013],[13.88258,37.36066],[13.88445,37.35728],[13.89537,37.35159],[13.90321,37.34788],[13.91459,37.34263],[13.929,37.3297],[13.94352,37.33109],[13.96156,37.33033],[13.96606,37.32441],[13.97083,37.3227],[13.97377,37.31475],[13.97985,37.31527],[13.9911,37.30829],[13.99445,37.29515],[14.0178,37.2862],[14.02282,37.28781],[14.02545,37.29254],[14.03036,37.29191],[14.02829,37.27653],[14.01028,37.26241],[14.01616,37.25985],[14.01737,37.25655],[14.00659,37.2426],[14.00791,37.23298],[14.01562,37.22753],[14.00333,37.22588],[13.99139,37.21961],[13.99444,37.21531],[13.99505,37.20454],[14.00246,37.19409],[13.99641,37.19378],[13.99303,37.19739],[13.98235,37.19307],[14.00575,37.17353],[14.01197,37.16011],[14.02337,37.15883],[14.02934,37.15459],[14.03674,37.14032],[14.03443,37.13253],[14.03807,37.12264],[14.03488,37.11663],[14.03621,37.10603],[14.0042,37.10941],[13.97909,37.10887],[13.93375,37.09577],[13.92086,37.09861],[13.90481,37.09576],[13.87769,37.10263],[13.85972,37.11216],[13.84791,37.12974],[13.83874,37.13722],[13.83071,37.14032],[13.81721,37.14542],[13.7752,37.1458],[13.75147,37.14967],[13.74111,37.15579],[13.72574,37.16988],[13.71013,37.17243],[13.70158,37.17681],[13.67971,37.18963],[13.66326,37.1935],[13.65548,37.21189],[13.65058,37.21726],[13.63968,37.2292],[13.6303,37.23411],[13.62074,37.23431],[13.59682,37.2563],[13.57873,37.26207],[13.56657,37.27784],[13.55073,37.28695],[13.53849,37.28463],[13.53428,37.28744],[13.52343,37.28574],[13.50806,37.29202],[13.49438,37.28845],[13.488,37.28911],[13.48116,37.28631],[13.46504,37.29475],[13.44994,37.29368],[13.4433,37.30011],[13.4278,37.3054],[13.41297,37.32353],[13.40333,37.33177],[13.38824,37.33531],[13.37555,37.34589],[13.36347,37.34954],[13.35138,37.35794],[13.32276,37.364],[13.30934,37.37844],[13.29218,37.38964],[13.28297,37.39129],[13.27359,37.38921],[13.26997,37.39606],[13.2542,37.42364],[13.23724,37.43412],[13.21781,37.45862],[13.20943,37.46382],[13.20218,37.46398],[13.19611,37.46583],[13.18864,37.47799],[13.17102,37.49073],[13.15374,37.49673],[13.14592,37.49712],[13.12819,37.49352],[13.09493,37.50284],[13.07605,37.50516],[13.05174,37.50281],[13.03859,37.49669],[13.01957,37.49626],[13.01383,37.50053],[13.01208,37.51197],[12.99089,37.53846],[12.97852,37.54852],[12.96147,37.56354],[12.94751,37.57073],[12.91806,37.57684],[12.90418,37.574],[12.8965,37.57712],[12.9079,37.59658],[12.90596,37.60654],[12.91138,37.63332],[12.91641,37.64003],[12.91522,37.6452],[12.90423,37.64253],[12.888,37.64292],[12.88897,37.64655],[12.8987,37.65406],[12.8947,37.66076],[12.90654,37.66808],[12.9083,37.67168],[12.91363,37.67016],[12.91905,37.68993],[12.92982,37.69509],[12.92895,37.69945],[12.93574,37.69964],[12.94276,37.70873],[12.94376,37.7153],[12.95863,37.72068],[12.95814,37.72493],[12.96114,37.72807],[12.9643,37.72925],[12.97852,37.73242],[12.99001,37.73524],[12.99216,37.74141],[12.99921,37.73604],[13.0121,37.74267],[13.02612,37.74106],[13.02685,37.73767]],[[13.16872,37.6457],[13.16021,37.64482],[13.15387,37.64218],[13.14592,37.64241],[13.14518,37.64099],[13.14556,37.62591],[13.15765,37.62612],[13.17968,37.63425],[13.18036,37.63701],[13.16872,37.6457]]],[[[12.53114,35.52944],[12.55234,35.52702],[12.5528,35.52504],[12.56046,35.52495],[12.56397,35.52622],[12.56882,35.52361],[12.57784,35.52444],[12.58155,35.52297],[12.58723,35.52301],[12.59236,35.52078],[12.59866,35.52135],[12.60414,35.52599],[12.60711,35.5257],[12.60724,35.52381],[12.61177,35.52149],[12.62106,35.5223],[12.63241,35.51808],[12.63299,35.51609],[12.62854,35.51499],[12.62657,35.51574],[12.62378,35.51159],[12.62723,35.5063],[12.62555,35.50462],[12.63106,35.50345],[12.63207,35.49762],[12.63052,35.49421],[12.62695,35.49371],[12.61677,35.4946],[12.61464,35.49344],[12.61051,35.49553],[12.60786,35.49524],[12.60808,35.49318],[12.6054,35.49304],[12.60316,35.49504],[12.60661,35.49812],[12.60471,35.50292],[12.60143,35.50171],[12.59978,35.49915],[12.60022,35.49624],[12.59358,35.49773],[12.5941,35.49994],[12.59103,35.49863],[12.58854,35.50169],[12.58588,35.50128],[12.58433,35.50316],[12.58012,35.50334],[12.57875,35.50672],[12.57627,35.5053],[12.57088,35.50665],[12.56909,35.511],[12.56287,35.51223],[12.55873,35.5119],[12.5567,35.51334],[12.55393,35.51214],[12.55165,35.51515],[12.55015,35.51364],[12.54465,35.51375],[12.53917,35.51591],[12.53232,35.51638],[12.53086,35.51539],[12.52532,35.51677],[12.51775,35.51966],[12.52661,35.52838],[12.52998,35.52791],[12.53114,35.52944]]],[[[12.8606,35.87591],[12.8723,35.87474],[12.87795,35.87514],[12.88002,35.87286],[12.87946,35.86842],[12.88364,35.85987],[12.88347,35.85697],[12.88099,35.85455],[12.87914,35.85588],[12.87593,35.85505],[12.87299,35.85734],[12.87142,35.85622],[12.85941,35.85472],[12.85271,35.86269],[12.8547,35.86377],[12.85371,35.86736],[12.85064,35.86662],[12.84831,35.86806],[12.84989,35.87159],[12.85435,35.87264],[12.8606,35.87591]]]]},"properties":{"code":"ITG14","nom":"Agrigento","country":"IT"}},{"type":"Feature","geometry":{"type":"MultiPolygon","coordinates":[[[[13.8169,37.70397],[13.83175,37.69613],[13.8684,37.68618],[13.8783,37.68031],[13.88186,37.67169],[13.88438,37.67051],[13.89261,37.65956],[13.90359,37.65687],[13.90045,37.64636],[13.90326,37.63052],[13.90368,37.62732],[13.8987,37.62458],[13.8993,37.61814],[13.91771,37.60956],[13.92922,37.60748],[13.92335,37.59652],[13.94397,37.59267],[13.9587,37.58574],[13.97922,37.58998],[13.991,37.59525],[14.00823,37.59836],[14.01309,37.59646],[14.02795,37.60284],[14.02049,37.62048],[14.02605,37.63217],[14.03604,37.63681],[14.04135,37.64377],[14.05176,37.64636],[14.05405,37.64755],[14.05672,37.64799],[14.06068,37.64729],[14.06578,37.64715],[14.06806,37.64636],[14.07219,37.64465],[14.07808,37.6442],[14.08686,37.63487],[14.09363,37.63378],[14.10162,37.62813],[14.10395,37.62648],[14.11466,37.63038],[14.12109,37.62901],[14.12522,37.61457],[14.126,37.61185],[14.1317,37.61226],[14.13505,37.61671],[14.16311,37.61214],[14.15662,37.60769],[14.16028,37.60144],[14.15907,37.58611],[14.13825,37.57937],[14.135,37.56561],[14.1403,37.55927],[14.14023,37.55019],[14.13487,37.54258],[14.13261,37.53286],[14.12522,37.53047],[14.13014,37.52429],[14.12857,37.51772],[14.13807,37.51377],[14.14206,37.50804],[14.14345,37.49698],[14.15172,37.48545],[14.15938,37.48105],[14.15147,37.47822],[14.14553,37.47996],[14.13034,37.47092],[14.12522,37.46298],[14.12406,37.46119],[14.11531,37.45987],[14.11468,37.45384],[14.10507,37.44979],[14.10162,37.4447],[14.08541,37.43383],[14.0836,37.42872],[14.07759,37.42769],[14.07242,37.42336],[14.0733,37.41807],[14.06759,37.41291],[14.06912,37.40548],[14.06467,37.40476],[14.05995,37.40794],[14.05778,37.40653],[14.07931,37.38199],[14.07157,37.37613],[14.08188,37.36569],[14.08611,37.36402],[14.08101,37.35786],[14.08631,37.35452],[14.08255,37.34999],[14.08977,37.34812],[14.08449,37.3395],[14.09083,37.33658],[14.10162,37.33509],[14.11276,37.33354],[14.12522,37.33872],[14.12796,37.34526],[14.1335,37.3377],[14.13296,37.33475],[14.13628,37.33475],[14.1393,37.33475],[14.14083,37.33621],[14.14278,37.33475],[14.15239,37.32822],[14.167,37.32433],[14.20033,37.33475],[14.20329,37.33592],[14.20473,37.33475],[14.21007,37.33475],[14.22027,37.33864],[14.23107,37.34759],[14.25489,37.34525],[14.26464,37.34235],[14.26718,37.33475],[14.27178,37.33009],[14.28097,37.33189],[14.29389,37.32723],[14.31572,37.32645],[14.31742,37.30303],[14.34015,37.30379],[14.34661,37.30752],[14.35267,37.30614],[14.35363,37.27877],[14.37133,37.27988],[14.38176,37.2861],[14.39277,37.26186],[14.38317,37.25544],[14.38275,37.23707],[14.37374,37.20468],[14.37804,37.20475],[14.38247,37.2016],[14.38149,37.19299],[14.39307,37.18663],[14.39974,37.17825],[14.41644,37.17821],[14.43116,37.18888],[14.4332,37.182],[14.44987,37.17192],[14.45991,37.15309],[14.47592,37.13416],[14.46707,37.11682],[14.45743,37.11042],[14.45193,37.09736],[14.4332,37.09904],[14.42835,37.09392],[14.4332,37.08089],[14.44316,37.06648],[14.44182,37.05658],[14.44412,37.05295],[14.43914,37.04712],[14.4332,37.04553],[14.41108,37.02744],[14.39463,37.02662],[14.38379,37.02011],[14.36214,37.00313],[14.33759,37.00198],[14.31676,37.02011],[14.29826,37.03511],[14.25489,37.05953],[14.241,37.06597],[14.22561,37.06723],[14.20238,37.0796],[14.17027,37.09109],[14.12522,37.10077],[14.11582,37.10279],[14.10162,37.10521],[14.07219,37.1102],[14.05743,37.11006],[14.03621,37.10603],[14.03488,37.11663],[14.03807,37.12264],[14.03443,37.13253],[14.03674,37.14032],[14.02934,37.15459],[14.02337,37.15883],[14.01197,37.16011],[14.00575,37.17353],[13.98235,37.19307],[13.99303,37.19739],[13.99641,37.19378],[14.00246,37.19409],[13.99505,37.20454],[13.99444,37.21531],[13.99139,37.21961],[14.00333,37.22588],[14.01562,37.22753],[14.00791,37.23298],[14.00659,37.2426],[14.01737,37.25655],[14.01616,37.25985],[14.01028,37.26241],[14.02829,37.27653],[14.03036,37.29191],[14.02545,37.29254],[14.02282,37.28781],[14.0178,37.2862],[13.99445,37.29515],[13.9911,37.30829],[13.97985,37.31527],[13.97377,37.31475],[13.97083,37.3227],[13.96606,37.32441],[13.96156,37.33033],[13.94352,37.33109],[13.929,37.3297],[13.91459,37.34263],[13.90321,37.34788],[13.89537,37.35159],[13.88445,37.35728],[13.88258,37.36066],[13.89076,37.37013],[13.88777,37.37528],[13.89141,37.37855],[13.89941,37.37923],[13.90892,37.38635],[13.90592,37.39463],[13.89403,37.40361],[13.86222,37.40328],[13.84534,37.42607],[13.84834,37.43656],[13.84291,37.43798],[13.83773,37.43481],[13.83456,37.43617],[13.82658,37.4324],[13.81143,37.43148],[13.8054,37.43556],[13.79982,37.4342],[13.7756,37.43996],[13.75942,37.43685],[13.75785,37.43259],[13.74992,37.42802],[13.73966,37.43108],[13.7298,37.43754],[13.71571,37.44008],[13.70474,37.44101],[13.70158,37.44442],[13.68515,37.45918],[13.65062,37.46117],[13.65597,37.46887],[13.65638,37.47632],[13.66397,37.47212],[13.66458,37.47986],[13.6727,37.48797],[13.67856,37.49189],[13.68729,37.49328],[13.69061,37.51439],[13.6952,37.51966],[13.69065,37.53106],[13.68864,37.53368],[13.69281,37.53628],[13.69176,37.5388],[13.68781,37.55048],[13.68941,37.55572],[13.67699,37.56759],[13.67096,37.5706],[13.66849,37.57488],[13.67953,37.58581],[13.70158,37.58411],[13.70637,37.58273],[13.71999,37.58441],[13.72863,37.58859],[13.74422,37.59239],[13.75346,37.59207],[13.76113,37.5951],[13.76507,37.59879],[13.76359,37.60775],[13.76679,37.60931],[13.7768,37.60749],[13.78135,37.61644],[13.78909,37.6229],[13.80349,37.61769],[13.81759,37.61829],[13.82609,37.61596],[13.83096,37.62007],[13.82937,37.62921],[13.81194,37.6411],[13.81342,37.64636],[13.82144,37.65594],[13.82353,37.67506],[13.80614,37.67608],[13.80418,37.68412],[13.79844,37.68809],[13.7898,37.68792],[13.78534,37.68381],[13.76736,37.68278],[13.76104,37.67947],[13.73253,37.68297],[13.74305,37.69402],[13.74371,37.70662],[13.76778,37.69985],[13.77542,37.70146],[13.77702,37.70646],[13.77414,37.7145],[13.77734,37.72259],[13.80815,37.74512],[13.81646,37.73163],[13.81808,37.72039],[13.82048,37.71159],[13.81483,37.70685],[13.8169,37.70397]],[[14.08877,37.54723],[14.09875,37.53785],[14.10162,37.53856],[14.10639,37.53974],[14.10162,37.54989],[14.09998,37.55336],[14.08872,37.55665],[14.08726,37.55235],[14.08877,37.54723]]],[[[14.05622,37.67179],[14.03094,37.65563],[14.01907,37.65736],[14.00711,37.67151],[14.01089,37.6893],[14.04223,37.69105],[14.04164,37.69735],[14.03004,37.70552],[14.03601,37.71996],[14.04356,37.7259],[14.05114,37.72249],[14.06605,37.72122],[14.06737,37.71439],[14.07219,37.71262],[14.08088,37.71213],[14.09065,37.70498],[14.09064,37.69875],[14.07998,37.69397],[14.07788,37.68997],[14.08783,37.67983],[14.08361,37.67639],[14.07219,37.67602],[14.05622,37.67179]]]]},"properties":{"code":"ITG15","nom":"Caltanissetta","country":"IT"}},{"type":"Feature","geometry":{"type":"MultiPolygon","coordinates":[[[[12.28444,44.55447],[12.2805,44.5434],[12.2798,44.51993],[12.28227,44.49572],[12.29055,44.45841],[12.31585,44.40407],[12.31986,44.3854],[12.32519,44.36059],[12.34441,44.31414],[12.34751,44.30116],[12.35463,44.28131],[12.36255,44.2592],[12.38428,44.22473],[12.3747,44.21788],[12.35463,44.19633],[12.34938,44.19069],[12.33838,44.19737],[12.33275,44.20097],[12.32704,44.20432],[12.31399,44.21255],[12.30619,44.21723],[12.27905,44.23286],[12.24831,44.23065],[12.2393,44.22325],[12.23884,44.21808],[12.22987,44.21719],[12.22545,44.21339],[12.21771,44.21335],[12.21316,44.22082],[12.20803,44.22073],[12.20085,44.23014],[12.20936,44.23814],[12.21086,44.24876],[12.20803,44.25526],[12.18816,44.25336],[12.17767,44.24775],[12.17527,44.24332],[12.17267,44.2437],[12.15989,44.25106],[12.14808,44.25351],[12.10486,44.27144],[12.10653,44.28915],[12.08812,44.29987],[12.07462,44.29911],[12.05702,44.30483],[12.0489,44.31414],[12.0482,44.32518],[12.03561,44.33079],[12.0292,44.32809],[12.02078,44.31392],[12.00184,44.29575],[11.99183,44.27673],[11.9774,44.25758],[11.96656,44.25206],[11.95295,44.239],[11.94347,44.23589],[11.93119,44.24083],[11.92673,44.24067],[11.92496,44.23241],[11.929,44.21935],[11.9276,44.21532],[11.92153,44.21089],[11.9139,44.20775],[11.90608,44.196],[11.89829,44.19136],[11.89745,44.184],[11.88863,44.17064],[11.87722,44.1749],[11.87553,44.17769],[11.85885,44.18266],[11.82982,44.19831],[11.82167,44.19548],[11.81523,44.19872],[11.80512,44.1988],[11.78146,44.18117],[11.77562,44.18346],[11.77517,44.18482],[11.77076,44.19816],[11.75911,44.19552],[11.74786,44.18777],[11.74577,44.18355],[11.74314,44.17825],[11.72943,44.17208],[11.72638,44.16165],[11.72059,44.15843],[11.72255,44.14518],[11.71591,44.12254],[11.70314,44.12022],[11.68025,44.1225],[11.67561,44.11434],[11.64965,44.09971],[11.64019,44.11081],[11.61393,44.11908],[11.60045,44.11854],[11.5846,44.11219],[11.58865,44.12329],[11.60183,44.12597],[11.6039,44.13771],[11.61698,44.14449],[11.61538,44.15824],[11.60819,44.1614],[11.60209,44.1576],[11.59021,44.16186],[11.5741,44.16109],[11.56984,44.1659],[11.56398,44.16735],[11.55346,44.16504],[11.55199,44.15902],[11.54428,44.15306],[11.52496,44.15764],[11.52825,44.1699],[11.53636,44.18358],[11.5364,44.18992],[11.54383,44.18957],[11.55537,44.18529],[11.56171,44.18656],[11.55022,44.20434],[11.55383,44.2128],[11.55095,44.21677],[11.55566,44.22248],[11.56729,44.21953],[11.57643,44.22402],[11.57741,44.22903],[11.58447,44.23388],[11.6011,44.23863],[11.60806,44.24274],[11.62571,44.24729],[11.63444,44.25829],[11.63101,44.26213],[11.63752,44.2671],[11.64021,44.27331],[11.65448,44.27461],[11.66437,44.27864],[11.66566,44.28289],[11.67134,44.28868],[11.66825,44.31112],[11.67357,44.3159],[11.69703,44.30878],[11.69672,44.30365],[11.69094,44.2971],[11.69173,44.29015],[11.69464,44.28887],[11.7072,44.28963],[11.7146,44.29853],[11.72404,44.3037],[11.73182,44.30497],[11.73655,44.30919],[11.74577,44.31703],[11.7541,44.32412],[11.75897,44.33158],[11.77517,44.3369],[11.78586,44.34863],[11.7886,44.35986],[11.79379,44.3647],[11.79583,44.36751],[11.80202,44.36599],[11.80038,44.37799],[11.80736,44.37824],[11.8093,44.38101],[11.80998,44.38326],[11.8109,44.3854],[11.81367,44.39188],[11.83688,44.41403],[11.84056,44.41814],[11.84027,44.42363],[11.83193,44.42263],[11.82559,44.41851],[11.78136,44.43625],[11.79797,44.45978],[11.7811,44.46797],[11.7956,44.48544],[11.77517,44.49113],[11.75099,44.49787],[11.76355,44.50962],[11.77517,44.50493],[11.77871,44.5035],[11.78242,44.5319],[11.7892,44.55433],[11.8311,44.56128],[11.84766,44.55515],[11.85984,44.55997],[11.86263,44.56801],[11.87142,44.57765],[11.88395,44.57914],[11.95295,44.59107],[11.99183,44.59767],[12.0036,44.59967],[12.00693,44.59625],[12.00549,44.58237],[12.026,44.57731],[12.02619,44.57022],[12.03409,44.5675],[12.0286,44.56272],[12.02957,44.56025],[12.06246,44.54834],[12.067,44.55082],[12.06925,44.55948],[12.07857,44.56098],[12.08435,44.55852],[12.09333,44.5584],[12.09736,44.55278],[12.10586,44.55251],[12.11416,44.54721],[12.13023,44.5461],[12.14063,44.55082],[12.1481,44.54799],[12.1538,44.54844],[12.23586,44.61943],[12.25971,44.62359],[12.26989,44.63001],[12.27769,44.61684],[12.27826,44.60001],[12.28317,44.59556],[12.28444,44.55447]]]]},"properties":{"code":"ITH57","nom":"Ravenna","country":"IT"}},{"type":"Feature","geometry":{"type":"MultiPolygon","coordinates":[[[[13.31749,42.72394],[13.32947,42.71105],[13.34298,42.70129],[13.35362,42.6961],[13.35777,42.69407],[13.35362,42.687],[13.3509,42.68238],[13.34808,42.66946],[13.35362,42.66598],[13.35715,42.66376],[13.36989,42.64986],[13.37678,42.64984],[13.39036,42.64634],[13.39846,42.64649],[13.4083,42.64284],[13.40942,42.63773],[13.40631,42.62943],[13.3947,42.62168],[13.39597,42.61436],[13.39075,42.60835],[13.38941,42.60234],[13.39115,42.59817],[13.39403,42.59123],[13.38135,42.58139],[13.36542,42.58038],[13.35362,42.5775],[13.34298,42.57491],[13.32527,42.57973],[13.31389,42.57477],[13.29732,42.5711],[13.29186,42.57058],[13.2845,42.58128],[13.28024,42.58298],[13.25566,42.58208],[13.24442,42.57315],[13.23447,42.57568],[13.22641,42.58238],[13.21303,42.58296],[13.19138,42.58749],[13.19144,42.57771],[13.17458,42.56659],[13.176,42.54723],[13.17046,42.54593],[13.1645,42.53844],[13.15582,42.54002],[13.16006,42.52299],[13.16756,42.51435],[13.17449,42.51419],[13.17736,42.51203],[13.17191,42.48479],[13.17844,42.47932],[13.1554,42.46338],[13.14467,42.46272],[13.13821,42.46233],[13.11619,42.44388],[13.12829,42.43931],[13.14467,42.42443],[13.15675,42.41345],[13.17634,42.40622],[13.18922,42.4002],[13.18861,42.39819],[13.19418,42.38917],[13.18942,42.38109],[13.16953,42.37005],[13.1656,42.36704],[13.15552,42.35858],[13.15337,42.35697],[13.17158,42.34851],[13.19054,42.33298],[13.20221,42.33061],[13.21915,42.3203],[13.22648,42.31931],[13.22853,42.28934],[13.23464,42.27784],[13.24258,42.26887],[13.25593,42.26492],[13.27097,42.254],[13.27554,42.24289],[13.28464,42.236],[13.29795,42.23123],[13.32029,42.2291],[13.32732,42.22407],[13.33564,42.22238],[13.34008,42.21715],[13.33268,42.20809],[13.34298,42.1977],[13.3518,42.19194],[13.35362,42.19199],[13.35816,42.19214],[13.37433,42.18702],[13.37991,42.18042],[13.36677,42.17951],[13.35362,42.17528],[13.34571,42.17564],[13.35343,42.16732],[13.34298,42.16505],[13.33437,42.1663],[13.32466,42.16212],[13.32771,42.15484],[13.31566,42.15199],[13.30377,42.13687],[13.29162,42.13638],[13.28126,42.13297],[13.27637,42.13772],[13.26847,42.13726],[13.24943,42.12792],[13.23725,42.12911],[13.22397,42.14266],[13.20662,42.1481],[13.19491,42.15778],[13.1833,42.15886],[13.17829,42.15372],[13.16973,42.15068],[13.16667,42.15438],[13.14467,42.16549],[13.12322,42.17631],[13.08708,42.17784],[13.08747,42.17316],[13.09347,42.16647],[13.09288,42.15845],[13.08625,42.15406],[13.08525,42.14344],[13.07684,42.13901],[13.07242,42.13189],[13.0603,42.12359],[13.0491,42.12222],[13.04483,42.11672],[13.04063,42.11652],[13.0308,42.12208],[13.03057,42.11535],[13.0187,42.11587],[13.01396,42.12076],[12.9984,42.12393],[12.99332,42.12912],[12.97843,42.13038],[12.9674,42.12003],[12.9665,42.11486],[12.95837,42.10365],[12.9586,42.09921],[12.94863,42.08932],[12.93011,42.10864],[12.92055,42.11458],[12.91114,42.11459],[12.90427,42.10973],[12.8989,42.10144],[12.88852,42.10044],[12.88282,42.104],[12.86681,42.10362],[12.85999,42.11935],[12.86261,42.1252],[12.85599,42.12851],[12.84833,42.13838],[12.84937,42.14241],[12.8462,42.14454],[12.83249,42.14666],[12.82493,42.15184],[12.8153,42.15272],[12.80992,42.15723],[12.79914,42.15748],[12.79477,42.16317],[12.78068,42.16838],[12.78178,42.1715],[12.79131,42.17421],[12.7952,42.18058],[12.79063,42.18501],[12.7691,42.18813],[12.75627,42.18278],[12.74212,42.16694],[12.72962,42.16726],[12.7233,42.16519],[12.71636,42.15473],[12.70596,42.15212],[12.68965,42.1523],[12.67145,42.1587],[12.65095,42.1507],[12.64733,42.1529],[12.64844,42.1578],[12.64535,42.1638],[12.6382,42.16812],[12.63434,42.17046],[12.6308,42.16945],[12.6287,42.1702],[12.61992,42.17864],[12.6095,42.18187],[12.61702,42.19041],[12.61256,42.19888],[12.61321,42.20195],[12.62108,42.20565],[12.6287,42.2055],[12.63711,42.20908],[12.6382,42.21455],[12.64162,42.23165],[12.63945,42.23703],[12.6382,42.2371],[12.63115,42.2375],[12.63304,42.24694],[12.6287,42.24848],[12.62114,42.24986],[12.61444,42.25483],[12.60806,42.25893],[12.60495,42.27354],[12.58167,42.26398],[12.57803,42.26541],[12.57662,42.26946],[12.58392,42.28391],[12.57455,42.28386],[12.57454,42.27314],[12.56562,42.27282],[12.55884,42.27008],[12.55727,42.28857],[12.55047,42.29305],[12.53548,42.29599],[12.5339,42.29473],[12.52702,42.29206],[12.51964,42.29472],[12.50514,42.29685],[12.49539,42.2951],[12.48731,42.2981],[12.47543,42.31503],[12.47778,42.3174],[12.48753,42.31815],[12.48818,42.32004],[12.48195,42.32454],[12.46987,42.32732],[12.46264,42.33673],[12.46323,42.34448],[12.47376,42.35182],[12.47435,42.35598],[12.46276,42.3548],[12.45467,42.35744],[12.45519,42.3652],[12.46278,42.37067],[12.45449,42.37327],[12.4567,42.38141],[12.43782,42.3851],[12.43771,42.38893],[12.44378,42.39389],[12.4379,42.39574],[12.44471,42.3988],[12.45348,42.39648],[12.46212,42.39869],[12.46628,42.39487],[12.46897,42.39036],[12.47456,42.38815],[12.48656,42.39257],[12.48807,42.39866],[12.49281,42.39801],[12.50758,42.40291],[12.51572,42.39978],[12.51352,42.37911],[12.51873,42.36818],[12.52678,42.36469],[12.53108,42.36569],[12.53702,42.37359],[12.54772,42.38134],[12.55788,42.38054],[12.56218,42.38376],[12.57053,42.38355],[12.601,42.40171],[12.60609,42.40351],[12.6065,42.408],[12.61438,42.41351],[12.61412,42.42385],[12.61101,42.42795],[12.61924,42.45184],[12.61884,42.46013],[12.61527,42.46446],[12.6212,42.46822],[12.6287,42.46903],[12.6382,42.46776],[12.64055,42.46745],[12.64167,42.4547],[12.64894,42.44849],[12.65092,42.44324],[12.66064,42.44134],[12.67309,42.44213],[12.69327,42.44977],[12.70789,42.46255],[12.72471,42.46039],[12.73232,42.46707],[12.74158,42.47051],[12.72068,42.48548],[12.71115,42.50077],[12.72844,42.50888],[12.74579,42.50785],[12.75359,42.51263],[12.7732,42.51299],[12.77093,42.52402],[12.7737,42.53041],[12.78377,42.53375],[12.80627,42.53551],[12.81805,42.53291],[12.84193,42.54642],[12.84714,42.55203],[12.8636,42.55823],[12.87174,42.5611],[12.89274,42.56348],[12.89387,42.57747],[12.88062,42.59817],[12.87954,42.59986],[12.88058,42.60765],[12.88054,42.60932],[12.89635,42.61642],[12.91614,42.609],[12.9195,42.60384],[12.92962,42.60346],[12.9366,42.61484],[12.95262,42.61869],[12.98624,42.61574],[13.00915,42.61657],[13.01403,42.62059],[13.01303,42.62637],[13.01927,42.6349],[13.02351,42.6383],[13.02835,42.6384],[13.03643,42.62821],[13.05984,42.62306],[13.102,42.63799],[13.10943,42.64303],[13.11782,42.65606],[13.12151,42.65787],[13.13058,42.65798],[13.14467,42.64734],[13.15851,42.65423],[13.16035,42.65621],[13.17309,42.66536],[13.17363,42.67457],[13.18176,42.68004],[13.17392,42.68758],[13.19026,42.71052],[13.1873,42.72376],[13.18923,42.73357],[13.20027,42.73459],[13.20961,42.73048],[13.24778,42.72564],[13.25385,42.72205],[13.25939,42.72705],[13.26443,42.73927],[13.28059,42.74046],[13.28738,42.73868],[13.29579,42.73043],[13.31749,42.72394]]]]},"properties":{"code":"ITI42","nom":"Rieti","country":"IT"}},{"type":"Feature","geometry":{"type":"MultiPolygon","coordinates":[[[[12.55047,42.29305],[12.55727,42.28857],[12.55884,42.27008],[12.56562,42.27282],[12.57454,42.27314],[12.57455,42.28386],[12.58392,42.28391],[12.57662,42.26946],[12.57803,42.26541],[12.58167,42.26398],[12.60495,42.27354],[12.60806,42.25893],[12.61444,42.25483],[12.62114,42.24986],[12.6287,42.24848],[12.63304,42.24694],[12.63115,42.2375],[12.6382,42.2371],[12.63945,42.23703],[12.64162,42.23165],[12.6382,42.21455],[12.63711,42.20908],[12.6287,42.2055],[12.62108,42.20565],[12.61321,42.20195],[12.61256,42.19888],[12.61702,42.19041],[12.6095,42.18187],[12.61992,42.17864],[12.6287,42.1702],[12.6308,42.16945],[12.63434,42.17046],[12.6382,42.16812],[12.64535,42.1638],[12.64844,42.1578],[12.64733,42.1529],[12.65095,42.1507],[12.67145,42.1587],[12.68965,42.1523],[12.70596,42.15212],[12.71636,42.15473],[12.7233,42.16519],[12.72962,42.16726],[12.74212,42.16694],[12.75627,42.18278],[12.7691,42.18813],[12.79063,42.18501],[12.7952,42.18058],[12.79131,42.17421],[12.78178,42.1715],[12.78068,42.16838],[12.79477,42.16317],[12.79914,42.15748],[12.80992,42.15723],[12.8153,42.15272],[12.82493,42.15184],[12.83249,42.14666],[12.8462,42.14454],[12.84937,42.14241],[12.84833,42.13838],[12.85599,42.12851],[12.86261,42.1252],[12.85999,42.11935],[12.86681,42.10362],[12.88282,42.104],[12.88852,42.10044],[12.8989,42.10144],[12.90427,42.10973],[12.91114,42.11459],[12.92055,42.11458],[12.93011,42.10864],[12.94863,42.08932],[12.9586,42.09921],[12.95837,42.10365],[12.9665,42.11486],[12.9674,42.12003],[12.97843,42.13038],[12.99332,42.12912],[12.9984,42.12393],[13.01396,42.12076],[13.0187,42.11587],[13.03057,42.11535],[13.03205,42.10701],[13.0253,42.09544],[13.02411,42.09216],[13.01936,42.0791],[13.02249,42.06577],[13.029,42.06118],[13.02664,42.05],[13.04524,42.03618],[13.04823,42.02959],[13.04926,42.02351],[13.05435,42.01707],[13.06579,42.0123],[13.09007,42.00822],[13.10041,42.0088],[13.09702,42.02163],[13.09874,42.02468],[13.10325,42.02565],[13.14295,42.01373],[13.14467,42.01265],[13.16431,42.00031],[13.1991,41.98647],[13.21483,41.98676],[13.23052,41.98172],[13.2343,41.97697],[13.2448,41.97091],[13.26454,41.96704],[13.28521,41.95134],[13.2963,41.94859],[13.29146,41.94089],[13.27776,41.93144],[13.27579,41.92602],[13.2711,41.92453],[13.26627,41.91608],[13.24402,41.91551],[13.24093,41.90444],[13.24469,41.89984],[13.24287,41.89599],[13.21127,41.87462],[13.20323,41.87231],[13.19249,41.86754],[13.1897,41.85956],[13.1909,41.85141],[13.18418,41.846],[13.1658,41.85006],[13.15962,41.84891],[13.15209,41.84371],[13.14467,41.84375],[13.1372,41.84379],[13.12189,41.8474],[13.10149,41.86043],[13.08566,41.85551],[13.07167,41.85418],[13.06543,41.83135],[13.056,41.8276],[13.0509,41.83189],[13.03621,41.83153],[13.03318,41.82357],[13.03018,41.82234],[13.02133,41.8259],[13.00985,41.82549],[13.00871,41.82033],[13.01315,41.81029],[13.0072,41.80609],[13.00308,41.7982],[13.00347,41.79336],[13.00001,41.79016],[13.00016,41.78557],[12.99472,41.78067],[12.99241,41.76858],[13.00712,41.76964],[13.02007,41.75382],[13.03439,41.74325],[13.05389,41.74076],[13.05576,41.73012],[13.06078,41.72666],[13.06428,41.72987],[13.06741,41.72456],[13.08693,41.71898],[13.0867,41.71579],[13.09659,41.70495],[13.09208,41.69622],[13.09125,41.68737],[13.09687,41.6869],[13.09917,41.67879],[13.10347,41.67909],[13.1163,41.67129],[13.11723,41.66541],[13.12238,41.66708],[13.12501,41.66343],[13.14467,41.65978],[13.14944,41.65889],[13.154,41.64753],[13.15895,41.63254],[13.15527,41.62137],[13.16206,41.61682],[13.15855,41.61499],[13.15722,41.60912],[13.15161,41.60431],[13.15043,41.59542],[13.15715,41.58672],[13.17509,41.58354],[13.16706,41.57427],[13.15474,41.57123],[13.14467,41.56665],[13.12698,41.5586],[13.12448,41.55592],[13.12544,41.54981],[13.11113,41.55314],[13.10371,41.545],[13.09668,41.5537],[13.0802,41.56089],[13.07082,41.56835],[13.05799,41.57366],[13.0511,41.58012],[13.03629,41.57188],[13.0226,41.57308],[13.00833,41.58092],[13.01683,41.59424],[13.02512,41.59963],[13.02147,41.60896],[13.00462,41.61971],[12.9871,41.64077],[12.98605,41.64549],[12.95911,41.65924],[12.94315,41.67415],[12.94379,41.68737],[12.9522,41.69488],[12.94713,41.69857],[12.938,41.71273],[12.90802,41.70748],[12.89036,41.71078],[12.88008,41.70797],[12.88037,41.70182],[12.86824,41.70364],[12.86428,41.70647],[12.86299,41.71231],[12.85759,41.71068],[12.85094,41.71481],[12.83661,41.70388],[12.84391,41.69887],[12.85104,41.70032],[12.85366,41.69746],[12.85425,41.69135],[12.84913,41.67911],[12.85128,41.66639],[12.83977,41.66475],[12.84042,41.65767],[12.8378,41.6539],[12.83488,41.65304],[12.82836,41.65834],[12.81978,41.65082],[12.8239,41.64113],[12.80964,41.63753],[12.80982,41.62073],[12.79401,41.62302],[12.79082,41.61808],[12.7825,41.61769],[12.77818,41.60174],[12.77118,41.59558],[12.7675,41.58543],[12.75588,41.57271],[12.75179,41.58299],[12.74457,41.57883],[12.73371,41.58141],[12.74016,41.59322],[12.73975,41.60302],[12.73137,41.60271],[12.71868,41.59373],[12.70426,41.59511],[12.70254,41.60093],[12.69798,41.60396],[12.69751,41.61],[12.6635,41.59858],[12.65448,41.60517],[12.65224,41.61008],[12.65341,41.63508],[12.65737,41.64764],[12.65296,41.66203],[12.64895,41.65983],[12.64845,41.655],[12.64306,41.65504],[12.64642,41.66594],[12.6382,41.66987],[12.63393,41.67191],[12.6287,41.6691],[12.59924,41.65151],[12.59414,41.64481],[12.55207,41.61948],[12.55312,41.60866],[12.53295,41.59951],[12.54863,41.59219],[12.55961,41.58218],[12.56059,41.57837],[12.57015,41.57731],[12.58534,41.55193],[12.58769,41.54277],[12.59239,41.54162],[12.61593,41.54399],[12.61831,41.54032],[12.6287,41.5375],[12.6382,41.53686],[12.65085,41.53602],[12.66984,41.52579],[12.67906,41.51791],[12.68246,41.50795],[12.70661,41.50701],[12.71992,41.505],[12.72322,41.50236],[12.72045,41.49836],[12.72703,41.4842],[12.74236,41.47924],[12.7471,41.4744],[12.74624,41.45963],[12.73848,41.45669],[12.73909,41.44769],[12.74629,41.44441],[12.75475,41.44496],[12.76585,41.43641],[12.77581,41.42269],[12.77332,41.41626],[12.76336,41.41089],[12.71263,41.44126],[12.69752,41.44852],[12.67642,41.45487],[12.66659,41.45669],[12.65328,41.45585],[12.6382,41.45176],[12.62827,41.44511],[12.61842,41.44802],[12.60491,41.47092],[12.58973,41.48647],[12.57747,41.50592],[12.55283,41.53404],[12.48676,41.59681],[12.46044,41.62127],[12.41609,41.65572],[12.36567,41.68932],[12.35463,41.69479],[12.32331,41.71028],[12.26008,41.73458],[12.23121,41.74105],[12.22514,41.74387],[12.22868,41.75108],[12.22064,41.76867],[12.2225,41.78549],[12.19009,41.85545],[12.15317,41.90438],[12.14317,41.91438],[12.12475,41.92643],[12.11164,41.93166],[12.09239,41.93571],[12.07785,41.94674],[12.05036,41.95634],[12.04341,41.96292],[12.02863,41.97955],[12.00715,41.99044],[11.99183,41.99412],[11.97785,41.99748],[11.96936,42.00822],[11.96357,42.0143],[11.93984,42.02633],[11.9158,42.03896],[11.90697,42.04056],[11.87733,42.03756],[11.8673,42.03349],[11.85892,42.03388],[11.83613,42.02936],[11.83298,42.03153],[11.8316,42.03774],[11.82111,42.04775],[11.81829,42.05712],[11.80671,42.07233],[11.80669,42.07962],[11.79857,42.08673],[11.78697,42.08988],[11.78984,42.09288],[11.77517,42.10693],[11.77063,42.11127],[11.76708,42.12057],[11.75497,42.12607],[11.74577,42.13895],[11.74396,42.14148],[11.74295,42.14949],[11.73384,42.15806],[11.74577,42.16125],[11.77098,42.1637],[11.77517,42.16291],[11.79984,42.15825],[11.80646,42.15312],[11.82282,42.14647],[11.83031,42.15581],[11.82806,42.16554],[11.82978,42.16861],[11.8463,42.18014],[11.8514,42.18785],[11.86825,42.19853],[11.86588,42.20657],[11.87343,42.21415],[11.87349,42.21867],[11.87971,42.22267],[11.88278,42.22998],[11.89276,42.23076],[11.8943,42.2364],[11.91132,42.2403],[11.91302,42.23421],[11.91732,42.23253],[11.92381,42.22762],[11.93653,42.22452],[11.93651,42.21972],[11.93984,42.21932],[11.94728,42.21841],[11.9557,42.21224],[11.96684,42.211],[11.97331,42.2126],[11.97438,42.20775],[11.97908,42.20576],[11.98585,42.19641],[11.98679,42.19014],[11.99183,42.18156],[11.99773,42.1715],[12.00315,42.15842],[12.0296,42.15275],[12.05088,42.15308],[12.05639,42.15619],[12.05774,42.16404],[12.06839,42.1641],[12.07609,42.16076],[12.08773,42.16147],[12.10102,42.16229],[12.11078,42.15981],[12.11803,42.16088],[12.12201,42.15936],[12.13124,42.15382],[12.13595,42.14726],[12.14754,42.15612],[12.1464,42.15971],[12.16378,42.16658],[12.16887,42.17528],[12.17753,42.17851],[12.19942,42.17937],[12.21577,42.18671],[12.22993,42.18043],[12.23638,42.17695],[12.2492,42.17695],[12.27143,42.18191],[12.27423,42.17786],[12.27311,42.17249],[12.28137,42.17181],[12.28753,42.17289],[12.30664,42.15965],[12.30317,42.1539],[12.30976,42.14863],[12.31495,42.15014],[12.32751,42.14716],[12.334,42.15169],[12.34184,42.15258],[12.35463,42.1666],[12.37013,42.17377],[12.37652,42.18408],[12.37219,42.19617],[12.37137,42.20987],[12.38619,42.21618],[12.40108,42.23303],[12.40727,42.22964],[12.4117,42.23615],[12.41183,42.24039],[12.40534,42.24936],[12.40983,42.2521],[12.41226,42.25742],[12.41703,42.24601],[12.41873,42.21861],[12.41828,42.21419],[12.41516,42.21275],[12.42019,42.20704],[12.41151,42.18218],[12.41686,42.18081],[12.42943,42.18386],[12.43426,42.1904],[12.43527,42.20029],[12.44791,42.20457],[12.45608,42.20261],[12.46071,42.20477],[12.46541,42.21976],[12.47048,42.22408],[12.46949,42.23085],[12.4794,42.23409],[12.48379,42.24134],[12.47712,42.24825],[12.48703,42.27006],[12.49669,42.27028],[12.50603,42.27413],[12.5052,42.27791],[12.51522,42.28576],[12.51964,42.29472],[12.52702,42.29206],[12.5339,42.29473],[12.53548,42.29599],[12.55047,42.29305]],[[12.44806,41.90082],[12.45494,41.90057],[12.45784,41.90155],[12.4574,41.90585],[12.45562,41.90739],[12.45125,41.90628],[12.44585,41.90199],[12.44806,41.90082]]],[[[11.87442,42.22239],[11.87345,42.21897],[11.87038,42.21993],[11.87104,42.22224],[11.87442,42.22239]]]]},"properties":{"code":"ITI43","nom":"Roma","country":"IT"}},{"type":"Feature","geometry":{"type":"MultiPolygon","coordinates":[[[[13.49572,45.98601],[13.50254,45.98057],[13.51524,45.97875],[13.5194,45.97409],[13.52654,45.97232],[13.52912,45.96715],[13.53948,45.96539],[13.54478,45.96594],[13.54997,45.97005],[13.56294,45.96965],[13.56872,45.96987],[13.578,45.98322],[13.59042,45.98926],[13.60445,45.98682],[13.60495,45.98685],[13.60873,45.98476],[13.62087,45.9846],[13.63301,45.9884],[13.63688,45.98685],[13.64206,45.98275],[13.63991,45.97189],[13.63674,45.96156],[13.63351,45.95047],[13.63543,45.94308],[13.63717,45.93803],[13.6372,45.93494],[13.62691,45.9231],[13.6206,45.91823],[13.61407,45.90747],[13.61141,45.90377],[13.60804,45.89906],[13.5966,45.89452],[13.58989,45.88654],[13.58666,45.88071],[13.59221,45.87459],[13.58667,45.87024],[13.58283,45.86282],[13.57605,45.85353],[13.5758,45.84774],[13.57667,45.84242],[13.58836,45.83494],[13.59331,45.82266],[13.59714,45.81952],[13.59624,45.80794],[13.58853,45.80538],[13.58344,45.80106],[13.58378,45.79786],[13.57702,45.79474],[13.57978,45.78695],[13.57867,45.77758],[13.57413,45.77634],[13.56285,45.77848],[13.56064,45.78236],[13.54912,45.79022],[13.54146,45.79101],[13.53477,45.7861],[13.54165,45.78265],[13.52794,45.77183],[13.52605,45.76918],[13.52099,45.76211],[13.52147,45.75195],[13.52433,45.74808],[13.51909,45.74713],[13.51771,45.74365],[13.52585,45.73743],[13.55309,45.73004],[13.55084,45.72674],[13.55044,45.72384],[13.52994,45.72316],[13.4886,45.70575],[13.47597,45.70412],[13.46392,45.71061],[13.45355,45.71125],[13.45312,45.71641],[13.44323,45.71986],[13.4285,45.71529],[13.41464,45.72427],[13.40649,45.72517],[13.40798,45.73127],[13.40456,45.73849],[13.41869,45.7424],[13.45281,45.74746],[13.45977,45.74954],[13.46077,45.75249],[13.45089,45.74916],[13.43499,45.75916],[13.42273,45.75652],[13.42272,45.76168],[13.42925,45.76512],[13.42537,45.76918],[13.43282,45.77238],[13.43074,45.77588],[13.43759,45.77735],[13.43635,45.7825],[13.4422,45.78764],[13.43309,45.795],[13.43291,45.80117],[13.42825,45.80872],[13.42688,45.81151],[13.42634,45.81324],[13.42609,45.83398],[13.42814,45.83462],[13.42892,45.8391],[13.4184,45.84111],[13.41559,45.8438],[13.41602,45.84941],[13.40774,45.85754],[13.41316,45.86036],[13.41561,45.86642],[13.42469,45.86758],[13.42316,45.87125],[13.41859,45.87445],[13.41898,45.88094],[13.41035,45.89144],[13.39969,45.8956],[13.39667,45.90858],[13.38665,45.91298],[13.40509,45.91726],[13.40623,45.91823],[13.42078,45.93051],[13.42261,45.93331],[13.42043,45.93879],[13.42397,45.94327],[13.42813,45.94851],[13.42606,45.95344],[13.43079,45.95346],[13.44222,45.95831],[13.43664,45.97207],[13.45264,45.98053],[13.4547,45.98682],[13.46239,45.98473],[13.46489,45.98608],[13.46762,45.99687],[13.46105,46.0003],[13.46025,46.00546],[13.46376,46.00643],[13.46742,46.0092],[13.48512,46.0466],[13.49694,46.05133],[13.49761,46.04823],[13.50403,46.04642],[13.50771,46.04554],[13.50944,46.04194],[13.5081,46.03393],[13.50445,46.02769],[13.49678,46.01701],[13.4916,46.0144],[13.48121,46.01167],[13.48037,46.0092],[13.47711,46.00625],[13.47863,46.00355],[13.48545,45.99964],[13.49498,45.98667],[13.49572,45.98601]]],[[[13.45876,45.69288],[13.43486,45.68187],[13.43137,45.67672],[13.40859,45.67737],[13.38738,45.67517],[13.38195,45.67756],[13.37417,45.68034],[13.37769,45.68321],[13.38195,45.68296],[13.39874,45.67998],[13.41189,45.68439],[13.41789,45.69222],[13.43215,45.69152],[13.43781,45.68689],[13.44461,45.69034],[13.44367,45.6974],[13.44601,45.69993],[13.46223,45.70903],[13.46907,45.7049],[13.46269,45.70005],[13.45876,45.69288]]],[[[13.30297,45.72161],[13.30642,45.7199],[13.31577,45.72103],[13.31724,45.71896],[13.31676,45.71632],[13.31061,45.71227],[13.31582,45.71164],[13.32107,45.71225],[13.31837,45.70737],[13.3196,45.70158],[13.32332,45.69926],[13.31993,45.69869],[13.30646,45.70383],[13.30471,45.70596],[13.30232,45.70573],[13.29952,45.70824],[13.29552,45.7074],[13.29063,45.70759],[13.2817,45.71077],[13.2739,45.70919],[13.26627,45.71404],[13.2673,45.71508],[13.27836,45.717],[13.28347,45.71863],[13.28481,45.71438],[13.28689,45.7138],[13.29327,45.71743],[13.29538,45.71662],[13.29819,45.71784],[13.29895,45.72129],[13.30297,45.72161]]],[[[13.25007,45.75645],[13.25481,45.7503],[13.23936,45.75311],[13.23759,45.75524],[13.24377,45.75698],[13.25007,45.75645]]],[[[13.37126,45.73496],[13.36579,45.73273],[13.35367,45.73511],[13.35495,45.73767],[13.37131,45.73693],[13.37126,45.73496]]],[[[13.34456,45.68972],[13.34168,45.68883],[13.33712,45.6926],[13.33956,45.69373],[13.34456,45.68972]]],[[[13.4257,45.70213],[13.42298,45.70088],[13.41931,45.70378],[13.42374,45.70509],[13.4257,45.70213]]],[[[13.25369,45.71631],[13.25006,45.71588],[13.25072,45.72082],[13.25311,45.72071],[13.25369,45.71631]]],[[[13.38094,45.72359],[13.37731,45.72026],[13.37495,45.72232],[13.37712,45.72492],[13.38094,45.72359]]],[[[13.29857,45.72787],[13.29539,45.72578],[13.29326,45.72951],[13.29664,45.7307],[13.29857,45.72787]]]]},"properties":{"code":"ITH43","nom":"Gorizia","country":"IT"}},{"type":"Feature","geometry":{"type":"MultiPolygon","coordinates":[[[[13.62215,45.80023],[13.6248,45.79681],[13.63614,45.8007],[13.63972,45.79853],[13.65722,45.80024],[13.65811,45.80036],[13.66845,45.79895],[13.67385,45.793],[13.68008,45.79317],[13.70083,45.77929],[13.70454,45.77717],[13.70829,45.77502],[13.71,45.77404],[13.71403,45.77231],[13.71956,45.77029],[13.7213,45.76932],[13.73059,45.7661],[13.73597,45.76253],[13.73506,45.76027],[13.74467,45.75597],[13.76228,45.75623],[13.76743,45.75057],[13.78586,45.74774],[13.78856,45.7466],[13.78937,45.74625],[13.79568,45.7432],[13.81076,45.7233],[13.81637,45.72029],[13.82352,45.71628],[13.82632,45.71471],[13.82925,45.71184],[13.83362,45.70694],[13.83526,45.69922],[13.83179,45.6942],[13.83247,45.68988],[13.83261,45.68953],[13.83388,45.68726],[13.84454,45.68106],[13.84881,45.67643],[13.85613,45.66874],[13.86099,45.66365],[13.8759,45.65398],[13.89833,45.64347],[13.8986,45.64341],[13.91808,45.6332],[13.90491,45.62446],[13.89793,45.62109],[13.88536,45.61507],[13.87673,45.61085],[13.86978,45.60906],[13.86589,45.5977],[13.85613,45.59233],[13.85275,45.59047],[13.85066,45.58867],[13.85079,45.58497],[13.83876,45.58228],[13.82274,45.58175],[13.82181,45.58169],[13.7986,45.58212],[13.79369,45.58264],[13.7822,45.58386],[13.76487,45.59017],[13.75676,45.5939],[13.74713,45.59752],[13.7367,45.59633],[13.73541,45.59622],[13.72282,45.59473],[13.72214,45.59496],[13.72026,45.60511],[13.73597,45.60981],[13.76345,45.60648],[13.78412,45.59955],[13.80452,45.60937],[13.80528,45.61127],[13.79763,45.61094],[13.77998,45.61668],[13.77387,45.6242],[13.77508,45.63339],[13.76893,45.63471],[13.76417,45.63049],[13.75801,45.62909],[13.75669,45.6309],[13.76033,45.63464],[13.75196,45.63604],[13.74601,45.63997],[13.75155,45.6457],[13.76291,45.64913],[13.76758,45.65398],[13.75057,45.68215],[13.73371,45.69564],[13.71338,45.70298],[13.70919,45.71211],[13.67385,45.73759],[13.66834,45.74157],[13.64237,45.75763],[13.63077,45.76952],[13.60019,45.77249],[13.58951,45.77696],[13.57978,45.78695],[13.57702,45.79474],[13.58378,45.79786],[13.58344,45.80106],[13.58853,45.80538],[13.59624,45.80794],[13.60466,45.80402],[13.62215,45.80023]]]]},"properties":{"code":"ITH44","nom":"Trieste","country":"IT"}},{"type":"Feature","geometry":{"type":"MultiPolygon","coordinates":[[[[9.9141,45.10261],[9.91771,45.0999],[9.93528,45.10422],[9.96644,45.12747],[9.9751,45.1334],[9.98877,45.13202],[10.01791,45.10409],[10.02477,45.1001],[10.02943,45.09339],[10.02833,45.08597],[10.02184,45.0777],[10.02572,45.07028],[10.03151,45.06612],[10.04073,45.06377],[10.05204,45.05145],[10.05144,45.04162],[10.08104,45.047],[10.0835,45.04396],[10.05867,45.0378],[10.04768,45.03074],[10.04055,45.01453],[10.03952,45.01218],[10.03358,44.99944],[10.03606,44.98947],[10.03105,44.98383],[10.00471,44.96792],[9.99864,44.96015],[9.99483,44.95527],[9.98744,44.93592],[9.99846,44.92875],[9.99325,44.91473],[9.99446,44.90783],[10.00242,44.90376],[10.00514,44.89793],[10.00992,44.89593],[10.01237,44.88789],[10.01012,44.87527],[10.00017,44.87132],[9.98389,44.85669],[9.98671,44.84555],[9.97324,44.8428],[9.96518,44.83661],[9.95564,44.83998],[9.94852,44.8377],[9.93769,44.8366],[9.90035,44.80776],[9.88346,44.80352],[9.8802,44.79923],[9.87331,44.78258],[9.8802,44.77194],[9.8802,44.76846],[9.86514,44.76244],[9.85291,44.76704],[9.83649,44.75814],[9.82031,44.76062],[9.81645,44.75877],[9.81513,44.75478],[9.82059,44.75012],[9.81614,44.73962],[9.79787,44.73144],[9.79457,44.72996],[9.78594,44.71671],[9.76806,44.71006],[9.76126,44.70459],[9.7656,44.69816],[9.76518,44.68133],[9.75377,44.67875],[9.7404,44.67971],[9.72287,44.67782],[9.69921,44.6714],[9.68771,44.67509],[9.67524,44.6876],[9.67048,44.68328],[9.6585,44.67944],[9.65367,44.6726],[9.64677,44.66824],[9.62905,44.66214],[9.62544,44.65902],[9.62982,44.64081],[9.6022,44.62947],[9.58451,44.62198],[9.57591,44.61008],[9.55889,44.60445],[9.55299,44.59765],[9.55343,44.59052],[9.5494,44.58821],[9.53969,44.58844],[9.53409,44.58625],[9.52749,44.57694],[9.51846,44.57067],[9.5147,44.56382],[9.49336,44.55586],[9.48462,44.56202],[9.47082,44.56574],[9.46328,44.56536],[9.455,44.56181],[9.44995,44.5711],[9.44,44.56738],[9.43043,44.57421],[9.4231,44.57459],[9.41934,44.57832],[9.42023,44.59324],[9.40565,44.60079],[9.40162,44.59008],[9.39734,44.58766],[9.38902,44.58925],[9.3811,44.57673],[9.36269,44.58433],[9.3404,44.5793],[9.31501,44.59797],[9.30903,44.59717],[9.30335,44.60595],[9.29746,44.6067],[9.28894,44.60759],[9.28335,44.59762],[9.27275,44.59625],[9.26344,44.59942],[9.24673,44.60004],[9.25561,44.61041],[9.24556,44.6191],[9.22802,44.61858],[9.20839,44.61521],[9.203,44.61348],[9.20045,44.61701],[9.19806,44.64982],[9.20296,44.65325],[9.20599,44.65962],[9.20195,44.6716],[9.20007,44.6861],[9.20839,44.68492],[9.22244,44.68347],[9.24192,44.68665],[9.2328,44.7016],[9.23511,44.71634],[9.25339,44.69592],[9.25877,44.68076],[9.26266,44.68091],[9.26737,44.68471],[9.28175,44.68575],[9.28529,44.68461],[9.28441,44.68014],[9.29853,44.68101],[9.30397,44.68795],[9.32466,44.69],[9.32507,44.69361],[9.31743,44.69567],[9.30903,44.70512],[9.31305,44.70993],[9.31349,44.71723],[9.32619,44.72364],[9.3326,44.73503],[9.32238,44.74319],[9.31384,44.74512],[9.28592,44.75941],[9.287,44.77248],[9.31589,44.78376],[9.32155,44.80002],[9.32899,44.80006],[9.3404,44.80549],[9.35435,44.81212],[9.36312,44.82239],[9.35842,44.82549],[9.34869,44.84023],[9.3404,44.86995],[9.32649,44.87287],[9.32331,44.87842],[9.31841,44.87925],[9.30968,44.87626],[9.29655,44.87989],[9.29092,44.88323],[9.29123,44.89101],[9.27743,44.8956],[9.28565,44.90403],[9.28636,44.90845],[9.29002,44.91015],[9.29027,44.9174],[9.29448,44.92303],[9.29131,44.92506],[9.28589,44.93],[9.28637,44.93394],[9.29338,44.93307],[9.30171,44.93548],[9.30567,44.93395],[9.30984,44.93541],[9.3205,44.9428],[9.32298,44.94964],[9.32337,44.95131],[9.32426,44.95382],[9.32462,44.95604],[9.32808,44.96015],[9.33757,44.96537],[9.33563,44.97506],[9.3404,44.98399],[9.34738,44.99705],[9.35321,45.00048],[9.36084,45.00013],[9.36477,45.0024],[9.37229,45.01453],[9.37563,45.01991],[9.36947,45.02372],[9.37571,45.0423],[9.37083,45.04814],[9.38725,45.06025],[9.38932,45.06404],[9.40279,45.07307],[9.41358,45.07526],[9.41332,45.08321],[9.43527,45.0824],[9.43903,45.09344],[9.46703,45.09488],[9.48023,45.0988],[9.49437,45.10326],[9.50507,45.10207],[9.52453,45.08159],[9.53205,45.07843],[9.54631,45.08609],[9.55081,45.09175],[9.53578,45.122],[9.53636,45.12403],[9.53724,45.12605],[9.54187,45.13085],[9.54868,45.13265],[9.55306,45.13066],[9.56145,45.12143],[9.57035,45.10543],[9.57622,45.10215],[9.57828,45.10485],[9.5848,45.10476],[9.58864,45.10022],[9.60096,45.10381],[9.61015,45.10973],[9.61903,45.13279],[9.62484,45.13327],[9.63369,45.12913],[9.63659,45.1264],[9.64053,45.11766],[9.63759,45.1044],[9.6317,45.08955],[9.63667,45.08337],[9.64377,45.08069],[9.64677,45.08088],[9.66088,45.08176],[9.67692,45.0776],[9.68269,45.07124],[9.69049,45.0674],[9.71351,45.05887],[9.72302,45.05998],[9.72958,45.06356],[9.73764,45.07275],[9.74787,45.07642],[9.75173,45.08202],[9.75312,45.08722],[9.74508,45.10583],[9.74672,45.11197],[9.75756,45.11253],[9.76668,45.10726],[9.76983,45.10331],[9.77144,45.10095],[9.77314,45.09794],[9.77359,45.09651],[9.77487,45.09462],[9.77677,45.09199],[9.77899,45.08958],[9.79123,45.08285],[9.79787,45.08182],[9.80793,45.08026],[9.8136,45.0774],[9.81666,45.0708],[9.81651,45.05652],[9.82378,45.05259],[9.83354,45.06201],[9.83521,45.07162],[9.83147,45.08215],[9.83323,45.09128],[9.83919,45.0957],[9.84762,45.0965],[9.86359,45.09208],[9.8802,45.07496],[9.88436,45.07488],[9.89677,45.08082],[9.90084,45.09029],[9.89828,45.0979],[9.8802,45.11134],[9.87735,45.11443],[9.87534,45.11978],[9.87605,45.12273],[9.8802,45.12645],[9.8911,45.1309],[9.9002,45.13285],[9.9081,45.13566],[9.91257,45.13848],[9.91752,45.13827],[9.92353,45.13495],[9.9267,45.13006],[9.92219,45.11544],[9.91431,45.10796],[9.9141,45.10261]]],[[[9.30017,44.70268],[9.28954,44.70113],[9.29086,44.7052],[9.2928,44.70596],[9.30025,44.70395],[9.30017,44.70268]]],[[[9.30542,44.69422],[9.30326,44.69257],[9.29902,44.69327],[9.30487,44.6973],[9.30542,44.69422]]]]},"properties":{"code":"ITH51","nom":"Piacenza","country":"IT"}},{"type":"Feature","geometry":{"type":"MultiPolygon","coordinates":[[[[8.96492,44.67238],[8.97193,44.6635],[8.98606,44.66407],[8.99239,44.66294],[9.00417,44.66808],[9.01207,44.66697],[9.02118,44.66041],[9.02578,44.65005],[9.03328,44.64743],[9.03156,44.64239],[9.03814,44.63951],[9.0449,44.62626],[9.04613,44.61669],[9.05609,44.62108],[9.07394,44.62384],[9.08627,44.61512],[9.09642,44.61376],[9.1032,44.60973],[9.10251,44.59384],[9.11073,44.58195],[9.1197,44.58125],[9.13626,44.57446],[9.14592,44.57421],[9.15445,44.5752],[9.18425,44.59136],[9.19898,44.59276],[9.20283,44.5945],[9.20333,44.59575],[9.203,44.61348],[9.20839,44.61521],[9.22802,44.61858],[9.24556,44.6191],[9.25561,44.61041],[9.24673,44.60004],[9.26344,44.59942],[9.27275,44.59625],[9.28335,44.59762],[9.28894,44.60759],[9.29746,44.6067],[9.30335,44.60595],[9.30903,44.59717],[9.31501,44.59797],[9.3404,44.5793],[9.36269,44.58433],[9.3811,44.57673],[9.38902,44.58925],[9.39734,44.58766],[9.40162,44.59008],[9.40565,44.60079],[9.42023,44.59324],[9.41934,44.57832],[9.4231,44.57459],[9.43043,44.57421],[9.44,44.56738],[9.44995,44.5711],[9.455,44.56181],[9.46328,44.56536],[9.47082,44.56574],[9.48462,44.56202],[9.49336,44.55586],[9.48885,44.54635],[9.49979,44.53821],[9.50421,44.52922],[9.5006,44.52003],[9.50179,44.51312],[9.49491,44.50015],[9.49683,44.48271],[9.4833,44.47962],[9.47091,44.48196],[9.46971,44.47683],[9.47113,44.4689],[9.46119,44.45723],[9.45758,44.44253],[9.44554,44.43751],[9.43933,44.42892],[9.43842,44.41852],[9.44278,44.41659],[9.45897,44.4197],[9.4641,44.42434],[9.47112,44.42404],[9.47388,44.41342],[9.47906,44.40924],[9.46576,44.40157],[9.47184,44.39483],[9.4736,44.3854],[9.48255,44.38138],[9.49103,44.38088],[9.4975,44.36668],[9.51819,44.35517],[9.50254,44.33889],[9.49931,44.32684],[9.5184,44.31739],[9.52267,44.30998],[9.53835,44.29703],[9.54644,44.29505],[9.55053,44.29157],[9.56173,44.27837],[9.57336,44.27073],[9.57154,44.25338],[9.55892,44.25718],[9.55053,44.256],[9.54105,44.25567],[9.53307,44.25217],[9.52247,44.23721],[9.52676,44.23229],[9.526,44.22773],[9.5144,44.22599],[9.51569,44.2218],[9.51134,44.21668],[9.5021,44.22279],[9.4958,44.23407],[9.48833,44.23884],[9.48127,44.24013],[9.47003,44.23387],[9.45267,44.24015],[9.44219,44.2395],[9.4329,44.25288],[9.42011,44.25896],[9.41521,44.25895],[9.40424,44.25264],[9.39533,44.26767],[9.38546,44.26818],[9.39325,44.2747],[9.38693,44.28338],[9.36866,44.29505],[9.3404,44.30715],[9.33295,44.31034],[9.32526,44.31068],[9.30424,44.32205],[9.28044,44.32985],[9.24337,44.3424],[9.23084,44.34782],[9.2304,44.34264],[9.22558,44.34028],[9.22472,44.33557],[9.21967,44.33497],[9.21552,44.3349],[9.21378,44.33256],[9.21615,44.32331],[9.21258,44.31846],[9.2134,44.31155],[9.20902,44.31053],[9.21305,44.30656],[9.20839,44.30145],[9.19232,44.30828],[9.1825,44.30893],[9.17771,44.31019],[9.17425,44.3144],[9.1684,44.3136],[9.1638,44.31686],[9.15564,44.31624],[9.14973,44.32013],[9.14828,44.32351],[9.15371,44.33178],[9.15554,44.34276],[9.15452,44.34774],[9.14721,44.35522],[9.14197,44.36005],[9.12283,44.36447],[9.09906,44.37185],[9.0919,44.37165],[9.07679,44.37554],[9.05832,44.38009],[9.00673,44.3854],[8.98515,44.3909],[8.96914,44.3903],[8.93626,44.39452],[8.92612,44.40127],[8.9221,44.40715],[8.9232,44.41046],[8.91985,44.41268],[8.91198,44.40975],[8.91533,44.40282],[8.90611,44.40191],[8.87705,44.4072],[8.86345,44.40698],[8.82854,44.41435],[8.82882,44.41623],[8.84102,44.41579],[8.84648,44.41811],[8.832,44.42299],[8.79745,44.42406],[8.79415,44.42007],[8.7895,44.4189],[8.75998,44.42567],[8.74753,44.42621],[8.72457,44.41729],[8.70453,44.41297],[8.68998,44.40623],[8.68513,44.39644],[8.67792,44.39271],[8.66525,44.39026],[8.64596,44.38853],[8.64132,44.3854],[8.63772,44.38298],[8.63301,44.3798],[8.62124,44.3854],[8.60466,44.39329],[8.60292,44.39858],[8.59495,44.40007],[8.59254,44.41568],[8.5851,44.4286],[8.60442,44.42928],[8.60764,44.43168],[8.60761,44.43647],[8.62926,44.43796],[8.63772,44.43948],[8.65202,44.44204],[8.66699,44.45083],[8.67025,44.45639],[8.66835,44.45945],[8.6643,44.46402],[8.66192,44.48599],[8.6541,44.50305],[8.6396,44.50216],[8.63772,44.50286],[8.63012,44.50568],[8.61951,44.50033],[8.61457,44.50221],[8.61146,44.50699],[8.60275,44.50466],[8.5998,44.50027],[8.60078,44.49601],[8.59596,44.49488],[8.58592,44.49846],[8.57618,44.50921],[8.5722,44.51681],[8.57282,44.52134],[8.57709,44.52491],[8.58159,44.5235],[8.58686,44.52472],[8.58979,44.53144],[8.59727,44.53742],[8.60712,44.53752],[8.61297,44.54579],[8.59872,44.5556],[8.60356,44.56433],[8.60221,44.5681],[8.60771,44.57031],[8.61538,44.56957],[8.61707,44.57503],[8.62137,44.57834],[8.61975,44.58293],[8.62388,44.58636],[8.63041,44.58158],[8.63772,44.57994],[8.64076,44.57925],[8.64835,44.58268],[8.66048,44.57956],[8.66678,44.58244],[8.68101,44.57555],[8.69007,44.58194],[8.69864,44.5796],[8.71829,44.58066],[8.73144,44.5708],[8.73952,44.55797],[8.73821,44.55175],[8.74915,44.54935],[8.75089,44.54051],[8.75607,44.5366],[8.75533,44.52919],[8.74977,44.52676],[8.75341,44.52481],[8.76034,44.52967],[8.76713,44.52503],[8.76908,44.51069],[8.77328,44.50391],[8.76765,44.49313],[8.77031,44.48941],[8.78695,44.48839],[8.78663,44.49507],[8.79279,44.49787],[8.79995,44.50084],[8.79485,44.52164],[8.79999,44.53032],[8.8071,44.53458],[8.82368,44.53868],[8.82834,44.54239],[8.82272,44.5505],[8.8268,44.56181],[8.83555,44.56301],[8.8528,44.5598],[8.85673,44.56034],[8.86231,44.5611],[8.86552,44.56535],[8.86959,44.56587],[8.87545,44.56167],[8.88104,44.55471],[8.8859,44.55171],[8.89136,44.55061],[8.89466,44.55481],[8.90611,44.55757],[8.91489,44.55969],[8.92173,44.56709],[8.91945,44.57188],[8.90794,44.59264],[8.90887,44.5982],[8.90375,44.60844],[8.90781,44.61253],[8.90523,44.61569],[8.90294,44.62156],[8.89271,44.6257],[8.88472,44.63268],[8.88272,44.639],[8.90611,44.64662],[8.90816,44.64729],[8.92261,44.66455],[8.92288,44.67278],[8.93119,44.67616],[8.95911,44.67576],[8.96492,44.67238]]],[[[8.61599,44.57526],[8.61228,44.57249],[8.60836,44.57409],[8.60815,44.57584],[8.61083,44.57681],[8.61599,44.57526]]],[[[9.21392,44.30386],[9.21827,44.29922],[9.21428,44.29947],[9.21151,44.30137],[9.21392,44.30386]]]]},"properties":{"code":"ITC33","nom":"Genova","country":"IT"}},{"type":"Feature","geometry":{"type":"MultiPolygon","coordinates":[[[[9.577,44.43465],[9.58366,44.42806],[9.59811,44.43611],[9.60354,44.4359],[9.6118,44.42697],[9.62355,44.4216],[9.63656,44.4144],[9.64677,44.41246],[9.65504,44.41089],[9.66324,44.3999],[9.66363,44.39174],[9.6663,44.3854],[9.675,44.3647],[9.68292,44.36277],[9.68673,44.36592],[9.69241,44.36444],[9.70498,44.36602],[9.70987,44.36409],[9.71731,44.35492],[9.72948,44.32831],[9.74055,44.32739],[9.75342,44.32226],[9.76104,44.31469],[9.76551,44.30482],[9.78383,44.2968],[9.78541,44.29576],[9.78697,44.29505],[9.79787,44.28821],[9.80557,44.28338],[9.81481,44.2862],[9.82187,44.28126],[9.83367,44.27911],[9.8388,44.27279],[9.85065,44.27073],[9.85445,44.26804],[9.86055,44.25037],[9.8575,44.23402],[9.86325,44.22874],[9.86849,44.22666],[9.87538,44.22393],[9.86849,44.21215],[9.85758,44.19349],[9.86498,44.18073],[9.86849,44.18442],[9.87039,44.18641],[9.8733,44.19458],[9.8802,44.19984],[9.89098,44.20548],[9.89123,44.2078],[9.90853,44.20976],[9.90991,44.20398],[9.91444,44.20022],[9.9257,44.19953],[9.93406,44.19658],[9.9232,44.19491],[9.91957,44.18823],[9.90229,44.17661],[9.89317,44.16774],[9.89788,44.16358],[9.9203,44.16969],[9.92855,44.16663],[9.94667,44.16765],[9.95501,44.16546],[9.9591,44.16677],[9.96769,44.16887],[9.97569,44.16409],[9.97853,44.16082],[9.97674,44.15218],[9.98048,44.14425],[9.9762,44.13749],[9.98537,44.1235],[9.99497,44.11755],[9.99354,44.10578],[9.98351,44.09964],[9.99335,44.09266],[10.00282,44.10803],[10.01867,44.11899],[10.04617,44.11546],[10.04741,44.11511],[10.06827,44.09848],[10.0704,44.09305],[10.06097,44.08003],[10.03742,44.06506],[10.03231,44.06439],[10.02669,44.05658],[10.01877,44.04454],[9.99937,44.05093],[9.98631,44.04704],[9.98139,44.03841],[9.97714,44.03591],[9.9631,44.0381],[9.94962,44.04732],[9.92979,44.05762],[9.91373,44.06903],[9.90762,44.06872],[9.90917,44.07676],[9.90635,44.08066],[9.89748,44.08281],[9.88159,44.08246],[9.87874,44.08772],[9.87073,44.08813],[9.86849,44.08959],[9.86529,44.09167],[9.85165,44.10912],[9.84852,44.10938],[9.8451,44.1051],[9.84306,44.1089],[9.83729,44.10987],[9.82659,44.1037],[9.82268,44.09663],[9.81615,44.09654],[9.82452,44.08929],[9.82394,44.08268],[9.83755,44.07264],[9.83858,44.06722],[9.8489,44.06676],[9.84898,44.06059],[9.83198,44.05172],[9.80328,44.06407],[9.79787,44.06637],[9.7749,44.07614],[9.77352,44.07978],[9.76595,44.08334],[9.76001,44.08456],[9.7566,44.09061],[9.73941,44.09248],[9.73789,44.09769],[9.72638,44.10721],[9.72534,44.11231],[9.71668,44.11809],[9.70486,44.11992],[9.70155,44.12618],[9.6924,44.12838],[9.67499,44.13918],[9.6648,44.1429],[9.65497,44.14546],[9.64677,44.14437],[9.6446,44.14408],[9.63554,44.13353],[9.60713,44.15736],[9.60588,44.16133],[9.60937,44.16763],[9.6025,44.17265],[9.59221,44.1731],[9.58524,44.1757],[9.5813,44.18236],[9.57453,44.18082],[9.56949,44.18239],[9.56659,44.1931],[9.56131,44.19494],[9.55053,44.2058],[9.52891,44.20805],[9.51739,44.21414],[9.51134,44.21668],[9.51569,44.2218],[9.5144,44.22599],[9.526,44.22773],[9.52676,44.23229],[9.52247,44.23721],[9.53307,44.25217],[9.54105,44.25567],[9.55053,44.256],[9.55892,44.25718],[9.57154,44.25338],[9.57336,44.27073],[9.56173,44.27837],[9.55053,44.29157],[9.54644,44.29505],[9.53835,44.29703],[9.52267,44.30998],[9.5184,44.31739],[9.49931,44.32684],[9.50254,44.33889],[9.51819,44.35517],[9.4975,44.36668],[9.49103,44.38088],[9.48255,44.38138],[9.4736,44.3854],[9.47184,44.39483],[9.46576,44.40157],[9.47906,44.40924],[9.48338,44.41772],[9.49459,44.42377],[9.51868,44.42683],[9.52236,44.42499],[9.53475,44.42846],[9.53996,44.42625],[9.54884,44.42731],[9.55686,44.43919],[9.577,44.43465]]],[[[9.85283,44.0508],[9.85191,44.04541],[9.85499,44.04353],[9.84974,44.04046],[9.84769,44.03469],[9.84607,44.03448],[9.84184,44.03889],[9.83588,44.0429],[9.83304,44.04683],[9.83934,44.04952],[9.84625,44.047],[9.84788,44.04975],[9.85283,44.0508]]]]},"properties":{"code":"ITC34","nom":"La Spezia","country":"IT"}},{"type":"Feature","geometry":{"type":"MultiPolygon","coordinates":[[[[13.34298,41.92425],[13.35038,41.92149],[13.35362,41.92369],[13.35657,41.92571],[13.36436,41.92393],[13.37838,41.91177],[13.38334,41.90191],[13.37283,41.88413],[13.35867,41.87008],[13.36697,41.86267],[13.36495,41.85461],[13.36891,41.84942],[13.36856,41.84064],[13.36685,41.83304],[13.37192,41.82715],[13.3791,41.81825],[13.38732,41.81763],[13.39146,41.82041],[13.39693,41.83377],[13.40737,41.83705],[13.45158,41.82279],[13.46553,41.80874],[13.48815,41.80335],[13.50563,41.80059],[13.51206,41.78804],[13.52158,41.77979],[13.52046,41.77294],[13.54826,41.7617],[13.56114,41.76133],[13.57337,41.75465],[13.58616,41.76602],[13.60181,41.76974],[13.61338,41.77795],[13.62856,41.78127],[13.64114,41.79069],[13.64004,41.79986],[13.63732,41.80252],[13.64807,41.81063],[13.65058,41.81069],[13.6621,41.811],[13.68215,41.80403],[13.69308,41.79169],[13.70736,41.78758],[13.71636,41.79691],[13.72061,41.79754],[13.72959,41.79887],[13.73063,41.78834],[13.74267,41.78005],[13.74869,41.76953],[13.75033,41.76068],[13.76094,41.75558],[13.76261,41.74959],[13.77437,41.74857],[13.79018,41.74295],[13.79854,41.74823],[13.80548,41.74888],[13.81179,41.75361],[13.82146,41.74325],[13.82759,41.73942],[13.84847,41.73778],[13.85647,41.73121],[13.88051,41.72874],[13.89173,41.73512],[13.89767,41.7321],[13.90448,41.71816],[13.91867,41.71778],[13.92723,41.7035],[13.93266,41.69352],[13.94104,41.68794],[13.94542,41.68312],[13.96651,41.67409],[13.97572,41.66473],[13.98238,41.66174],[13.98832,41.6538],[13.98814,41.64632],[13.99391,41.639],[13.99669,41.62411],[13.99799,41.62302],[14.01125,41.60756],[14.00885,41.59852],[14.01101,41.58974],[14.00489,41.58696],[13.99829,41.57883],[14.00168,41.56966],[14.00494,41.56667],[14.02392,41.5599],[14.02545,41.55538],[14.02073,41.54233],[14.00591,41.53932],[14.01058,41.53335],[14.02627,41.52488],[14.02578,41.52287],[14.01931,41.52182],[14.01175,41.51533],[13.9952,41.51268],[13.97566,41.49696],[13.97399,41.49303],[13.9928,41.48205],[13.98154,41.47181],[13.97793,41.46245],[13.96191,41.46358],[13.9571,41.45787],[13.93126,41.44012],[13.91174,41.43258],[13.91088,41.42865],[13.90823,41.42853],[13.9021,41.42341],[13.89836,41.42613],[13.8758,41.42576],[13.86123,41.41653],[13.86303,41.40991],[13.87443,41.40293],[13.88251,41.40409],[13.88765,41.40072],[13.87659,41.39595],[13.88535,41.3845],[13.87364,41.37468],[13.86976,41.36336],[13.87667,41.36041],[13.87199,41.35679],[13.87726,41.34254],[13.87372,41.33829],[13.84244,41.33096],[13.82316,41.3387],[13.82022,41.33707],[13.81813,41.32969],[13.81984,41.32143],[13.7994,41.3196],[13.79182,41.31078],[13.7788,41.30801],[13.77316,41.30389],[13.76305,41.30131],[13.76145,41.3077],[13.75401,41.31165],[13.75245,41.31471],[13.74838,41.31614],[13.73691,41.32833],[13.72061,41.3342],[13.71561,41.336],[13.71188,41.34196],[13.71188,41.35345],[13.70924,41.35818],[13.70138,41.35821],[13.68344,41.34035],[13.66756,41.34242],[13.65828,41.33789],[13.65207,41.32888],[13.65381,41.32085],[13.65137,41.31794],[13.62211,41.31779],[13.6033,41.33721],[13.58928,41.35487],[13.57379,41.36386],[13.56057,41.36801],[13.56692,41.37534],[13.5783,41.38105],[13.57478,41.38832],[13.56129,41.4003],[13.55815,41.40837],[13.55217,41.41395],[13.54755,41.41968],[13.53907,41.42369],[13.51152,41.42359],[13.51251,41.43215],[13.49813,41.43628],[13.48875,41.43464],[13.47773,41.44368],[13.47003,41.44398],[13.457,41.44932],[13.4517,41.46051],[13.44536,41.46496],[13.43677,41.46093],[13.42819,41.45407],[13.4384,41.42642],[13.42731,41.39725],[13.41176,41.39702],[13.40373,41.40171],[13.3872,41.40422],[13.3739,41.40319],[13.36694,41.3978],[13.36025,41.39777],[13.35362,41.40183],[13.34921,41.40454],[13.34298,41.40531],[13.32343,41.40625],[13.31373,41.40235],[13.30652,41.40252],[13.29336,41.41873],[13.27274,41.42841],[13.25473,41.43253],[13.25928,41.43652],[13.26559,41.45201],[13.29759,41.46942],[13.29509,41.47991],[13.29095,41.48484],[13.28923,41.49336],[13.28013,41.49896],[13.2791,41.50828],[13.27125,41.52322],[13.25498,41.53541],[13.24403,41.53869],[13.22176,41.5388],[13.20966,41.54509],[13.20083,41.55671],[13.20189,41.57418],[13.19968,41.57855],[13.19518,41.58726],[13.18768,41.58781],[13.18373,41.58487],[13.17509,41.58354],[13.15715,41.58672],[13.15043,41.59542],[13.15161,41.60431],[13.15722,41.60912],[13.15855,41.61499],[13.16206,41.61682],[13.15527,41.62137],[13.15895,41.63254],[13.154,41.64753],[13.14944,41.65889],[13.14467,41.65978],[13.12501,41.66343],[13.12238,41.66708],[13.11723,41.66541],[13.1163,41.67129],[13.10347,41.67909],[13.09917,41.67879],[13.09687,41.6869],[13.09125,41.68737],[13.09208,41.69622],[13.09659,41.70495],[13.0867,41.71579],[13.08693,41.71898],[13.06741,41.72456],[13.06428,41.72987],[13.06078,41.72666],[13.05576,41.73012],[13.05389,41.74076],[13.03439,41.74325],[13.02007,41.75382],[13.00712,41.76964],[12.99241,41.76858],[12.99472,41.78067],[13.00016,41.78557],[13.00001,41.79016],[13.00347,41.79336],[13.00308,41.7982],[13.0072,41.80609],[13.01315,41.81029],[13.00871,41.82033],[13.00985,41.82549],[13.02133,41.8259],[13.03018,41.82234],[13.03318,41.82357],[13.03621,41.83153],[13.0509,41.83189],[13.056,41.8276],[13.06543,41.83135],[13.07167,41.85418],[13.08566,41.85551],[13.10149,41.86043],[13.12189,41.8474],[13.1372,41.84379],[13.14467,41.84375],[13.15209,41.84371],[13.15962,41.84891],[13.1658,41.85006],[13.18418,41.846],[13.1909,41.85141],[13.1897,41.85956],[13.19249,41.86754],[13.20323,41.87231],[13.21127,41.87462],[13.24287,41.89599],[13.24469,41.89984],[13.24093,41.90444],[13.24402,41.91551],[13.26627,41.91608],[13.2711,41.92453],[13.27579,41.92602],[13.27776,41.93144],[13.29146,41.94089],[13.2963,41.94859],[13.29831,41.95424],[13.30685,41.95405],[13.32544,41.94194],[13.33771,41.9265],[13.34298,41.92425]]]]},"properties":{"code":"ITI45","nom":"Frosinone","country":"IT"}},{"type":"Feature","geometry":{"type":"MultiPolygon","coordinates":[[[[10.18097,45.03046],[10.19383,45.02833],[10.21109,45.03403],[10.24221,45.02283],[10.25806,45.0157],[10.25881,45.01453],[10.26514,45.00477],[10.27531,44.99826],[10.28066,44.9988],[10.29334,45.00009],[10.30318,44.99904],[10.30923,44.99325],[10.3098,44.98748],[10.3167,44.98446],[10.31826,44.98378],[10.33155,44.98031],[10.34883,44.96874],[10.35886,44.96548],[10.36823,44.96763],[10.39326,44.98349],[10.4038,44.98459],[10.41188,44.98138],[10.41797,44.97572],[10.42519,44.96021],[10.43651,44.94354],[10.46403,44.93717],[10.46892,44.93522],[10.47534,44.93242],[10.48127,44.93015],[10.49108,44.92721],[10.4986,44.92472],[10.50117,44.92384],[10.50434,44.92242],[10.49294,44.91222],[10.49515,44.90828],[10.48982,44.90468],[10.4855,44.90062],[10.47848,44.90182],[10.46447,44.89702],[10.4609,44.88754],[10.46904,44.88613],[10.46736,44.88171],[10.47328,44.87556],[10.46659,44.87543],[10.46868,44.87175],[10.46521,44.86907],[10.46726,44.86656],[10.46544,44.86381],[10.46817,44.85903],[10.4637,44.85884],[10.46441,44.85409],[10.45914,44.8528],[10.45844,44.84934],[10.45344,44.84689],[10.45519,44.83298],[10.45299,44.82982],[10.44223,44.82473],[10.4421,44.8196],[10.43706,44.80079],[10.42579,44.79937],[10.4236,44.79595],[10.42836,44.74875],[10.42613,44.74394],[10.42637,44.73879],[10.44149,44.73047],[10.44612,44.72562],[10.44663,44.71772],[10.42827,44.69336],[10.41898,44.67622],[10.41463,44.67248],[10.41541,44.66684],[10.41681,44.64106],[10.41426,44.62891],[10.41031,44.62139],[10.40263,44.61643],[10.40083,44.60466],[10.40322,44.59567],[10.39915,44.58547],[10.40263,44.57121],[10.3998,44.5605],[10.38798,44.55305],[10.38294,44.54452],[10.37035,44.54493],[10.36347,44.54268],[10.35344,44.52996],[10.34485,44.52681],[10.3409,44.5227],[10.33927,44.50434],[10.3354,44.49681],[10.32914,44.49229],[10.33145,44.48538],[10.32338,44.47909],[10.3167,44.47613],[10.30315,44.47013],[10.28545,44.45997],[10.28066,44.45939],[10.2663,44.45765],[10.26194,44.4536],[10.25473,44.45145],[10.2503,44.44281],[10.23883,44.43811],[10.23083,44.42872],[10.22368,44.41061],[10.20668,44.39338],[10.19232,44.38804],[10.17615,44.3854],[10.16715,44.38394],[10.15996,44.38077],[10.14674,44.3673],[10.14744,44.3611],[10.14205,44.35385],[10.12136,44.35341],[10.10169,44.34842],[10.09768,44.34706],[10.09005,44.35317],[10.07811,44.35669],[10.0532,44.37302],[10.04365,44.37431],[10.0198,44.3854],[10.01651,44.38694],[9.99795,44.39656],[9.98931,44.40432],[10.00647,44.43142],[9.99788,44.44564],[9.98126,44.44531],[9.97427,44.44964],[9.96948,44.45772],[9.97128,44.46323],[9.95396,44.46831],[9.9389,44.46863],[9.92818,44.4719],[9.90872,44.46848],[9.89997,44.47269],[9.8802,44.46993],[9.86203,44.47097],[9.82029,44.46616],[9.81635,44.46166],[9.81609,44.45239],[9.79787,44.4426],[9.77237,44.41643],[9.75741,44.40714],[9.75353,44.39884],[9.75544,44.39311],[9.7605,44.39003],[9.74407,44.38843],[9.74324,44.3854],[9.74194,44.38068],[9.73226,44.37975],[9.71631,44.38254],[9.68673,44.36592],[9.68292,44.36277],[9.675,44.3647],[9.6663,44.3854],[9.66363,44.39174],[9.66324,44.3999],[9.65504,44.41089],[9.64677,44.41246],[9.63656,44.4144],[9.62355,44.4216],[9.6118,44.42697],[9.60354,44.4359],[9.59811,44.43611],[9.58366,44.42806],[9.577,44.43465],[9.55686,44.43919],[9.54884,44.42731],[9.53996,44.42625],[9.53475,44.42846],[9.52236,44.42499],[9.51868,44.42683],[9.49459,44.42377],[9.48338,44.41772],[9.47906,44.40924],[9.47388,44.41342],[9.47112,44.42404],[9.4641,44.42434],[9.45897,44.4197],[9.44278,44.41659],[9.43842,44.41852],[9.43933,44.42892],[9.44554,44.43751],[9.45758,44.44253],[9.46119,44.45723],[9.47113,44.4689],[9.46971,44.47683],[9.47091,44.48196],[9.4833,44.47962],[9.49683,44.48271],[9.49491,44.50015],[9.50179,44.51312],[9.5006,44.52003],[9.50421,44.52922],[9.49979,44.53821],[9.48885,44.54635],[9.49336,44.55586],[9.5147,44.56382],[9.51846,44.57067],[9.52749,44.57694],[9.53409,44.58625],[9.53969,44.58844],[9.5494,44.58821],[9.55343,44.59052],[9.55299,44.59765],[9.55889,44.60445],[9.57591,44.61008],[9.58451,44.62198],[9.6022,44.62947],[9.62982,44.64081],[9.62544,44.65902],[9.62905,44.66214],[9.64677,44.66824],[9.65367,44.6726],[9.6585,44.67944],[9.67048,44.68328],[9.67524,44.6876],[9.68771,44.67509],[9.69921,44.6714],[9.72287,44.67782],[9.7404,44.67971],[9.75377,44.67875],[9.76518,44.68133],[9.7656,44.69816],[9.76126,44.70459],[9.76806,44.71006],[9.78594,44.71671],[9.79457,44.72996],[9.79787,44.73144],[9.81614,44.73962],[9.82059,44.75012],[9.81513,44.75478],[9.81645,44.75877],[9.82031,44.76062],[9.83649,44.75814],[9.85291,44.76704],[9.86514,44.76244],[9.8802,44.76846],[9.8802,44.77194],[9.87331,44.78258],[9.8802,44.79923],[9.88346,44.80352],[9.90035,44.80776],[9.93769,44.8366],[9.94852,44.8377],[9.95564,44.83998],[9.96518,44.83661],[9.97324,44.8428],[9.98671,44.84555],[9.98389,44.85669],[10.00017,44.87132],[10.01012,44.87527],[10.01237,44.88789],[10.00992,44.89593],[10.00514,44.89793],[10.00242,44.90376],[9.99446,44.90783],[9.99325,44.91473],[9.99846,44.92875],[9.98744,44.93592],[9.99483,44.95527],[9.99864,44.96015],[10.00471,44.96792],[10.03105,44.98383],[10.03606,44.98947],[10.03358,44.99944],[10.03952,45.01218],[10.04055,45.01453],[10.04768,45.03074],[10.05867,45.0378],[10.0835,45.04396],[10.08468,45.03269],[10.094,45.02378],[10.10616,45.02249],[10.13069,45.02983],[10.14605,45.03485],[10.15244,45.04083],[10.15884,45.04397],[10.16737,45.0433],[10.17351,45.03894],[10.17508,45.03294],[10.18097,45.03046]]]]},"properties":{"code":"ITH52","nom":"Parma","country":"IT"}},{"type":"Feature","geometry":{"type":"MultiPolygon","coordinates":[[[[8.76083,46.1015],[8.78348,46.09443],[8.79876,46.09495],[8.80791,46.1004],[8.84752,46.07575],[8.85211,46.07564],[8.85418,46.06858],[8.85459,46.06159],[8.84419,46.04851],[8.83453,46.05137],[8.83044,46.04735],[8.82882,46.04647],[8.83193,46.04566],[8.83544,46.04377],[8.83271,46.04057],[8.83003,46.04161],[8.82817,46.03423],[8.82715,46.03228],[8.81968,46.0255],[8.80638,46.02169],[8.79711,46.01219],[8.79309,46.00811],[8.79218,46.0057],[8.78997,45.99982],[8.78591,45.98908],[8.79564,45.99164],[8.81284,45.99034],[8.82186,45.9873],[8.82359,45.98767],[8.83105,45.9875],[8.83823,45.98412],[8.84682,45.97617],[8.84948,45.97298],[8.85372,45.97039],[8.85673,45.96855],[8.86008,45.96649],[8.86907,45.96088],[8.88259,45.95703],[8.89283,45.95857],[8.89657,45.95502],[8.89839,45.94539],[8.89737,45.94327],[8.89296,45.93411],[8.89817,45.92566],[8.90611,45.91906],[8.91629,45.91446],[8.92025,45.90896],[8.92484,45.9037],[8.92494,45.90086],[8.92345,45.8988],[8.92192,45.8952],[8.92414,45.89222],[8.93178,45.88491],[8.93377,45.87033],[8.93671,45.86811],[8.94184,45.86961],[8.94389,45.86832],[8.93936,45.86374],[8.93141,45.8598],[8.91423,45.84223],[8.91215,45.83044],[8.90797,45.82831],[8.90962,45.82299],[8.907,45.81538],[8.90192,45.81553],[8.89697,45.81292],[8.90094,45.80463],[8.9035,45.79703],[8.90611,45.79512],[8.90864,45.79327],[8.90611,45.79066],[8.90042,45.78477],[8.90614,45.77704],[8.90611,45.76845],[8.91314,45.76896],[8.91784,45.76565],[8.92159,45.76126],[8.92176,45.75507],[8.92931,45.75432],[8.93,45.74746],[8.94269,45.74498],[8.93969,45.73786],[8.95041,45.73106],[8.95039,45.71988],[8.95118,45.71394],[8.94708,45.70912],[8.94792,45.70663],[8.94183,45.71171],[8.93191,45.70623],[8.93165,45.69782],[8.92872,45.69506],[8.91609,45.68896],[8.90611,45.68693],[8.89469,45.6846],[8.89633,45.6802],[8.89867,45.67672],[8.90775,45.6748],[8.91073,45.67137],[8.92194,45.67006],[8.92271,45.66257],[8.93006,45.65285],[8.93501,45.65243],[8.93557,45.65535],[8.93997,45.65629],[8.94247,45.65991],[8.96319,45.66381],[8.97779,45.67982],[8.98143,45.67561],[8.98613,45.67652],[8.98514,45.67045],[8.98357,45.66508],[8.98747,45.6563],[8.97937,45.64835],[8.98122,45.64547],[8.98522,45.6483],[8.9907,45.64861],[9.0085,45.64474],[9.02054,45.6459],[9.0265,45.64815],[9.02818,45.6432],[9.03878,45.64018],[9.04903,45.6455],[9.05575,45.6465],[9.06201,45.64031],[9.06172,45.63685],[9.05185,45.63255],[9.0529,45.62319],[9.05399,45.61493],[9.05812,45.6095],[9.06134,45.60769],[9.06078,45.60115],[9.06522,45.59587],[9.06415,45.58678],[9.06355,45.58223],[9.05188,45.58124],[9.04945,45.57814],[9.02568,45.58847],[9.02331,45.58488],[9.00634,45.57983],[9.00211,45.57417],[8.99857,45.57732],[8.99218,45.58338],[8.98355,45.59106],[8.97591,45.58742],[8.9733,45.58812],[8.96728,45.60828],[8.97486,45.61433],[8.97408,45.61802],[8.96566,45.62933],[8.95495,45.62607],[8.95655,45.63349],[8.93994,45.64267],[8.9365,45.64145],[8.92966,45.63495],[8.93244,45.62646],[8.9367,45.62352],[8.9264,45.61941],[8.92219,45.61248],[8.91715,45.61141],[8.91486,45.6077],[8.90988,45.60593],[8.90611,45.60642],[8.90352,45.60676],[8.88025,45.59836],[8.87473,45.59812],[8.87274,45.59411],[8.86784,45.59202],[8.87324,45.58091],[8.86601,45.57592],[8.85673,45.57515],[8.85423,45.57494],[8.84928,45.57073],[8.84162,45.57088],[8.83702,45.56847],[8.83373,45.58223],[8.82119,45.58169],[8.81209,45.59062],[8.81174,45.59484],[8.8149,45.59728],[8.80639,45.60168],[8.79925,45.60211],[8.79272,45.60083],[8.78617,45.60242],[8.78227,45.58751],[8.77097,45.58717],[8.76597,45.57694],[8.75681,45.57442],[8.74405,45.57162],[8.75018,45.56557],[8.74116,45.56342],[8.73919,45.56019],[8.72938,45.56248],[8.7212,45.5716],[8.71522,45.5637],[8.7069,45.55832],[8.70513,45.56894],[8.69385,45.5767],[8.69516,45.58072],[8.70373,45.588],[8.70473,45.59244],[8.70174,45.6016],[8.69021,45.60641],[8.69388,45.60965],[8.68131,45.62044],[8.66289,45.62261],[8.6654,45.62996],[8.66166,45.63447],[8.65962,45.63997],[8.66509,45.64267],[8.67074,45.64092],[8.67787,45.63431],[8.68522,45.6344],[8.68796,45.63739],[8.68753,45.64228],[8.68245,45.64946],[8.67358,45.65692],[8.67031,45.66349],[8.6815,45.66953],[8.68012,45.67635],[8.67516,45.67728],[8.66162,45.67457],[8.64439,45.67548],[8.64116,45.67731],[8.64045,45.68472],[8.64146,45.68725],[8.65379,45.70744],[8.65423,45.71205],[8.64783,45.71998],[8.6432,45.72256],[8.63772,45.72249],[8.62934,45.72238],[8.60334,45.72635],[8.59377,45.73041],[8.58244,45.74917],[8.57966,45.75172],[8.57811,45.75314],[8.57534,45.75629],[8.5703,45.76116],[8.56516,45.76639],[8.55734,45.77286],[8.55568,45.77499],[8.55229,45.7881],[8.55242,45.7899],[8.55268,45.79127],[8.5538,45.79576],[8.55481,45.79814],[8.55558,45.80004],[8.5583,45.80356],[8.56353,45.80724],[8.56716,45.80867],[8.57812,45.8118],[8.5801,45.81287],[8.58167,45.81366],[8.58796,45.81893],[8.59205,45.82444],[8.59381,45.82822],[8.59439,45.82947],[8.59522,45.83361],[8.59547,45.83582],[8.59507,45.83852],[8.59464,45.84479],[8.59384,45.84834],[8.59233,45.85245],[8.58928,45.85723],[8.58693,45.8604],[8.58468,45.86403],[8.5822,45.87035],[8.58148,45.87173],[8.58001,45.8753],[8.57851,45.87795],[8.57671,45.87986],[8.57169,45.887],[8.57053,45.88951],[8.57016,45.89125],[8.56947,45.89413],[8.57066,45.90003],[8.57165,45.90133],[8.57275,45.90279],[8.57399,45.90379],[8.57624,45.90532],[8.5781,45.90615],[8.58269,45.91183],[8.58578,45.91485],[8.58791,45.91693],[8.59386,45.92183],[8.60016,45.92622],[8.60873,45.93245],[8.6169,45.93838],[8.63772,45.95388],[8.65412,45.96609],[8.68232,45.98689],[8.69058,45.99275],[8.70072,45.99994],[8.70587,46.0032],[8.7124,46.00675],[8.71478,46.00821],[8.71934,46.01114],[8.72213,46.01338],[8.72645,46.01797],[8.72805,46.02112],[8.7289,46.02344],[8.72907,46.02684],[8.72055,46.04166],[8.71398,46.06603],[8.70588,46.0828],[8.70736,46.08971],[8.71394,46.09727],[8.7181,46.10172],[8.72001,46.10432],[8.72161,46.10652],[8.72441,46.11033],[8.7265,46.11179],[8.73026,46.11427],[8.74233,46.12222],[8.7558,46.10492],[8.76083,46.1015]]]]},"properties":{"code":"ITC41","nom":"Varese","country":"IT"}},{"type":"Feature","geometry":{"type":"MultiPolygon","coordinates":[[[[8.52508,40.40676],[8.52679,40.4009],[8.53969,40.40219],[8.55057,40.39583],[8.553,40.39],[8.54872,40.38678],[8.55074,40.38439],[8.56124,40.38222],[8.56541,40.36988],[8.57062,40.36354],[8.57024,40.3607],[8.57585,40.35761],[8.58357,40.35608],[8.58697,40.35317],[8.59199,40.33646],[8.59309,40.3328],[8.60883,40.32901],[8.61991,40.32218],[8.62031,40.31898],[8.61594,40.31715],[8.6117,40.3091],[8.61781,40.30364],[8.61467,40.29115],[8.61875,40.28441],[8.62378,40.28191],[8.61649,40.27321],[8.62507,40.26893],[8.62662,40.2642],[8.63772,40.26027],[8.66772,40.24965],[8.66885,40.2249],[8.67272,40.20438],[8.68125,40.20359],[8.68355,40.20525],[8.69109,40.21069],[8.70861,40.21384],[8.71879,40.20551],[8.72332,40.20525],[8.72968,40.20489],[8.74291,40.20028],[8.74529,40.19349],[8.74129,40.18061],[8.76526,40.1964],[8.78205,40.18981],[8.823,40.19969],[8.83385,40.20525],[8.84732,40.20928],[8.85673,40.21029],[8.85878,40.21051],[8.89345,40.20823],[8.9056,40.20799],[8.95966,40.21279],[8.98019,40.21749],[8.99167,40.21424],[8.99224,40.20823],[8.99885,40.20525],[9.00996,40.20024],[9.01734,40.19374],[8.99957,40.18265],[8.99911,40.17677],[9.01191,40.17035],[9.01875,40.15547],[9.01772,40.14577],[9.01014,40.13719],[9.00243,40.13442],[9.01686,40.12627],[9.01691,40.12092],[9.02799,40.10265],[9.03508,40.09496],[9.03659,40.06486],[9.04526,40.05954],[9.02659,40.03767],[9.01068,40.04737],[9.00433,40.05515],[8.99008,40.05734],[8.96719,40.04551],[8.96468,40.03783],[8.94765,40.0239],[8.9462,40.01606],[8.94566,40.0132],[8.9533,39.99643],[8.96416,39.99008],[8.98012,39.98793],[8.98701,39.98899],[8.99343,39.98726],[9.00606,39.9921],[9.01181,39.9896],[9.01795,39.98031],[9.004,39.96857],[9.00004,39.96122],[8.9947,39.95877],[8.99659,39.94853],[8.98958,39.94349],[8.99428,39.93654],[8.99084,39.93391],[8.98454,39.91808],[8.9881,39.9148],[8.99853,39.91763],[9.0379,39.91224],[9.04943,39.90148],[9.0761,39.89223],[9.08134,39.88705],[9.09126,39.88332],[9.09991,39.87279],[9.10545,39.86974],[9.1088,39.87138],[9.10695,39.87718],[9.10899,39.88173],[9.1216,39.88864],[9.126,39.89045],[9.12885,39.88852],[9.15877,39.85728],[9.17128,39.85239],[9.16561,39.83256],[9.16385,39.8326],[9.14629,39.84524],[9.12756,39.83951],[9.11452,39.84877],[9.10791,39.84744],[9.10591,39.83967],[9.09932,39.83073],[9.08437,39.82743],[9.07638,39.81749],[9.06196,39.81052],[9.05429,39.80094],[9.04187,39.80302],[9.02942,39.81076],[9.03159,39.81976],[9.02229,39.81925],[9.00848,39.82843],[8.98665,39.82566],[8.98598,39.82084],[8.98181,39.81676],[8.97671,39.80538],[8.95579,39.78584],[8.95232,39.77844],[8.94058,39.7849],[8.93828,39.79026],[8.90853,39.79491],[8.88915,39.79463],[8.88646,39.79238],[8.88083,39.79208],[8.88663,39.78745],[8.89299,39.77298],[8.90462,39.77195],[8.90912,39.76713],[8.91619,39.7673],[8.9156,39.76026],[8.92432,39.75839],[8.90611,39.73793],[8.90176,39.73304],[8.90611,39.72939],[8.91294,39.72367],[8.90611,39.71681],[8.90238,39.71306],[8.89366,39.70917],[8.88153,39.70421],[8.87661,39.69227],[8.86873,39.68742],[8.86499,39.68258],[8.86182,39.66923],[8.85673,39.66741],[8.84969,39.66489],[8.84039,39.66409],[8.83228,39.66672],[8.82247,39.66136],[8.78411,39.65391],[8.782,39.64932],[8.77448,39.64053],[8.76153,39.63479],[8.75126,39.63334],[8.74315,39.62708],[8.72873,39.63993],[8.72336,39.63711],[8.70466,39.63884],[8.69657,39.64545],[8.69441,39.64453],[8.69049,39.64405],[8.68831,39.64301],[8.6865,39.64085],[8.68408,39.63999],[8.68129,39.63839],[8.67784,39.63588],[8.67614,39.63431],[8.67237,39.63237],[8.67132,39.63121],[8.66153,39.6408],[8.64133,39.65144],[8.63772,39.65232],[8.62957,39.65431],[8.62515,39.66564],[8.61134,39.68088],[8.60802,39.68994],[8.58929,39.69163],[8.57107,39.6853],[8.55103,39.6955],[8.54227,39.69235],[8.52137,39.69286],[8.519,39.69501],[8.51984,39.70022],[8.50469,39.70632],[8.50081,39.70826],[8.50225,39.71301],[8.50702,39.72434],[8.50567,39.72948],[8.51022,39.73275],[8.51873,39.7431],[8.51254,39.74995],[8.51372,39.75406],[8.53316,39.77251],[8.54454,39.79327],[8.55287,39.82952],[8.55405,39.86008],[8.56367,39.8606],[8.56711,39.86372],[8.55417,39.86418],[8.54289,39.86792],[8.54144,39.87088],[8.54414,39.87705],[8.54124,39.88195],[8.54021,39.88527],[8.53782,39.89145],[8.52321,39.90281],[8.50469,39.90755],[8.50015,39.9069],[8.49079,39.90558],[8.469,39.90315],[8.44556,39.88323],[8.43979,39.87477],[8.43479,39.88362],[8.4251,39.8929],[8.41177,39.89979],[8.40088,39.90105],[8.40031,39.90303],[8.39846,39.9094],[8.40031,39.92542],[8.40225,39.94232],[8.40117,39.95836],[8.40031,39.96025],[8.39269,39.97689],[8.40031,39.98646],[8.40937,39.99785],[8.41053,40.01022],[8.41363,40.01824],[8.40463,40.03059],[8.40031,40.03208],[8.39859,40.03267],[8.38832,40.02933],[8.37959,40.02947],[8.37827,40.03758],[8.38635,40.04356],[8.39665,40.04474],[8.40031,40.05042],[8.40988,40.04297],[8.41846,40.04253],[8.43504,40.05098],[8.44397,40.04871],[8.45123,40.05027],[8.46947,40.06201],[8.48329,40.0742],[8.49223,40.08744],[8.48623,40.09739],[8.49038,40.10278],[8.48638,40.10532],[8.48384,40.11859],[8.47178,40.13045],[8.4636,40.14597],[8.45924,40.15385],[8.46124,40.17147],[8.45716,40.17521],[8.46709,40.19954],[8.46441,40.20525],[8.46161,40.21123],[8.46544,40.22551],[8.46392,40.2305],[8.47348,40.24356],[8.47635,40.25569],[8.48339,40.27156],[8.48295,40.28462],[8.46482,40.30085],[8.46655,40.30951],[8.46005,40.31854],[8.4555,40.32032],[8.44425,40.31963],[8.43874,40.32283],[8.4315,40.33342],[8.42291,40.33646],[8.41489,40.33646],[8.40613,40.33646],[8.40031,40.33785],[8.39431,40.33929],[8.38796,40.3377],[8.38334,40.3392],[8.38696,40.34769],[8.38161,40.35167],[8.37915,40.35958],[8.3888,40.36594],[8.38823,40.37479],[8.39204,40.38022],[8.39345,40.39095],[8.39979,40.40004],[8.39981,40.40757],[8.40031,40.40717],[8.41205,40.39769],[8.42409,40.39347],[8.43797,40.39877],[8.44143,40.39631],[8.44574,40.39653],[8.46292,40.40788],[8.48027,40.40943],[8.49474,40.42525],[8.50015,40.42564],[8.51477,40.42017],[8.52508,40.40676]]],[[[8.44045,39.86526],[8.43587,39.85808],[8.43194,39.86162],[8.43252,39.865],[8.43956,39.86793],[8.44045,39.86526]]]]},"properties":{"code":"ITG2G","nom":"Oristano","country":"IT"}},{"type":"Feature","geometry":{"type":"MultiPolygon","coordinates":[[[[11.99183,44.98232],[12.01637,44.97665],[12.04752,44.97695],[12.06177,44.96989],[12.07821,44.97335],[12.08664,44.96749],[12.09792,44.97094],[12.10126,44.96181],[12.10944,44.96015],[12.11445,44.95914],[12.1179,44.94673],[12.12662,44.9396],[12.1284,44.93332],[12.14184,44.92851],[12.15757,44.93093],[12.16065,44.93788],[12.17004,44.94174],[12.18834,44.92648],[12.21117,44.92673],[12.22559,44.92352],[12.24007,44.935],[12.25326,44.93553],[12.25609,44.94199],[12.25984,44.94174],[12.26227,44.93788],[12.27156,44.94281],[12.27941,44.94218],[12.29194,44.93169],[12.29458,44.92665],[12.28255,44.91146],[12.28458,44.89368],[12.28664,44.87168],[12.29361,44.86142],[12.30256,44.85608],[12.33994,44.84961],[12.34675,44.82889],[12.35463,44.81605],[12.38062,44.80048],[12.39906,44.79262],[12.39196,44.7862],[12.38052,44.78319],[12.36563,44.78487],[12.35463,44.7876],[12.32027,44.79612],[12.3224,44.79773],[12.33353,44.79587],[12.34182,44.80045],[12.34076,44.80484],[12.35463,44.80055],[12.36798,44.79643],[12.3697,44.79741],[12.35463,44.80855],[12.3509,44.8113],[12.34651,44.81942],[12.33959,44.81843],[12.33199,44.82908],[12.31851,44.83725],[12.31585,44.84302],[12.28746,44.8422],[12.28341,44.83635],[12.26712,44.82366],[12.27094,44.81959],[12.27728,44.81759],[12.28522,44.81635],[12.26184,44.78633],[12.24927,44.76204],[12.24026,44.70519],[12.24042,44.68737],[12.24858,44.67546],[12.25331,44.65209],[12.26989,44.63001],[12.25971,44.62359],[12.23586,44.61943],[12.1538,44.54844],[12.1481,44.54799],[12.14063,44.55082],[12.13023,44.5461],[12.11416,44.54721],[12.10586,44.55251],[12.09736,44.55278],[12.09333,44.5584],[12.08435,44.55852],[12.07857,44.56098],[12.06925,44.55948],[12.067,44.55082],[12.06246,44.54834],[12.02957,44.56025],[12.0286,44.56272],[12.03409,44.5675],[12.02619,44.57022],[12.026,44.57731],[12.00549,44.58237],[12.00693,44.59625],[12.0036,44.59967],[11.99183,44.59767],[11.95295,44.59107],[11.88395,44.57914],[11.87142,44.57765],[11.86263,44.56801],[11.85984,44.55997],[11.84766,44.55515],[11.8311,44.56128],[11.7892,44.55433],[11.79147,44.56309],[11.7895,44.56579],[11.7811,44.56824],[11.77517,44.56464],[11.7736,44.56369],[11.76161,44.56907],[11.76068,44.57419],[11.7527,44.57443],[11.74577,44.57994],[11.75876,44.57985],[11.77517,44.5835],[11.78516,44.58572],[11.78599,44.59116],[11.78914,44.59347],[11.78628,44.60687],[11.79351,44.61286],[11.79226,44.6176],[11.80477,44.62374],[11.79804,44.63111],[11.7989,44.6345],[11.78568,44.63734],[11.77694,44.64318],[11.77517,44.64273],[11.7708,44.64161],[11.75443,44.65053],[11.74577,44.64979],[11.73627,44.64897],[11.72868,44.65351],[11.72348,44.6458],[11.72284,44.63636],[11.69693,44.63684],[11.69364,44.63041],[11.69015,44.62935],[11.6718,44.63433],[11.63248,44.67293],[11.61459,44.69011],[11.60098,44.70343],[11.5942,44.71037],[11.59275,44.71168],[11.58305,44.70717],[11.5511,44.72217],[11.51616,44.73355],[11.46705,44.75264],[11.45349,44.76004],[11.43285,44.76023],[11.39926,44.76856],[11.38838,44.77863],[11.37601,44.77979],[11.36517,44.7765],[11.34444,44.75878],[11.30879,44.73565],[11.29202,44.71514],[11.27746,44.70901],[11.27546,44.70557],[11.25396,44.71704],[11.27222,44.75009],[11.24611,44.75837],[11.26128,44.77265],[11.26921,44.78036],[11.27074,44.78168],[11.28145,44.79193],[11.28626,44.79643],[11.29036,44.80026],[11.29337,44.8028],[11.30087,44.80832],[11.31215,44.82666],[11.31819,44.82564],[11.32458,44.83211],[11.34444,44.83057],[11.34695,44.83038],[11.35435,44.83639],[11.36643,44.8373],[11.36745,44.84438],[11.35719,44.85673],[11.35568,44.86345],[11.34806,44.86478],[11.3466,44.87266],[11.34444,44.87289],[11.32887,44.87458],[11.30749,44.88309],[11.30393,44.88691],[11.29297,44.88637],[11.28626,44.88923],[11.27009,44.89613],[11.25232,44.90004],[11.24409,44.89904],[11.23477,44.90597],[11.23913,44.91392],[11.25451,44.92451],[11.25975,44.93245],[11.24623,44.95143],[11.27245,44.94096],[11.28626,44.95622],[11.30148,44.95808],[11.30231,44.96015],[11.30309,44.96207],[11.30874,44.96015],[11.3133,44.9586],[11.31893,44.96015],[11.32652,44.96224],[11.33194,44.96015],[11.34444,44.95535],[11.35692,44.95054],[11.3639,44.95548],[11.37693,44.95806],[11.39785,44.95481],[11.40239,44.94836],[11.42442,44.95157],[11.42677,44.95008],[11.42411,44.93783],[11.42728,44.93019],[11.43341,44.92949],[11.4643,44.93571],[11.46584,44.93599],[11.46963,44.93636],[11.47408,44.93649],[11.48785,44.93732],[11.4901,44.93729],[11.49992,44.93726],[11.51269,44.93669],[11.51586,44.93643],[11.52371,44.93689],[11.5269,44.93722],[11.532,44.93682],[11.53786,44.93516],[11.5398,44.93444],[11.54284,44.93285],[11.54593,44.93105],[11.54913,44.92882],[11.56039,44.92055],[11.57743,44.91717],[11.58449,44.91276],[11.59118,44.89388],[11.59849,44.88947],[11.6238,44.88907],[11.65696,44.90705],[11.67197,44.91477],[11.68887,44.91729],[11.71292,44.92569],[11.72536,44.92645],[11.73338,44.9271],[11.74323,44.93357],[11.7443,44.93758],[11.74,44.94977],[11.74577,44.95624],[11.74708,44.95771],[11.76156,44.96015],[11.77227,44.96196],[11.77517,44.96263],[11.78584,44.96511],[11.79904,44.97478],[11.80611,44.97678],[11.81736,44.97687],[11.83835,44.97278],[11.84392,44.97325],[11.87718,44.97461],[11.89752,44.97768],[11.92784,44.975],[11.93229,44.97599],[11.93878,44.97796],[11.94317,44.97979],[11.95042,44.98311],[11.95295,44.98397],[11.96414,44.98662],[11.98582,44.9837],[11.99183,44.98232]]],[[[12.31585,44.79908],[12.31585,44.79782],[12.30971,44.79836],[12.30634,44.8006],[12.30916,44.80157],[12.31585,44.79908]]]]},"properties":{"code":"ITH56","nom":"Ferrara","country":"IT"}},{"type":"Feature","geometry":{"type":"MultiPolygon","coordinates":[[[[8.91069,38.91553],[8.90588,38.91848],[8.90373,38.92417],[8.9111,38.94098],[8.91193,38.95224],[8.90986,38.95708],[8.88903,38.97341],[8.88413,38.98225],[8.83191,39.04741],[8.84408,39.06709],[8.85313,39.08454],[8.84797,39.09439],[8.84874,39.09925],[8.84408,39.10371],[8.84019,39.10964],[8.83147,39.11183],[8.82328,39.11741],[8.82019,39.13017],[8.82519,39.14522],[8.8265,39.14618],[8.82634,39.14868],[8.82703,39.14859],[8.82723,39.14862],[8.8366,39.14798],[8.83765,39.14791],[8.84244,39.16882],[8.84861,39.17291],[8.85536,39.17738],[8.85465,39.18062],[8.85253,39.19028],[8.85548,39.19453],[8.85472,39.20089],[8.85442,39.20333],[8.85362,39.20996],[8.85607,39.21729],[8.85737,39.22121],[8.85805,39.22325],[8.86058,39.23083],[8.85173,39.23534],[8.85213,39.24745],[8.85216,39.24849],[8.85336,39.25289],[8.85603,39.26272],[8.85906,39.26828],[8.86032,39.27058],[8.86197,39.27361],[8.86452,39.27828],[8.86876,39.27969],[8.86914,39.28002],[8.86964,39.28021],[8.87023,39.28017],[8.88972,39.28663],[8.89051,39.28689],[8.89465,39.28927],[8.9083,39.28935],[8.9118,39.29084],[8.91388,39.29174],[8.92077,39.29468],[8.92837,39.29793],[8.93464,39.30061],[8.93941,39.30265],[8.93986,39.30284],[8.94114,39.30339],[8.94277,39.30409],[8.94243,39.30435],[8.94062,39.30576],[8.93898,39.30705],[8.94136,39.30892],[8.94328,39.31043],[8.943,39.31064],[8.94468,39.31153],[8.94561,39.31226],[8.94061,39.31983],[8.94043,39.32245],[8.94024,39.32517],[8.94104,39.3259],[8.94418,39.32875],[8.95057,39.33455],[8.95204,39.33556],[8.9528,39.33608],[8.95879,39.34018],[8.96152,39.34205],[8.97281,39.34463],[8.97541,39.34313],[8.97723,39.34293],[8.97924,39.3427],[8.98484,39.33826],[8.98701,39.33655],[8.99133,39.3344],[8.99181,39.33416],[9.00624,39.32698],[9.02362,39.33393],[9.02396,39.33407],[9.02529,39.3346],[9.02694,39.33293],[9.02828,39.33158],[9.03028,39.33261],[9.03143,39.3332],[9.03546,39.33529],[9.0399,39.33757],[9.04174,39.33753],[9.04864,39.33736],[9.05039,39.33731],[9.05351,39.33724],[9.06034,39.34061],[9.06287,39.34231],[9.06533,39.34396],[9.06642,39.34468],[9.06976,39.34692],[9.07157,39.34814],[9.07195,39.3484],[9.07429,39.34996],[9.0783,39.35265],[9.07882,39.353],[9.07941,39.35295],[9.08451,39.35251],[9.08864,39.35215],[9.09493,39.35161],[9.103,39.34862],[9.10377,39.34754],[9.10512,39.34567],[9.10639,39.34389],[9.11186,39.34016],[9.11371,39.33889],[9.11638,39.33706],[9.12238,39.33564],[9.12273,39.33555],[9.12896,39.33407],[9.12898,39.33407],[9.13378,39.33293],[9.13704,39.33472],[9.1434,39.33822],[9.14798,39.34075],[9.1497,39.3417],[9.15115,39.33205],[9.15443,39.3302],[9.16426,39.33287],[9.1656,39.33291],[9.16632,39.33293],[9.17804,39.33328],[9.18103,39.33155],[9.18735,39.32791],[9.19032,39.32981],[9.19204,39.33091],[9.19528,39.33297],[9.21257,39.33488],[9.22155,39.34265],[9.22885,39.34445],[9.23132,39.34505],[9.23454,39.34585],[9.23596,39.34619],[9.23722,39.34651],[9.2421,39.34771],[9.24473,39.35261],[9.24536,39.35378],[9.24672,39.35633],[9.24678,39.35642],[9.24923,39.36099],[9.25905,39.36715],[9.26049,39.36805],[9.26086,39.36828],[9.2624,39.36924],[9.26898,39.37833],[9.26949,39.37903],[9.26974,39.38537],[9.27238,39.38974],[9.27109,39.39532],[9.27519,39.40277],[9.2749,39.40437],[9.27448,39.40664],[9.27409,39.40875],[9.28104,39.41322],[9.29235,39.41117],[9.2961,39.41049],[9.36868,39.42344],[9.36898,39.41893],[9.37046,39.39606],[9.35478,39.37765],[9.33128,39.35006],[9.34881,39.33269],[9.36684,39.31481],[9.37324,39.3126],[9.37466,39.31211],[9.37892,39.31274],[9.38549,39.31371],[9.39306,39.31483],[9.39464,39.31573],[9.39581,39.31641],[9.39688,39.31702],[9.39869,39.31805],[9.40228,39.31772],[9.40528,39.31745],[9.4108,39.31553],[9.41362,39.31016],[9.41521,39.30926],[9.41706,39.30821],[9.41806,39.30765],[9.42023,39.30642],[9.42627,39.30689],[9.4276,39.30699],[9.42865,39.30274],[9.43113,39.30124],[9.43758,39.29735],[9.44323,39.29394],[9.44366,39.29204],[9.44487,39.28659],[9.44494,39.28627],[9.44604,39.28134],[9.44401,39.27157],[9.44611,39.26814],[9.44998,39.26183],[9.46026,39.24682],[9.46507,39.23979],[9.4864,39.20715],[9.47681,39.1858],[9.47358,39.15982],[9.46563,39.15027],[9.45155,39.14232],[9.44983,39.14136],[9.44558,39.13546],[9.44454,39.13402],[9.44296,39.13181],[9.44228,39.12698],[9.43781,39.12288],[9.43213,39.13215],[9.42669,39.13466],[9.41887,39.13398],[9.41504,39.13873],[9.40338,39.14436],[9.40053,39.1419],[9.39339,39.14429],[9.394,39.15496],[9.38492,39.15867],[9.38444,39.16276],[9.3716,39.16999],[9.3667,39.17579],[9.34851,39.17963],[9.33807,39.19338],[9.3239,39.19945],[9.32105,39.20401],[9.31376,39.20446],[9.30461,39.20533],[9.30233,39.20555],[9.29462,39.21291],[9.27502,39.21313],[9.26342,39.2165],[9.2481,39.21695],[9.23575,39.22544],[9.22558,39.22782],[9.20674,39.2258],[9.18194,39.21656],[9.16153,39.19971],[9.16057,39.1937],[9.16795,39.18848],[9.15959,39.18154],[9.15256,39.18559],[9.14481,39.18443],[9.12279,39.20619],[9.11151,39.21284],[9.1003,39.21121],[9.09387,39.21614],[9.09074,39.2088],[9.08401,39.20532],[9.06321,39.22086],[9.05923,39.22153],[9.05773,39.21672],[9.06712,39.21381],[9.07995,39.20207],[9.07115,39.19978],[9.0603,39.19256],[9.02563,39.15827],[9.01826,39.14709],[9.00883,39.1213],[9.01577,39.10657],[9.01665,39.08754],[9.04524,39.05682],[9.04093,39.04277],[9.03528,39.03791],[9.0245,39.02019],[9.02526,39.0014],[9.01458,38.99052],[9.01716,38.98421],[9.0145,38.98366],[9.0109,38.98744],[8.99754,38.98492],[8.99629,38.9772],[8.92295,38.92636],[8.91069,38.91553]]]]},"properties":{"code":"ITG2F","nom":"Cagliari","country":"IT"}}]}