{"type":"FeatureCollection","features":[{"type":"Feature","geometry":{"type":"MultiPolygon","coordinates":[[[[25.26689,46.17611],[25.27282,46.18667],[25.25918,46.18975],[25.25788,46.18214],[25.25248,46.1771],[25.26534,46.16766],[25.25797,46.15595],[25.25932,46.14968],[25.25395,46.14428],[25.24719,46.14143],[25.2188,46.15179],[25.18874,46.17096],[25.18062,46.16501],[25.17325,46.16552],[25.16423,46.15961],[25.14965,46.15753],[25.13625,46.14804],[25.13022,46.14982],[25.12536,46.14285],[25.11566,46.14177],[25.10139,46.14973],[25.08466,46.14903],[25.07899,46.15139],[25.07677,46.14798],[25.04845,46.13354],[25.02058,46.14187],[25.01493,46.14538],[25.00936,46.13924],[24.99783,46.13442],[24.99226,46.12883],[24.9759,46.12428],[24.95549,46.10894],[24.94692,46.09436],[24.95491,46.0901],[24.94655,46.07911],[24.95008,46.07124],[24.96278,46.06531],[24.96512,46.06177],[24.94685,46.0563],[24.94361,46.05099],[24.93506,46.04952],[24.92935,46.04459],[24.91935,46.04327],[24.9085,46.03863],[24.89868,46.04122],[24.89085,46.03982],[24.88507,46.03314],[24.87578,46.02929],[24.86576,46.01056],[24.85404,46.01027],[24.84126,46.00707],[24.82125,46.00923],[24.82008,46.00554],[24.825,45.9965],[24.8379,45.98592],[24.83451,45.97804],[24.8194,45.97511],[24.80324,45.97595],[24.79221,45.97344],[24.76934,45.97496],[24.77085,45.96216],[24.75297,45.94428],[24.75052,45.93661],[24.73629,45.93829],[24.72144,45.94534],[24.70294,45.94019],[24.69978,45.93187],[24.7069,45.92722],[24.70714,45.9178],[24.71154,45.91218],[24.7158,45.89555],[24.73629,45.88475],[24.75502,45.87176],[24.77091,45.86732],[24.77515,45.86146],[24.77081,45.85706],[24.77488,45.8446],[24.76946,45.83987],[24.752,45.84192],[24.73503,45.83766],[24.72066,45.83883],[24.7243,45.83018],[24.72369,45.82364],[24.71579,45.81767],[24.7094,45.81655],[24.69949,45.8287],[24.68744,45.83574],[24.68359,45.83265],[24.68376,45.82477],[24.67277,45.82278],[24.66112,45.81725],[24.65604,45.81235],[24.65646,45.80835],[24.64524,45.80369],[24.64032,45.79489],[24.64418,45.78911],[24.64226,45.78444],[24.64405,45.76563],[24.65895,45.74819],[24.6729,45.71951],[24.68097,45.70961],[24.67574,45.68399],[24.68025,45.67952],[24.68244,45.6708],[24.67765,45.66293],[24.67763,45.64667],[24.66982,45.63864],[24.67516,45.61647],[24.68279,45.60972],[24.68493,45.60411],[24.69434,45.6052],[24.70058,45.60281],[24.72858,45.60836],[24.73629,45.60312],[24.76988,45.61094],[24.7777,45.60988],[24.79477,45.60301],[24.81061,45.60996],[24.83011,45.6056],[24.83711,45.59253],[24.84594,45.59342],[24.85377,45.59134],[24.86017,45.5939],[24.88487,45.59394],[24.89769,45.59519],[24.91019,45.59299],[24.91686,45.59456],[24.93608,45.58277],[24.94284,45.58282],[24.9585,45.59235],[24.96832,45.5925],[24.98003,45.58969],[24.98377,45.58682],[24.99255,45.58805],[25.01408,45.58631],[25.03565,45.59221],[25.0516,45.58685],[25.06872,45.58542],[25.08006,45.58207],[25.10321,45.58519],[25.11327,45.57698],[25.1273,45.57013],[25.13407,45.56192],[25.14547,45.55804],[25.1545,45.54396],[25.17519,45.53549],[25.18941,45.52296],[25.20341,45.51969],[25.21163,45.52687],[25.22755,45.51763],[25.23573,45.51746],[25.23323,45.51176],[25.24107,45.50012],[25.23845,45.47647],[25.2579,45.45664],[25.25827,45.45229],[25.26517,45.44733],[25.27164,45.44611],[25.27473,45.44259],[25.26387,45.43788],[25.25428,45.42834],[25.25615,45.42298],[25.26458,45.4176],[25.2675,45.40988],[25.27156,45.40791],[25.29531,45.42138],[25.30123,45.42183],[25.30637,45.41449],[25.31199,45.39722],[25.30875,45.3896],[25.32158,45.38109],[25.36289,45.39104],[25.39192,45.38954],[25.402,45.38763],[25.408,45.39162],[25.40997,45.42279],[25.41218,45.42862],[25.42779,45.4368],[25.43699,45.43713],[25.45254,45.44134],[25.45489,45.44714],[25.4617,45.45341],[25.47636,45.4533],[25.48435,45.46025],[25.49873,45.46706],[25.51173,45.47027],[25.52464,45.46524],[25.53172,45.45906],[25.55049,45.46441],[25.5732,45.46756],[25.58919,45.4615],[25.60166,45.46333],[25.60707,45.47551],[25.62556,45.48618],[25.63203,45.49607],[25.64066,45.49565],[25.64621,45.49245],[25.6671,45.49573],[25.68077,45.50008],[25.69992,45.49019],[25.70122,45.48268],[25.71169,45.47558],[25.72791,45.46616],[25.74444,45.46753],[25.76439,45.46608],[25.77492,45.47509],[25.78647,45.47905],[25.79879,45.47115],[25.80849,45.46806],[25.81421,45.45821],[25.8189,45.45506],[25.82061,45.44836],[25.828,45.43997],[25.8237,45.43148],[25.84285,45.42934],[25.85664,45.4256],[25.86113,45.42237],[25.86759,45.42307],[25.86986,45.43616],[25.87988,45.44329],[25.88913,45.44665],[25.89191,45.45879],[25.8878,45.46606],[25.8969,45.47775],[25.89171,45.48842],[25.90018,45.49863],[25.90727,45.50153],[25.9213,45.52121],[25.92709,45.52128],[25.9387,45.51289],[25.9676,45.50847],[25.98051,45.51153],[25.99609,45.51341],[26.00957,45.50271],[26.01344,45.49097],[26.02843,45.48618],[26.04363,45.47846],[26.0553,45.48464],[26.0643,45.4855],[26.06665,45.5009],[26.06945,45.50376],[26.07272,45.50579],[26.08353,45.51547],[26.08973,45.516],[26.09333,45.51631],[26.09018,45.52021],[26.10373,45.55075],[26.09521,45.55791],[26.09311,45.57209],[26.08973,45.57301],[26.07345,45.57741],[26.06945,45.58092],[26.06753,45.58557],[26.05424,45.59543],[26.06491,45.60655],[26.05633,45.61208],[26.05544,45.61695],[26.03126,45.61843],[26.02066,45.61556],[26.01431,45.61932],[26.01331,45.62359],[26.02019,45.6374],[26.00706,45.64312],[26.00268,45.64788],[25.99602,45.6462],[25.96458,45.64749],[25.95129,45.65242],[25.96734,45.66095],[25.97158,45.68758],[25.96176,45.68761],[25.93973,45.69259],[25.9238,45.70178],[25.91467,45.70305],[25.91223,45.70969],[25.87939,45.71034],[25.86229,45.70751],[25.85263,45.71903],[25.85327,45.72289],[25.84091,45.7302],[25.83591,45.72347],[25.83252,45.72345],[25.82271,45.72586],[25.82184,45.73234],[25.82621,45.7333],[25.82851,45.73756],[25.82716,45.74205],[25.83321,45.74754],[25.79879,45.75225],[25.7894,45.75353],[25.7917,45.76274],[25.78938,45.76424],[25.76432,45.75683],[25.75669,45.76021],[25.75412,45.76083],[25.74432,45.76894],[25.73912,45.77051],[25.72749,45.76904],[25.71968,45.77252],[25.717,45.77023],[25.71144,45.77003],[25.70271,45.77375],[25.69699,45.76183],[25.67363,45.74643],[25.66436,45.74784],[25.66536,45.75166],[25.67223,45.75371],[25.67634,45.75774],[25.67245,45.76438],[25.67544,45.76811],[25.67468,45.77382],[25.66499,45.78209],[25.66391,45.78883],[25.65129,45.79771],[25.64714,45.79643],[25.64039,45.79986],[25.64008,45.80254],[25.64595,45.8052],[25.64394,45.80812],[25.63867,45.80932],[25.62476,45.8079],[25.61711,45.82059],[25.62378,45.82405],[25.61281,45.82813],[25.6091,45.82492],[25.60288,45.8286],[25.59871,45.82684],[25.58457,45.8282],[25.56823,45.83631],[25.56434,45.84293],[25.56659,45.84662],[25.56226,45.84976],[25.56397,45.86058],[25.55696,45.87313],[25.55913,45.87634],[25.57062,45.87737],[25.58516,45.88282],[25.58924,45.88066],[25.58175,45.87509],[25.58803,45.87308],[25.59673,45.87864],[25.60154,45.88664],[25.63951,45.89505],[25.64152,45.89706],[25.63961,45.90099],[25.60865,45.89173],[25.56893,45.89683],[25.55599,45.89571],[25.55345,45.8906],[25.54441,45.88995],[25.54231,45.89228],[25.54845,45.89338],[25.54803,45.89784],[25.5519,45.90118],[25.54928,45.90665],[25.56289,45.91431],[25.55636,45.92134],[25.54636,45.927],[25.54521,45.93019],[25.54096,45.93874],[25.5461,45.94852],[25.54204,45.95327],[25.53878,45.96622],[25.54122,45.983],[25.5444,45.98952],[25.55016,45.98731],[25.55223,45.98868],[25.54636,45.99595],[25.5577,45.99726],[25.56035,46.00109],[25.56882,46.00338],[25.58172,46.02127],[25.58066,46.02581],[25.57188,46.02956],[25.56468,46.03627],[25.56025,46.03758],[25.56069,46.05214],[25.55477,46.04907],[25.55295,46.05383],[25.54401,46.05342],[25.54348,46.0493],[25.53586,46.04871],[25.53376,46.05196],[25.5305,46.04971],[25.52607,46.05058],[25.50593,46.04539],[25.49428,46.05043],[25.48476,46.05843],[25.47384,46.05972],[25.46767,46.06534],[25.45475,46.07024],[25.45121,46.0743],[25.45297,46.08429],[25.45145,46.10247],[25.45124,46.10409],[25.453,46.11908],[25.45037,46.12283],[25.41261,46.12421],[25.40548,46.13107],[25.39192,46.13228],[25.38537,46.13626],[25.37561,46.13473],[25.36491,46.14155],[25.34739,46.16456],[25.32967,46.17827],[25.32087,46.17372],[25.3106,46.17672],[25.29734,46.1773],[25.27272,46.17127],[25.26689,46.17611]]]]},"properties":{"code":"RO122","nom":"Bra\u015fov","country":"RO"}},{"type":"Feature","geometry":{"type":"MultiPolygon","coordinates":[[[[20.60895,46.14619],[20.59528,46.14986],[20.58095,46.15778],[20.57777,46.15922],[20.54749,46.17782],[20.5232,46.18161],[20.50705,46.18781],[20.50153,46.18994],[20.49674,46.18799],[20.49696,46.18435],[20.49301,46.18113],[20.49568,46.17755],[20.49395,46.17015],[20.47283,46.15237],[20.45954,46.14347],[20.44796,46.14207],[20.4171,46.14851],[20.3986,46.15685],[20.39351,46.15323],[20.37958,46.15772],[20.36802,46.15375],[20.35565,46.1696],[20.32479,46.15577],[20.31452,46.15117],[20.30878,46.15572],[20.29642,46.15153],[20.27218,46.13239],[20.26979,46.12772],[20.2643,46.12637],[20.26452,46.11867],[20.27758,46.11607],[20.26643,46.10984],[20.27201,46.10016],[20.30064,46.08682],[20.31118,46.07118],[20.32479,46.06179],[20.3294,46.0586],[20.34588,46.04742],[20.34321,46.0472],[20.33931,46.04141],[20.33987,46.03922],[20.35687,46.00717],[20.34974,45.99894],[20.40543,45.96523],[20.43789,45.96905],[20.4473,45.97024],[20.48291,45.95284],[20.50163,45.91116],[20.51556,45.89296],[20.54771,45.89959],[20.54762,45.90575],[20.55506,45.9075],[20.56966,45.90879],[20.57801,45.88676],[20.57533,45.8833],[20.57621,45.87851],[20.58095,45.87043],[20.59418,45.87099],[20.59959,45.86224],[20.61312,45.86287],[20.65864,45.83037],[20.65786,45.82454],[20.6507,45.81176],[20.65496,45.80736],[20.65711,45.808],[20.65815,45.80539],[20.65912,45.80294],[20.66283,45.79412],[20.68165,45.79629],[20.69372,45.76938],[20.6913,45.76523],[20.69272,45.76105],[20.6971,45.75925],[20.70073,45.75131],[20.71486,45.74931],[20.71981,45.75225],[20.73559,45.75573],[20.77334,45.75496],[20.7843,45.7853],[20.82308,45.77506],[20.81693,45.75125],[20.80797,45.74753],[20.80289,45.73784],[20.80191,45.69924],[20.79617,45.68703],[20.8024,45.68172],[20.80033,45.67116],[20.80499,45.65723],[20.78888,45.64556],[20.7793,45.62255],[20.76572,45.61257],[20.77098,45.58773],[20.77201,45.58286],[20.79532,45.58764],[20.81245,45.5691],[20.81252,45.56457],[20.8222,45.55275],[20.82073,45.54936],[20.83163,45.53637],[20.80429,45.51471],[20.78335,45.50622],[20.76883,45.50023],[20.77375,45.4943],[20.77698,45.49056],[20.77105,45.48806],[20.77292,45.48007],[20.83412,45.4793],[20.86674,45.4644],[20.87261,45.45571],[20.87792,45.45404],[20.87839,45.44911],[20.88083,45.44635],[20.87365,45.44512],[20.87435,45.43886],[20.86769,45.43601],[20.86621,45.43106],[20.89933,45.41742],[20.91998,45.41659],[20.93463,45.39481],[20.93059,45.39142],[20.93165,45.38742],[20.94834,45.38328],[20.95138,45.37471],[20.95836,45.36846],[20.98037,45.35794],[20.99687,45.34326],[21.00994,45.34127],[21.01657,45.32463],[21.0184,45.32483],[21.06231,45.33144],[21.0619,45.3164],[21.07194,45.31463],[21.08115,45.31694],[21.09716,45.29668],[21.12747,45.30437],[21.14444,45.30529],[21.153,45.31185],[21.15069,45.31611],[21.15925,45.32325],[21.16276,45.32431],[21.16741,45.32054],[21.17622,45.32523],[21.1793,45.32254],[21.1808,45.3234],[21.18202,45.32234],[21.18202,45.31966],[21.18202,45.31768],[21.18202,45.31492],[21.18202,45.31297],[21.18002,45.31258],[21.18202,45.3082],[21.19198,45.28639],[21.20777,45.27538],[21.20381,45.26483],[21.21899,45.25058],[21.22493,45.2523],[21.24628,45.24482],[21.27506,45.23022],[21.29285,45.24193],[21.31671,45.23793],[21.32378,45.23978],[21.32821,45.23565],[21.33902,45.23562],[21.33914,45.2333],[21.35972,45.22273],[21.37056,45.2256],[21.39474,45.21936],[21.4044,45.22839],[21.41352,45.22055],[21.432,45.21155],[21.43869,45.20344],[21.47918,45.19303],[21.4823,45.19641],[21.49698,45.19585],[21.50299,45.19988],[21.51183,45.2019],[21.50752,45.20472],[21.50429,45.2144],[21.51265,45.21894],[21.52655,45.23197],[21.52626,45.23809],[21.52202,45.2448],[21.53067,45.2492],[21.53546,45.26438],[21.55029,45.26847],[21.55496,45.27189],[21.55099,45.27841],[21.53234,45.29083],[21.5428,45.29965],[21.52569,45.3318],[21.52166,45.333],[21.51486,45.33571],[21.49394,45.34287],[21.49756,45.35041],[21.49289,45.35445],[21.48703,45.35463],[21.44471,45.39195],[21.44173,45.40707],[21.46,45.41118],[21.46302,45.41509],[21.48825,45.4196],[21.48492,45.43367],[21.47631,45.43204],[21.47104,45.4344],[21.4709,45.43918],[21.46574,45.44299],[21.46451,45.44911],[21.45945,45.47269],[21.46177,45.47785],[21.48573,45.48642],[21.50028,45.48813],[21.51225,45.49344],[21.52883,45.49409],[21.54674,45.48868],[21.55656,45.49013],[21.55283,45.4937],[21.55798,45.4989],[21.56759,45.49737],[21.58351,45.50869],[21.57966,45.50988],[21.58117,45.51408],[21.57079,45.52031],[21.58406,45.52989],[21.57455,45.5341],[21.57493,45.53968],[21.5777,45.54367],[21.59721,45.55665],[21.59988,45.57107],[21.62796,45.56836],[21.64062,45.5738],[21.64793,45.57966],[21.66727,45.5851],[21.67465,45.58526],[21.69345,45.57377],[21.7012,45.57321],[21.69913,45.56628],[21.70338,45.56222],[21.72339,45.56254],[21.73039,45.55562],[21.74213,45.55353],[21.74728,45.54463],[21.74854,45.54432],[21.78667,45.53324],[21.80843,45.53109],[21.81674,45.52789],[21.83119,45.52922],[21.8403,45.53607],[21.86496,45.53442],[21.87544,45.53646],[21.87641,45.54221],[21.87162,45.5483],[21.87473,45.55359],[21.87322,45.56132],[21.92352,45.56687],[21.93408,45.55687],[21.92167,45.55304],[21.92241,45.54876],[21.94054,45.53033],[21.94391,45.5215],[21.94165,45.51358],[21.94478,45.50736],[21.95386,45.50725],[21.96564,45.50826],[21.97417,45.51198],[21.98411,45.50768],[21.99028,45.5039],[21.99338,45.50843],[22.0061,45.50477],[22.01092,45.50817],[22.03053,45.49741],[22.04193,45.4986],[22.04388,45.50478],[22.05227,45.50893],[22.06401,45.50934],[22.06528,45.5143],[22.06124,45.51987],[22.06518,45.52135],[22.06608,45.52872],[22.07606,45.53223],[22.06602,45.53641],[22.0574,45.55124],[22.04818,45.55018],[22.04569,45.55229],[22.04588,45.56022],[22.04877,45.56245],[22.04492,45.57127],[22.04819,45.57448],[22.03795,45.58587],[22.03849,45.58796],[22.04639,45.59055],[22.07434,45.57264],[22.10609,45.59531],[22.11522,45.59137],[22.12403,45.59538],[22.12806,45.59256],[22.1343,45.59417],[22.14196,45.60231],[22.14343,45.6113],[22.1481,45.61602],[22.15059,45.59926],[22.1621,45.60711],[22.17269,45.60452],[22.18832,45.61702],[22.20381,45.61074],[22.2085,45.60597],[22.21678,45.60542],[22.23742,45.60339],[22.25527,45.58641],[22.27042,45.58551],[22.28389,45.60008],[22.29081,45.60581],[22.2922,45.61973],[22.29877,45.63727],[22.30641,45.64811],[22.31837,45.66077],[22.33004,45.66151],[22.35032,45.66395],[22.35783,45.66671],[22.37135,45.66712],[22.38852,45.66295],[22.39963,45.66853],[22.4193,45.66435],[22.42648,45.66888],[22.43578,45.68211],[22.45075,45.68285],[22.46487,45.6904],[22.4687,45.69574],[22.46547,45.72202],[22.4694,45.73062],[22.47313,45.7317],[22.48191,45.73424],[22.49452,45.74223],[22.50628,45.74383],[22.53827,45.76388],[22.54053,45.76778],[22.54886,45.77332],[22.551,45.77919],[22.54768,45.78914],[22.53425,45.80143],[22.52524,45.79986],[22.51697,45.79266],[22.5021,45.78578],[22.48097,45.78729],[22.48011,45.79421],[22.47313,45.8008],[22.47086,45.80294],[22.47313,45.80476],[22.47775,45.80848],[22.47638,45.83704],[22.47313,45.83627],[22.468,45.83506],[22.46087,45.83789],[22.46051,45.84751],[22.44788,45.84828],[22.43432,45.85561],[22.42578,45.85499],[22.42095,45.85694],[22.41039,45.85525],[22.40225,45.86067],[22.4021,45.86794],[22.39162,45.87494],[22.38531,45.88409],[22.37851,45.88591],[22.36864,45.8836],[22.36788,45.88508],[22.38864,45.89789],[22.3997,45.90051],[22.40863,45.90572],[22.4117,45.92217],[22.41908,45.93138],[22.41777,45.93851],[22.38297,45.95784],[22.37517,45.96532],[22.35279,45.97269],[22.34349,45.97384],[22.32408,45.9718],[22.31352,45.96678],[22.31421,45.95594],[22.30795,45.94263],[22.31115,45.93764],[22.30645,45.93684],[22.30228,45.93246],[22.29759,45.93117],[22.27592,45.93361],[22.27068,45.93094],[22.26485,45.93431],[22.25915,45.93336],[22.24611,45.92444],[22.24826,45.90583],[22.24514,45.90323],[22.23943,45.90312],[22.22295,45.9029],[22.21769,45.91196],[22.20594,45.91568],[22.20153,45.92193],[22.18315,45.92366],[22.17403,45.92801],[22.16501,45.92699],[22.15519,45.92125],[22.1426,45.92508],[22.1351,45.92363],[22.12642,45.92749],[22.12773,45.93346],[22.12354,45.93773],[22.11347,45.94193],[22.10082,45.94271],[22.0862,45.94908],[22.0805,45.95428],[22.06893,45.95913],[22.04706,45.96211],[22.03957,45.96794],[22.03164,45.96655],[22.00945,45.97036],[21.9971,45.96871],[21.98837,45.97762],[21.98818,45.98606],[21.98411,45.99042],[21.9664,45.99426],[21.95537,45.98755],[21.93498,45.98755],[21.92584,45.98484],[21.92056,45.97951],[21.92188,45.97093],[21.91577,45.96288],[21.89331,45.95324],[21.87252,45.95787],[21.86581,45.94913],[21.85137,45.9472],[21.82326,45.96285],[21.81973,45.96782],[21.81201,45.95819],[21.81811,45.94984],[21.80102,45.94252],[21.79958,45.92643],[21.80407,45.92135],[21.76972,45.91688],[21.77146,45.92851],[21.76911,45.93907],[21.7747,45.9493],[21.76266,45.95687],[21.74173,45.97943],[21.73642,45.98928],[21.72232,45.97623],[21.72373,45.96831],[21.71472,45.96149],[21.71349,45.95486],[21.70253,45.94285],[21.68961,45.91522],[21.6674,45.90719],[21.66341,45.91556],[21.66717,45.92575],[21.66242,45.93465],[21.656,45.93803],[21.64846,45.94683],[21.63002,45.94276],[21.64137,45.9725],[21.63229,45.97537],[21.62333,45.97507],[21.61739,45.97723],[21.61668,45.98218],[21.60499,45.98606],[21.59239,45.99032],[21.58986,45.99491],[21.56211,46.00183],[21.55973,45.99651],[21.55207,45.99513],[21.54613,46.00675],[21.52457,46.01125],[21.52478,46.01802],[21.5336,46.02563],[21.53587,46.0332],[21.51603,46.06683],[21.4981,46.06862],[21.4854,46.06392],[21.4772,46.06313],[21.46134,46.05568],[21.44875,46.04669],[21.44013,46.05149],[21.43891,46.05712],[21.43417,46.05832],[21.43243,46.0559],[21.43604,46.04732],[21.43387,46.04433],[21.44855,46.02931],[21.41832,46.01704],[21.42134,46.01154],[21.39959,46.00602],[21.39111,46.00774],[21.38852,46.00207],[21.37468,45.99658],[21.36173,45.98221],[21.35284,45.98492],[21.35968,45.99526],[21.35133,46.00101],[21.34539,46.00064],[21.33696,46.00667],[21.32586,46.00773],[21.31869,46.01207],[21.31273,46.00985],[21.28634,46.01953],[21.27455,46.01501],[21.26131,45.99565],[21.24015,45.98701],[21.24203,45.98125],[21.23681,45.97973],[21.23934,45.97206],[21.22594,45.97376],[21.19968,45.98186],[21.18202,45.99184],[21.17215,45.99741],[21.15578,45.99302],[21.1285,45.97889],[21.12286,45.97975],[21.11881,45.98222],[21.10931,45.97802],[21.08537,45.99663],[21.08261,46.01206],[21.07451,46.01392],[21.06854,46.03884],[21.04954,46.03954],[21.04998,46.03639],[21.0426,46.03614],[21.01525,46.03639],[20.97705,46.03875],[20.94065,46.03748],[20.93415,46.04378],[20.92191,46.05937],[20.91794,46.07426],[20.91552,46.07475],[20.9099,46.07351],[20.88918,46.08383],[20.87875,46.08421],[20.86844,46.08294],[20.86182,46.08723],[20.85682,46.09002],[20.83328,46.09074],[20.80515,46.10659],[20.79826,46.12065],[20.78076,46.12702],[20.77698,46.13862],[20.77299,46.14401],[20.76516,46.14665],[20.72402,46.14646],[20.71796,46.15004],[20.71572,46.15979],[20.7053,46.16094],[20.70193,46.16048],[20.69459,46.15761],[20.69134,46.14931],[20.68559,46.1453],[20.67771,46.14564],[20.66789,46.15034],[20.65535,46.14924],[20.64989,46.1441],[20.64826,46.13412],[20.64081,46.12775],[20.63409,46.12668],[20.62213,46.13709],[20.61536,46.13992],[20.60895,46.14619]]]]},"properties":{"code":"RO424","nom":"Timi\u015f","country":"RO"}},{"type":"Feature","geometry":{"type":"MultiPolygon","coordinates":[[[[25.44462,44.46683],[25.42944,44.47395],[25.44918,44.49154],[25.44216,44.50043],[25.39509,44.51813],[25.39306,44.51601],[25.39192,44.51482],[25.38868,44.51146],[25.36933,44.49748],[25.36811,44.49533],[25.36582,44.49036],[25.36294,44.48623],[25.35867,44.47959],[25.36564,44.4735],[25.35635,44.46055],[25.34116,44.46376],[25.33598,44.45573],[25.33182,44.45486],[25.32369,44.44771],[25.32546,44.44427],[25.3223,44.44096],[25.31222,44.43523],[25.30679,44.43584],[25.29814,44.43014],[25.3011,44.42341],[25.27715,44.41532],[25.24961,44.405],[25.24171,44.42019],[25.23475,44.42425],[25.20293,44.45645],[25.18844,44.45055],[25.18055,44.44756],[25.15704,44.43835],[25.15507,44.43339],[25.13209,44.42433],[25.12706,44.4241],[25.11319,44.41677],[25.10569,44.41949],[25.10027,44.41671],[25.08641,44.4171],[25.09241,44.41277],[25.06616,44.39779],[25.05485,44.4082],[25.04571,44.39797],[25.01169,44.41018],[25.00431,44.40261],[24.99137,44.39387],[24.98665,44.39017],[24.97646,44.38275],[24.96136,44.37688],[24.95809,44.37925],[24.88402,44.38264],[24.88603,44.37737],[24.88141,44.3688],[24.84685,44.36818],[24.81768,44.3607],[24.81806,44.35549],[24.82886,44.33801],[24.82887,44.33242],[24.83782,44.32302],[24.84627,44.31996],[24.84417,44.31418],[24.83207,44.30926],[24.83371,44.30459],[24.83461,44.30206],[24.82413,44.29719],[24.82174,44.28907],[24.82462,44.28013],[24.82891,44.27193],[24.82493,44.24644],[24.82115,44.24164],[24.82686,44.23696],[24.81909,44.23308],[24.83492,44.22743],[24.83557,44.22515],[24.82604,44.21755],[24.80325,44.20157],[24.79357,44.19125],[24.80372,44.17506],[24.80807,44.1562],[24.81232,44.15243],[24.81721,44.14885],[24.83907,44.13626],[24.84375,44.13281],[24.84494,44.12487],[24.85329,44.10977],[24.8517,44.10095],[24.85809,44.09372],[24.8555,44.09187],[24.84388,44.08605],[24.84253,44.08988],[24.84041,44.08926],[24.83511,44.08819],[24.82545,44.08722],[24.80059,44.08425],[24.80317,44.07847],[24.79302,44.07728],[24.77933,44.07618],[24.76547,44.07449],[24.75885,44.07359],[24.7605,44.06879],[24.73629,44.06407],[24.72232,44.06135],[24.7119,44.05875],[24.72084,44.04752],[24.71272,44.04471],[24.71872,44.04287],[24.72018,44.03808],[24.66027,44.02836],[24.63428,44.02074],[24.62734,44.021],[24.61508,44.01506],[24.61404,44.01248],[24.61521,44.00779],[24.6094,43.99598],[24.59491,43.98948],[24.59838,43.98776],[24.60625,43.99066],[24.60719,43.98369],[24.59708,43.97954],[24.59963,43.97708],[24.60913,43.97628],[24.60765,43.97161],[24.60224,43.96921],[24.60227,43.96211],[24.61661,43.96326],[24.62082,43.96082],[24.63138,43.96113],[24.63458,43.94534],[24.64577,43.94321],[24.64824,43.94078],[24.642,43.93967],[24.62757,43.93587],[24.63098,43.92516],[24.63843,43.92544],[24.65805,43.89987],[24.66316,43.89803],[24.6755,43.89806],[24.67644,43.89223],[24.67672,43.88544],[24.6632,43.88247],[24.66725,43.86832],[24.67049,43.8671],[24.69341,43.8701],[24.69574,43.86715],[24.69373,43.86053],[24.70065,43.85945],[24.70257,43.8512],[24.7231,43.83549],[24.72241,43.83225],[24.71389,43.82873],[24.70621,43.8285],[24.69716,43.83121],[24.6879,43.82418],[24.69011,43.82183],[24.6972,43.82486],[24.71536,43.82488],[24.72654,43.82578],[24.73096,43.82152],[24.73629,43.82244],[24.73841,43.82201],[24.74348,43.82207],[24.74381,43.82209],[24.74542,43.81966],[24.7551,43.8176],[24.75327,43.81452],[24.73968,43.81407],[24.73702,43.80783],[24.74671,43.79203],[24.73629,43.78985],[24.71488,43.78536],[24.69436,43.78187],[24.69631,43.77404],[24.68394,43.77229],[24.68671,43.75973],[24.67619,43.75838],[24.67462,43.75152],[24.65644,43.7547],[24.65063,43.74676],[24.66438,43.74211],[24.65478,43.72359],[24.65894,43.72111],[24.66438,43.71764],[24.66712,43.71562],[24.66989,43.7132],[24.67278,43.71066],[24.67607,43.70794],[24.67791,43.70655],[24.67984,43.7053],[24.68153,43.70438],[24.6949,43.69762],[24.69783,43.69603],[24.69967,43.69521],[24.70442,43.69338],[24.7067,43.69265],[24.71092,43.69161],[24.71295,43.69119],[24.71841,43.69028],[24.72521,43.68948],[24.72979,43.68869],[24.73629,43.68792],[24.74051,43.68783],[24.74659,43.68831],[24.76904,43.6922],[24.80623,43.70899],[24.81051,43.71004],[24.8331,43.71266],[24.86223,43.70812],[24.86509,43.70791],[24.86947,43.7078],[24.87329,43.7079],[24.87812,43.70825],[24.8831,43.7088],[24.90189,43.71121],[24.90521,43.71169],[24.91028,43.71268],[24.9178,43.71441],[24.92121,43.71509],[24.92484,43.71567],[24.933,43.71679],[24.93836,43.71767],[24.94334,43.7186],[24.94692,43.71937],[24.95096,43.7204],[24.95646,43.722],[24.97271,43.72744],[24.98326,43.72824],[24.99296,43.72807],[24.9969,43.72767],[24.99881,43.72684],[25.00307,43.7255],[25.00643,43.72374],[25.01916,43.71245],[25.04578,43.69922],[25.05217,43.69625],[25.05383,43.69543],[25.05635,43.69404],[25.06183,43.69209],[25.06728,43.69054],[25.07965,43.68815],[25.09307,43.68646],[25.10725,43.68508],[25.1139,43.68477],[25.1249,43.68449],[25.12857,43.68462],[25.13879,43.68653],[25.1435,43.68751],[25.14502,43.68836],[25.15308,43.69344],[25.15459,43.69416],[25.16024,43.69679],[25.16256,43.69778],[25.16432,43.69831],[25.1691,43.69945],[25.17284,43.69997],[25.17646,43.70018],[25.17971,43.70028],[25.18282,43.70018],[25.18483,43.69999],[25.187,43.69964],[25.18978,43.69897],[25.2075,43.69295],[25.22066,43.6845],[25.24606,43.68022],[25.26573,43.67167],[25.27629,43.66951],[25.29637,43.65542],[25.3658,43.62461],[25.37909,43.62072],[25.39192,43.61962],[25.40679,43.62022],[25.41919,43.62315],[25.44027,43.63002],[25.45399,43.63604],[25.46538,43.64048],[25.47969,43.64534],[25.48565,43.6469],[25.49705,43.64852],[25.5096,43.64842],[25.51213,43.64791],[25.52046,43.6445],[25.52657,43.64328],[25.53327,43.64262],[25.5381,43.64235],[25.54454,43.64285],[25.56173,43.64713],[25.56562,43.64924],[25.56871,43.65064],[25.57204,43.6519],[25.58327,43.65588],[25.60187,43.66224],[25.61487,43.66819],[25.62057,43.67071],[25.65714,43.6852],[25.6722,43.68815],[25.67207,43.69728],[25.68077,43.69925],[25.67886,43.70523],[25.67356,43.70733],[25.67271,43.71219],[25.67524,43.71426],[25.68335,43.71338],[25.68044,43.71958],[25.6876,43.72655],[25.68536,43.72736],[25.67624,43.72166],[25.66377,43.71906],[25.6627,43.7374],[25.65737,43.74146],[25.65897,43.746],[25.65197,43.75007],[25.66778,43.77444],[25.66665,43.77788],[25.66027,43.78002],[25.66002,43.80671],[25.65994,43.82049],[25.6379,43.82051],[25.62981,43.82054],[25.62955,43.83725],[25.62967,43.84466],[25.61486,43.84453],[25.60689,43.84447],[25.60688,43.86728],[25.60729,43.87713],[25.6142,43.88218],[25.61418,43.90311],[25.6029,43.90677],[25.58437,43.90673],[25.58536,43.93694],[25.61607,43.9376],[25.62217,43.94148],[25.61174,43.95282],[25.6178,43.95586],[25.59133,43.98451],[25.60387,43.99065],[25.59723,43.99812],[25.59343,44.00202],[25.59983,44.00304],[25.59826,44.00899],[25.59396,44.01361],[25.59862,44.01754],[25.59895,44.03654],[25.60592,44.03751],[25.60645,44.04525],[25.62318,44.04855],[25.62829,44.05163],[25.62759,44.05449],[25.61554,44.06129],[25.6169,44.06541],[25.62528,44.06796],[25.61899,44.07607],[25.62769,44.08091],[25.62637,44.08645],[25.64458,44.09538],[25.63863,44.09882],[25.64191,44.10236],[25.64677,44.10459],[25.65262,44.11314],[25.65793,44.11431],[25.66233,44.10027],[25.67752,44.09037],[25.67908,44.09715],[25.67251,44.10493],[25.67534,44.11167],[25.67802,44.11274],[25.68512,44.11],[25.68479,44.12035],[25.68841,44.12165],[25.6973,44.10642],[25.70714,44.10235],[25.70483,44.12149],[25.70664,44.1249],[25.71315,44.12782],[25.70672,44.13496],[25.68819,44.1284],[25.67916,44.12777],[25.67743,44.15673],[25.70172,44.15402],[25.70122,44.16069],[25.65533,44.16879],[25.66545,44.19819],[25.66388,44.2054],[25.66782,44.21298],[25.67927,44.22329],[25.68411,44.23821],[25.6913,44.24138],[25.70278,44.2412],[25.69698,44.24892],[25.70226,44.25239],[25.69998,44.25621],[25.69324,44.25638],[25.68979,44.2627],[25.68462,44.26244],[25.66877,44.26946],[25.67074,44.27478],[25.6666,44.27953],[25.66983,44.29243],[25.65585,44.29577],[25.65068,44.27571],[25.64466,44.27666],[25.61828,44.2894],[25.63079,44.30659],[25.62245,44.31421],[25.61752,44.31691],[25.60302,44.31899],[25.59381,44.31098],[25.57285,44.30855],[25.56788,44.31396],[25.56,44.31643],[25.55113,44.31835],[25.52628,44.31467],[25.50912,44.31438],[25.46923,44.32528],[25.47303,44.34411],[25.47049,44.34906],[25.47797,44.35408],[25.47203,44.36108],[25.4809,44.37363],[25.47328,44.37365],[25.45931,44.37484],[25.45054,44.3779],[25.44785,44.38666],[25.42566,44.39676],[25.43156,44.40111],[25.42889,44.40402],[25.43105,44.40555],[25.44887,44.41849],[25.45911,44.42102],[25.4832,44.44953],[25.48049,44.452],[25.47006,44.45571],[25.46733,44.45947],[25.46331,44.45907],[25.44462,44.46683]]]]},"properties":{"code":"RO317","nom":"Teleorman","country":"RO"}},{"type":"Feature","geometry":{"type":"MultiPolygon","coordinates":[[[[27.57751,45.49113],[27.57193,45.48789],[27.56308,45.49025],[27.55852,45.48838],[27.47464,45.43331],[27.4411,45.41504],[27.43406,45.41018],[27.43391,45.4069],[27.42941,45.4056],[27.43332,45.39806],[27.43473,45.3947],[27.44171,45.37573],[27.42447,45.36851],[27.41851,45.3661],[27.39903,45.36089],[27.40739,45.35264],[27.40882,45.34038],[27.39334,45.3375],[27.39189,45.33171],[27.37975,45.32976],[27.38876,45.31289],[27.38699,45.2924],[27.38966,45.28761],[27.38389,45.28354],[27.37282,45.28146],[27.37319,45.27646],[27.3705,45.27407],[27.36368,45.27343],[27.34921,45.2783],[27.32579,45.29146],[27.31306,45.29131],[27.31426,45.28719],[27.32721,45.27551],[27.32035,45.26151],[27.33877,45.25266],[27.32884,45.23899],[27.35028,45.2316],[27.34508,45.22635],[27.34838,45.22459],[27.34057,45.2164],[27.34624,45.21331],[27.34524,45.21194],[27.33484,45.21124],[27.32181,45.21583],[27.31411,45.21106],[27.29402,45.21337],[27.28317,45.20082],[27.2687,45.20756],[27.25969,45.21206],[27.24372,45.21931],[27.23822,45.21063],[27.2109,45.22404],[27.17506,45.24933],[27.12729,45.21635],[27.1216,45.21682],[27.11825,45.21488],[27.11986,45.21199],[27.11445,45.20228],[27.08406,45.17936],[27.06649,45.15874],[27.08417,45.14288],[27.09747,45.1312],[27.11114,45.13606],[27.11389,45.13855],[27.10982,45.15197],[27.11324,45.15662],[27.14956,45.17121],[27.15225,45.1551],[27.16699,45.10981],[27.17936,45.11295],[27.18736,45.10901],[27.17551,45.10447],[27.17534,45.09704],[27.17986,45.08928],[27.18553,45.08759],[27.19037,45.092],[27.20503,45.09134],[27.20259,45.07171],[27.20516,45.0688],[27.20016,45.05492],[27.19791,45.02899],[27.24561,45.02708],[27.24634,45.02053],[27.25288,45.01971],[27.25013,44.99535],[27.27435,44.99439],[27.28011,44.99764],[27.26603,44.94714],[27.23524,44.8701],[27.21115,44.87384],[27.21531,44.87052],[27.21402,44.86383],[27.23067,44.85824],[27.22494,44.84307],[27.21175,44.80809],[27.19265,44.81125],[27.19002,44.8091],[27.19032,44.80679],[27.19788,44.80418],[27.20681,44.79667],[27.20346,44.78707],[27.2224,44.78254],[27.22288,44.77476],[27.24389,44.75743],[27.2576,44.74968],[27.26931,44.76327],[27.28859,44.78581],[27.30957,44.77469],[27.3361,44.79825],[27.34109,44.80261],[27.36588,44.78953],[27.36384,44.78747],[27.38193,44.77468],[27.39156,44.78337],[27.39978,44.77768],[27.40773,44.77301],[27.41851,44.78271],[27.43676,44.79895],[27.44239,44.79558],[27.47798,44.7752],[27.48391,44.78043],[27.50331,44.78005],[27.5031,44.77442],[27.52591,44.77451],[27.523,44.78864],[27.54044,44.78351],[27.56245,44.78362],[27.59158,44.78345],[27.59278,44.77805],[27.64635,44.77582],[27.64904,44.77441],[27.64904,44.7703],[27.72075,44.76741],[27.7237,44.7776],[27.74396,44.78053],[27.74295,44.78793],[27.7263,44.79443],[27.72826,44.80172],[27.75076,44.80758],[27.77556,44.80496],[27.78262,44.81475],[27.78829,44.81826],[27.79952,44.8155],[27.80724,44.81984],[27.82562,44.81945],[27.82606,44.81002],[27.82078,44.795],[27.82659,44.78275],[27.83493,44.77841],[27.87301,44.77417],[27.87818,44.7703],[27.88101,44.76308],[27.88312,44.76474],[27.88746,44.76732],[27.89715,44.77247],[27.95078,44.78013],[27.97365,44.77202],[27.9971,44.75979],[28.01317,44.75764],[28.02624,44.76354],[28.03573,44.761],[28.03898,44.76455],[28.04643,44.77379],[28.06356,44.78272],[28.07411,44.80389],[28.07621,44.81901],[28.09268,44.84041],[28.09473,44.84307],[28.09665,44.84557],[28.10039,44.86159],[28.10972,44.87034],[28.13092,44.87866],[28.13793,44.8838],[28.14192,44.89177],[28.13283,44.89707],[28.12808,44.90289],[28.12506,44.92258],[28.13296,44.94861],[28.15075,44.97055],[28.1502,44.97617],[28.14221,44.97997],[28.12872,45.01363],[28.13535,45.0282],[28.15199,45.03629],[28.14121,45.05839],[28.13445,45.08154],[28.13619,45.10191],[28.14024,45.10349],[28.14881,45.10109],[28.16728,45.10012],[28.17546,45.10216],[28.17857,45.10761],[28.17044,45.11828],[28.17041,45.12264],[28.19694,45.13712],[28.19389,45.14096],[28.17358,45.14726],[28.17207,45.14809],[28.15985,45.15626],[28.13934,45.16904],[28.09345,45.18935],[28.0938,45.19435],[28.10933,45.20983],[28.12912,45.23387],[28.11507,45.25732],[28.11047,45.25765],[28.10138,45.25179],[28.09268,45.24976],[28.06808,45.25224],[28.05768,45.25473],[28.046,45.25799],[28.03813,45.26058],[28.02779,45.26454],[28.02283,45.26685],[28.01814,45.26951],[28.01181,45.27408],[28.00404,45.28098],[28.00001,45.28375],[27.99481,45.28674],[27.99696,45.29869],[27.99919,45.30817],[28.0015,45.31182],[28.00316,45.31416],[28.00845,45.32045],[28.00922,45.32176],[28.01002,45.32372],[28.01092,45.33063],[28.01212,45.33416],[28.02286,45.3525],[28.024,45.35662],[28.0246,45.35948],[28.02523,45.36203],[28.02603,45.36373],[28.02664,45.36594],[28.02699,45.36836],[28.02725,45.37539],[28.02639,45.38143],[28.02623,45.3888],[28.02667,45.39349],[28.02876,45.40046],[28.03052,45.40433],[28.01533,45.40134],[28.00527,45.39641],[27.99353,45.4],[27.9884,45.39343],[27.98336,45.39128],[27.95598,45.4028],[27.94293,45.4058],[27.91817,45.40682],[27.89047,45.41949],[27.88343,45.41692],[27.87304,45.4166],[27.87189,45.41011],[27.86624,45.40536],[27.8699,45.401],[27.86835,45.39837],[27.85772,45.39666],[27.84327,45.40004],[27.82135,45.397],[27.80936,45.40289],[27.78723,45.40714],[27.78597,45.41934],[27.7833,45.42173],[27.77596,45.42211],[27.76928,45.4195],[27.7557,45.41862],[27.74606,45.41472],[27.74148,45.41473],[27.7388,45.41758],[27.74356,45.42649],[27.74244,45.43331],[27.74994,45.44643],[27.74861,45.44802],[27.73603,45.43759],[27.72803,45.44111],[27.72303,45.44083],[27.71584,45.43409],[27.70239,45.4364],[27.67506,45.44568],[27.68261,45.46013],[27.68854,45.46053],[27.6819,45.46589],[27.69305,45.47216],[27.69349,45.48064],[27.68855,45.48139],[27.66176,45.47257],[27.65915,45.47539],[27.66105,45.48301],[27.66415,45.48979],[27.65458,45.48993],[27.65463,45.48048],[27.64439,45.47717],[27.64601,45.4637],[27.64295,45.46074],[27.62831,45.45521],[27.62367,45.46552],[27.61299,45.46451],[27.61121,45.46594],[27.61383,45.47359],[27.60375,45.47777],[27.60317,45.48315],[27.58836,45.48567],[27.57751,45.49113]]]]},"properties":{"code":"RO221","nom":"Br\u0103ila","country":"RO"}},{"type":"Feature","geometry":{"type":"MultiPolygon","coordinates":[[[[25.9387,45.51289],[25.92709,45.52128],[25.9213,45.52121],[25.90727,45.50153],[25.90018,45.49863],[25.89171,45.48842],[25.8969,45.47775],[25.8878,45.46606],[25.89191,45.45879],[25.88913,45.44665],[25.87988,45.44329],[25.86986,45.43616],[25.86759,45.42307],[25.86113,45.42237],[25.85664,45.4256],[25.84285,45.42934],[25.8237,45.43148],[25.828,45.43997],[25.82061,45.44836],[25.8189,45.45506],[25.81421,45.45821],[25.80849,45.46806],[25.79879,45.47115],[25.78647,45.47905],[25.77492,45.47509],[25.76439,45.46608],[25.74444,45.46753],[25.72791,45.46616],[25.71169,45.47558],[25.70122,45.48268],[25.69992,45.49019],[25.68077,45.50008],[25.6671,45.49573],[25.64621,45.49245],[25.64066,45.49565],[25.63203,45.49607],[25.62556,45.48618],[25.60707,45.47551],[25.60166,45.46333],[25.58919,45.4615],[25.5732,45.46756],[25.55049,45.46441],[25.53172,45.45906],[25.52464,45.46524],[25.51173,45.47027],[25.49873,45.46706],[25.48435,45.46025],[25.47636,45.4533],[25.4617,45.45341],[25.45489,45.44714],[25.45254,45.44134],[25.45572,45.43404],[25.46209,45.43274],[25.47148,45.42611],[25.47058,45.41269],[25.48305,45.39722],[25.48094,45.38423],[25.47204,45.37505],[25.47346,45.35852],[25.46847,45.34762],[25.47077,45.34028],[25.47751,45.33577],[25.47508,45.32737],[25.48726,45.31541],[25.50321,45.31712],[25.52098,45.30929],[25.53311,45.3014],[25.53516,45.29767],[25.53374,45.29284],[25.54251,45.28319],[25.54872,45.28007],[25.55417,45.27039],[25.55211,45.26597],[25.54122,45.25986],[25.53184,45.25073],[25.52981,45.2449],[25.52622,45.2434],[25.52758,45.2368],[25.51816,45.23101],[25.51272,45.22132],[25.53407,45.21509],[25.53954,45.20425],[25.53118,45.19442],[25.53339,45.18933],[25.55787,45.19227],[25.56417,45.1732],[25.57534,45.16381],[25.59787,45.14889],[25.5943,45.14244],[25.60532,45.1253],[25.61902,45.11832],[25.62329,45.11065],[25.62349,45.10867],[25.63357,45.10419],[25.63975,45.09197],[25.6559,45.09043],[25.66618,45.08332],[25.67515,45.08079],[25.68644,45.05985],[25.70057,45.04532],[25.69982,45.03945],[25.70386,45.03438],[25.68668,45.02826],[25.6846,45.02455],[25.68645,45.02011],[25.67548,45.00949],[25.67798,45.00391],[25.67734,44.99348],[25.68324,44.98008],[25.67899,44.97232],[25.67856,44.96481],[25.6853,44.9531],[25.68812,44.95135],[25.68928,44.94734],[25.71008,44.94144],[25.73923,44.94437],[25.74652,44.94288],[25.76767,44.94655],[25.77376,44.94089],[25.79081,44.94408],[25.79879,44.92847],[25.80206,44.92206],[25.81052,44.92203],[25.81382,44.91514],[25.82079,44.91351],[25.82091,44.91333],[25.82051,44.90446],[25.82355,44.89753],[25.81034,44.88853],[25.81258,44.87427],[25.80379,44.86713],[25.79801,44.85117],[25.7785,44.84246],[25.7745,44.83752],[25.77737,44.82603],[25.78067,44.82299],[25.78506,44.82401],[25.79879,44.82117],[25.8026,44.82038],[25.84181,44.80997],[25.84484,44.81714],[25.863,44.83016],[25.86965,44.8321],[25.87413,44.83035],[25.8765,44.82138],[25.88565,44.81746],[25.88474,44.80991],[25.89309,44.80172],[25.90662,44.79665],[25.90727,44.79048],[25.91707,44.78105],[25.91756,44.77386],[25.92802,44.76851],[25.92712,44.76352],[25.93334,44.7615],[25.94116,44.75342],[25.93654,44.74885],[25.92451,44.74367],[25.9214,44.73509],[25.91476,44.73634],[25.9094,44.73331],[25.91137,44.72248],[25.91624,44.71485],[25.92587,44.70877],[25.92825,44.69892],[25.93315,44.69484],[25.95427,44.72139],[25.96318,44.72417],[25.96675,44.72095],[25.95465,44.71375],[25.95416,44.70818],[25.97074,44.71041],[25.96889,44.71935],[25.97229,44.72809],[25.96054,44.73937],[25.96287,44.74082],[25.96132,44.74782],[25.96733,44.74953],[25.96633,44.73894],[25.97245,44.73696],[25.9874,44.74554],[26.00134,44.73575],[26.01215,44.74302],[26.0246,44.74414],[26.03453,44.74143],[26.04032,44.74322],[26.04878,44.74155],[26.04747,44.73598],[26.05006,44.73459],[26.05154,44.73822],[26.06102,44.74032],[26.06251,44.74882],[26.06945,44.7512],[26.07535,44.74938],[26.08715,44.74179],[26.09693,44.74101],[26.09029,44.75879],[26.10191,44.76693],[26.1154,44.75367],[26.1325,44.75009],[26.14281,44.7539],[26.13853,44.75567],[26.13917,44.7585],[26.14407,44.75631],[26.15171,44.75834],[26.17463,44.74951],[26.1797,44.75111],[26.17879,44.75587],[26.18343,44.75741],[26.19409,44.75151],[26.21786,44.74947],[26.23655,44.7445],[26.24166,44.73936],[26.24856,44.73857],[26.25627,44.74229],[26.25624,44.74396],[26.2575,44.7532],[26.25905,44.75666],[26.27151,44.75672],[26.27491,44.76852],[26.29887,44.76692],[26.30182,44.76887],[26.30611,44.77383],[26.31393,44.7766],[26.32196,44.79009],[26.32631,44.79071],[26.32498,44.78477],[26.33315,44.78549],[26.33817,44.79066],[26.34866,44.78015],[26.35497,44.78188],[26.36229,44.77941],[26.35677,44.76939],[26.36971,44.77041],[26.36785,44.76562],[26.37274,44.76183],[26.38466,44.76206],[26.39393,44.76627],[26.39861,44.77055],[26.41037,44.78037],[26.42908,44.79405],[26.4444,44.80433],[26.45313,44.81091],[26.49351,44.79083],[26.50908,44.79815],[26.53205,44.81981],[26.52747,44.82745],[26.57066,44.84307],[26.58508,44.84828],[26.59558,44.85263],[26.60555,44.85699],[26.6089,44.85972],[26.60186,44.86777],[26.60835,44.87216],[26.59346,44.88517],[26.58399,44.8836],[26.55453,44.91427],[26.5471,44.91497],[26.53625,44.9101],[26.53625,44.9164],[26.53052,44.93753],[26.53155,44.93916],[26.55304,44.94481],[26.57942,44.95079],[26.57941,44.9524],[26.58898,44.95387],[26.59991,44.95584],[26.59277,44.96402],[26.57975,44.96178],[26.57664,44.97204],[26.55917,44.99563],[26.55494,44.99877],[26.54643,44.99776],[26.53599,45.00246],[26.52901,45.01426],[26.51132,45.01292],[26.51263,45.00405],[26.50191,44.9995],[26.49622,45.00672],[26.49198,45.00536],[26.48862,45.01123],[26.48568,45.01675],[26.48437,45.01884],[26.48724,45.02005],[26.48171,45.02759],[26.47699,45.03408],[26.47735,45.0393],[26.47747,45.04663],[26.46344,45.0689],[26.44323,45.07564],[26.44434,45.07927],[26.45514,45.08234],[26.45237,45.08795],[26.455,45.09224],[26.45275,45.09789],[26.45444,45.10192],[26.4528,45.1128],[26.44953,45.11674],[26.44946,45.1261],[26.45582,45.1293],[26.45732,45.13616],[26.4696,45.14126],[26.46085,45.16673],[26.46035,45.19809],[26.4439,45.18956],[26.42061,45.17512],[26.39645,45.1778],[26.37554,45.15892],[26.3611,45.16406],[26.3527,45.16438],[26.35318,45.18045],[26.35092,45.18573],[26.34638,45.18782],[26.34822,45.19274],[26.34607,45.19758],[26.3561,45.21338],[26.34925,45.21269],[26.33134,45.21729],[26.32578,45.21635],[26.31562,45.20958],[26.30941,45.20981],[26.30284,45.20207],[26.28651,45.20703],[26.26863,45.20653],[26.262,45.20899],[26.25666,45.20813],[26.25566,45.20193],[26.2499,45.19938],[26.24982,45.21173],[26.24343,45.22408],[26.23455,45.23322],[26.24181,45.23665],[26.23046,45.24111],[26.22632,45.247],[26.23102,45.25273],[26.22961,45.26099],[26.21938,45.27673],[26.20358,45.27428],[26.18711,45.27714],[26.18658,45.27908],[26.19318,45.28442],[26.19729,45.28564],[26.22021,45.30447],[26.23145,45.30752],[26.23311,45.31489],[26.22835,45.32106],[26.22278,45.32582],[26.21132,45.32754],[26.19095,45.3479],[26.18742,45.35636],[26.17835,45.35814],[26.17227,45.36266],[26.16068,45.36326],[26.16066,45.36799],[26.15421,45.37725],[26.1591,45.39057],[26.16544,45.39722],[26.1636,45.40177],[26.15362,45.40463],[26.14342,45.41153],[26.14318,45.4173],[26.14889,45.42826],[26.14844,45.45697],[26.12243,45.47536],[26.10599,45.47733],[26.09137,45.4855],[26.08973,45.48853],[26.08637,45.49476],[26.07272,45.50579],[26.06945,45.50376],[26.06665,45.5009],[26.0643,45.4855],[26.0553,45.48464],[26.04363,45.47846],[26.02843,45.48618],[26.01344,45.49097],[26.00957,45.50271],[25.99609,45.51341],[25.98051,45.51153],[25.9676,45.50847],[25.9387,45.51289]]]]},"properties":{"code":"RO316","nom":"Prahova","country":"RO"}},{"type":"Feature","geometry":{"type":"MultiPolygon","coordinates":[[[[26.10446,44.53954],[26.09918,44.54104],[26.08973,44.53936],[26.07937,44.53752],[26.07492,44.54091],[26.06945,44.53946],[26.06703,44.53459],[26.03562,44.52446],[26.02929,44.52769],[26.02393,44.52495],[26.02207,44.51912],[26.00921,44.51421],[26.00651,44.50041],[25.99855,44.49904],[25.99484,44.49658],[25.98771,44.4991],[25.98383,44.49758],[25.98728,44.49166],[25.98013,44.47165],[25.9796,44.47044],[25.97807,44.46658],[26.01381,44.4572],[26.01493,44.45102],[26.02028,44.44744],[26.01105,44.44298],[25.96831,44.44065],[25.96731,44.43192],[25.96805,44.42314],[25.96483,44.41826],[25.97094,44.415],[25.97597,44.40637],[25.98226,44.40745],[25.98898,44.40735],[25.9955,44.40927],[25.99617,44.40666],[25.99775,44.40345],[26.00344,44.40238],[26.01156,44.40486],[26.02873,44.38979],[26.03613,44.38973],[26.03836,44.38699],[26.03302,44.38318],[26.04441,44.37647],[26.05769,44.3784],[26.08609,44.36937],[26.08812,44.36924],[26.08973,44.36765],[26.09545,44.36199],[26.10002,44.36237],[26.10617,44.35907],[26.11195,44.3608],[26.1264,44.35333],[26.12934,44.35118],[26.1292,44.34747],[26.14619,44.33771],[26.15364,44.33485],[26.15748,44.33962],[26.16381,44.34175],[26.16542,44.34522],[26.16012,44.34713],[26.14355,44.3695],[26.16188,44.39828],[26.18243,44.39397],[26.21204,44.39565],[26.20875,44.40416],[26.21731,44.40771],[26.21813,44.41266],[26.22555,44.43241],[26.2094,44.43379],[26.20479,44.4382],[26.19827,44.43973],[26.19751,44.44255],[26.196,44.44557],[26.17641,44.44485],[26.17639,44.45319],[26.16948,44.45149],[26.15691,44.45575],[26.17596,44.47525],[26.18487,44.47911],[26.11481,44.48738],[26.10562,44.50057],[26.10897,44.50458],[26.10326,44.50771],[26.10555,44.51837],[26.10446,44.53954]]]]},"properties":{"code":"RO321","nom":"Bucure\u015fti","country":"RO"}},{"type":"Feature","geometry":{"type":"MultiPolygon","coordinates":[[[[25.72439,46.25594],[25.73158,46.26001],[25.73239,46.26651],[25.72215,46.27557],[25.71093,46.27598],[25.70053,46.27634],[25.69866,46.27598],[25.68514,46.27251],[25.68011,46.27172],[25.67368,46.26279],[25.66478,46.25771],[25.61569,46.2399],[25.60155,46.24049],[25.5748,46.21287],[25.56192,46.21734],[25.55653,46.20846],[25.54699,46.20872],[25.50566,46.18533],[25.50998,46.17836],[25.50537,46.16635],[25.50788,46.16084],[25.49645,46.14858],[25.47951,46.14549],[25.47761,46.12439],[25.4681,46.11389],[25.46629,46.10669],[25.46135,46.10439],[25.45124,46.10409],[25.45145,46.10247],[25.45297,46.08429],[25.45121,46.0743],[25.45475,46.07024],[25.46767,46.06534],[25.47384,46.05972],[25.48476,46.05843],[25.49428,46.05043],[25.50593,46.04539],[25.52607,46.05058],[25.5305,46.04971],[25.53376,46.05196],[25.53586,46.04871],[25.54348,46.0493],[25.54401,46.05342],[25.55295,46.05383],[25.55477,46.04907],[25.56069,46.05214],[25.56025,46.03758],[25.56468,46.03627],[25.57188,46.02956],[25.58066,46.02581],[25.58172,46.02127],[25.56882,46.00338],[25.56035,46.00109],[25.5577,45.99726],[25.54636,45.99595],[25.55223,45.98868],[25.55016,45.98731],[25.5444,45.98952],[25.54122,45.983],[25.53878,45.96622],[25.54204,45.95327],[25.5461,45.94852],[25.54096,45.93874],[25.54521,45.93019],[25.54636,45.927],[25.55636,45.92134],[25.56289,45.91431],[25.54928,45.90665],[25.5519,45.90118],[25.54803,45.89784],[25.54845,45.89338],[25.54231,45.89228],[25.54441,45.88995],[25.55345,45.8906],[25.55599,45.89571],[25.56893,45.89683],[25.60865,45.89173],[25.63961,45.90099],[25.64152,45.89706],[25.63951,45.89505],[25.60154,45.88664],[25.59673,45.87864],[25.58803,45.87308],[25.58175,45.87509],[25.58924,45.88066],[25.58516,45.88282],[25.57062,45.87737],[25.55913,45.87634],[25.55696,45.87313],[25.56397,45.86058],[25.56226,45.84976],[25.56659,45.84662],[25.56434,45.84293],[25.56823,45.83631],[25.58457,45.8282],[25.59871,45.82684],[25.60288,45.8286],[25.6091,45.82492],[25.61281,45.82813],[25.62378,45.82405],[25.61711,45.82059],[25.62476,45.8079],[25.63867,45.80932],[25.64394,45.80812],[25.64595,45.8052],[25.64008,45.80254],[25.64039,45.79986],[25.64714,45.79643],[25.65129,45.79771],[25.66391,45.78883],[25.66499,45.78209],[25.67468,45.77382],[25.67544,45.76811],[25.67245,45.76438],[25.67634,45.75774],[25.67223,45.75371],[25.66536,45.75166],[25.66436,45.74784],[25.67363,45.74643],[25.69699,45.76183],[25.70271,45.77375],[25.71144,45.77003],[25.717,45.77023],[25.71968,45.77252],[25.72749,45.76904],[25.73912,45.77051],[25.74432,45.76894],[25.75412,45.76083],[25.75669,45.76021],[25.76432,45.75683],[25.78938,45.76424],[25.7917,45.76274],[25.7894,45.75353],[25.79879,45.75225],[25.83321,45.74754],[25.82716,45.74205],[25.82851,45.73756],[25.82621,45.7333],[25.82184,45.73234],[25.82271,45.72586],[25.83252,45.72345],[25.83591,45.72347],[25.84091,45.7302],[25.85327,45.72289],[25.85263,45.71903],[25.86229,45.70751],[25.87939,45.71034],[25.91223,45.70969],[25.91467,45.70305],[25.9238,45.70178],[25.93973,45.69259],[25.96176,45.68761],[25.97158,45.68758],[25.96734,45.66095],[25.95129,45.65242],[25.96458,45.64749],[25.99602,45.6462],[26.00268,45.64788],[26.00706,45.64312],[26.02019,45.6374],[26.01331,45.62359],[26.01431,45.61932],[26.02066,45.61556],[26.03126,45.61843],[26.05544,45.61695],[26.05633,45.61208],[26.06491,45.60655],[26.05424,45.59543],[26.06753,45.58557],[26.06945,45.58092],[26.07345,45.57741],[26.08973,45.57301],[26.09311,45.57209],[26.09521,45.55791],[26.10373,45.55075],[26.09018,45.52021],[26.09333,45.51631],[26.09973,45.53023],[26.12094,45.54883],[26.12731,45.56071],[26.13775,45.56795],[26.14594,45.58327],[26.15473,45.58444],[26.15588,45.57748],[26.16083,45.5761],[26.16249,45.57058],[26.17181,45.5635],[26.17901,45.57231],[26.17536,45.57811],[26.17777,45.59324],[26.18467,45.59693],[26.18555,45.60737],[26.2066,45.61526],[26.21237,45.6214],[26.21926,45.62206],[26.23544,45.62254],[26.24529,45.62611],[26.24823,45.6211],[26.25451,45.61771],[26.24982,45.61124],[26.25172,45.60233],[26.27427,45.59191],[26.28166,45.58578],[26.28584,45.59401],[26.29488,45.59812],[26.29982,45.60444],[26.30515,45.60649],[26.31031,45.604],[26.31819,45.62081],[26.32662,45.62602],[26.32927,45.63765],[26.32453,45.64921],[26.33283,45.66917],[26.3328,45.68476],[26.34582,45.70238],[26.34912,45.70316],[26.35731,45.71304],[26.35369,45.72155],[26.36376,45.72275],[26.36815,45.72913],[26.37086,45.73335],[26.38392,45.73627],[26.38099,45.74996],[26.38897,45.76565],[26.38365,45.78292],[26.38594,45.79396],[26.39209,45.80239],[26.38507,45.80631],[26.37491,45.8209],[26.37772,45.82729],[26.37717,45.83636],[26.37148,45.84385],[26.37231,45.84952],[26.37693,45.86013],[26.38746,45.87377],[26.38585,45.88215],[26.3773,45.8897],[26.37586,45.90613],[26.38131,45.91088],[26.38304,45.91698],[26.39397,45.92188],[26.39019,45.92846],[26.39163,45.93405],[26.38721,45.94085],[26.39157,45.94752],[26.39016,45.95566],[26.39776,45.96518],[26.43728,45.98945],[26.43765,45.99295],[26.43236,45.99962],[26.43457,46.00657],[26.44505,46.01776],[26.43816,46.03347],[26.43998,46.03888],[26.43865,46.04793],[26.44072,46.05148],[26.42563,46.0674],[26.43063,46.07801],[26.40622,46.09219],[26.40693,46.10311],[26.39126,46.10134],[26.37628,46.10674],[26.37097,46.11004],[26.36795,46.11789],[26.38055,46.12764],[26.38716,46.12562],[26.3889,46.13384],[26.38443,46.13948],[26.38533,46.14501],[26.37299,46.14568],[26.36568,46.14225],[26.35325,46.14103],[26.34388,46.1378],[26.34678,46.16245],[26.33406,46.17604],[26.331,46.18595],[26.33371,46.19559],[26.34145,46.20096],[26.33752,46.21516],[26.32493,46.23117],[26.30997,46.23853],[26.28676,46.24514],[26.26344,46.24634],[26.26151,46.23968],[26.25208,46.23593],[26.25764,46.23123],[26.25994,46.21797],[26.25811,46.21434],[26.25067,46.21019],[26.23384,46.20619],[26.21993,46.20614],[26.21491,46.19141],[26.20691,46.18],[26.19948,46.17952],[26.18982,46.18302],[26.18662,46.17955],[26.17889,46.18124],[26.1759,46.16747],[26.17134,46.16069],[26.16535,46.16089],[26.13162,46.17155],[26.12361,46.16922],[26.11676,46.16204],[26.09589,46.16453],[26.08973,46.16163],[26.08554,46.15965],[26.0887,46.15669],[26.06945,46.15957],[26.0596,46.16033],[26.04507,46.15425],[26.03827,46.15043],[26.03562,46.14417],[26.02979,46.1421],[26.01834,46.12839],[26.00316,46.13013],[25.99029,46.12578],[25.98474,46.12791],[25.98227,46.13346],[25.97869,46.13512],[25.93949,46.12671],[25.91799,46.13064],[25.91381,46.12995],[25.90331,46.12267],[25.89703,46.12346],[25.88789,46.12132],[25.87778,46.12393],[25.85872,46.11984],[25.84847,46.12392],[25.84545,46.13088],[25.83817,46.1351],[25.83546,46.14367],[25.82467,46.14889],[25.82187,46.15292],[25.80561,46.16519],[25.80297,46.17266],[25.79879,46.17349],[25.79403,46.17444],[25.79059,46.1775],[25.79053,46.19002],[25.78452,46.19944],[25.76685,46.21102],[25.76139,46.21823],[25.72439,46.25594]]]]},"properties":{"code":"RO123","nom":"Covasna","country":"RO"}},{"type":"Feature","geometry":{"type":"MultiPolygon","coordinates":[[[[27.68377,46.95441],[27.65992,46.97339],[27.65486,46.97592],[27.63867,46.97702],[27.63036,46.98767],[27.62235,46.99078],[27.61826,46.98691],[27.60869,46.97067],[27.60708,46.95763],[27.61561,46.95019],[27.6082,46.94601],[27.61764,46.93909],[27.61605,46.92612],[27.62964,46.92239],[27.6374,46.91325],[27.63757,46.90535],[27.64409,46.89765],[27.64311,46.89559],[27.63255,46.89591],[27.6197,46.89049],[27.6092,46.89283],[27.5972,46.88197],[27.58795,46.87869],[27.58539,46.87974],[27.58636,46.88635],[27.58414,46.8882],[27.57276,46.88821],[27.56805,46.88184],[27.56399,46.88513],[27.56034,46.89531],[27.54734,46.91329],[27.53573,46.91162],[27.52949,46.91564],[27.5207,46.91334],[27.52365,46.90559],[27.52293,46.89156],[27.53205,46.88228],[27.51575,46.87521],[27.49317,46.87675],[27.48735,46.87481],[27.48687,46.86898],[27.47569,46.86727],[27.47002,46.87054],[27.46232,46.86775],[27.46532,46.86383],[27.46035,46.86295],[27.45796,46.86557],[27.45287,46.86891],[27.44475,46.86532],[27.4257,46.86288],[27.42128,46.86792],[27.41851,46.87286],[27.41401,46.87532],[27.4018,46.87704],[27.39712,46.88419],[27.40021,46.88764],[27.39821,46.8931],[27.37895,46.88953],[27.3713,46.89082],[27.36448,46.88335],[27.35223,46.88133],[27.34856,46.87686],[27.33914,46.87455],[27.33639,46.8677],[27.33106,46.86723],[27.32222,46.86711],[27.32088,46.86452],[27.31172,46.86357],[27.30701,46.86824],[27.29405,46.86806],[27.28463,46.87518],[27.27146,46.86995],[27.25123,46.86759],[27.24808,46.8744],[27.23717,46.86981],[27.22715,46.86853],[27.22322,46.87706],[27.21858,46.87715],[27.21307,46.87721],[27.20239,46.88241],[27.18927,46.87526],[27.19426,46.86406],[27.20147,46.8612],[27.20154,46.85595],[27.21288,46.85286],[27.2182,46.84904],[27.20856,46.8399],[27.22157,46.83121],[27.22641,46.82179],[27.21688,46.81661],[27.21819,46.8127],[27.21271,46.8016],[27.21354,46.79062],[27.21564,46.78897],[27.22463,46.78921],[27.22993,46.7851],[27.23335,46.77644],[27.22929,46.77027],[27.22158,46.77193],[27.212,46.77036],[27.20622,46.76985],[27.21194,46.76121],[27.22756,46.74853],[27.23464,46.7484],[27.23434,46.74247],[27.24073,46.73519],[27.25507,46.72783],[27.2859,46.71687],[27.31132,46.70141],[27.32017,46.7018],[27.32558,46.6981],[27.31918,46.69245],[27.31081,46.69095],[27.3059,46.68705],[27.30556,46.68279],[27.29296,46.67689],[27.30233,46.66817],[27.31935,46.65837],[27.31447,46.65143],[27.2955,46.64046],[27.27636,46.62527],[27.28799,46.61718],[27.29513,46.60841],[27.30631,46.60345],[27.31123,46.59613],[27.31841,46.59476],[27.32054,46.58982],[27.32925,46.58351],[27.33008,46.58172],[27.33575,46.56627],[27.35098,46.55231],[27.36136,46.53578],[27.36799,46.53237],[27.37061,46.52576],[27.37625,46.52138],[27.37473,46.51778],[27.37797,46.51631],[27.38359,46.518],[27.38124,46.51188],[27.38292,46.49915],[27.39688,46.47818],[27.39903,46.47029],[27.40754,46.46343],[27.41488,46.46138],[27.41178,46.45733],[27.41617,46.44183],[27.41851,46.43509],[27.42311,46.43492],[27.42084,46.43063],[27.42881,46.4247],[27.43263,46.41341],[27.44135,46.40988],[27.44743,46.40254],[27.45222,46.37964],[27.45992,46.37815],[27.4644,46.37066],[27.46523,46.36377],[27.46081,46.35989],[27.46094,46.35693],[27.4737,46.33337],[27.48075,46.32812],[27.47707,46.32523],[27.47699,46.32073],[27.47066,46.322],[27.45805,46.31834],[27.45999,46.30951],[27.46551,46.3024],[27.46503,46.29573],[27.48053,46.28338],[27.46757,46.27765],[27.46787,46.27598],[27.47253,46.24996],[27.47385,46.23671],[27.47953,46.22115],[27.50704,46.21823],[27.51,46.20912],[27.50696,46.20513],[27.50478,46.20312],[27.508,46.19417],[27.50538,46.19131],[27.50591,46.18272],[27.50099,46.16626],[27.50598,46.16313],[27.5059,46.15651],[27.49282,46.15921],[27.48662,46.15266],[27.48513,46.14605],[27.5009,46.14331],[27.50305,46.13962],[27.50405,46.13543],[27.50454,46.13402],[27.50545,46.13285],[27.5123,46.12664],[27.52429,46.11475],[27.53491,46.09595],[27.52337,46.09113],[27.5218,46.08639],[27.51716,46.08535],[27.53191,46.06712],[27.51597,46.0546],[27.52673,46.04459],[27.54083,46.02123],[27.55092,46.01092],[27.56071,46.00704],[27.56425,46.0032],[27.58958,46.00942],[27.60348,46.01927],[27.59672,46.02765],[27.60384,46.03556],[27.59959,46.04202],[27.60031,46.05529],[27.62768,46.06138],[27.62317,46.06592],[27.61718,46.06563],[27.61932,46.07044],[27.6153,46.07279],[27.59166,46.06974],[27.58705,46.07281],[27.60954,46.07838],[27.60473,46.09272],[27.58993,46.1101],[27.59326,46.11443],[27.59106,46.1214],[27.59804,46.12461],[27.58563,46.13544],[27.58231,46.1437],[27.59129,46.14882],[27.60355,46.14447],[27.59837,46.13906],[27.60566,46.13123],[27.61076,46.13559],[27.62585,46.13487],[27.63438,46.13757],[27.64689,46.13073],[27.65105,46.1396],[27.66754,46.13304],[27.6725,46.13396],[27.67654,46.14068],[27.6927,46.13293],[27.7094,46.1379],[27.71196,46.12958],[27.72644,46.12979],[27.7618,46.12751],[27.76432,46.11556],[27.77845,46.11057],[27.78591,46.11156],[27.78766,46.09559],[27.79239,46.10069],[27.79666,46.09867],[27.81543,46.10481],[27.80943,46.1117],[27.82226,46.118],[27.82953,46.11206],[27.8357,46.11432],[27.83775,46.11652],[27.83114,46.12687],[27.84343,46.12632],[27.84596,46.12934],[27.84694,46.15637],[27.85566,46.15823],[27.85718,46.16309],[27.86855,46.16066],[27.87349,46.14569],[27.88575,46.1457],[27.90992,46.15326],[27.91647,46.14912],[27.9269,46.15159],[27.93997,46.13571],[27.96458,46.14144],[27.97226,46.12319],[27.97994,46.12246],[27.98078,46.11707],[27.98511,46.11104],[28.00062,46.11519],[28.00879,46.11467],[28.00964,46.10538],[28.01743,46.10381],[28.04156,46.10662],[28.07592,46.11751],[28.09268,46.11686],[28.1051,46.11638],[28.11472,46.11265],[28.1158,46.10783],[28.11765,46.11141],[28.12388,46.11234],[28.12494,46.12528],[28.13363,46.12934],[28.12643,46.13466],[28.1287,46.14365],[28.12426,46.15017],[28.12611,46.15432],[28.13224,46.1549],[28.13621,46.16151],[28.14203,46.16466],[28.13845,46.17036],[28.1287,46.17675],[28.13084,46.17862],[28.13925,46.1764],[28.14328,46.17816],[28.13327,46.18166],[28.13202,46.18542],[28.14075,46.18313],[28.1415,46.19035],[28.13496,46.19486],[28.12348,46.1923],[28.11934,46.19244],[28.11832,46.19474],[28.12513,46.20336],[28.12436,46.20997],[28.11739,46.21087],[28.1144,46.20268],[28.11012,46.2051],[28.11397,46.21088],[28.1093,46.2144],[28.11131,46.21947],[28.10714,46.22227],[28.11142,46.23182],[28.11008,46.24229],[28.11399,46.24491],[28.1186,46.23951],[28.13274,46.25025],[28.13851,46.24861],[28.1432,46.25003],[28.14604,46.25253],[28.14363,46.25553],[28.13155,46.25646],[28.12721,46.26146],[28.13534,46.2649],[28.13639,46.27598],[28.13681,46.28034],[28.13953,46.28425],[28.14607,46.28583],[28.14447,46.27911],[28.15141,46.27832],[28.15122,46.29087],[28.16662,46.28277],[28.16989,46.29461],[28.17287,46.29653],[28.17532,46.29442],[28.17453,46.28973],[28.17811,46.28787],[28.18527,46.29241],[28.17995,46.29927],[28.19572,46.30401],[28.20674,46.31799],[28.19838,46.32576],[28.19291,46.32445],[28.18855,46.32634],[28.19019,46.32989],[28.18597,46.33432],[28.18897,46.33617],[28.19535,46.33552],[28.19836,46.34337],[28.1959,46.34578],[28.19274,46.34374],[28.18952,46.34476],[28.18387,46.35327],[28.18768,46.35316],[28.18603,46.35161],[28.1892,46.3501],[28.19626,46.3502],[28.1932,46.35612],[28.2046,46.35884],[28.19985,46.36328],[28.20528,46.36827],[28.19929,46.37202],[28.20791,46.37399],[28.21218,46.37749],[28.2182,46.38242],[28.22198,46.38817],[28.21746,46.39402],[28.2223,46.39352],[28.23499,46.39007],[28.24221,46.39613],[28.23779,46.40036],[28.22516,46.39997],[28.22652,46.40292],[28.23509,46.40395],[28.23771,46.40615],[28.23104,46.40837],[28.23045,46.41462],[28.23454,46.41669],[28.24885,46.41618],[28.25653,46.42424],[28.25567,46.43284],[28.26003,46.4375],[28.25762,46.44549],[28.25519,46.44714],[28.2436,46.44746],[28.24084,46.45051],[28.24166,46.45312],[28.2574,46.4612],[28.24656,46.46384],[28.24974,46.46682],[28.24518,46.46997],[28.2452,46.47689],[28.24134,46.47899],[28.2354,46.47642],[28.22641,46.47886],[28.22605,46.48088],[28.23078,46.48376],[28.22991,46.49389],[28.22382,46.49576],[28.22119,46.502],[28.21218,46.49878],[28.21104,46.50789],[28.21464,46.51092],[28.22275,46.51216],[28.21515,46.52185],[28.22454,46.52077],[28.22989,46.52863],[28.22612,46.53043],[28.22618,46.53517],[28.22243,46.53402],[28.21628,46.53651],[28.21827,46.54062],[28.22584,46.55156],[28.23441,46.55296],[28.23258,46.56146],[28.22615,46.56543],[28.22353,46.57753],[28.22632,46.58003],[28.23664,46.58143],[28.23316,46.58513],[28.23846,46.58844],[28.23942,46.59835],[28.24799,46.60513],[28.24503,46.60734],[28.25115,46.61188],[28.25094,46.62209],[28.24786,46.62723],[28.24136,46.62815],[28.23958,46.63021],[28.24451,46.63661],[28.23909,46.64362],[28.24526,46.6457],[28.23792,46.65165],[28.23599,46.66604],[28.2391,46.66835],[28.2364,46.67777],[28.2326,46.67889],[28.22991,46.67574],[28.22682,46.67572],[28.21939,46.68829],[28.21218,46.6846],[28.21001,46.68538],[28.21218,46.69123],[28.21218,46.69538],[28.2043,46.70039],[28.20918,46.7053],[28.20924,46.71179],[28.20206,46.71605],[28.20121,46.72088],[28.19594,46.72059],[28.18737,46.72383],[28.18705,46.72604],[28.19431,46.73002],[28.19436,46.73374],[28.19183,46.73543],[28.18565,46.73416],[28.18178,46.73551],[28.17862,46.74234],[28.18309,46.7436],[28.18198,46.74741],[28.17771,46.74725],[28.17351,46.75139],[28.17563,46.75558],[28.18108,46.75526],[28.18412,46.75818],[28.17857,46.75938],[28.17888,46.76415],[28.17681,46.77001],[28.16811,46.7698],[28.17098,46.77519],[28.16484,46.7746],[28.16184,46.77677],[28.17524,46.77778],[28.17104,46.78257],[28.16629,46.78498],[28.16409,46.7903],[28.15944,46.78697],[28.15229,46.7919],[28.15072,46.79908],[28.13218,46.80466],[28.12926,46.81193],[28.12443,46.8154],[28.12583,46.82211],[28.11906,46.81903],[28.11546,46.82134],[28.11381,46.83841],[28.10172,46.84164],[28.09197,46.84776],[28.08318,46.84588],[28.07176,46.85129],[28.06812,46.85066],[28.06185,46.84744],[28.05281,46.85027],[28.04517,46.84461],[28.03484,46.84091],[28.01975,46.8336],[28.00726,46.83915],[27.9902,46.83839],[27.97895,46.85723],[27.95619,46.85689],[27.94255,46.85571],[27.93626,46.86422],[27.93241,46.86558],[27.92794,46.86592],[27.92268,46.8634],[27.93925,46.84676],[27.93862,46.84384],[27.9326,46.84328],[27.92919,46.84023],[27.93999,46.83762],[27.93612,46.8323],[27.94288,46.82331],[27.92854,46.81938],[27.92097,46.81757],[27.91143,46.81045],[27.90401,46.80978],[27.89353,46.81471],[27.88961,46.82455],[27.8859,46.82388],[27.87698,46.83048],[27.86984,46.83989],[27.8708,46.85907],[27.86643,46.85674],[27.84686,46.86492],[27.83628,46.86442],[27.83204,46.86205],[27.8276,46.85377],[27.79701,46.86014],[27.80648,46.87576],[27.81311,46.88114],[27.80905,46.89868],[27.81075,46.91703],[27.81597,46.92445],[27.81114,46.9321],[27.80585,46.92849],[27.79418,46.92946],[27.79038,46.94211],[27.78767,46.94564],[27.78088,46.94811],[27.77062,46.94715],[27.77043,46.93329],[27.7835,46.90605],[27.78323,46.89716],[27.79019,46.88507],[27.79037,46.87524],[27.78721,46.8751],[27.78434,46.8801],[27.76986,46.87732],[27.76778,46.8814],[27.7561,46.88993],[27.74435,46.90303],[27.7393,46.91569],[27.73348,46.92114],[27.72446,46.92087],[27.71622,46.93097],[27.71014,46.93222],[27.70501,46.93943],[27.69381,46.93793],[27.68377,46.95441]]]]},"properties":{"code":"RO216","nom":"Vaslui","country":"RO"}},{"type":"Feature","geometry":{"type":"MultiPolygon","coordinates":[[[[26.72348,44.53797],[26.72506,44.55864],[26.69783,44.56],[26.68219,44.56248],[26.68146,44.56594],[26.67444,44.57194],[26.68275,44.5909],[26.66557,44.59496],[26.63642,44.54241],[26.64365,44.53618],[26.64225,44.5331],[26.63962,44.53269],[26.62152,44.54238],[26.61543,44.53612],[26.61928,44.5308],[26.61715,44.52751],[26.60371,44.53244],[26.60291,44.52671],[26.60957,44.52213],[26.59754,44.51513],[26.59392,44.5113],[26.58949,44.51208],[26.59853,44.52236],[26.58761,44.52418],[26.58103,44.5251],[26.56288,44.5266],[26.55323,44.53401],[26.52187,44.55813],[26.51318,44.56091],[26.50747,44.55625],[26.49287,44.56221],[26.49424,44.57203],[26.48038,44.57587],[26.47321,44.56906],[26.46632,44.56406],[26.454,44.56591],[26.44671,44.56395],[26.44004,44.54908],[26.46468,44.54861],[26.46595,44.54678],[26.43045,44.5228],[26.41963,44.52414],[26.41606,44.52168],[26.40786,44.5098],[26.39883,44.51069],[26.38887,44.50413],[26.36167,44.48634],[26.37592,44.47733],[26.37653,44.47017],[26.3811,44.4696],[26.38237,44.46524],[26.39408,44.46513],[26.39558,44.45818],[26.39848,44.45716],[26.42534,44.4568],[26.43745,44.46121],[26.44362,44.4568],[26.44796,44.45635],[26.45242,44.46209],[26.45728,44.45908],[26.45194,44.45596],[26.45135,44.44514],[26.44247,44.44388],[26.44062,44.43816],[26.40276,44.43826],[26.39936,44.42119],[26.38946,44.41661],[26.37499,44.42125],[26.35063,44.41066],[26.34604,44.39897],[26.34221,44.39819],[26.33727,44.40122],[26.32461,44.39638],[26.33015,44.39011],[26.32364,44.38593],[26.32062,44.38718],[26.31671,44.39917],[26.3106,44.4012],[26.3056,44.40642],[26.3053,44.41137],[26.29767,44.41253],[26.28889,44.41732],[26.28179,44.41393],[26.26871,44.41017],[26.26003,44.40925],[26.26834,44.40559],[26.28586,44.40482],[26.28838,44.39921],[26.2974,44.39846],[26.29955,44.39054],[26.3095,44.39119],[26.31268,44.38922],[26.31508,44.37224],[26.32699,44.37411],[26.33096,44.37169],[26.31725,44.36329],[26.31853,44.35878],[26.31073,44.35374],[26.29538,44.35224],[26.28665,44.34593],[26.27941,44.348],[26.25249,44.33024],[26.27475,44.31707],[26.25414,44.29822],[26.25996,44.29499],[26.28192,44.28203],[26.2823,44.27789],[26.28762,44.27497],[26.30357,44.25585],[26.31497,44.25786],[26.32508,44.25067],[26.33468,44.25007],[26.3456,44.24235],[26.35951,44.24138],[26.3624,44.2234],[26.39966,44.22372],[26.4016,44.2082],[26.4141,44.20471],[26.41585,44.19859],[26.40723,44.19991],[26.39975,44.19748],[26.40048,44.18596],[26.41579,44.18768],[26.41948,44.18385],[26.41434,44.17973],[26.41388,44.1748],[26.41729,44.16586],[26.42222,44.16467],[26.42716,44.15662],[26.42848,44.14701],[26.41853,44.13072],[26.41897,44.12474],[26.40116,44.12554],[26.37876,44.11876],[26.35876,44.10739],[26.37353,44.056],[26.38182,44.03861],[26.38925,44.0397],[26.397,44.04068],[26.40255,44.04067],[26.40656,44.04047],[26.41098,44.03986],[26.42251,44.0375],[26.48383,44.04275],[26.48798,44.04285],[26.49005,44.04301],[26.4928,44.04331],[26.49541,44.04368],[26.50451,44.04539],[26.51237,44.04718],[26.51932,44.04859],[26.52712,44.05034],[26.52905,44.05071],[26.54157,44.05265],[26.5495,44.05455],[26.56852,44.05799],[26.60134,44.05347],[26.61488,44.05485],[26.62716,44.05741],[26.63306,44.05853],[26.63991,44.06033],[26.64804,44.06264],[26.65604,44.06506],[26.65856,44.06595],[26.6615,44.0674],[26.66514,44.06941],[26.6682,44.07097],[26.67852,44.07452],[26.69398,44.07901],[26.69625,44.07982],[26.69992,44.08064],[26.71518,44.08077],[26.74124,44.07496],[26.77211,44.07955],[26.77565,44.08083],[26.78415,44.0846],[26.80297,44.09296],[26.83722,44.11165],[26.85307,44.11537],[26.87015,44.12018],[26.87473,44.12174],[26.88074,44.12378],[26.88537,44.12551],[26.90232,44.13416],[26.90555,44.13581],[26.92368,44.14015],[26.9697,44.13227],[26.97469,44.1321],[26.98573,44.1312],[26.98846,44.13123],[26.99104,44.13138],[26.99314,44.13171],[26.99653,44.13252],[26.99988,44.13381],[27.00445,44.13579],[27.00606,44.1364],[27.00832,44.13726],[27.01858,44.14054],[27.02778,44.14318],[27.03848,44.14341],[27.06361,44.13578],[27.08244,44.13352],[27.09424,44.13433],[27.10836,44.13881],[27.13497,44.14051],[27.16073,44.1354],[27.18549,44.11953],[27.20031,44.11673],[27.20446,44.11636],[27.21345,44.1158],[27.22395,44.11543],[27.23117,44.11544],[27.2343,44.11558],[27.23655,44.11581],[27.23854,44.11615],[27.24176,44.1169],[27.26376,44.12566],[27.27134,44.12634],[27.2746,44.12802],[27.2915,44.13605],[27.29537,44.13814],[27.30532,44.14046],[27.31509,44.14059],[27.32783,44.13929],[27.34205,44.13316],[27.34576,44.13125],[27.35946,44.12883],[27.36586,44.12819],[27.37155,44.1279],[27.37682,44.12831],[27.39273,44.13194],[27.39794,44.13146],[27.40749,44.13052],[27.41341,44.12903],[27.41851,44.12791],[27.42508,44.12647],[27.43092,44.12516],[27.43608,44.12459],[27.44359,44.12398],[27.45343,44.12507],[27.45842,44.12668],[27.46392,44.12981],[27.4713,44.13531],[27.47346,44.13655],[27.47592,44.13774],[27.50838,44.15432],[27.50956,44.15537],[27.51213,44.1585],[27.51831,44.16408],[27.52341,44.16734],[27.52832,44.17007],[27.53477,44.17203],[27.54118,44.17424],[27.54457,44.17566],[27.55161,44.17986],[27.55679,44.18234],[27.56339,44.18465],[27.57778,44.19073],[27.6006,44.19832],[27.61512,44.19984],[27.62021,44.20112],[27.62938,44.20532],[27.63451,44.20595],[27.63696,44.20606],[27.63927,44.20598],[27.65046,44.20501],[27.6568,44.20451],[27.66046,44.20382],[27.66588,44.20236],[27.67857,44.20164],[27.68384,44.2012],[27.69006,44.1997],[27.69384,44.19864],[27.69788,44.19696],[27.70018,44.19644],[27.7122,44.1958],[27.7142,44.19609],[27.72523,44.19764],[27.73293,44.19942],[27.74147,44.20532],[27.75576,44.21484],[27.75727,44.21602],[27.77937,44.23279],[27.79864,44.23953],[27.83113,44.24675],[27.86255,44.24534],[27.88673,44.251],[27.91005,44.24755],[27.92376,44.24788],[27.94575,44.2552],[27.96686,44.27362],[27.97952,44.29204],[27.99591,44.30384],[28.0019,44.31171],[28.01172,44.32242],[28.01737,44.34025],[27.85504,44.38011],[27.84398,44.36957],[27.83445,44.34722],[27.82034,44.33701],[27.81312,44.33471],[27.80388,44.34057],[27.79943,44.33938],[27.78865,44.35438],[27.77094,44.34512],[27.76146,44.34895],[27.74987,44.3607],[27.75535,44.36624],[27.74798,44.37461],[27.74609,44.38075],[27.76856,44.39535],[27.7641,44.39734],[27.74907,44.39773],[27.74545,44.40511],[27.73261,44.40741],[27.73172,44.41769],[27.72617,44.41928],[27.70702,44.41975],[27.7051,44.41949],[27.69465,44.41973],[27.68942,44.42014],[27.65428,44.42092],[27.65449,44.42506],[27.659,44.44185],[27.65939,44.44613],[27.6534,44.44656],[27.65381,44.45062],[27.64849,44.45082],[27.64941,44.46499],[27.63856,44.46541],[27.63909,44.47071],[27.61439,44.47161],[27.61384,44.46773],[27.57064,44.46858],[27.57182,44.55744],[27.55065,44.56165],[27.54645,44.56057],[27.54507,44.54279],[27.52528,44.54268],[27.51829,44.49808],[27.50368,44.49649],[27.50241,44.49355],[27.48679,44.49389],[27.42107,44.49483],[27.41851,44.49726],[27.38846,44.49623],[27.39007,44.50591],[27.36972,44.50614],[27.37016,44.51629],[27.35216,44.51729],[27.35148,44.51351],[27.34559,44.48594],[27.34209,44.48641],[27.31292,44.48942],[27.31241,44.4868],[27.28743,44.4897],[27.29027,44.50379],[27.2678,44.50626],[27.2629,44.48918],[27.22787,44.49347],[27.2308,44.50501],[27.22165,44.50626],[27.22006,44.49983],[27.21047,44.50104],[27.20474,44.48424],[27.18836,44.48674],[27.18604,44.49233],[27.15405,44.49917],[27.13985,44.50092],[27.13549,44.48302],[27.10813,44.4844],[27.09644,44.48506],[27.09153,44.48508],[27.09167,44.50859],[27.04239,44.50866],[27.00347,44.50869],[27.00358,44.52899],[26.9727,44.52893],[26.94079,44.52417],[26.90232,44.51757],[26.8927,44.51592],[26.89637,44.52307],[26.88234,44.52742],[26.87496,44.51814],[26.86146,44.51983],[26.84509,44.51596],[26.84452,44.519],[26.84909,44.52421],[26.84237,44.52613],[26.82994,44.52668],[26.82329,44.51249],[26.81071,44.5216],[26.80461,44.5151],[26.79628,44.51102],[26.77099,44.51824],[26.77296,44.52201],[26.77977,44.52301],[26.78538,44.54199],[26.76105,44.54943],[26.75449,44.52974],[26.75057,44.52883],[26.72348,44.53797]]]]},"properties":{"code":"RO312","nom":"C\u0103l\u0103ra\u015fi","country":"RO"}},{"type":"Feature","geometry":{"type":"MultiPolygon","coordinates":[[[[24.41959,44.87433],[24.42059,44.88028],[24.42555,44.88316],[24.42368,44.88998],[24.38894,44.90146],[24.38802,44.89686],[24.3813,44.8905],[24.38091,44.8841],[24.36766,44.8719],[24.35235,44.86885],[24.34223,44.87048],[24.33316,44.86892],[24.33343,44.86378],[24.34091,44.85335],[24.32449,44.84119],[24.31997,44.84017],[24.31957,44.83878],[24.32786,44.83127],[24.32575,44.82122],[24.32768,44.81885],[24.32109,44.81577],[24.32156,44.80776],[24.31628,44.79846],[24.31697,44.79409],[24.32147,44.79241],[24.32215,44.7899],[24.30673,44.7814],[24.29943,44.78016],[24.29577,44.77077],[24.27462,44.76878],[24.27803,44.76028],[24.28255,44.74968],[24.27967,44.74497],[24.27623,44.74079],[24.27621,44.73843],[24.2762,44.72873],[24.27973,44.70766],[24.28829,44.69298],[24.28834,44.6929],[24.29037,44.68944],[24.29301,44.68372],[24.29763,44.67764],[24.29881,44.67527],[24.29934,44.67061],[24.3002,44.6667],[24.30162,44.66201],[24.30049,44.64835],[24.30122,44.64176],[24.30684,44.63444],[24.30956,44.63262],[24.31258,44.63149],[24.31606,44.63072],[24.31978,44.62457],[24.32472,44.61289],[24.32475,44.59707],[24.32458,44.57275],[24.3249,44.56085],[24.31161,44.56134],[24.28783,44.56709],[24.28417,44.57148],[24.2872,44.58544],[24.28198,44.6001],[24.26626,44.60151],[24.26004,44.59938],[24.25933,44.57589],[24.25897,44.56549],[24.25422,44.55446],[24.25827,44.5524],[24.25892,44.54892],[24.24463,44.55286],[24.20885,44.55459],[24.19739,44.5533],[24.18504,44.54606],[24.17203,44.55547],[24.16234,44.553],[24.15544,44.5585],[24.14409,44.55577],[24.13052,44.5419],[24.11746,44.53805],[24.11608,44.52431],[24.10737,44.524],[24.09615,44.51676],[24.08823,44.51472],[24.09094,44.50977],[24.08146,44.49871],[24.08208,44.49252],[24.07785,44.49026],[24.07065,44.49462],[24.06155,44.49545],[24.05161,44.50864],[24.0376,44.5062],[24.04263,44.51495],[24.0412,44.5202],[24.03924,44.52169],[24.02765,44.51892],[24.02943,44.52617],[24.02747,44.52879],[24.00267,44.53479],[23.99479,44.53451],[23.9882,44.53801],[23.95812,44.53133],[23.93912,44.53391],[23.92906,44.52812],[23.9282,44.53023],[23.92582,44.52886],[23.90738,44.5183],[23.9072,44.51282],[23.90201,44.51177],[23.89875,44.51524],[23.88529,44.51205],[23.88914,44.50875],[23.89882,44.5068],[23.9041,44.499],[23.90159,44.49663],[23.89698,44.49163],[23.8883,44.4843],[23.88408,44.48161],[23.89534,44.47736],[23.90671,44.46924],[23.90324,44.4669],[23.89242,44.46646],[23.88693,44.46143],[23.89723,44.45629],[23.89446,44.44642],[23.88285,44.43325],[23.88284,44.42279],[23.89048,44.41279],[23.90124,44.42457],[23.92582,44.42037],[23.94885,44.41644],[23.96022,44.41144],[23.96825,44.41036],[23.96483,44.40139],[23.95898,44.38401],[23.96009,44.38167],[23.97778,44.38014],[23.98402,44.37396],[23.98747,44.37356],[24.01441,44.37726],[24.02659,44.38523],[24.0309,44.38014],[24.02566,44.3756],[24.0432,44.36891],[24.04849,44.36468],[24.04616,44.35285],[24.04176,44.34909],[24.05324,44.34476],[24.05249,44.33946],[24.05885,44.33959],[24.06964,44.33269],[24.08562,44.30763],[24.08812,44.30459],[24.09271,44.29903],[24.1087,44.29979],[24.11238,44.26756],[24.14663,44.26328],[24.14959,44.25611],[24.14914,44.25256],[24.14682,44.25191],[24.14512,44.24947],[24.14138,44.24884],[24.2251,44.23019],[24.2222,44.2173],[24.22953,44.21479],[24.2291,44.21355],[24.21708,44.18218],[24.22017,44.17851],[24.2188,44.17102],[24.22928,44.16954],[24.21566,44.12369],[24.22316,44.11957],[24.22146,44.1105],[24.22728,44.10941],[24.22605,44.08622],[24.22201,44.06991],[24.20389,44.07104],[24.18123,44.0686],[24.17513,44.05125],[24.18394,44.04717],[24.17418,44.00897],[24.17456,44.00656],[24.18045,44.00547],[24.20465,44.00267],[24.214,44.00406],[24.26378,43.99824],[24.25911,43.98814],[24.2625,43.98732],[24.25731,43.97501],[24.26031,43.97423],[24.25633,43.96636],[24.25073,43.95773],[24.23235,43.96043],[24.22409,43.94275],[24.2254,43.94082],[24.24068,43.93671],[24.24109,43.93196],[24.24744,43.92975],[24.24608,43.92509],[24.22758,43.88643],[24.23427,43.88326],[24.23066,43.87583],[24.2295,43.87332],[24.22569,43.8642],[24.23097,43.86062],[24.22705,43.85282],[24.1998,43.8578],[24.19496,43.84917],[24.20157,43.84675],[24.19302,43.8284],[24.19877,43.82459],[24.19208,43.81045],[24.1799,43.81323],[24.17466,43.80916],[24.15502,43.81234],[24.13864,43.77679],[24.1291,43.77298],[24.11204,43.69995],[24.14754,43.69221],[24.1705,43.6849],[24.1958,43.68363],[24.19889,43.68394],[24.25525,43.69186],[24.26001,43.69254],[24.26645,43.69346],[24.27696,43.69506],[24.28623,43.69632],[24.29713,43.69804],[24.29959,43.69838],[24.30142,43.69855],[24.30574,43.69883],[24.30768,43.69875],[24.31448,43.69813],[24.32352,43.69769],[24.33773,43.69699],[24.34076,43.69696],[24.41397,43.72216],[24.41945,43.72485],[24.42228,43.72652],[24.42954,43.73169],[24.43232,43.73389],[24.4376,43.7378],[24.44017,43.73957],[24.4429,43.74145],[24.44575,43.74314],[24.45189,43.74631],[24.45772,43.74893],[24.46345,43.75169],[24.47898,43.75841],[24.48327,43.76002],[24.48625,43.76069],[24.48975,43.76128],[24.49417,43.76163],[24.49659,43.76165],[24.5021,43.76152],[24.53977,43.76068],[24.57026,43.75637],[24.59958,43.74941],[24.60403,43.74765],[24.6144,43.74323],[24.62416,43.73931],[24.62863,43.73739],[24.63201,43.73583],[24.63709,43.73324],[24.64043,43.73139],[24.64445,43.72915],[24.65478,43.72359],[24.66438,43.74211],[24.65063,43.74676],[24.65644,43.7547],[24.67462,43.75152],[24.67619,43.75838],[24.68671,43.75973],[24.68394,43.77229],[24.69631,43.77404],[24.69436,43.78187],[24.71488,43.78536],[24.73629,43.78985],[24.74671,43.79203],[24.73702,43.80783],[24.73968,43.81407],[24.75327,43.81452],[24.7551,43.8176],[24.74542,43.81966],[24.74381,43.82209],[24.74348,43.82207],[24.73841,43.82201],[24.73629,43.82244],[24.73096,43.82152],[24.72654,43.82578],[24.71536,43.82488],[24.6972,43.82486],[24.69011,43.82183],[24.6879,43.82418],[24.69716,43.83121],[24.70621,43.8285],[24.71389,43.82873],[24.72241,43.83225],[24.7231,43.83549],[24.70257,43.8512],[24.70065,43.85945],[24.69373,43.86053],[24.69574,43.86715],[24.69341,43.8701],[24.67049,43.8671],[24.66725,43.86832],[24.6632,43.88247],[24.67672,43.88544],[24.67644,43.89223],[24.6755,43.89806],[24.66316,43.89803],[24.65805,43.89987],[24.63843,43.92544],[24.63098,43.92516],[24.62757,43.93587],[24.642,43.93967],[24.64824,43.94078],[24.64577,43.94321],[24.63458,43.94534],[24.63138,43.96113],[24.62082,43.96082],[24.61661,43.96326],[24.60227,43.96211],[24.60224,43.96921],[24.60765,43.97161],[24.60913,43.97628],[24.59963,43.97708],[24.59708,43.97954],[24.60719,43.98369],[24.60625,43.99066],[24.59838,43.98776],[24.59491,43.98948],[24.6094,43.99598],[24.61521,44.00779],[24.61404,44.01248],[24.61508,44.01506],[24.62734,44.021],[24.63428,44.02074],[24.66027,44.02836],[24.72018,44.03808],[24.71872,44.04287],[24.71272,44.04471],[24.72084,44.04752],[24.7119,44.05875],[24.72232,44.06135],[24.73629,44.06407],[24.7605,44.06879],[24.75885,44.07359],[24.76547,44.07449],[24.77933,44.07618],[24.79302,44.07728],[24.80317,44.07847],[24.80059,44.08425],[24.82545,44.08722],[24.83511,44.08819],[24.84041,44.08926],[24.84253,44.08988],[24.84388,44.08605],[24.8555,44.09187],[24.85809,44.09372],[24.8517,44.10095],[24.85329,44.10977],[24.84494,44.12487],[24.84375,44.13281],[24.83907,44.13626],[24.81721,44.14885],[24.81232,44.15243],[24.80807,44.1562],[24.80372,44.17506],[24.79357,44.19125],[24.80325,44.20157],[24.82604,44.21755],[24.83557,44.22515],[24.83492,44.22743],[24.81909,44.23308],[24.82686,44.23696],[24.82115,44.24164],[24.82493,44.24644],[24.82891,44.27193],[24.82462,44.28013],[24.82174,44.28907],[24.82413,44.29719],[24.83461,44.30206],[24.83371,44.30459],[24.83207,44.30926],[24.84417,44.31418],[24.84627,44.31996],[24.83782,44.32302],[24.82887,44.33242],[24.82886,44.33801],[24.81806,44.35549],[24.81768,44.3607],[24.84685,44.36818],[24.88141,44.3688],[24.88603,44.37737],[24.88402,44.38264],[24.8807,44.39329],[24.87317,44.39403],[24.82028,44.39377],[24.81757,44.38791],[24.81304,44.3872],[24.80738,44.39302],[24.78904,44.39268],[24.78493,44.39778],[24.75491,44.39143],[24.75344,44.39372],[24.74527,44.39559],[24.75303,44.40428],[24.74402,44.42294],[24.75102,44.42482],[24.75356,44.42832],[24.751,44.44335],[24.75822,44.46443],[24.73629,44.46522],[24.734,44.46521],[24.73436,44.48095],[24.73432,44.48692],[24.73474,44.49177],[24.72781,44.49362],[24.73166,44.51964],[24.73629,44.52886],[24.74206,44.53778],[24.73996,44.54519],[24.72721,44.54386],[24.73013,44.5523],[24.73575,44.55557],[24.72335,44.5781],[24.71635,44.58187],[24.71053,44.5823],[24.70894,44.61549],[24.71669,44.62611],[24.711,44.62868],[24.70824,44.63653],[24.70292,44.64128],[24.70457,44.64874],[24.69178,44.69677],[24.68685,44.70013],[24.70877,44.70989],[24.71226,44.71418],[24.72173,44.7146],[24.72173,44.7196],[24.71348,44.72051],[24.70336,44.73244],[24.67398,44.73833],[24.66662,44.73576],[24.65511,44.73644],[24.63189,44.73018],[24.60702,44.75301],[24.6,44.75305],[24.59534,44.7521],[24.59098,44.75615],[24.58888,44.7693],[24.58775,44.77457],[24.58302,44.77638],[24.58795,44.79734],[24.57807,44.79896],[24.57464,44.80852],[24.57068,44.81771],[24.562,44.82268],[24.55397,44.83743],[24.5513,44.85791],[24.54299,44.86226],[24.54142,44.88894],[24.53375,44.89171],[24.52294,44.89322],[24.51379,44.87712],[24.51457,44.86843],[24.50651,44.86553],[24.51018,44.85511],[24.50855,44.84486],[24.49601,44.84444],[24.49418,44.83196],[24.48379,44.82953],[24.47902,44.82168],[24.46508,44.81846],[24.44533,44.81076],[24.44589,44.81969],[24.43332,44.8181],[24.4223,44.82639],[24.43812,44.84538],[24.42212,44.85404],[24.4165,44.855],[24.42266,44.86842],[24.41959,44.87433]]]]},"properties":{"code":"RO414","nom":"Olt","country":"RO"}},{"type":"Feature","geometry":{"type":"MultiPolygon","coordinates":[[[[25.48305,45.39722],[25.47058,45.41269],[25.47148,45.42611],[25.46209,45.43274],[25.45572,45.43404],[25.45254,45.44134],[25.43699,45.43713],[25.42779,45.4368],[25.41218,45.42862],[25.40997,45.42279],[25.408,45.39162],[25.402,45.38763],[25.39192,45.38954],[25.36289,45.39104],[25.32158,45.38109],[25.31683,45.37102],[25.32114,45.36503],[25.32004,45.35966],[25.32546,45.35474],[25.32484,45.34685],[25.31118,45.33696],[25.30977,45.33256],[25.31541,45.32141],[25.30373,45.29755],[25.30406,45.29121],[25.28443,45.27572],[25.28082,45.26962],[25.28058,45.26211],[25.28623,45.25342],[25.28559,45.24093],[25.29371,45.23208],[25.28942,45.22253],[25.28274,45.22216],[25.269,45.21373],[25.2477,45.21087],[25.2514,45.20564],[25.25026,45.19663],[25.2556,45.18524],[25.25167,45.18086],[25.24066,45.17685],[25.22985,45.16809],[25.21745,45.16461],[25.21658,45.15909],[25.21382,45.15744],[25.20966,45.15819],[25.20632,45.16301],[25.19718,45.16531],[25.18044,45.19253],[25.1833,45.19619],[25.18181,45.20177],[25.17147,45.20156],[25.16451,45.21422],[25.15826,45.2158],[25.15569,45.21263],[25.13912,45.21155],[25.14343,45.20705],[25.15517,45.20208],[25.14733,45.19862],[25.15343,45.19481],[25.15499,45.19094],[25.14727,45.18608],[25.15125,45.18022],[25.15306,45.15712],[25.14665,45.14346],[25.1511,45.14014],[25.14728,45.12953],[25.16163,45.12389],[25.14715,45.11641],[25.14493,45.11313],[25.15033,45.11304],[25.15843,45.11806],[25.16672,45.1106],[25.17642,45.10643],[25.17942,45.09043],[25.16932,45.08105],[25.15843,45.07686],[25.15321,45.08437],[25.14221,45.08419],[25.12616,45.07177],[25.1265,45.06546],[25.12855,45.06171],[25.1485,45.05032],[25.14597,45.03864],[25.17098,45.04003],[25.17223,45.02947],[25.18672,45.03263],[25.1944,45.02338],[25.19947,45.00223],[25.19559,44.99034],[25.17606,44.98843],[25.16939,44.97259],[25.17085,44.95831],[25.1669,44.94898],[25.16874,44.94117],[25.16211,44.92155],[25.17255,44.92011],[25.19684,44.90383],[25.19133,44.88061],[25.19386,44.86989],[25.1989,44.86436],[25.20352,44.85469],[25.19611,44.84899],[25.19253,44.83962],[25.18939,44.82999],[25.18794,44.82714],[25.19348,44.82527],[25.19277,44.81928],[25.19983,44.81048],[25.19789,44.80533],[25.2014,44.79666],[25.20569,44.79483],[25.20817,44.78539],[25.21214,44.78161],[25.20908,44.77426],[25.21058,44.76489],[25.19913,44.74627],[25.20051,44.74081],[25.19302,44.73485],[25.18607,44.74446],[25.18009,44.74065],[25.18052,44.73659],[25.1768,44.73169],[25.18448,44.72434],[25.17876,44.71547],[25.22508,44.70267],[25.23536,44.69617],[25.23727,44.69475],[25.19806,44.66722],[25.18692,44.66979],[25.16838,44.66178],[25.1788,44.65008],[25.19248,44.64217],[25.19289,44.63944],[25.18187,44.63596],[25.18082,44.63261],[25.185,44.6314],[25.19408,44.63579],[25.19715,44.63526],[25.20333,44.63101],[25.19421,44.61989],[25.19888,44.6087],[25.2118,44.61537],[25.22549,44.60523],[25.22025,44.6019],[25.25235,44.56254],[25.26011,44.56776],[25.29258,44.55144],[25.28795,44.54664],[25.2799,44.52804],[25.25786,44.51177],[25.26493,44.50633],[25.27728,44.4833],[25.27911,44.47515],[25.26988,44.47204],[25.26805,44.46745],[25.27667,44.45433],[25.2718,44.44817],[25.27842,44.44408],[25.2643,44.43609],[25.25687,44.44015],[25.23475,44.42425],[25.24171,44.42019],[25.24961,44.405],[25.27715,44.41532],[25.3011,44.42341],[25.29814,44.43014],[25.30679,44.43584],[25.31222,44.43523],[25.3223,44.44096],[25.32546,44.44427],[25.32369,44.44771],[25.33182,44.45486],[25.33598,44.45573],[25.34116,44.46376],[25.35635,44.46055],[25.36564,44.4735],[25.35867,44.47959],[25.36294,44.48623],[25.36582,44.49036],[25.36811,44.49533],[25.36933,44.49748],[25.38868,44.51146],[25.39192,44.51482],[25.39306,44.51601],[25.39509,44.51813],[25.44216,44.50043],[25.44918,44.49154],[25.42944,44.47395],[25.44462,44.46683],[25.46331,44.45907],[25.46733,44.45947],[25.47006,44.45571],[25.48049,44.452],[25.49646,44.46486],[25.49241,44.47325],[25.49802,44.47835],[25.50248,44.47678],[25.51102,44.48841],[25.49957,44.48842],[25.48083,44.4992],[25.48063,44.50336],[25.48671,44.50477],[25.49755,44.51642],[25.49706,44.51998],[25.50489,44.51818],[25.51601,44.51967],[25.53891,44.53859],[25.5478,44.53951],[25.55193,44.53328],[25.56391,44.52979],[25.57433,44.53734],[25.58059,44.53351],[25.58297,44.5269],[25.58928,44.52537],[25.59348,44.53123],[25.6018,44.53018],[25.6167,44.54962],[25.63485,44.54942],[25.64678,44.55354],[25.64873,44.55147],[25.64718,44.54371],[25.67367,44.53179],[25.67611,44.52618],[25.68191,44.52838],[25.68183,44.52295],[25.7081,44.54438],[25.71251,44.54125],[25.71595,44.54196],[25.72267,44.5444],[25.72894,44.53699],[25.74037,44.53555],[25.74648,44.53731],[25.75686,44.53051],[25.76464,44.53499],[25.77774,44.52997],[25.7851,44.53263],[25.78921,44.53027],[25.79879,44.53872],[25.8102,44.54877],[25.82553,44.54036],[25.83218,44.54126],[25.84037,44.53348],[25.84454,44.52385],[25.84613,44.52505],[25.84654,44.5278],[25.85362,44.53857],[25.85834,44.53628],[25.8606,44.53746],[25.87507,44.53415],[25.89074,44.54095],[25.88075,44.55313],[25.88984,44.55755],[25.93143,44.57261],[25.99199,44.61231],[25.98855,44.62292],[25.98101,44.6289],[25.96549,44.63295],[25.93932,44.64571],[25.94377,44.65544],[25.95736,44.65536],[25.96393,44.65804],[25.96728,44.6678],[25.97826,44.66658],[25.97703,44.6704],[25.97992,44.67389],[25.97098,44.67681],[25.96166,44.68346],[25.98397,44.68882],[25.98963,44.69855],[25.97646,44.70128],[25.97074,44.71041],[25.95416,44.70818],[25.95465,44.71375],[25.96675,44.72095],[25.96318,44.72417],[25.95427,44.72139],[25.93315,44.69484],[25.92825,44.69892],[25.92587,44.70877],[25.91624,44.71485],[25.91137,44.72248],[25.9094,44.73331],[25.91476,44.73634],[25.9214,44.73509],[25.92451,44.74367],[25.93654,44.74885],[25.94116,44.75342],[25.93334,44.7615],[25.92712,44.76352],[25.92802,44.76851],[25.91756,44.77386],[25.91707,44.78105],[25.90727,44.79048],[25.90662,44.79665],[25.89309,44.80172],[25.88474,44.80991],[25.88565,44.81746],[25.8765,44.82138],[25.87413,44.83035],[25.86965,44.8321],[25.863,44.83016],[25.84484,44.81714],[25.84181,44.80997],[25.8026,44.82038],[25.79879,44.82117],[25.78506,44.82401],[25.78067,44.82299],[25.77737,44.82603],[25.7745,44.83752],[25.7785,44.84246],[25.79801,44.85117],[25.80379,44.86713],[25.81258,44.87427],[25.81034,44.88853],[25.82355,44.89753],[25.82051,44.90446],[25.82091,44.91333],[25.82079,44.91351],[25.81382,44.91514],[25.81052,44.92203],[25.80206,44.92206],[25.79879,44.92847],[25.79081,44.94408],[25.77376,44.94089],[25.76767,44.94655],[25.74652,44.94288],[25.73923,44.94437],[25.71008,44.94144],[25.68928,44.94734],[25.68812,44.95135],[25.6853,44.9531],[25.67856,44.96481],[25.67899,44.97232],[25.68324,44.98008],[25.67734,44.99348],[25.67798,45.00391],[25.67548,45.00949],[25.68645,45.02011],[25.6846,45.02455],[25.68668,45.02826],[25.70386,45.03438],[25.69982,45.03945],[25.70057,45.04532],[25.68644,45.05985],[25.67515,45.08079],[25.66618,45.08332],[25.6559,45.09043],[25.63975,45.09197],[25.63357,45.10419],[25.62349,45.10867],[25.62329,45.11065],[25.61902,45.11832],[25.60532,45.1253],[25.5943,45.14244],[25.59787,45.14889],[25.57534,45.16381],[25.56417,45.1732],[25.55787,45.19227],[25.53339,45.18933],[25.53118,45.19442],[25.53954,45.20425],[25.53407,45.21509],[25.51272,45.22132],[25.51816,45.23101],[25.52758,45.2368],[25.52622,45.2434],[25.52981,45.2449],[25.53184,45.25073],[25.54122,45.25986],[25.55211,45.26597],[25.55417,45.27039],[25.54872,45.28007],[25.54251,45.28319],[25.53374,45.29284],[25.53516,45.29767],[25.53311,45.3014],[25.52098,45.30929],[25.50321,45.31712],[25.48726,45.31541],[25.47508,45.32737],[25.47751,45.33577],[25.47077,45.34028],[25.46847,45.34762],[25.47346,45.35852],[25.47204,45.37505],[25.48094,45.38423],[25.48305,45.39722]]]]},"properties":{"code":"RO313","nom":"D\u00e2mbovi\u0163a","country":"RO"}},{"type":"Feature","geometry":{"type":"MultiPolygon","coordinates":[[[[24.44704,45.59025],[24.43813,45.58786],[24.43387,45.58249],[24.38721,45.58388],[24.33674,45.57315],[24.33326,45.57603],[24.33308,45.58053],[24.30854,45.56691],[24.28558,45.56143],[24.27701,45.55557],[24.26616,45.55579],[24.26548,45.54868],[24.25632,45.54361],[24.22945,45.54609],[24.21499,45.53347],[24.21247,45.5272],[24.20486,45.52411],[24.18506,45.52185],[24.17135,45.51489],[24.15913,45.51417],[24.15536,45.51648],[24.14663,45.51292],[24.13755,45.51467],[24.12567,45.5138],[24.12093,45.51249],[24.11902,45.50881],[24.11317,45.51211],[24.08476,45.51249],[24.06976,45.51508],[24.06651,45.51551],[24.06326,45.51665],[24.06181,45.51739],[24.04258,45.52218],[24.03879,45.52261],[24.02094,45.53058],[24.01091,45.5314],[24.00134,45.52734],[23.99294,45.53169],[23.98116,45.53275],[23.97357,45.53322],[23.96351,45.53057],[23.92582,45.53519],[23.9221,45.53564],[23.90639,45.52945],[23.88142,45.52656],[23.87414,45.52316],[23.86811,45.52525],[23.8573,45.53464],[23.8285,45.53117],[23.79568,45.5302],[23.77113,45.51123],[23.74811,45.50583],[23.74207,45.50161],[23.72051,45.50193],[23.70361,45.49677],[23.69708,45.48907],[23.69004,45.48615],[23.68729,45.47664],[23.67565,45.46764],[23.66458,45.46241],[23.63998,45.45595],[23.62908,45.45851],[23.61577,45.4571],[23.61744,45.46165],[23.59727,45.47347],[23.5939,45.46112],[23.59511,45.45273],[23.58769,45.44442],[23.58416,45.43446],[23.57664,45.42678],[23.57824,45.42329],[23.58973,45.42199],[23.59255,45.41985],[23.59347,45.4155],[23.58958,45.41002],[23.59187,45.39997],[23.60072,45.38633],[23.60027,45.3769],[23.59035,45.37355],[23.58583,45.36942],[23.58603,45.35858],[23.59064,45.35307],[23.59281,45.35003],[23.60261,45.3423],[23.61623,45.33946],[23.62562,45.33428],[23.62926,45.33577],[23.63411,45.34371],[23.64483,45.34997],[23.65268,45.34874],[23.66807,45.34162],[23.68549,45.32813],[23.70952,45.334],[23.72676,45.32815],[23.73635,45.33323],[23.76017,45.33755],[23.77464,45.34733],[23.79779,45.35251],[23.82686,45.33576],[23.84116,45.33186],[23.84475,45.32495],[23.84416,45.3151],[23.82517,45.29963],[23.79687,45.26056],[23.80339,45.2437],[23.80987,45.23811],[23.81004,45.22574],[23.81819,45.20743],[23.8385,45.19325],[23.84122,45.18337],[23.85385,45.16415],[23.85335,45.14786],[23.84629,45.1452],[23.84471,45.14166],[23.82655,45.13558],[23.812,45.12548],[23.8223,45.11678],[23.82466,45.10508],[23.81982,45.10503],[23.81796,45.10209],[23.82798,45.08925],[23.82598,45.07858],[23.8285,45.07466],[23.78258,45.06335],[23.78486,45.05048],[23.79382,45.03739],[23.79554,45.02473],[23.77195,45.00937],[23.75808,45.00566],[23.75564,44.99532],[23.76032,44.98827],[23.76154,44.97085],[23.76555,44.96442],[23.76801,44.95711],[23.77233,44.94942],[23.76517,44.9252],[23.76905,44.90577],[23.7602,44.89929],[23.76351,44.88671],[23.75562,44.87179],[23.75838,44.86955],[23.76528,44.87152],[23.76972,44.87026],[23.76982,44.865],[23.7761,44.8653],[23.78499,44.84962],[23.7822,44.83861],[23.79533,44.81781],[23.7877,44.80618],[23.78664,44.79805],[23.77547,44.79569],[23.77072,44.7808],[23.77324,44.76867],[23.78033,44.75985],[23.77762,44.75358],[23.78133,44.74787],[23.77901,44.74184],[23.77704,44.72496],[23.7805,44.71399],[23.78506,44.70097],[23.78502,44.69307],[23.78188,44.68858],[23.78573,44.68129],[23.79131,44.67828],[23.79109,44.66983],[23.78745,44.66277],[23.78951,44.65883],[23.7882,44.6373],[23.79071,44.63759],[23.79691,44.63894],[23.80159,44.64071],[23.80349,44.6416],[23.80621,44.64242],[23.81669,44.64672],[23.82806,44.63692],[23.84109,44.63841],[23.85532,44.6303],[23.85974,44.625],[23.8774,44.6302],[23.89873,44.62581],[23.883,44.61539],[23.8815,44.61078],[23.88559,44.60531],[23.88544,44.59968],[23.89083,44.59443],[23.89131,44.58593],[23.89811,44.5756],[23.91077,44.57772],[23.92117,44.56279],[23.92582,44.54126],[23.9282,44.53023],[23.92906,44.52812],[23.93912,44.53391],[23.95812,44.53133],[23.9882,44.53801],[23.99479,44.53451],[24.00267,44.53479],[24.02747,44.52879],[24.02943,44.52617],[24.02765,44.51892],[24.03924,44.52169],[24.0412,44.5202],[24.04263,44.51495],[24.0376,44.5062],[24.05161,44.50864],[24.06155,44.49545],[24.07065,44.49462],[24.07785,44.49026],[24.08208,44.49252],[24.08146,44.49871],[24.09094,44.50977],[24.08823,44.51472],[24.09615,44.51676],[24.10737,44.524],[24.11608,44.52431],[24.11746,44.53805],[24.13052,44.5419],[24.14409,44.55577],[24.15544,44.5585],[24.16234,44.553],[24.17203,44.55547],[24.18504,44.54606],[24.19739,44.5533],[24.20885,44.55459],[24.24463,44.55286],[24.25892,44.54892],[24.25827,44.5524],[24.25422,44.55446],[24.25897,44.56549],[24.25933,44.57589],[24.26004,44.59938],[24.26626,44.60151],[24.28198,44.6001],[24.2872,44.58544],[24.28417,44.57148],[24.28783,44.56709],[24.31161,44.56134],[24.3249,44.56085],[24.32458,44.57275],[24.32475,44.59707],[24.32472,44.61289],[24.31978,44.62457],[24.31606,44.63072],[24.31258,44.63149],[24.30956,44.63262],[24.30684,44.63444],[24.30122,44.64176],[24.30049,44.64835],[24.30162,44.66201],[24.3002,44.6667],[24.29934,44.67061],[24.29881,44.67527],[24.29763,44.67764],[24.29301,44.68372],[24.29037,44.68944],[24.28834,44.6929],[24.28829,44.69298],[24.27973,44.70766],[24.2762,44.72873],[24.27621,44.73843],[24.27623,44.74079],[24.27967,44.74497],[24.28255,44.74968],[24.27803,44.76028],[24.27462,44.76878],[24.29577,44.77077],[24.29943,44.78016],[24.30673,44.7814],[24.32215,44.7899],[24.32147,44.79241],[24.31697,44.79409],[24.31628,44.79846],[24.32156,44.80776],[24.32109,44.81577],[24.32768,44.81885],[24.32575,44.82122],[24.32786,44.83127],[24.31957,44.83878],[24.31997,44.84017],[24.32449,44.84119],[24.34091,44.85335],[24.33343,44.86378],[24.33316,44.86892],[24.34223,44.87048],[24.35235,44.86885],[24.36766,44.8719],[24.38091,44.8841],[24.3813,44.8905],[24.38802,44.89686],[24.38894,44.90146],[24.42368,44.88998],[24.42555,44.88316],[24.42059,44.88028],[24.41959,44.87433],[24.42266,44.86842],[24.4165,44.855],[24.42212,44.85404],[24.43812,44.84538],[24.44571,44.85257],[24.45288,44.85469],[24.46387,44.86352],[24.46868,44.87286],[24.46456,44.8754],[24.48005,44.89912],[24.46482,44.9035],[24.464,44.91355],[24.47202,44.92546],[24.4989,44.94507],[24.48395,44.95362],[24.47792,44.94941],[24.46989,44.94758],[24.47834,44.96295],[24.47781,44.97137],[24.48827,44.98051],[24.49242,44.98773],[24.50357,44.99637],[24.50894,44.99791],[24.48836,45.01168],[24.48576,45.01481],[24.48975,45.02116],[24.4975,45.02443],[24.51675,45.03912],[24.52045,45.04898],[24.51265,45.05457],[24.49679,45.05647],[24.48135,45.06094],[24.49156,45.07653],[24.50194,45.07994],[24.50712,45.08505],[24.50566,45.09181],[24.49728,45.09205],[24.49791,45.09949],[24.49269,45.09947],[24.48804,45.10455],[24.49829,45.11441],[24.50312,45.1144],[24.50992,45.10828],[24.51323,45.10941],[24.51963,45.13471],[24.51101,45.14928],[24.49989,45.15859],[24.49792,45.16561],[24.50475,45.16445],[24.51158,45.16631],[24.51135,45.17461],[24.52196,45.17979],[24.51421,45.18817],[24.49905,45.18919],[24.48882,45.19551],[24.48983,45.19826],[24.50022,45.20225],[24.50065,45.20408],[24.48416,45.21195],[24.47568,45.20962],[24.46676,45.23173],[24.47429,45.23796],[24.47194,45.2407],[24.47686,45.24538],[24.48288,45.25868],[24.48268,45.26444],[24.47873,45.26762],[24.49192,45.27786],[24.48848,45.29293],[24.48048,45.29755],[24.48202,45.3031],[24.48975,45.30829],[24.49128,45.32387],[24.48457,45.33119],[24.47308,45.33043],[24.47,45.34769],[24.47211,45.35705],[24.46791,45.36141],[24.47642,45.36161],[24.49536,45.356],[24.4993,45.35309],[24.50633,45.35302],[24.49464,45.3769],[24.4964,45.37948],[24.50381,45.37988],[24.50506,45.383],[24.50191,45.38972],[24.4923,45.39931],[24.49055,45.40812],[24.48411,45.41589],[24.48433,45.42742],[24.47968,45.43589],[24.48012,45.44428],[24.48192,45.45572],[24.48669,45.46246],[24.51102,45.46449],[24.5241,45.47468],[24.52727,45.49669],[24.51181,45.51625],[24.51757,45.52316],[24.53283,45.52979],[24.53995,45.53676],[24.53163,45.55465],[24.5305,45.57075],[24.52313,45.58056],[24.51265,45.5863],[24.50583,45.58531],[24.48465,45.57335],[24.48066,45.57379],[24.47593,45.58213],[24.46037,45.58141],[24.44704,45.59025]]]]},"properties":{"code":"RO415","nom":"V\u00e2lcea","country":"RO"}},{"type":"Feature","geometry":{"type":"MultiPolygon","coordinates":[[[[24.42399,47.59661],[24.41397,47.59723],[24.40598,47.60181],[24.39133,47.60486],[24.38652,47.60835],[24.36518,47.58228],[24.36075,47.57492],[24.35007,47.57103],[24.3427,47.56536],[24.3255,47.5675],[24.32112,47.5726],[24.30735,47.57839],[24.30322,47.57819],[24.30125,47.57377],[24.30373,47.56596],[24.30125,47.55824],[24.29269,47.55476],[24.28689,47.5466],[24.281,47.54538],[24.27617,47.52729],[24.26695,47.51776],[24.25853,47.52039],[24.25199,47.518],[24.24583,47.51124],[24.2428,47.50206],[24.23716,47.49892],[24.21571,47.50333],[24.20516,47.49883],[24.19817,47.50563],[24.19,47.50377],[24.18111,47.50681],[24.16541,47.50529],[24.15326,47.50201],[24.15281,47.49538],[24.1456,47.49357],[24.14027,47.48795],[24.13334,47.48964],[24.13123,47.49364],[24.12509,47.49702],[24.11845,47.47966],[24.12568,47.47818],[24.12477,47.47334],[24.12943,47.46682],[24.12026,47.46107],[24.12453,47.45835],[24.11894,47.44765],[24.1224,47.43877],[24.11099,47.43324],[24.10895,47.42639],[24.10271,47.42205],[24.09407,47.42175],[24.0841,47.41194],[24.07336,47.41007],[24.07562,47.40235],[24.07046,47.39021],[24.05976,47.37824],[24.03879,47.37409],[24.03199,47.36262],[24.02271,47.36195],[24.01825,47.34501],[24.02585,47.33134],[24.02327,47.3286],[24.02862,47.32405],[24.0193,47.31757],[24.01963,47.31402],[24.00779,47.31177],[24.00714,47.30458],[23.99056,47.31773],[23.98356,47.32062],[23.97965,47.32004],[23.96992,47.31189],[23.96516,47.31241],[23.96029,47.31641],[23.95542,47.31605],[23.9489,47.30644],[23.94024,47.30822],[23.93818,47.3036],[23.92817,47.29938],[23.93412,47.28658],[23.93307,47.27924],[23.92974,47.27469],[23.92582,47.27404],[23.92126,47.27329],[23.91972,47.25306],[23.92582,47.2353],[23.9294,47.23118],[23.92991,47.22114],[23.93666,47.2114],[23.93639,47.19937],[23.95053,47.17762],[23.95851,47.17369],[23.95528,47.16772],[23.95832,47.16217],[23.96947,47.16377],[23.97686,47.16772],[23.99007,47.1683],[24.00452,47.16756],[24.00209,47.17515],[24.01389,47.17806],[24.01783,47.17733],[24.02095,47.17308],[24.02095,47.17013],[24.02769,47.16469],[24.02743,47.15958],[24.02309,47.15542],[24.01465,47.15778],[24.01256,47.1501],[24.01744,47.14389],[24.0245,47.14569],[24.02634,47.14335],[24.03879,47.14039],[24.04152,47.13275],[24.05732,47.13222],[24.07031,47.12825],[24.06858,47.12423],[24.07145,47.11844],[24.07714,47.11912],[24.08743,47.11581],[24.09611,47.12621],[24.10388,47.12481],[24.11014,47.1208],[24.10964,47.11268],[24.12013,47.10571],[24.1208,47.09756],[24.12885,47.09324],[24.14193,47.09337],[24.14632,47.0895],[24.13263,47.08592],[24.13572,47.08126],[24.13436,47.07488],[24.12339,47.0654],[24.12551,47.06084],[24.11806,47.05639],[24.11472,47.04872],[24.11521,47.04003],[24.10423,47.02729],[24.1161,47.02075],[24.11569,47.01289],[24.11274,47.0078],[24.10542,47.00284],[24.10601,46.99564],[24.09873,46.98903],[24.1011,46.98627],[24.10774,46.98469],[24.11792,46.9739],[24.11392,46.96054],[24.13804,46.96616],[24.15492,46.96211],[24.16059,46.96474],[24.17419,46.963],[24.17123,46.9586],[24.17725,46.95676],[24.17791,46.95429],[24.17268,46.95247],[24.16852,46.94708],[24.16224,46.94754],[24.16075,46.93726],[24.16189,46.93411],[24.17114,46.93066],[24.17569,46.932],[24.18494,46.92957],[24.1928,46.93405],[24.1945,46.92976],[24.18973,46.92104],[24.20512,46.91455],[24.21323,46.90804],[24.21699,46.89732],[24.22745,46.88812],[24.2121,46.88518],[24.21854,46.87394],[24.20039,46.85271],[24.20563,46.84876],[24.21,46.83881],[24.18901,46.83016],[24.1964,46.82077],[24.18953,46.81278],[24.19137,46.80664],[24.18376,46.80868],[24.17783,46.80651],[24.17958,46.8047],[24.1981,46.79937],[24.21559,46.78821],[24.21471,46.78326],[24.21845,46.78108],[24.24024,46.77454],[24.23757,46.77321],[24.23955,46.77166],[24.24842,46.77216],[24.27244,46.76226],[24.29185,46.75802],[24.30067,46.7537],[24.30871,46.75781],[24.31561,46.75822],[24.32412,46.75478],[24.33995,46.75726],[24.36288,46.74662],[24.37467,46.74857],[24.38424,46.74781],[24.39078,46.75167],[24.401,46.75054],[24.40245,46.75386],[24.39959,46.75792],[24.40276,46.76081],[24.40252,46.76515],[24.41024,46.772],[24.41615,46.77341],[24.42282,46.77234],[24.42563,46.77619],[24.42991,46.77506],[24.43289,46.77054],[24.45206,46.76566],[24.47223,46.78286],[24.46319,46.79057],[24.45889,46.78541],[24.45077,46.78966],[24.45679,46.80512],[24.46271,46.81136],[24.45815,46.82007],[24.46474,46.82269],[24.46934,46.82793],[24.48373,46.83281],[24.4927,46.84053],[24.50336,46.84032],[24.50466,46.8516],[24.52039,46.85196],[24.52633,46.85462],[24.53209,46.86867],[24.538,46.87553],[24.53307,46.88109],[24.53938,46.89112],[24.53263,46.89859],[24.53324,46.90657],[24.5598,46.90574],[24.56577,46.90873],[24.56875,46.91378],[24.58453,46.91517],[24.58449,46.92135],[24.57865,46.92589],[24.58453,46.92828],[24.59446,46.94464],[24.59983,46.94735],[24.61005,46.94417],[24.62178,46.94347],[24.62901,46.95034],[24.63839,46.94496],[24.63948,46.93813],[24.64464,46.93721],[24.64078,46.92602],[24.65205,46.92314],[24.64709,46.9183],[24.65496,46.91489],[24.65621,46.91009],[24.69166,46.90812],[24.70297,46.90459],[24.70973,46.9024],[24.72302,46.90381],[24.72863,46.91055],[24.73629,46.90875],[24.74569,46.90626],[24.75299,46.90957],[24.75292,46.91362],[24.74257,46.92079],[24.73629,46.92486],[24.72214,46.93335],[24.73629,46.94929],[24.74072,46.95335],[24.73629,46.95588],[24.73438,46.9573],[24.73629,46.9588],[24.73994,46.96081],[24.74414,46.9708],[24.74039,46.9741],[24.7411,46.98239],[24.75288,46.99549],[24.76278,46.99652],[24.77479,47.00972],[24.78483,47.03887],[24.79486,47.05091],[24.81548,47.06307],[24.82226,47.07103],[24.83859,47.0804],[24.85355,47.09508],[24.87021,47.10484],[24.89731,47.10823],[24.90587,47.10115],[24.91437,47.10164],[24.93051,47.09634],[24.9412,47.1021],[24.9421,47.10726],[24.95246,47.11918],[24.96382,47.11861],[24.97769,47.11448],[24.98695,47.11799],[24.9979,47.11126],[25.01492,47.11155],[25.03062,47.11836],[25.03436,47.12572],[25.04283,47.13232],[25.0515,47.13169],[25.06338,47.13654],[25.06534,47.14321],[25.05834,47.15078],[25.06478,47.16026],[25.06543,47.16975],[25.06123,47.18418],[25.05659,47.18907],[25.05845,47.20044],[25.04485,47.21708],[25.05902,47.23407],[25.07458,47.24648],[25.07892,47.25796],[25.0528,47.26952],[25.0394,47.28183],[25.02806,47.28665],[25.04754,47.30296],[25.05713,47.30435],[25.06204,47.30921],[25.07725,47.31201],[25.07597,47.32603],[25.07295,47.33126],[25.07643,47.34121],[25.06875,47.34412],[25.06129,47.35117],[25.06375,47.36488],[25.06857,47.37013],[25.06236,47.37856],[25.05138,47.3777],[25.0403,47.38083],[25.03454,47.38601],[25.03274,47.39456],[25.00309,47.41298],[24.99552,47.41398],[24.99135,47.41747],[24.98577,47.41862],[24.98283,47.42402],[24.99913,47.4205],[25.0113,47.42806],[25.01526,47.43319],[25.0263,47.43542],[25.03218,47.43312],[25.05051,47.4186],[25.05789,47.41728],[25.05847,47.42015],[25.05093,47.42508],[25.05334,47.43078],[25.06029,47.43307],[25.06335,47.43658],[25.0773,47.43834],[25.08993,47.44849],[25.08022,47.45363],[25.06718,47.45065],[25.05552,47.46676],[25.04727,47.47104],[25.04596,47.48022],[25.06082,47.48196],[25.06934,47.48717],[25.07443,47.49383],[25.0924,47.50335],[25.09354,47.51031],[25.09463,47.51579],[25.09215,47.51928],[25.0807,47.52601],[25.06788,47.52996],[25.0616,47.53651],[25.05194,47.55988],[25.03567,47.56195],[25.00725,47.56928],[24.99041,47.58228],[24.99049,47.58574],[24.96084,47.59685],[24.95384,47.59585],[24.91692,47.59857],[24.9012,47.60272],[24.88127,47.59816],[24.87346,47.59452],[24.8649,47.5941],[24.85963,47.5918],[24.84714,47.59623],[24.82822,47.59632],[24.82198,47.59306],[24.81816,47.58228],[24.81492,47.57434],[24.80724,47.56665],[24.78795,47.57651],[24.77119,47.57246],[24.73629,47.57238],[24.73226,47.57216],[24.72573,47.57524],[24.71394,47.5715],[24.69227,47.55935],[24.66523,47.55716],[24.65958,47.55397],[24.6528,47.55849],[24.65135,47.56761],[24.6324,47.57518],[24.6234,47.5745],[24.60747,47.56925],[24.58249,47.57036],[24.57168,47.56228],[24.56109,47.56384],[24.55812,47.56789],[24.55354,47.573],[24.52302,47.57735],[24.51536,47.58228],[24.50947,47.58228],[24.50544,47.58133],[24.50172,47.58228],[24.48932,47.58668],[24.47412,47.58783],[24.45613,47.59476],[24.44748,47.59162],[24.43827,47.59103],[24.42399,47.59661]],[[23.95637,47.31061],[23.95619,47.31146],[23.95661,47.31482],[23.9585,47.31496],[23.9614,47.3122],[23.95637,47.31061]]]]},"properties":{"code":"RO112","nom":"Bistri\u0163a-N\u0103s\u0103ud","country":"RO"}},{"type":"Feature","geometry":{"type":"MultiPolygon","coordinates":[[[[23.87414,47.37127],[23.87012,47.37713],[23.86247,47.36959],[23.85321,47.36902],[23.84691,47.37244],[23.83956,47.35403],[23.83313,47.34746],[23.84138,47.34001],[23.84057,47.32749],[23.82889,47.31886],[23.82628,47.30983],[23.82096,47.30819],[23.8148,47.30741],[23.81562,47.29973],[23.80829,47.29615],[23.81222,47.29104],[23.79974,47.28144],[23.8133,47.26655],[23.81189,47.25525],[23.81392,47.25255],[23.80805,47.25188],[23.7966,47.25886],[23.79408,47.26395],[23.7696,47.27337],[23.76726,47.27985],[23.76212,47.28355],[23.75697,47.27115],[23.75861,47.26479],[23.75407,47.26088],[23.75464,47.25005],[23.75109,47.24255],[23.72603,47.24664],[23.7208,47.25429],[23.71162,47.24375],[23.6981,47.24391],[23.67968,47.23586],[23.66792,47.23787],[23.66519,47.23429],[23.6612,47.23624],[23.6558,47.23509],[23.65156,47.228],[23.64413,47.22209],[23.64551,47.21507],[23.63799,47.20936],[23.63648,47.2029],[23.62768,47.19526],[23.63262,47.18993],[23.63278,47.182],[23.61763,47.17304],[23.60373,47.16525],[23.59707,47.16454],[23.59204,47.17176],[23.58143,47.17764],[23.57414,47.17988],[23.56935,47.1777],[23.56347,47.17887],[23.55334,47.17629],[23.5436,47.16486],[23.54371,47.15926],[23.53449,47.16068],[23.5206,47.15574],[23.50718,47.15686],[23.49791,47.15493],[23.50065,47.14381],[23.49322,47.12955],[23.50038,47.12689],[23.50277,47.11779],[23.49939,47.11333],[23.48889,47.11693],[23.48517,47.11283],[23.4855,47.10935],[23.48105,47.10788],[23.48831,47.0977],[23.48475,47.09063],[23.46692,47.09062],[23.45403,47.09455],[23.44897,47.08924],[23.44445,47.08808],[23.43396,47.09302],[23.42845,47.08937],[23.43148,47.08513],[23.44713,47.07515],[23.45124,47.06145],[23.45988,47.05843],[23.46692,47.05836],[23.47342,47.05385],[23.47427,47.0429],[23.48627,47.03498],[23.48473,47.02982],[23.47867,47.02863],[23.47286,47.02801],[23.46944,47.02299],[23.4733,47.01348],[23.46692,47.01027],[23.459,47.00629],[23.46311,47.00328],[23.46205,47.00072],[23.45668,46.99858],[23.44943,46.99902],[23.44535,46.99706],[23.4431,46.99232],[23.4336,46.99303],[23.42844,46.98886],[23.40642,46.9909],[23.40568,46.97984],[23.4006,46.97693],[23.38587,46.977],[23.38439,46.97199],[23.38742,46.9674],[23.37629,46.96578],[23.37268,46.96199],[23.38866,46.95049],[23.38267,46.9483],[23.37163,46.93787],[23.36456,46.93912],[23.36251,46.93147],[23.36003,46.93069],[23.35934,46.92779],[23.35243,46.92765],[23.34554,46.92489],[23.34609,46.92112],[23.35409,46.91884],[23.34078,46.91007],[23.33876,46.90851],[23.32328,46.91372],[23.30919,46.91028],[23.30457,46.90311],[23.29154,46.89903],[23.28345,46.89883],[23.27774,46.90265],[23.27529,46.90975],[23.26202,46.91275],[23.25568,46.92575],[23.25616,46.93692],[23.24107,46.94687],[23.23988,46.95659],[23.23235,46.95978],[23.23083,46.95568],[23.22126,46.95051],[23.21784,46.94322],[23.22581,46.93375],[23.21205,46.92803],[23.2051,46.92227],[23.21173,46.90291],[23.21795,46.89331],[23.2024,46.8823],[23.19504,46.86944],[23.17562,46.87934],[23.16239,46.87918],[23.17055,46.87838],[23.17298,46.87614],[23.16018,46.8756],[23.15128,46.87104],[23.14858,46.8668],[23.13098,46.85838],[23.10527,46.85404],[23.10444,46.85972],[23.09357,46.85885],[23.0902,46.8626],[23.08417,46.8671],[23.0836,46.8767],[23.09128,46.89022],[23.08082,46.89465],[23.07776,46.89864],[23.06614,46.90062],[23.0651,46.90447],[23.05511,46.89382],[23.04175,46.888],[23.04405,46.88363],[23.03866,46.88186],[23.03551,46.88272],[23.03639,46.88816],[23.03326,46.8902],[23.0405,46.89652],[23.03553,46.89678],[23.03303,46.90083],[23.0278,46.8957],[23.02205,46.89469],[23.01252,46.88834],[23.01014,46.89316],[23.01295,46.89838],[23.00366,46.90472],[22.98597,46.90318],[22.97785,46.90529],[22.97491,46.91025],[22.96929,46.91304],[22.95667,46.91409],[22.94444,46.91833],[22.93805,46.91603],[22.93223,46.91895],[22.92822,46.92518],[22.92094,46.9268],[22.91605,46.93387],[22.90794,46.93623],[22.90314,46.93438],[22.90172,46.94065],[22.89685,46.94493],[22.89915,46.95131],[22.8978,46.97066],[22.88972,46.97545],[22.87497,46.97945],[22.87371,46.98502],[22.86506,46.983],[22.85244,46.98955],[22.84243,46.98961],[22.8356,46.99368],[22.83131,46.9939],[22.82696,46.98593],[22.795,46.97712],[22.78577,46.98154],[22.78454,46.9879],[22.75314,47.00235],[22.73495,47.00769],[22.72818,47.00749],[22.71366,46.99468],[22.70335,46.99027],[22.69606,46.98084],[22.67555,46.97036],[22.67802,46.96283],[22.67597,46.95469],[22.672,46.95063],[22.67342,46.94914],[22.67869,46.94858],[22.68073,46.94259],[22.68547,46.93913],[22.69814,46.93834],[22.71642,46.93316],[22.7248,46.92361],[22.73778,46.91521],[22.74779,46.91236],[22.76745,46.91225],[22.77512,46.91015],[22.77514,46.90249],[22.77815,46.89795],[22.77569,46.89304],[22.75992,46.87804],[22.75341,46.87471],[22.74631,46.85851],[22.74478,46.84701],[22.73283,46.83298],[22.72617,46.81633],[22.71019,46.81188],[22.70188,46.80526],[22.65844,46.80489],[22.63729,46.7994],[22.64558,46.79287],[22.65463,46.79195],[22.71134,46.76397],[22.71247,46.75923],[22.7141,46.75285],[22.70939,46.73808],[22.73218,46.72392],[22.74277,46.70948],[22.74862,46.69065],[22.77022,46.66719],[22.77374,46.65231],[22.79249,46.6394],[22.79027,46.62904],[22.80188,46.63089],[22.81904,46.63859],[22.80205,46.61849],[22.80709,46.60976],[22.80676,46.59079],[22.81658,46.58422],[22.8147,46.57678],[22.81732,46.5708],[22.81195,46.56886],[22.81315,46.55733],[22.84085,46.54645],[22.84747,46.5463],[22.85508,46.55],[22.85778,46.54403],[22.8593,46.54068],[22.88279,46.53594],[22.89705,46.53945],[22.92327,46.55326],[22.93053,46.55495],[22.9468,46.55559],[22.95991,46.55041],[22.97356,46.54849],[22.99044,46.55439],[22.99923,46.55236],[22.99919,46.54824],[22.98988,46.53778],[23.00162,46.53254],[23.00959,46.51399],[23.00958,46.50573],[23.02306,46.50015],[23.03383,46.5014],[23.05446,46.49228],[23.04661,46.4765],[23.04873,46.46762],[23.05387,46.46663],[23.05841,46.47029],[23.06654,46.47077],[23.0748,46.46767],[23.0865,46.46689],[23.09418,46.46887],[23.1035,46.48378],[23.10477,46.49048],[23.10865,46.49146],[23.12085,46.48822],[23.13283,46.49254],[23.14481,46.50341],[23.15192,46.5062],[23.15439,46.50469],[23.1616,46.50668],[23.16892,46.50601],[23.18317,46.50964],[23.19507,46.49291],[23.21549,46.49067],[23.23075,46.49217],[23.23687,46.49091],[23.25072,46.49809],[23.2696,46.49776],[23.27717,46.50703],[23.28959,46.5089],[23.29991,46.51009],[23.31309,46.51947],[23.33051,46.52065],[23.34078,46.52992],[23.34666,46.53334],[23.34772,46.53107],[23.35184,46.53105],[23.37041,46.53827],[23.38192,46.5404],[23.39012,46.53973],[23.4011,46.53089],[23.41998,46.52743],[23.43024,46.52939],[23.4392,46.52372],[23.45316,46.52694],[23.45786,46.52599],[23.45961,46.5233],[23.45548,46.51753],[23.45856,46.51202],[23.4642,46.50405],[23.46692,46.5033],[23.47682,46.50057],[23.48463,46.50194],[23.49643,46.49577],[23.51595,46.49242],[23.52314,46.48666],[23.5301,46.49062],[23.53055,46.49892],[23.53786,46.49919],[23.54832,46.50331],[23.55946,46.48823],[23.57572,46.49662],[23.58647,46.49529],[23.58988,46.48897],[23.60325,46.48717],[23.61104,46.48347],[23.61343,46.47889],[23.60129,46.4776],[23.60257,46.46888],[23.59686,46.46028],[23.59066,46.45636],[23.58936,46.45055],[23.59236,46.43662],[23.60269,46.42796],[23.60309,46.41546],[23.61048,46.41394],[23.62779,46.40503],[23.64155,46.40289],[23.64299,46.39975],[23.64996,46.40043],[23.66126,46.39746],[23.66796,46.40133],[23.66485,46.4041],[23.68112,46.40851],[23.67125,46.41791],[23.66513,46.41548],[23.65635,46.41851],[23.65157,46.42742],[23.67113,46.42991],[23.66959,46.44072],[23.67758,46.44932],[23.68729,46.45342],[23.70232,46.45708],[23.72964,46.45206],[23.73863,46.45406],[23.74663,46.45857],[23.75679,46.4579],[23.76676,46.46198],[23.7847,46.45844],[23.79039,46.45993],[23.79128,46.46314],[23.79899,46.46498],[23.81307,46.46621],[23.82428,46.46334],[23.82907,46.46717],[23.83235,46.46848],[23.83961,46.46192],[23.84309,46.46327],[23.85016,46.45476],[23.85541,46.4517],[23.86461,46.45627],[23.86842,46.44736],[23.87868,46.44993],[23.87715,46.45386],[23.88679,46.45929],[23.88812,46.46321],[23.89849,46.46111],[23.90966,46.46351],[23.92173,46.45017],[23.92582,46.45005],[23.95041,46.44936],[23.96325,46.43743],[23.97163,46.4362],[23.97912,46.431],[23.98528,46.43092],[23.98735,46.43342],[23.992,46.43304],[23.9974,46.43604],[24.00382,46.44227],[23.99587,46.44778],[23.98669,46.44953],[23.98811,46.45329],[23.98062,46.45325],[23.97988,46.45535],[23.98372,46.45833],[23.97271,46.45892],[23.96922,46.464],[23.96377,46.47576],[23.97284,46.48221],[23.96472,46.49765],[23.9708,46.50598],[23.96314,46.51202],[23.95905,46.51539],[23.96851,46.52154],[23.97718,46.5332],[23.98842,46.54253],[24.00316,46.54079],[24.01958,46.53129],[24.02914,46.53357],[24.03432,46.54211],[24.03662,46.54254],[24.03879,46.54334],[24.04334,46.5438],[24.03912,46.55677],[24.05169,46.56216],[24.05369,46.57638],[24.06749,46.60113],[24.0681,46.60552],[24.06485,46.60863],[24.04827,46.60987],[24.03879,46.61369],[24.02625,46.61587],[24.02023,46.62786],[24.0281,46.6297],[24.03444,46.6447],[24.03879,46.64585],[24.05796,46.65112],[24.06407,46.6565],[24.07192,46.65565],[24.08484,46.65851],[24.09334,46.65747],[24.09509,46.66127],[24.10239,46.66163],[24.11237,46.68141],[24.1146,46.69356],[24.12364,46.69899],[24.11243,46.70872],[24.08775,46.71216],[24.06651,46.73344],[24.07285,46.74371],[24.08342,46.74613],[24.08381,46.74941],[24.08908,46.75299],[24.11435,46.74332],[24.12398,46.74527],[24.12512,46.74775],[24.11575,46.76656],[24.1182,46.77344],[24.12781,46.77596],[24.13866,46.77561],[24.15059,46.78017],[24.16632,46.78112],[24.17206,46.78638],[24.18065,46.78788],[24.18708,46.79373],[24.17958,46.8047],[24.17783,46.80651],[24.18376,46.80868],[24.19137,46.80664],[24.18953,46.81278],[24.1964,46.82077],[24.18901,46.83016],[24.21,46.83881],[24.20563,46.84876],[24.20039,46.85271],[24.21854,46.87394],[24.2121,46.88518],[24.22745,46.88812],[24.21699,46.89732],[24.21323,46.90804],[24.20512,46.91455],[24.18973,46.92104],[24.1945,46.92976],[24.1928,46.93405],[24.18494,46.92957],[24.17569,46.932],[24.17114,46.93066],[24.16189,46.93411],[24.16075,46.93726],[24.16224,46.94754],[24.16852,46.94708],[24.17268,46.95247],[24.17791,46.95429],[24.17725,46.95676],[24.17123,46.9586],[24.17419,46.963],[24.16059,46.96474],[24.15492,46.96211],[24.13804,46.96616],[24.11392,46.96054],[24.11792,46.9739],[24.10774,46.98469],[24.1011,46.98627],[24.09873,46.98903],[24.10601,46.99564],[24.10542,47.00284],[24.11274,47.0078],[24.11569,47.01289],[24.1161,47.02075],[24.10423,47.02729],[24.11521,47.04003],[24.11472,47.04872],[24.11806,47.05639],[24.12551,47.06084],[24.12339,47.0654],[24.13436,47.07488],[24.13572,47.08126],[24.13263,47.08592],[24.14632,47.0895],[24.14193,47.09337],[24.12885,47.09324],[24.1208,47.09756],[24.12013,47.10571],[24.10964,47.11268],[24.11014,47.1208],[24.10388,47.12481],[24.09611,47.12621],[24.08743,47.11581],[24.07714,47.11912],[24.07145,47.11844],[24.06858,47.12423],[24.07031,47.12825],[24.05732,47.13222],[24.04152,47.13275],[24.03879,47.14039],[24.02634,47.14335],[24.0245,47.14569],[24.01744,47.14389],[24.01256,47.1501],[24.01465,47.15778],[24.02309,47.15542],[24.02743,47.15958],[24.02769,47.16469],[24.02095,47.17013],[24.02095,47.17308],[24.01783,47.17733],[24.01389,47.17806],[24.00209,47.17515],[24.00452,47.16756],[23.99007,47.1683],[23.97686,47.16772],[23.96947,47.16377],[23.95832,47.16217],[23.95528,47.16772],[23.95851,47.17369],[23.95053,47.17762],[23.93639,47.19937],[23.93666,47.2114],[23.92991,47.22114],[23.9294,47.23118],[23.92582,47.2353],[23.91972,47.25306],[23.92126,47.27329],[23.92582,47.27404],[23.92974,47.27469],[23.93307,47.27924],[23.93412,47.28658],[23.92817,47.29938],[23.93818,47.3036],[23.94024,47.30822],[23.9489,47.30644],[23.95542,47.31605],[23.96029,47.31641],[23.96516,47.31241],[23.96992,47.31189],[23.97965,47.32004],[23.98356,47.32062],[23.99056,47.31773],[24.00714,47.30458],[24.00779,47.31177],[24.01963,47.31402],[24.0193,47.31757],[24.02862,47.32405],[24.02327,47.3286],[24.02585,47.33134],[24.01825,47.34501],[24.02271,47.36195],[23.99999,47.36596],[23.99245,47.36222],[23.97093,47.36523],[23.95617,47.36006],[23.94147,47.35927],[23.92582,47.35421],[23.92298,47.35329],[23.91626,47.35589],[23.89623,47.3561],[23.8863,47.36556],[23.87414,47.37127]],[[24.00192,47.35959],[23.99976,47.35829],[23.99451,47.35927],[23.99708,47.36186],[24.00192,47.35959]]],[[[23.9614,47.3122],[23.9585,47.31496],[23.95661,47.31482],[23.95619,47.31146],[23.95637,47.31061],[23.9614,47.3122]]]]},"properties":{"code":"RO113","nom":"Cluj","country":"RO"}},{"type":"Feature","geometry":{"type":"MultiPolygon","coordinates":[[[[25.64873,44.55147],[25.64678,44.55354],[25.63485,44.54942],[25.6167,44.54962],[25.6018,44.53018],[25.59348,44.53123],[25.58928,44.52537],[25.58297,44.5269],[25.58059,44.53351],[25.57433,44.53734],[25.56391,44.52979],[25.55193,44.53328],[25.5478,44.53951],[25.53891,44.53859],[25.51601,44.51967],[25.50489,44.51818],[25.49706,44.51998],[25.49755,44.51642],[25.48671,44.50477],[25.48063,44.50336],[25.48083,44.4992],[25.49957,44.48842],[25.51102,44.48841],[25.50248,44.47678],[25.49802,44.47835],[25.49241,44.47325],[25.49646,44.46486],[25.48049,44.452],[25.4832,44.44953],[25.45911,44.42102],[25.44887,44.41849],[25.43105,44.40555],[25.42889,44.40402],[25.43156,44.40111],[25.42566,44.39676],[25.44785,44.38666],[25.45054,44.3779],[25.45931,44.37484],[25.47328,44.37365],[25.4809,44.37363],[25.47203,44.36108],[25.47797,44.35408],[25.47049,44.34906],[25.47303,44.34411],[25.46923,44.32528],[25.50912,44.31438],[25.52628,44.31467],[25.55113,44.31835],[25.56,44.31643],[25.56788,44.31396],[25.57285,44.30855],[25.59381,44.31098],[25.60302,44.31899],[25.61752,44.31691],[25.62245,44.31421],[25.63079,44.30659],[25.61828,44.2894],[25.64466,44.27666],[25.65068,44.27571],[25.65585,44.29577],[25.66983,44.29243],[25.6666,44.27953],[25.67074,44.27478],[25.66877,44.26946],[25.68462,44.26244],[25.68979,44.2627],[25.69324,44.25638],[25.69998,44.25621],[25.70226,44.25239],[25.69698,44.24892],[25.70278,44.2412],[25.6913,44.24138],[25.68411,44.23821],[25.67927,44.22329],[25.66782,44.21298],[25.66388,44.2054],[25.66545,44.19819],[25.65533,44.16879],[25.70122,44.16069],[25.70172,44.15402],[25.67743,44.15673],[25.67916,44.12777],[25.68819,44.1284],[25.70672,44.13496],[25.71315,44.12782],[25.70664,44.1249],[25.70483,44.12149],[25.70714,44.10235],[25.6973,44.10642],[25.68841,44.12165],[25.68479,44.12035],[25.68512,44.11],[25.67802,44.11274],[25.67534,44.11167],[25.67251,44.10493],[25.67908,44.09715],[25.67752,44.09037],[25.66233,44.10027],[25.65793,44.11431],[25.65262,44.11314],[25.64677,44.10459],[25.64191,44.10236],[25.63863,44.09882],[25.64458,44.09538],[25.62637,44.08645],[25.62769,44.08091],[25.61899,44.07607],[25.62528,44.06796],[25.6169,44.06541],[25.61554,44.06129],[25.62759,44.05449],[25.62829,44.05163],[25.62318,44.04855],[25.60645,44.04525],[25.60592,44.03751],[25.59895,44.03654],[25.59862,44.01754],[25.59396,44.01361],[25.59826,44.00899],[25.59983,44.00304],[25.59343,44.00202],[25.59723,43.99812],[25.60387,43.99065],[25.59133,43.98451],[25.6178,43.95586],[25.61174,43.95282],[25.62217,43.94148],[25.61607,43.9376],[25.58536,43.93694],[25.58437,43.90673],[25.6029,43.90677],[25.61418,43.90311],[25.6142,43.88218],[25.60729,43.87713],[25.60688,43.86728],[25.60689,43.84447],[25.61486,43.84453],[25.62967,43.84466],[25.62955,43.83725],[25.62981,43.82054],[25.6379,43.82051],[25.65994,43.82049],[25.66002,43.80671],[25.66027,43.78002],[25.66665,43.77788],[25.66778,43.77444],[25.65197,43.75007],[25.65897,43.746],[25.65737,43.74146],[25.6627,43.7374],[25.66377,43.71906],[25.67624,43.72166],[25.68536,43.72736],[25.6876,43.72655],[25.68044,43.71958],[25.68335,43.71338],[25.67524,43.71426],[25.67271,43.71219],[25.67356,43.70733],[25.67886,43.70523],[25.68077,43.69925],[25.67207,43.69728],[25.6722,43.68815],[25.67531,43.68824],[25.6837,43.68777],[25.69053,43.68755],[25.69613,43.68749],[25.70335,43.68753],[25.70725,43.68744],[25.71137,43.68717],[25.71778,43.68636],[25.74061,43.69106],[25.75734,43.69786],[25.76055,43.69909],[25.77684,43.70671],[25.78682,43.71473],[25.79879,43.73354],[25.79962,43.73488],[25.80109,43.73678],[25.80279,43.73861],[25.80442,43.74015],[25.80773,43.743],[25.81173,43.74452],[25.81735,43.7459],[25.82201,43.74726],[25.82635,43.74829],[25.83526,43.75077],[25.83714,43.75136],[25.86343,43.76717],[25.86732,43.76983],[25.86936,43.77098],[25.8713,43.77183],[25.87287,43.7727],[25.87557,43.77484],[25.87715,43.77625],[25.87848,43.77763],[25.87996,43.77944],[25.88089,43.78079],[25.88292,43.78456],[25.88853,43.79598],[25.88991,43.79801],[25.89175,43.80015],[25.89551,43.80383],[25.90024,43.80794],[25.90176,43.80915],[25.90406,43.81098],[25.90633,43.81259],[25.91459,43.82176],[25.91657,43.82348],[25.91895,43.82572],[25.92051,43.82748],[25.9216,43.82902],[25.92308,43.83069],[25.92409,43.83203],[25.92719,43.83543],[25.93152,43.8398],[25.93928,43.84688],[25.94618,43.85364],[25.95083,43.85752],[25.95283,43.859],[25.98876,43.87977],[26.03362,43.89631],[26.03656,43.89707],[26.04373,43.90028],[26.04613,43.90116],[26.06076,43.9086],[26.06945,43.92221],[26.07461,43.93121],[26.08018,43.94307],[26.0812,43.94497],[26.08295,43.94762],[26.08434,43.94943],[26.08608,43.95146],[26.08822,43.9537],[26.08973,43.95514],[26.09223,43.95753],[26.09501,43.96055],[26.1008,43.96721],[26.10245,43.96849],[26.10484,43.96951],[26.10856,43.97057],[26.11353,43.97185],[26.11935,43.97303],[26.12539,43.97478],[26.13151,43.97763],[26.13596,43.97944],[26.14193,43.98105],[26.14538,43.9823],[26.14768,43.98291],[26.17435,43.98779],[26.18888,43.98705],[26.19181,43.98684],[26.20754,43.98785],[26.23461,43.99597],[26.25767,44.00419],[26.30019,44.02482],[26.33466,44.03412],[26.34071,44.03543],[26.34596,44.03636],[26.35248,44.03686],[26.35818,44.03716],[26.3614,44.03733],[26.36926,44.03737],[26.37547,44.03768],[26.38182,44.03861],[26.37353,44.056],[26.35876,44.10739],[26.37876,44.11876],[26.40116,44.12554],[26.41897,44.12474],[26.41853,44.13072],[26.42848,44.14701],[26.42716,44.15662],[26.42222,44.16467],[26.41729,44.16586],[26.41388,44.1748],[26.41434,44.17973],[26.41948,44.18385],[26.41579,44.18768],[26.40048,44.18596],[26.39975,44.19748],[26.40723,44.19991],[26.41585,44.19859],[26.4141,44.20471],[26.4016,44.2082],[26.39966,44.22372],[26.3624,44.2234],[26.35951,44.24138],[26.3456,44.24235],[26.33468,44.25007],[26.32508,44.25067],[26.31497,44.25786],[26.30357,44.25585],[26.28762,44.27497],[26.2823,44.27789],[26.28192,44.28203],[26.25996,44.29499],[26.25575,44.29227],[26.24849,44.29393],[26.23233,44.27972],[26.2158,44.2653],[26.20817,44.27033],[26.20491,44.26959],[26.18997,44.25155],[26.1946,44.24812],[26.19014,44.2415],[26.17297,44.24953],[26.16175,44.23597],[26.15989,44.23899],[26.15515,44.23975],[26.14768,44.23737],[26.14537,44.2345],[26.1236,44.24402],[26.10761,44.24669],[26.09336,44.25357],[26.08973,44.25886],[26.08403,44.26716],[26.06945,44.26745],[26.06341,44.26727],[26.06109,44.26759],[26.05708,44.26864],[26.0316,44.29034],[26.02653,44.29236],[26.01528,44.29483],[26.00922,44.30053],[26.0025,44.29915],[25.97678,44.26837],[25.97752,44.27349],[26.00044,44.30444],[25.99639,44.30797],[25.99478,44.31453],[25.97258,44.32715],[25.9687,44.32573],[25.96951,44.31999],[25.96605,44.31681],[25.95241,44.31649],[25.94894,44.31961],[25.95332,44.32502],[25.93248,44.33574],[25.91098,44.3319],[25.89646,44.34372],[25.887,44.34493],[25.88919,44.34755],[25.89133,44.35602],[25.88346,44.35715],[25.87568,44.35582],[25.87103,44.35726],[25.86946,44.36539],[25.85737,44.37315],[25.85606,44.38815],[25.84966,44.3859],[25.83994,44.39024],[25.82821,44.39043],[25.82435,44.39821],[25.82729,44.39998],[25.83334,44.39578],[25.83419,44.40052],[25.85792,44.41413],[25.85038,44.41986],[25.86293,44.42415],[25.84976,44.42984],[25.84988,44.43308],[25.86426,44.44347],[25.85355,44.4473],[25.85376,44.46564],[25.84504,44.47052],[25.85671,44.48218],[25.86971,44.47527],[25.86831,44.46481],[25.90006,44.45281],[25.91342,44.47518],[25.90682,44.4818],[25.89566,44.4854],[25.9206,44.51633],[25.9026,44.5292],[25.89074,44.54095],[25.87507,44.53415],[25.8606,44.53746],[25.85834,44.53628],[25.85362,44.53857],[25.84654,44.5278],[25.84613,44.52505],[25.84454,44.52385],[25.84037,44.53348],[25.83218,44.54126],[25.82553,44.54036],[25.8102,44.54877],[25.79879,44.53872],[25.78921,44.53027],[25.7851,44.53263],[25.77774,44.52997],[25.76464,44.53499],[25.75686,44.53051],[25.74648,44.53731],[25.74037,44.53555],[25.72894,44.53699],[25.72267,44.5444],[25.71595,44.54196],[25.71251,44.54125],[25.7081,44.54438],[25.68183,44.52295],[25.68191,44.52838],[25.67611,44.52618],[25.67367,44.53179],[25.64718,44.54371],[25.64873,44.55147]]]]},"properties":{"code":"RO314","nom":"Giurgiu","country":"RO"}},{"type":"Feature","geometry":{"type":"MultiPolygon","coordinates":[[[[26.61895,44.83328],[26.61744,44.84184],[26.61647,44.84307],[26.60555,44.85699],[26.59558,44.85263],[26.58508,44.84828],[26.57066,44.84307],[26.52747,44.82745],[26.53205,44.81981],[26.50908,44.79815],[26.49351,44.79083],[26.45313,44.81091],[26.4444,44.80433],[26.42908,44.79405],[26.41037,44.78037],[26.39861,44.77055],[26.39393,44.76627],[26.38466,44.76206],[26.37274,44.76183],[26.36785,44.76562],[26.36971,44.77041],[26.35677,44.76939],[26.36229,44.77941],[26.35497,44.78188],[26.34866,44.78015],[26.33817,44.79066],[26.33315,44.78549],[26.32498,44.78477],[26.32631,44.79071],[26.32196,44.79009],[26.31393,44.7766],[26.30611,44.77383],[26.30182,44.76887],[26.34856,44.73179],[26.37415,44.72044],[26.36212,44.70435],[26.36261,44.70182],[26.36891,44.69861],[26.36789,44.69607],[26.35985,44.68839],[26.34836,44.68509],[26.3409,44.68664],[26.33095,44.67968],[26.33245,44.67645],[26.34332,44.67179],[26.35488,44.66038],[26.35981,44.65178],[26.35921,44.63775],[26.36813,44.63932],[26.37292,44.6289],[26.37636,44.62141],[26.39674,44.62385],[26.40126,44.611],[26.37404,44.59145],[26.38049,44.58455],[26.36202,44.56879],[26.36424,44.56342],[26.36146,44.56188],[26.355,44.56302],[26.33917,44.54922],[26.3387,44.54651],[26.3431,44.54931],[26.35679,44.53664],[26.36747,44.52763],[26.39159,44.5384],[26.40113,44.53121],[26.41356,44.52647],[26.41606,44.52168],[26.41963,44.52414],[26.43045,44.5228],[26.46595,44.54678],[26.46468,44.54861],[26.44004,44.54908],[26.44671,44.56395],[26.454,44.56591],[26.46632,44.56406],[26.47321,44.56906],[26.48038,44.57587],[26.49424,44.57203],[26.49287,44.56221],[26.50747,44.55625],[26.51318,44.56091],[26.52187,44.55813],[26.55323,44.53401],[26.56288,44.5266],[26.58103,44.5251],[26.58761,44.52418],[26.59853,44.52236],[26.58949,44.51208],[26.59392,44.5113],[26.59754,44.51513],[26.60957,44.52213],[26.60291,44.52671],[26.60371,44.53244],[26.61715,44.52751],[26.61928,44.5308],[26.61543,44.53612],[26.62152,44.54238],[26.63962,44.53269],[26.64225,44.5331],[26.64365,44.53618],[26.63642,44.54241],[26.66557,44.59496],[26.68275,44.5909],[26.67444,44.57194],[26.68146,44.56594],[26.68219,44.56248],[26.69783,44.56],[26.72506,44.55864],[26.72348,44.53797],[26.75057,44.52883],[26.75449,44.52974],[26.76105,44.54943],[26.78538,44.54199],[26.77977,44.52301],[26.77296,44.52201],[26.77099,44.51824],[26.79628,44.51102],[26.80461,44.5151],[26.81071,44.5216],[26.82329,44.51249],[26.82994,44.52668],[26.84237,44.52613],[26.84909,44.52421],[26.84452,44.519],[26.84509,44.51596],[26.86146,44.51983],[26.87496,44.51814],[26.88234,44.52742],[26.89637,44.52307],[26.8927,44.51592],[26.90232,44.51757],[26.94079,44.52417],[26.9727,44.52893],[27.00358,44.52899],[27.00347,44.50869],[27.04239,44.50866],[27.09167,44.50859],[27.09153,44.48508],[27.09644,44.48506],[27.10813,44.4844],[27.13549,44.48302],[27.13985,44.50092],[27.15405,44.49917],[27.18604,44.49233],[27.18836,44.48674],[27.20474,44.48424],[27.21047,44.50104],[27.22006,44.49983],[27.22165,44.50626],[27.2308,44.50501],[27.22787,44.49347],[27.2629,44.48918],[27.2678,44.50626],[27.29027,44.50379],[27.28743,44.4897],[27.31241,44.4868],[27.31292,44.48942],[27.34209,44.48641],[27.34559,44.48594],[27.35148,44.51351],[27.35216,44.51729],[27.37016,44.51629],[27.36972,44.50614],[27.39007,44.50591],[27.38846,44.49623],[27.41851,44.49726],[27.42107,44.49483],[27.48679,44.49389],[27.50241,44.49355],[27.50368,44.49649],[27.51829,44.49808],[27.52528,44.54268],[27.54507,44.54279],[27.54645,44.56057],[27.55065,44.56165],[27.57182,44.55744],[27.57064,44.46858],[27.61384,44.46773],[27.61439,44.47161],[27.63909,44.47071],[27.63856,44.46541],[27.64941,44.46499],[27.64849,44.45082],[27.65381,44.45062],[27.6534,44.44656],[27.65939,44.44613],[27.659,44.44185],[27.65449,44.42506],[27.65428,44.42092],[27.68942,44.42014],[27.69465,44.41973],[27.7051,44.41949],[27.70702,44.41975],[27.72617,44.41928],[27.73172,44.41769],[27.73261,44.40741],[27.74545,44.40511],[27.74907,44.39773],[27.7641,44.39734],[27.76856,44.39535],[27.74609,44.38075],[27.74798,44.37461],[27.75535,44.36624],[27.74987,44.3607],[27.76146,44.34895],[27.77094,44.34512],[27.78865,44.35438],[27.79943,44.33938],[27.80388,44.34057],[27.81312,44.33471],[27.82034,44.33701],[27.83445,44.34722],[27.84398,44.36957],[27.85504,44.38011],[28.01737,44.34025],[28.01961,44.34493],[28.02051,44.34962],[28.02098,44.35388],[28.02162,44.35645],[28.0228,44.35897],[28.02451,44.36216],[28.02537,44.36368],[28.03121,44.37136],[28.03523,44.37478],[28.03901,44.37866],[28.04322,44.38462],[28.05883,44.39603],[28.06937,44.40393],[28.07014,44.40595],[28.07035,44.40943],[28.07079,44.41127],[28.07278,44.41385],[28.07596,44.416],[28.08064,44.41782],[28.0885,44.42049],[28.09268,44.42259],[28.10466,44.42861],[28.10845,44.43306],[28.11046,44.43723],[28.11017,44.4397],[28.10893,44.44278],[28.10531,44.44795],[28.10198,44.45048],[28.10019,44.4527],[28.09929,44.45453],[28.09824,44.45616],[28.09766,44.45876],[28.09722,44.46189],[28.09558,44.47107],[28.09472,44.47417],[28.09268,44.47845],[28.08604,44.49235],[28.05278,44.50928],[28.03461,44.54717],[28.01604,44.56667],[28.01397,44.5844],[28.02589,44.59957],[28.03228,44.60759],[28.03324,44.61295],[28.03193,44.62425],[28.02812,44.6289],[28.02359,44.63443],[27.99273,44.6546],[27.96995,44.66855],[27.95811,44.67949],[27.93434,44.67878],[27.912,44.69637],[27.88276,44.70764],[27.87539,44.71629],[27.87176,44.72568],[27.87197,44.73416],[27.88101,44.76308],[27.87818,44.7703],[27.87301,44.77417],[27.83493,44.77841],[27.82659,44.78275],[27.82078,44.795],[27.82606,44.81002],[27.82562,44.81945],[27.80724,44.81984],[27.79952,44.8155],[27.78829,44.81826],[27.78262,44.81475],[27.77556,44.80496],[27.75076,44.80758],[27.72826,44.80172],[27.7263,44.79443],[27.74295,44.78793],[27.74396,44.78053],[27.7237,44.7776],[27.72075,44.76741],[27.64904,44.7703],[27.64904,44.77441],[27.64635,44.77582],[27.59278,44.77805],[27.59158,44.78345],[27.56245,44.78362],[27.54044,44.78351],[27.523,44.78864],[27.52591,44.77451],[27.5031,44.77442],[27.50331,44.78005],[27.48391,44.78043],[27.47798,44.7752],[27.44239,44.79558],[27.43676,44.79895],[27.41851,44.78271],[27.40773,44.77301],[27.39978,44.77768],[27.39156,44.78337],[27.38193,44.77468],[27.36384,44.78747],[27.36588,44.78953],[27.34109,44.80261],[27.3361,44.79825],[27.30957,44.77469],[27.28859,44.78581],[27.26931,44.76327],[27.2576,44.74968],[27.24389,44.75743],[27.22288,44.77476],[27.2224,44.78254],[27.20346,44.78707],[27.15806,44.78848],[27.15488,44.78665],[27.1491,44.7681],[27.16673,44.76283],[27.16778,44.75698],[27.18654,44.75098],[27.1792,44.73528],[27.15918,44.74024],[27.15742,44.73642],[27.13731,44.74167],[27.13406,44.73553],[27.09789,44.74485],[27.10663,44.76467],[27.10995,44.78184],[27.05864,44.79628],[27.04487,44.80397],[27.00795,44.82447],[26.99544,44.81379],[26.99053,44.8086],[26.97618,44.79263],[26.97325,44.78829],[26.91388,44.80649],[26.90833,44.80516],[26.90232,44.80778],[26.89517,44.81089],[26.89405,44.81329],[26.87836,44.82025],[26.86601,44.8069],[26.84643,44.81423],[26.83072,44.79859],[26.81736,44.80338],[26.80957,44.79606],[26.77591,44.81478],[26.72043,44.80949],[26.71232,44.81894],[26.67867,44.80878],[26.67093,44.81115],[26.64505,44.82213],[26.63093,44.81359],[26.61895,44.83328]]]]},"properties":{"code":"RO315","nom":"Ialomi\u0163a","country":"RO"}},{"type":"Feature","geometry":{"type":"MultiPolygon","coordinates":[[[[27.40291,47.58332],[27.40113,47.58438],[27.39117,47.5894],[27.38382,47.58552],[27.3703,47.58228],[27.36082,47.58041],[27.35623,47.57873],[27.35323,47.57779],[27.34624,47.57509],[27.32837,47.57223],[27.32769,47.57305],[27.30765,47.5767],[27.3024,47.57588],[27.3044,47.57167],[27.29665,47.56783],[27.28719,47.57337],[27.28127,47.5684],[27.26336,47.57072],[27.258,47.56802],[27.2578,47.56366],[27.24897,47.56271],[27.24802,47.55998],[27.25174,47.55792],[27.24747,47.55636],[27.25296,47.55324],[27.24711,47.54206],[27.25833,47.52932],[27.24338,47.52271],[27.2367,47.52594],[27.22671,47.52301],[27.22863,47.5154],[27.22321,47.51306],[27.2209,47.51881],[27.21617,47.5207],[27.20291,47.51919],[27.18887,47.52021],[27.18584,47.51695],[27.18085,47.51741],[27.17926,47.52159],[27.16897,47.52437],[27.15972,47.53426],[27.1496,47.53012],[27.14446,47.54172],[27.10071,47.5474],[27.09682,47.54279],[27.0906,47.54093],[27.08009,47.52204],[27.07327,47.51201],[27.07611,47.4942],[27.08018,47.49104],[27.08007,47.48613],[27.08033,47.4834],[27.08083,47.48055],[27.08092,47.47834],[27.08169,47.47173],[27.08176,47.46881],[27.08223,47.46437],[27.07084,47.46466],[27.06354,47.4623],[27.04994,47.46527],[27.04929,47.45103],[27.04188,47.43824],[27.03366,47.4487],[27.02231,47.46071],[27.00781,47.46511],[27.01489,47.47053],[27.00937,47.48221],[27.00637,47.4833],[27.00311,47.48023],[26.98899,47.49224],[26.9832,47.49141],[26.97708,47.49563],[26.96674,47.49379],[26.94558,47.49716],[26.92901,47.49256],[26.91991,47.49367],[26.90232,47.4926],[26.88497,47.49153],[26.87621,47.49245],[26.8679,47.49594],[26.85816,47.49502],[26.83908,47.49742],[26.83523,47.50104],[26.82788,47.50167],[26.81667,47.50777],[26.79687,47.50125],[26.78813,47.50044],[26.77321,47.50374],[26.75191,47.50327],[26.74052,47.50601],[26.71877,47.51526],[26.71005,47.51046],[26.69996,47.50964],[26.70367,47.49917],[26.69826,47.4931],[26.71515,47.48591],[26.72682,47.47287],[26.71257,47.47215],[26.70057,47.47171],[26.6945,47.46023],[26.6868,47.4621],[26.68206,47.46019],[26.68031,47.45581],[26.6807,47.44067],[26.68697,47.43671],[26.69122,47.42725],[26.70123,47.41948],[26.70427,47.41428],[26.70374,47.41002],[26.69596,47.4008],[26.6907,47.4042],[26.69069,47.41038],[26.68676,47.41384],[26.64513,47.3991],[26.65049,47.39556],[26.6509,47.39106],[26.65769,47.3925],[26.66207,47.39086],[26.6692,47.38453],[26.6698,47.38109],[26.67732,47.3776],[26.67736,47.37311],[26.66603,47.37046],[26.66417,47.36773],[26.67143,47.3648],[26.68017,47.36749],[26.68325,47.36506],[26.68113,47.36179],[26.67194,47.35922],[26.63709,47.35787],[26.62388,47.35491],[26.60962,47.35531],[26.59932,47.367],[26.57139,47.37651],[26.56977,47.38908],[26.53367,47.39004],[26.52721,47.39909],[26.52744,47.40462],[26.50147,47.39432],[26.4942,47.3923],[26.49423,47.38822],[26.49591,47.38369],[26.5052,47.37617],[26.5061,47.37323],[26.50322,47.37023],[26.50761,47.36334],[26.49976,47.36148],[26.501,47.35726],[26.49619,47.35166],[26.50199,47.34951],[26.51006,47.3367],[26.51321,47.3368],[26.52126,47.33931],[26.54049,47.31645],[26.55108,47.31675],[26.5519,47.30966],[26.56352,47.31506],[26.57337,47.30618],[26.56947,47.29741],[26.56214,47.2932],[26.54692,47.30057],[26.50779,47.27169],[26.53362,47.2524],[26.5403,47.25058],[26.56246,47.23722],[26.57415,47.21852],[26.5807,47.21467],[26.58483,47.2127],[26.58652,47.21109],[26.59583,47.20271],[26.59206,47.1987],[26.60388,47.19878],[26.60852,47.19735],[26.61493,47.18456],[26.61377,47.18077],[26.60289,47.1734],[26.60376,47.16942],[26.60997,47.16757],[26.60697,47.16332],[26.60798,47.15993],[26.60062,47.15473],[26.60231,47.15172],[26.61272,47.14694],[26.61221,47.14326],[26.61138,47.13628],[26.62158,47.13185],[26.61566,47.12628],[26.61531,47.10927],[26.63633,47.09243],[26.64695,47.09536],[26.68275,47.11242],[26.68548,47.10987],[26.69578,47.10086],[26.70784,47.09213],[26.71229,47.09317],[26.72551,47.08579],[26.74052,47.09379],[26.75079,47.0961],[26.76069,47.09689],[26.79289,47.07458],[26.79539,47.07545],[26.81396,47.06447],[26.81983,47.05347],[26.81644,47.04995],[26.81896,47.04343],[26.83138,47.038],[26.83669,47.0441],[26.87812,47.05765],[26.88403,47.05176],[26.87155,47.04612],[26.87715,47.04191],[26.88893,47.04479],[26.90232,47.02822],[26.90253,47.02796],[26.92896,47.03514],[26.93227,47.0343],[26.9331,47.03757],[26.94282,47.04294],[26.94866,47.04122],[26.95902,47.04538],[26.95976,47.05936],[26.9711,47.06258],[26.972,47.07717],[26.98278,47.07872],[26.98675,47.0692],[26.98941,47.06945],[26.99583,47.04984],[27.00169,47.04108],[27.02244,47.03344],[27.02568,47.03723],[27.03591,47.04091],[27.03252,47.04377],[27.03463,47.04948],[27.02639,47.05174],[27.03246,47.0558],[27.03782,47.05555],[27.04511,47.06375],[27.05172,47.06416],[27.05773,47.07067],[27.06109,47.08452],[27.0755,47.08805],[27.08726,47.08806],[27.09755,47.09199],[27.14749,47.08222],[27.15591,47.08269],[27.15657,47.08212],[27.17293,47.07142],[27.18288,47.06072],[27.18505,47.04883],[27.17777,47.04012],[27.18651,47.03066],[27.20647,47.02692],[27.21908,47.01741],[27.22809,47.01653],[27.23994,47.0115],[27.238,46.99846],[27.24304,46.99348],[27.2326,46.98745],[27.23085,46.97971],[27.22666,46.97607],[27.21661,46.97437],[27.20421,46.9818],[27.19653,46.97915],[27.18773,46.98804],[27.17936,46.9883],[27.17353,46.98521],[27.17191,46.97615],[27.16683,46.97297],[27.16967,46.97054],[27.16066,46.96911],[27.14718,46.95888],[27.13346,46.96259],[27.12195,46.95073],[27.14199,46.94209],[27.17446,46.92306],[27.18408,46.91061],[27.19404,46.90382],[27.19583,46.89795],[27.20203,46.89589],[27.19451,46.88803],[27.20239,46.88241],[27.21307,46.87721],[27.21858,46.87715],[27.22322,46.87706],[27.22715,46.86853],[27.23717,46.86981],[27.24808,46.8744],[27.25123,46.86759],[27.27146,46.86995],[27.28463,46.87518],[27.29405,46.86806],[27.30701,46.86824],[27.31172,46.86357],[27.32088,46.86452],[27.32222,46.86711],[27.33106,46.86723],[27.33639,46.8677],[27.33914,46.87455],[27.34856,46.87686],[27.35223,46.88133],[27.36448,46.88335],[27.3713,46.89082],[27.37895,46.88953],[27.39821,46.8931],[27.40021,46.88764],[27.39712,46.88419],[27.4018,46.87704],[27.41401,46.87532],[27.41851,46.87286],[27.42128,46.86792],[27.4257,46.86288],[27.44475,46.86532],[27.45287,46.86891],[27.45796,46.86557],[27.46035,46.86295],[27.46532,46.86383],[27.46232,46.86775],[27.47002,46.87054],[27.47569,46.86727],[27.48687,46.86898],[27.48735,46.87481],[27.49317,46.87675],[27.51575,46.87521],[27.53205,46.88228],[27.52293,46.89156],[27.52365,46.90559],[27.5207,46.91334],[27.52949,46.91564],[27.53573,46.91162],[27.54734,46.91329],[27.56034,46.89531],[27.56399,46.88513],[27.56805,46.88184],[27.57276,46.88821],[27.58414,46.8882],[27.58636,46.88635],[27.58539,46.87974],[27.58795,46.87869],[27.5972,46.88197],[27.6092,46.89283],[27.6197,46.89049],[27.63255,46.89591],[27.64311,46.89559],[27.64409,46.89765],[27.63757,46.90535],[27.6374,46.91325],[27.62964,46.92239],[27.61605,46.92612],[27.61764,46.93909],[27.6082,46.94601],[27.61561,46.95019],[27.60708,46.95763],[27.60869,46.97067],[27.61826,46.98691],[27.62235,46.99078],[27.63036,46.98767],[27.63867,46.97702],[27.65486,46.97592],[27.65992,46.97339],[27.68377,46.95441],[27.69381,46.93793],[27.70501,46.93943],[27.71014,46.93222],[27.71622,46.93097],[27.72446,46.92087],[27.73348,46.92114],[27.7393,46.91569],[27.74435,46.90303],[27.7561,46.88993],[27.76778,46.8814],[27.76986,46.87732],[27.78434,46.8801],[27.78721,46.8751],[27.79037,46.87524],[27.79019,46.88507],[27.78323,46.89716],[27.7835,46.90605],[27.77043,46.93329],[27.77062,46.94715],[27.78088,46.94811],[27.78767,46.94564],[27.79038,46.94211],[27.79418,46.92946],[27.80585,46.92849],[27.81114,46.9321],[27.81597,46.92445],[27.81075,46.91703],[27.80905,46.89868],[27.81311,46.88114],[27.80648,46.87576],[27.79701,46.86014],[27.8276,46.85377],[27.83204,46.86205],[27.83628,46.86442],[27.84686,46.86492],[27.86643,46.85674],[27.8708,46.85907],[27.86984,46.83989],[27.87698,46.83048],[27.8859,46.82388],[27.88961,46.82455],[27.89353,46.81471],[27.90401,46.80978],[27.91143,46.81045],[27.92097,46.81757],[27.92854,46.81938],[27.94288,46.82331],[27.93612,46.8323],[27.93999,46.83762],[27.92919,46.84023],[27.9326,46.84328],[27.93862,46.84384],[27.93925,46.84676],[27.92268,46.8634],[27.92794,46.86592],[27.93241,46.86558],[27.93626,46.86422],[27.94255,46.85571],[27.95619,46.85689],[27.97895,46.85723],[27.9902,46.83839],[28.00726,46.83915],[28.01975,46.8336],[28.03484,46.84091],[28.04517,46.84461],[28.05281,46.85027],[28.06185,46.84744],[28.06812,46.85066],[28.07176,46.85129],[28.08318,46.84588],[28.09197,46.84776],[28.10172,46.84164],[28.11381,46.83841],[28.11623,46.847],[28.12366,46.84884],[28.12545,46.85133],[28.11989,46.85355],[28.12101,46.85709],[28.11003,46.86421],[28.1096,46.86898],[28.10213,46.87113],[28.11603,46.87766],[28.11239,46.88176],[28.11401,46.89053],[28.11158,46.89436],[28.10839,46.8902],[28.10309,46.89483],[28.09627,46.89252],[28.09329,46.89549],[28.08639,46.89575],[28.08783,46.89948],[28.08335,46.90276],[28.08643,46.9066],[28.09391,46.90498],[28.0947,46.90964],[28.10296,46.91036],[28.11143,46.92011],[28.11035,46.92319],[28.09842,46.92779],[28.10267,46.92999],[28.10183,46.93199],[28.08322,46.93602],[28.0841,46.93764],[28.08848,46.9368],[28.09696,46.94394],[28.09704,46.94922],[28.09007,46.94839],[28.09274,46.9557],[28.08451,46.95696],[28.07898,46.96177],[28.08502,46.96571],[28.08586,46.9725],[28.0952,46.97639],[28.09115,46.9804],[28.08565,46.98402],[28.07759,46.98546],[28.0807,46.98997],[28.05565,46.99935],[28.05313,47.00582],[28.05244,47.00196],[28.04896,47.00209],[28.04088,47.00645],[28.0407,47.0109],[28.03368,47.01108],[28.04088,47.02078],[28.03498,47.03012],[28.02698,47.02953],[28.02296,47.02413],[28.01714,47.02317],[27.99567,47.02917],[27.99529,47.03458],[27.99196,47.03698],[27.98704,47.03459],[27.97973,47.03659],[27.97223,47.04391],[27.9591,47.04235],[27.962,47.04902],[27.95196,47.04696],[27.94599,47.04908],[27.94693,47.05261],[27.9594,47.0553],[27.9564,47.05809],[27.94571,47.06005],[27.94019,47.06518],[27.93259,47.0622],[27.92319,47.06725],[27.91673,47.06749],[27.90531,47.07606],[27.89756,47.07378],[27.89555,47.08303],[27.89128,47.08834],[27.88051,47.09155],[27.88259,47.09846],[27.87437,47.1026],[27.86788,47.10327],[27.87459,47.10767],[27.86477,47.10746],[27.86293,47.10397],[27.85961,47.10371],[27.85498,47.10749],[27.85552,47.11224],[27.83383,47.1154],[27.82621,47.12139],[27.83933,47.12943],[27.84761,47.12297],[27.85104,47.12592],[27.85061,47.12933],[27.84254,47.13489],[27.83103,47.1336],[27.82976,47.13811],[27.82287,47.13552],[27.8151,47.13794],[27.80204,47.13773],[27.78535,47.1405],[27.78173,47.14258],[27.78451,47.14429],[27.79914,47.14243],[27.79569,47.14872],[27.78649,47.14743],[27.78524,47.15079],[27.78911,47.15321],[27.80057,47.15227],[27.80264,47.15721],[27.81027,47.16322],[27.80988,47.16536],[27.79739,47.16967],[27.79709,47.17503],[27.79898,47.18124],[27.8014,47.18889],[27.79244,47.18832],[27.78707,47.19149],[27.78876,47.20601],[27.77933,47.2064],[27.78639,47.21629],[27.78308,47.22002],[27.77059,47.22192],[27.77414,47.2303],[27.75586,47.23055],[27.75783,47.23867],[27.75122,47.23818],[27.746,47.24114],[27.74694,47.24762],[27.75452,47.24672],[27.75628,47.25078],[27.7504,47.25433],[27.74457,47.25191],[27.7428,47.25618],[27.74685,47.25748],[27.75526,47.25593],[27.75772,47.25813],[27.74554,47.26414],[27.74766,47.2751],[27.74465,47.27682],[27.73815,47.2761],[27.73603,47.2879],[27.72849,47.29445],[27.71866,47.29373],[27.71211,47.29862],[27.70614,47.29983],[27.70321,47.29783],[27.705,47.28981],[27.69106,47.29122],[27.68593,47.28489],[27.68279,47.28891],[27.68386,47.29608],[27.67977,47.29891],[27.67811,47.30934],[27.67523,47.30856],[27.67629,47.30295],[27.67393,47.30002],[27.67033,47.30009],[27.66694,47.30378],[27.66354,47.3074],[27.65921,47.3047],[27.65173,47.30756],[27.64747,47.30654],[27.64734,47.30004],[27.63557,47.30225],[27.63378,47.30448],[27.63738,47.31114],[27.62817,47.31064],[27.6222,47.32502],[27.61645,47.31963],[27.60691,47.31716],[27.61037,47.32529],[27.60832,47.32788],[27.60424,47.32799],[27.59956,47.32361],[27.60112,47.31859],[27.59876,47.31747],[27.59344,47.32042],[27.5947,47.32659],[27.58183,47.32774],[27.58209,47.33015],[27.58653,47.33159],[27.59354,47.33177],[27.60067,47.32931],[27.61423,47.33966],[27.61374,47.3411],[27.60888,47.33881],[27.60519,47.33966],[27.60497,47.34884],[27.59773,47.34662],[27.59512,47.34782],[27.60025,47.36601],[27.59636,47.3713],[27.58968,47.36538],[27.57441,47.36857],[27.57511,47.37107],[27.58365,47.37593],[27.58072,47.37821],[27.57173,47.37247],[27.5694,47.37684],[27.56953,47.39375],[27.57475,47.39785],[27.58121,47.39912],[27.58415,47.40866],[27.57592,47.40882],[27.57414,47.41563],[27.56989,47.42411],[27.56386,47.42245],[27.55728,47.42533],[27.55279,47.43243],[27.56021,47.43793],[27.55818,47.44647],[27.56947,47.44962],[27.57417,47.45781],[27.57032,47.46307],[27.56049,47.46461],[27.54576,47.47537],[27.53706,47.48715],[27.53346,47.48533],[27.53414,47.47981],[27.52344,47.48064],[27.51577,47.47574],[27.51273,47.48591],[27.50272,47.4794],[27.49424,47.48136],[27.49163,47.48731],[27.47337,47.48684],[27.47213,47.49009],[27.46797,47.49391],[27.46688,47.49953],[27.45454,47.50809],[27.45643,47.51855],[27.46666,47.52644],[27.46329,47.52684],[27.45312,47.52157],[27.44524,47.52978],[27.45708,47.53467],[27.4446,47.53602],[27.43199,47.54375],[27.4317,47.54647],[27.43626,47.54897],[27.42591,47.55424],[27.43041,47.56195],[27.4195,47.56465],[27.41722,47.56926],[27.41857,47.57299],[27.42768,47.58024],[27.42555,47.58382],[27.41851,47.58359],[27.41223,47.58263],[27.40585,47.58254],[27.40291,47.58332]],[[28.10644,46.84225],[28.10983,46.84509],[28.11208,46.84039],[28.11078,46.83989],[28.10644,46.84225]]],[[[28.05394,47.01451],[28.05213,47.01987],[28.04837,47.02452],[28.04506,47.02388],[28.04452,47.02114],[28.04242,47.01944],[28.04519,47.01861],[28.05098,47.01349],[28.05394,47.01451]]]]},"properties":{"code":"RO213","nom":"Ia\u015fi","country":"RO"}},{"type":"Feature","geometry":{"type":"MultiPolygon","coordinates":[[[[26.9139,46.82073],[26.90719,46.82201],[26.90939,46.82724],[26.90232,46.82763],[26.88177,46.82875],[26.88168,46.81617],[26.87248,46.81359],[26.86458,46.80654],[26.8495,46.80467],[26.84924,46.78082],[26.84365,46.7765],[26.83436,46.7788],[26.82258,46.77275],[26.83094,46.76637],[26.84075,46.75149],[26.82414,46.74342],[26.82348,46.73924],[26.81507,46.73548],[26.81604,46.73224],[26.79923,46.7252],[26.79995,46.72199],[26.78614,46.71763],[26.77909,46.725],[26.75253,46.73799],[26.75204,46.7403],[26.7529,46.75476],[26.73205,46.75137],[26.74254,46.7683],[26.74052,46.76823],[26.73534,46.76809],[26.73158,46.76341],[26.72439,46.76455],[26.70993,46.77141],[26.70334,46.76688],[26.67595,46.76769],[26.6788,46.7606],[26.67135,46.75409],[26.67528,46.7362],[26.67003,46.73362],[26.66338,46.73517],[26.64799,46.72235],[26.64361,46.72099],[26.63949,46.72597],[26.63008,46.71766],[26.62368,46.72022],[26.60883,46.71203],[26.58196,46.68534],[26.56953,46.67915],[26.54664,46.67829],[26.52996,46.69234],[26.52288,46.68953],[26.51615,46.69393],[26.50762,46.69409],[26.49022,46.68003],[26.47237,46.67687],[26.45397,46.68111],[26.44175,46.67968],[26.43532,46.6872],[26.41126,46.67847],[26.40803,46.66396],[26.39047,46.651],[26.36781,46.64972],[26.34688,46.65116],[26.33719,46.66112],[26.33095,46.6638],[26.32566,46.66188],[26.3208,46.65556],[26.30077,46.65357],[26.29331,46.65647],[26.29325,46.66192],[26.28353,46.68067],[26.27083,46.69145],[26.26275,46.69397],[26.26663,46.69948],[26.26582,46.7032],[26.24232,46.69635],[26.23319,46.68568],[26.21991,46.68074],[26.22192,46.67668],[26.21579,46.66771],[26.2157,46.65668],[26.20456,46.65169],[26.19544,46.65309],[26.18488,46.65183],[26.15907,46.64169],[26.15228,46.64538],[26.14726,46.65664],[26.13981,46.66014],[26.1273,46.65886],[26.10017,46.64742],[26.08973,46.65251],[26.08141,46.65658],[26.08089,46.67293],[26.07294,46.68107],[26.07134,46.68884],[26.07547,46.69561],[26.0715,46.70062],[26.06945,46.71042],[26.05218,46.7162],[26.02751,46.70745],[26.01433,46.69484],[26.00408,46.69621],[25.99932,46.69979],[25.98386,46.69688],[25.97516,46.69731],[25.97699,46.6849],[25.97509,46.67899],[25.98345,46.67921],[25.99362,46.67241],[26.00602,46.65955],[26.00826,46.64843],[26.01849,46.63537],[26.01194,46.63451],[26.00375,46.63693],[26.00203,46.62828],[25.99326,46.62279],[25.99121,46.61588],[25.99973,46.60031],[26.01272,46.59015],[26.02134,46.58787],[26.02562,46.57832],[26.03248,46.57127],[26.03207,46.56063],[26.03823,46.55545],[26.03989,46.55054],[26.03636,46.54381],[26.04827,46.53237],[26.0572,46.52897],[26.06022,46.52614],[26.06945,46.52573],[26.07436,46.52489],[26.08048,46.51633],[26.08163,46.50753],[26.07905,46.49915],[26.0747,46.48565],[26.06945,46.48596],[26.05717,46.49389],[26.03441,46.49126],[26.01937,46.49183],[26.00748,46.48186],[26.01627,46.47666],[26.01241,46.46907],[26.0152,46.46463],[26.01559,46.46069],[26.00791,46.4586],[26.00502,46.45322],[26.00558,46.44549],[25.98814,46.43906],[25.99478,46.43275],[26.003,46.424],[25.99729,46.41925],[25.99955,46.41341],[25.99524,46.40675],[26.00244,46.40675],[26.00784,46.41242],[26.01925,46.40977],[26.02228,46.41548],[26.02978,46.41097],[26.03442,46.41648],[26.04544,46.41653],[26.06008,46.41281],[26.05744,46.40335],[26.06237,46.40093],[26.06945,46.40078],[26.08359,46.39953],[26.08973,46.40007],[26.09998,46.40098],[26.1334,46.39637],[26.1597,46.38581],[26.16462,46.38419],[26.16309,46.37988],[26.16659,46.36833],[26.16438,46.34712],[26.15477,46.33924],[26.14967,46.32976],[26.15074,46.32205],[26.15608,46.31516],[26.16286,46.31589],[26.17867,46.31109],[26.20918,46.31241],[26.2247,46.31735],[26.23508,46.33384],[26.24515,46.3395],[26.27114,46.34419],[26.28953,46.33664],[26.29233,46.33184],[26.28397,46.32056],[26.27814,46.29984],[26.27197,46.29509],[26.27392,46.28809],[26.25359,46.27598],[26.25443,46.26696],[26.26268,46.25705],[26.25996,46.25092],[26.26344,46.24634],[26.28676,46.24514],[26.30997,46.23853],[26.32493,46.23117],[26.33752,46.21516],[26.34145,46.20096],[26.33371,46.19559],[26.331,46.18595],[26.33406,46.17604],[26.34678,46.16245],[26.34388,46.1378],[26.35325,46.14103],[26.36568,46.14225],[26.37299,46.14568],[26.38533,46.14501],[26.38443,46.13948],[26.3889,46.13384],[26.38716,46.12562],[26.38055,46.12764],[26.36795,46.11789],[26.37097,46.11004],[26.37628,46.10674],[26.39126,46.10134],[26.40693,46.10311],[26.40622,46.09219],[26.43063,46.07801],[26.42563,46.0674],[26.44072,46.05148],[26.43865,46.04793],[26.43998,46.03888],[26.45965,46.03524],[26.47463,46.03895],[26.48071,46.04425],[26.49068,46.04485],[26.51541,46.02751],[26.5357,46.02716],[26.54048,46.02374],[26.54829,46.02374],[26.55302,46.02042],[26.57205,46.01748],[26.57976,46.02159],[26.58676,46.03983],[26.60145,46.04669],[26.60934,46.04566],[26.61881,46.05268],[26.63289,46.05756],[26.64049,46.06591],[26.64071,46.07154],[26.64606,46.07437],[26.65406,46.07921],[26.67095,46.07765],[26.67916,46.07884],[26.68563,46.08513],[26.70371,46.09328],[26.71856,46.08943],[26.73364,46.09483],[26.74052,46.08744],[26.74722,46.08887],[26.7633,46.08754],[26.77368,46.08974],[26.77782,46.09354],[26.78509,46.08855],[26.78999,46.07894],[26.80042,46.07577],[26.80587,46.06626],[26.82396,46.07182],[26.84461,46.07132],[26.84828,46.07822],[26.86176,46.08062],[26.86722,46.08433],[26.88633,46.08078],[26.90232,46.07614],[26.92362,46.06624],[26.93173,46.06532],[26.93731,46.06695],[26.94027,46.07713],[26.94823,46.08089],[26.95226,46.08705],[26.94841,46.10183],[26.96214,46.10894],[26.97999,46.11238],[26.98926,46.11283],[27.01852,46.10536],[27.03287,46.09917],[27.07547,46.08783],[27.08112,46.0895],[27.08464,46.09446],[27.10189,46.08938],[27.10575,46.08987],[27.10477,46.1043],[27.08853,46.10894],[27.08755,46.11146],[27.11004,46.10918],[27.12264,46.10479],[27.13112,46.11591],[27.13675,46.11574],[27.1367,46.11907],[27.13397,46.12148],[27.13936,46.13371],[27.12722,46.1378],[27.12473,46.14746],[27.16825,46.16869],[27.16535,46.17505],[27.17071,46.17525],[27.17322,46.18127],[27.17829,46.17947],[27.1843,46.17278],[27.1872,46.17321],[27.18776,46.1759],[27.19208,46.18682],[27.19692,46.18607],[27.20174,46.18007],[27.22056,46.19068],[27.22677,46.18739],[27.23525,46.18878],[27.23785,46.18195],[27.23961,46.17891],[27.24363,46.1781],[27.26986,46.18321],[27.26301,46.20044],[27.30938,46.20541],[27.31009,46.20329],[27.31781,46.20138],[27.31866,46.19254],[27.31485,46.1844],[27.32373,46.18324],[27.33003,46.17879],[27.33426,46.16921],[27.34979,46.16835],[27.35053,46.16213],[27.34766,46.15699],[27.34978,46.15356],[27.36326,46.15634],[27.37357,46.15765],[27.37544,46.16341],[27.38016,46.16567],[27.37611,46.17859],[27.37911,46.18919],[27.38483,46.18984],[27.38942,46.19378],[27.41851,46.19375],[27.41851,46.19193],[27.41851,46.18966],[27.43266,46.18825],[27.44783,46.18362],[27.45271,46.17495],[27.45099,46.17113],[27.45345,46.16531],[27.46012,46.15766],[27.4662,46.15754],[27.47561,46.16127],[27.47964,46.16692],[27.4913,46.16292],[27.49282,46.15921],[27.5059,46.15651],[27.50598,46.16313],[27.50099,46.16626],[27.50591,46.18272],[27.50538,46.19131],[27.508,46.19417],[27.50478,46.20312],[27.50696,46.20513],[27.51,46.20912],[27.50704,46.21823],[27.47953,46.22115],[27.47385,46.23671],[27.47253,46.24996],[27.46787,46.27598],[27.46757,46.27765],[27.48053,46.28338],[27.46503,46.29573],[27.46551,46.3024],[27.45999,46.30951],[27.45805,46.31834],[27.47066,46.322],[27.47699,46.32073],[27.47707,46.32523],[27.48075,46.32812],[27.4737,46.33337],[27.46094,46.35693],[27.46081,46.35989],[27.46523,46.36377],[27.4644,46.37066],[27.45992,46.37815],[27.45222,46.37964],[27.44743,46.40254],[27.44135,46.40988],[27.43263,46.41341],[27.42881,46.4247],[27.42084,46.43063],[27.42311,46.43492],[27.41851,46.43509],[27.41617,46.44183],[27.41178,46.45733],[27.41488,46.46138],[27.40754,46.46343],[27.39903,46.47029],[27.39688,46.47818],[27.38292,46.49915],[27.38124,46.51188],[27.38359,46.518],[27.37797,46.51631],[27.37473,46.51778],[27.37625,46.52138],[27.37061,46.52576],[27.36799,46.53237],[27.36136,46.53578],[27.35098,46.55231],[27.33575,46.56627],[27.33008,46.58172],[27.32925,46.58351],[27.32054,46.58982],[27.31841,46.59476],[27.31123,46.59613],[27.30631,46.60345],[27.29513,46.60841],[27.28799,46.61718],[27.27636,46.62527],[27.2955,46.64046],[27.31447,46.65143],[27.31935,46.65837],[27.30233,46.66817],[27.29296,46.67689],[27.30556,46.68279],[27.3059,46.68705],[27.31081,46.69095],[27.31918,46.69245],[27.32558,46.6981],[27.32017,46.7018],[27.31132,46.70141],[27.2859,46.71687],[27.25507,46.72783],[27.24073,46.73519],[27.23434,46.74247],[27.23464,46.7484],[27.22756,46.74853],[27.21194,46.76121],[27.20622,46.76985],[27.18804,46.76049],[27.18436,46.74966],[27.16431,46.7493],[27.16432,46.74269],[27.16022,46.73483],[27.15079,46.73124],[27.1516,46.73657],[27.14311,46.74153],[27.1458,46.75329],[27.1401,46.7527],[27.13456,46.74858],[27.11534,46.74943],[27.10362,46.76699],[27.09721,46.76895],[27.07523,46.76629],[27.06196,46.75701],[27.05497,46.75877],[27.04529,46.77157],[27.03327,46.77056],[27.0289,46.77208],[27.02482,46.76943],[27.00829,46.76877],[27.00292,46.76597],[26.97906,46.76235],[26.96989,46.759],[26.96485,46.75461],[26.94981,46.75661],[26.9394,46.75306],[26.94054,46.75669],[26.94638,46.75899],[26.94704,46.76241],[26.94119,46.76607],[26.94558,46.77202],[26.93574,46.78425],[26.93157,46.78357],[26.92218,46.7758],[26.91969,46.77789],[26.92179,46.78221],[26.9139,46.78316],[26.90878,46.78625],[26.91255,46.79262],[26.90232,46.79554],[26.89384,46.79796],[26.89666,46.80085],[26.90232,46.79939],[26.90438,46.79886],[26.9073,46.80003],[26.90707,46.80541],[26.90232,46.80953],[26.90152,46.81022],[26.90071,46.81435],[26.90232,46.8148],[26.90425,46.81534],[26.9134,46.81038],[26.9139,46.82073]]]]},"properties":{"code":"RO211","nom":"Bac\u0103u","country":"RO"}},{"type":"Feature","geometry":{"type":"MultiPolygon","coordinates":[[[[22.20762,47.59559],[22.2021,47.59841],[22.18084,47.60009],[22.17131,47.59184],[22.14758,47.59454],[22.13843,47.59793],[22.12832,47.59809],[22.12847,47.58963],[22.12156,47.58228],[22.11452,47.57587],[22.10834,47.57364],[22.10388,47.57099],[22.09895,47.56291],[22.09069,47.55743],[22.08611,47.56099],[22.07884,47.56195],[22.06085,47.55268],[22.05557,47.547],[22.06992,47.53859],[22.06864,47.53555],[22.06101,47.52977],[22.04517,47.53889],[22.02297,47.51781],[22.0127,47.50075],[22.00723,47.48064],[22.02037,47.45558],[22.0319,47.45054],[22.02656,47.44148],[22.03446,47.42865],[22.03064,47.42221],[22.03521,47.41394],[22.02782,47.40044],[22.01212,47.37672],[21.99954,47.37729],[21.99427,47.38079],[21.98679,47.38148],[21.98411,47.37971],[21.97745,47.37841],[21.97512,47.38018],[21.96154,47.38123],[21.95576,47.37626],[21.93933,47.37281],[21.93887,47.36726],[21.92519,47.35298],[21.91967,47.33915],[21.89551,47.31459],[21.88911,47.29608],[21.88869,47.29467],[21.87861,47.28607],[21.88735,47.27747],[21.88691,47.27163],[21.88132,47.26649],[21.87459,47.26405],[21.86632,47.25797],[21.85196,47.23892],[21.84848,47.22203],[21.85836,47.21851],[21.85777,47.18715],[21.84734,47.18424],[21.83911,47.17807],[21.83174,47.17837],[21.82757,47.1744],[21.81762,47.17224],[21.81109,47.16325],[21.80334,47.14414],[21.79962,47.12986],[21.7918,47.12312],[21.7903,47.11338],[21.79284,47.10724],[21.77202,47.10869],[21.75162,47.10563],[21.72614,47.09861],[21.71335,47.08287],[21.71495,47.07482],[21.70256,47.06858],[21.70358,47.06341],[21.68534,47.052],[21.68208,47.04581],[21.64879,47.03896],[21.65895,47.02213],[21.67727,47.01799],[21.68095,47.00681],[21.68725,47.00278],[21.68747,46.99944],[21.67845,46.99648],[21.67688,46.98769],[21.67059,46.97829],[21.6686,46.97093],[21.68074,46.96709],[21.67931,46.96163],[21.67263,46.95427],[21.65796,46.9552],[21.64967,46.94352],[21.64146,46.93904],[21.63738,46.93327],[21.60604,46.93235],[21.59866,46.92744],[21.59945,46.90892],[21.60224,46.905],[21.60725,46.90328],[21.61427,46.88653],[21.6033,46.88395],[21.60136,46.87848],[21.6031,46.86841],[21.59505,46.86093],[21.56771,46.85416],[21.55723,46.85337],[21.54817,46.8488],[21.53874,46.84708],[21.53398,46.83993],[21.52112,46.83742],[21.51881,46.82366],[21.52159,46.80839],[21.508,46.78251],[21.48998,46.7748],[21.48348,46.76464],[21.48621,46.75849],[21.49424,46.75673],[21.51147,46.7454],[21.52481,46.73993],[21.52891,46.73235],[21.52865,46.72052],[21.51193,46.71125],[21.50715,46.69881],[21.4998,46.69496],[21.49315,46.6867],[21.48972,46.68653],[21.47353,46.69532],[21.45109,46.68902],[21.43415,46.69556],[21.43007,46.69381],[21.42811,46.68831],[21.43098,46.67894],[21.43833,46.67022],[21.44407,46.66638],[21.45535,46.66599],[21.45433,46.66111],[21.4414,46.65147],[21.4705,46.65361],[21.46625,46.6575],[21.45692,46.65709],[21.45619,46.65917],[21.45958,46.66092],[21.4711,46.66025],[21.48397,46.65189],[21.49655,46.65966],[21.50049,46.65967],[21.50976,46.65202],[21.51292,46.6373],[21.51842,46.63586],[21.52511,46.63793],[21.52886,46.63299],[21.53853,46.62867],[21.54749,46.60262],[21.56771,46.6004],[21.56767,46.61209],[21.56135,46.61944],[21.56764,46.62464],[21.5722,46.62528],[21.56449,46.63071],[21.56276,46.63714],[21.57101,46.64925],[21.58206,46.65038],[21.61067,46.64517],[21.62254,46.64709],[21.63059,46.65214],[21.64645,46.66523],[21.65612,46.66257],[21.66547,46.66454],[21.68844,46.66477],[21.69825,46.66],[21.7058,46.65932],[21.714,46.65846],[21.72692,46.663],[21.73299,46.65984],[21.75215,46.6631],[21.77195,46.65906],[21.7837,46.65443],[21.80741,46.65584],[21.83801,46.66771],[21.85791,46.67098],[21.86901,46.68005],[21.87423,46.68004],[21.90484,46.66852],[21.90994,46.66329],[21.90707,46.65734],[21.88672,46.63798],[21.88288,46.63129],[21.90909,46.63036],[21.91201,46.62729],[21.92493,46.62334],[21.94389,46.62106],[21.95283,46.61728],[21.96671,46.62103],[21.98411,46.62045],[22.00173,46.62593],[22.00832,46.6354],[22.01673,46.64161],[22.02257,46.65405],[22.02539,46.6535],[22.02888,46.64388],[22.04102,46.64175],[22.04518,46.63761],[22.05317,46.63757],[22.05557,46.63368],[22.0783,46.63736],[22.07607,46.63261],[22.08645,46.63493],[22.08951,46.63147],[22.08945,46.61811],[22.09579,46.61419],[22.10834,46.61481],[22.11016,46.60737],[22.11396,46.60438],[22.12664,46.60232],[22.13482,46.6066],[22.14229,46.60285],[22.16548,46.60412],[22.1753,46.59628],[22.1661,46.58049],[22.16514,46.57141],[22.17554,46.55338],[22.17974,46.53947],[22.17701,46.53486],[22.19914,46.51343],[22.20947,46.51264],[22.21633,46.52112],[22.22159,46.51732],[22.2211,46.5141],[22.22829,46.51397],[22.23001,46.50936],[22.24104,46.506],[22.24615,46.50291],[22.25087,46.50387],[22.25676,46.50707],[22.2735,46.5013],[22.31463,46.51464],[22.32517,46.51451],[22.32668,46.50205],[22.32359,46.49652],[22.32794,46.48931],[22.32364,46.48304],[22.32872,46.47897],[22.33872,46.47584],[22.34668,46.45325],[22.34541,46.44965],[22.35238,46.44291],[22.36145,46.43911],[22.37353,46.43873],[22.37903,46.43412],[22.3809,46.43042],[22.36918,46.42766],[22.40008,46.41046],[22.41108,46.40867],[22.4161,46.402],[22.42327,46.39838],[22.42486,46.39368],[22.43062,46.39201],[22.45242,46.38548],[22.47313,46.38578],[22.50376,46.38622],[22.51701,46.38681],[22.55322,46.39365],[22.56574,46.39306],[22.56947,46.39468],[22.5765,46.39772],[22.59256,46.39707],[22.62093,46.3906],[22.64261,46.39025],[22.66039,46.39801],[22.66632,46.40381],[22.67658,46.40583],[22.67712,46.4101],[22.68842,46.41311],[22.71991,46.43091],[22.70391,46.43413],[22.68973,46.44057],[22.69186,46.45329],[22.67818,46.4687],[22.67878,46.4772],[22.67294,46.48073],[22.6638,46.47978],[22.67873,46.49267],[22.67505,46.50629],[22.67696,46.52329],[22.6904,46.51928],[22.69965,46.52477],[22.70307,46.53099],[22.72146,46.54117],[22.72644,46.54642],[22.75037,46.54922],[22.7552,46.55451],[22.75217,46.56904],[22.76208,46.57101],[22.7666,46.5753],[22.78098,46.57096],[22.78528,46.56722],[22.79213,46.56667],[22.81195,46.56886],[22.81732,46.5708],[22.8147,46.57678],[22.81658,46.58422],[22.80676,46.59079],[22.80709,46.60976],[22.80205,46.61849],[22.81904,46.63859],[22.80188,46.63089],[22.79027,46.62904],[22.79249,46.6394],[22.77374,46.65231],[22.77022,46.66719],[22.74862,46.69065],[22.74277,46.70948],[22.73218,46.72392],[22.70939,46.73808],[22.7141,46.75285],[22.71247,46.75923],[22.71134,46.76397],[22.65463,46.79195],[22.64558,46.79287],[22.63729,46.7994],[22.65844,46.80489],[22.70188,46.80526],[22.71019,46.81188],[22.72617,46.81633],[22.73283,46.83298],[22.74478,46.84701],[22.74631,46.85851],[22.75341,46.87471],[22.75992,46.87804],[22.77569,46.89304],[22.77815,46.89795],[22.77514,46.90249],[22.77512,46.91015],[22.76745,46.91225],[22.74779,46.91236],[22.73778,46.91521],[22.7248,46.92361],[22.71642,46.93316],[22.69814,46.93834],[22.68547,46.93913],[22.68073,46.94259],[22.67869,46.94858],[22.67342,46.94914],[22.672,46.95063],[22.67597,46.95469],[22.67802,46.96283],[22.67555,46.97036],[22.69606,46.98084],[22.70335,46.99027],[22.71366,46.99468],[22.72818,47.00749],[22.70926,47.0113],[22.70145,47.01809],[22.69772,47.03029],[22.69171,47.033],[22.69004,47.04734],[22.6871,47.05063],[22.6659,47.05052],[22.65026,47.05644],[22.63114,47.05621],[22.62068,47.05987],[22.5944,47.06413],[22.58281,47.07334],[22.57477,47.07559],[22.56947,47.08103],[22.56822,47.08231],[22.54578,47.08805],[22.53697,47.09928],[22.5143,47.10913],[22.53062,47.11063],[22.54273,47.11502],[22.55309,47.11526],[22.56668,47.12174],[22.56605,47.12573],[22.55615,47.12559],[22.55281,47.13374],[22.54469,47.1357],[22.5447,47.13879],[22.55226,47.1414],[22.55306,47.14412],[22.5486,47.14889],[22.54058,47.14716],[22.53488,47.15008],[22.53883,47.16139],[22.53126,47.16823],[22.52231,47.1649],[22.50891,47.16616],[22.50718,47.17139],[22.50073,47.17811],[22.4941,47.18549],[22.49696,47.18816],[22.50549,47.19058],[22.51081,47.19573],[22.5068,47.20865],[22.50826,47.21382],[22.51637,47.20733],[22.52118,47.20834],[22.51162,47.21949],[22.51724,47.23218],[22.52614,47.23448],[22.54083,47.23464],[22.5529,47.24796],[22.56025,47.25217],[22.55785,47.26036],[22.55227,47.26102],[22.55921,47.26577],[22.55169,47.27078],[22.54685,47.26929],[22.54705,47.27954],[22.5529,47.28287],[22.54929,47.29719],[22.5536,47.30288],[22.56119,47.30646],[22.56947,47.30505],[22.57544,47.30143],[22.58056,47.30118],[22.57699,47.30843],[22.5904,47.32624],[22.60704,47.32809],[22.61268,47.33474],[22.60941,47.34223],[22.5982,47.34688],[22.58382,47.3581],[22.57474,47.35876],[22.57005,47.35712],[22.57085,47.36166],[22.57543,47.36273],[22.5766,47.36548],[22.56947,47.37174],[22.56058,47.37953],[22.56789,47.38401],[22.56628,47.39091],[22.55033,47.40093],[22.53138,47.39966],[22.53259,47.40771],[22.52939,47.4186],[22.5138,47.42148],[22.50476,47.41804],[22.50143,47.42308],[22.49316,47.42463],[22.47313,47.42194],[22.4643,47.4273],[22.45856,47.43121],[22.44065,47.42762],[22.43132,47.42227],[22.42095,47.43214],[22.40933,47.43121],[22.40587,47.43333],[22.38978,47.42952],[22.38,47.42738],[22.36299,47.4279],[22.35244,47.43357],[22.34181,47.45452],[22.34431,47.45768],[22.34082,47.46651],[22.34107,47.49044],[22.32623,47.49906],[22.28903,47.50628],[22.29126,47.50975],[22.28714,47.51564],[22.29462,47.51995],[22.28919,47.54067],[22.2832,47.53549],[22.25667,47.54006],[22.26092,47.55469],[22.25785,47.5603],[22.26005,47.56453],[22.25677,47.56622],[22.24971,47.56433],[22.24377,47.56698],[22.23642,47.56604],[22.22985,47.58228],[22.22455,47.58579],[22.21392,47.58627],[22.20762,47.59559]]]]},"properties":{"code":"RO111","nom":"Bihor","country":"RO"}},{"type":"Feature","geometry":{"type":"MultiPolygon","coordinates":[[[[26.70885,48.25265],[26.70341,48.26302],[26.69997,48.26448],[26.69584,48.26291],[26.68846,48.25224],[26.68189,48.2488],[26.6664,48.24671],[26.66275,48.24959],[26.66542,48.25879],[26.66222,48.26259],[26.65846,48.26231],[26.65421,48.25557],[26.6471,48.25238],[26.63762,48.26068],[26.63056,48.25975],[26.62897,48.24824],[26.61608,48.25107],[26.62014,48.24055],[26.6103,48.24005],[26.59804,48.23879],[26.586,48.24594],[26.5767,48.24277],[26.57208,48.23883],[26.56943,48.23086],[26.57277,48.22392],[26.57152,48.21987],[26.55155,48.22488],[26.54856,48.22288],[26.54881,48.2163],[26.53025,48.21032],[26.52359,48.21318],[26.5148,48.21144],[26.50727,48.21488],[26.49286,48.21822],[26.48051,48.21541],[26.47193,48.21944],[26.45781,48.21387],[26.46004,48.20907],[26.45714,48.20651],[26.44715,48.20404],[26.43598,48.20403],[26.43332,48.20034],[26.43895,48.19726],[26.4372,48.19421],[26.43395,48.1937],[26.42507,48.20002],[26.42016,48.2007],[26.41378,48.19526],[26.40085,48.18916],[26.38875,48.18834],[26.38129,48.18834],[26.37973,48.19069],[26.38522,48.19439],[26.37687,48.19828],[26.37246,48.19674],[26.36845,48.19038],[26.36504,48.18834],[26.36057,48.18566],[26.35662,48.1858],[26.35383,48.18834],[26.35072,48.19117],[26.34826,48.18987],[26.34883,48.18834],[26.34991,48.18542],[26.34749,48.18326],[26.33883,48.18322],[26.33268,48.1858],[26.32826,48.17641],[26.33382,48.16599],[26.3339,48.15938],[26.32769,48.15313],[26.30805,48.14236],[26.30237,48.13687],[26.29799,48.13367],[26.29386,48.12749],[26.29203,48.12476],[26.28731,48.11843],[26.28274,48.10194],[26.27247,48.08172],[26.26624,48.07644],[26.24458,48.06721],[26.23826,48.0643],[26.2319,48.06137],[26.22744,48.05902],[26.2232,48.05679],[26.22032,48.05542],[26.21853,48.05457],[26.21205,48.05012],[26.20795,48.02888],[26.19919,48.00833],[26.19002,47.99756],[26.17095,47.99079],[26.1383,47.98461],[26.12676,47.98735],[26.1158,47.98159],[26.09883,47.9788],[26.11774,47.97263],[26.12052,47.96979],[26.11058,47.9626],[26.12996,47.95399],[26.12385,47.9459],[26.12763,47.94223],[26.1254,47.94021],[26.1247,47.93552],[26.12767,47.93245],[26.13957,47.92938],[26.14504,47.93066],[26.148,47.92488],[26.16297,47.9278],[26.16629,47.92367],[26.16862,47.91987],[26.17915,47.92093],[26.18428,47.91899],[26.18336,47.91106],[26.19105,47.9083],[26.18332,47.89999],[26.18416,47.89377],[26.19538,47.8913],[26.1975,47.88587],[26.20391,47.88584],[26.20341,47.88988],[26.21234,47.88941],[26.21617,47.89429],[26.22425,47.89513],[26.22815,47.89959],[26.24252,47.89089],[26.24774,47.89],[26.25093,47.88527],[26.2597,47.88481],[26.26327,47.88009],[26.27209,47.87555],[26.27193,47.87206],[26.26453,47.86789],[26.26985,47.86694],[26.28221,47.8571],[26.28973,47.86335],[26.29232,47.86316],[26.2959,47.85559],[26.30364,47.85472],[26.30971,47.8498],[26.30966,47.84771],[26.30392,47.8457],[26.3053,47.84128],[26.30108,47.8392],[26.30061,47.8364],[26.30603,47.83362],[26.3083,47.83649],[26.31136,47.83631],[26.3116,47.82999],[26.32376,47.83092],[26.32353,47.82779],[26.31693,47.82552],[26.31793,47.82026],[26.32263,47.81899],[26.31892,47.81476],[26.32492,47.80835],[26.33179,47.80543],[26.33309,47.80009],[26.33982,47.79856],[26.34203,47.79408],[26.34712,47.79375],[26.35328,47.7902],[26.35382,47.78542],[26.35924,47.78568],[26.36964,47.77486],[26.37244,47.77621],[26.37767,47.77452],[26.40073,47.78326],[26.40605,47.7823],[26.40338,47.76595],[26.40508,47.75384],[26.39197,47.74529],[26.39399,47.74225],[26.39165,47.73979],[26.3973,47.73596],[26.39979,47.74122],[26.4201,47.74702],[26.42796,47.74167],[26.43862,47.74153],[26.43536,47.72901],[26.44758,47.73253],[26.45157,47.72974],[26.45405,47.72763],[26.46646,47.71665],[26.46009,47.71371],[26.46256,47.70839],[26.48704,47.68224],[26.49679,47.67168],[26.4998,47.67298],[26.50739,47.6635],[26.50282,47.66042],[26.50524,47.65515],[26.52156,47.64813],[26.53551,47.64855],[26.54358,47.64366],[26.54382,47.64084],[26.53766,47.63716],[26.53742,47.63455],[26.5416,47.63185],[26.53756,47.62803],[26.53616,47.62068],[26.53833,47.61824],[26.54694,47.61696],[26.55123,47.60909],[26.54679,47.60533],[26.54803,47.6027],[26.54122,47.59818],[26.54713,47.5898],[26.54305,47.58251],[26.55708,47.57767],[26.56355,47.56557],[26.56303,47.55641],[26.56822,47.55442],[26.56945,47.5485],[26.58099,47.54003],[26.58164,47.53545],[26.60064,47.53308],[26.60397,47.53088],[26.60318,47.52042],[26.55579,47.5104],[26.55121,47.51174],[26.55161,47.50493],[26.55703,47.50339],[26.56051,47.49631],[26.57115,47.49892],[26.57802,47.49806],[26.58179,47.49252],[26.58848,47.49024],[26.58786,47.47848],[26.59064,47.47025],[26.587,47.46404],[26.59949,47.46042],[26.62947,47.46874],[26.70057,47.47171],[26.71257,47.47215],[26.72682,47.47287],[26.71515,47.48591],[26.69826,47.4931],[26.70367,47.49917],[26.69996,47.50964],[26.71005,47.51046],[26.71877,47.51526],[26.74052,47.50601],[26.75191,47.50327],[26.77321,47.50374],[26.78813,47.50044],[26.79687,47.50125],[26.81667,47.50777],[26.82788,47.50167],[26.83523,47.50104],[26.83908,47.49742],[26.85816,47.49502],[26.8679,47.49594],[26.87621,47.49245],[26.88497,47.49153],[26.90232,47.4926],[26.91991,47.49367],[26.92901,47.49256],[26.94558,47.49716],[26.96674,47.49379],[26.97708,47.49563],[26.9832,47.49141],[26.98899,47.49224],[27.00311,47.48023],[27.00637,47.4833],[27.00937,47.48221],[27.01489,47.47053],[27.00781,47.46511],[27.02231,47.46071],[27.03366,47.4487],[27.04188,47.43824],[27.04929,47.45103],[27.04994,47.46527],[27.06354,47.4623],[27.07084,47.46466],[27.08223,47.46437],[27.08176,47.46881],[27.08169,47.47173],[27.08092,47.47834],[27.08083,47.48055],[27.08033,47.4834],[27.08007,47.48613],[27.08018,47.49104],[27.07611,47.4942],[27.07327,47.51201],[27.08009,47.52204],[27.0906,47.54093],[27.09682,47.54279],[27.10071,47.5474],[27.14446,47.54172],[27.1496,47.53012],[27.15972,47.53426],[27.16897,47.52437],[27.17926,47.52159],[27.18085,47.51741],[27.18584,47.51695],[27.18887,47.52021],[27.20291,47.51919],[27.21617,47.5207],[27.2209,47.51881],[27.22321,47.51306],[27.22863,47.5154],[27.22671,47.52301],[27.2367,47.52594],[27.24338,47.52271],[27.25833,47.52932],[27.24711,47.54206],[27.25296,47.55324],[27.24747,47.55636],[27.25174,47.55792],[27.24802,47.55998],[27.24897,47.56271],[27.2578,47.56366],[27.258,47.56802],[27.26336,47.57072],[27.28127,47.5684],[27.28719,47.57337],[27.29665,47.56783],[27.3044,47.57167],[27.3024,47.57588],[27.30765,47.5767],[27.32769,47.57305],[27.32837,47.57223],[27.34624,47.57509],[27.35323,47.57779],[27.35623,47.57873],[27.36082,47.58041],[27.3703,47.58228],[27.38382,47.58552],[27.39117,47.5894],[27.37343,47.59689],[27.37315,47.60134],[27.36334,47.61321],[27.35979,47.61978],[27.33372,47.62737],[27.31659,47.64151],[27.30759,47.66031],[27.29723,47.66139],[27.29431,47.66344],[27.29537,47.67999],[27.28073,47.68283],[27.27334,47.68901],[27.28156,47.70017],[27.27079,47.70048],[27.26669,47.71179],[27.2548,47.71644],[27.25201,47.71979],[27.26384,47.73252],[27.26676,47.73177],[27.26743,47.72749],[27.27744,47.72812],[27.28798,47.723],[27.29344,47.72427],[27.29412,47.72845],[27.28516,47.73055],[27.28103,47.73473],[27.28524,47.74359],[27.29716,47.74822],[27.2952,47.75226],[27.28635,47.74854],[27.27976,47.7502],[27.27986,47.75226],[27.28541,47.75499],[27.28434,47.75807],[27.2782,47.76367],[27.26598,47.75929],[27.26733,47.76754],[27.2647,47.77917],[27.25371,47.77853],[27.24885,47.79348],[27.23164,47.79909],[27.23126,47.80595],[27.24019,47.81203],[27.24151,47.81571],[27.22066,47.81464],[27.21542,47.81867],[27.21433,47.82285],[27.2237,47.83093],[27.2302,47.82538],[27.23612,47.82555],[27.24619,47.83013],[27.24612,47.83559],[27.22894,47.83839],[27.21036,47.8464],[27.1998,47.90142],[27.19282,47.90427],[27.15173,47.92108],[27.1633,47.9324],[27.17452,47.94339],[27.17814,47.94693],[27.15001,47.96142],[27.14153,47.96717],[27.15281,47.97175],[27.15833,47.98549],[27.16347,47.99296],[27.16154,47.99445],[27.13511,47.99161],[27.12044,47.99455],[27.11769,48.00083],[27.13032,48.01188],[27.12798,48.01455],[27.12062,48.01583],[27.11048,48.01228],[27.10178,48.00643],[27.09361,48.00658],[27.08983,48.01072],[27.09266,48.02085],[27.1057,48.02698],[27.10798,48.03066],[27.10472,48.03334],[27.08784,48.03359],[27.08281,48.03722],[27.08299,48.04709],[27.08025,48.05089],[27.06293,48.06185],[27.04525,48.06933],[27.04292,48.08078],[27.02629,48.08941],[27.03803,48.09927],[27.03977,48.10736],[27.03376,48.11673],[27.03942,48.12905],[27.03549,48.12912],[27.02876,48.12407],[27.02352,48.12569],[27.02832,48.13735],[27.01804,48.13735],[27.002,48.12235],[26.98558,48.12831],[26.97025,48.12903],[26.96396,48.13132],[26.95503,48.13694],[26.95239,48.14981],[26.95797,48.15173],[26.97334,48.14515],[26.98409,48.14437],[26.9912,48.1499],[26.98543,48.15703],[26.97078,48.16157],[26.94706,48.16047],[26.93684,48.16333],[26.93306,48.16719],[26.93366,48.17056],[26.94632,48.17996],[26.94982,48.18595],[26.94872,48.18834],[26.94691,48.19226],[26.93922,48.1977],[26.92907,48.1996],[26.91408,48.19778],[26.91771,48.18834],[26.91987,48.1827],[26.90889,48.17976],[26.90232,48.18224],[26.89857,48.18366],[26.89492,48.18834],[26.89298,48.19085],[26.89471,48.19334],[26.90603,48.19584],[26.90813,48.20087],[26.88614,48.20153],[26.86952,48.21267],[26.86163,48.21799],[26.85316,48.23312],[26.84845,48.23316],[26.83717,48.22694],[26.83137,48.22754],[26.8268,48.24309],[26.81683,48.24671],[26.80742,48.25446],[26.79757,48.24993],[26.7869,48.24921],[26.78304,48.24352],[26.76961,48.24777],[26.7635,48.24784],[26.75682,48.24791],[26.73468,48.24541],[26.74122,48.25352],[26.7299,48.25786],[26.72622,48.25534],[26.73026,48.248],[26.72601,48.24564],[26.72037,48.24611],[26.70885,48.25265]]]]},"properties":{"code":"RO212","nom":"Boto\u015fani","country":"RO"}},{"type":"Feature","geometry":{"type":"MultiPolygon","coordinates":[[[[27.33003,46.17879],[27.32373,46.18324],[27.31485,46.1844],[27.31866,46.19254],[27.31781,46.20138],[27.31009,46.20329],[27.30938,46.20541],[27.26301,46.20044],[27.26986,46.18321],[27.24363,46.1781],[27.23961,46.17891],[27.23785,46.18195],[27.23525,46.18878],[27.22677,46.18739],[27.22056,46.19068],[27.20174,46.18007],[27.19692,46.18607],[27.19208,46.18682],[27.18776,46.1759],[27.1872,46.17321],[27.1843,46.17278],[27.17829,46.17947],[27.17322,46.18127],[27.17071,46.17525],[27.16535,46.17505],[27.16825,46.16869],[27.12473,46.14746],[27.12722,46.1378],[27.13936,46.13371],[27.13397,46.12148],[27.1367,46.11907],[27.13675,46.11574],[27.13112,46.11591],[27.12264,46.10479],[27.11004,46.10918],[27.08755,46.11146],[27.08853,46.10894],[27.10477,46.1043],[27.10575,46.08987],[27.10189,46.08938],[27.08464,46.09446],[27.08112,46.0895],[27.07547,46.08783],[27.03287,46.09917],[27.01852,46.10536],[26.98926,46.11283],[26.97999,46.11238],[26.96214,46.10894],[26.94841,46.10183],[26.95226,46.08705],[26.94823,46.08089],[26.94027,46.07713],[26.93731,46.06695],[26.93173,46.06532],[26.92362,46.06624],[26.90232,46.07614],[26.88633,46.08078],[26.86722,46.08433],[26.86176,46.08062],[26.84828,46.07822],[26.84461,46.07132],[26.82396,46.07182],[26.80587,46.06626],[26.80042,46.07577],[26.78999,46.07894],[26.78509,46.08855],[26.77782,46.09354],[26.77368,46.08974],[26.7633,46.08754],[26.74722,46.08887],[26.74052,46.08744],[26.73364,46.09483],[26.71856,46.08943],[26.70371,46.09328],[26.68563,46.08513],[26.67916,46.07884],[26.67095,46.07765],[26.65406,46.07921],[26.64606,46.07437],[26.64071,46.07154],[26.64049,46.06591],[26.63289,46.05756],[26.61881,46.05268],[26.60934,46.04566],[26.60145,46.04669],[26.58676,46.03983],[26.57976,46.02159],[26.57205,46.01748],[26.55302,46.02042],[26.54829,46.02374],[26.54048,46.02374],[26.5357,46.02716],[26.51541,46.02751],[26.49068,46.04485],[26.48071,46.04425],[26.47463,46.03895],[26.45965,46.03524],[26.43998,46.03888],[26.43816,46.03347],[26.44505,46.01776],[26.43457,46.00657],[26.43236,45.99962],[26.43765,45.99295],[26.43728,45.98945],[26.39776,45.96518],[26.39016,45.95566],[26.39157,45.94752],[26.38721,45.94085],[26.39163,45.93405],[26.39019,45.92846],[26.39397,45.92188],[26.38304,45.91698],[26.38131,45.91088],[26.37586,45.90613],[26.3773,45.8897],[26.38585,45.88215],[26.38746,45.87377],[26.37693,45.86013],[26.37231,45.84952],[26.37148,45.84385],[26.37717,45.83636],[26.37772,45.82729],[26.37491,45.8209],[26.38507,45.80631],[26.39209,45.80239],[26.41013,45.79065],[26.41826,45.79085],[26.42805,45.78733],[26.44121,45.77548],[26.44354,45.75569],[26.43667,45.74006],[26.43857,45.73757],[26.44428,45.73073],[26.45747,45.72618],[26.46572,45.71981],[26.46706,45.70543],[26.4822,45.70076],[26.48786,45.69498],[26.48732,45.68765],[26.49203,45.6782],[26.50806,45.66688],[26.51852,45.65121],[26.52976,45.64159],[26.54101,45.64136],[26.54602,45.63364],[26.55369,45.63028],[26.56189,45.62827],[26.57358,45.63359],[26.57886,45.63278],[26.59348,45.62037],[26.61525,45.62804],[26.63603,45.61539],[26.64805,45.60945],[26.66427,45.61121],[26.67966,45.60889],[26.68446,45.60253],[26.69874,45.5935],[26.70235,45.58724],[26.71995,45.57195],[26.73426,45.57125],[26.74052,45.56858],[26.74654,45.56244],[26.74513,45.56064],[26.74052,45.55861],[26.73921,45.55683],[26.74052,45.55548],[26.74754,45.54918],[26.7607,45.54887],[26.76589,45.551],[26.78288,45.54835],[26.79196,45.55111],[26.80462,45.54786],[26.81754,45.52976],[26.83389,45.51783],[26.85107,45.52457],[26.85899,45.52471],[26.88862,45.51679],[26.89404,45.52262],[26.89982,45.52428],[26.90232,45.53451],[26.90333,45.53865],[26.90688,45.53349],[26.92516,45.53479],[26.93081,45.53168],[26.93908,45.53163],[26.94124,45.52606],[26.94827,45.52186],[26.9647,45.53314],[26.97591,45.53396],[26.98582,45.53773],[26.97603,45.53165],[26.98472,45.51652],[27.00337,45.4846],[27.01909,45.47725],[27.0455,45.45296],[27.07045,45.44831],[27.08991,45.44589],[27.10045,45.45958],[27.10365,45.47058],[27.10851,45.46957],[27.11095,45.47421],[27.13511,45.46601],[27.14121,45.47212],[27.15722,45.46497],[27.14191,45.45118],[27.13523,45.4506],[27.13042,45.44759],[27.1208,45.44724],[27.10793,45.4387],[27.11171,45.43426],[27.10511,45.42622],[27.11925,45.42035],[27.11594,45.40923],[27.14194,45.41028],[27.14887,45.41656],[27.16665,45.424],[27.17381,45.42752],[27.17487,45.43191],[27.18337,45.43819],[27.19376,45.4522],[27.19991,45.45125],[27.20426,45.45283],[27.22523,45.42784],[27.23728,45.43216],[27.24139,45.43095],[27.2455,45.43494],[27.24609,45.43984],[27.25736,45.44922],[27.27634,45.45394],[27.27969,45.45257],[27.2809,45.43506],[27.27782,45.43173],[27.27922,45.4277],[27.27398,45.42745],[27.26516,45.42092],[27.26884,45.39722],[27.27222,45.39005],[27.33819,45.38339],[27.33659,45.37133],[27.35552,45.3713],[27.37429,45.37393],[27.39393,45.3826],[27.40201,45.37776],[27.41851,45.38699],[27.43473,45.3947],[27.43332,45.39806],[27.42941,45.4056],[27.43391,45.4069],[27.43406,45.41018],[27.4411,45.41504],[27.47464,45.43331],[27.55852,45.48838],[27.54416,45.49846],[27.53683,45.49466],[27.5298,45.49842],[27.52793,45.50079],[27.53242,45.50549],[27.53918,45.50583],[27.54096,45.51008],[27.52787,45.51679],[27.52363,45.52428],[27.52297,45.53097],[27.52878,45.54095],[27.528,45.54839],[27.52243,45.55417],[27.50666,45.561],[27.50516,45.5679],[27.51107,45.57666],[27.53196,45.57851],[27.53626,45.58109],[27.51967,45.59054],[27.51393,45.6047],[27.50277,45.60815],[27.51332,45.61818],[27.50887,45.62377],[27.4994,45.6277],[27.48876,45.62984],[27.49055,45.63957],[27.48398,45.6406],[27.4709,45.63698],[27.46645,45.63849],[27.46261,45.64607],[27.45285,45.65083],[27.456,45.65706],[27.45009,45.6631],[27.45015,45.67081],[27.43833,45.67873],[27.43066,45.67058],[27.4241,45.66907],[27.42207,45.67083],[27.42543,45.67769],[27.41851,45.67973],[27.41481,45.67821],[27.40324,45.68287],[27.38814,45.70136],[27.38134,45.70647],[27.37517,45.71324],[27.3733,45.71656],[27.37033,45.72326],[27.36187,45.73044],[27.35666,45.7438],[27.35413,45.74776],[27.3543,45.75938],[27.33909,45.78389],[27.34094,45.78857],[27.32784,45.79494],[27.31964,45.80547],[27.30811,45.83394],[27.30329,45.84449],[27.2903,45.85849],[27.28246,45.85614],[27.27909,45.85749],[27.27624,45.86599],[27.27973,45.8696],[27.27345,45.86989],[27.26949,45.87372],[27.2495,45.87301],[27.25332,45.88207],[27.27774,45.88399],[27.28277,45.88631],[27.27428,45.89635],[27.25673,45.92906],[27.24259,45.94637],[27.23705,45.96833],[27.23229,45.97681],[27.23275,45.98881],[27.22741,46.0091],[27.23418,46.02383],[27.2335,46.038],[27.23689,46.04618],[27.24289,46.04389],[27.26095,46.04152],[27.26891,46.04349],[27.2754,46.04845],[27.27757,46.05841],[27.28992,46.0612],[27.28767,46.06632],[27.28416,46.06798],[27.28278,46.07479],[27.28586,46.07908],[27.29629,46.08446],[27.31996,46.08522],[27.32459,46.07962],[27.36634,46.07896],[27.36851,46.08111],[27.36941,46.08604],[27.37285,46.08776],[27.39228,46.08891],[27.39696,46.08657],[27.41851,46.08959],[27.42428,46.08929],[27.42829,46.09415],[27.42234,46.10195],[27.4266,46.11729],[27.41906,46.12841],[27.41851,46.13334],[27.42756,46.13884],[27.44866,46.12685],[27.47885,46.12597],[27.48451,46.1392],[27.50305,46.13962],[27.5009,46.14331],[27.48513,46.14605],[27.48662,46.15266],[27.49282,46.15921],[27.4913,46.16292],[27.47964,46.16692],[27.47561,46.16127],[27.4662,46.15754],[27.46012,46.15766],[27.45345,46.16531],[27.45099,46.17113],[27.45271,46.17495],[27.44783,46.18362],[27.43266,46.18825],[27.41851,46.18966],[27.41851,46.19193],[27.41851,46.19375],[27.38942,46.19378],[27.38483,46.18984],[27.37911,46.18919],[27.37611,46.17859],[27.38016,46.16567],[27.37544,46.16341],[27.37357,46.15765],[27.36326,46.15634],[27.34978,46.15356],[27.34766,46.15699],[27.35053,46.16213],[27.34979,46.16835],[27.33426,46.16921],[27.33003,46.17879]]]]},"properties":{"code":"RO226","nom":"Vrancea","country":"RO"}},{"type":"Feature","geometry":{"type":"MultiPolygon","coordinates":[[[[24.7777,45.60988],[24.76988,45.61094],[24.73629,45.60312],[24.72858,45.60836],[24.70058,45.60281],[24.69434,45.6052],[24.68493,45.60411],[24.67724,45.59761],[24.66904,45.59479],[24.66084,45.59646],[24.65687,45.60295],[24.64938,45.60207],[24.64427,45.60383],[24.63369,45.60188],[24.62675,45.60357],[24.62082,45.59939],[24.60835,45.59834],[24.60248,45.59511],[24.5962,45.59549],[24.588,45.58896],[24.5702,45.58188],[24.56589,45.57914],[24.55266,45.58736],[24.52313,45.58056],[24.5305,45.57075],[24.53163,45.55465],[24.53995,45.53676],[24.53283,45.52979],[24.51757,45.52316],[24.51181,45.51625],[24.52727,45.49669],[24.5241,45.47468],[24.51102,45.46449],[24.48669,45.46246],[24.48192,45.45572],[24.48012,45.44428],[24.47968,45.43589],[24.48433,45.42742],[24.48411,45.41589],[24.49055,45.40812],[24.4923,45.39931],[24.50191,45.38972],[24.50506,45.383],[24.50381,45.37988],[24.4964,45.37948],[24.49464,45.3769],[24.50633,45.35302],[24.4993,45.35309],[24.49536,45.356],[24.47642,45.36161],[24.46791,45.36141],[24.47211,45.35705],[24.47,45.34769],[24.47308,45.33043],[24.48457,45.33119],[24.49128,45.32387],[24.48975,45.30829],[24.48202,45.3031],[24.48048,45.29755],[24.48848,45.29293],[24.49192,45.27786],[24.47873,45.26762],[24.48268,45.26444],[24.48288,45.25868],[24.47686,45.24538],[24.47194,45.2407],[24.47429,45.23796],[24.46676,45.23173],[24.47568,45.20962],[24.48416,45.21195],[24.50065,45.20408],[24.50022,45.20225],[24.48983,45.19826],[24.48882,45.19551],[24.49905,45.18919],[24.51421,45.18817],[24.52196,45.17979],[24.51135,45.17461],[24.51158,45.16631],[24.50475,45.16445],[24.49792,45.16561],[24.49989,45.15859],[24.51101,45.14928],[24.51963,45.13471],[24.51323,45.10941],[24.50992,45.10828],[24.50312,45.1144],[24.49829,45.11441],[24.48804,45.10455],[24.49269,45.09947],[24.49791,45.09949],[24.49728,45.09205],[24.50566,45.09181],[24.50712,45.08505],[24.50194,45.07994],[24.49156,45.07653],[24.48135,45.06094],[24.49679,45.05647],[24.51265,45.05457],[24.52045,45.04898],[24.51675,45.03912],[24.4975,45.02443],[24.48975,45.02116],[24.48576,45.01481],[24.48836,45.01168],[24.50894,44.99791],[24.50357,44.99637],[24.49242,44.98773],[24.48827,44.98051],[24.47781,44.97137],[24.47834,44.96295],[24.46989,44.94758],[24.47792,44.94941],[24.48395,44.95362],[24.4989,44.94507],[24.47202,44.92546],[24.464,44.91355],[24.46482,44.9035],[24.48005,44.89912],[24.46456,44.8754],[24.46868,44.87286],[24.46387,44.86352],[24.45288,44.85469],[24.44571,44.85257],[24.43812,44.84538],[24.4223,44.82639],[24.43332,44.8181],[24.44589,44.81969],[24.44533,44.81076],[24.46508,44.81846],[24.47902,44.82168],[24.48379,44.82953],[24.49418,44.83196],[24.49601,44.84444],[24.50855,44.84486],[24.51018,44.85511],[24.50651,44.86553],[24.51457,44.86843],[24.51379,44.87712],[24.52294,44.89322],[24.53375,44.89171],[24.54142,44.88894],[24.54299,44.86226],[24.5513,44.85791],[24.55397,44.83743],[24.562,44.82268],[24.57068,44.81771],[24.57464,44.80852],[24.57807,44.79896],[24.58795,44.79734],[24.58302,44.77638],[24.58775,44.77457],[24.58888,44.7693],[24.59098,44.75615],[24.59534,44.7521],[24.6,44.75305],[24.60702,44.75301],[24.63189,44.73018],[24.65511,44.73644],[24.66662,44.73576],[24.67398,44.73833],[24.70336,44.73244],[24.71348,44.72051],[24.72173,44.7196],[24.72173,44.7146],[24.71226,44.71418],[24.70877,44.70989],[24.68685,44.70013],[24.69178,44.69677],[24.70457,44.64874],[24.70292,44.64128],[24.70824,44.63653],[24.711,44.62868],[24.71669,44.62611],[24.70894,44.61549],[24.71053,44.5823],[24.71635,44.58187],[24.72335,44.5781],[24.73575,44.55557],[24.73013,44.5523],[24.72721,44.54386],[24.73996,44.54519],[24.74206,44.53778],[24.73629,44.52886],[24.73166,44.51964],[24.72781,44.49362],[24.73474,44.49177],[24.73432,44.48692],[24.73436,44.48095],[24.734,44.46521],[24.73629,44.46522],[24.75822,44.46443],[24.751,44.44335],[24.75356,44.42832],[24.75102,44.42482],[24.74402,44.42294],[24.75303,44.40428],[24.74527,44.39559],[24.75344,44.39372],[24.75491,44.39143],[24.78493,44.39778],[24.78904,44.39268],[24.80738,44.39302],[24.81304,44.3872],[24.81757,44.38791],[24.82028,44.39377],[24.87317,44.39403],[24.8807,44.39329],[24.88402,44.38264],[24.95809,44.37925],[24.96136,44.37688],[24.97646,44.38275],[24.98665,44.39017],[24.99137,44.39387],[25.00431,44.40261],[25.01169,44.41018],[25.04571,44.39797],[25.05485,44.4082],[25.06616,44.39779],[25.09241,44.41277],[25.08641,44.4171],[25.10027,44.41671],[25.10569,44.41949],[25.11319,44.41677],[25.12706,44.4241],[25.13209,44.42433],[25.15507,44.43339],[25.15704,44.43835],[25.18055,44.44756],[25.18844,44.45055],[25.20293,44.45645],[25.23475,44.42425],[25.25687,44.44015],[25.2643,44.43609],[25.27842,44.44408],[25.2718,44.44817],[25.27667,44.45433],[25.26805,44.46745],[25.26988,44.47204],[25.27911,44.47515],[25.27728,44.4833],[25.26493,44.50633],[25.25786,44.51177],[25.2799,44.52804],[25.28795,44.54664],[25.29258,44.55144],[25.26011,44.56776],[25.25235,44.56254],[25.22025,44.6019],[25.22549,44.60523],[25.2118,44.61537],[25.19888,44.6087],[25.19421,44.61989],[25.20333,44.63101],[25.19715,44.63526],[25.19408,44.63579],[25.185,44.6314],[25.18082,44.63261],[25.18187,44.63596],[25.19289,44.63944],[25.19248,44.64217],[25.1788,44.65008],[25.16838,44.66178],[25.18692,44.66979],[25.19806,44.66722],[25.23727,44.69475],[25.23536,44.69617],[25.22508,44.70267],[25.17876,44.71547],[25.18448,44.72434],[25.1768,44.73169],[25.18052,44.73659],[25.18009,44.74065],[25.18607,44.74446],[25.19302,44.73485],[25.20051,44.74081],[25.19913,44.74627],[25.21058,44.76489],[25.20908,44.77426],[25.21214,44.78161],[25.20817,44.78539],[25.20569,44.79483],[25.2014,44.79666],[25.19789,44.80533],[25.19983,44.81048],[25.19277,44.81928],[25.19348,44.82527],[25.18794,44.82714],[25.18939,44.82999],[25.19253,44.83962],[25.19611,44.84899],[25.20352,44.85469],[25.1989,44.86436],[25.19386,44.86989],[25.19133,44.88061],[25.19684,44.90383],[25.17255,44.92011],[25.16211,44.92155],[25.16874,44.94117],[25.1669,44.94898],[25.17085,44.95831],[25.16939,44.97259],[25.17606,44.98843],[25.19559,44.99034],[25.19947,45.00223],[25.1944,45.02338],[25.18672,45.03263],[25.17223,45.02947],[25.17098,45.04003],[25.14597,45.03864],[25.1485,45.05032],[25.12855,45.06171],[25.1265,45.06546],[25.12616,45.07177],[25.14221,45.08419],[25.15321,45.08437],[25.15843,45.07686],[25.16932,45.08105],[25.17942,45.09043],[25.17642,45.10643],[25.16672,45.1106],[25.15843,45.11806],[25.15033,45.11304],[25.14493,45.11313],[25.14715,45.11641],[25.16163,45.12389],[25.14728,45.12953],[25.1511,45.14014],[25.14665,45.14346],[25.15306,45.15712],[25.15125,45.18022],[25.14727,45.18608],[25.15499,45.19094],[25.15343,45.19481],[25.14733,45.19862],[25.15517,45.20208],[25.14343,45.20705],[25.13912,45.21155],[25.15569,45.21263],[25.15826,45.2158],[25.16451,45.21422],[25.17147,45.20156],[25.18181,45.20177],[25.1833,45.19619],[25.18044,45.19253],[25.19718,45.16531],[25.20632,45.16301],[25.20966,45.15819],[25.21382,45.15744],[25.21658,45.15909],[25.21745,45.16461],[25.22985,45.16809],[25.24066,45.17685],[25.25167,45.18086],[25.2556,45.18524],[25.25026,45.19663],[25.2514,45.20564],[25.2477,45.21087],[25.269,45.21373],[25.28274,45.22216],[25.28942,45.22253],[25.29371,45.23208],[25.28559,45.24093],[25.28623,45.25342],[25.28058,45.26211],[25.28082,45.26962],[25.28443,45.27572],[25.30406,45.29121],[25.30373,45.29755],[25.31541,45.32141],[25.30977,45.33256],[25.31118,45.33696],[25.32484,45.34685],[25.32546,45.35474],[25.32004,45.35966],[25.32114,45.36503],[25.31683,45.37102],[25.32158,45.38109],[25.30875,45.3896],[25.31199,45.39722],[25.30637,45.41449],[25.30123,45.42183],[25.29531,45.42138],[25.27156,45.40791],[25.2675,45.40988],[25.26458,45.4176],[25.25615,45.42298],[25.25428,45.42834],[25.26387,45.43788],[25.27473,45.44259],[25.27164,45.44611],[25.26517,45.44733],[25.25827,45.45229],[25.2579,45.45664],[25.23845,45.47647],[25.24107,45.50012],[25.23323,45.51176],[25.23573,45.51746],[25.22755,45.51763],[25.21163,45.52687],[25.20341,45.51969],[25.18941,45.52296],[25.17519,45.53549],[25.1545,45.54396],[25.14547,45.55804],[25.13407,45.56192],[25.1273,45.57013],[25.11327,45.57698],[25.10321,45.58519],[25.08006,45.58207],[25.06872,45.58542],[25.0516,45.58685],[25.03565,45.59221],[25.01408,45.58631],[24.99255,45.58805],[24.98377,45.58682],[24.98003,45.58969],[24.96832,45.5925],[24.9585,45.59235],[24.94284,45.58282],[24.93608,45.58277],[24.91686,45.59456],[24.91019,45.59299],[24.89769,45.59519],[24.88487,45.59394],[24.86017,45.5939],[24.85377,45.59134],[24.84594,45.59342],[24.83711,45.59253],[24.83011,45.6056],[24.81061,45.60996],[24.79477,45.60301],[24.7777,45.60988]]]]},"properties":{"code":"RO311","nom":"Arge\u015f","country":"RO"}},{"type":"Feature","geometry":{"type":"MultiPolygon","coordinates":[[[[26.30182,44.76887],[26.29887,44.76692],[26.27491,44.76852],[26.27151,44.75672],[26.25905,44.75666],[26.2575,44.7532],[26.25624,44.74396],[26.25627,44.74229],[26.24856,44.73857],[26.24166,44.73936],[26.23655,44.7445],[26.21786,44.74947],[26.19409,44.75151],[26.18343,44.75741],[26.17879,44.75587],[26.1797,44.75111],[26.17463,44.74951],[26.15171,44.75834],[26.14407,44.75631],[26.13917,44.7585],[26.13853,44.75567],[26.14281,44.7539],[26.1325,44.75009],[26.1154,44.75367],[26.10191,44.76693],[26.09029,44.75879],[26.09693,44.74101],[26.08715,44.74179],[26.07535,44.74938],[26.06945,44.7512],[26.06251,44.74882],[26.06102,44.74032],[26.05154,44.73822],[26.05006,44.73459],[26.04747,44.73598],[26.04878,44.74155],[26.04032,44.74322],[26.03453,44.74143],[26.0246,44.74414],[26.01215,44.74302],[26.00134,44.73575],[25.9874,44.74554],[25.97245,44.73696],[25.96633,44.73894],[25.96733,44.74953],[25.96132,44.74782],[25.96287,44.74082],[25.96054,44.73937],[25.97229,44.72809],[25.96889,44.71935],[25.97074,44.71041],[25.97646,44.70128],[25.98963,44.69855],[25.98397,44.68882],[25.96166,44.68346],[25.97098,44.67681],[25.97992,44.67389],[25.97703,44.6704],[25.97826,44.66658],[25.96728,44.6678],[25.96393,44.65804],[25.95736,44.65536],[25.94377,44.65544],[25.93932,44.64571],[25.96549,44.63295],[25.98101,44.6289],[25.98855,44.62292],[25.99199,44.61231],[25.93143,44.57261],[25.88984,44.55755],[25.88075,44.55313],[25.89074,44.54095],[25.9026,44.5292],[25.9206,44.51633],[25.89566,44.4854],[25.90682,44.4818],[25.91342,44.47518],[25.90006,44.45281],[25.86831,44.46481],[25.86971,44.47527],[25.85671,44.48218],[25.84504,44.47052],[25.85376,44.46564],[25.85355,44.4473],[25.86426,44.44347],[25.84988,44.43308],[25.84976,44.42984],[25.86293,44.42415],[25.85038,44.41986],[25.85792,44.41413],[25.83419,44.40052],[25.83334,44.39578],[25.82729,44.39998],[25.82435,44.39821],[25.82821,44.39043],[25.83994,44.39024],[25.84966,44.3859],[25.85606,44.38815],[25.85737,44.37315],[25.86946,44.36539],[25.87103,44.35726],[25.87568,44.35582],[25.88346,44.35715],[25.89133,44.35602],[25.88919,44.34755],[25.887,44.34493],[25.89646,44.34372],[25.91098,44.3319],[25.93248,44.33574],[25.95332,44.32502],[25.94894,44.31961],[25.95241,44.31649],[25.96605,44.31681],[25.96951,44.31999],[25.9687,44.32573],[25.97258,44.32715],[25.99478,44.31453],[25.99639,44.30797],[26.00044,44.30444],[25.97752,44.27349],[25.97678,44.26837],[26.0025,44.29915],[26.00922,44.30053],[26.01528,44.29483],[26.02653,44.29236],[26.0316,44.29034],[26.05708,44.26864],[26.06109,44.26759],[26.06341,44.26727],[26.06945,44.26745],[26.08403,44.26716],[26.08973,44.25886],[26.09336,44.25357],[26.10761,44.24669],[26.1236,44.24402],[26.14537,44.2345],[26.14768,44.23737],[26.15515,44.23975],[26.15989,44.23899],[26.16175,44.23597],[26.17297,44.24953],[26.19014,44.2415],[26.1946,44.24812],[26.18997,44.25155],[26.20491,44.26959],[26.20817,44.27033],[26.2158,44.2653],[26.23233,44.27972],[26.24849,44.29393],[26.25575,44.29227],[26.25996,44.29499],[26.25414,44.29822],[26.27475,44.31707],[26.25249,44.33024],[26.27941,44.348],[26.28665,44.34593],[26.29538,44.35224],[26.31073,44.35374],[26.31853,44.35878],[26.31725,44.36329],[26.33096,44.37169],[26.32699,44.37411],[26.31508,44.37224],[26.31268,44.38922],[26.3095,44.39119],[26.29955,44.39054],[26.2974,44.39846],[26.28838,44.39921],[26.28586,44.40482],[26.26834,44.40559],[26.26003,44.40925],[26.26871,44.41017],[26.28179,44.41393],[26.28889,44.41732],[26.29767,44.41253],[26.3053,44.41137],[26.3056,44.40642],[26.3106,44.4012],[26.31671,44.39917],[26.32062,44.38718],[26.32364,44.38593],[26.33015,44.39011],[26.32461,44.39638],[26.33727,44.40122],[26.34221,44.39819],[26.34604,44.39897],[26.35063,44.41066],[26.37499,44.42125],[26.38946,44.41661],[26.39936,44.42119],[26.40276,44.43826],[26.44062,44.43816],[26.44247,44.44388],[26.45135,44.44514],[26.45194,44.45596],[26.45728,44.45908],[26.45242,44.46209],[26.44796,44.45635],[26.44362,44.4568],[26.43745,44.46121],[26.42534,44.4568],[26.39848,44.45716],[26.39558,44.45818],[26.39408,44.46513],[26.38237,44.46524],[26.3811,44.4696],[26.37653,44.47017],[26.37592,44.47733],[26.36167,44.48634],[26.38887,44.50413],[26.39883,44.51069],[26.40786,44.5098],[26.41606,44.52168],[26.41356,44.52647],[26.40113,44.53121],[26.39159,44.5384],[26.36747,44.52763],[26.35679,44.53664],[26.3431,44.54931],[26.3387,44.54651],[26.33917,44.54922],[26.355,44.56302],[26.36146,44.56188],[26.36424,44.56342],[26.36202,44.56879],[26.38049,44.58455],[26.37404,44.59145],[26.40126,44.611],[26.39674,44.62385],[26.37636,44.62141],[26.37292,44.6289],[26.36813,44.63932],[26.35921,44.63775],[26.35981,44.65178],[26.35488,44.66038],[26.34332,44.67179],[26.33245,44.67645],[26.33095,44.67968],[26.3409,44.68664],[26.34836,44.68509],[26.35985,44.68839],[26.36789,44.69607],[26.36891,44.69861],[26.36261,44.70182],[26.36212,44.70435],[26.37415,44.72044],[26.34856,44.73179],[26.30182,44.76887]],[[26.09918,44.54104],[26.10446,44.53954],[26.10555,44.51837],[26.10326,44.50771],[26.10897,44.50458],[26.10562,44.50057],[26.11481,44.48738],[26.18487,44.47911],[26.17596,44.47525],[26.15691,44.45575],[26.16948,44.45149],[26.17639,44.45319],[26.17641,44.44485],[26.196,44.44557],[26.19751,44.44255],[26.19827,44.43973],[26.20479,44.4382],[26.2094,44.43379],[26.22555,44.43241],[26.21813,44.41266],[26.21731,44.40771],[26.20875,44.40416],[26.21204,44.39565],[26.18243,44.39397],[26.16188,44.39828],[26.14355,44.3695],[26.16012,44.34713],[26.16542,44.34522],[26.16381,44.34175],[26.15748,44.33962],[26.15364,44.33485],[26.14619,44.33771],[26.1292,44.34747],[26.12934,44.35118],[26.1264,44.35333],[26.11195,44.3608],[26.10617,44.35907],[26.10002,44.36237],[26.09545,44.36199],[26.08973,44.36765],[26.08812,44.36924],[26.08609,44.36937],[26.05769,44.3784],[26.04441,44.37647],[26.03302,44.38318],[26.03836,44.38699],[26.03613,44.38973],[26.02873,44.38979],[26.01156,44.40486],[26.00344,44.40238],[25.99775,44.40345],[25.99617,44.40666],[25.9955,44.40927],[25.98898,44.40735],[25.98226,44.40745],[25.97597,44.40637],[25.97094,44.415],[25.96483,44.41826],[25.96805,44.42314],[25.96731,44.43192],[25.96831,44.44065],[26.01105,44.44298],[26.02028,44.44744],[26.01493,44.45102],[26.01381,44.4572],[25.97807,44.46658],[25.9796,44.47044],[25.98013,44.47165],[25.98728,44.49166],[25.98383,44.49758],[25.98771,44.4991],[25.99484,44.49658],[25.99855,44.49904],[26.00651,44.50041],[26.00921,44.51421],[26.02207,44.51912],[26.02393,44.52495],[26.02929,44.52769],[26.03562,44.52446],[26.06703,44.53459],[26.06945,44.53946],[26.07492,44.54091],[26.07937,44.53752],[26.08973,44.53936],[26.09918,44.54104]]]]},"properties":{"code":"RO322","nom":"Ilfov","country":"RO"}},{"type":"Feature","geometry":{"type":"MultiPolygon","coordinates":[[[[23.78951,44.65883],[23.78745,44.66277],[23.79109,44.66983],[23.79131,44.67828],[23.78573,44.68129],[23.78188,44.68858],[23.78502,44.69307],[23.78506,44.70097],[23.7805,44.71399],[23.74751,44.71639],[23.73247,44.72221],[23.72169,44.72967],[23.71661,44.72567],[23.71487,44.71809],[23.71304,44.71215],[23.71565,44.70483],[23.72116,44.70074],[23.72124,44.6903],[23.72547,44.68481],[23.71733,44.67091],[23.70898,44.66014],[23.7138,44.65199],[23.709,44.64318],[23.71758,44.63686],[23.71976,44.62782],[23.71088,44.60959],[23.7155,44.59698],[23.7077,44.58509],[23.70564,44.59114],[23.69744,44.59543],[23.69906,44.59985],[23.69641,44.60153],[23.6763,44.59893],[23.66372,44.60021],[23.64024,44.59555],[23.62338,44.58899],[23.61482,44.59003],[23.60041,44.59818],[23.59969,44.60707],[23.58883,44.61509],[23.56268,44.60772],[23.54725,44.60711],[23.51665,44.60132],[23.50898,44.59513],[23.50627,44.58397],[23.49593,44.57886],[23.49452,44.57393],[23.4873,44.5782],[23.47071,44.57876],[23.46692,44.57703],[23.46471,44.57601],[23.46443,44.56956],[23.45504,44.56956],[23.45159,44.55326],[23.42934,44.5426],[23.43399,44.53949],[23.42807,44.53345],[23.42155,44.53181],[23.41785,44.53165],[23.41557,44.52697],[23.40002,44.53533],[23.37068,44.5441],[23.35557,44.53936],[23.35228,44.53232],[23.34078,44.52684],[23.33642,44.52439],[23.32953,44.52701],[23.32451,44.53408],[23.31552,44.53951],[23.30042,44.53716],[23.28761,44.53793],[23.26658,44.53042],[23.25519,44.53002],[23.25747,44.52099],[23.27242,44.52029],[23.28259,44.51643],[23.27947,44.50153],[23.24419,44.4952],[23.24884,44.48031],[23.24038,44.47833],[23.23477,44.47445],[23.21543,44.4702],[23.21292,44.46735],[23.19953,44.46688],[23.19633,44.45971],[23.19711,44.45233],[23.22247,44.43819],[23.22101,44.43647],[23.21018,44.43627],[23.20499,44.43483],[23.19722,44.41472],[23.17843,44.42352],[23.16641,44.41214],[23.19897,44.39264],[23.21743,44.38652],[23.21812,44.37554],[23.20714,44.36839],[23.19672,44.37222],[23.18924,44.36641],[23.19261,44.35198],[23.17617,44.32447],[23.14778,44.31934],[23.13931,44.31578],[23.13113,44.31628],[23.12048,44.30459],[23.12246,44.29871],[23.11593,44.28449],[23.11036,44.2744],[23.10762,44.2631],[23.09362,44.26097],[23.08906,44.24295],[23.09728,44.23952],[23.09494,44.22295],[23.1111,44.21697],[23.09619,44.19917],[23.11785,44.1895],[23.10987,44.15015],[23.09673,44.14675],[23.08567,44.15133],[23.08397,44.15665],[23.05681,44.15721],[23.00637,44.15758],[23.00455,44.14076],[23.00062,44.13678],[22.98143,44.12216],[22.96637,44.09829],[22.97091,44.09827],[22.97988,44.0981],[22.98379,44.0979],[22.98893,44.09742],[22.992,44.09697],[22.99628,44.09612],[23.00178,44.09478],[23.01214,44.092],[23.01843,44.09001],[23.02095,44.08915],[23.02289,44.08838],[23.02464,44.08751],[23.02868,44.08531],[23.03295,44.08284],[23.0373,44.08017],[23.04096,44.07768],[23.04249,44.07639],[23.04537,44.07343],[23.04626,44.07223],[23.04709,44.07089],[23.04766,44.06958],[23.04798,44.06791],[23.04807,44.0664],[23.04801,44.06367],[23.04739,44.06081],[23.04577,44.05668],[23.04481,44.05505],[23.04012,44.04809],[23.03765,44.04472],[23.03079,44.03538],[23.01055,44.01206],[22.94814,44.00251],[22.927,43.99951],[22.89237,43.99138],[22.88098,43.98226],[22.87629,43.97349],[22.86632,43.93236],[22.85778,43.92115],[22.84997,43.91089],[22.84171,43.88609],[22.84136,43.88175],[22.8413,43.87932],[22.84133,43.87759],[22.84137,43.87565],[22.84167,43.87248],[22.84214,43.86928],[22.84329,43.86484],[22.84423,43.86193],[22.8452,43.85964],[22.8471,43.85631],[22.84911,43.85337],[22.85142,43.85059],[22.855,43.84674],[22.85778,43.84439],[22.86713,43.83874],[22.87971,43.8336],[22.8847,43.83235],[22.89598,43.82982],[22.9043,43.82816],[22.91237,43.82671],[22.92568,43.82387],[22.93354,43.82243],[22.93859,43.8213],[22.94035,43.82085],[22.94351,43.81986],[22.95365,43.81572],[22.95635,43.81487],[22.95848,43.81434],[22.99717,43.80787],[23.05203,43.79636],[23.05691,43.79629],[23.12689,43.80271],[23.13939,43.80476],[23.17396,43.821],[23.18998,43.82581],[23.21791,43.83325],[23.2413,43.83668],[23.24654,43.83934],[23.26097,43.84499],[23.29316,43.84673],[23.34078,43.84886],[23.34575,43.84887],[23.35162,43.84876],[23.35638,43.84849],[23.3636,43.84821],[23.36601,43.84818],[23.36992,43.84838],[23.37291,43.84855],[23.39117,43.85061],[23.40372,43.85295],[23.42373,43.85409],[23.43386,43.85275],[23.46692,43.84325],[23.48425,43.83828],[23.51142,43.83723],[23.54292,43.81606],[23.54339,43.81475],[23.54377,43.81086],[23.54605,43.80671],[23.55778,43.80175],[23.60888,43.79263],[23.63039,43.79105],[23.63845,43.79274],[23.6416,43.79367],[23.64361,43.79415],[23.65223,43.79622],[23.66393,43.79923],[23.70063,43.80675],[23.74095,43.80375],[23.75024,43.80003],[23.77651,43.78014],[23.80979,43.77325],[23.8262,43.76592],[23.84588,43.759],[23.85048,43.75768],[23.85932,43.75497],[23.86551,43.75338],[23.87499,43.75095],[23.90987,43.7471],[23.92582,43.74603],[23.93724,43.74527],[23.95873,43.74689],[23.97772,43.74832],[23.99303,43.74482],[24.02805,43.73055],[24.05513,43.71931],[24.05797,43.71813],[24.0611,43.71651],[24.06945,43.71113],[24.07079,43.71019],[24.07452,43.70761],[24.07782,43.70559],[24.08068,43.70414],[24.08393,43.70293],[24.08712,43.70209],[24.09015,43.70164],[24.09231,43.70144],[24.09866,43.70084],[24.11204,43.69995],[24.1291,43.77298],[24.13864,43.77679],[24.15502,43.81234],[24.17466,43.80916],[24.1799,43.81323],[24.19208,43.81045],[24.19877,43.82459],[24.19302,43.8284],[24.20157,43.84675],[24.19496,43.84917],[24.1998,43.8578],[24.22705,43.85282],[24.23097,43.86062],[24.22569,43.8642],[24.2295,43.87332],[24.23066,43.87583],[24.23427,43.88326],[24.22758,43.88643],[24.24608,43.92509],[24.24744,43.92975],[24.24109,43.93196],[24.24068,43.93671],[24.2254,43.94082],[24.22409,43.94275],[24.23235,43.96043],[24.25073,43.95773],[24.25633,43.96636],[24.26031,43.97423],[24.25731,43.97501],[24.2625,43.98732],[24.25911,43.98814],[24.26378,43.99824],[24.214,44.00406],[24.20465,44.00267],[24.18045,44.00547],[24.17456,44.00656],[24.17418,44.00897],[24.18394,44.04717],[24.17513,44.05125],[24.18123,44.0686],[24.20389,44.07104],[24.22201,44.06991],[24.22605,44.08622],[24.22728,44.10941],[24.22146,44.1105],[24.22316,44.11957],[24.21566,44.12369],[24.22928,44.16954],[24.2188,44.17102],[24.22017,44.17851],[24.21708,44.18218],[24.2291,44.21355],[24.22953,44.21479],[24.2222,44.2173],[24.2251,44.23019],[24.14138,44.24884],[24.14512,44.24947],[24.14682,44.25191],[24.14914,44.25256],[24.14959,44.25611],[24.14663,44.26328],[24.11238,44.26756],[24.1087,44.29979],[24.09271,44.29903],[24.08812,44.30459],[24.08562,44.30763],[24.06964,44.33269],[24.05885,44.33959],[24.05249,44.33946],[24.05324,44.34476],[24.04176,44.34909],[24.04616,44.35285],[24.04849,44.36468],[24.0432,44.36891],[24.02566,44.3756],[24.0309,44.38014],[24.02659,44.38523],[24.01441,44.37726],[23.98747,44.37356],[23.98402,44.37396],[23.97778,44.38014],[23.96009,44.38167],[23.95898,44.38401],[23.96483,44.40139],[23.96825,44.41036],[23.96022,44.41144],[23.94885,44.41644],[23.92582,44.42037],[23.90124,44.42457],[23.89048,44.41279],[23.88284,44.42279],[23.88285,44.43325],[23.89446,44.44642],[23.89723,44.45629],[23.88693,44.46143],[23.89242,44.46646],[23.90324,44.4669],[23.90671,44.46924],[23.89534,44.47736],[23.88408,44.48161],[23.8883,44.4843],[23.89698,44.49163],[23.90159,44.49663],[23.9041,44.499],[23.89882,44.5068],[23.88914,44.50875],[23.88529,44.51205],[23.89875,44.51524],[23.90201,44.51177],[23.9072,44.51282],[23.90738,44.5183],[23.92582,44.52886],[23.9282,44.53023],[23.92582,44.54126],[23.92117,44.56279],[23.91077,44.57772],[23.89811,44.5756],[23.89131,44.58593],[23.89083,44.59443],[23.88544,44.59968],[23.88559,44.60531],[23.8815,44.61078],[23.883,44.61539],[23.89873,44.62581],[23.8774,44.6302],[23.85974,44.625],[23.85532,44.6303],[23.84109,44.63841],[23.82806,44.63692],[23.81669,44.64672],[23.80621,44.64242],[23.80349,44.6416],[23.80159,44.64071],[23.79691,44.63894],[23.79071,44.63759],[23.7882,44.6373],[23.78951,44.65883]]]]},"properties":{"code":"RO411","nom":"Dolj","country":"RO"}},{"type":"Feature","geometry":{"type":"MultiPolygon","coordinates":[[[[22.78528,46.56722],[22.78098,46.57096],[22.7666,46.5753],[22.76208,46.57101],[22.75217,46.56904],[22.7552,46.55451],[22.75037,46.54922],[22.72644,46.54642],[22.72146,46.54117],[22.70307,46.53099],[22.69965,46.52477],[22.6904,46.51928],[22.67696,46.52329],[22.67505,46.50629],[22.67873,46.49267],[22.6638,46.47978],[22.67294,46.48073],[22.67878,46.4772],[22.67818,46.4687],[22.69186,46.45329],[22.68973,46.44057],[22.70391,46.43413],[22.71991,46.43091],[22.68842,46.41311],[22.67712,46.4101],[22.67658,46.40583],[22.67594,46.3955],[22.68068,46.38769],[22.69829,46.37844],[22.7,46.36585],[22.71365,46.36253],[22.72787,46.36309],[22.74345,46.35614],[22.74872,46.35121],[22.76114,46.35216],[22.7743,46.34963],[22.78501,46.34107],[22.79945,46.33773],[22.8056,46.32997],[22.81173,46.32703],[22.84514,46.32872],[22.85273,46.33093],[22.85778,46.33593],[22.87062,46.33788],[22.87811,46.33728],[22.88624,46.33454],[22.88932,46.33329],[22.89857,46.33207],[22.91505,46.32982],[22.92572,46.33059],[22.93502,46.32447],[22.9438,46.299],[22.9576,46.29269],[22.96506,46.28237],[22.95829,46.27598],[22.94828,46.26652],[22.95437,46.26062],[22.95577,46.24844],[22.96066,46.24296],[22.96091,46.2373],[22.96525,46.2331],[22.97611,46.23178],[22.98078,46.22622],[22.98316,46.21756],[22.99146,46.21754],[23.0017,46.21232],[23.01232,46.21421],[23.03828,46.20844],[23.05022,46.21325],[23.05849,46.20911],[23.06943,46.20754],[23.07008,46.19887],[23.09537,46.18132],[23.09104,46.17552],[23.09097,46.16662],[23.1041,46.15119],[23.09901,46.13891],[23.08686,46.14355],[23.07917,46.14933],[23.0753,46.14529],[23.05535,46.14061],[23.05857,46.13068],[23.06705,46.12267],[23.06382,46.1066],[23.07622,46.10653],[23.0895,46.09933],[23.09011,46.09553],[23.08486,46.09277],[23.08678,46.08892],[23.08098,46.08251],[23.08882,46.0766],[23.08733,46.06688],[23.10237,46.06126],[23.1017,46.04683],[23.1189,46.04239],[23.1296,46.04214],[23.13509,46.03629],[23.15076,46.03535],[23.16287,46.03202],[23.17457,46.03195],[23.18516,46.02768],[23.20538,46.03567],[23.22465,46.03355],[23.23471,46.0401],[23.24168,46.03854],[23.23552,46.03018],[23.24017,46.00769],[23.23392,45.98662],[23.24953,45.97364],[23.25106,45.96173],[23.26012,45.9419],[23.26907,45.92982],[23.28238,45.92732],[23.29253,45.91962],[23.29925,45.91884],[23.31171,45.92186],[23.31567,45.92006],[23.32304,45.92055],[23.32859,45.9159],[23.33709,45.91738],[23.33749,45.91233],[23.33383,45.90883],[23.31779,45.90663],[23.30334,45.89378],[23.31513,45.89039],[23.33109,45.87811],[23.32478,45.83684],[23.34004,45.81284],[23.34356,45.80068],[23.35113,45.79348],[23.34877,45.78813],[23.35319,45.77962],[23.37357,45.77194],[23.38034,45.75961],[23.38011,45.75388],[23.37022,45.73778],[23.36768,45.72751],[23.36108,45.71785],[23.36778,45.70592],[23.38237,45.69532],[23.39415,45.69408],[23.40539,45.68688],[23.41823,45.68342],[23.42193,45.67939],[23.42158,45.67064],[23.4086,45.66798],[23.40452,45.66283],[23.4033,45.66051],[23.40179,45.65887],[23.3988,45.65873],[23.39529,45.65898],[23.38987,45.65742],[23.38671,45.657],[23.38549,45.65544],[23.38485,45.65294],[23.38505,45.65026],[23.38219,45.64881],[23.37675,45.64674],[23.3719,45.64425],[23.36639,45.63754],[23.36998,45.62682],[23.37563,45.62284],[23.39518,45.63066],[23.40822,45.63342],[23.42559,45.62454],[23.42099,45.61543],[23.4233,45.60688],[23.41875,45.59533],[23.42819,45.58457],[23.44068,45.58787],[23.44497,45.58737],[23.45399,45.58033],[23.46473,45.58152],[23.46692,45.58123],[23.47725,45.57986],[23.4831,45.57445],[23.49946,45.57905],[23.50388,45.57208],[23.50327,45.56412],[23.51122,45.55615],[23.51774,45.55131],[23.52326,45.5502],[23.53655,45.54924],[23.55108,45.53789],[23.55499,45.53082],[23.56923,45.52395],[23.57763,45.50788],[23.59465,45.49227],[23.59272,45.4861],[23.59747,45.47924],[23.59727,45.47347],[23.61744,45.46165],[23.61577,45.4571],[23.62908,45.45851],[23.63998,45.45595],[23.66458,45.46241],[23.67565,45.46764],[23.68729,45.47664],[23.69004,45.48615],[23.69708,45.48907],[23.70361,45.49677],[23.69758,45.49863],[23.69484,45.49788],[23.69093,45.49738],[23.68729,45.49621],[23.6667,45.49455],[23.66145,45.49792],[23.65421,45.50607],[23.6513,45.51952],[23.63866,45.53489],[23.63568,45.54369],[23.61143,45.56343],[23.61613,45.5682],[23.6196,45.58228],[23.62867,45.58808],[23.64396,45.58879],[23.65159,45.60103],[23.64286,45.61037],[23.63747,45.61169],[23.63319,45.62054],[23.63394,45.62777],[23.64153,45.62848],[23.64442,45.63062],[23.64393,45.64032],[23.62621,45.65774],[23.61488,45.66283],[23.59262,45.67417],[23.59197,45.67665],[23.59771,45.68313],[23.61029,45.68905],[23.59213,45.69823],[23.58936,45.70227],[23.59668,45.70475],[23.59687,45.70854],[23.60402,45.71512],[23.60273,45.72242],[23.60952,45.72343],[23.61781,45.73441],[23.61644,45.74343],[23.62193,45.74953],[23.63106,45.75217],[23.64498,45.74604],[23.65897,45.76171],[23.6508,45.76496],[23.64815,45.7704],[23.63812,45.77793],[23.62805,45.77959],[23.62306,45.78285],[23.62404,45.79372],[23.61524,45.79738],[23.61688,45.80162],[23.62495,45.80831],[23.64272,45.80477],[23.64968,45.80707],[23.67433,45.80548],[23.67654,45.80741],[23.68752,45.80263],[23.68844,45.80735],[23.6957,45.81008],[23.69457,45.82393],[23.69734,45.82721],[23.71413,45.82466],[23.72018,45.83133],[23.73451,45.83072],[23.73212,45.83779],[23.72747,45.8407],[23.72752,45.84531],[23.73284,45.84508],[23.74674,45.86081],[23.77236,45.88107],[23.76656,45.8876],[23.74984,45.88597],[23.74408,45.8922],[23.73127,45.89694],[23.72798,45.90224],[23.73449,45.90639],[23.73112,45.90936],[23.73391,45.91432],[23.74759,45.92105],[23.75888,45.92045],[23.77156,45.9237],[23.78878,45.92711],[23.79821,45.92276],[23.80464,45.92368],[23.80502,45.92817],[23.81655,45.92423],[23.82489,45.93187],[23.82742,45.93967],[23.83489,45.94321],[23.83707,45.95063],[23.84413,45.95375],[23.84687,45.95731],[23.85082,45.95872],[23.85862,45.95375],[23.86242,45.94978],[23.87007,45.94869],[23.8723,45.95375],[23.87282,45.96153],[23.86395,45.96381],[23.86063,45.97943],[23.85553,45.98156],[23.85269,45.98641],[23.85672,45.99966],[23.85188,46.00254],[23.85189,46.00763],[23.84567,46.00782],[23.87468,46.0326],[23.88324,46.03542],[23.89008,46.04285],[23.91286,46.04164],[23.92582,46.0481],[23.92723,46.04881],[23.92952,46.04853],[23.93487,46.03853],[23.95531,46.0366],[23.96405,46.0397],[23.96599,46.03412],[23.97926,46.03745],[23.98209,46.03639],[23.98329,46.0344],[23.97776,46.02923],[23.98951,46.01933],[23.98856,46.01246],[23.99991,45.99834],[24.00636,46.0017],[24.00722,46.01587],[24.02602,46.02815],[24.0192,46.03821],[24.03236,46.04073],[24.02851,46.04935],[24.02725,46.06298],[24.03212,46.07201],[24.03879,46.07664],[24.04435,46.08188],[24.04251,46.09648],[24.05937,46.08591],[24.07296,46.09376],[24.07237,46.0969],[24.07589,46.0985],[24.07572,46.10106],[24.08153,46.10235],[24.08989,46.11579],[24.10291,46.12223],[24.11964,46.13488],[24.13645,46.13759],[24.15267,46.1354],[24.19259,46.15297],[24.2053,46.15525],[24.21326,46.15421],[24.21657,46.16367],[24.20973,46.17363],[24.19333,46.178],[24.18964,46.18238],[24.18986,46.1943],[24.19839,46.21213],[24.19215,46.2227],[24.20827,46.23229],[24.22679,46.23114],[24.2487,46.23983],[24.24686,46.24261],[24.22996,46.24979],[24.22812,46.25485],[24.23131,46.25964],[24.22039,46.26397],[24.20904,46.26454],[24.20694,46.2675],[24.20969,46.27218],[24.20286,46.27598],[24.19045,46.28287],[24.18398,46.28261],[24.18156,46.27983],[24.17754,46.27953],[24.17679,46.27598],[24.17544,46.26962],[24.17249,46.26887],[24.16462,46.2723],[24.16478,46.27598],[24.16091,46.2777],[24.15742,46.28274],[24.15856,46.29126],[24.14236,46.30097],[24.14883,46.31226],[24.14797,46.32609],[24.13611,46.33545],[24.1296,46.33624],[24.11538,46.33365],[24.09887,46.33676],[24.08511,46.33456],[24.07479,46.33596],[24.0671,46.34066],[24.05044,46.34421],[24.03879,46.35203],[24.02018,46.36096],[24.0212,46.36339],[24.03082,46.36649],[24.02846,46.36897],[24.01717,46.36748],[23.99776,46.37079],[23.98954,46.38104],[24.00999,46.39103],[24.02431,46.40291],[24.03446,46.40673],[24.03114,46.41363],[24.03553,46.4318],[24.02811,46.44054],[24.03268,46.45033],[24.02812,46.45997],[24.02006,46.45689],[24.02193,46.44917],[23.9981,46.42788],[23.99188,46.42688],[23.98528,46.43092],[23.97912,46.431],[23.97163,46.4362],[23.96325,46.43743],[23.95041,46.44936],[23.92582,46.45005],[23.92173,46.45017],[23.90966,46.46351],[23.89849,46.46111],[23.88812,46.46321],[23.88679,46.45929],[23.87715,46.45386],[23.87868,46.44993],[23.86842,46.44736],[23.86461,46.45627],[23.85541,46.4517],[23.85016,46.45476],[23.84309,46.46327],[23.83961,46.46192],[23.83235,46.46848],[23.82907,46.46717],[23.82428,46.46334],[23.81307,46.46621],[23.79899,46.46498],[23.79128,46.46314],[23.79039,46.45993],[23.7847,46.45844],[23.76676,46.46198],[23.75679,46.4579],[23.74663,46.45857],[23.73863,46.45406],[23.72964,46.45206],[23.70232,46.45708],[23.68729,46.45342],[23.67758,46.44932],[23.66959,46.44072],[23.67113,46.42991],[23.65157,46.42742],[23.65635,46.41851],[23.66513,46.41548],[23.67125,46.41791],[23.68112,46.40851],[23.66485,46.4041],[23.66796,46.40133],[23.66126,46.39746],[23.64996,46.40043],[23.64299,46.39975],[23.64155,46.40289],[23.62779,46.40503],[23.61048,46.41394],[23.60309,46.41546],[23.60269,46.42796],[23.59236,46.43662],[23.58936,46.45055],[23.59066,46.45636],[23.59686,46.46028],[23.60257,46.46888],[23.60129,46.4776],[23.61343,46.47889],[23.61104,46.48347],[23.60325,46.48717],[23.58988,46.48897],[23.58647,46.49529],[23.57572,46.49662],[23.55946,46.48823],[23.54832,46.50331],[23.53786,46.49919],[23.53055,46.49892],[23.5301,46.49062],[23.52314,46.48666],[23.51595,46.49242],[23.49643,46.49577],[23.48463,46.50194],[23.47682,46.50057],[23.46692,46.5033],[23.4642,46.50405],[23.45856,46.51202],[23.45548,46.51753],[23.45961,46.5233],[23.45786,46.52599],[23.45316,46.52694],[23.4392,46.52372],[23.43024,46.52939],[23.41998,46.52743],[23.4011,46.53089],[23.39012,46.53973],[23.38192,46.5404],[23.37041,46.53827],[23.35184,46.53105],[23.34772,46.53107],[23.34666,46.53334],[23.34078,46.52992],[23.33051,46.52065],[23.31309,46.51947],[23.29991,46.51009],[23.28959,46.5089],[23.27717,46.50703],[23.2696,46.49776],[23.25072,46.49809],[23.23687,46.49091],[23.23075,46.49217],[23.21549,46.49067],[23.19507,46.49291],[23.18317,46.50964],[23.16892,46.50601],[23.1616,46.50668],[23.15439,46.50469],[23.15192,46.5062],[23.14481,46.50341],[23.13283,46.49254],[23.12085,46.48822],[23.10865,46.49146],[23.10477,46.49048],[23.1035,46.48378],[23.09418,46.46887],[23.0865,46.46689],[23.0748,46.46767],[23.06654,46.47077],[23.05841,46.47029],[23.05387,46.46663],[23.04873,46.46762],[23.04661,46.4765],[23.05446,46.49228],[23.03383,46.5014],[23.02306,46.50015],[23.00958,46.50573],[23.00959,46.51399],[23.00162,46.53254],[22.98988,46.53778],[22.99919,46.54824],[22.99923,46.55236],[22.99044,46.55439],[22.97356,46.54849],[22.95991,46.55041],[22.9468,46.55559],[22.93053,46.55495],[22.92327,46.55326],[22.89705,46.53945],[22.88279,46.53594],[22.8593,46.54068],[22.85778,46.54403],[22.85508,46.55],[22.84747,46.5463],[22.84085,46.54645],[22.81315,46.55733],[22.81195,46.56886],[22.79213,46.56667],[22.78528,46.56722]]],[[[23.67284,45.75354],[23.66849,45.75589],[23.66674,45.75496],[23.66965,45.75184],[23.67211,45.75154],[23.67284,45.75354]]],[[[23.66652,45.75642],[23.66257,45.76068],[23.6597,45.76047],[23.66439,45.75546],[23.66652,45.75642]]]]},"properties":{"code":"RO121","nom":"Alba","country":"RO"}},{"type":"Feature","geometry":{"type":"MultiPolygon","coordinates":[[[[25.42418,47.18282],[25.41527,47.18274],[25.404,47.17929],[25.39192,47.18028],[25.38881,47.1806],[25.37495,47.17565],[25.35852,47.17918],[25.3518,47.17474],[25.31641,47.16484],[25.30549,47.16482],[25.29459,47.1551],[25.29536,47.14774],[25.28777,47.13308],[25.297,47.12065],[25.29441,47.11414],[25.27892,47.10411],[25.26453,47.10337],[25.24671,47.09792],[25.236,47.0872],[25.23092,47.07558],[25.2307,47.06503],[25.23333,47.05893],[25.2475,47.04663],[25.26951,47.0306],[25.26972,47.01809],[25.26635,47.01033],[25.27746,46.99903],[25.28812,46.99323],[25.28931,46.98343],[25.28459,46.97795],[25.28867,46.97101],[25.28276,46.96295],[25.28252,46.95376],[25.27134,46.94615],[25.26989,46.92808],[25.26262,46.91367],[25.26709,46.90079],[25.27624,46.89653],[25.27009,46.88795],[25.27049,46.88263],[25.26512,46.8764],[25.26422,46.86755],[25.25749,46.85887],[25.25129,46.84125],[25.26368,46.84154],[25.27252,46.83818],[25.28242,46.83492],[25.28833,46.83037],[25.28151,46.82595],[25.27999,46.81468],[25.28608,46.79762],[25.31215,46.78606],[25.31659,46.77955],[25.31723,46.7693],[25.29285,46.75439],[25.27929,46.75065],[25.26504,46.7522],[25.26144,46.74948],[25.26369,46.73407],[25.26011,46.72713],[25.28226,46.70698],[25.29403,46.68882],[25.28136,46.6726],[25.27059,46.67014],[25.25053,46.6743],[25.23784,46.66905],[25.23892,46.65104],[25.22369,46.63993],[25.23165,46.63413],[25.22826,46.63065],[25.21928,46.62793],[25.21838,46.62037],[25.21568,46.62059],[25.21319,46.62591],[25.19532,46.62687],[25.17931,46.60021],[25.16839,46.595],[25.16311,46.58889],[25.15255,46.58429],[25.15195,46.57816],[25.13128,46.57798],[25.10683,46.58253],[25.09945,46.57756],[25.08869,46.57671],[25.08381,46.57226],[25.07551,46.57001],[25.07679,46.56668],[25.06892,46.55546],[25.05245,46.552],[25.03015,46.54144],[25.02237,46.54111],[25.01515,46.531],[25.01669,46.52709],[25.00474,46.51115],[24.99819,46.50877],[24.98327,46.49547],[25.00925,46.4942],[25.02388,46.47948],[25.02059,46.47518],[25.02332,46.47313],[25.02192,46.46949],[25.01806,46.465],[25.0089,46.46323],[25.0024,46.45816],[24.99707,46.46249],[24.99735,46.46495],[24.99325,46.46387],[24.98826,46.45092],[24.98192,46.44476],[24.96345,46.44623],[24.94691,46.44328],[24.94997,46.43477],[24.93649,46.42164],[24.93574,46.41012],[24.94345,46.40477],[24.9619,46.40239],[24.97918,46.38464],[24.95945,46.37661],[24.9478,46.3749],[24.94201,46.37723],[24.93195,46.37749],[24.9227,46.38753],[24.91464,46.38757],[24.9083,46.39009],[24.9025,46.38889],[24.89433,46.38256],[24.87627,46.38226],[24.88771,46.37631],[24.8816,46.36988],[24.8852,46.36483],[24.86248,46.35602],[24.85702,46.35625],[24.85379,46.34777],[24.86237,46.34577],[24.86908,46.33914],[24.86789,46.3264],[24.87749,46.32561],[24.86681,46.31329],[24.86142,46.31126],[24.86827,46.30671],[24.87026,46.30044],[24.87482,46.30168],[24.88821,46.29946],[24.90461,46.28327],[24.9189,46.27598],[24.93139,46.27194],[24.93077,46.26218],[24.93767,46.25682],[24.93312,46.25237],[24.9352,46.24834],[24.94303,46.24686],[24.95906,46.24897],[24.96321,46.24464],[24.98563,46.23835],[24.98931,46.24017],[24.98954,46.24451],[24.99853,46.24373],[25.0051,46.24768],[25.01112,46.24816],[25.03804,46.24053],[25.05662,46.24555],[25.07698,46.242],[25.07823,46.2323],[25.10103,46.23233],[25.10629,46.2305],[25.11318,46.20877],[25.12957,46.18858],[25.13874,46.18123],[25.15018,46.17822],[25.17325,46.16552],[25.18062,46.16501],[25.18874,46.17096],[25.2188,46.15179],[25.24719,46.14143],[25.25395,46.14428],[25.25932,46.14968],[25.25797,46.15595],[25.26534,46.16766],[25.25248,46.1771],[25.25788,46.18214],[25.25918,46.18975],[25.27282,46.18667],[25.26689,46.17611],[25.27272,46.17127],[25.29734,46.1773],[25.3106,46.17672],[25.32087,46.17372],[25.32967,46.17827],[25.34739,46.16456],[25.36491,46.14155],[25.37561,46.13473],[25.38537,46.13626],[25.39192,46.13228],[25.40548,46.13107],[25.41261,46.12421],[25.45037,46.12283],[25.453,46.11908],[25.45124,46.10409],[25.46135,46.10439],[25.46629,46.10669],[25.4681,46.11389],[25.47761,46.12439],[25.47951,46.14549],[25.49645,46.14858],[25.50788,46.16084],[25.50537,46.16635],[25.50998,46.17836],[25.50566,46.18533],[25.54699,46.20872],[25.55653,46.20846],[25.56192,46.21734],[25.5748,46.21287],[25.60155,46.24049],[25.61569,46.2399],[25.66478,46.25771],[25.67368,46.26279],[25.68011,46.27172],[25.68514,46.27251],[25.69866,46.27598],[25.70053,46.27634],[25.71093,46.27598],[25.72215,46.27557],[25.73239,46.26651],[25.73158,46.26001],[25.72439,46.25594],[25.76139,46.21823],[25.76685,46.21102],[25.78452,46.19944],[25.79053,46.19002],[25.79059,46.1775],[25.79403,46.17444],[25.79879,46.17349],[25.80297,46.17266],[25.80561,46.16519],[25.82187,46.15292],[25.82467,46.14889],[25.83546,46.14367],[25.83817,46.1351],[25.84545,46.13088],[25.84847,46.12392],[25.85872,46.11984],[25.87778,46.12393],[25.88789,46.12132],[25.89703,46.12346],[25.90331,46.12267],[25.91381,46.12995],[25.91799,46.13064],[25.93949,46.12671],[25.97869,46.13512],[25.98227,46.13346],[25.98474,46.12791],[25.99029,46.12578],[26.00316,46.13013],[26.01834,46.12839],[26.02979,46.1421],[26.03562,46.14417],[26.03827,46.15043],[26.04507,46.15425],[26.0596,46.16033],[26.06945,46.15957],[26.0887,46.15669],[26.08554,46.15965],[26.08973,46.16163],[26.09589,46.16453],[26.11676,46.16204],[26.12361,46.16922],[26.13162,46.17155],[26.16535,46.16089],[26.17134,46.16069],[26.1759,46.16747],[26.17889,46.18124],[26.18662,46.17955],[26.18982,46.18302],[26.19948,46.17952],[26.20691,46.18],[26.21491,46.19141],[26.21993,46.20614],[26.23384,46.20619],[26.25067,46.21019],[26.25811,46.21434],[26.25994,46.21797],[26.25764,46.23123],[26.25208,46.23593],[26.26151,46.23968],[26.26344,46.24634],[26.25996,46.25092],[26.26268,46.25705],[26.25443,46.26696],[26.25359,46.27598],[26.27392,46.28809],[26.27197,46.29509],[26.27814,46.29984],[26.28397,46.32056],[26.29233,46.33184],[26.28953,46.33664],[26.27114,46.34419],[26.24515,46.3395],[26.23508,46.33384],[26.2247,46.31735],[26.20918,46.31241],[26.17867,46.31109],[26.16286,46.31589],[26.15608,46.31516],[26.15074,46.32205],[26.14967,46.32976],[26.15477,46.33924],[26.16438,46.34712],[26.16659,46.36833],[26.16309,46.37988],[26.16462,46.38419],[26.1597,46.38581],[26.1334,46.39637],[26.09998,46.40098],[26.08973,46.40007],[26.08359,46.39953],[26.06945,46.40078],[26.06237,46.40093],[26.05744,46.40335],[26.06008,46.41281],[26.04544,46.41653],[26.03442,46.41648],[26.02978,46.41097],[26.02228,46.41548],[26.01925,46.40977],[26.00784,46.41242],[26.00244,46.40675],[25.99524,46.40675],[25.99955,46.41341],[25.99729,46.41925],[26.003,46.424],[25.99478,46.43275],[25.98814,46.43906],[26.00558,46.44549],[26.00502,46.45322],[26.00791,46.4586],[26.01559,46.46069],[26.0152,46.46463],[26.01241,46.46907],[26.01627,46.47666],[26.00748,46.48186],[26.01937,46.49183],[26.03441,46.49126],[26.05717,46.49389],[26.06945,46.48596],[26.0747,46.48565],[26.07905,46.49915],[26.08163,46.50753],[26.08048,46.51633],[26.07436,46.52489],[26.06945,46.52573],[26.06022,46.52614],[26.0572,46.52897],[26.04827,46.53237],[26.03636,46.54381],[26.03989,46.55054],[26.03823,46.55545],[26.03207,46.56063],[26.03248,46.57127],[26.02562,46.57832],[26.02134,46.58787],[26.01272,46.59015],[25.99973,46.60031],[25.99121,46.61588],[25.99326,46.62279],[26.00203,46.62828],[26.00375,46.63693],[26.01194,46.63451],[26.01849,46.63537],[26.00826,46.64843],[26.00602,46.65955],[25.99362,46.67241],[25.98345,46.67921],[25.97509,46.67899],[25.97699,46.6849],[25.97516,46.69731],[25.96216,46.69871],[25.95398,46.69574],[25.93214,46.70212],[25.91173,46.70072],[25.90234,46.70375],[25.89156,46.69863],[25.88469,46.68957],[25.88494,46.6861],[25.9026,46.66762],[25.90859,46.6561],[25.90029,46.64948],[25.88759,46.64836],[25.86648,46.65058],[25.84899,46.66997],[25.83914,46.67512],[25.83533,46.68249],[25.81206,46.69869],[25.80417,46.70723],[25.79879,46.71475],[25.7958,46.71892],[25.79879,46.72597],[25.79879,46.72801],[25.80576,46.73722],[25.80416,46.76386],[25.80117,46.77069],[25.8086,46.78578],[25.80812,46.79323],[25.80187,46.79922],[25.8062,46.80609],[25.79879,46.80867],[25.78562,46.81324],[25.77814,46.8258],[25.7831,46.83312],[25.79399,46.83332],[25.79879,46.83715],[25.80359,46.84099],[25.79879,46.84387],[25.78949,46.84945],[25.78177,46.85079],[25.77948,46.84537],[25.78287,46.84047],[25.77852,46.83461],[25.77158,46.83516],[25.76331,46.84088],[25.7628,46.84471],[25.77489,46.85323],[25.78015,46.86534],[25.78033,46.86833],[25.77457,46.87182],[25.76604,46.88421],[25.78727,46.90561],[25.79879,46.91323],[25.80027,46.9142],[25.80304,46.92799],[25.82486,46.92335],[25.83852,46.92306],[25.84352,46.92073],[25.85527,46.92097],[25.86197,46.92338],[25.85328,46.92592],[25.8508,46.9334],[25.8429,46.9429],[25.83823,46.96229],[25.82748,46.97285],[25.81856,46.97616],[25.80809,46.96627],[25.80213,46.96669],[25.79879,46.97149],[25.79266,46.98028],[25.78913,46.99709],[25.76916,47.01741],[25.7728,47.02617],[25.76869,47.03562],[25.74933,47.04687],[25.74387,47.05236],[25.74053,47.06782],[25.73317,47.07409],[25.71621,47.07676],[25.70958,47.08082],[25.7036,47.08028],[25.67687,47.08911],[25.66614,47.08867],[25.66158,47.09165],[25.65893,47.09089],[25.65742,47.09005],[25.65545,47.0884],[25.65214,47.08721],[25.64065,47.09289],[25.62444,47.09463],[25.61436,47.08455],[25.60148,47.07784],[25.57399,47.08446],[25.55196,47.08144],[25.53846,47.08267],[25.53219,47.08755],[25.53167,47.0956],[25.52788,47.10071],[25.52851,47.11165],[25.51751,47.11833],[25.50562,47.11805],[25.49457,47.12862],[25.47656,47.13502],[25.44431,47.15535],[25.42724,47.16996],[25.42694,47.17907],[25.42418,47.18282]]]]},"properties":{"code":"RO124","nom":"Harghita","country":"RO"}},{"type":"Feature","geometry":{"type":"MultiPolygon","coordinates":[[[[26.40551,47.34031],[26.38255,47.33015],[26.37239,47.33222],[26.36939,47.32945],[26.37182,47.32617],[26.36657,47.32137],[26.36102,47.31985],[26.35539,47.32145],[26.28041,47.29621],[26.27828,47.2948],[26.28206,47.29054],[26.27682,47.2854],[26.26852,47.28247],[26.26042,47.28372],[26.24847,47.27987],[26.22657,47.29104],[26.21076,47.2938],[26.20492,47.2991],[26.18591,47.30735],[26.17177,47.29662],[26.13743,47.28918],[26.12492,47.29655],[26.11062,47.29271],[26.10473,47.28855],[26.09547,47.2877],[26.08973,47.28583],[26.08197,47.28331],[26.07178,47.27812],[26.06945,47.27806],[26.05515,47.27517],[26.03998,47.27962],[26.02391,47.28916],[26.00665,47.28349],[25.97857,47.28871],[25.96491,47.2815],[25.9485,47.28071],[25.93359,47.27719],[25.93148,47.26937],[25.92361,47.25914],[25.91002,47.26222],[25.90154,47.26208],[25.89002,47.26869],[25.88148,47.28388],[25.86773,47.29455],[25.85751,47.2953],[25.8346,47.31169],[25.82101,47.31122],[25.80798,47.31605],[25.80123,47.31597],[25.79879,47.317],[25.79422,47.31894],[25.77681,47.32088],[25.76405,47.31779],[25.77696,47.3084],[25.78994,47.2869],[25.79879,47.28241],[25.80455,47.27949],[25.8071,47.26709],[25.81255,47.26064],[25.79879,47.24835],[25.78849,47.23914],[25.77488,47.23557],[25.76685,47.2306],[25.74378,47.22567],[25.73457,47.21706],[25.72987,47.21651],[25.72928,47.20454],[25.71895,47.2007],[25.71644,47.19729],[25.72114,47.17593],[25.71318,47.17231],[25.70083,47.17018],[25.69208,47.15852],[25.69114,47.15434],[25.69697,47.14325],[25.67499,47.12882],[25.67353,47.12194],[25.6649,47.11915],[25.66411,47.1014],[25.66018,47.09542],[25.66158,47.09165],[25.66614,47.08867],[25.67687,47.08911],[25.7036,47.08028],[25.70958,47.08082],[25.71621,47.07676],[25.73317,47.07409],[25.74053,47.06782],[25.74387,47.05236],[25.74933,47.04687],[25.76869,47.03562],[25.7728,47.02617],[25.76916,47.01741],[25.78913,46.99709],[25.79266,46.98028],[25.79879,46.97149],[25.80213,46.96669],[25.80809,46.96627],[25.81856,46.97616],[25.82748,46.97285],[25.83823,46.96229],[25.8429,46.9429],[25.8508,46.9334],[25.85328,46.92592],[25.86197,46.92338],[25.85527,46.92097],[25.84352,46.92073],[25.83852,46.92306],[25.82486,46.92335],[25.80304,46.92799],[25.80027,46.9142],[25.79879,46.91323],[25.78727,46.90561],[25.76604,46.88421],[25.77457,46.87182],[25.78033,46.86833],[25.78015,46.86534],[25.77489,46.85323],[25.7628,46.84471],[25.76331,46.84088],[25.77158,46.83516],[25.77852,46.83461],[25.78287,46.84047],[25.77948,46.84537],[25.78177,46.85079],[25.78949,46.84945],[25.79879,46.84387],[25.80359,46.84099],[25.79879,46.83715],[25.79399,46.83332],[25.7831,46.83312],[25.77814,46.8258],[25.78562,46.81324],[25.79879,46.80867],[25.8062,46.80609],[25.80187,46.79922],[25.80812,46.79323],[25.8086,46.78578],[25.80117,46.77069],[25.80416,46.76386],[25.80576,46.73722],[25.79879,46.72801],[25.79879,46.72597],[25.7958,46.71892],[25.79879,46.71475],[25.80417,46.70723],[25.81206,46.69869],[25.83533,46.68249],[25.83914,46.67512],[25.84899,46.66997],[25.86648,46.65058],[25.88759,46.64836],[25.90029,46.64948],[25.90859,46.6561],[25.9026,46.66762],[25.88494,46.6861],[25.88469,46.68957],[25.89156,46.69863],[25.90234,46.70375],[25.91173,46.70072],[25.93214,46.70212],[25.95398,46.69574],[25.96216,46.69871],[25.97516,46.69731],[25.98386,46.69688],[25.99932,46.69979],[26.00408,46.69621],[26.01433,46.69484],[26.02751,46.70745],[26.05218,46.7162],[26.06945,46.71042],[26.0715,46.70062],[26.07547,46.69561],[26.07134,46.68884],[26.07294,46.68107],[26.08089,46.67293],[26.08141,46.65658],[26.08973,46.65251],[26.10017,46.64742],[26.1273,46.65886],[26.13981,46.66014],[26.14726,46.65664],[26.15228,46.64538],[26.15907,46.64169],[26.18488,46.65183],[26.19544,46.65309],[26.20456,46.65169],[26.2157,46.65668],[26.21579,46.66771],[26.22192,46.67668],[26.21991,46.68074],[26.23319,46.68568],[26.24232,46.69635],[26.26582,46.7032],[26.26663,46.69948],[26.26275,46.69397],[26.27083,46.69145],[26.28353,46.68067],[26.29325,46.66192],[26.29331,46.65647],[26.30077,46.65357],[26.3208,46.65556],[26.32566,46.66188],[26.33095,46.6638],[26.33719,46.66112],[26.34688,46.65116],[26.36781,46.64972],[26.39047,46.651],[26.40803,46.66396],[26.41126,46.67847],[26.43532,46.6872],[26.44175,46.67968],[26.45397,46.68111],[26.47237,46.67687],[26.49022,46.68003],[26.50762,46.69409],[26.51615,46.69393],[26.52288,46.68953],[26.52996,46.69234],[26.54664,46.67829],[26.56953,46.67915],[26.58196,46.68534],[26.60883,46.71203],[26.62368,46.72022],[26.63008,46.71766],[26.63949,46.72597],[26.64361,46.72099],[26.64799,46.72235],[26.66338,46.73517],[26.67003,46.73362],[26.67528,46.7362],[26.67135,46.75409],[26.6788,46.7606],[26.67595,46.76769],[26.70334,46.76688],[26.70993,46.77141],[26.72439,46.76455],[26.73158,46.76341],[26.73534,46.76809],[26.74052,46.76823],[26.74254,46.7683],[26.73205,46.75137],[26.7529,46.75476],[26.75204,46.7403],[26.75253,46.73799],[26.77909,46.725],[26.78614,46.71763],[26.79995,46.72199],[26.79923,46.7252],[26.81604,46.73224],[26.81507,46.73548],[26.82348,46.73924],[26.82414,46.74342],[26.84075,46.75149],[26.83094,46.76637],[26.82258,46.77275],[26.83436,46.7788],[26.84365,46.7765],[26.84924,46.78082],[26.8495,46.80467],[26.86458,46.80654],[26.87248,46.81359],[26.88168,46.81617],[26.88177,46.82875],[26.90232,46.82763],[26.90939,46.82724],[26.90719,46.82201],[26.9139,46.82073],[26.9134,46.81038],[26.90425,46.81534],[26.90232,46.8148],[26.90071,46.81435],[26.90152,46.81022],[26.90232,46.80953],[26.90707,46.80541],[26.9073,46.80003],[26.90438,46.79886],[26.90232,46.79939],[26.89666,46.80085],[26.89384,46.79796],[26.90232,46.79554],[26.91255,46.79262],[26.90878,46.78625],[26.9139,46.78316],[26.92179,46.78221],[26.91969,46.77789],[26.92218,46.7758],[26.93157,46.78357],[26.93574,46.78425],[26.94558,46.77202],[26.94119,46.76607],[26.94704,46.76241],[26.94638,46.75899],[26.94054,46.75669],[26.9394,46.75306],[26.94981,46.75661],[26.96485,46.75461],[26.96989,46.759],[26.97906,46.76235],[27.00292,46.76597],[27.00829,46.76877],[27.02482,46.76943],[27.0289,46.77208],[27.03327,46.77056],[27.04529,46.77157],[27.05497,46.75877],[27.06196,46.75701],[27.07523,46.76629],[27.09721,46.76895],[27.10362,46.76699],[27.11534,46.74943],[27.13456,46.74858],[27.1401,46.7527],[27.1458,46.75329],[27.14311,46.74153],[27.1516,46.73657],[27.15079,46.73124],[27.16022,46.73483],[27.16432,46.74269],[27.16431,46.7493],[27.18436,46.74966],[27.18804,46.76049],[27.20622,46.76985],[27.212,46.77036],[27.22158,46.77193],[27.22929,46.77027],[27.23335,46.77644],[27.22993,46.7851],[27.22463,46.78921],[27.21564,46.78897],[27.21354,46.79062],[27.21271,46.8016],[27.21819,46.8127],[27.21688,46.81661],[27.22641,46.82179],[27.22157,46.83121],[27.20856,46.8399],[27.2182,46.84904],[27.21288,46.85286],[27.20154,46.85595],[27.20147,46.8612],[27.19426,46.86406],[27.18927,46.87526],[27.20239,46.88241],[27.19451,46.88803],[27.20203,46.89589],[27.19583,46.89795],[27.19404,46.90382],[27.18408,46.91061],[27.17446,46.92306],[27.14199,46.94209],[27.12195,46.95073],[27.13346,46.96259],[27.14718,46.95888],[27.16066,46.96911],[27.16967,46.97054],[27.16683,46.97297],[27.17191,46.97615],[27.17353,46.98521],[27.17936,46.9883],[27.18773,46.98804],[27.19653,46.97915],[27.20421,46.9818],[27.21661,46.97437],[27.22666,46.97607],[27.23085,46.97971],[27.2326,46.98745],[27.24304,46.99348],[27.238,46.99846],[27.23994,47.0115],[27.22809,47.01653],[27.21908,47.01741],[27.20647,47.02692],[27.18651,47.03066],[27.17777,47.04012],[27.18505,47.04883],[27.18288,47.06072],[27.17293,47.07142],[27.15657,47.08212],[27.15591,47.08269],[27.14749,47.08222],[27.09755,47.09199],[27.08726,47.08806],[27.0755,47.08805],[27.06109,47.08452],[27.05773,47.07067],[27.05172,47.06416],[27.04511,47.06375],[27.03782,47.05555],[27.03246,47.0558],[27.02639,47.05174],[27.03463,47.04948],[27.03252,47.04377],[27.03591,47.04091],[27.02568,47.03723],[27.02244,47.03344],[27.00169,47.04108],[26.99583,47.04984],[26.98941,47.06945],[26.98675,47.0692],[26.98278,47.07872],[26.972,47.07717],[26.9711,47.06258],[26.95976,47.05936],[26.95902,47.04538],[26.94866,47.04122],[26.94282,47.04294],[26.9331,47.03757],[26.93227,47.0343],[26.92896,47.03514],[26.90253,47.02796],[26.90232,47.02822],[26.88893,47.04479],[26.87715,47.04191],[26.87155,47.04612],[26.88403,47.05176],[26.87812,47.05765],[26.83669,47.0441],[26.83138,47.038],[26.81896,47.04343],[26.81644,47.04995],[26.81983,47.05347],[26.81396,47.06447],[26.79539,47.07545],[26.79289,47.07458],[26.76069,47.09689],[26.75079,47.0961],[26.74052,47.09379],[26.72551,47.08579],[26.71229,47.09317],[26.70784,47.09213],[26.69578,47.10086],[26.68548,47.10987],[26.68275,47.11242],[26.64695,47.09536],[26.63633,47.09243],[26.61531,47.10927],[26.61566,47.12628],[26.62158,47.13185],[26.61138,47.13628],[26.61221,47.14326],[26.61272,47.14694],[26.60231,47.15172],[26.60062,47.15473],[26.60798,47.15993],[26.60697,47.16332],[26.60997,47.16757],[26.60376,47.16942],[26.60289,47.1734],[26.61377,47.18077],[26.61493,47.18456],[26.60852,47.19735],[26.60388,47.19878],[26.59206,47.1987],[26.59583,47.20271],[26.58652,47.21109],[26.58483,47.2127],[26.5807,47.21467],[26.57415,47.21852],[26.56246,47.23722],[26.5403,47.25058],[26.53362,47.2524],[26.50779,47.27169],[26.49951,47.28325],[26.48361,47.28834],[26.48033,47.29351],[26.47029,47.29985],[26.46004,47.30773],[26.44474,47.31695],[26.4355,47.32761],[26.40551,47.34031]]]]},"properties":{"code":"RO214","nom":"Neam\u0163","country":"RO"}},{"type":"Feature","geometry":{"type":"MultiPolygon","coordinates":[[[[26.11774,47.97263],[26.09883,47.9788],[26.08973,47.98097],[26.06117,47.98781],[26.0277,47.98295],[26.00639,47.97974],[25.97525,47.97532],[25.96389,47.97313],[25.95197,47.97084],[25.94456,47.97304],[25.94044,47.97583],[25.93092,47.97679],[25.92411,47.97739],[25.91466,47.97737],[25.91317,47.97498],[25.90978,47.96952],[25.90786,47.96489],[25.90067,47.96324],[25.89159,47.96146],[25.88287,47.96262],[25.86123,47.9699],[25.84012,47.96751],[25.82646,47.96374],[25.81864,47.95447],[25.80934,47.95054],[25.79879,47.9466],[25.79504,47.9452],[25.78257,47.94163],[25.77463,47.93937],[25.75399,47.9407],[25.74109,47.94146],[25.73943,47.94156],[25.73291,47.94521],[25.72121,47.94395],[25.71444,47.94121],[25.69823,47.94521],[25.68378,47.94434],[25.66247,47.94844],[25.64322,47.94935],[25.62539,47.94857],[25.59327,47.93881],[25.58087,47.93775],[25.50179,47.93285],[25.45509,47.92776],[25.44355,47.92642],[25.39192,47.92033],[25.34005,47.91421],[25.31945,47.91387],[25.31089,47.91432],[25.27006,47.89283],[25.25703,47.89225],[25.25092,47.89465],[25.24471,47.89377],[25.2387,47.8954],[25.2301,47.89237],[25.2225,47.88192],[25.22446,47.87345],[25.22158,47.85919],[25.20207,47.84976],[25.20196,47.84308],[25.19599,47.83427],[25.18137,47.82638],[25.17669,47.81411],[25.16802,47.80919],[25.17065,47.79764],[25.1671,47.79228],[25.15797,47.78941],[25.14857,47.79127],[25.13441,47.78216],[25.11659,47.76774],[25.11498,47.75512],[25.06525,47.7409],[25.05534,47.74446],[25.05018,47.73968],[25.03908,47.72593],[25.00846,47.73391],[24.99601,47.72548],[24.98327,47.72934],[24.9471,47.72912],[24.94765,47.71877],[24.95304,47.71237],[24.95303,47.70623],[24.96043,47.70511],[24.97674,47.69794],[25.00696,47.67731],[25.01691,47.67408],[25.02243,47.6669],[25.03726,47.66402],[25.04297,47.65995],[25.05177,47.65829],[25.0556,47.64834],[25.05144,47.6411],[25.03291,47.63763],[25.02507,47.63421],[25.01116,47.63317],[24.99424,47.6256],[24.99149,47.62096],[24.98401,47.61978],[24.97613,47.6145],[24.95882,47.61481],[24.96084,47.59685],[24.99049,47.58574],[24.99041,47.58228],[25.00725,47.56928],[25.03567,47.56195],[25.05194,47.55988],[25.0616,47.53651],[25.06788,47.52996],[25.0807,47.52601],[25.09215,47.51928],[25.09463,47.51579],[25.09354,47.51031],[25.0924,47.50335],[25.07443,47.49383],[25.06934,47.48717],[25.06082,47.48196],[25.04596,47.48022],[25.04727,47.47104],[25.05552,47.46676],[25.06718,47.45065],[25.08022,47.45363],[25.08993,47.44849],[25.0773,47.43834],[25.06335,47.43658],[25.06029,47.43307],[25.05334,47.43078],[25.05093,47.42508],[25.05847,47.42015],[25.05789,47.41728],[25.05051,47.4186],[25.03218,47.43312],[25.0263,47.43542],[25.01526,47.43319],[25.0113,47.42806],[24.99913,47.4205],[24.98283,47.42402],[24.98577,47.41862],[24.99135,47.41747],[24.99552,47.41398],[25.00309,47.41298],[25.03274,47.39456],[25.03454,47.38601],[25.0403,47.38083],[25.05138,47.3777],[25.06236,47.37856],[25.06857,47.37013],[25.06375,47.36488],[25.06129,47.35117],[25.06875,47.34412],[25.07643,47.34121],[25.07295,47.33126],[25.07597,47.32603],[25.07725,47.31201],[25.06204,47.30921],[25.05713,47.30435],[25.04754,47.30296],[25.02806,47.28665],[25.0394,47.28183],[25.0528,47.26952],[25.07892,47.25796],[25.07458,47.24648],[25.05902,47.23407],[25.04485,47.21708],[25.05845,47.20044],[25.05659,47.18907],[25.06123,47.18418],[25.06543,47.16975],[25.06478,47.16026],[25.05834,47.15078],[25.06534,47.14321],[25.06338,47.13654],[25.07123,47.13393],[25.07834,47.1271],[25.09449,47.12069],[25.10861,47.11976],[25.12355,47.12263],[25.13014,47.11687],[25.13778,47.11634],[25.14443,47.11331],[25.16395,47.12897],[25.17336,47.13049],[25.1832,47.12693],[25.19935,47.11405],[25.2262,47.10788],[25.23434,47.09816],[25.24671,47.09792],[25.26453,47.10337],[25.27892,47.10411],[25.29441,47.11414],[25.297,47.12065],[25.28777,47.13308],[25.29536,47.14774],[25.29459,47.1551],[25.30549,47.16482],[25.31641,47.16484],[25.3518,47.17474],[25.35852,47.17918],[25.37495,47.17565],[25.38881,47.1806],[25.39192,47.18028],[25.404,47.17929],[25.41527,47.18274],[25.42418,47.18282],[25.42694,47.17907],[25.42724,47.16996],[25.44431,47.15535],[25.47656,47.13502],[25.49457,47.12862],[25.50562,47.11805],[25.51751,47.11833],[25.52851,47.11165],[25.52788,47.10071],[25.53167,47.0956],[25.53219,47.08755],[25.53846,47.08267],[25.55196,47.08144],[25.57399,47.08446],[25.60148,47.07784],[25.61436,47.08455],[25.62444,47.09463],[25.64065,47.09289],[25.65214,47.08721],[25.65545,47.0884],[25.65742,47.09005],[25.65893,47.09089],[25.66158,47.09165],[25.66018,47.09542],[25.66411,47.1014],[25.6649,47.11915],[25.67353,47.12194],[25.67499,47.12882],[25.69697,47.14325],[25.69114,47.15434],[25.69208,47.15852],[25.70083,47.17018],[25.71318,47.17231],[25.72114,47.17593],[25.71644,47.19729],[25.71895,47.2007],[25.72928,47.20454],[25.72987,47.21651],[25.73457,47.21706],[25.74378,47.22567],[25.76685,47.2306],[25.77488,47.23557],[25.78849,47.23914],[25.79879,47.24835],[25.81255,47.26064],[25.8071,47.26709],[25.80455,47.27949],[25.79879,47.28241],[25.78994,47.2869],[25.77696,47.3084],[25.76405,47.31779],[25.77681,47.32088],[25.79422,47.31894],[25.79879,47.317],[25.80123,47.31597],[25.80798,47.31605],[25.82101,47.31122],[25.8346,47.31169],[25.85751,47.2953],[25.86773,47.29455],[25.88148,47.28388],[25.89002,47.26869],[25.90154,47.26208],[25.91002,47.26222],[25.92361,47.25914],[25.93148,47.26937],[25.93359,47.27719],[25.9485,47.28071],[25.96491,47.2815],[25.97857,47.28871],[26.00665,47.28349],[26.02391,47.28916],[26.03998,47.27962],[26.05515,47.27517],[26.06945,47.27806],[26.07178,47.27812],[26.08197,47.28331],[26.08973,47.28583],[26.09547,47.2877],[26.10473,47.28855],[26.11062,47.29271],[26.12492,47.29655],[26.13743,47.28918],[26.17177,47.29662],[26.18591,47.30735],[26.20492,47.2991],[26.21076,47.2938],[26.22657,47.29104],[26.24847,47.27987],[26.26042,47.28372],[26.26852,47.28247],[26.27682,47.2854],[26.28206,47.29054],[26.27828,47.2948],[26.28041,47.29621],[26.35539,47.32145],[26.36102,47.31985],[26.36657,47.32137],[26.37182,47.32617],[26.36939,47.32945],[26.37239,47.33222],[26.38255,47.33015],[26.40551,47.34031],[26.4355,47.32761],[26.44474,47.31695],[26.46004,47.30773],[26.47029,47.29985],[26.48033,47.29351],[26.48361,47.28834],[26.49951,47.28325],[26.50779,47.27169],[26.54692,47.30057],[26.56214,47.2932],[26.56947,47.29741],[26.57337,47.30618],[26.56352,47.31506],[26.5519,47.30966],[26.55108,47.31675],[26.54049,47.31645],[26.52126,47.33931],[26.51321,47.3368],[26.51006,47.3367],[26.50199,47.34951],[26.49619,47.35166],[26.501,47.35726],[26.49976,47.36148],[26.50761,47.36334],[26.50322,47.37023],[26.5061,47.37323],[26.5052,47.37617],[26.49591,47.38369],[26.49423,47.38822],[26.4942,47.3923],[26.50147,47.39432],[26.52744,47.40462],[26.52721,47.39909],[26.53367,47.39004],[26.56977,47.38908],[26.57139,47.37651],[26.59932,47.367],[26.60962,47.35531],[26.62388,47.35491],[26.63709,47.35787],[26.67194,47.35922],[26.68113,47.36179],[26.68325,47.36506],[26.68017,47.36749],[26.67143,47.3648],[26.66417,47.36773],[26.66603,47.37046],[26.67736,47.37311],[26.67732,47.3776],[26.6698,47.38109],[26.6692,47.38453],[26.66207,47.39086],[26.65769,47.3925],[26.6509,47.39106],[26.65049,47.39556],[26.64513,47.3991],[26.68676,47.41384],[26.69069,47.41038],[26.6907,47.4042],[26.69596,47.4008],[26.70374,47.41002],[26.70427,47.41428],[26.70123,47.41948],[26.69122,47.42725],[26.68697,47.43671],[26.6807,47.44067],[26.68031,47.45581],[26.68206,47.46019],[26.6868,47.4621],[26.6945,47.46023],[26.70057,47.47171],[26.62947,47.46874],[26.59949,47.46042],[26.587,47.46404],[26.59064,47.47025],[26.58786,47.47848],[26.58848,47.49024],[26.58179,47.49252],[26.57802,47.49806],[26.57115,47.49892],[26.56051,47.49631],[26.55703,47.50339],[26.55161,47.50493],[26.55121,47.51174],[26.55579,47.5104],[26.60318,47.52042],[26.60397,47.53088],[26.60064,47.53308],[26.58164,47.53545],[26.58099,47.54003],[26.56945,47.5485],[26.56822,47.55442],[26.56303,47.55641],[26.56355,47.56557],[26.55708,47.57767],[26.54305,47.58251],[26.54713,47.5898],[26.54122,47.59818],[26.54803,47.6027],[26.54679,47.60533],[26.55123,47.60909],[26.54694,47.61696],[26.53833,47.61824],[26.53616,47.62068],[26.53756,47.62803],[26.5416,47.63185],[26.53742,47.63455],[26.53766,47.63716],[26.54382,47.64084],[26.54358,47.64366],[26.53551,47.64855],[26.52156,47.64813],[26.50524,47.65515],[26.50282,47.66042],[26.50739,47.6635],[26.4998,47.67298],[26.49679,47.67168],[26.48704,47.68224],[26.46256,47.70839],[26.46009,47.71371],[26.46646,47.71665],[26.45405,47.72763],[26.45157,47.72974],[26.44758,47.73253],[26.43536,47.72901],[26.43862,47.74153],[26.42796,47.74167],[26.4201,47.74702],[26.39979,47.74122],[26.3973,47.73596],[26.39165,47.73979],[26.39399,47.74225],[26.39197,47.74529],[26.40508,47.75384],[26.40338,47.76595],[26.40605,47.7823],[26.40073,47.78326],[26.37767,47.77452],[26.37244,47.77621],[26.36964,47.77486],[26.35924,47.78568],[26.35382,47.78542],[26.35328,47.7902],[26.34712,47.79375],[26.34203,47.79408],[26.33982,47.79856],[26.33309,47.80009],[26.33179,47.80543],[26.32492,47.80835],[26.31892,47.81476],[26.32263,47.81899],[26.31793,47.82026],[26.31693,47.82552],[26.32353,47.82779],[26.32376,47.83092],[26.3116,47.82999],[26.31136,47.83631],[26.3083,47.83649],[26.30603,47.83362],[26.30061,47.8364],[26.30108,47.8392],[26.3053,47.84128],[26.30392,47.8457],[26.30966,47.84771],[26.30971,47.8498],[26.30364,47.85472],[26.2959,47.85559],[26.29232,47.86316],[26.28973,47.86335],[26.28221,47.8571],[26.26985,47.86694],[26.26453,47.86789],[26.27193,47.87206],[26.27209,47.87555],[26.26327,47.88009],[26.2597,47.88481],[26.25093,47.88527],[26.24774,47.89],[26.24252,47.89089],[26.22815,47.89959],[26.22425,47.89513],[26.21617,47.89429],[26.21234,47.88941],[26.20341,47.88988],[26.20391,47.88584],[26.1975,47.88587],[26.19538,47.8913],[26.18416,47.89377],[26.18332,47.89999],[26.19105,47.9083],[26.18336,47.91106],[26.18428,47.91899],[26.17915,47.92093],[26.16862,47.91987],[26.16629,47.92367],[26.16297,47.9278],[26.148,47.92488],[26.14504,47.93066],[26.13957,47.92938],[26.12767,47.93245],[26.1247,47.93552],[26.1254,47.94021],[26.12763,47.94223],[26.12385,47.9459],[26.12996,47.95399],[26.11058,47.9626],[26.12052,47.96979],[26.11774,47.97263]]]]},"properties":{"code":"RO215","nom":"Suceava","country":"RO"}},{"type":"Feature","geometry":{"type":"MultiPolygon","coordinates":[[[[23.55524,48.00761],[23.54213,48.00942],[23.52906,48.01981],[23.52085,47.99505],[23.5055,47.98035],[23.50321,47.97063],[23.4936,47.96781],[23.51078,47.95538],[23.5316,47.95083],[23.54295,47.94146],[23.55198,47.93902],[23.56251,47.94377],[23.57259,47.92718],[23.5811,47.92233],[23.58146,47.91512],[23.5887,47.9003],[23.61133,47.89795],[23.61424,47.89003],[23.62793,47.885],[23.63634,47.87412],[23.63934,47.86517],[23.63252,47.85739],[23.61126,47.84582],[23.60793,47.84662],[23.60717,47.85092],[23.60174,47.85176],[23.59286,47.84776],[23.58354,47.83706],[23.57404,47.83533],[23.5737,47.82381],[23.56192,47.8152],[23.56053,47.80419],[23.53836,47.80209],[23.53311,47.79602],[23.5195,47.79588],[23.50872,47.78881],[23.50092,47.78816],[23.49452,47.7843],[23.47848,47.78164],[23.47204,47.77868],[23.46692,47.77167],[23.46325,47.76663],[23.45044,47.76195],[23.44378,47.76721],[23.43169,47.76955],[23.42463,47.76683],[23.41772,47.76721],[23.40902,47.77496],[23.39378,47.77605],[23.39103,47.77948],[23.37333,47.77942],[23.36369,47.77724],[23.35384,47.77408],[23.35252,47.77671],[23.34775,47.77758],[23.31156,47.77538],[23.30806,47.77863],[23.30723,47.78644],[23.28071,47.797],[23.27556,47.79592],[23.2729,47.79436],[23.27139,47.79643],[23.26184,47.79732],[23.25988,47.79008],[23.24846,47.7867],[23.22601,47.76718],[23.23036,47.76558],[23.2356,47.7544],[23.23097,47.74006],[23.23707,47.73359],[23.24102,47.73145],[23.244,47.7233],[23.25479,47.72725],[23.27403,47.72215],[23.2917,47.7271],[23.29525,47.72436],[23.29493,47.71896],[23.30338,47.71351],[23.32035,47.71059],[23.32756,47.70884],[23.33625,47.71398],[23.3407,47.71432],[23.34325,47.7073],[23.35246,47.70517],[23.3624,47.69958],[23.36369,47.68633],[23.37816,47.68972],[23.38408,47.68845],[23.38654,47.68445],[23.37813,47.6795],[23.37263,47.6753],[23.37352,47.6717],[23.36369,47.66569],[23.35864,47.67292],[23.35496,47.67266],[23.35202,47.66314],[23.34358,47.66067],[23.33496,47.65231],[23.33574,47.64696],[23.33995,47.64382],[23.33018,47.63943],[23.31354,47.63727],[23.30341,47.62764],[23.28856,47.62978],[23.28481,47.62493],[23.28426,47.61474],[23.27963,47.61273],[23.28799,47.60126],[23.28888,47.59],[23.28637,47.58228],[23.2814,47.57687],[23.26672,47.58045],[23.26036,47.58009],[23.25778,47.57176],[23.26009,47.56361],[23.25794,47.55141],[23.24844,47.54977],[23.23303,47.55135],[23.21271,47.56389],[23.21079,47.57039],[23.18771,47.58228],[23.18967,47.58595],[23.18312,47.5911],[23.16841,47.5933],[23.16088,47.5996],[23.14259,47.62426],[23.12235,47.61429],[23.11252,47.60199],[23.08772,47.58228],[23.07931,47.57937],[23.06555,47.57101],[23.05269,47.55399],[23.05296,47.54423],[23.04962,47.53854],[23.05135,47.52876],[23.04261,47.50803],[23.04606,47.48974],[23.0442,47.48718],[23.03065,47.48601],[23.01702,47.48833],[23.01107,47.49247],[23.00033,47.49101],[22.99472,47.49279],[22.98644,47.48404],[22.97468,47.48683],[22.96325,47.48645],[22.96215,47.47751],[22.96486,47.47526],[22.97163,47.47509],[22.97374,47.47114],[22.97137,47.46809],[22.98311,47.46859],[22.9823,47.46066],[22.97516,47.46039],[22.96539,47.45474],[22.96521,47.43944],[22.97698,47.43544],[22.99217,47.43366],[22.9978,47.43078],[23.0071,47.43299],[23.01093,47.43113],[23.01959,47.43117],[23.03065,47.41686],[23.03916,47.41423],[23.03752,47.41924],[23.04389,47.43185],[23.05305,47.43763],[23.05738,47.4372],[23.06184,47.44097],[23.06647,47.44057],[23.07902,47.4445],[23.09675,47.43927],[23.10611,47.44236],[23.12429,47.44464],[23.13861,47.4441],[23.15515,47.44145],[23.15765,47.43831],[23.16293,47.4455],[23.17508,47.45387],[23.18321,47.45858],[23.18788,47.45246],[23.19246,47.45278],[23.20418,47.44839],[23.20592,47.44201],[23.22059,47.43313],[23.2243,47.43938],[23.23587,47.43529],[23.24759,47.43629],[23.25889,47.42869],[23.26884,47.42579],[23.28596,47.4264],[23.28876,47.42308],[23.29364,47.42238],[23.30784,47.42185],[23.31255,47.42331],[23.31648,47.4195],[23.32365,47.41486],[23.33582,47.41237],[23.34078,47.41374],[23.35048,47.41354],[23.35493,47.41569],[23.35864,47.41533],[23.36259,47.40073],[23.37769,47.3881],[23.38663,47.38792],[23.39587,47.39149],[23.40178,47.38859],[23.40795,47.38983],[23.4155,47.38541],[23.42202,47.38747],[23.44057,47.3805],[23.46692,47.37713],[23.4814,47.37685],[23.49306,47.36679],[23.50418,47.363],[23.51204,47.36253],[23.51757,47.36833],[23.52176,47.3692],[23.53335,47.3676],[23.54046,47.36933],[23.55731,47.36662],[23.5596,47.36347],[23.57707,47.36206],[23.5864,47.37257],[23.59519,47.3748],[23.60322,47.3736],[23.60978,47.37666],[23.61317,47.38353],[23.61215,47.38774],[23.61766,47.3916],[23.62258,47.39137],[23.62979,47.39473],[23.64673,47.39161],[23.66039,47.38047],[23.66671,47.38049],[23.66514,47.37553],[23.66746,47.36659],[23.68123,47.35501],[23.68825,47.35242],[23.69605,47.35417],[23.71244,47.35212],[23.70083,47.34759],[23.70465,47.34553],[23.70205,47.34072],[23.70918,47.33265],[23.71711,47.33168],[23.72793,47.32138],[23.73684,47.32261],[23.74433,47.32114],[23.75103,47.32599],[23.76066,47.32674],[23.76063,47.33486],[23.76364,47.33663],[23.78669,47.33628],[23.81311,47.34335],[23.82034,47.34238],[23.8244,47.34403],[23.83051,47.33892],[23.84138,47.34001],[23.83313,47.34746],[23.83956,47.35403],[23.84691,47.37244],[23.85321,47.36902],[23.86247,47.36959],[23.87012,47.37713],[23.87414,47.37127],[23.8863,47.36556],[23.89623,47.3561],[23.91626,47.35589],[23.92298,47.35329],[23.92582,47.35421],[23.94147,47.35927],[23.95617,47.36006],[23.97093,47.36523],[23.99245,47.36222],[23.99999,47.36596],[24.02271,47.36195],[24.03199,47.36262],[24.03879,47.37409],[24.05976,47.37824],[24.07046,47.39021],[24.07562,47.40235],[24.07336,47.41007],[24.0841,47.41194],[24.09407,47.42175],[24.10271,47.42205],[24.10895,47.42639],[24.11099,47.43324],[24.1224,47.43877],[24.11894,47.44765],[24.12453,47.45835],[24.12026,47.46107],[24.12943,47.46682],[24.12477,47.47334],[24.12568,47.47818],[24.11845,47.47966],[24.12509,47.49702],[24.13123,47.49364],[24.13334,47.48964],[24.14027,47.48795],[24.1456,47.49357],[24.15281,47.49538],[24.15326,47.50201],[24.16541,47.50529],[24.18111,47.50681],[24.19,47.50377],[24.19817,47.50563],[24.20516,47.49883],[24.21571,47.50333],[24.23716,47.49892],[24.2428,47.50206],[24.24583,47.51124],[24.25199,47.518],[24.25853,47.52039],[24.26695,47.51776],[24.27617,47.52729],[24.281,47.54538],[24.28689,47.5466],[24.29269,47.55476],[24.30125,47.55824],[24.30373,47.56596],[24.30125,47.57377],[24.30322,47.57819],[24.30735,47.57839],[24.32112,47.5726],[24.3255,47.5675],[24.3427,47.56536],[24.35007,47.57103],[24.36075,47.57492],[24.36518,47.58228],[24.38652,47.60835],[24.39133,47.60486],[24.40598,47.60181],[24.41397,47.59723],[24.42399,47.59661],[24.43827,47.59103],[24.44748,47.59162],[24.45613,47.59476],[24.47412,47.58783],[24.48932,47.58668],[24.50172,47.58228],[24.50544,47.58133],[24.50947,47.58228],[24.51536,47.58228],[24.52302,47.57735],[24.55354,47.573],[24.55812,47.56789],[24.56109,47.56384],[24.57168,47.56228],[24.58249,47.57036],[24.60747,47.56925],[24.6234,47.5745],[24.6324,47.57518],[24.65135,47.56761],[24.6528,47.55849],[24.65958,47.55397],[24.66523,47.55716],[24.69227,47.55935],[24.71394,47.5715],[24.72573,47.57524],[24.73226,47.57216],[24.73629,47.57238],[24.77119,47.57246],[24.78795,47.57651],[24.80724,47.56665],[24.81492,47.57434],[24.81816,47.58228],[24.82198,47.59306],[24.82822,47.59632],[24.84714,47.59623],[24.85963,47.5918],[24.8649,47.5941],[24.87346,47.59452],[24.88127,47.59816],[24.9012,47.60272],[24.91692,47.59857],[24.95384,47.59585],[24.96084,47.59685],[24.95882,47.61481],[24.97613,47.6145],[24.98401,47.61978],[24.99149,47.62096],[24.99424,47.6256],[25.01116,47.63317],[25.02507,47.63421],[25.03291,47.63763],[25.05144,47.6411],[25.0556,47.64834],[25.05177,47.65829],[25.04297,47.65995],[25.03726,47.66402],[25.02243,47.6669],[25.01691,47.67408],[25.00696,47.67731],[24.97674,47.69794],[24.96043,47.70511],[24.95303,47.70623],[24.95304,47.71237],[24.94765,47.71877],[24.9471,47.72912],[24.92166,47.72672],[24.90447,47.72504],[24.90119,47.72472],[24.88314,47.72435],[24.88587,47.7333],[24.88183,47.73822],[24.87726,47.75292],[24.85637,47.76535],[24.85059,47.77464],[24.8365,47.7805],[24.83598,47.79419],[24.82216,47.80633],[24.82719,47.82],[24.79636,47.82464],[24.78468,47.82404],[24.77751,47.83685],[24.76621,47.83886],[24.75891,47.83698],[24.75243,47.83053],[24.74136,47.83702],[24.73629,47.84278],[24.71929,47.83963],[24.70665,47.84044],[24.70228,47.85233],[24.6861,47.85521],[24.68117,47.86026],[24.67089,47.86528],[24.66628,47.87674],[24.67318,47.89616],[24.66127,47.90812],[24.65354,47.91087],[24.65121,47.91878],[24.63581,47.92481],[24.63599,47.92959],[24.63061,47.93473],[24.63171,47.93944],[24.62731,47.94864],[24.62275,47.9514],[24.61135,47.95139],[24.60197,47.94605],[24.59857,47.94631],[24.59584,47.9539],[24.58499,47.96053],[24.58227,47.96494],[24.56286,47.96858],[24.55309,47.95942],[24.53823,47.96162],[24.52697,47.96104],[24.51125,47.9521],[24.48772,47.95585],[24.47349,47.96235],[24.45037,47.96319],[24.43414,47.96971],[24.41759,47.96022],[24.4092,47.95959],[24.39349,47.95344],[24.3821,47.93768],[24.38029,47.92646],[24.34462,47.91473],[24.3336,47.91874],[24.32396,47.92514],[24.31535,47.92253],[24.29776,47.91192],[24.27979,47.90646],[24.25655,47.90668],[24.23942,47.89935],[24.22741,47.89692],[24.21928,47.89797],[24.21551,47.90408],[24.19629,47.91566],[24.18168,47.91534],[24.16574,47.91959],[24.16115,47.91558],[24.15093,47.91669],[24.14109,47.9124],[24.12983,47.91568],[24.11807,47.91496],[24.1097,47.91657],[24.0994,47.93043],[24.09783,47.93619],[24.07164,47.94701],[24.06409,47.95253],[24.05022,47.95328],[24.03244,47.94977],[24.02171,47.95989],[24.00891,47.96683],[23.99804,47.96254],[23.99041,47.96266],[23.98308,47.95982],[23.98004,47.9607],[23.97922,47.96554],[23.97605,47.96742],[23.96676,47.96304],[23.95406,47.9643],[23.9493,47.96163],[23.94505,47.95233],[23.93919,47.948],[23.93004,47.94836],[23.92582,47.9471],[23.92053,47.94551],[23.91109,47.94673],[23.8958,47.94369],[23.88149,47.94315],[23.86937,47.93356],[23.86435,47.93214],[23.84459,47.94173],[23.84343,47.9484],[23.83342,47.95972],[23.83335,47.96727],[23.81912,47.97479],[23.82041,47.97932],[23.81627,47.98235],[23.80008,47.98632],[23.79149,47.98646],[23.77079,47.99467],[23.7609,47.99311],[23.75171,47.99626],[23.73088,47.99372],[23.72064,47.99494],[23.71706,47.9887],[23.70807,47.99385],[23.66833,47.98421],[23.66111,47.98647],[23.64639,47.99157],[23.64174,47.99952],[23.63454,48.00279],[23.62203,48.00318],[23.61129,48.00764],[23.60227,48.00654],[23.59384,48.00792],[23.58582,48.00408],[23.5781,48.00499],[23.56709,48.00326],[23.55524,48.00761]]],[[[24.00192,47.35959],[23.99708,47.36186],[23.99451,47.35927],[23.99976,47.35829],[24.00192,47.35959]]]]},"properties":{"code":"RO114","nom":"Maramure\u015f","country":"RO"}},{"type":"Feature","geometry":{"type":"MultiPolygon","coordinates":[[[[23.19102,48.09775],[23.18637,48.10285],[23.18741,48.10997],[23.1843,48.11145],[23.17934,48.11785],[23.17379,48.11953],[23.16808,48.11908],[23.16362,48.1154],[23.15149,48.11145],[23.14647,48.10057],[23.1392,48.09559],[23.13083,48.09541],[23.11541,48.08654],[23.12271,48.08168],[23.12099,48.07608],[23.11762,48.07558],[23.10719,48.06573],[23.11144,48.06138],[23.11156,48.05388],[23.09899,48.04369],[23.10845,48.03812],[23.10896,48.03566],[23.09867,48.02438],[23.09045,48.01956],[23.09096,48.01689],[23.09668,48.01547],[23.08969,48.00545],[23.08356,48.0051],[23.07509,48.00834],[23.0669,48.0078],[23.05588,48.00332],[23.03248,48.0003],[23.02358,47.99217],[23.01459,47.99106],[23.00739,47.99511],[22.99671,47.99599],[22.99423,48.00236],[22.97817,48.00683],[22.97604,48.00995],[22.96413,48.01122],[22.9603,48.00821],[22.94244,48.01672],[22.92627,48.01825],[22.92236,48.01444],[22.92094,48.00599],[22.92451,48.00158],[22.93658,47.99719],[22.94328,47.97195],[22.94681,47.96732],[22.92917,47.95933],[22.92361,47.96007],[22.91835,47.95771],[22.90891,47.95984],[22.89627,47.95412],[22.88721,47.95111],[22.88475,47.94524],[22.87389,47.93746],[22.86587,47.92499],[22.85778,47.91789],[22.84747,47.90884],[22.83245,47.90932],[22.79476,47.89247],[22.7676,47.89412],[22.76039,47.89483],[22.75747,47.89118],[22.75922,47.88577],[22.7678,47.87823],[22.76277,47.86668],[22.77254,47.86244],[22.7771,47.85201],[22.77623,47.84383],[22.76597,47.8415],[22.75468,47.83483],[22.7378,47.83533],[22.72725,47.83797],[22.71429,47.83623],[22.71005,47.82931],[22.70986,47.82848],[22.70971,47.82787],[22.70879,47.82438],[22.70144,47.82001],[22.70043,47.81412],[22.6825,47.79033],[22.67964,47.78811],[22.67384,47.78802],[22.66815,47.78742],[22.66164,47.78264],[22.65144,47.7802],[22.63637,47.78033],[22.62732,47.77677],[22.61702,47.77723],[22.6097,47.7721],[22.56947,47.77254],[22.56308,47.77261],[22.55817,47.7727],[22.54954,47.77266],[22.54834,47.77383],[22.53994,47.78201],[22.4885,47.80589],[22.48143,47.81091],[22.46687,47.80539],[22.44889,47.80297],[22.44563,47.79934],[22.441,47.79185],[22.43235,47.76229],[22.42646,47.7523],[22.43013,47.74097],[22.41306,47.74242],[22.40853,47.74655],[22.39568,47.74756],[22.38588,47.74562],[22.35407,47.75018],[22.34778,47.7523],[22.3397,47.75895],[22.32873,47.76552],[22.31726,47.76592],[22.32048,47.75375],[22.31737,47.74404],[22.31205,47.74226],[22.28565,47.72985],[22.26709,47.73095],[22.26455,47.73115],[22.25995,47.71873],[22.26219,47.71411],[22.25879,47.69817],[22.25251,47.69525],[22.23321,47.69366],[22.22866,47.69085],[22.22356,47.68367],[22.22122,47.66142],[22.2119,47.65459],[22.20345,47.65394],[22.1991,47.63625],[22.1938,47.62791],[22.18941,47.61133],[22.18304,47.60581],[22.18084,47.60009],[22.2021,47.59841],[22.20762,47.59559],[22.21392,47.58627],[22.22455,47.58579],[22.22985,47.58228],[22.23642,47.56604],[22.24377,47.56698],[22.24971,47.56433],[22.25677,47.56622],[22.26005,47.56453],[22.25785,47.5603],[22.26092,47.55469],[22.25667,47.54006],[22.2832,47.53549],[22.28919,47.54067],[22.29462,47.51995],[22.28714,47.51564],[22.29126,47.50975],[22.28903,47.50628],[22.32623,47.49906],[22.34107,47.49044],[22.34082,47.46651],[22.34431,47.45768],[22.34181,47.45452],[22.35244,47.43357],[22.36299,47.4279],[22.38,47.42738],[22.38978,47.42952],[22.40587,47.43333],[22.40933,47.43121],[22.42095,47.43214],[22.43132,47.42227],[22.44065,47.42762],[22.45856,47.43121],[22.4643,47.4273],[22.47313,47.42194],[22.49316,47.42463],[22.50143,47.42308],[22.50476,47.41804],[22.5138,47.42148],[22.52939,47.4186],[22.53259,47.40771],[22.53138,47.39966],[22.55033,47.40093],[22.56628,47.39091],[22.56789,47.38401],[22.56058,47.37953],[22.56947,47.37174],[22.5766,47.36548],[22.57543,47.36273],[22.57085,47.36166],[22.57005,47.35712],[22.57474,47.35876],[22.58382,47.3581],[22.5982,47.34688],[22.60941,47.34223],[22.61268,47.33474],[22.62439,47.33475],[22.62909,47.34046],[22.63325,47.34038],[22.62974,47.34974],[22.64179,47.36097],[22.64146,47.36705],[22.64552,47.37358],[22.65666,47.37479],[22.66878,47.37974],[22.67593,47.37799],[22.69184,47.38551],[22.70087,47.38632],[22.72254,47.39296],[22.73516,47.4005],[22.73339,47.40491],[22.74615,47.40737],[22.74997,47.40628],[22.75728,47.40963],[22.76167,47.416],[22.77747,47.41885],[22.80039,47.41177],[22.81135,47.40077],[22.82645,47.41275],[22.83299,47.41809],[22.84776,47.42215],[22.84915,47.41961],[22.85778,47.41736],[22.86188,47.4143],[22.86938,47.41734],[22.91521,47.41284],[22.91932,47.4086],[22.91968,47.40282],[22.92351,47.40019],[22.92263,47.3954],[22.93218,47.39156],[22.93243,47.38116],[22.93684,47.38049],[22.93701,47.37528],[22.956,47.36066],[22.97667,47.35204],[22.98986,47.36086],[22.99759,47.36224],[23.00284,47.36893],[23.01705,47.36351],[23.0209,47.35747],[23.03714,47.35896],[23.04192,47.35608],[23.04698,47.35625],[23.05419,47.3505],[23.06,47.35289],[23.06295,47.35996],[23.07331,47.36055],[23.07867,47.36564],[23.08916,47.3651],[23.10292,47.37399],[23.09722,47.37671],[23.09104,47.38498],[23.09741,47.39102],[23.10961,47.39593],[23.11797,47.396],[23.11911,47.39797],[23.11935,47.40821],[23.11346,47.41153],[23.11731,47.4167],[23.11596,47.43056],[23.11172,47.43873],[23.10611,47.44236],[23.09675,47.43927],[23.07902,47.4445],[23.06647,47.44057],[23.06184,47.44097],[23.05738,47.4372],[23.05305,47.43763],[23.04389,47.43185],[23.03752,47.41924],[23.03916,47.41423],[23.03065,47.41686],[23.01959,47.43117],[23.01093,47.43113],[23.0071,47.43299],[22.9978,47.43078],[22.99217,47.43366],[22.97698,47.43544],[22.96521,47.43944],[22.96539,47.45474],[22.97516,47.46039],[22.9823,47.46066],[22.98311,47.46859],[22.97137,47.46809],[22.97374,47.47114],[22.97163,47.47509],[22.96486,47.47526],[22.96215,47.47751],[22.96325,47.48645],[22.97468,47.48683],[22.98644,47.48404],[22.99472,47.49279],[23.00033,47.49101],[23.01107,47.49247],[23.01702,47.48833],[23.03065,47.48601],[23.0442,47.48718],[23.04606,47.48974],[23.04261,47.50803],[23.05135,47.52876],[23.04962,47.53854],[23.05296,47.54423],[23.05269,47.55399],[23.06555,47.57101],[23.07931,47.57937],[23.08772,47.58228],[23.11252,47.60199],[23.12235,47.61429],[23.14259,47.62426],[23.16088,47.5996],[23.16841,47.5933],[23.18312,47.5911],[23.18967,47.58595],[23.18771,47.58228],[23.21079,47.57039],[23.21271,47.56389],[23.23303,47.55135],[23.24844,47.54977],[23.25794,47.55141],[23.26009,47.56361],[23.25778,47.57176],[23.26036,47.58009],[23.26672,47.58045],[23.2814,47.57687],[23.28637,47.58228],[23.28888,47.59],[23.28799,47.60126],[23.27963,47.61273],[23.28426,47.61474],[23.28481,47.62493],[23.28856,47.62978],[23.30341,47.62764],[23.31354,47.63727],[23.33018,47.63943],[23.33995,47.64382],[23.33574,47.64696],[23.33496,47.65231],[23.34358,47.66067],[23.35202,47.66314],[23.35496,47.67266],[23.35864,47.67292],[23.36369,47.66569],[23.37352,47.6717],[23.37263,47.6753],[23.37813,47.6795],[23.38654,47.68445],[23.38408,47.68845],[23.37816,47.68972],[23.36369,47.68633],[23.3624,47.69958],[23.35246,47.70517],[23.34325,47.7073],[23.3407,47.71432],[23.33625,47.71398],[23.32756,47.70884],[23.32035,47.71059],[23.30338,47.71351],[23.29493,47.71896],[23.29525,47.72436],[23.2917,47.7271],[23.27403,47.72215],[23.25479,47.72725],[23.244,47.7233],[23.24102,47.73145],[23.23707,47.73359],[23.23097,47.74006],[23.2356,47.7544],[23.23036,47.76558],[23.22601,47.76718],[23.24846,47.7867],[23.25988,47.79008],[23.26184,47.79732],[23.27139,47.79643],[23.2729,47.79436],[23.27556,47.79592],[23.28071,47.797],[23.30723,47.78644],[23.30806,47.77863],[23.31156,47.77538],[23.34775,47.77758],[23.35252,47.77671],[23.35384,47.77408],[23.36369,47.77724],[23.37333,47.77942],[23.39103,47.77948],[23.39378,47.77605],[23.40902,47.77496],[23.41772,47.76721],[23.42463,47.76683],[23.43169,47.76955],[23.44378,47.76721],[23.45044,47.76195],[23.46325,47.76663],[23.46692,47.77167],[23.47204,47.77868],[23.47848,47.78164],[23.49452,47.7843],[23.50092,47.78816],[23.50872,47.78881],[23.5195,47.79588],[23.53311,47.79602],[23.53836,47.80209],[23.56053,47.80419],[23.56192,47.8152],[23.5737,47.82381],[23.57404,47.83533],[23.58354,47.83706],[23.59286,47.84776],[23.60174,47.85176],[23.60717,47.85092],[23.60793,47.84662],[23.61126,47.84582],[23.63252,47.85739],[23.63934,47.86517],[23.63634,47.87412],[23.62793,47.885],[23.61424,47.89003],[23.61133,47.89795],[23.5887,47.9003],[23.58146,47.91512],[23.5811,47.92233],[23.57259,47.92718],[23.56251,47.94377],[23.55198,47.93902],[23.54295,47.94146],[23.5316,47.95083],[23.51078,47.95538],[23.4936,47.96781],[23.4745,47.97404],[23.46692,47.97401],[23.46208,47.97399],[23.45105,47.97665],[23.44576,47.98098],[23.43755,47.98322],[23.43346,47.98971],[23.41666,47.98731],[23.404,47.99284],[23.40061,48.00039],[23.38723,48.00402],[23.37854,48.00314],[23.37342,48.00911],[23.35084,48.0194],[23.33963,48.01879],[23.3321,48.02164],[23.3298,48.02749],[23.33587,48.03623],[23.32537,48.03698],[23.31428,48.04385],[23.30295,48.04286],[23.28796,48.04677],[23.2768,48.05763],[23.28531,48.06936],[23.29147,48.07296],[23.28048,48.08169],[23.27005,48.08557],[23.26782,48.10011],[23.25264,48.10051],[23.24602,48.09262],[23.24079,48.09379],[23.23413,48.09243],[23.19102,48.09775]]]]},"properties":{"code":"RO115","nom":"Satu Mare","country":"RO"}},{"type":"Feature","geometry":{"type":"MultiPolygon","coordinates":[[[[26.39209,45.80239],[26.38594,45.79396],[26.38365,45.78292],[26.38897,45.76565],[26.38099,45.74996],[26.38392,45.73627],[26.37086,45.73335],[26.36815,45.72913],[26.36376,45.72275],[26.35369,45.72155],[26.35731,45.71304],[26.34912,45.70316],[26.34582,45.70238],[26.3328,45.68476],[26.33283,45.66917],[26.32453,45.64921],[26.32927,45.63765],[26.32662,45.62602],[26.31819,45.62081],[26.31031,45.604],[26.30515,45.60649],[26.29982,45.60444],[26.29488,45.59812],[26.28584,45.59401],[26.28166,45.58578],[26.27427,45.59191],[26.25172,45.60233],[26.24982,45.61124],[26.25451,45.61771],[26.24823,45.6211],[26.24529,45.62611],[26.23544,45.62254],[26.21926,45.62206],[26.21237,45.6214],[26.2066,45.61526],[26.18555,45.60737],[26.18467,45.59693],[26.17777,45.59324],[26.17536,45.57811],[26.17901,45.57231],[26.17181,45.5635],[26.16249,45.57058],[26.16083,45.5761],[26.15588,45.57748],[26.15473,45.58444],[26.14594,45.58327],[26.13775,45.56795],[26.12731,45.56071],[26.12094,45.54883],[26.09973,45.53023],[26.09333,45.51631],[26.08973,45.516],[26.08353,45.51547],[26.07272,45.50579],[26.08637,45.49476],[26.08973,45.48853],[26.09137,45.4855],[26.10599,45.47733],[26.12243,45.47536],[26.14844,45.45697],[26.14889,45.42826],[26.14318,45.4173],[26.14342,45.41153],[26.15362,45.40463],[26.1636,45.40177],[26.16544,45.39722],[26.1591,45.39057],[26.15421,45.37725],[26.16066,45.36799],[26.16068,45.36326],[26.17227,45.36266],[26.17835,45.35814],[26.18742,45.35636],[26.19095,45.3479],[26.21132,45.32754],[26.22278,45.32582],[26.22835,45.32106],[26.23311,45.31489],[26.23145,45.30752],[26.22021,45.30447],[26.19729,45.28564],[26.19318,45.28442],[26.18658,45.27908],[26.18711,45.27714],[26.20358,45.27428],[26.21938,45.27673],[26.22961,45.26099],[26.23102,45.25273],[26.22632,45.247],[26.23046,45.24111],[26.24181,45.23665],[26.23455,45.23322],[26.24343,45.22408],[26.24982,45.21173],[26.2499,45.19938],[26.25566,45.20193],[26.25666,45.20813],[26.262,45.20899],[26.26863,45.20653],[26.28651,45.20703],[26.30284,45.20207],[26.30941,45.20981],[26.31562,45.20958],[26.32578,45.21635],[26.33134,45.21729],[26.34925,45.21269],[26.3561,45.21338],[26.34607,45.19758],[26.34822,45.19274],[26.34638,45.18782],[26.35092,45.18573],[26.35318,45.18045],[26.3527,45.16438],[26.3611,45.16406],[26.37554,45.15892],[26.39645,45.1778],[26.42061,45.17512],[26.4439,45.18956],[26.46035,45.19809],[26.46085,45.16673],[26.4696,45.14126],[26.45732,45.13616],[26.45582,45.1293],[26.44946,45.1261],[26.44953,45.11674],[26.4528,45.1128],[26.45444,45.10192],[26.45275,45.09789],[26.455,45.09224],[26.45237,45.08795],[26.45514,45.08234],[26.44434,45.07927],[26.44323,45.07564],[26.46344,45.0689],[26.47747,45.04663],[26.47735,45.0393],[26.47699,45.03408],[26.48171,45.02759],[26.48724,45.02005],[26.48437,45.01884],[26.48568,45.01675],[26.48862,45.01123],[26.49198,45.00536],[26.49622,45.00672],[26.50191,44.9995],[26.51263,45.00405],[26.51132,45.01292],[26.52901,45.01426],[26.53599,45.00246],[26.54643,44.99776],[26.55494,44.99877],[26.55917,44.99563],[26.57664,44.97204],[26.57975,44.96178],[26.59277,44.96402],[26.59991,44.95584],[26.58898,44.95387],[26.57941,44.9524],[26.57942,44.95079],[26.55304,44.94481],[26.53155,44.93916],[26.53052,44.93753],[26.53625,44.9164],[26.53625,44.9101],[26.5471,44.91497],[26.55453,44.91427],[26.58399,44.8836],[26.59346,44.88517],[26.60835,44.87216],[26.60186,44.86777],[26.6089,44.85972],[26.60555,44.85699],[26.61647,44.84307],[26.61744,44.84184],[26.61895,44.83328],[26.63093,44.81359],[26.64505,44.82213],[26.67093,44.81115],[26.67867,44.80878],[26.71232,44.81894],[26.72043,44.80949],[26.77591,44.81478],[26.80957,44.79606],[26.81736,44.80338],[26.83072,44.79859],[26.84643,44.81423],[26.86601,44.8069],[26.87836,44.82025],[26.89405,44.81329],[26.89517,44.81089],[26.90232,44.80778],[26.90833,44.80516],[26.91388,44.80649],[26.97325,44.78829],[26.97618,44.79263],[26.99053,44.8086],[26.99544,44.81379],[27.00795,44.82447],[27.04487,44.80397],[27.05864,44.79628],[27.10995,44.78184],[27.10663,44.76467],[27.09789,44.74485],[27.13406,44.73553],[27.13731,44.74167],[27.15742,44.73642],[27.15918,44.74024],[27.1792,44.73528],[27.18654,44.75098],[27.16778,44.75698],[27.16673,44.76283],[27.1491,44.7681],[27.15488,44.78665],[27.15806,44.78848],[27.20346,44.78707],[27.20681,44.79667],[27.19788,44.80418],[27.19032,44.80679],[27.19002,44.8091],[27.19265,44.81125],[27.21175,44.80809],[27.22494,44.84307],[27.23067,44.85824],[27.21402,44.86383],[27.21531,44.87052],[27.21115,44.87384],[27.23524,44.8701],[27.26603,44.94714],[27.28011,44.99764],[27.27435,44.99439],[27.25013,44.99535],[27.25288,45.01971],[27.24634,45.02053],[27.24561,45.02708],[27.19791,45.02899],[27.20016,45.05492],[27.20516,45.0688],[27.20259,45.07171],[27.20503,45.09134],[27.19037,45.092],[27.18553,45.08759],[27.17986,45.08928],[27.17534,45.09704],[27.17551,45.10447],[27.18736,45.10901],[27.17936,45.11295],[27.16699,45.10981],[27.15225,45.1551],[27.14956,45.17121],[27.11324,45.15662],[27.10982,45.15197],[27.11389,45.13855],[27.11114,45.13606],[27.09747,45.1312],[27.08417,45.14288],[27.06649,45.15874],[27.08406,45.17936],[27.11445,45.20228],[27.11986,45.21199],[27.11825,45.21488],[27.1216,45.21682],[27.12729,45.21635],[27.17506,45.24933],[27.2109,45.22404],[27.23822,45.21063],[27.24372,45.21931],[27.25969,45.21206],[27.2687,45.20756],[27.28317,45.20082],[27.29402,45.21337],[27.31411,45.21106],[27.32181,45.21583],[27.33484,45.21124],[27.34524,45.21194],[27.34624,45.21331],[27.34057,45.2164],[27.34838,45.22459],[27.34508,45.22635],[27.35028,45.2316],[27.32884,45.23899],[27.33877,45.25266],[27.32035,45.26151],[27.32721,45.27551],[27.31426,45.28719],[27.31306,45.29131],[27.32579,45.29146],[27.34921,45.2783],[27.36368,45.27343],[27.3705,45.27407],[27.37319,45.27646],[27.37282,45.28146],[27.38389,45.28354],[27.38966,45.28761],[27.38699,45.2924],[27.38876,45.31289],[27.37975,45.32976],[27.39189,45.33171],[27.39334,45.3375],[27.40882,45.34038],[27.40739,45.35264],[27.39903,45.36089],[27.41851,45.3661],[27.42447,45.36851],[27.44171,45.37573],[27.43473,45.3947],[27.41851,45.38699],[27.40201,45.37776],[27.39393,45.3826],[27.37429,45.37393],[27.35552,45.3713],[27.33659,45.37133],[27.33819,45.38339],[27.27222,45.39005],[27.26884,45.39722],[27.26516,45.42092],[27.27398,45.42745],[27.27922,45.4277],[27.27782,45.43173],[27.2809,45.43506],[27.27969,45.45257],[27.27634,45.45394],[27.25736,45.44922],[27.24609,45.43984],[27.2455,45.43494],[27.24139,45.43095],[27.23728,45.43216],[27.22523,45.42784],[27.20426,45.45283],[27.19991,45.45125],[27.19376,45.4522],[27.18337,45.43819],[27.17487,45.43191],[27.17381,45.42752],[27.16665,45.424],[27.14887,45.41656],[27.14194,45.41028],[27.11594,45.40923],[27.11925,45.42035],[27.10511,45.42622],[27.11171,45.43426],[27.10793,45.4387],[27.1208,45.44724],[27.13042,45.44759],[27.13523,45.4506],[27.14191,45.45118],[27.15722,45.46497],[27.14121,45.47212],[27.13511,45.46601],[27.11095,45.47421],[27.10851,45.46957],[27.10365,45.47058],[27.10045,45.45958],[27.08991,45.44589],[27.07045,45.44831],[27.0455,45.45296],[27.01909,45.47725],[27.00337,45.4846],[26.98472,45.51652],[26.97603,45.53165],[26.98582,45.53773],[26.97591,45.53396],[26.9647,45.53314],[26.94827,45.52186],[26.94124,45.52606],[26.93908,45.53163],[26.93081,45.53168],[26.92516,45.53479],[26.90688,45.53349],[26.90333,45.53865],[26.90232,45.53451],[26.89982,45.52428],[26.89404,45.52262],[26.88862,45.51679],[26.85899,45.52471],[26.85107,45.52457],[26.83389,45.51783],[26.81754,45.52976],[26.80462,45.54786],[26.79196,45.55111],[26.78288,45.54835],[26.76589,45.551],[26.7607,45.54887],[26.74754,45.54918],[26.74052,45.55548],[26.73921,45.55683],[26.74052,45.55861],[26.74513,45.56064],[26.74654,45.56244],[26.74052,45.56858],[26.73426,45.57125],[26.71995,45.57195],[26.70235,45.58724],[26.69874,45.5935],[26.68446,45.60253],[26.67966,45.60889],[26.66427,45.61121],[26.64805,45.60945],[26.63603,45.61539],[26.61525,45.62804],[26.59348,45.62037],[26.57886,45.63278],[26.57358,45.63359],[26.56189,45.62827],[26.55369,45.63028],[26.54602,45.63364],[26.54101,45.64136],[26.52976,45.64159],[26.51852,45.65121],[26.50806,45.66688],[26.49203,45.6782],[26.48732,45.68765],[26.48786,45.69498],[26.4822,45.70076],[26.46706,45.70543],[26.46572,45.71981],[26.45747,45.72618],[26.44428,45.73073],[26.43857,45.73757],[26.43667,45.74006],[26.44354,45.75569],[26.44121,45.77548],[26.42805,45.78733],[26.41826,45.79085],[26.41013,45.79065],[26.39209,45.80239]]]]},"properties":{"code":"RO222","nom":"Buz\u0103u","country":"RO"}},{"type":"Feature","geometry":{"type":"MultiPolygon","coordinates":[[[[28.09268,44.79884],[28.07411,44.80389],[28.06356,44.78272],[28.04643,44.77379],[28.03898,44.76455],[28.03573,44.761],[28.02624,44.76354],[28.01317,44.75764],[27.9971,44.75979],[27.97365,44.77202],[27.95078,44.78013],[27.89715,44.77247],[27.88746,44.76732],[27.88312,44.76474],[27.88101,44.76308],[27.87197,44.73416],[27.87176,44.72568],[27.87539,44.71629],[27.88276,44.70764],[27.912,44.69637],[27.93434,44.67878],[27.95811,44.67949],[27.96995,44.66855],[27.99273,44.6546],[28.02359,44.63443],[28.02812,44.6289],[28.03193,44.62425],[28.03324,44.61295],[28.03228,44.60759],[28.02589,44.59957],[28.01397,44.5844],[28.01604,44.56667],[28.03461,44.54717],[28.05278,44.50928],[28.08604,44.49235],[28.09268,44.47845],[28.09472,44.47417],[28.09558,44.47107],[28.09722,44.46189],[28.09766,44.45876],[28.09824,44.45616],[28.09929,44.45453],[28.10019,44.4527],[28.10198,44.45048],[28.10531,44.44795],[28.10893,44.44278],[28.11017,44.4397],[28.11046,44.43723],[28.10845,44.43306],[28.10466,44.42861],[28.09268,44.42259],[28.0885,44.42049],[28.08064,44.41782],[28.07596,44.416],[28.07278,44.41385],[28.07079,44.41127],[28.07035,44.40943],[28.07014,44.40595],[28.06937,44.40393],[28.05883,44.39603],[28.04322,44.38462],[28.03901,44.37866],[28.03523,44.37478],[28.03121,44.37136],[28.02537,44.36368],[28.02451,44.36216],[28.0228,44.35897],[28.02162,44.35645],[28.02098,44.35388],[28.02051,44.34962],[28.01961,44.34493],[28.01737,44.34025],[28.01172,44.32242],[28.0019,44.31171],[27.99591,44.30384],[27.97952,44.29204],[27.96686,44.27362],[27.94575,44.2552],[27.92376,44.24788],[27.91005,44.24755],[27.88673,44.251],[27.86255,44.24534],[27.83113,44.24675],[27.79864,44.23953],[27.77937,44.23279],[27.75727,44.21602],[27.75576,44.21484],[27.74147,44.20532],[27.73293,44.19942],[27.72523,44.19764],[27.7142,44.19609],[27.7122,44.1958],[27.70018,44.19644],[27.69788,44.19696],[27.69384,44.19864],[27.69006,44.1997],[27.68384,44.2012],[27.67857,44.20164],[27.66588,44.20236],[27.66046,44.20382],[27.6568,44.20451],[27.65046,44.20501],[27.63927,44.20598],[27.63696,44.20606],[27.63451,44.20595],[27.62938,44.20532],[27.62021,44.20112],[27.61512,44.19984],[27.6006,44.19832],[27.57778,44.19073],[27.56339,44.18465],[27.55679,44.18234],[27.55161,44.17986],[27.54457,44.17566],[27.54118,44.17424],[27.53477,44.17203],[27.52832,44.17007],[27.52341,44.16734],[27.51831,44.16408],[27.51213,44.1585],[27.50956,44.15537],[27.50838,44.15432],[27.47592,44.13774],[27.47346,44.13655],[27.4713,44.13531],[27.46392,44.12981],[27.45842,44.12668],[27.45343,44.12507],[27.44359,44.12398],[27.43608,44.12459],[27.43092,44.12516],[27.42508,44.12647],[27.41851,44.12791],[27.41341,44.12903],[27.40749,44.13052],[27.39794,44.13146],[27.39273,44.13194],[27.37682,44.12831],[27.37155,44.1279],[27.36586,44.12819],[27.35946,44.12883],[27.34576,44.13125],[27.34205,44.13316],[27.32783,44.13929],[27.31509,44.14059],[27.30532,44.14046],[27.29537,44.13814],[27.2915,44.13605],[27.2746,44.12802],[27.27134,44.12634],[27.27684,44.12319],[27.27654,44.11617],[27.28298,44.11018],[27.2769,44.1056],[27.27732,44.09852],[27.28991,44.08365],[27.29177,44.07552],[27.33336,44.06424],[27.35573,44.05846],[27.36963,44.04055],[27.39862,44.01333],[27.4127,44.01428],[27.41851,44.01514],[27.43408,44.01746],[27.44006,44.01826],[27.4496,44.01971],[27.46898,44.02236],[27.49207,44.02094],[27.58588,44.01432],[27.5936,44.01355],[27.61204,44.01221],[27.64354,44.04797],[27.64554,44.04676],[27.67365,44.02978],[27.69541,43.98734],[27.7076,43.96392],[27.71,43.95932],[27.72464,43.95608],[27.738,43.95341],[27.75559,43.95838],[27.81888,43.96396],[27.8333,43.9653],[27.84354,43.96634],[27.86867,43.98079],[27.91683,44.00827],[27.93074,43.99639],[27.94431,43.98478],[27.94779,43.96906],[27.9503,43.95771],[27.95419,43.94013],[27.974,43.90502],[27.98191,43.88207],[27.98439,43.87488],[27.99426,43.84296],[28.00375,43.83984],[28.02463,43.83296],[28.0328,43.83026],[28.09268,43.80666],[28.11959,43.79604],[28.13774,43.79021],[28.17279,43.77895],[28.21218,43.76625],[28.22013,43.76369],[28.23614,43.75852],[28.27684,43.75624],[28.323,43.75364],[28.33321,43.75306],[28.34851,43.75219],[28.3769,43.74683],[28.37872,43.74648],[28.43558,43.73569],[28.44558,43.7338],[28.55852,43.73797],[28.57888,43.73874],[28.57475,43.75753],[28.58046,43.77445],[28.58153,43.78966],[28.58413,43.79204],[28.57753,43.79672],[28.5851,43.80778],[28.59188,43.80909],[28.58752,43.81246],[28.59227,43.82782],[28.59216,43.83931],[28.60795,43.85348],[28.60703,43.87799],[28.61517,43.90008],[28.61676,43.90092],[28.61886,43.90162],[28.61968,43.90408],[28.62187,43.90811],[28.6239,43.90968],[28.62684,43.91088],[28.63035,43.91383],[28.63101,43.9162],[28.63264,43.91832],[28.63444,43.92117],[28.63357,43.93308],[28.63836,43.94019],[28.63971,43.9525],[28.65387,43.96702],[28.65587,43.97272],[28.65736,43.979],[28.66723,43.98738],[28.66266,43.99879],[28.66395,44.00883],[28.65991,44.01911],[28.64186,44.05519],[28.64339,44.06389],[28.63987,44.06659],[28.63863,44.07703],[28.64398,44.08354],[28.66786,44.09089],[28.66319,44.10698],[28.65715,44.10242],[28.65295,44.10396],[28.64966,44.09364],[28.64378,44.0948],[28.64156,44.10199],[28.64049,44.11571],[28.64398,44.12476],[28.65749,44.13238],[28.64976,44.14011],[28.65952,44.14543],[28.64908,44.14967],[28.64842,44.15792],[28.65299,44.16867],[28.66053,44.16997],[28.66311,44.17316],[28.65655,44.18203],[28.65704,44.19953],[28.65177,44.20996],[28.64476,44.21736],[28.63529,44.22228],[28.62903,44.23147],[28.6231,44.25073],[28.62205,44.27257],[28.6263,44.29724],[28.63811,44.32184],[28.65131,44.32483],[28.65979,44.33081],[28.66674,44.34039],[28.68377,44.34168],[28.68755,44.33907],[28.69209,44.34483],[28.71063,44.37583],[28.76394,44.4277],[28.78282,44.4441],[28.78643,44.44753],[28.79984,44.45869],[28.82727,44.48098],[28.83125,44.48511],[28.84124,44.49453],[28.85572,44.51003],[28.86741,44.52351],[28.88344,44.54442],[28.90088,44.56947],[28.92087,44.5975],[28.93837,44.62251],[28.96977,44.65699],[28.98238,44.66943],[28.98343,44.67071],[28.98553,44.67212],[28.99408,44.67963],[28.98636,44.67912],[28.96977,44.68942],[28.95419,44.69464],[28.91686,44.69659],[28.91359,44.69403],[28.91241,44.68573],[28.88879,44.67588],[28.85929,44.65904],[28.82313,44.63253],[28.80903,44.63302],[28.80295,44.63859],[28.79857,44.63481],[28.79184,44.63491],[28.78282,44.64613],[28.77841,44.64913],[28.77854,44.655],[28.75064,44.65405],[28.74076,44.6473],[28.7332,44.65093],[28.72631,44.6493],[28.71103,44.65452],[28.69596,44.65075],[28.69304,44.65309],[28.69852,44.65767],[28.67908,44.66254],[28.68092,44.66848],[28.60311,44.65939],[28.59576,44.65786],[28.59054,44.65418],[28.58101,44.65808],[28.53445,44.66169],[28.52855,44.63732],[28.52079,44.63418],[28.46971,44.6485],[28.46941,44.65603],[28.44837,44.66403],[28.44672,44.66909],[28.43476,44.6738],[28.42846,44.65853],[28.4364,44.65408],[28.43485,44.64919],[28.44715,44.64366],[28.44782,44.64155],[28.43856,44.6289],[28.43653,44.62612],[28.43386,44.61714],[28.42171,44.61648],[28.41862,44.6215],[28.40928,44.62457],[28.40983,44.6289],[28.39844,44.6347],[28.39727,44.6392],[28.38911,44.64084],[28.38586,44.65005],[28.37936,44.65524],[28.37852,44.66485],[28.38303,44.67747],[28.37803,44.68092],[28.37578,44.68525],[28.36562,44.68535],[28.36394,44.6915],[28.34744,44.69111],[28.33321,44.69326],[28.323,44.6948],[28.3146,44.69606],[28.323,44.70414],[28.32585,44.70688],[28.323,44.70781],[28.313,44.71107],[28.29876,44.7073],[28.29122,44.70801],[28.27502,44.69824],[28.26905,44.69922],[28.27832,44.71155],[28.27,44.71174],[28.27355,44.71876],[28.26243,44.72704],[28.25911,44.74618],[28.26271,44.7501],[28.26185,44.75539],[28.24133,44.75647],[28.23735,44.76454],[28.21929,44.76317],[28.21474,44.75423],[28.21218,44.75425],[28.1953,44.75437],[28.18637,44.7584],[28.18149,44.76105],[28.18156,44.76733],[28.18126,44.76996],[28.1816,44.78536],[28.15217,44.80031],[28.13442,44.80094],[28.11178,44.79365],[28.09268,44.79884]]],[[[28.66983,44.15517],[28.66587,44.1573],[28.66346,44.15988],[28.65913,44.15756],[28.66842,44.15362],[28.66983,44.15517]]],[[[28.66606,44.11446],[28.66479,44.1183],[28.66214,44.11848],[28.6619,44.11574],[28.66412,44.1133],[28.66606,44.11446]]],[[[28.66282,44.1283],[28.65787,44.12832],[28.65887,44.12471],[28.66152,44.12431],[28.66282,44.1283]]],[[[28.40757,44.64648],[28.40855,44.64905],[28.40431,44.64911],[28.40161,44.64584],[28.40757,44.64648]]]]},"properties":{"code":"RO223","nom":"Constan\u0163a","country":"RO"}},{"type":"Feature","geometry":{"type":"MultiPolygon","coordinates":[[[[21.90707,46.65734],[21.90994,46.66329],[21.90484,46.66852],[21.87423,46.68004],[21.86901,46.68005],[21.85791,46.67098],[21.83801,46.66771],[21.80741,46.65584],[21.7837,46.65443],[21.77195,46.65906],[21.75215,46.6631],[21.73299,46.65984],[21.72692,46.663],[21.714,46.65846],[21.7058,46.65932],[21.69825,46.66],[21.68844,46.66477],[21.66547,46.66454],[21.65612,46.66257],[21.64645,46.66523],[21.63059,46.65214],[21.62254,46.64709],[21.61067,46.64517],[21.58206,46.65038],[21.57101,46.64925],[21.56276,46.63714],[21.56449,46.63071],[21.5722,46.62528],[21.56764,46.62464],[21.56135,46.61944],[21.56767,46.61209],[21.56771,46.6004],[21.54749,46.60262],[21.53853,46.62867],[21.52886,46.63299],[21.52511,46.63793],[21.51842,46.63586],[21.51292,46.6373],[21.50976,46.65202],[21.50049,46.65967],[21.49655,46.65966],[21.48397,46.65189],[21.4711,46.66025],[21.45958,46.66092],[21.45619,46.65917],[21.45692,46.65709],[21.46625,46.6575],[21.4705,46.65361],[21.4414,46.65147],[21.42072,46.64561],[21.41641,46.64183],[21.41399,46.63447],[21.40889,46.6224],[21.38303,46.62806],[21.37742,46.63339],[21.36652,46.6373],[21.35324,46.63078],[21.32758,46.63],[21.31464,46.61778],[21.30207,46.59242],[21.30555,46.5876],[21.31988,46.58237],[21.30347,46.56425],[21.30477,46.56118],[21.28943,46.54495],[21.28069,46.54458],[21.27522,46.54119],[21.2755,46.53386],[21.26087,46.50214],[21.27462,46.47724],[21.29549,46.47595],[21.30242,46.46856],[21.30546,46.46467],[21.31144,46.45801],[21.31748,46.45066],[21.31349,46.44873],[21.3112,46.44001],[21.29027,46.41497],[21.29473,46.40645],[21.28346,46.40362],[21.27412,46.40677],[21.25284,46.40967],[21.22536,46.41353],[21.21929,46.41052],[21.21606,46.40257],[21.20625,46.40219],[21.20098,46.38583],[21.19739,46.36971],[21.19926,46.34911],[21.19527,46.34384],[21.18968,46.33914],[21.18202,46.33668],[21.17698,46.33506],[21.17708,46.32375],[21.17373,46.31793],[21.17955,46.3043],[21.16991,46.29836],[21.15155,46.29755],[21.14762,46.29924],[21.14538,46.30469],[21.12259,46.30089],[21.11555,46.30163],[21.10728,46.27598],[21.10331,46.26366],[21.09532,46.26242],[21.07941,46.25267],[21.07137,46.25313],[21.06573,46.24349],[21.03685,46.24848],[21.02477,46.26578],[20.99036,46.25953],[20.97079,46.26099],[20.96116,46.26226],[20.95723,46.2635],[20.95251,46.26484],[20.95088,46.26788],[20.94787,46.27598],[20.94669,46.27916],[20.92504,46.27598],[20.92223,46.26176],[20.89056,46.27138],[20.88579,46.27598],[20.88215,46.27948],[20.8777,46.28248],[20.8759,46.2851],[20.87341,46.28742],[20.8683,46.28649],[20.84072,46.28188],[20.83299,46.28035],[20.82061,46.27853],[20.81091,46.27698],[20.80845,46.2765],[20.80658,46.27629],[20.8047,46.27598],[20.79952,46.27512],[20.78924,46.27308],[20.78342,46.27359],[20.7756,46.27591],[20.74938,46.25041],[20.76124,46.20526],[20.72738,46.20741],[20.72633,46.19707],[20.73312,46.19243],[20.72239,46.18659],[20.71455,46.16767],[20.7053,46.16094],[20.71572,46.15979],[20.71796,46.15004],[20.72402,46.14646],[20.76516,46.14665],[20.77299,46.14401],[20.77698,46.13862],[20.78076,46.12702],[20.79826,46.12065],[20.80515,46.10659],[20.83328,46.09074],[20.85682,46.09002],[20.86182,46.08723],[20.86844,46.08294],[20.87875,46.08421],[20.88918,46.08383],[20.9099,46.07351],[20.91552,46.07475],[20.91794,46.07426],[20.92191,46.05937],[20.93415,46.04378],[20.94065,46.03748],[20.97705,46.03875],[21.01525,46.03639],[21.0426,46.03614],[21.04998,46.03639],[21.04954,46.03954],[21.06854,46.03884],[21.07451,46.01392],[21.08261,46.01206],[21.08537,45.99663],[21.10931,45.97802],[21.11881,45.98222],[21.12286,45.97975],[21.1285,45.97889],[21.15578,45.99302],[21.17215,45.99741],[21.18202,45.99184],[21.19968,45.98186],[21.22594,45.97376],[21.23934,45.97206],[21.23681,45.97973],[21.24203,45.98125],[21.24015,45.98701],[21.26131,45.99565],[21.27455,46.01501],[21.28634,46.01953],[21.31273,46.00985],[21.31869,46.01207],[21.32586,46.00773],[21.33696,46.00667],[21.34539,46.00064],[21.35133,46.00101],[21.35968,45.99526],[21.35284,45.98492],[21.36173,45.98221],[21.37468,45.99658],[21.38852,46.00207],[21.39111,46.00774],[21.39959,46.00602],[21.42134,46.01154],[21.41832,46.01704],[21.44855,46.02931],[21.43387,46.04433],[21.43604,46.04732],[21.43243,46.0559],[21.43417,46.05832],[21.43891,46.05712],[21.44013,46.05149],[21.44875,46.04669],[21.46134,46.05568],[21.4772,46.06313],[21.4854,46.06392],[21.4981,46.06862],[21.51603,46.06683],[21.53587,46.0332],[21.5336,46.02563],[21.52478,46.01802],[21.52457,46.01125],[21.54613,46.00675],[21.55207,45.99513],[21.55973,45.99651],[21.56211,46.00183],[21.58986,45.99491],[21.59239,45.99032],[21.60499,45.98606],[21.61668,45.98218],[21.61739,45.97723],[21.62333,45.97507],[21.63229,45.97537],[21.64137,45.9725],[21.63002,45.94276],[21.64846,45.94683],[21.656,45.93803],[21.66242,45.93465],[21.66717,45.92575],[21.66341,45.91556],[21.6674,45.90719],[21.68961,45.91522],[21.70253,45.94285],[21.71349,45.95486],[21.71472,45.96149],[21.72373,45.96831],[21.72232,45.97623],[21.73642,45.98928],[21.74173,45.97943],[21.76266,45.95687],[21.7747,45.9493],[21.76911,45.93907],[21.77146,45.92851],[21.76972,45.91688],[21.80407,45.92135],[21.79958,45.92643],[21.80102,45.94252],[21.81811,45.94984],[21.81201,45.95819],[21.81973,45.96782],[21.82326,45.96285],[21.85137,45.9472],[21.86581,45.94913],[21.87252,45.95787],[21.89331,45.95324],[21.91577,45.96288],[21.92188,45.97093],[21.92056,45.97951],[21.92584,45.98484],[21.93498,45.98755],[21.95537,45.98755],[21.9664,45.99426],[21.98411,45.99042],[21.98818,45.98606],[21.98837,45.97762],[21.9971,45.96871],[22.00945,45.97036],[22.03164,45.96655],[22.03957,45.96794],[22.04706,45.96211],[22.06893,45.95913],[22.0805,45.95428],[22.0862,45.94908],[22.10082,45.94271],[22.11347,45.94193],[22.12354,45.93773],[22.12773,45.93346],[22.12642,45.92749],[22.1351,45.92363],[22.1426,45.92508],[22.15519,45.92125],[22.16501,45.92699],[22.17403,45.92801],[22.18315,45.92366],[22.20153,45.92193],[22.20594,45.91568],[22.21769,45.91196],[22.22295,45.9029],[22.23943,45.90312],[22.24514,45.90323],[22.24826,45.90583],[22.24611,45.92444],[22.25915,45.93336],[22.26485,45.93431],[22.27068,45.93094],[22.27592,45.93361],[22.29759,45.93117],[22.30228,45.93246],[22.30645,45.93684],[22.31115,45.93764],[22.30795,45.94263],[22.31421,45.95594],[22.31352,45.96678],[22.32408,45.9718],[22.34349,45.97384],[22.35279,45.97269],[22.33911,45.98087],[22.337,45.99425],[22.34627,45.99846],[22.38351,45.99632],[22.3914,46.00925],[22.396,46.00943],[22.40623,46.00295],[22.41478,46.00505],[22.4152,46.00889],[22.42262,46.01206],[22.43594,46.01088],[22.43727,46.0247],[22.43997,46.02828],[22.42895,46.03425],[22.42825,46.04313],[22.43451,46.04932],[22.42906,46.06453],[22.42935,46.07676],[22.41732,46.08164],[22.40761,46.08914],[22.40563,46.09451],[22.4117,46.1078],[22.4191,46.10464],[22.43079,46.10685],[22.43304,46.11306],[22.44504,46.11612],[22.44901,46.12523],[22.45682,46.13098],[22.45804,46.13893],[22.46254,46.142],[22.46665,46.14749],[22.45338,46.16366],[22.45377,46.17483],[22.45054,46.17828],[22.44817,46.192],[22.4384,46.20818],[22.45024,46.21815],[22.46076,46.21955],[22.46009,46.22333],[22.47011,46.23274],[22.47313,46.2334],[22.4861,46.23625],[22.49491,46.24338],[22.50156,46.23182],[22.51449,46.22466],[22.52132,46.22616],[22.52769,46.22513],[22.53342,46.22827],[22.54606,46.22493],[22.55215,46.22901],[22.55563,46.22797],[22.56159,46.23153],[22.56947,46.23205],[22.58152,46.23284],[22.59458,46.22186],[22.60575,46.21923],[22.61411,46.22109],[22.61984,46.22901],[22.62976,46.23028],[22.6355,46.22667],[22.64675,46.22854],[22.64819,46.23331],[22.65799,46.23764],[22.6611,46.24907],[22.65509,46.25637],[22.65972,46.26173],[22.65979,46.26954],[22.66518,46.27598],[22.67348,46.28589],[22.67347,46.29215],[22.68073,46.30014],[22.68231,46.30912],[22.67795,46.32079],[22.68308,46.3232],[22.69532,46.32355],[22.72851,46.33585],[22.73081,46.33998],[22.74415,46.34642],[22.74872,46.35121],[22.74345,46.35614],[22.72787,46.36309],[22.71365,46.36253],[22.7,46.36585],[22.69829,46.37844],[22.68068,46.38769],[22.67594,46.3955],[22.67658,46.40583],[22.66632,46.40381],[22.66039,46.39801],[22.64261,46.39025],[22.62093,46.3906],[22.59256,46.39707],[22.5765,46.39772],[22.56947,46.39468],[22.56574,46.39306],[22.55322,46.39365],[22.51701,46.38681],[22.50376,46.38622],[22.47313,46.38578],[22.45242,46.38548],[22.43062,46.39201],[22.42486,46.39368],[22.42327,46.39838],[22.4161,46.402],[22.41108,46.40867],[22.40008,46.41046],[22.36918,46.42766],[22.3809,46.43042],[22.37903,46.43412],[22.37353,46.43873],[22.36145,46.43911],[22.35238,46.44291],[22.34541,46.44965],[22.34668,46.45325],[22.33872,46.47584],[22.32872,46.47897],[22.32364,46.48304],[22.32794,46.48931],[22.32359,46.49652],[22.32668,46.50205],[22.32517,46.51451],[22.31463,46.51464],[22.2735,46.5013],[22.25676,46.50707],[22.25087,46.50387],[22.24615,46.50291],[22.24104,46.506],[22.23001,46.50936],[22.22829,46.51397],[22.2211,46.5141],[22.22159,46.51732],[22.21633,46.52112],[22.20947,46.51264],[22.19914,46.51343],[22.17701,46.53486],[22.17974,46.53947],[22.17554,46.55338],[22.16514,46.57141],[22.1661,46.58049],[22.1753,46.59628],[22.16548,46.60412],[22.14229,46.60285],[22.13482,46.6066],[22.12664,46.60232],[22.11396,46.60438],[22.11016,46.60737],[22.10834,46.61481],[22.09579,46.61419],[22.08945,46.61811],[22.08951,46.63147],[22.08645,46.63493],[22.07607,46.63261],[22.0783,46.63736],[22.05557,46.63368],[22.05317,46.63757],[22.04518,46.63761],[22.04102,46.64175],[22.02888,46.64388],[22.02539,46.6535],[22.02257,46.65405],[22.01673,46.64161],[22.00832,46.6354],[22.00173,46.62593],[21.98411,46.62045],[21.96671,46.62103],[21.95283,46.61728],[21.94389,46.62106],[21.92493,46.62334],[21.91201,46.62729],[21.90909,46.63036],[21.88288,46.63129],[21.88672,46.63798],[21.90707,46.65734]]]]},"properties":{"code":"RO421","nom":"Arad","country":"RO"}},{"type":"Feature","geometry":{"type":"MultiPolygon","coordinates":[[[[22.42648,45.66888],[22.4193,45.66435],[22.39963,45.66853],[22.38852,45.66295],[22.37135,45.66712],[22.35783,45.66671],[22.35032,45.66395],[22.33004,45.66151],[22.31837,45.66077],[22.30641,45.64811],[22.29877,45.63727],[22.2922,45.61973],[22.29081,45.60581],[22.28389,45.60008],[22.27042,45.58551],[22.25527,45.58641],[22.23742,45.60339],[22.21678,45.60542],[22.2085,45.60597],[22.20381,45.61074],[22.18832,45.61702],[22.17269,45.60452],[22.1621,45.60711],[22.15059,45.59926],[22.1481,45.61602],[22.14343,45.6113],[22.14196,45.60231],[22.1343,45.59417],[22.12806,45.59256],[22.12403,45.59538],[22.11522,45.59137],[22.10609,45.59531],[22.07434,45.57264],[22.04639,45.59055],[22.03849,45.58796],[22.03795,45.58587],[22.04819,45.57448],[22.04492,45.57127],[22.04877,45.56245],[22.04588,45.56022],[22.04569,45.55229],[22.04818,45.55018],[22.0574,45.55124],[22.06602,45.53641],[22.07606,45.53223],[22.06608,45.52872],[22.06518,45.52135],[22.06124,45.51987],[22.06528,45.5143],[22.06401,45.50934],[22.05227,45.50893],[22.04388,45.50478],[22.04193,45.4986],[22.03053,45.49741],[22.01092,45.50817],[22.0061,45.50477],[21.99338,45.50843],[21.99028,45.5039],[21.98411,45.50768],[21.97417,45.51198],[21.96564,45.50826],[21.95386,45.50725],[21.94478,45.50736],[21.94165,45.51358],[21.94391,45.5215],[21.94054,45.53033],[21.92241,45.54876],[21.92167,45.55304],[21.93408,45.55687],[21.92352,45.56687],[21.87322,45.56132],[21.87473,45.55359],[21.87162,45.5483],[21.87641,45.54221],[21.87544,45.53646],[21.86496,45.53442],[21.8403,45.53607],[21.83119,45.52922],[21.81674,45.52789],[21.80843,45.53109],[21.78667,45.53324],[21.74854,45.54432],[21.74728,45.54463],[21.74213,45.55353],[21.73039,45.55562],[21.72339,45.56254],[21.70338,45.56222],[21.69913,45.56628],[21.7012,45.57321],[21.69345,45.57377],[21.67465,45.58526],[21.66727,45.5851],[21.64793,45.57966],[21.64062,45.5738],[21.62796,45.56836],[21.59988,45.57107],[21.59721,45.55665],[21.5777,45.54367],[21.57493,45.53968],[21.57455,45.5341],[21.58406,45.52989],[21.57079,45.52031],[21.58117,45.51408],[21.57966,45.50988],[21.58351,45.50869],[21.56759,45.49737],[21.55798,45.4989],[21.55283,45.4937],[21.55656,45.49013],[21.54674,45.48868],[21.52883,45.49409],[21.51225,45.49344],[21.50028,45.48813],[21.48573,45.48642],[21.46177,45.47785],[21.45945,45.47269],[21.46451,45.44911],[21.46574,45.44299],[21.4709,45.43918],[21.47104,45.4344],[21.47631,45.43204],[21.48492,45.43367],[21.48825,45.4196],[21.46302,45.41509],[21.46,45.41118],[21.44173,45.40707],[21.44471,45.39195],[21.48703,45.35463],[21.49289,45.35445],[21.49756,45.35041],[21.49394,45.34287],[21.51486,45.33571],[21.52166,45.333],[21.52569,45.3318],[21.5428,45.29965],[21.53234,45.29083],[21.55099,45.27841],[21.55496,45.27189],[21.55029,45.26847],[21.53546,45.26438],[21.53067,45.2492],[21.52202,45.2448],[21.52626,45.23809],[21.52655,45.23197],[21.51265,45.21894],[21.50429,45.2144],[21.50752,45.20472],[21.51183,45.2019],[21.50299,45.19988],[21.49698,45.19585],[21.4823,45.19641],[21.47918,45.19303],[21.48359,45.19069],[21.49339,45.17372],[21.5156,45.1699],[21.52723,45.15095],[21.52856,45.14564],[21.52597,45.13742],[21.49958,45.12584],[21.48712,45.12493],[21.47902,45.121],[21.47065,45.10439],[21.48248,45.09152],[21.46051,45.07217],[21.44713,45.05478],[21.45461,45.04037],[21.42319,45.03324],[21.41852,45.03623],[21.40615,45.0361],[21.40009,45.03016],[21.39731,45.03072],[21.39214,45.02727],[21.37513,45.02787],[21.36023,45.02043],[21.37582,45.00783],[21.38542,45.00479],[21.384,45.00175],[21.38695,44.99911],[21.40444,44.99295],[21.40647,44.98957],[21.41326,44.98694],[21.40794,44.97805],[21.43594,44.96178],[21.46846,44.95845],[21.51842,44.93872],[21.52551,44.93951],[21.54668,44.93052],[21.55222,44.92371],[21.55069,44.91695],[21.5578,44.90645],[21.55945,44.88947],[21.53305,44.88272],[21.51195,44.88011],[21.49349,44.87126],[21.48552,44.86871],[21.46999,44.87065],[21.46364,44.86806],[21.45386,44.87276],[21.45049,44.87102],[21.44663,44.87332],[21.44231,44.8705],[21.44199,44.86694],[21.43565,44.87038],[21.4311,44.86892],[21.41765,44.87271],[21.40556,44.86706],[21.38831,44.86919],[21.38274,44.86575],[21.37034,44.866],[21.36551,44.86248],[21.35865,44.85011],[21.36075,44.84117],[21.35382,44.83999],[21.35943,44.83596],[21.35705,44.83234],[21.3634,44.83053],[21.35718,44.82708],[21.35847,44.82161],[21.3617,44.82093],[21.36546,44.81995],[21.36907,44.81861],[21.37286,44.81669],[21.37539,44.81524],[21.3776,44.81362],[21.38007,44.8115],[21.38229,44.8092],[21.38347,44.80771],[21.3844,44.80639],[21.38518,44.80506],[21.38594,44.80322],[21.38788,44.79767],[21.38848,44.79461],[21.38882,44.79165],[21.38943,44.78863],[21.39832,44.77851],[21.41679,44.77386],[21.45988,44.77679],[21.50405,44.77135],[21.53622,44.77252],[21.56221,44.76755],[21.58779,44.75842],[21.60355,44.74019],[21.61502,44.7155],[21.61129,44.7019],[21.61149,44.68788],[21.62009,44.66893],[21.63827,44.65971],[21.68694,44.6653],[21.69667,44.66346],[21.71856,44.65406],[21.744,44.65531],[21.79175,44.66371],[21.79771,44.66225],[21.81324,44.651],[21.82268,44.65063],[21.84159,44.65414],[21.86783,44.65028],[21.89339,44.64505],[21.91742,44.64722],[21.95095,44.63525],[21.97348,44.63321],[21.98411,44.63421],[21.99169,44.63296],[21.99785,44.62913],[22.00419,44.60893],[22.01235,44.60232],[22.01613,44.5992],[22.02353,44.60697],[22.032,44.60616],[22.06079,44.60992],[22.06511,44.61511],[22.0804,44.62173],[22.08489,44.61861],[22.09227,44.61827],[22.10921,44.59651],[22.12295,44.59171],[22.12864,44.59349],[22.1334,44.59975],[22.14398,44.58747],[22.14756,44.58618],[22.1556,44.5926],[22.15513,44.59844],[22.17554,44.62355],[22.17314,44.63322],[22.17663,44.64003],[22.17143,44.6478],[22.15182,44.65108],[22.13946,44.6606],[22.14472,44.67761],[22.14873,44.68252],[22.14606,44.68945],[22.14935,44.70459],[22.15699,44.73107],[22.15643,44.7358],[22.16365,44.74252],[22.18193,44.74064],[22.19273,44.74561],[22.19353,44.74724],[22.19216,44.75028],[22.2001,44.75692],[22.20378,44.76156],[22.19917,44.76621],[22.1989,44.76883],[22.19667,44.77167],[22.19786,44.77649],[22.19524,44.77953],[22.19841,44.78325],[22.19929,44.79107],[22.20694,44.79942],[22.20678,44.80496],[22.20865,44.81176],[22.2068,44.81747],[22.23672,44.80884],[22.24447,44.80635],[22.25259,44.79421],[22.2587,44.79185],[22.26734,44.78301],[22.29692,44.78],[22.31013,44.77542],[22.32116,44.77555],[22.32947,44.77799],[22.34064,44.77429],[22.35324,44.75436],[22.35404,44.74181],[22.36488,44.74276],[22.36822,44.75542],[22.38283,44.7572],[22.38983,44.76129],[22.3985,44.75859],[22.40225,44.75407],[22.41842,44.75743],[22.42061,44.76092],[22.41849,44.76846],[22.42449,44.77621],[22.42513,44.78116],[22.42968,44.78066],[22.42388,44.79962],[22.44181,44.81645],[22.44567,44.82464],[22.44684,44.83456],[22.45334,44.83754],[22.45892,44.84507],[22.45778,44.8505],[22.46026,44.8531],[22.46922,44.85918],[22.47153,44.86927],[22.47313,44.87071],[22.48658,44.88283],[22.48834,44.89525],[22.48265,44.90581],[22.49013,44.90956],[22.49516,44.92511],[22.49461,44.92976],[22.48972,44.93517],[22.48704,44.94883],[22.5028,44.95531],[22.51639,44.95572],[22.51492,44.9621],[22.51063,44.96605],[22.49216,44.97327],[22.50443,44.98425],[22.52101,44.99459],[22.53,44.99747],[22.55771,45.02142],[22.56432,45.03417],[22.56947,45.03893],[22.57063,45.04001],[22.58152,45.04317],[22.5853,45.04427],[22.59345,45.04992],[22.59475,45.05329],[22.60052,45.05546],[22.60222,45.06112],[22.62526,45.08002],[22.6382,45.09452],[22.64999,45.10176],[22.6549,45.10386],[22.65663,45.10817],[22.65665,45.11526],[22.64999,45.12739],[22.64006,45.12758],[22.62868,45.13442],[22.61784,45.13404],[22.60483,45.1375],[22.59383,45.13478],[22.58152,45.13774],[22.56836,45.1465],[22.55917,45.15686],[22.56129,45.16403],[22.56947,45.17164],[22.57465,45.17646],[22.57668,45.18396],[22.58152,45.18849],[22.58932,45.19579],[22.59597,45.19846],[22.60203,45.20569],[22.61355,45.20904],[22.62618,45.20885],[22.64589,45.22022],[22.6497,45.22519],[22.64712,45.23318],[22.64999,45.23378],[22.66442,45.23608],[22.67237,45.24046],[22.67697,45.2474],[22.68555,45.25299],[22.68625,45.25796],[22.688,45.27461],[22.67826,45.28277],[22.6864,45.28854],[22.68853,45.29571],[22.69626,45.30382],[22.69306,45.31992],[22.69813,45.32835],[22.68765,45.32917],[22.67498,45.34057],[22.66778,45.3517],[22.66816,45.36095],[22.65752,45.37085],[22.66236,45.3769],[22.66834,45.38266],[22.6819,45.38661],[22.69185,45.3926],[22.71163,45.41716],[22.70422,45.43438],[22.70581,45.46036],[22.69744,45.46347],[22.69248,45.47498],[22.68968,45.4922],[22.67593,45.49796],[22.67178,45.5086],[22.67703,45.51582],[22.66683,45.51841],[22.65345,45.52696],[22.64794,45.54073],[22.63489,45.53651],[22.62864,45.53674],[22.62851,45.54262],[22.64005,45.55234],[22.64155,45.56383],[22.63627,45.57045],[22.62737,45.56741],[22.61777,45.56779],[22.59388,45.56122],[22.59201,45.56442],[22.59512,45.57417],[22.58639,45.57925],[22.58271,45.58436],[22.57443,45.5818],[22.55954,45.58629],[22.54567,45.58202],[22.54456,45.59447],[22.51745,45.59455],[22.50828,45.59804],[22.50526,45.60824],[22.49863,45.61023],[22.49687,45.6158],[22.49084,45.61973],[22.47561,45.62412],[22.47313,45.62732],[22.46078,45.64322],[22.4547,45.6468],[22.45702,45.65376],[22.45414,45.65943],[22.44577,45.66053],[22.42648,45.66888]]]]},"properties":{"code":"RO422","nom":"Cara\u015f-Severin","country":"RO"}},{"type":"Feature","geometry":{"type":"MultiPolygon","coordinates":[[[[22.8056,46.32997],[22.79945,46.33773],[22.78501,46.34107],[22.7743,46.34963],[22.76114,46.35216],[22.74872,46.35121],[22.74415,46.34642],[22.73081,46.33998],[22.72851,46.33585],[22.69532,46.32355],[22.68308,46.3232],[22.67795,46.32079],[22.68231,46.30912],[22.68073,46.30014],[22.67347,46.29215],[22.67348,46.28589],[22.66518,46.27598],[22.65979,46.26954],[22.65972,46.26173],[22.65509,46.25637],[22.6611,46.24907],[22.65799,46.23764],[22.64819,46.23331],[22.64675,46.22854],[22.6355,46.22667],[22.62976,46.23028],[22.61984,46.22901],[22.61411,46.22109],[22.60575,46.21923],[22.59458,46.22186],[22.58152,46.23284],[22.56947,46.23205],[22.56159,46.23153],[22.55563,46.22797],[22.55215,46.22901],[22.54606,46.22493],[22.53342,46.22827],[22.52769,46.22513],[22.52132,46.22616],[22.51449,46.22466],[22.50156,46.23182],[22.49491,46.24338],[22.4861,46.23625],[22.47313,46.2334],[22.47011,46.23274],[22.46009,46.22333],[22.46076,46.21955],[22.45024,46.21815],[22.4384,46.20818],[22.44817,46.192],[22.45054,46.17828],[22.45377,46.17483],[22.45338,46.16366],[22.46665,46.14749],[22.46254,46.142],[22.45804,46.13893],[22.45682,46.13098],[22.44901,46.12523],[22.44504,46.11612],[22.43304,46.11306],[22.43079,46.10685],[22.4191,46.10464],[22.4117,46.1078],[22.40563,46.09451],[22.40761,46.08914],[22.41732,46.08164],[22.42935,46.07676],[22.42906,46.06453],[22.43451,46.04932],[22.42825,46.04313],[22.42895,46.03425],[22.43997,46.02828],[22.43727,46.0247],[22.43594,46.01088],[22.42262,46.01206],[22.4152,46.00889],[22.41478,46.00505],[22.40623,46.00295],[22.396,46.00943],[22.3914,46.00925],[22.38351,45.99632],[22.34627,45.99846],[22.337,45.99425],[22.33911,45.98087],[22.35279,45.97269],[22.37517,45.96532],[22.38297,45.95784],[22.41777,45.93851],[22.41908,45.93138],[22.4117,45.92217],[22.40863,45.90572],[22.3997,45.90051],[22.38864,45.89789],[22.36788,45.88508],[22.36864,45.8836],[22.37851,45.88591],[22.38531,45.88409],[22.39162,45.87494],[22.4021,45.86794],[22.40225,45.86067],[22.41039,45.85525],[22.42095,45.85694],[22.42578,45.85499],[22.43432,45.85561],[22.44788,45.84828],[22.46051,45.84751],[22.46087,45.83789],[22.468,45.83506],[22.47313,45.83627],[22.47638,45.83704],[22.47775,45.80848],[22.47313,45.80476],[22.47086,45.80294],[22.47313,45.8008],[22.48011,45.79421],[22.48097,45.78729],[22.5021,45.78578],[22.51697,45.79266],[22.52524,45.79986],[22.53425,45.80143],[22.54768,45.78914],[22.551,45.77919],[22.54886,45.77332],[22.54053,45.76778],[22.53827,45.76388],[22.50628,45.74383],[22.49452,45.74223],[22.48191,45.73424],[22.47313,45.7317],[22.4694,45.73062],[22.46547,45.72202],[22.4687,45.69574],[22.46487,45.6904],[22.45075,45.68285],[22.43578,45.68211],[22.42648,45.66888],[22.44577,45.66053],[22.45414,45.65943],[22.45702,45.65376],[22.4547,45.6468],[22.46078,45.64322],[22.47313,45.62732],[22.47561,45.62412],[22.49084,45.61973],[22.49687,45.6158],[22.49863,45.61023],[22.50526,45.60824],[22.50828,45.59804],[22.51745,45.59455],[22.54456,45.59447],[22.54567,45.58202],[22.55954,45.58629],[22.57443,45.5818],[22.58271,45.58436],[22.58639,45.57925],[22.59512,45.57417],[22.59201,45.56442],[22.59388,45.56122],[22.61777,45.56779],[22.62737,45.56741],[22.63627,45.57045],[22.64155,45.56383],[22.64005,45.55234],[22.62851,45.54262],[22.62864,45.53674],[22.63489,45.53651],[22.64794,45.54073],[22.65345,45.52696],[22.66683,45.51841],[22.67703,45.51582],[22.67178,45.5086],[22.67593,45.49796],[22.68968,45.4922],[22.69248,45.47498],[22.69744,45.46347],[22.70581,45.46036],[22.70422,45.43438],[22.71163,45.41716],[22.69185,45.3926],[22.6819,45.38661],[22.66834,45.38266],[22.66236,45.3769],[22.65752,45.37085],[22.66816,45.36095],[22.66778,45.3517],[22.67498,45.34057],[22.68765,45.32917],[22.69813,45.32835],[22.69306,45.31992],[22.69626,45.30382],[22.68853,45.29571],[22.6864,45.28854],[22.67826,45.28277],[22.688,45.27461],[22.68625,45.25796],[22.69026,45.25683],[22.69345,45.25241],[22.69887,45.25379],[22.70044,45.2596],[22.71097,45.25876],[22.71905,45.25422],[22.73341,45.25352],[22.74508,45.26471],[22.75709,45.26468],[22.76307,45.26864],[22.77289,45.26956],[22.78012,45.26265],[22.78647,45.2633],[22.79722,45.2704],[22.80669,45.27052],[22.81754,45.27547],[22.82277,45.27861],[22.82476,45.2847],[22.83626,45.28243],[22.84791,45.27476],[22.85778,45.27495],[22.86635,45.26209],[22.91452,45.27852],[22.93234,45.27811],[22.95201,45.27282],[22.94345,45.26499],[22.93207,45.24737],[22.92221,45.24134],[22.94091,45.23882],[22.94445,45.24009],[22.95114,45.25861],[22.95045,45.26675],[22.95552,45.27089],[22.96374,45.27035],[22.96821,45.25971],[22.97445,45.25484],[22.98467,45.25507],[22.98965,45.25776],[22.99623,45.25953],[23.00206,45.25525],[23.00916,45.25371],[23.01569,45.25683],[23.02126,45.25619],[23.03412,45.259],[23.05513,45.2661],[23.06486,45.26524],[23.06915,45.27541],[23.07905,45.27738],[23.09349,45.29064],[23.11443,45.28828],[23.13327,45.28106],[23.14075,45.28177],[23.14906,45.28625],[23.15665,45.28085],[23.16252,45.28241],[23.16913,45.28001],[23.17756,45.2819],[23.18071,45.28517],[23.18699,45.28511],[23.20741,45.27734],[23.21361,45.28176],[23.21585,45.2898],[23.22434,45.2988],[23.24683,45.30699],[23.25747,45.30765],[23.27726,45.30651],[23.28861,45.30944],[23.30307,45.30414],[23.30996,45.29992],[23.32597,45.30955],[23.32915,45.32214],[23.34078,45.33174],[23.35354,45.33158],[23.35802,45.33322],[23.37422,45.33228],[23.37757,45.33845],[23.39356,45.33295],[23.40263,45.33381],[23.40524,45.3232],[23.40182,45.3154],[23.42069,45.30714],[23.43546,45.30416],[23.44281,45.29781],[23.46692,45.30217],[23.47179,45.30305],[23.48302,45.3137],[23.51358,45.32701],[23.52934,45.32886],[23.53678,45.33242],[23.53914,45.3401],[23.55075,45.33923],[23.56207,45.34362],[23.56761,45.34965],[23.59064,45.35307],[23.58603,45.35858],[23.58583,45.36942],[23.59035,45.37355],[23.60027,45.3769],[23.60072,45.38633],[23.59187,45.39997],[23.58958,45.41002],[23.59347,45.4155],[23.59255,45.41985],[23.58973,45.42199],[23.57824,45.42329],[23.57664,45.42678],[23.58416,45.43446],[23.58769,45.44442],[23.59511,45.45273],[23.5939,45.46112],[23.59727,45.47347],[23.59747,45.47924],[23.59272,45.4861],[23.59465,45.49227],[23.57763,45.50788],[23.56923,45.52395],[23.55499,45.53082],[23.55108,45.53789],[23.53655,45.54924],[23.52326,45.5502],[23.51774,45.55131],[23.51122,45.55615],[23.50327,45.56412],[23.50388,45.57208],[23.49946,45.57905],[23.4831,45.57445],[23.47725,45.57986],[23.46692,45.58123],[23.46473,45.58152],[23.45399,45.58033],[23.44497,45.58737],[23.44068,45.58787],[23.42819,45.58457],[23.41875,45.59533],[23.4233,45.60688],[23.42099,45.61543],[23.42559,45.62454],[23.40822,45.63342],[23.39518,45.63066],[23.37563,45.62284],[23.36998,45.62682],[23.36639,45.63754],[23.3719,45.64425],[23.37675,45.64674],[23.38219,45.64881],[23.38505,45.65026],[23.38485,45.65294],[23.38549,45.65544],[23.38671,45.657],[23.38987,45.65742],[23.39529,45.65898],[23.3988,45.65873],[23.40179,45.65887],[23.4033,45.66051],[23.40452,45.66283],[23.4086,45.66798],[23.42158,45.67064],[23.42193,45.67939],[23.41823,45.68342],[23.40539,45.68688],[23.39415,45.69408],[23.38237,45.69532],[23.36778,45.70592],[23.36108,45.71785],[23.36768,45.72751],[23.37022,45.73778],[23.38011,45.75388],[23.38034,45.75961],[23.37357,45.77194],[23.35319,45.77962],[23.34877,45.78813],[23.35113,45.79348],[23.34356,45.80068],[23.34004,45.81284],[23.32478,45.83684],[23.33109,45.87811],[23.31513,45.89039],[23.30334,45.89378],[23.31779,45.90663],[23.33383,45.90883],[23.33749,45.91233],[23.33709,45.91738],[23.32859,45.9159],[23.32304,45.92055],[23.31567,45.92006],[23.31171,45.92186],[23.29925,45.91884],[23.29253,45.91962],[23.28238,45.92732],[23.26907,45.92982],[23.26012,45.9419],[23.25106,45.96173],[23.24953,45.97364],[23.23392,45.98662],[23.24017,46.00769],[23.23552,46.03018],[23.24168,46.03854],[23.23471,46.0401],[23.22465,46.03355],[23.20538,46.03567],[23.18516,46.02768],[23.17457,46.03195],[23.16287,46.03202],[23.15076,46.03535],[23.13509,46.03629],[23.1296,46.04214],[23.1189,46.04239],[23.1017,46.04683],[23.10237,46.06126],[23.08733,46.06688],[23.08882,46.0766],[23.08098,46.08251],[23.08678,46.08892],[23.08486,46.09277],[23.09011,46.09553],[23.0895,46.09933],[23.07622,46.10653],[23.06382,46.1066],[23.06705,46.12267],[23.05857,46.13068],[23.05535,46.14061],[23.0753,46.14529],[23.07917,46.14933],[23.08686,46.14355],[23.09901,46.13891],[23.1041,46.15119],[23.09097,46.16662],[23.09104,46.17552],[23.09537,46.18132],[23.07008,46.19887],[23.06943,46.20754],[23.05849,46.20911],[23.05022,46.21325],[23.03828,46.20844],[23.01232,46.21421],[23.0017,46.21232],[22.99146,46.21754],[22.98316,46.21756],[22.98078,46.22622],[22.97611,46.23178],[22.96525,46.2331],[22.96091,46.2373],[22.96066,46.24296],[22.95577,46.24844],[22.95437,46.26062],[22.94828,46.26652],[22.95829,46.27598],[22.96506,46.28237],[22.9576,46.29269],[22.9438,46.299],[22.93502,46.32447],[22.92572,46.33059],[22.91505,46.32982],[22.89857,46.33207],[22.88932,46.33329],[22.88624,46.33454],[22.87811,46.33728],[22.87062,46.33788],[22.85778,46.33593],[22.85273,46.33093],[22.84514,46.32872],[22.81173,46.32703],[22.8056,46.32997]]]]},"properties":{"code":"RO423","nom":"Hunedoara","country":"RO"}},{"type":"Feature","geometry":{"type":"MultiPolygon","coordinates":[[[[23.18321,47.45858],[23.17508,47.45387],[23.16293,47.4455],[23.15765,47.43831],[23.15515,47.44145],[23.13861,47.4441],[23.12429,47.44464],[23.10611,47.44236],[23.11172,47.43873],[23.11596,47.43056],[23.11731,47.4167],[23.11346,47.41153],[23.11935,47.40821],[23.11911,47.39797],[23.11797,47.396],[23.10961,47.39593],[23.09741,47.39102],[23.09104,47.38498],[23.09722,47.37671],[23.10292,47.37399],[23.08916,47.3651],[23.07867,47.36564],[23.07331,47.36055],[23.06295,47.35996],[23.06,47.35289],[23.05419,47.3505],[23.04698,47.35625],[23.04192,47.35608],[23.03714,47.35896],[23.0209,47.35747],[23.01705,47.36351],[23.00284,47.36893],[22.99759,47.36224],[22.98986,47.36086],[22.97667,47.35204],[22.956,47.36066],[22.93701,47.37528],[22.93684,47.38049],[22.93243,47.38116],[22.93218,47.39156],[22.92263,47.3954],[22.92351,47.40019],[22.91968,47.40282],[22.91932,47.4086],[22.91521,47.41284],[22.86938,47.41734],[22.86188,47.4143],[22.85778,47.41736],[22.84915,47.41961],[22.84776,47.42215],[22.83299,47.41809],[22.82645,47.41275],[22.81135,47.40077],[22.80039,47.41177],[22.77747,47.41885],[22.76167,47.416],[22.75728,47.40963],[22.74997,47.40628],[22.74615,47.40737],[22.73339,47.40491],[22.73516,47.4005],[22.72254,47.39296],[22.70087,47.38632],[22.69184,47.38551],[22.67593,47.37799],[22.66878,47.37974],[22.65666,47.37479],[22.64552,47.37358],[22.64146,47.36705],[22.64179,47.36097],[22.62974,47.34974],[22.63325,47.34038],[22.62909,47.34046],[22.62439,47.33475],[22.61268,47.33474],[22.60704,47.32809],[22.5904,47.32624],[22.57699,47.30843],[22.58056,47.30118],[22.57544,47.30143],[22.56947,47.30505],[22.56119,47.30646],[22.5536,47.30288],[22.54929,47.29719],[22.5529,47.28287],[22.54705,47.27954],[22.54685,47.26929],[22.55169,47.27078],[22.55921,47.26577],[22.55227,47.26102],[22.55785,47.26036],[22.56025,47.25217],[22.5529,47.24796],[22.54083,47.23464],[22.52614,47.23448],[22.51724,47.23218],[22.51162,47.21949],[22.52118,47.20834],[22.51637,47.20733],[22.50826,47.21382],[22.5068,47.20865],[22.51081,47.19573],[22.50549,47.19058],[22.49696,47.18816],[22.4941,47.18549],[22.50073,47.17811],[22.50718,47.17139],[22.50891,47.16616],[22.52231,47.1649],[22.53126,47.16823],[22.53883,47.16139],[22.53488,47.15008],[22.54058,47.14716],[22.5486,47.14889],[22.55306,47.14412],[22.55226,47.1414],[22.5447,47.13879],[22.54469,47.1357],[22.55281,47.13374],[22.55615,47.12559],[22.56605,47.12573],[22.56668,47.12174],[22.55309,47.11526],[22.54273,47.11502],[22.53062,47.11063],[22.5143,47.10913],[22.53697,47.09928],[22.54578,47.08805],[22.56822,47.08231],[22.56947,47.08103],[22.57477,47.07559],[22.58281,47.07334],[22.5944,47.06413],[22.62068,47.05987],[22.63114,47.05621],[22.65026,47.05644],[22.6659,47.05052],[22.6871,47.05063],[22.69004,47.04734],[22.69171,47.033],[22.69772,47.03029],[22.70145,47.01809],[22.70926,47.0113],[22.72818,47.00749],[22.73495,47.00769],[22.75314,47.00235],[22.78454,46.9879],[22.78577,46.98154],[22.795,46.97712],[22.82696,46.98593],[22.83131,46.9939],[22.8356,46.99368],[22.84243,46.98961],[22.85244,46.98955],[22.86506,46.983],[22.87371,46.98502],[22.87497,46.97945],[22.88972,46.97545],[22.8978,46.97066],[22.89915,46.95131],[22.89685,46.94493],[22.90172,46.94065],[22.90314,46.93438],[22.90794,46.93623],[22.91605,46.93387],[22.92094,46.9268],[22.92822,46.92518],[22.93223,46.91895],[22.93805,46.91603],[22.94444,46.91833],[22.95667,46.91409],[22.96929,46.91304],[22.97491,46.91025],[22.97785,46.90529],[22.98597,46.90318],[23.00366,46.90472],[23.01295,46.89838],[23.01014,46.89316],[23.01252,46.88834],[23.02205,46.89469],[23.0278,46.8957],[23.03303,46.90083],[23.03553,46.89678],[23.0405,46.89652],[23.03326,46.8902],[23.03639,46.88816],[23.03551,46.88272],[23.03866,46.88186],[23.04405,46.88363],[23.04175,46.888],[23.05511,46.89382],[23.0651,46.90447],[23.06614,46.90062],[23.07776,46.89864],[23.08082,46.89465],[23.09128,46.89022],[23.0836,46.8767],[23.08417,46.8671],[23.0902,46.8626],[23.09357,46.85885],[23.10444,46.85972],[23.10527,46.85404],[23.13098,46.85838],[23.14858,46.8668],[23.15128,46.87104],[23.16018,46.8756],[23.17298,46.87614],[23.17055,46.87838],[23.16239,46.87918],[23.17562,46.87934],[23.19504,46.86944],[23.2024,46.8823],[23.21795,46.89331],[23.21173,46.90291],[23.2051,46.92227],[23.21205,46.92803],[23.22581,46.93375],[23.21784,46.94322],[23.22126,46.95051],[23.23083,46.95568],[23.23235,46.95978],[23.23988,46.95659],[23.24107,46.94687],[23.25616,46.93692],[23.25568,46.92575],[23.26202,46.91275],[23.27529,46.90975],[23.27774,46.90265],[23.28345,46.89883],[23.29154,46.89903],[23.30457,46.90311],[23.30919,46.91028],[23.32328,46.91372],[23.33876,46.90851],[23.34078,46.91007],[23.35409,46.91884],[23.34609,46.92112],[23.34554,46.92489],[23.35243,46.92765],[23.35934,46.92779],[23.36003,46.93069],[23.36251,46.93147],[23.36456,46.93912],[23.37163,46.93787],[23.38267,46.9483],[23.38866,46.95049],[23.37268,46.96199],[23.37629,46.96578],[23.38742,46.9674],[23.38439,46.97199],[23.38587,46.977],[23.4006,46.97693],[23.40568,46.97984],[23.40642,46.9909],[23.42844,46.98886],[23.4336,46.99303],[23.4431,46.99232],[23.44535,46.99706],[23.44943,46.99902],[23.45668,46.99858],[23.46205,47.00072],[23.46311,47.00328],[23.459,47.00629],[23.46692,47.01027],[23.4733,47.01348],[23.46944,47.02299],[23.47286,47.02801],[23.47867,47.02863],[23.48473,47.02982],[23.48627,47.03498],[23.47427,47.0429],[23.47342,47.05385],[23.46692,47.05836],[23.45988,47.05843],[23.45124,47.06145],[23.44713,47.07515],[23.43148,47.08513],[23.42845,47.08937],[23.43396,47.09302],[23.44445,47.08808],[23.44897,47.08924],[23.45403,47.09455],[23.46692,47.09062],[23.48475,47.09063],[23.48831,47.0977],[23.48105,47.10788],[23.4855,47.10935],[23.48517,47.11283],[23.48889,47.11693],[23.49939,47.11333],[23.50277,47.11779],[23.50038,47.12689],[23.49322,47.12955],[23.50065,47.14381],[23.49791,47.15493],[23.50718,47.15686],[23.5206,47.15574],[23.53449,47.16068],[23.54371,47.15926],[23.5436,47.16486],[23.55334,47.17629],[23.56347,47.17887],[23.56935,47.1777],[23.57414,47.17988],[23.58143,47.17764],[23.59204,47.17176],[23.59707,47.16454],[23.60373,47.16525],[23.61763,47.17304],[23.63278,47.182],[23.63262,47.18993],[23.62768,47.19526],[23.63648,47.2029],[23.63799,47.20936],[23.64551,47.21507],[23.64413,47.22209],[23.65156,47.228],[23.6558,47.23509],[23.6612,47.23624],[23.66519,47.23429],[23.66792,47.23787],[23.67968,47.23586],[23.6981,47.24391],[23.71162,47.24375],[23.7208,47.25429],[23.72603,47.24664],[23.75109,47.24255],[23.75464,47.25005],[23.75407,47.26088],[23.75861,47.26479],[23.75697,47.27115],[23.76212,47.28355],[23.76726,47.27985],[23.7696,47.27337],[23.79408,47.26395],[23.7966,47.25886],[23.80805,47.25188],[23.81392,47.25255],[23.81189,47.25525],[23.8133,47.26655],[23.79974,47.28144],[23.81222,47.29104],[23.80829,47.29615],[23.81562,47.29973],[23.8148,47.30741],[23.82096,47.30819],[23.82628,47.30983],[23.82889,47.31886],[23.84057,47.32749],[23.84138,47.34001],[23.83051,47.33892],[23.8244,47.34403],[23.82034,47.34238],[23.81311,47.34335],[23.78669,47.33628],[23.76364,47.33663],[23.76063,47.33486],[23.76066,47.32674],[23.75103,47.32599],[23.74433,47.32114],[23.73684,47.32261],[23.72793,47.32138],[23.71711,47.33168],[23.70918,47.33265],[23.70205,47.34072],[23.70465,47.34553],[23.70083,47.34759],[23.71244,47.35212],[23.69605,47.35417],[23.68825,47.35242],[23.68123,47.35501],[23.66746,47.36659],[23.66514,47.37553],[23.66671,47.38049],[23.66039,47.38047],[23.64673,47.39161],[23.62979,47.39473],[23.62258,47.39137],[23.61766,47.3916],[23.61215,47.38774],[23.61317,47.38353],[23.60978,47.37666],[23.60322,47.3736],[23.59519,47.3748],[23.5864,47.37257],[23.57707,47.36206],[23.5596,47.36347],[23.55731,47.36662],[23.54046,47.36933],[23.53335,47.3676],[23.52176,47.3692],[23.51757,47.36833],[23.51204,47.36253],[23.50418,47.363],[23.49306,47.36679],[23.4814,47.37685],[23.46692,47.37713],[23.44057,47.3805],[23.42202,47.38747],[23.4155,47.38541],[23.40795,47.38983],[23.40178,47.38859],[23.39587,47.39149],[23.38663,47.38792],[23.37769,47.3881],[23.36259,47.40073],[23.35864,47.41533],[23.35493,47.41569],[23.35048,47.41354],[23.34078,47.41374],[23.33582,47.41237],[23.32365,47.41486],[23.31648,47.4195],[23.31255,47.42331],[23.30784,47.42185],[23.29364,47.42238],[23.28876,47.42308],[23.28596,47.4264],[23.26884,47.42579],[23.25889,47.42869],[23.24759,47.43629],[23.23587,47.43529],[23.2243,47.43938],[23.22059,47.43313],[23.20592,47.44201],[23.20418,47.44839],[23.19246,47.45278],[23.18788,47.45246],[23.18321,47.45858]]]]},"properties":{"code":"RO116","nom":"S\u0103laj","country":"RO"}},{"type":"Feature","geometry":{"type":"MultiPolygon","coordinates":[[[[27.86855,46.16066],[27.85718,46.16309],[27.85566,46.15823],[27.84694,46.15637],[27.84596,46.12934],[27.84343,46.12632],[27.83114,46.12687],[27.83775,46.11652],[27.8357,46.11432],[27.82953,46.11206],[27.82226,46.118],[27.80943,46.1117],[27.81543,46.10481],[27.79666,46.09867],[27.79239,46.10069],[27.78766,46.09559],[27.78591,46.11156],[27.77845,46.11057],[27.76432,46.11556],[27.7618,46.12751],[27.72644,46.12979],[27.71196,46.12958],[27.7094,46.1379],[27.6927,46.13293],[27.67654,46.14068],[27.6725,46.13396],[27.66754,46.13304],[27.65105,46.1396],[27.64689,46.13073],[27.63438,46.13757],[27.62585,46.13487],[27.61076,46.13559],[27.60566,46.13123],[27.59837,46.13906],[27.60355,46.14447],[27.59129,46.14882],[27.58231,46.1437],[27.58563,46.13544],[27.59804,46.12461],[27.59106,46.1214],[27.59326,46.11443],[27.58993,46.1101],[27.60473,46.09272],[27.60954,46.07838],[27.58705,46.07281],[27.59166,46.06974],[27.6153,46.07279],[27.61932,46.07044],[27.61718,46.06563],[27.62317,46.06592],[27.62768,46.06138],[27.60031,46.05529],[27.59959,46.04202],[27.60384,46.03556],[27.59672,46.02765],[27.60348,46.01927],[27.58958,46.00942],[27.56425,46.0032],[27.56071,46.00704],[27.55092,46.01092],[27.54083,46.02123],[27.52673,46.04459],[27.51597,46.0546],[27.53191,46.06712],[27.51716,46.08535],[27.5218,46.08639],[27.52337,46.09113],[27.53491,46.09595],[27.52429,46.11475],[27.5123,46.12664],[27.50545,46.13285],[27.50454,46.13402],[27.50405,46.13543],[27.50305,46.13962],[27.48451,46.1392],[27.47885,46.12597],[27.44866,46.12685],[27.42756,46.13884],[27.41851,46.13334],[27.41906,46.12841],[27.4266,46.11729],[27.42234,46.10195],[27.42829,46.09415],[27.42428,46.08929],[27.41851,46.08959],[27.39696,46.08657],[27.39228,46.08891],[27.37285,46.08776],[27.36941,46.08604],[27.36851,46.08111],[27.36634,46.07896],[27.32459,46.07962],[27.31996,46.08522],[27.29629,46.08446],[27.28586,46.07908],[27.28278,46.07479],[27.28416,46.06798],[27.28767,46.06632],[27.28992,46.0612],[27.27757,46.05841],[27.2754,46.04845],[27.26891,46.04349],[27.26095,46.04152],[27.24289,46.04389],[27.23689,46.04618],[27.2335,46.038],[27.23418,46.02383],[27.22741,46.0091],[27.23275,45.98881],[27.23229,45.97681],[27.23705,45.96833],[27.24259,45.94637],[27.25673,45.92906],[27.27428,45.89635],[27.28277,45.88631],[27.27774,45.88399],[27.25332,45.88207],[27.2495,45.87301],[27.26949,45.87372],[27.27345,45.86989],[27.27973,45.8696],[27.27624,45.86599],[27.27909,45.85749],[27.28246,45.85614],[27.2903,45.85849],[27.30329,45.84449],[27.30811,45.83394],[27.31964,45.80547],[27.32784,45.79494],[27.34094,45.78857],[27.33909,45.78389],[27.3543,45.75938],[27.35413,45.74776],[27.35666,45.7438],[27.36187,45.73044],[27.37033,45.72326],[27.3733,45.71656],[27.37517,45.71324],[27.38134,45.70647],[27.38814,45.70136],[27.40324,45.68287],[27.41481,45.67821],[27.41851,45.67973],[27.42543,45.67769],[27.42207,45.67083],[27.4241,45.66907],[27.43066,45.67058],[27.43833,45.67873],[27.45015,45.67081],[27.45009,45.6631],[27.456,45.65706],[27.45285,45.65083],[27.46261,45.64607],[27.46645,45.63849],[27.4709,45.63698],[27.48398,45.6406],[27.49055,45.63957],[27.48876,45.62984],[27.4994,45.6277],[27.50887,45.62377],[27.51332,45.61818],[27.50277,45.60815],[27.51393,45.6047],[27.51967,45.59054],[27.53626,45.58109],[27.53196,45.57851],[27.51107,45.57666],[27.50516,45.5679],[27.50666,45.561],[27.52243,45.55417],[27.528,45.54839],[27.52878,45.54095],[27.52297,45.53097],[27.52363,45.52428],[27.52787,45.51679],[27.54096,45.51008],[27.53918,45.50583],[27.53242,45.50549],[27.52793,45.50079],[27.5298,45.49842],[27.53683,45.49466],[27.54416,45.49846],[27.55852,45.48838],[27.56308,45.49025],[27.57193,45.48789],[27.57751,45.49113],[27.58836,45.48567],[27.60317,45.48315],[27.60375,45.47777],[27.61383,45.47359],[27.61121,45.46594],[27.61299,45.46451],[27.62367,45.46552],[27.62831,45.45521],[27.64295,45.46074],[27.64601,45.4637],[27.64439,45.47717],[27.65463,45.48048],[27.65458,45.48993],[27.66415,45.48979],[27.66105,45.48301],[27.65915,45.47539],[27.66176,45.47257],[27.68855,45.48139],[27.69349,45.48064],[27.69305,45.47216],[27.6819,45.46589],[27.68854,45.46053],[27.68261,45.46013],[27.67506,45.44568],[27.70239,45.4364],[27.71584,45.43409],[27.72303,45.44083],[27.72803,45.44111],[27.73603,45.43759],[27.74861,45.44802],[27.74994,45.44643],[27.74244,45.43331],[27.74356,45.42649],[27.7388,45.41758],[27.74148,45.41473],[27.74606,45.41472],[27.7557,45.41862],[27.76928,45.4195],[27.77596,45.42211],[27.7833,45.42173],[27.78597,45.41934],[27.78723,45.40714],[27.80936,45.40289],[27.82135,45.397],[27.84327,45.40004],[27.85772,45.39666],[27.86835,45.39837],[27.8699,45.401],[27.86624,45.40536],[27.87189,45.41011],[27.87304,45.4166],[27.88343,45.41692],[27.89047,45.41949],[27.91817,45.40682],[27.94293,45.4058],[27.95598,45.4028],[27.98336,45.39128],[27.9884,45.39343],[27.99353,45.4],[28.00527,45.39641],[28.01533,45.40134],[28.03052,45.40433],[28.03958,45.41606],[28.0721,45.43331],[28.0749,45.43479],[28.07819,45.43587],[28.08091,45.43721],[28.08817,45.43962],[28.09268,45.44028],[28.09823,45.44109],[28.10103,45.44116],[28.10728,45.44125],[28.12298,45.43875],[28.13075,45.43727],[28.14023,45.43331],[28.14419,45.43166],[28.15648,45.42573],[28.17186,45.41797],[28.18199,45.41334],[28.18715,45.41297],[28.19039,45.41409],[28.19216,45.41532],[28.19275,45.41687],[28.19345,45.42151],[28.19191,45.42699],[28.192,45.43026],[28.19161,45.43331],[28.19096,45.43842],[28.19083,45.44131],[28.19093,45.4434],[28.1917,45.45062],[28.19253,45.45452],[28.19378,45.45809],[28.19625,45.46178],[28.19884,45.46459],[28.20294,45.46691],[28.20766,45.46743],[28.21136,45.46728],[28.18673,45.4744],[28.17957,45.48439],[28.17436,45.49807],[28.17155,45.50035],[28.16299,45.50093],[28.16375,45.5057],[28.15793,45.50976],[28.16497,45.51797],[28.15887,45.52354],[28.16537,45.52681],[28.16325,45.5336],[28.16514,45.54254],[28.1617,45.54628],[28.15645,45.55375],[28.15694,45.55995],[28.15065,45.56273],[28.15506,45.56731],[28.15521,45.57217],[28.14594,45.56761],[28.13744,45.57639],[28.13334,45.57358],[28.12047,45.57331],[28.11604,45.58281],[28.09343,45.59767],[28.09268,45.59897],[28.08856,45.60611],[28.08865,45.60925],[28.08991,45.61046],[28.09212,45.6117],[28.1083,45.62097],[28.11261,45.62639],[28.11925,45.62648],[28.13014,45.61933],[28.13108,45.62297],[28.13649,45.62498],[28.14422,45.62206],[28.15677,45.63608],[28.1718,45.64118],[28.17305,45.64703],[28.15871,45.65073],[28.16528,45.65402],[28.16273,45.66082],[28.16995,45.67912],[28.16633,45.6854],[28.16088,45.70306],[28.16958,45.70754],[28.16447,45.71748],[28.16609,45.72349],[28.16132,45.72564],[28.16629,45.73585],[28.15188,45.74458],[28.15163,45.75266],[28.14392,45.76071],[28.14896,45.76439],[28.15046,45.77243],[28.15495,45.77573],[28.15287,45.78237],[28.13481,45.77878],[28.12293,45.7876],[28.12245,45.78794],[28.11293,45.79268],[28.11354,45.79542],[28.11905,45.79522],[28.12182,45.79868],[28.11896,45.8132],[28.10838,45.81633],[28.11195,45.82133],[28.10979,45.83067],[28.11245,45.83444],[28.10993,45.83751],[28.10663,45.84299],[28.11144,45.84493],[28.11309,45.84899],[28.10675,45.85948],[28.12597,45.86323],[28.12769,45.86585],[28.13144,45.87552],[28.12841,45.87817],[28.12899,45.88328],[28.11341,45.88428],[28.11771,45.8885],[28.11269,45.89839],[28.11965,45.90138],[28.11623,45.90881],[28.12092,45.91849],[28.12456,45.92226],[28.12032,45.93117],[28.11504,45.93576],[28.11776,45.94396],[28.11506,45.95275],[28.10488,45.96206],[28.10788,45.96799],[28.10259,45.97273],[28.10641,45.97768],[28.09863,45.97996],[28.10526,45.98846],[28.09844,45.99238],[28.09268,46.00194],[28.08707,46.00791],[28.09415,46.0148],[28.0886,46.02139],[28.0905,46.03286],[28.096,46.041],[28.10168,46.04374],[28.10471,46.05364],[28.09481,46.0538],[28.09268,46.05477],[28.08925,46.05841],[28.09268,46.05939],[28.09818,46.06097],[28.09977,46.0632],[28.09268,46.06724],[28.09023,46.06863],[28.09268,46.07712],[28.09868,46.07961],[28.10832,46.08007],[28.11024,46.08594],[28.1065,46.09056],[28.10704,46.09539],[28.10359,46.09814],[28.10997,46.10282],[28.11855,46.10243],[28.12235,46.10545],[28.12021,46.10619],[28.11757,46.1067],[28.1158,46.10783],[28.11472,46.11265],[28.1051,46.11638],[28.09268,46.11686],[28.07592,46.11751],[28.04156,46.10662],[28.01743,46.10381],[28.00964,46.10538],[28.00879,46.11467],[28.00062,46.11519],[27.98511,46.11104],[27.98078,46.11707],[27.97994,46.12246],[27.97226,46.12319],[27.96458,46.14144],[27.93997,46.13571],[27.9269,46.15159],[27.91647,46.14912],[27.90992,46.15326],[27.88575,46.1457],[27.87349,46.14569],[27.86855,46.16066]]]]},"properties":{"code":"RO224","nom":"Gala\u0163i","country":"RO"}},{"type":"Feature","geometry":{"type":"MultiPolygon","coordinates":[[[[28.28523,45.43237],[28.28,45.44342],[28.26195,45.45492],[28.22955,45.46476],[28.21136,45.46728],[28.20766,45.46743],[28.20294,45.46691],[28.19884,45.46459],[28.19625,45.46178],[28.19378,45.45809],[28.19253,45.45452],[28.1917,45.45062],[28.19093,45.4434],[28.19083,45.44131],[28.19096,45.43842],[28.19161,45.43331],[28.192,45.43026],[28.19191,45.42699],[28.19345,45.42151],[28.19275,45.41687],[28.19216,45.41532],[28.19039,45.41409],[28.18715,45.41297],[28.18199,45.41334],[28.17186,45.41797],[28.15648,45.42573],[28.14419,45.43166],[28.14023,45.43331],[28.13075,45.43727],[28.12298,45.43875],[28.10728,45.44125],[28.10103,45.44116],[28.09823,45.44109],[28.09268,45.44028],[28.08817,45.43962],[28.08091,45.43721],[28.07819,45.43587],[28.0749,45.43479],[28.0721,45.43331],[28.03958,45.41606],[28.03052,45.40433],[28.02876,45.40046],[28.02667,45.39349],[28.02623,45.3888],[28.02639,45.38143],[28.02725,45.37539],[28.02699,45.36836],[28.02664,45.36594],[28.02603,45.36373],[28.02523,45.36203],[28.0246,45.35948],[28.024,45.35662],[28.02286,45.3525],[28.01212,45.33416],[28.01092,45.33063],[28.01002,45.32372],[28.00922,45.32176],[28.00845,45.32045],[28.00316,45.31416],[28.0015,45.31182],[27.99919,45.30817],[27.99696,45.29869],[27.99481,45.28674],[28.00001,45.28375],[28.00404,45.28098],[28.01181,45.27408],[28.01814,45.26951],[28.02283,45.26685],[28.02779,45.26454],[28.03813,45.26058],[28.046,45.25799],[28.05768,45.25473],[28.06808,45.25224],[28.09268,45.24976],[28.10138,45.25179],[28.11047,45.25765],[28.11507,45.25732],[28.12912,45.23387],[28.10933,45.20983],[28.0938,45.19435],[28.09345,45.18935],[28.13934,45.16904],[28.15985,45.15626],[28.17207,45.14809],[28.17358,45.14726],[28.19389,45.14096],[28.19694,45.13712],[28.17041,45.12264],[28.17044,45.11828],[28.17857,45.10761],[28.17546,45.10216],[28.16728,45.10012],[28.14881,45.10109],[28.14024,45.10349],[28.13619,45.10191],[28.13445,45.08154],[28.14121,45.05839],[28.15199,45.03629],[28.13535,45.0282],[28.12872,45.01363],[28.14221,44.97997],[28.1502,44.97617],[28.15075,44.97055],[28.13296,44.94861],[28.12506,44.92258],[28.12808,44.90289],[28.13283,44.89707],[28.14192,44.89177],[28.13793,44.8838],[28.13092,44.87866],[28.10972,44.87034],[28.10039,44.86159],[28.09665,44.84557],[28.09473,44.84307],[28.09268,44.84041],[28.07621,44.81901],[28.07411,44.80389],[28.09268,44.79884],[28.11178,44.79365],[28.13442,44.80094],[28.15217,44.80031],[28.1816,44.78536],[28.18126,44.76996],[28.18156,44.76733],[28.18149,44.76105],[28.18637,44.7584],[28.1953,44.75437],[28.21218,44.75425],[28.21474,44.75423],[28.21929,44.76317],[28.23735,44.76454],[28.24133,44.75647],[28.26185,44.75539],[28.26271,44.7501],[28.25911,44.74618],[28.26243,44.72704],[28.27355,44.71876],[28.27,44.71174],[28.27832,44.71155],[28.26905,44.69922],[28.27502,44.69824],[28.29122,44.70801],[28.29876,44.7073],[28.313,44.71107],[28.323,44.70781],[28.32585,44.70688],[28.323,44.70414],[28.3146,44.69606],[28.323,44.6948],[28.33321,44.69326],[28.34744,44.69111],[28.36394,44.6915],[28.36562,44.68535],[28.37578,44.68525],[28.37803,44.68092],[28.38303,44.67747],[28.37852,44.66485],[28.37936,44.65524],[28.38586,44.65005],[28.38911,44.64084],[28.39727,44.6392],[28.39844,44.6347],[28.40983,44.6289],[28.40928,44.62457],[28.41862,44.6215],[28.42171,44.61648],[28.43386,44.61714],[28.43653,44.62612],[28.43856,44.6289],[28.44782,44.64155],[28.44715,44.64366],[28.43485,44.64919],[28.4364,44.65408],[28.42846,44.65853],[28.43476,44.6738],[28.44672,44.66909],[28.44837,44.66403],[28.46941,44.65603],[28.46971,44.6485],[28.52079,44.63418],[28.52855,44.63732],[28.53445,44.66169],[28.58101,44.65808],[28.59054,44.65418],[28.59576,44.65786],[28.60311,44.65939],[28.68092,44.66848],[28.67908,44.66254],[28.69852,44.65767],[28.69304,44.65309],[28.69596,44.65075],[28.71103,44.65452],[28.72631,44.6493],[28.7332,44.65093],[28.74076,44.6473],[28.75064,44.65405],[28.77854,44.655],[28.77841,44.64913],[28.78282,44.64613],[28.79184,44.63491],[28.79857,44.63481],[28.80295,44.63859],[28.80903,44.63302],[28.82313,44.63253],[28.85929,44.65904],[28.88879,44.67588],[28.91241,44.68573],[28.91359,44.69403],[28.91686,44.69659],[28.95419,44.69464],[28.96977,44.68942],[28.98636,44.67912],[28.99408,44.67963],[29.00245,44.68694],[29.02914,44.71025],[29.04527,44.72304],[29.05852,44.73153],[29.08505,44.74902],[29.10634,44.75966],[29.12286,44.76611],[29.13849,44.77145],[29.15519,44.77655],[29.18599,44.78466],[29.21922,44.79142],[29.24537,44.79678],[29.26133,44.79892],[29.27096,44.80012],[29.35193,44.80945],[29.51292,44.82153],[29.53581,44.82472],[29.5529,44.82392],[29.56298,44.82741],[29.5717,44.83465],[29.58796,44.83503],[29.60121,44.84078],[29.60286,44.84307],[29.61558,44.86067],[29.61732,44.8737],[29.61529,44.87936],[29.62196,44.8849],[29.62287,44.8912],[29.64938,45.07402],[29.65352,45.09621],[29.6694,45.12806],[29.69057,45.14925],[29.69236,45.154],[29.71263,45.1655],[29.70747,45.16656],[29.66297,45.16191],[29.64674,45.16493],[29.63748,45.18158],[29.63191,45.20975],[29.63783,45.21293],[29.64724,45.21025],[29.6621,45.21062],[29.67914,45.20558],[29.68134,45.20683],[29.67964,45.21184],[29.67051,45.22155],[29.65985,45.24764],[29.66377,45.25974],[29.6765,45.26754],[29.67749,45.27305],[29.66894,45.30817],[29.6549,45.33589],[29.5965,45.38423],[29.55278,45.40695],[29.54105,45.40996],[29.47559,45.42249],[29.44075,45.43331],[29.43187,45.44091],[29.42641,45.442],[29.39411,45.43623],[29.38015,45.43885],[29.35421,45.43671],[29.33023,45.44828],[29.31716,45.44503],[29.30363,45.43331],[29.2939,45.42866],[29.28227,45.42701],[29.2578,45.43331],[29.2485,45.43568],[29.23994,45.43331],[29.21508,45.41896],[29.18913,45.41304],[29.1812,45.40352],[29.17824,45.39958],[29.16849,45.39479],[29.13582,45.38429],[29.11973,45.38127],[29.10746,45.37546],[29.08506,45.37403],[29.06172,45.36201],[29.04173,45.35951],[29.01977,45.34828],[29.00245,45.33987],[28.99074,45.33419],[28.96977,45.33188],[28.96416,45.32947],[28.94989,45.31169],[28.95538,45.29161],[28.95271,45.28617],[28.94492,45.28176],[28.93392,45.28081],[28.92219,45.28366],[28.91177,45.28857],[28.89305,45.30224],[28.88921,45.30478],[28.87442,45.31609],[28.85329,45.31626],[28.84207,45.31878],[28.81834,45.3353],[28.79782,45.33539],[28.79536,45.33455],[28.78989,45.33279],[28.7861,45.33108],[28.78282,45.32927],[28.78026,45.32712],[28.77929,45.32404],[28.78005,45.32199],[28.78282,45.32016],[28.7997,45.31521],[28.80508,45.31091],[28.80348,45.30484],[28.79455,45.29489],[28.78282,45.29065],[28.75821,45.29006],[28.75282,45.28699],[28.75084,45.28186],[28.76471,45.26354],[28.78282,45.26001],[28.79087,45.25562],[28.79365,45.24672],[28.79024,45.24081],[28.78282,45.2375],[28.77696,45.23626],[28.77118,45.23553],[28.76525,45.23504],[28.75768,45.23402],[28.75293,45.23395],[28.74949,45.23395],[28.74593,45.23349],[28.74188,45.23165],[28.73849,45.23052],[28.73655,45.22987],[28.73424,45.22868],[28.73229,45.22781],[28.72514,45.22607],[28.72099,45.22529],[28.717,45.22438],[28.71192,45.22431],[28.70285,45.22519],[28.70008,45.2254],[28.69655,45.22655],[28.69382,45.22717],[28.69122,45.22777],[28.68787,45.22904],[28.67873,45.23211],[28.66097,45.23789],[28.65831,45.23876],[28.65039,45.24041],[28.64546,45.24194],[28.64123,45.24325],[28.63748,45.24393],[28.6316,45.245],[28.56838,45.24799],[28.56361,45.24866],[28.55964,45.24977],[28.55599,45.25135],[28.55051,45.25412],[28.54471,45.25667],[28.54218,45.25772],[28.53964,45.25867],[28.53487,45.26054],[28.5295,45.26255],[28.52577,45.26407],[28.51889,45.26644],[28.51439,45.26787],[28.51051,45.26929],[28.50452,45.2712],[28.50182,45.27215],[28.4982,45.27345],[28.49197,45.27564],[28.48562,45.27889],[28.48155,45.28034],[28.4715,45.28303],[28.46549,45.28453],[28.46169,45.28555],[28.45821,45.28625],[28.44973,45.28786],[28.44509,45.28891],[28.43826,45.2908],[28.42752,45.29433],[28.42364,45.29566],[28.40648,45.30156],[28.39256,45.30624],[28.39018,45.30704],[28.38067,45.31023],[28.37695,45.31143],[28.36281,45.31599],[28.35691,45.31775],[28.3517,45.31944],[28.34749,45.32128],[28.34494,45.32255],[28.34137,45.32505],[28.33882,45.32726],[28.33556,45.33092],[28.3344,45.33222],[28.33321,45.33384],[28.32899,45.33956],[28.323,45.34752],[28.32193,45.34894],[28.3205,45.3515],[28.31388,45.36167],[28.31251,45.36344],[28.2857,45.39841],[28.28523,45.43237]],[[28.40431,44.64911],[28.40855,44.64905],[28.40757,44.64648],[28.40161,44.64584],[28.40431,44.64911]]],[[[29.55496,44.79342],[29.56475,44.80174],[29.56346,44.80262],[29.55613,44.79784],[29.55504,44.79552],[29.55087,44.79247],[29.54397,44.78883],[29.53764,44.78904],[29.5313,44.78758],[29.52419,44.7873],[29.52438,44.78299],[29.51801,44.7818],[29.51594,44.77853],[29.50626,44.77749],[29.50064,44.77795],[29.49881,44.77656],[29.48865,44.77801],[29.48586,44.77716],[29.48559,44.77509],[29.47657,44.77741],[29.47689,44.7794],[29.47447,44.77953],[29.46929,44.78251],[29.46363,44.78197],[29.46439,44.78038],[29.47161,44.77561],[29.47666,44.7738],[29.49029,44.77164],[29.49701,44.77125],[29.50916,44.77268],[29.51428,44.77382],[29.52914,44.77884],[29.54731,44.78841],[29.55496,44.79342]]],[[[29.59411,44.83104],[29.59637,44.83409],[29.59225,44.83412],[29.59147,44.83125],[29.58837,44.83077],[29.58765,44.82812],[29.58531,44.82823],[29.58207,44.82272],[29.57825,44.82114],[29.57693,44.81894],[29.57846,44.81787],[29.576,44.81656],[29.57334,44.81139],[29.57497,44.811],[29.58146,44.8175],[29.59411,44.83104]]],[[[29.57235,44.80718],[29.57018,44.80884],[29.56554,44.80547],[29.56822,44.80369],[29.57235,44.80718]]]]},"properties":{"code":"RO225","nom":"Tulcea","country":"RO"}},{"type":"Feature","geometry":{"type":"MultiPolygon","coordinates":[[[[23.61623,45.33946],[23.60261,45.3423],[23.59281,45.35003],[23.59064,45.35307],[23.56761,45.34965],[23.56207,45.34362],[23.55075,45.33923],[23.53914,45.3401],[23.53678,45.33242],[23.52934,45.32886],[23.51358,45.32701],[23.48302,45.3137],[23.47179,45.30305],[23.46692,45.30217],[23.44281,45.29781],[23.43546,45.30416],[23.42069,45.30714],[23.40182,45.3154],[23.40524,45.3232],[23.40263,45.33381],[23.39356,45.33295],[23.37757,45.33845],[23.37422,45.33228],[23.35802,45.33322],[23.35354,45.33158],[23.34078,45.33174],[23.32915,45.32214],[23.32597,45.30955],[23.30996,45.29992],[23.30307,45.30414],[23.28861,45.30944],[23.27726,45.30651],[23.25747,45.30765],[23.24683,45.30699],[23.22434,45.2988],[23.21585,45.2898],[23.21361,45.28176],[23.20741,45.27734],[23.18699,45.28511],[23.18071,45.28517],[23.17756,45.2819],[23.16913,45.28001],[23.16252,45.28241],[23.15665,45.28085],[23.14906,45.28625],[23.14075,45.28177],[23.13327,45.28106],[23.11443,45.28828],[23.09349,45.29064],[23.07905,45.27738],[23.06915,45.27541],[23.06486,45.26524],[23.05513,45.2661],[23.03412,45.259],[23.02126,45.25619],[23.01569,45.25683],[23.00916,45.25371],[23.00206,45.25525],[22.99623,45.25953],[22.98965,45.25776],[22.98467,45.25507],[22.97445,45.25484],[22.96821,45.25971],[22.96374,45.27035],[22.95552,45.27089],[22.95045,45.26675],[22.95114,45.25861],[22.94445,45.24009],[22.94091,45.23882],[22.92221,45.24134],[22.93207,45.24737],[22.94345,45.26499],[22.95201,45.27282],[22.93234,45.27811],[22.91452,45.27852],[22.86635,45.26209],[22.85778,45.27495],[22.84791,45.27476],[22.83626,45.28243],[22.82476,45.2847],[22.82277,45.27861],[22.81754,45.27547],[22.80669,45.27052],[22.79722,45.2704],[22.78647,45.2633],[22.78012,45.26265],[22.77289,45.26956],[22.76307,45.26864],[22.75709,45.26468],[22.74508,45.26471],[22.73341,45.25352],[22.71905,45.25422],[22.71097,45.25876],[22.70044,45.2596],[22.69887,45.25379],[22.69345,45.25241],[22.69026,45.25683],[22.68625,45.25796],[22.68555,45.25299],[22.67697,45.2474],[22.67237,45.24046],[22.66442,45.23608],[22.64999,45.23378],[22.64712,45.23318],[22.6497,45.22519],[22.64589,45.22022],[22.62618,45.20885],[22.61355,45.20904],[22.60203,45.20569],[22.59597,45.19846],[22.58932,45.19579],[22.58152,45.18849],[22.57668,45.18396],[22.57465,45.17646],[22.56947,45.17164],[22.56129,45.16403],[22.55917,45.15686],[22.56836,45.1465],[22.58152,45.13774],[22.59383,45.13478],[22.60483,45.1375],[22.61784,45.13404],[22.62868,45.13442],[22.64006,45.12758],[22.64999,45.12739],[22.65665,45.11526],[22.65663,45.10817],[22.67238,45.10158],[22.68211,45.10521],[22.68515,45.10414],[22.69765,45.08786],[22.69948,45.07748],[22.70534,45.06731],[22.70803,45.071],[22.72392,45.07633],[22.73169,45.07541],[22.72549,45.06884],[22.73602,45.06862],[22.73401,45.06304],[22.73764,45.05962],[22.74677,45.05835],[22.76857,45.06042],[22.78098,45.05129],[22.78444,45.04559],[22.8027,45.04102],[22.81754,45.03229],[22.83005,45.02483],[22.82952,45.01968],[22.84982,44.99986],[22.84982,44.99303],[22.85778,44.99069],[22.86074,44.98983],[22.88002,44.99625],[22.89001,44.99607],[22.89349,44.9926],[22.89952,44.99109],[22.89383,44.98596],[22.88998,44.97569],[22.89717,44.96758],[22.89553,44.96418],[22.89412,44.96565],[22.88782,44.96444],[22.88133,44.96087],[22.86992,44.96146],[22.87385,44.95306],[22.87164,44.94555],[22.87839,44.934],[22.87822,44.9257],[22.88337,44.92015],[22.89013,44.90313],[22.88901,44.89583],[22.89508,44.88557],[22.89222,44.87825],[22.89517,44.8739],[22.89222,44.86757],[22.89631,44.85885],[22.89047,44.85296],[22.8953,44.84859],[22.89554,44.84815],[22.89753,44.84082],[22.90522,44.83025],[22.90927,44.82272],[22.92076,44.8215],[22.9413,44.81237],[22.94562,44.80726],[22.94179,44.80412],[22.93809,44.80458],[22.93495,44.80143],[22.94093,44.78478],[22.94762,44.77931],[22.96123,44.79395],[22.97169,44.79071],[22.98292,44.78346],[22.98965,44.78288],[22.99514,44.7766],[22.99207,44.77314],[22.99491,44.77096],[22.99286,44.76814],[22.99495,44.76264],[23.00098,44.75814],[23.00399,44.7562],[23.00369,44.7484],[23.00701,44.74362],[23.02823,44.73467],[23.04518,44.7342],[23.05187,44.72607],[23.05986,44.72858],[23.06398,44.72695],[23.06052,44.72127],[23.0653,44.7167],[23.06421,44.712],[23.07424,44.70746],[23.07862,44.7022],[23.09158,44.69591],[23.10457,44.69315],[23.11165,44.68643],[23.11926,44.68462],[23.12404,44.68665],[23.13079,44.68597],[23.13968,44.67876],[23.14356,44.68159],[23.1318,44.68932],[23.13508,44.69527],[23.13832,44.69184],[23.14543,44.6895],[23.17023,44.69034],[23.19075,44.69456],[23.19319,44.6918],[23.18895,44.67892],[23.20684,44.67886],[23.21997,44.67523],[23.22723,44.67625],[23.23635,44.6716],[23.27416,44.66916],[23.28813,44.67588],[23.29473,44.67053],[23.31562,44.66182],[23.32069,44.65339],[23.32071,44.64762],[23.34078,44.63825],[23.34246,44.63756],[23.36115,44.62903],[23.3726,44.6271],[23.39117,44.6285],[23.38627,44.62001],[23.41188,44.60996],[23.41171,44.60288],[23.40331,44.59135],[23.42369,44.58828],[23.42524,44.5819],[23.44161,44.57566],[23.44425,44.57143],[23.45504,44.56956],[23.46443,44.56956],[23.46471,44.57601],[23.46692,44.57703],[23.47071,44.57876],[23.4873,44.5782],[23.49452,44.57393],[23.49593,44.57886],[23.50627,44.58397],[23.50898,44.59513],[23.51665,44.60132],[23.54725,44.60711],[23.56268,44.60772],[23.58883,44.61509],[23.59969,44.60707],[23.60041,44.59818],[23.61482,44.59003],[23.62338,44.58899],[23.64024,44.59555],[23.66372,44.60021],[23.6763,44.59893],[23.69641,44.60153],[23.69906,44.59985],[23.69744,44.59543],[23.70564,44.59114],[23.7077,44.58509],[23.7155,44.59698],[23.71088,44.60959],[23.71976,44.62782],[23.71758,44.63686],[23.709,44.64318],[23.7138,44.65199],[23.70898,44.66014],[23.71733,44.67091],[23.72547,44.68481],[23.72124,44.6903],[23.72116,44.70074],[23.71565,44.70483],[23.71304,44.71215],[23.71487,44.71809],[23.71661,44.72567],[23.72169,44.72967],[23.73247,44.72221],[23.74751,44.71639],[23.7805,44.71399],[23.77704,44.72496],[23.77901,44.74184],[23.78133,44.74787],[23.77762,44.75358],[23.78033,44.75985],[23.77324,44.76867],[23.77072,44.7808],[23.77547,44.79569],[23.78664,44.79805],[23.7877,44.80618],[23.79533,44.81781],[23.7822,44.83861],[23.78499,44.84962],[23.7761,44.8653],[23.76982,44.865],[23.76972,44.87026],[23.76528,44.87152],[23.75838,44.86955],[23.75562,44.87179],[23.76351,44.88671],[23.7602,44.89929],[23.76905,44.90577],[23.76517,44.9252],[23.77233,44.94942],[23.76801,44.95711],[23.76555,44.96442],[23.76154,44.97085],[23.76032,44.98827],[23.75564,44.99532],[23.75808,45.00566],[23.77195,45.00937],[23.79554,45.02473],[23.79382,45.03739],[23.78486,45.05048],[23.78258,45.06335],[23.8285,45.07466],[23.82598,45.07858],[23.82798,45.08925],[23.81796,45.10209],[23.81982,45.10503],[23.82466,45.10508],[23.8223,45.11678],[23.812,45.12548],[23.82655,45.13558],[23.84471,45.14166],[23.84629,45.1452],[23.85335,45.14786],[23.85385,45.16415],[23.84122,45.18337],[23.8385,45.19325],[23.81819,45.20743],[23.81004,45.22574],[23.80987,45.23811],[23.80339,45.2437],[23.79687,45.26056],[23.82517,45.29963],[23.84416,45.3151],[23.84475,45.32495],[23.84116,45.33186],[23.82686,45.33576],[23.79779,45.35251],[23.77464,45.34733],[23.76017,45.33755],[23.73635,45.33323],[23.72676,45.32815],[23.70952,45.334],[23.68549,45.32813],[23.66807,45.34162],[23.65268,45.34874],[23.64483,45.34997],[23.63411,45.34371],[23.62926,45.33577],[23.62562,45.33428],[23.61623,45.33946]]]]},"properties":{"code":"RO412","nom":"Gorj","country":"RO"}},{"type":"Feature","geometry":{"type":"MultiPolygon","coordinates":[[[[25.07123,47.13393],[25.06338,47.13654],[25.0515,47.13169],[25.04283,47.13232],[25.03436,47.12572],[25.03062,47.11836],[25.01492,47.11155],[24.9979,47.11126],[24.98695,47.11799],[24.97769,47.11448],[24.96382,47.11861],[24.95246,47.11918],[24.9421,47.10726],[24.9412,47.1021],[24.93051,47.09634],[24.91437,47.10164],[24.90587,47.10115],[24.89731,47.10823],[24.87021,47.10484],[24.85355,47.09508],[24.83859,47.0804],[24.82226,47.07103],[24.81548,47.06307],[24.79486,47.05091],[24.78483,47.03887],[24.77479,47.00972],[24.76278,46.99652],[24.75288,46.99549],[24.7411,46.98239],[24.74039,46.9741],[24.74414,46.9708],[24.73994,46.96081],[24.73629,46.9588],[24.73438,46.9573],[24.73629,46.95588],[24.74072,46.95335],[24.73629,46.94929],[24.72214,46.93335],[24.73629,46.92486],[24.74257,46.92079],[24.75292,46.91362],[24.75299,46.90957],[24.74569,46.90626],[24.73629,46.90875],[24.72863,46.91055],[24.72302,46.90381],[24.70973,46.9024],[24.70297,46.90459],[24.69166,46.90812],[24.65621,46.91009],[24.65496,46.91489],[24.64709,46.9183],[24.65205,46.92314],[24.64078,46.92602],[24.64464,46.93721],[24.63948,46.93813],[24.63839,46.94496],[24.62901,46.95034],[24.62178,46.94347],[24.61005,46.94417],[24.59983,46.94735],[24.59446,46.94464],[24.58453,46.92828],[24.57865,46.92589],[24.58449,46.92135],[24.58453,46.91517],[24.56875,46.91378],[24.56577,46.90873],[24.5598,46.90574],[24.53324,46.90657],[24.53263,46.89859],[24.53938,46.89112],[24.53307,46.88109],[24.538,46.87553],[24.53209,46.86867],[24.52633,46.85462],[24.52039,46.85196],[24.50466,46.8516],[24.50336,46.84032],[24.4927,46.84053],[24.48373,46.83281],[24.46934,46.82793],[24.46474,46.82269],[24.45815,46.82007],[24.46271,46.81136],[24.45679,46.80512],[24.45077,46.78966],[24.45889,46.78541],[24.46319,46.79057],[24.47223,46.78286],[24.45206,46.76566],[24.43289,46.77054],[24.42991,46.77506],[24.42563,46.77619],[24.42282,46.77234],[24.41615,46.77341],[24.41024,46.772],[24.40252,46.76515],[24.40276,46.76081],[24.39959,46.75792],[24.40245,46.75386],[24.401,46.75054],[24.39078,46.75167],[24.38424,46.74781],[24.37467,46.74857],[24.36288,46.74662],[24.33995,46.75726],[24.32412,46.75478],[24.31561,46.75822],[24.30871,46.75781],[24.30067,46.7537],[24.29185,46.75802],[24.27244,46.76226],[24.24842,46.77216],[24.23955,46.77166],[24.23757,46.77321],[24.24024,46.77454],[24.21845,46.78108],[24.21471,46.78326],[24.21559,46.78821],[24.1981,46.79937],[24.17958,46.8047],[24.18708,46.79373],[24.18065,46.78788],[24.17206,46.78638],[24.16632,46.78112],[24.15059,46.78017],[24.13866,46.77561],[24.12781,46.77596],[24.1182,46.77344],[24.11575,46.76656],[24.12512,46.74775],[24.12398,46.74527],[24.11435,46.74332],[24.08908,46.75299],[24.08381,46.74941],[24.08342,46.74613],[24.07285,46.74371],[24.06651,46.73344],[24.08775,46.71216],[24.11243,46.70872],[24.12364,46.69899],[24.1146,46.69356],[24.11237,46.68141],[24.10239,46.66163],[24.09509,46.66127],[24.09334,46.65747],[24.08484,46.65851],[24.07192,46.65565],[24.06407,46.6565],[24.05796,46.65112],[24.03879,46.64585],[24.03444,46.6447],[24.0281,46.6297],[24.02023,46.62786],[24.02625,46.61587],[24.03879,46.61369],[24.04827,46.60987],[24.06485,46.60863],[24.0681,46.60552],[24.06749,46.60113],[24.05369,46.57638],[24.05169,46.56216],[24.03912,46.55677],[24.04334,46.5438],[24.03879,46.54334],[24.03662,46.54254],[24.03432,46.54211],[24.02914,46.53357],[24.01958,46.53129],[24.00316,46.54079],[23.98842,46.54253],[23.97718,46.5332],[23.96851,46.52154],[23.95905,46.51539],[23.96314,46.51202],[23.9708,46.50598],[23.96472,46.49765],[23.97284,46.48221],[23.96377,46.47576],[23.96922,46.464],[23.97271,46.45892],[23.98372,46.45833],[23.97988,46.45535],[23.98062,46.45325],[23.98811,46.45329],[23.98669,46.44953],[23.99587,46.44778],[24.00382,46.44227],[23.9974,46.43604],[23.992,46.43304],[23.98735,46.43342],[23.98528,46.43092],[23.99188,46.42688],[23.9981,46.42788],[24.02193,46.44917],[24.02006,46.45689],[24.02812,46.45997],[24.03268,46.45033],[24.02811,46.44054],[24.03553,46.4318],[24.03114,46.41363],[24.03446,46.40673],[24.02431,46.40291],[24.00999,46.39103],[23.98954,46.38104],[23.99776,46.37079],[24.01717,46.36748],[24.02846,46.36897],[24.03082,46.36649],[24.0212,46.36339],[24.02018,46.36096],[24.03879,46.35203],[24.05044,46.34421],[24.0671,46.34066],[24.07479,46.33596],[24.08511,46.33456],[24.09887,46.33676],[24.11538,46.33365],[24.1296,46.33624],[24.13611,46.33545],[24.14797,46.32609],[24.14883,46.31226],[24.14236,46.30097],[24.15856,46.29126],[24.15742,46.28274],[24.16091,46.2777],[24.16478,46.27598],[24.16462,46.2723],[24.17249,46.26887],[24.17544,46.26962],[24.17679,46.27598],[24.17754,46.27953],[24.18156,46.27983],[24.18398,46.28261],[24.19045,46.28287],[24.20286,46.27598],[24.20969,46.27218],[24.20694,46.2675],[24.20904,46.26454],[24.22039,46.26397],[24.23131,46.25964],[24.23817,46.25402],[24.24826,46.25054],[24.26217,46.25273],[24.26566,46.26597],[24.27312,46.26871],[24.27399,46.27598],[24.27415,46.27733],[24.28226,46.28263],[24.28936,46.28387],[24.29207,46.27598],[24.29713,46.26128],[24.29939,46.25513],[24.30579,46.25529],[24.31381,46.25243],[24.32877,46.25419],[24.33782,46.25028],[24.34492,46.25384],[24.35335,46.25389],[24.36335,46.24703],[24.37959,46.24422],[24.38906,46.2528],[24.40055,46.25258],[24.40913,46.2603],[24.41998,46.26531],[24.43248,46.26147],[24.43519,46.25815],[24.44902,46.26036],[24.46216,46.25584],[24.46743,46.26159],[24.48782,46.25835],[24.49654,46.25178],[24.49469,46.2439],[24.49756,46.24257],[24.516,46.25354],[24.53444,46.25072],[24.53948,46.26061],[24.54515,46.26085],[24.55514,46.25675],[24.56169,46.25776],[24.57122,46.27406],[24.57846,46.26884],[24.5929,46.27108],[24.59989,46.26188],[24.60231,46.25378],[24.60838,46.25112],[24.62397,46.2523],[24.62345,46.26018],[24.63162,46.26284],[24.63336,46.27005],[24.63941,46.27213],[24.64382,46.27598],[24.64806,46.27966],[24.66786,46.27993],[24.66709,46.27598],[24.66684,46.27471],[24.67203,46.26298],[24.67046,46.25649],[24.67575,46.25114],[24.66947,46.22971],[24.6649,46.2292],[24.66548,46.23346],[24.65854,46.23385],[24.65507,46.23643],[24.65054,46.23197],[24.65451,46.22713],[24.66496,46.22593],[24.67573,46.21626],[24.67621,46.20857],[24.68396,46.19405],[24.68219,46.18315],[24.67471,46.16889],[24.68009,46.15831],[24.68031,46.15051],[24.66952,46.13776],[24.67642,46.12834],[24.67335,46.12103],[24.67624,46.11443],[24.6731,46.10399],[24.69066,46.09438],[24.69694,46.08361],[24.70337,46.08115],[24.71567,46.0768],[24.72271,46.08397],[24.73629,46.08784],[24.74667,46.08922],[24.75822,46.08514],[24.76963,46.08682],[24.77584,46.09309],[24.77382,46.10103],[24.80568,46.09294],[24.81893,46.0949],[24.84102,46.10635],[24.85364,46.10926],[24.86314,46.1106],[24.87401,46.1088],[24.88629,46.10955],[24.89972,46.10586],[24.90038,46.09205],[24.91817,46.08007],[24.94655,46.07911],[24.95491,46.0901],[24.94692,46.09436],[24.95549,46.10894],[24.9759,46.12428],[24.99226,46.12883],[24.99783,46.13442],[25.00936,46.13924],[25.01493,46.14538],[25.02058,46.14187],[25.04845,46.13354],[25.07677,46.14798],[25.07899,46.15139],[25.08466,46.14903],[25.10139,46.14973],[25.11566,46.14177],[25.12536,46.14285],[25.13022,46.14982],[25.13625,46.14804],[25.14965,46.15753],[25.16423,46.15961],[25.17325,46.16552],[25.15018,46.17822],[25.13874,46.18123],[25.12957,46.18858],[25.11318,46.20877],[25.10629,46.2305],[25.10103,46.23233],[25.07823,46.2323],[25.07698,46.242],[25.05662,46.24555],[25.03804,46.24053],[25.01112,46.24816],[25.0051,46.24768],[24.99853,46.24373],[24.98954,46.24451],[24.98931,46.24017],[24.98563,46.23835],[24.96321,46.24464],[24.95906,46.24897],[24.94303,46.24686],[24.9352,46.24834],[24.93312,46.25237],[24.93767,46.25682],[24.93077,46.26218],[24.93139,46.27194],[24.9189,46.27598],[24.90461,46.28327],[24.88821,46.29946],[24.87482,46.30168],[24.87026,46.30044],[24.86827,46.30671],[24.86142,46.31126],[24.86681,46.31329],[24.87749,46.32561],[24.86789,46.3264],[24.86908,46.33914],[24.86237,46.34577],[24.85379,46.34777],[24.85702,46.35625],[24.86248,46.35602],[24.8852,46.36483],[24.8816,46.36988],[24.88771,46.37631],[24.87627,46.38226],[24.89433,46.38256],[24.9025,46.38889],[24.9083,46.39009],[24.91464,46.38757],[24.9227,46.38753],[24.93195,46.37749],[24.94201,46.37723],[24.9478,46.3749],[24.95945,46.37661],[24.97918,46.38464],[24.9619,46.40239],[24.94345,46.40477],[24.93574,46.41012],[24.93649,46.42164],[24.94997,46.43477],[24.94691,46.44328],[24.96345,46.44623],[24.98192,46.44476],[24.98826,46.45092],[24.99325,46.46387],[24.99735,46.46495],[24.99707,46.46249],[25.0024,46.45816],[25.0089,46.46323],[25.01806,46.465],[25.02192,46.46949],[25.02332,46.47313],[25.02059,46.47518],[25.02388,46.47948],[25.00925,46.4942],[24.98327,46.49547],[24.99819,46.50877],[25.00474,46.51115],[25.01669,46.52709],[25.01515,46.531],[25.02237,46.54111],[25.03015,46.54144],[25.05245,46.552],[25.06892,46.55546],[25.07679,46.56668],[25.07551,46.57001],[25.08381,46.57226],[25.08869,46.57671],[25.09945,46.57756],[25.10683,46.58253],[25.13128,46.57798],[25.15195,46.57816],[25.15255,46.58429],[25.16311,46.58889],[25.16839,46.595],[25.17931,46.60021],[25.19532,46.62687],[25.21319,46.62591],[25.21568,46.62059],[25.21838,46.62037],[25.21928,46.62793],[25.22826,46.63065],[25.23165,46.63413],[25.22369,46.63993],[25.23892,46.65104],[25.23784,46.66905],[25.25053,46.6743],[25.27059,46.67014],[25.28136,46.6726],[25.29403,46.68882],[25.28226,46.70698],[25.26011,46.72713],[25.26369,46.73407],[25.26144,46.74948],[25.26504,46.7522],[25.27929,46.75065],[25.29285,46.75439],[25.31723,46.7693],[25.31659,46.77955],[25.31215,46.78606],[25.28608,46.79762],[25.27999,46.81468],[25.28151,46.82595],[25.28833,46.83037],[25.28242,46.83492],[25.27252,46.83818],[25.26368,46.84154],[25.25129,46.84125],[25.25749,46.85887],[25.26422,46.86755],[25.26512,46.8764],[25.27049,46.88263],[25.27009,46.88795],[25.27624,46.89653],[25.26709,46.90079],[25.26262,46.91367],[25.26989,46.92808],[25.27134,46.94615],[25.28252,46.95376],[25.28276,46.96295],[25.28867,46.97101],[25.28459,46.97795],[25.28931,46.98343],[25.28812,46.99323],[25.27746,46.99903],[25.26635,47.01033],[25.26972,47.01809],[25.26951,47.0306],[25.2475,47.04663],[25.23333,47.05893],[25.2307,47.06503],[25.23092,47.07558],[25.236,47.0872],[25.24671,47.09792],[25.23434,47.09816],[25.2262,47.10788],[25.19935,47.11405],[25.1832,47.12693],[25.17336,47.13049],[25.16395,47.12897],[25.14443,47.11331],[25.13778,47.11634],[25.13014,47.11687],[25.12355,47.12263],[25.10861,47.11976],[25.09449,47.12069],[25.07834,47.1271],[25.07123,47.13393]]]]},"properties":{"code":"RO125","nom":"Mure\u015f","country":"RO"}},{"type":"Feature","geometry":{"type":"MultiPolygon","coordinates":[[[[24.29713,46.26128],[24.29207,46.27598],[24.28936,46.28387],[24.28226,46.28263],[24.27415,46.27733],[24.27399,46.27598],[24.27312,46.26871],[24.26566,46.26597],[24.26217,46.25273],[24.24826,46.25054],[24.23817,46.25402],[24.23131,46.25964],[24.22812,46.25485],[24.22996,46.24979],[24.24686,46.24261],[24.2487,46.23983],[24.22679,46.23114],[24.20827,46.23229],[24.19215,46.2227],[24.19839,46.21213],[24.18986,46.1943],[24.18964,46.18238],[24.19333,46.178],[24.20973,46.17363],[24.21657,46.16367],[24.21326,46.15421],[24.2053,46.15525],[24.19259,46.15297],[24.15267,46.1354],[24.13645,46.13759],[24.11964,46.13488],[24.10291,46.12223],[24.08989,46.11579],[24.08153,46.10235],[24.07572,46.10106],[24.07589,46.0985],[24.07237,46.0969],[24.07296,46.09376],[24.05937,46.08591],[24.04251,46.09648],[24.04435,46.08188],[24.03879,46.07664],[24.03212,46.07201],[24.02725,46.06298],[24.02851,46.04935],[24.03236,46.04073],[24.0192,46.03821],[24.02602,46.02815],[24.00722,46.01587],[24.00636,46.0017],[23.99991,45.99834],[23.98856,46.01246],[23.98951,46.01933],[23.97776,46.02923],[23.98329,46.0344],[23.98209,46.03639],[23.97926,46.03745],[23.96599,46.03412],[23.96405,46.0397],[23.95531,46.0366],[23.93487,46.03853],[23.92952,46.04853],[23.92723,46.04881],[23.92582,46.0481],[23.91286,46.04164],[23.89008,46.04285],[23.88324,46.03542],[23.87468,46.0326],[23.84567,46.00782],[23.85189,46.00763],[23.85188,46.00254],[23.85672,45.99966],[23.85269,45.98641],[23.85553,45.98156],[23.86063,45.97943],[23.86395,45.96381],[23.87282,45.96153],[23.8723,45.95375],[23.87007,45.94869],[23.86242,45.94978],[23.85862,45.95375],[23.85082,45.95872],[23.84687,45.95731],[23.84413,45.95375],[23.83707,45.95063],[23.83489,45.94321],[23.82742,45.93967],[23.82489,45.93187],[23.81655,45.92423],[23.80502,45.92817],[23.80464,45.92368],[23.79821,45.92276],[23.78878,45.92711],[23.77156,45.9237],[23.75888,45.92045],[23.74759,45.92105],[23.73391,45.91432],[23.73112,45.90936],[23.73449,45.90639],[23.72798,45.90224],[23.73127,45.89694],[23.74408,45.8922],[23.74984,45.88597],[23.76656,45.8876],[23.77236,45.88107],[23.74674,45.86081],[23.73284,45.84508],[23.72752,45.84531],[23.72747,45.8407],[23.73212,45.83779],[23.73451,45.83072],[23.72018,45.83133],[23.71413,45.82466],[23.69734,45.82721],[23.69457,45.82393],[23.6957,45.81008],[23.68844,45.80735],[23.68752,45.80263],[23.67654,45.80741],[23.67433,45.80548],[23.64968,45.80707],[23.64272,45.80477],[23.62495,45.80831],[23.61688,45.80162],[23.61524,45.79738],[23.62404,45.79372],[23.62306,45.78285],[23.62805,45.77959],[23.63812,45.77793],[23.64815,45.7704],[23.6508,45.76496],[23.65897,45.76171],[23.64498,45.74604],[23.63106,45.75217],[23.62193,45.74953],[23.61644,45.74343],[23.61781,45.73441],[23.60952,45.72343],[23.60273,45.72242],[23.60402,45.71512],[23.59687,45.70854],[23.59668,45.70475],[23.58936,45.70227],[23.59213,45.69823],[23.61029,45.68905],[23.59771,45.68313],[23.59197,45.67665],[23.59262,45.67417],[23.61488,45.66283],[23.62621,45.65774],[23.64393,45.64032],[23.64442,45.63062],[23.64153,45.62848],[23.63394,45.62777],[23.63319,45.62054],[23.63747,45.61169],[23.64286,45.61037],[23.65159,45.60103],[23.64396,45.58879],[23.62867,45.58808],[23.6196,45.58228],[23.61613,45.5682],[23.61143,45.56343],[23.63568,45.54369],[23.63866,45.53489],[23.6513,45.51952],[23.65421,45.50607],[23.66145,45.49792],[23.6667,45.49455],[23.68729,45.49621],[23.69093,45.49738],[23.69484,45.49788],[23.69758,45.49863],[23.70361,45.49677],[23.72051,45.50193],[23.74207,45.50161],[23.74811,45.50583],[23.77113,45.51123],[23.79568,45.5302],[23.8285,45.53117],[23.8573,45.53464],[23.86811,45.52525],[23.87414,45.52316],[23.88142,45.52656],[23.90639,45.52945],[23.9221,45.53564],[23.92582,45.53519],[23.96351,45.53057],[23.97357,45.53322],[23.98116,45.53275],[23.99294,45.53169],[24.00134,45.52734],[24.01091,45.5314],[24.02094,45.53058],[24.03879,45.52261],[24.04258,45.52218],[24.06181,45.51739],[24.06326,45.51665],[24.06651,45.51551],[24.06976,45.51508],[24.08476,45.51249],[24.11317,45.51211],[24.11902,45.50881],[24.12093,45.51249],[24.12567,45.5138],[24.13755,45.51467],[24.14663,45.51292],[24.15536,45.51648],[24.15913,45.51417],[24.17135,45.51489],[24.18506,45.52185],[24.20486,45.52411],[24.21247,45.5272],[24.21499,45.53347],[24.22945,45.54609],[24.25632,45.54361],[24.26548,45.54868],[24.26616,45.55579],[24.27701,45.55557],[24.28558,45.56143],[24.30854,45.56691],[24.33308,45.58053],[24.33326,45.57603],[24.33674,45.57315],[24.38721,45.58388],[24.43387,45.58249],[24.43813,45.58786],[24.44704,45.59025],[24.46037,45.58141],[24.47593,45.58213],[24.48066,45.57379],[24.48465,45.57335],[24.50583,45.58531],[24.51265,45.5863],[24.52313,45.58056],[24.55266,45.58736],[24.56589,45.57914],[24.5702,45.58188],[24.588,45.58896],[24.5962,45.59549],[24.60248,45.59511],[24.60835,45.59834],[24.62082,45.59939],[24.62675,45.60357],[24.63369,45.60188],[24.64427,45.60383],[24.64938,45.60207],[24.65687,45.60295],[24.66084,45.59646],[24.66904,45.59479],[24.67724,45.59761],[24.68493,45.60411],[24.68279,45.60972],[24.67516,45.61647],[24.66982,45.63864],[24.67763,45.64667],[24.67765,45.66293],[24.68244,45.6708],[24.68025,45.67952],[24.67574,45.68399],[24.68097,45.70961],[24.6729,45.71951],[24.65895,45.74819],[24.64405,45.76563],[24.64226,45.78444],[24.64418,45.78911],[24.64032,45.79489],[24.64524,45.80369],[24.65646,45.80835],[24.65604,45.81235],[24.66112,45.81725],[24.67277,45.82278],[24.68376,45.82477],[24.68359,45.83265],[24.68744,45.83574],[24.69949,45.8287],[24.7094,45.81655],[24.71579,45.81767],[24.72369,45.82364],[24.7243,45.83018],[24.72066,45.83883],[24.73503,45.83766],[24.752,45.84192],[24.76946,45.83987],[24.77488,45.8446],[24.77081,45.85706],[24.77515,45.86146],[24.77091,45.86732],[24.75502,45.87176],[24.73629,45.88475],[24.7158,45.89555],[24.71154,45.91218],[24.70714,45.9178],[24.7069,45.92722],[24.69978,45.93187],[24.70294,45.94019],[24.72144,45.94534],[24.73629,45.93829],[24.75052,45.93661],[24.75297,45.94428],[24.77085,45.96216],[24.76934,45.97496],[24.79221,45.97344],[24.80324,45.97595],[24.8194,45.97511],[24.83451,45.97804],[24.8379,45.98592],[24.825,45.9965],[24.82008,46.00554],[24.82125,46.00923],[24.84126,46.00707],[24.85404,46.01027],[24.86576,46.01056],[24.87578,46.02929],[24.88507,46.03314],[24.89085,46.03982],[24.89868,46.04122],[24.9085,46.03863],[24.91935,46.04327],[24.92935,46.04459],[24.93506,46.04952],[24.94361,46.05099],[24.94685,46.0563],[24.96512,46.06177],[24.96278,46.06531],[24.95008,46.07124],[24.94655,46.07911],[24.91817,46.08007],[24.90038,46.09205],[24.89972,46.10586],[24.88629,46.10955],[24.87401,46.1088],[24.86314,46.1106],[24.85364,46.10926],[24.84102,46.10635],[24.81893,46.0949],[24.80568,46.09294],[24.77382,46.10103],[24.77584,46.09309],[24.76963,46.08682],[24.75822,46.08514],[24.74667,46.08922],[24.73629,46.08784],[24.72271,46.08397],[24.71567,46.0768],[24.70337,46.08115],[24.69694,46.08361],[24.69066,46.09438],[24.6731,46.10399],[24.67624,46.11443],[24.67335,46.12103],[24.67642,46.12834],[24.66952,46.13776],[24.68031,46.15051],[24.68009,46.15831],[24.67471,46.16889],[24.68219,46.18315],[24.68396,46.19405],[24.67621,46.20857],[24.67573,46.21626],[24.66496,46.22593],[24.65451,46.22713],[24.65054,46.23197],[24.65507,46.23643],[24.65854,46.23385],[24.66548,46.23346],[24.6649,46.2292],[24.66947,46.22971],[24.67575,46.25114],[24.67046,46.25649],[24.67203,46.26298],[24.66684,46.27471],[24.66709,46.27598],[24.66786,46.27993],[24.64806,46.27966],[24.64382,46.27598],[24.63941,46.27213],[24.63336,46.27005],[24.63162,46.26284],[24.62345,46.26018],[24.62397,46.2523],[24.60838,46.25112],[24.60231,46.25378],[24.59989,46.26188],[24.5929,46.27108],[24.57846,46.26884],[24.57122,46.27406],[24.56169,46.25776],[24.55514,46.25675],[24.54515,46.26085],[24.53948,46.26061],[24.53444,46.25072],[24.516,46.25354],[24.49756,46.24257],[24.49469,46.2439],[24.49654,46.25178],[24.48782,46.25835],[24.46743,46.26159],[24.46216,46.25584],[24.44902,46.26036],[24.43519,46.25815],[24.43248,46.26147],[24.41998,46.26531],[24.40913,46.2603],[24.40055,46.25258],[24.38906,46.2528],[24.37959,46.24422],[24.36335,46.24703],[24.35335,46.25389],[24.34492,46.25384],[24.33782,46.25028],[24.32877,46.25419],[24.31381,46.25243],[24.30579,46.25529],[24.29939,46.25513],[24.29713,46.26128]],[[23.66849,45.75589],[23.67284,45.75354],[23.67211,45.75154],[23.66965,45.75184],[23.66674,45.75496],[23.66849,45.75589]],[[23.6597,45.76047],[23.66257,45.76068],[23.66652,45.75642],[23.66439,45.75546],[23.6597,45.76047]]]]},"properties":{"code":"RO126","nom":"Sibiu","country":"RO"}},{"type":"Feature","geometry":{"type":"MultiPolygon","coordinates":[[[[22.65663,45.10817],[22.6549,45.10386],[22.64999,45.10176],[22.6382,45.09452],[22.62526,45.08002],[22.60222,45.06112],[22.60052,45.05546],[22.59475,45.05329],[22.59345,45.04992],[22.5853,45.04427],[22.58152,45.04317],[22.57063,45.04001],[22.56947,45.03893],[22.56432,45.03417],[22.55771,45.02142],[22.53,44.99747],[22.52101,44.99459],[22.50443,44.98425],[22.49216,44.97327],[22.51063,44.96605],[22.51492,44.9621],[22.51639,44.95572],[22.5028,44.95531],[22.48704,44.94883],[22.48972,44.93517],[22.49461,44.92976],[22.49516,44.92511],[22.49013,44.90956],[22.48265,44.90581],[22.48834,44.89525],[22.48658,44.88283],[22.47313,44.87071],[22.47153,44.86927],[22.46922,44.85918],[22.46026,44.8531],[22.45778,44.8505],[22.45892,44.84507],[22.45334,44.83754],[22.44684,44.83456],[22.44567,44.82464],[22.44181,44.81645],[22.42388,44.79962],[22.42968,44.78066],[22.42513,44.78116],[22.42449,44.77621],[22.41849,44.76846],[22.42061,44.76092],[22.41842,44.75743],[22.40225,44.75407],[22.3985,44.75859],[22.38983,44.76129],[22.38283,44.7572],[22.36822,44.75542],[22.36488,44.74276],[22.35404,44.74181],[22.35324,44.75436],[22.34064,44.77429],[22.32947,44.77799],[22.32116,44.77555],[22.31013,44.77542],[22.29692,44.78],[22.26734,44.78301],[22.2587,44.79185],[22.25259,44.79421],[22.24447,44.80635],[22.23672,44.80884],[22.2068,44.81747],[22.20865,44.81176],[22.20678,44.80496],[22.20694,44.79942],[22.19929,44.79107],[22.19841,44.78325],[22.19524,44.77953],[22.19786,44.77649],[22.19667,44.77167],[22.1989,44.76883],[22.19917,44.76621],[22.20378,44.76156],[22.2001,44.75692],[22.19216,44.75028],[22.19353,44.74724],[22.19273,44.74561],[22.18193,44.74064],[22.16365,44.74252],[22.15643,44.7358],[22.15699,44.73107],[22.14935,44.70459],[22.14606,44.68945],[22.14873,44.68252],[22.14472,44.67761],[22.13946,44.6606],[22.15182,44.65108],[22.17143,44.6478],[22.17663,44.64003],[22.17314,44.63322],[22.17554,44.62355],[22.15513,44.59844],[22.1556,44.5926],[22.14756,44.58618],[22.14398,44.58747],[22.1334,44.59975],[22.12864,44.59349],[22.12295,44.59171],[22.10921,44.59651],[22.09227,44.61827],[22.08489,44.61861],[22.0804,44.62173],[22.06511,44.61511],[22.06079,44.60992],[22.032,44.60616],[22.02353,44.60697],[22.01613,44.5992],[22.02228,44.59498],[22.02726,44.58591],[22.02589,44.56418],[22.03653,44.54303],[22.0696,44.52405],[22.07974,44.50469],[22.08549,44.49934],[22.1277,44.47436],[22.13955,44.47068],[22.15915,44.47179],[22.17662,44.47829],[22.18243,44.48239],[22.18788,44.49322],[22.19432,44.50853],[22.20737,44.52376],[22.23032,44.56115],[22.26266,44.59384],[22.26942,44.60657],[22.27544,44.62631],[22.29989,44.63866],[22.30556,44.65568],[22.3325,44.6754],[22.33867,44.67632],[22.36841,44.6724],[22.38954,44.67944],[22.40274,44.68756],[22.41391,44.69958],[22.4283,44.7091],[22.46733,44.71475],[22.46936,44.71415],[22.47313,44.71248],[22.48297,44.70814],[22.48994,44.70138],[22.5064,44.69163],[22.5174,44.67959],[22.56223,44.64728],[22.56947,44.63744],[22.58152,44.63221],[22.62075,44.61521],[22.63555,44.6142],[22.66842,44.61868],[22.67864,44.61659],[22.68004,44.61169],[22.68511,44.6076],[22.69391,44.60411],[22.70701,44.60243],[22.73343,44.582],[22.75787,44.56055],[22.76222,44.55264],[22.76348,44.54131],[22.75414,44.53506],[22.6986,44.51699],[22.68466,44.51995],[22.64999,44.53908],[22.64102,44.5448],[22.61784,44.55218],[22.59698,44.55221],[22.58152,44.54728],[22.57693,44.54582],[22.56947,44.53915],[22.56367,44.53398],[22.56044,44.5044],[22.55572,44.48923],[22.54935,44.48215],[22.521,44.47205],[22.47629,44.48041],[22.47313,44.48016],[22.46811,44.47977],[22.46105,44.47608],[22.45787,44.46642],[22.47124,44.43785],[22.47313,44.43671],[22.49657,44.42252],[22.5008,44.41768],[22.49911,44.40364],[22.50302,44.38287],[22.52557,44.33879],[22.54736,44.32302],[22.5593,44.30881],[22.56734,44.30667],[22.57382,44.3021],[22.58152,44.30066],[22.59311,44.29848],[22.61641,44.29338],[22.64999,44.29183],[22.66864,44.2859],[22.6826,44.2744],[22.68576,44.25086],[22.67309,44.23058],[22.6721,44.22123],[22.67516,44.21566],[22.69084,44.20456],[22.71104,44.20313],[22.71473,44.20287],[22.71983,44.20228],[22.7231,44.20198],[22.72711,44.20138],[22.73056,44.20026],[22.73761,44.19708],[22.73961,44.19626],[22.75398,44.19114],[22.75925,44.18919],[22.76268,44.18745],[22.7764,44.17443],[22.79495,44.16165],[22.83633,44.14648],[22.85778,44.13796],[22.87067,44.13284],[22.87502,44.1304],[22.87733,44.12899],[22.88638,44.12318],[22.89489,44.11636],[22.89662,44.11489],[22.90023,44.11152],[22.90188,44.11041],[22.90413,44.10908],[22.91088,44.10552],[22.91665,44.10227],[22.91882,44.10121],[22.92212,44.10004],[22.93286,44.09842],[22.96637,44.09829],[22.98143,44.12216],[23.00062,44.13678],[23.00455,44.14076],[23.00637,44.15758],[23.05681,44.15721],[23.08397,44.15665],[23.08567,44.15133],[23.09673,44.14675],[23.10987,44.15015],[23.11785,44.1895],[23.09619,44.19917],[23.1111,44.21697],[23.09494,44.22295],[23.09728,44.23952],[23.08906,44.24295],[23.09362,44.26097],[23.10762,44.2631],[23.11036,44.2744],[23.11593,44.28449],[23.12246,44.29871],[23.12048,44.30459],[23.13113,44.31628],[23.13931,44.31578],[23.14778,44.31934],[23.17617,44.32447],[23.19261,44.35198],[23.18924,44.36641],[23.19672,44.37222],[23.20714,44.36839],[23.21812,44.37554],[23.21743,44.38652],[23.19897,44.39264],[23.16641,44.41214],[23.17843,44.42352],[23.19722,44.41472],[23.20499,44.43483],[23.21018,44.43627],[23.22101,44.43647],[23.22247,44.43819],[23.19711,44.45233],[23.19633,44.45971],[23.19953,44.46688],[23.21292,44.46735],[23.21543,44.4702],[23.23477,44.47445],[23.24038,44.47833],[23.24884,44.48031],[23.24419,44.4952],[23.27947,44.50153],[23.28259,44.51643],[23.27242,44.52029],[23.25747,44.52099],[23.25519,44.53002],[23.26658,44.53042],[23.28761,44.53793],[23.30042,44.53716],[23.31552,44.53951],[23.32451,44.53408],[23.32953,44.52701],[23.33642,44.52439],[23.34078,44.52684],[23.35228,44.53232],[23.35557,44.53936],[23.37068,44.5441],[23.40002,44.53533],[23.41557,44.52697],[23.41785,44.53165],[23.42155,44.53181],[23.42807,44.53345],[23.43399,44.53949],[23.42934,44.5426],[23.45159,44.55326],[23.45504,44.56956],[23.44425,44.57143],[23.44161,44.57566],[23.42524,44.5819],[23.42369,44.58828],[23.40331,44.59135],[23.41171,44.60288],[23.41188,44.60996],[23.38627,44.62001],[23.39117,44.6285],[23.3726,44.6271],[23.36115,44.62903],[23.34246,44.63756],[23.34078,44.63825],[23.32071,44.64762],[23.32069,44.65339],[23.31562,44.66182],[23.29473,44.67053],[23.28813,44.67588],[23.27416,44.66916],[23.23635,44.6716],[23.22723,44.67625],[23.21997,44.67523],[23.20684,44.67886],[23.18895,44.67892],[23.19319,44.6918],[23.19075,44.69456],[23.17023,44.69034],[23.14543,44.6895],[23.13832,44.69184],[23.13508,44.69527],[23.1318,44.68932],[23.14356,44.68159],[23.13968,44.67876],[23.13079,44.68597],[23.12404,44.68665],[23.11926,44.68462],[23.11165,44.68643],[23.10457,44.69315],[23.09158,44.69591],[23.07862,44.7022],[23.07424,44.70746],[23.06421,44.712],[23.0653,44.7167],[23.06052,44.72127],[23.06398,44.72695],[23.05986,44.72858],[23.05187,44.72607],[23.04518,44.7342],[23.02823,44.73467],[23.00701,44.74362],[23.00369,44.7484],[23.00399,44.7562],[23.00098,44.75814],[22.99495,44.76264],[22.99286,44.76814],[22.99491,44.77096],[22.99207,44.77314],[22.99514,44.7766],[22.98965,44.78288],[22.98292,44.78346],[22.97169,44.79071],[22.96123,44.79395],[22.94762,44.77931],[22.94093,44.78478],[22.93495,44.80143],[22.93809,44.80458],[22.94179,44.80412],[22.94562,44.80726],[22.9413,44.81237],[22.92076,44.8215],[22.90927,44.82272],[22.90522,44.83025],[22.89753,44.84082],[22.89554,44.84815],[22.8953,44.84859],[22.89047,44.85296],[22.89631,44.85885],[22.89222,44.86757],[22.89517,44.8739],[22.89222,44.87825],[22.89508,44.88557],[22.88901,44.89583],[22.89013,44.90313],[22.88337,44.92015],[22.87822,44.9257],[22.87839,44.934],[22.87164,44.94555],[22.87385,44.95306],[22.86992,44.96146],[22.88133,44.96087],[22.88782,44.96444],[22.89412,44.96565],[22.89553,44.96418],[22.89717,44.96758],[22.88998,44.97569],[22.89383,44.98596],[22.89952,44.99109],[22.89349,44.9926],[22.89001,44.99607],[22.88002,44.99625],[22.86074,44.98983],[22.85778,44.99069],[22.84982,44.99303],[22.84982,44.99986],[22.82952,45.01968],[22.83005,45.02483],[22.81754,45.03229],[22.8027,45.04102],[22.78444,45.04559],[22.78098,45.05129],[22.76857,45.06042],[22.74677,45.05835],[22.73764,45.05962],[22.73401,45.06304],[22.73602,45.06862],[22.72549,45.06884],[22.73169,45.07541],[22.72392,45.07633],[22.70803,45.071],[22.70534,45.06731],[22.69948,45.07748],[22.69765,45.08786],[22.68515,45.10414],[22.68211,45.10521],[22.67238,45.10158],[22.65663,45.10817]]]]},"properties":{"code":"RO413","nom":"Mehedin\u0163i","country":"RO"}}]}