{"type":"FeatureCollection","features":[{"type":"Feature","geometry":{"type":"MultiPolygon","coordinates":[[[[-2.06155,57.69794],[-2.05506,57.695],[-2.04154,57.69208],[-2.01789,57.69771],[-2.01254,57.69582],[-2.0029,57.69848],[-1.99635,57.69235],[-2.00039,57.68402],[-1.98307,57.67822],[-1.97433,57.67729],[-1.95462,57.6752],[-1.94161,57.68047],[-1.92883,57.67703],[-1.91899,57.67324],[-1.91808,57.66856],[-1.91114,57.66183],[-1.89961,57.65576],[-1.8855,57.6382],[-1.87528,57.63112],[-1.86096,57.62436],[-1.82813,57.6152],[-1.82318,57.61173],[-1.82134,57.60748],[-1.82792,57.5957],[-1.82709,57.58289],[-1.82146,57.5698],[-1.80487,57.55624],[-1.80582,57.55108],[-1.80219,57.54445],[-1.80617,57.53818],[-1.80596,57.52926],[-1.79593,57.51673],[-1.78745,57.51549],[-1.77593,57.51117],[-1.76869,57.50694],[-1.76721,57.50297],[-1.77102,57.50117],[-1.78944,57.50356],[-1.79314,57.49616],[-1.7857,57.49301],[-1.78414,57.49046],[-1.7939,57.48547],[-1.79438,57.48328],[-1.77754,57.4748],[-1.77369,57.47028],[-1.77797,57.46866],[-1.7828,57.46088],[-1.79825,57.45344],[-1.799,57.44737],[-1.81578,57.43606],[-1.81675,57.42768],[-1.82695,57.42106],[-1.83529,57.41218],[-1.84174,57.41055],[-1.8487,57.41302],[-1.86023,57.40678],[-1.86358,57.40036],[-1.85983,57.39013],[-1.8753,57.38134],[-1.8869,57.37397],[-1.90996,57.36482],[-1.91179,57.3601],[-1.91772,57.35802],[-1.9234,57.35035],[-1.94603,57.33913],[-1.95074,57.33679],[-1.95355,57.3314],[-1.9696,57.32673],[-1.97433,57.32245],[-1.98736,57.31066],[-1.99122,57.31211],[-1.98636,57.31791],[-1.99389,57.32747],[-1.9942,57.33132],[-1.99815,57.3315],[-1.99879,57.32418],[-1.99236,57.31739],[-1.99443,57.3123],[-1.99019,57.30555],[-2.01254,57.28092],[-2.02229,57.26971],[-2.04338,57.24262],[-2.06091,57.21205],[-2.07745,57.17698],[-2.0784,57.15874],[-2.07584,57.14949],[-2.0701,57.14342],[-2.07559,57.14086],[-2.07126,57.14028],[-2.05816,57.1426],[-2.04734,57.13974],[-2.05785,57.13486],[-2.05701,57.1309],[-2.05078,57.12867],[-2.05494,57.1197],[-2.06436,57.10742],[-2.07257,57.10354],[-2.07271,57.09724],[-2.08044,57.09289],[-2.08513,57.08597],[-2.0948,57.07451],[-2.09294,57.07184],[-2.09508,57.06725],[-2.10424,57.0637],[-2.10622,57.05761],[-2.12041,57.04879],[-2.12138,57.04363],[-2.12639,57.04163],[-2.13482,57.03348],[-2.14198,57.03171],[-2.14684,57.02411],[-2.15901,57.01829],[-2.16185,57.01009],[-2.16603,57.00783],[-2.16712,57.00181],[-2.17178,56.99839],[-2.1814,56.98667],[-2.18101,56.97936],[-2.18711,56.97853],[-2.19617,56.97402],[-2.20634,56.96592],[-2.20572,56.96266],[-2.19471,56.95874],[-2.19938,56.95425],[-2.19203,56.95113],[-2.19976,56.9484],[-2.19609,56.94628],[-2.19557,56.94147],[-2.19943,56.93767],[-2.19734,56.92683],[-2.20028,56.92336],[-2.19701,56.91137],[-2.19672,56.91031],[-2.19836,56.90712],[-2.20331,56.90715],[-2.20343,56.90082],[-2.21563,56.8943],[-2.21381,56.88946],[-2.21735,56.88678],[-2.2146,56.88256],[-2.23187,56.86384],[-2.23745,56.85996],[-2.24297,56.859],[-2.25667,56.84732],[-2.27393,56.84209],[-2.27795,56.82989],[-2.2901,56.82684],[-2.31646,56.80169],[-2.32606,56.79639],[-2.35704,56.78715],[-2.37742,56.7745],[-2.38848,56.77542],[-2.4029,56.77262],[-2.42535,56.75519],[-2.42749,56.75342],[-2.43594,56.75119],[-2.43933,56.75104],[-2.44505,56.75183],[-2.44952,56.75151],[-2.45223,56.75034],[-2.45473,56.74849],[-2.45847,56.74731],[-2.46257,56.74785],[-2.46497,56.7501],[-2.46671,56.75167],[-2.47202,56.7535],[-2.47434,56.75503],[-2.47638,56.75781],[-2.4779,56.76171],[-2.48032,56.76379],[-2.48376,56.7652],[-2.49193,56.76633],[-2.50119,56.76959],[-2.50264,56.77023],[-2.5065,56.77387],[-2.51103,56.77487],[-2.51443,56.77509],[-2.51575,56.77589],[-2.5187,56.7798],[-2.52137,56.78185],[-2.52992,56.78532],[-2.54307,56.78193],[-2.55591,56.78664],[-2.56662,56.78612],[-2.57477,56.78677],[-2.59114,56.78809],[-2.60336,56.78313],[-2.61476,56.78365],[-2.61724,56.79266],[-2.62566,56.79888],[-2.63198,56.809],[-2.64237,56.81183],[-2.64542,56.81169],[-2.65189,56.81139],[-2.65118,56.82257],[-2.66553,56.83477],[-2.67094,56.8474],[-2.66829,56.85113],[-2.67101,56.85823],[-2.66577,56.86046],[-2.66309,56.86878],[-2.66215,56.88873],[-2.66972,56.89031],[-2.68026,56.88845],[-2.68173,56.89836],[-2.67913,56.90347],[-2.68374,56.91137],[-2.68472,56.91305],[-2.70285,56.92191],[-2.72312,56.92562],[-2.73927,56.94728],[-2.74915,56.9505],[-2.7642,56.95885],[-2.79115,56.95757],[-2.82276,56.96238],[-2.83222,56.97191],[-2.83312,56.97714],[-2.84206,56.97395],[-2.85253,56.97337],[-2.86405,56.97944],[-2.89288,56.98648],[-2.91054,56.98218],[-2.91382,56.97553],[-2.92635,56.97264],[-2.94333,56.97322],[-2.95204,56.96768],[-2.96996,56.96961],[-2.9907,56.96842],[-2.99819,56.96984],[-3.00876,56.96767],[-3.02716,56.97162],[-3.03466,56.9677],[-3.0483,56.96394],[-3.05733,56.96401],[-3.08129,56.95879],[-3.08392,56.95131],[-3.09355,56.94978],[-3.0979,56.94502],[-3.09446,56.93315],[-3.09868,56.92936],[-3.11047,56.91876],[-3.10932,56.90788],[-3.11169,56.90336],[-3.10763,56.89504],[-3.12035,56.88892],[-3.1306,56.88849],[-3.13805,56.89307],[-3.14021,56.8982],[-3.15236,56.90465],[-3.16867,56.90756],[-3.17519,56.90207],[-3.18085,56.90565],[-3.18774,56.90455],[-3.19633,56.90568],[-3.23364,56.91795],[-3.26098,56.92138],[-3.26952,56.92033],[-3.27904,56.92755],[-3.28416,56.92843],[-3.29047,56.92547],[-3.28397,56.9134],[-3.28603,56.90751],[-3.29675,56.90487],[-3.30175,56.90049],[-3.31192,56.89753],[-3.33682,56.89556],[-3.34771,56.8899],[-3.3525,56.88484],[-3.36598,56.8821],[-3.36697,56.8776],[-3.37211,56.87474],[-3.38395,56.87931],[-3.3948,56.87988],[-3.40405,56.88353],[-3.40836,56.88262],[-3.4203,56.88007],[-3.43153,56.88636],[-3.43869,56.88483],[-3.44541,56.88015],[-3.44689,56.87612],[-3.46463,56.87341],[-3.48275,56.87497],[-3.4905,56.87852],[-3.50218,56.88703],[-3.50957,56.88812],[-3.5154,56.88655],[-3.52141,56.88728],[-3.52913,56.88439],[-3.53773,56.89173],[-3.54858,56.88631],[-3.56294,56.88547],[-3.56792,56.89419],[-3.56148,56.8971],[-3.55952,56.90053],[-3.57222,56.91187],[-3.57797,56.92168],[-3.5776,56.92625],[-3.58079,56.92936],[-3.58208,56.93062],[-3.60387,56.93106],[-3.6094,56.92936],[-3.61903,56.9264],[-3.63746,56.9253],[-3.6458,56.92318],[-3.64957,56.92429],[-3.65336,56.92936],[-3.65588,56.93274],[-3.67405,56.93241],[-3.676,56.92936],[-3.68416,56.91664],[-3.70749,56.91528],[-3.71294,56.9176],[-3.72469,56.91892],[-3.7314,56.92936],[-3.73203,56.93034],[-3.7395,56.93331],[-3.75758,56.93142],[-3.76296,56.93086],[-3.76725,56.92936],[-3.78401,56.92351],[-3.79,56.92509],[-3.79454,56.92936],[-3.80163,56.93601],[-3.78748,56.96254],[-3.76136,56.97474],[-3.75758,56.98697],[-3.74874,56.99332],[-3.74817,57.00912],[-3.74513,57.01687],[-3.74922,57.02058],[-3.75651,57.0381],[-3.7346,57.05544],[-3.74885,57.05909],[-3.75705,57.07041],[-3.74882,57.07614],[-3.73486,57.07597],[-3.72585,57.07957],[-3.71466,57.0797],[-3.70696,57.08873],[-3.68367,57.09537],[-3.67474,57.08513],[-3.67597,57.07996],[-3.66702,57.07577],[-3.66829,57.07057],[-3.66246,57.06863],[-3.6567,57.06963],[-3.653,57.07558],[-3.65368,57.08053],[-3.64532,57.08809],[-3.63431,57.08606],[-3.61937,57.08949],[-3.61213,57.08602],[-3.60383,57.0864],[-3.59278,57.08451],[-3.57937,57.09308],[-3.56033,57.0963],[-3.55729,57.09484],[-3.56015,57.08513],[-3.55647,57.083],[-3.54235,57.08552],[-3.53679,57.09076],[-3.51605,57.08689],[-3.50724,57.08845],[-3.49503,57.08799],[-3.4905,57.09028],[-3.48487,57.09436],[-3.47382,57.09158],[-3.44988,57.09238],[-3.43397,57.10002],[-3.43058,57.10346],[-3.42373,57.10515],[-3.41722,57.10491],[-3.41504,57.10028],[-3.41049,57.09866],[-3.40836,57.09898],[-3.39663,57.10073],[-3.37858,57.09823],[-3.3633,57.10344],[-3.35695,57.1096],[-3.33673,57.11132],[-3.32853,57.11832],[-3.32302,57.13124],[-3.33429,57.13725],[-3.33425,57.14251],[-3.34889,57.14867],[-3.34855,57.1517],[-3.34258,57.15641],[-3.35231,57.16024],[-3.35649,57.16685],[-3.35782,57.17192],[-3.35411,57.17734],[-3.32976,57.18814],[-3.3133,57.19233],[-3.29353,57.19369],[-3.28094,57.19197],[-3.27574,57.19964],[-3.27195,57.20144],[-3.26454,57.20295],[-3.25601,57.19995],[-3.2433,57.20222],[-3.24062,57.2058],[-3.24825,57.21268],[-3.24488,57.21963],[-3.23636,57.22345],[-3.23806,57.22769],[-3.23512,57.23277],[-3.22521,57.23902],[-3.2251,57.24305],[-3.21931,57.24906],[-3.20858,57.2558],[-3.19709,57.25503],[-3.18599,57.26326],[-3.16325,57.26301],[-3.14759,57.27184],[-3.1426,57.2777],[-3.12901,57.27671],[-3.11948,57.28137],[-3.10876,57.2777],[-3.09275,57.28382],[-3.08683,57.28133],[-3.06978,57.28126],[-3.06243,57.27667],[-3.05373,57.27578],[-3.04357,57.27828],[-3.03163,57.27234],[-3.02716,57.26463],[-3.02042,57.26287],[-3.01595,57.26684],[-2.9938,57.27316],[-2.98419,57.27788],[-2.9736,57.28831],[-2.97601,57.29952],[-2.96284,57.31256],[-2.95279,57.31783],[-2.96353,57.32069],[-2.97197,57.32883],[-2.97331,57.3381],[-2.97032,57.34285],[-2.97007,57.35121],[-2.98263,57.36332],[-2.97473,57.36974],[-2.96103,57.37414],[-2.95548,57.37811],[-2.97962,57.38913],[-2.98843,57.39809],[-2.99821,57.39945],[-3.00316,57.40326],[-3.01277,57.40309],[-3.02287,57.40562],[-3.01696,57.41367],[-3.00735,57.42022],[-2.98265,57.42685],[-2.95627,57.43909],[-2.97608,57.44252],[-2.99032,57.44017],[-2.99755,57.44407],[-3.0098,57.44325],[-3.01993,57.44966],[-3.01732,57.45123],[-3.01292,57.45251],[-3.01135,57.45411],[-3.01092,57.45618],[-3.01308,57.45945],[-3.01289,57.46073],[-3.01121,57.46206],[-3.00584,57.46283],[-3.00163,57.46558],[-2.99602,57.46748],[-2.99353,57.46946],[-2.99274,57.47102],[-2.98979,57.47222],[-2.98565,57.47794],[-2.98592,57.47931],[-2.98586,57.48335],[-2.97271,57.49167],[-2.97064,57.49616],[-2.96731,57.49616],[-2.95995,57.49395],[-2.91947,57.49541],[-2.91791,57.49616],[-2.92091,57.50198],[-2.91946,57.50595],[-2.90795,57.51012],[-2.88769,57.52144],[-2.88897,57.5273],[-2.88547,57.53219],[-2.86639,57.52997],[-2.82797,57.539],[-2.82064,57.53419],[-2.81709,57.52076],[-2.80974,57.51934],[-2.79292,57.51013],[-2.78492,57.50915],[-2.77953,57.51538],[-2.76621,57.52117],[-2.76061,57.52182],[-2.7576,57.52079],[-2.75975,57.5138],[-2.74847,57.50886],[-2.74458,57.50776],[-2.74358,57.50643],[-2.74186,57.50414],[-2.7344,57.50377],[-2.72825,57.50473],[-2.72368,57.50459],[-2.71776,57.50118],[-2.70819,57.51117],[-2.70366,57.50975],[-2.70052,57.50982],[-2.69784,57.50809],[-2.69492,57.50804],[-2.69299,57.50906],[-2.69212,57.51247],[-2.69108,57.5137],[-2.69271,57.51653],[-2.68472,57.5168],[-2.68119,57.51692],[-2.67937,57.52082],[-2.67073,57.52272],[-2.65874,57.52814],[-2.64977,57.5297],[-2.65428,57.53453],[-2.66619,57.53438],[-2.6676,57.53533],[-2.66452,57.53599],[-2.66721,57.53741],[-2.68472,57.5388],[-2.69525,57.53692],[-2.69864,57.53134],[-2.70818,57.53151],[-2.71428,57.53869],[-2.71273,57.54382],[-2.72058,57.56353],[-2.72821,57.5655],[-2.73861,57.56504],[-2.74899,57.56802],[-2.74814,57.57948],[-2.76124,57.57972],[-2.77384,57.58392],[-2.77996,57.58821],[-2.78328,57.59694],[-2.7848,57.59835],[-2.79014,57.6033],[-2.80817,57.60998],[-2.78785,57.62599],[-2.77399,57.64944],[-2.79075,57.66077],[-2.80163,57.66554],[-2.80151,57.69525],[-2.79861,57.69671],[-2.79222,57.69992],[-2.7859,57.69671],[-2.77902,57.69321],[-2.75821,57.69376],[-2.74847,57.68972],[-2.74676,57.68329],[-2.74358,57.68271],[-2.74124,57.68228],[-2.71494,57.69239],[-2.70558,57.68713],[-2.69458,57.6855],[-2.68774,57.68688],[-2.68472,57.68462],[-2.68313,57.68343],[-2.66741,57.69021],[-2.65978,57.68679],[-2.649,57.68748],[-2.64741,57.68428],[-2.63761,57.68073],[-2.62991,57.6809],[-2.61633,57.68119],[-2.61306,57.67944],[-2.59907,57.6818],[-2.59192,57.67875],[-2.58393,57.67822],[-2.57477,57.68185],[-2.56172,57.6733],[-2.54199,57.66974],[-2.52992,57.67042],[-2.52572,57.67065],[-2.51407,57.66441],[-2.50743,57.6662],[-2.49682,57.67356],[-2.48891,57.67222],[-2.47583,57.67381],[-2.47162,57.67187],[-2.45719,57.67225],[-2.44869,57.67023],[-2.42894,57.67386],[-2.42099,57.67123],[-2.41201,57.67153],[-2.39648,57.66856],[-2.38185,57.67005],[-2.3688,57.67499],[-2.36201,57.67584],[-2.35704,57.67471],[-2.34935,57.67043],[-2.34236,57.67115],[-2.32672,57.67737],[-2.32543,57.68484],[-2.322,57.68844],[-2.29803,57.6954],[-2.29211,57.69468],[-2.28999,57.69034],[-2.27616,57.68704],[-2.26395,57.68017],[-2.24722,57.68234],[-2.22136,57.67854],[-2.21275,57.67884],[-2.1904,57.67202],[-2.17574,57.67434],[-2.16337,57.68319],[-2.15537,57.6836],[-2.14634,57.68666],[-2.13516,57.69406],[-2.12194,57.69942],[-2.10769,57.69777],[-2.07951,57.7003],[-2.06155,57.69794]]]]},"properties":{"code":"UKM5","nom":"North Eastern Scotland","country":"SCO"}},{"type":"Feature","geometry":{"type":"MultiPolygon","coordinates":[[[[-3.41143,58.6402],[-3.40836,58.65389],[-3.4075,58.65773],[-3.40175,58.66341],[-3.37946,58.67066],[-3.36661,58.67028],[-3.3567,58.66522],[-3.34287,58.64724],[-3.322,58.64809],[-3.31165,58.64619],[-3.30907,58.64365],[-3.30311,58.64556],[-3.29265,58.64616],[-3.27513,58.65276],[-3.2484,58.65404],[-3.23702,58.65033],[-3.22831,58.65051],[-3.22018,58.65426],[-3.21833,58.65511],[-3.19772,58.65602],[-3.18962,58.65926],[-3.18386,58.65695],[-3.17914,58.65214],[-3.17307,58.65091],[-3.16808,58.64272],[-3.15905,58.63824],[-3.1407,58.63912],[-3.12858,58.64238],[-3.11329,58.64288],[-3.09777,58.64662],[-3.06641,58.64449],[-3.05935,58.64583],[-3.0516,58.64729],[-3.04103,58.64501],[-3.03208,58.64567],[-3.02583,58.6437],[-3.02548,58.64081],[-3.03622,58.63151],[-3.03718,58.6246],[-3.03735,58.61765],[-3.0397,58.6145],[-3.03588,58.60941],[-3.04071,58.60483],[-3.0451,58.59714],[-3.05935,58.59466],[-3.07181,58.59249],[-3.06901,58.58625],[-3.06068,58.58105],[-3.06683,58.57124],[-3.06748,58.56422],[-3.08124,58.55626],[-3.08388,58.5508],[-3.0903,58.54586],[-3.10615,58.53829],[-3.11344,58.5325],[-3.12085,58.53097],[-3.1254,58.52586],[-3.13083,58.51976],[-3.13314,58.50357],[-3.12711,58.48701],[-3.12085,58.47993],[-3.11652,58.47773],[-3.10634,58.47424],[-3.10325,58.47383],[-3.08151,58.47512],[-3.05682,58.47955],[-3.04924,58.47766],[-3.04832,58.47255],[-3.05663,58.46065],[-3.05059,58.45192],[-3.05483,58.44742],[-3.05935,58.44646],[-3.06179,58.44594],[-3.06031,58.44284],[-3.08128,58.44167],[-3.08068,58.43794],[-3.07102,58.43387],[-3.06895,58.42982],[-3.08497,58.41892],[-3.08402,58.41534],[-3.08964,58.41113],[-3.08895,58.40602],[-3.09288,58.40136],[-3.09978,58.39554],[-3.09987,58.38878],[-3.1109,58.37108],[-3.12833,58.35975],[-3.14534,58.35403],[-3.17935,58.33374],[-3.21122,58.31016],[-3.22193,58.30568],[-3.24641,58.29978],[-3.27513,58.29807],[-3.28738,58.29535],[-3.29852,58.28978],[-3.32533,58.28544],[-3.33215,58.28163],[-3.34287,58.27978],[-3.36278,58.27633],[-3.38297,58.2688],[-3.39592,58.26138],[-3.40836,58.25145],[-3.41463,58.24643],[-3.42751,58.24402],[-3.43938,58.22893],[-3.46871,58.20861],[-3.47643,58.19608],[-3.48992,58.18811],[-3.50301,58.17591],[-3.50879,58.17201],[-3.54835,58.15842],[-3.58175,58.14062],[-3.599,58.13453],[-3.61228,58.13202],[-3.62572,58.12328],[-3.63991,58.11623],[-3.65909,58.11204],[-3.67559,58.10087],[-3.70501,58.08693],[-3.7331,58.07789],[-3.74573,58.06919],[-3.75758,58.06726],[-3.76502,58.06406],[-3.78092,58.0643],[-3.80291,58.05735],[-3.81594,58.04605],[-3.83245,58.03902],[-3.8382,58.02905],[-3.8417,58.01365],[-3.84851,58.00711],[-3.87262,58.00091],[-3.89256,57.98846],[-3.91783,57.98415],[-3.93445,57.98291],[-3.95255,57.97684],[-3.97253,57.97365],[-3.9813,57.96991],[-3.99115,57.9577],[-4.00111,57.9384],[-4.00603,57.93511],[-4.02534,57.93562],[-4.01427,57.94598],[-4.01707,57.94946],[-4.02392,57.94956],[-4.04508,57.94571],[-4.05695,57.95389],[-4.06835,57.95512],[-4.07965,57.95083],[-4.0672,57.93772],[-4.03249,57.92883],[-4.0173,57.93111],[-4.00915,57.93073],[-4.00214,57.92593],[-3.99443,57.90574],[-4.01179,57.88965],[-4.0152,57.87631],[-4.01141,57.86573],[-4.01333,57.86117],[-4.03844,57.86715],[-4.07067,57.86717],[-4.09461,57.86146],[-4.11219,57.8509],[-4.12228,57.85525],[-4.14163,57.85672],[-4.13468,57.86309],[-4.13633,57.8683],[-4.14921,57.86139],[-4.1619,57.86001],[-4.17131,57.86149],[-4.17797,57.86745],[-4.19077,57.86827],[-4.21463,57.87332],[-4.2294,57.87417],[-4.25101,57.87041],[-4.2703,57.86901],[-4.27399,57.86232],[-4.29007,57.86305],[-4.30624,57.87351],[-4.32846,57.87964],[-4.34122,57.88633],[-4.35313,57.89946],[-4.36397,57.90741],[-4.39608,57.91439],[-4.39455,57.90938],[-4.38184,57.90186],[-4.36454,57.9017],[-4.35721,57.89923],[-4.34999,57.89005],[-4.35831,57.88516],[-4.35927,57.88069],[-4.34688,57.87262],[-4.32498,57.86429],[-4.32085,57.86319],[-4.30461,57.86175],[-4.29723,57.85322],[-4.28286,57.85579],[-4.2703,57.85172],[-4.24601,57.85745],[-4.19498,57.86195],[-4.18883,57.85398],[-4.18093,57.85421],[-4.17266,57.84812],[-4.16857,57.84306],[-4.16178,57.83464],[-4.15113,57.83295],[-4.14119,57.82899],[-4.13121,57.8286],[-4.12164,57.83007],[-4.11986,57.83195],[-4.13005,57.83841],[-4.13036,57.84058],[-4.11682,57.83606],[-4.10903,57.83528],[-4.09951,57.83434],[-4.07814,57.82793],[-4.05984,57.81973],[-4.04558,57.81693],[-4.02573,57.82196],[-3.99075,57.8359],[-3.95681,57.84408],[-3.93445,57.83748],[-3.93184,57.83671],[-3.91782,57.83555],[-3.91273,57.83376],[-3.92254,57.82464],[-3.93445,57.81999],[-3.93597,57.81906],[-3.93445,57.8178],[-3.92467,57.81811],[-3.89483,57.82434],[-3.88792,57.82286],[-3.87303,57.82336],[-3.85845,57.82603],[-3.83091,57.83664],[-3.80678,57.86144],[-3.79307,57.86507],[-3.77615,57.86381],[-3.78029,57.85246],[-3.79538,57.83582],[-3.86982,57.7783],[-3.91254,57.75373],[-3.93445,57.72693],[-3.97791,57.69557],[-3.9891,57.69292],[-4.01769,57.69353],[-4.03223,57.69764],[-4.03173,57.70553],[-4.0262,57.71565],[-4.01189,57.72917],[-4.01721,57.73743],[-4.03601,57.73624],[-4.05547,57.73075],[-4.08019,57.72889],[-4.10528,57.71909],[-4.13287,57.70393],[-4.14565,57.69671],[-4.15902,57.68915],[-4.16902,57.6855],[-4.17548,57.68586],[-4.18689,57.69079],[-4.20315,57.69267],[-4.22985,57.69047],[-4.24016,57.68739],[-4.24303,57.6842],[-4.25596,57.67872],[-4.26402,57.67902],[-4.2783,57.68321],[-4.29019,57.68073],[-4.30086,57.67465],[-4.30214,57.67128],[-4.29899,57.66535],[-4.30434,57.65735],[-4.31614,57.65483],[-4.32479,57.6554],[-4.33473,57.65169],[-4.34839,57.63989],[-4.364,57.63218],[-4.36675,57.62766],[-4.37903,57.62428],[-4.41271,57.60785],[-4.4188,57.60083],[-4.41557,57.59835],[-4.40818,57.5927],[-4.42236,57.58451],[-4.42893,57.57428],[-4.41459,57.57807],[-4.40029,57.58707],[-4.38402,57.59242],[-4.37263,57.59835],[-4.3703,57.59957],[-4.32332,57.63156],[-4.28662,57.64649],[-4.24699,57.66555],[-4.2296,57.67052],[-4.21451,57.6735],[-4.20338,57.67285],[-4.16746,57.67535],[-4.16422,57.67149],[-4.16516,57.66107],[-4.15608,57.65787],[-4.13085,57.65936],[-4.08789,57.66483],[-4.07783,57.66836],[-4.06149,57.6741],[-4.04527,57.67775],[-4.03565,57.68212],[-4.02065,57.67954],[-4.00223,57.67925],[-3.99716,57.67676],[-4.01037,57.66418],[-4.04394,57.6479],[-4.06149,57.63376],[-4.06976,57.62695],[-4.07783,57.62191],[-4.10089,57.6075],[-4.10707,57.59835],[-4.11206,57.59096],[-4.09974,57.57614],[-4.13085,57.5786],[-4.14175,57.57702],[-4.17213,57.56513],[-4.17663,57.55325],[-4.18704,57.54652],[-4.23719,57.55156],[-4.24919,57.5492],[-4.24432,57.54589],[-4.23023,57.54629],[-4.21511,57.54214],[-4.20234,57.54295],[-4.19468,57.53765],[-4.21028,57.51986],[-4.22061,57.51535],[-4.23535,57.50168],[-4.2414,57.50118],[-4.27042,57.50499],[-4.30963,57.50291],[-4.34333,57.50606],[-4.36471,57.51218],[-4.38197,57.5117],[-4.40003,57.50798],[-4.40909,57.50505],[-4.41555,57.50415],[-4.42486,57.49542],[-4.43205,57.49435],[-4.43844,57.48565],[-4.45388,57.48486],[-4.45603,57.48305],[-4.45384,57.48075],[-4.45116,57.48038],[-4.44981,57.4828],[-4.43686,57.4833],[-4.43152,57.48976],[-4.41245,57.49702],[-4.40008,57.49355],[-4.38489,57.48176],[-4.37832,57.47979],[-4.33168,57.48433],[-4.31635,57.48123],[-4.3063,57.48324],[-4.28751,57.48149],[-4.25899,57.48995],[-4.24314,57.4941],[-4.23405,57.48764],[-4.23313,57.48432],[-4.22985,57.48418],[-4.23429,57.49169],[-4.22001,57.4959],[-4.20851,57.49447],[-4.19499,57.48918],[-4.19177,57.48384],[-4.1795,57.48552],[-4.16852,57.48939],[-4.15209,57.49955],[-4.14861,57.5046],[-4.14767,57.51637],[-4.12722,57.51531],[-4.11353,57.51703],[-4.11186,57.51881],[-4.11546,57.52167],[-4.10034,57.53582],[-4.05474,57.55234],[-4.04262,57.55981],[-4.03949,57.56815],[-4.04513,57.5748],[-4.05758,57.58116],[-4.07113,57.58246],[-4.07146,57.58483],[-4.05541,57.59073],[-4.01934,57.59303],[-4.01719,57.59835],[-4.01139,57.60023],[-3.99947,57.59835],[-3.97974,57.59157],[-3.97604,57.59182],[-3.97729,57.59365],[-3.9826,57.59537],[-3.98346,57.59645],[-3.98185,57.59658],[-3.97604,57.59475],[-3.93445,57.58779],[-3.92124,57.58685],[-3.8588,57.59254],[-3.82123,57.60245],[-3.7989,57.61308],[-3.79162,57.61924],[-3.79248,57.62324],[-3.76228,57.63078],[-3.75758,57.6317],[-3.75258,57.63016],[-3.74483,57.63158],[-3.70446,57.64594],[-3.69836,57.64935],[-3.69785,57.6535],[-3.69155,57.65877],[-3.64654,57.663],[-3.63253,57.662],[-3.62518,57.65932],[-3.62136,57.65581],[-3.62596,57.64519],[-3.63817,57.64382],[-3.63206,57.6396],[-3.63239,57.63548],[-3.62862,57.63509],[-3.62202,57.63746],[-3.59036,57.63176],[-3.58216,57.6372],[-3.58537,57.64585],[-3.59275,57.65035],[-3.6021,57.65277],[-3.61683,57.66313],[-3.54948,57.662],[-3.53026,57.66436],[-3.51483,57.66852],[-3.50669,57.67206],[-3.49663,57.67926],[-3.49312,57.68457],[-3.4905,57.69092],[-3.48925,57.6946],[-3.48944,57.69671],[-3.48964,57.69913],[-3.4905,57.70009],[-3.49896,57.70251],[-3.4967,57.704],[-3.4905,57.70347],[-3.48251,57.70254],[-3.45802,57.70416],[-3.43894,57.70957],[-3.43754,57.71145],[-3.4284,57.71125],[-3.4192,57.71461],[-3.41152,57.71355],[-3.40836,57.71404],[-3.39249,57.71649],[-3.38432,57.71948],[-3.34527,57.72461],[-3.34287,57.72461],[-3.33043,57.72466],[-3.30479,57.72081],[-3.29118,57.72494],[-3.28185,57.7248],[-3.27885,57.72314],[-3.28196,57.71923],[-3.27513,57.71693],[-3.22952,57.70157],[-3.2078,57.69671],[-3.12623,57.67844],[-3.10395,57.67633],[-3.05935,57.66911],[-3.02716,57.6639],[-3.01684,57.66429],[-2.99889,57.66911],[-2.99391,57.67247],[-2.97245,57.67853],[-2.96265,57.67913],[-2.94987,57.68386],[-2.93286,57.68703],[-2.92262,57.69671],[-2.90665,57.69874],[-2.90031,57.70075],[-2.88522,57.70173],[-2.87715,57.70507],[-2.86703,57.70362],[-2.86001,57.70642],[-2.84972,57.7064],[-2.84688,57.70496],[-2.8454,57.69835],[-2.84099,57.69671],[-2.83427,57.69421],[-2.82595,57.69298],[-2.80705,57.69665],[-2.80151,57.69525],[-2.80163,57.66554],[-2.79075,57.66077],[-2.77399,57.64944],[-2.78785,57.62599],[-2.80817,57.60998],[-2.79014,57.6033],[-2.7848,57.59835],[-2.78328,57.59694],[-2.77996,57.58821],[-2.77384,57.58392],[-2.76124,57.57972],[-2.74814,57.57948],[-2.74899,57.56802],[-2.73861,57.56504],[-2.72821,57.5655],[-2.72058,57.56353],[-2.71273,57.54382],[-2.71428,57.53869],[-2.70818,57.53151],[-2.69864,57.53134],[-2.69525,57.53692],[-2.68472,57.5388],[-2.66721,57.53741],[-2.66452,57.53599],[-2.6676,57.53533],[-2.66619,57.53438],[-2.65428,57.53453],[-2.64977,57.5297],[-2.65874,57.52814],[-2.67073,57.52272],[-2.67937,57.52082],[-2.68119,57.51692],[-2.68472,57.5168],[-2.69271,57.51653],[-2.69108,57.5137],[-2.69212,57.51247],[-2.69299,57.50906],[-2.69492,57.50804],[-2.69784,57.50809],[-2.70052,57.50982],[-2.70366,57.50975],[-2.70819,57.51117],[-2.71776,57.50118],[-2.72368,57.50459],[-2.72825,57.50473],[-2.7344,57.50377],[-2.74186,57.50414],[-2.74358,57.50643],[-2.74458,57.50776],[-2.74847,57.50886],[-2.75975,57.5138],[-2.7576,57.52079],[-2.76061,57.52182],[-2.76621,57.52117],[-2.77953,57.51538],[-2.78492,57.50915],[-2.79292,57.51013],[-2.80974,57.51934],[-2.81709,57.52076],[-2.82064,57.53419],[-2.82797,57.539],[-2.86639,57.52997],[-2.88547,57.53219],[-2.88897,57.5273],[-2.88769,57.52144],[-2.90795,57.51012],[-2.91946,57.50595],[-2.92091,57.50198],[-2.91791,57.49616],[-2.91947,57.49541],[-2.95995,57.49395],[-2.96731,57.49616],[-2.97064,57.49616],[-2.97271,57.49167],[-2.98586,57.48335],[-2.98592,57.47931],[-2.98565,57.47794],[-2.98979,57.47222],[-2.99274,57.47102],[-2.99353,57.46946],[-2.99602,57.46748],[-3.00163,57.46558],[-3.00584,57.46283],[-3.01121,57.46206],[-3.01289,57.46073],[-3.01308,57.45945],[-3.01092,57.45618],[-3.01135,57.45411],[-3.01292,57.45251],[-3.01732,57.45123],[-3.01993,57.44966],[-3.0098,57.44325],[-2.99755,57.44407],[-2.99032,57.44017],[-2.97608,57.44252],[-2.95627,57.43909],[-2.98265,57.42685],[-3.00735,57.42022],[-3.01696,57.41367],[-3.02287,57.40562],[-3.01277,57.40309],[-3.00316,57.40326],[-2.99821,57.39945],[-2.98843,57.39809],[-2.97962,57.38913],[-2.95548,57.37811],[-2.96103,57.37414],[-2.97473,57.36974],[-2.98263,57.36332],[-2.97007,57.35121],[-2.97032,57.34285],[-2.97331,57.3381],[-2.97197,57.32883],[-2.96353,57.32069],[-2.95279,57.31783],[-2.96284,57.31256],[-2.97601,57.29952],[-2.9736,57.28831],[-2.98419,57.27788],[-2.9938,57.27316],[-3.01595,57.26684],[-3.02042,57.26287],[-3.02716,57.26463],[-3.03163,57.27234],[-3.04357,57.27828],[-3.05373,57.27578],[-3.06243,57.27667],[-3.06978,57.28126],[-3.08683,57.28133],[-3.09275,57.28382],[-3.10876,57.2777],[-3.11948,57.28137],[-3.12901,57.27671],[-3.1426,57.2777],[-3.14759,57.27184],[-3.16325,57.26301],[-3.18599,57.26326],[-3.19709,57.25503],[-3.20858,57.2558],[-3.21931,57.24906],[-3.2251,57.24305],[-3.22521,57.23902],[-3.23512,57.23277],[-3.23806,57.22769],[-3.23636,57.22345],[-3.24488,57.21963],[-3.24825,57.21268],[-3.24062,57.2058],[-3.2433,57.20222],[-3.25601,57.19995],[-3.26454,57.20295],[-3.27195,57.20144],[-3.27574,57.19964],[-3.28094,57.19197],[-3.29353,57.19369],[-3.3133,57.19233],[-3.32976,57.18814],[-3.35411,57.17734],[-3.35782,57.17192],[-3.35649,57.16685],[-3.35231,57.16024],[-3.34258,57.15641],[-3.34855,57.1517],[-3.34889,57.14867],[-3.33425,57.14251],[-3.33429,57.13725],[-3.32302,57.13124],[-3.32853,57.11832],[-3.33673,57.11132],[-3.35695,57.1096],[-3.3633,57.10344],[-3.37858,57.09823],[-3.39663,57.10073],[-3.40836,57.09898],[-3.41049,57.09866],[-3.41504,57.10028],[-3.41722,57.10491],[-3.42373,57.10515],[-3.43058,57.10346],[-3.43397,57.10002],[-3.44988,57.09238],[-3.47382,57.09158],[-3.48487,57.09436],[-3.4905,57.09028],[-3.49503,57.08799],[-3.50724,57.08845],[-3.51605,57.08689],[-3.53679,57.09076],[-3.54235,57.08552],[-3.55647,57.083],[-3.56015,57.08513],[-3.55729,57.09484],[-3.56033,57.0963],[-3.57937,57.09308],[-3.59278,57.08451],[-3.60383,57.0864],[-3.61213,57.08602],[-3.61937,57.08949],[-3.63431,57.08606],[-3.64532,57.08809],[-3.65368,57.08053],[-3.653,57.07558],[-3.6567,57.06963],[-3.66246,57.06863],[-3.66829,57.07057],[-3.66702,57.07577],[-3.67597,57.07996],[-3.67474,57.08513],[-3.68367,57.09537],[-3.70696,57.08873],[-3.71466,57.0797],[-3.72585,57.07957],[-3.73486,57.07597],[-3.74882,57.07614],[-3.75705,57.07041],[-3.74885,57.05909],[-3.7346,57.05544],[-3.75651,57.0381],[-3.74922,57.02058],[-3.74513,57.01687],[-3.74817,57.00912],[-3.74874,56.99332],[-3.75758,56.98697],[-3.76136,56.97474],[-3.78748,56.96254],[-3.80163,56.93601],[-3.81523,56.93526],[-3.82606,56.93721],[-3.84273,56.92776],[-3.85238,56.92453],[-3.87397,56.92396],[-3.88589,56.92566],[-3.89569,56.9243],[-3.90435,56.93136],[-3.93445,56.93675],[-3.94029,56.94625],[-3.94897,56.94595],[-3.96594,56.93234],[-3.96943,56.91977],[-3.96386,56.9087],[-3.96802,56.90092],[-3.98331,56.89382],[-3.99568,56.89162],[-4.00841,56.89735],[-4.01568,56.89204],[-4.0226,56.89046],[-4.03531,56.89913],[-4.0421,56.89735],[-4.06539,56.89529],[-4.07776,56.89591],[-4.08904,56.894],[-4.11224,56.89514],[-4.12554,56.89859],[-4.13685,56.89813],[-4.1565,56.90431],[-4.16795,56.90588],[-4.17539,56.90932],[-4.18254,56.90784],[-4.19963,56.89262],[-4.20164,56.88628],[-4.19513,56.87699],[-4.20135,56.87129],[-4.21763,56.86771],[-4.2329,56.85722],[-4.25237,56.85419],[-4.26293,56.85606],[-4.27811,56.85093],[-4.29439,56.85252],[-4.30278,56.85121],[-4.31408,56.84328],[-4.3273,56.83782],[-4.33138,56.82578],[-4.33807,56.82291],[-4.34425,56.82281],[-4.35697,56.82803],[-4.3754,56.8304],[-4.41406,56.79899],[-4.43394,56.77916],[-4.4405,56.77556],[-4.46783,56.77906],[-4.48569,56.79208],[-4.50852,56.80216],[-4.52037,56.80542],[-4.52853,56.80145],[-4.5298,56.79781],[-4.53214,56.79591],[-4.53859,56.78734],[-4.54958,56.78135],[-4.54802,56.7725],[-4.5797,56.76467],[-4.58868,56.76014],[-4.57701,56.73478],[-4.59135,56.7243],[-4.6051,56.70847],[-4.59148,56.70423],[-4.59245,56.69344],[-4.5967,56.69192],[-4.61425,56.69123],[-4.62718,56.68784],[-4.63553,56.6827],[-4.65659,56.67541],[-4.67723,56.67744],[-4.69533,56.67541],[-4.70927,56.67673],[-4.71754,56.6756],[-4.72017,56.65603],[-4.71531,56.64298],[-4.69633,56.64345],[-4.66413,56.64036],[-4.63518,56.65569],[-4.63038,56.65521],[-4.63011,56.64771],[-4.61885,56.63827],[-4.62107,56.63472],[-4.63601,56.62497],[-4.63351,56.62255],[-4.62644,56.61573],[-4.6101,56.61473],[-4.59761,56.60477],[-4.58666,56.59977],[-4.57646,56.58871],[-4.57335,56.58013],[-4.56096,56.57167],[-4.5787,56.57161],[-4.60015,56.57621],[-4.61339,56.57053],[-4.64065,56.56792],[-4.64971,56.56161],[-4.66118,56.56211],[-4.67177,56.55741],[-4.68391,56.55308],[-4.69467,56.55162],[-4.69812,56.5426],[-4.69107,56.53989],[-4.67959,56.53935],[-4.66766,56.533],[-4.65956,56.53396],[-4.65436,56.52687],[-4.65308,56.51857],[-4.65946,56.51043],[-4.67555,56.50024],[-4.68506,56.4907],[-4.68027,56.48482],[-4.67017,56.48005],[-4.6496,56.47902],[-4.63908,56.47616],[-4.6442,56.47381],[-4.6554,56.47278],[-4.66596,56.46184],[-4.68912,56.46287],[-4.69935,56.46694],[-4.7061,56.4617],[-4.72699,56.45888],[-4.73215,56.45489],[-4.72478,56.45018],[-4.72349,56.4461],[-4.7324,56.4354],[-4.73905,56.43432],[-4.75336,56.43692],[-4.76637,56.43575],[-4.76598,56.43219],[-4.78207,56.42741],[-4.79007,56.42682],[-4.79914,56.4172],[-4.81186,56.41702],[-4.81438,56.41323],[-4.81271,56.408],[-4.81704,56.40317],[-4.81386,56.398],[-4.8221,56.39488],[-4.83447,56.39019],[-4.83465,56.37826],[-4.8545,56.37053],[-4.83127,56.36643],[-4.8221,56.36201],[-4.80967,56.35602],[-4.80172,56.35528],[-4.79511,56.34824],[-4.78392,56.34337],[-4.78001,56.33895],[-4.79217,56.33257],[-4.78581,56.32385],[-4.77917,56.31695],[-4.8221,56.29782],[-4.82543,56.29633],[-4.8364,56.29145],[-4.8221,56.28365],[-4.80814,56.27605],[-4.78798,56.26476],[-4.78294,56.25276],[-4.78244,56.25155],[-4.7832,56.24978],[-4.79841,56.24645],[-4.79862,56.24523],[-4.78902,56.24248],[-4.77417,56.24099],[-4.75008,56.24101],[-4.73297,56.23174],[-4.73113,56.22662],[-4.73317,56.22181],[-4.74022,56.21578],[-4.74865,56.20333],[-4.75275,56.20329],[-4.76031,56.19726],[-4.77754,56.19129],[-4.77803,56.18617],[-4.78483,56.18521],[-4.78892,56.18226],[-4.79709,56.17048],[-4.8221,56.1452],[-4.82477,56.1425],[-4.83149,56.12536],[-4.84607,56.11839],[-4.858,56.10423],[-4.86362,56.10126],[-4.88243,56.10506],[-4.88746,56.11091],[-4.89092,56.12407],[-4.88437,56.13364],[-4.88358,56.14359],[-4.90176,56.16934],[-4.90791,56.17117],[-4.91631,56.16462],[-4.90073,56.14518],[-4.90179,56.13524],[-4.90746,56.12992],[-4.91077,56.12045],[-4.9078,56.11133],[-4.90047,56.10453],[-4.87708,56.0937],[-4.87465,56.08766],[-4.89601,56.06096],[-4.91398,56.05118],[-4.90838,56.04499],[-4.90637,56.03242],[-4.90062,56.02119],[-4.90211,56.01194],[-4.89539,55.99498],[-4.89701,55.98703],[-4.89897,55.98456],[-4.90974,55.98568],[-4.92931,55.99071],[-4.95387,56.00038],[-4.95544,55.99567],[-4.96068,55.99128],[-4.94621,55.98209],[-4.93058,55.98144],[-4.92462,55.97909],[-4.9156,55.97553],[-4.90765,55.96709],[-4.91417,55.95707],[-4.92367,55.95081],[-4.92368,55.94577],[-4.93357,55.94255],[-4.93765,55.92844],[-4.94576,55.91847],[-4.94882,55.90716],[-4.95138,55.89768],[-4.97281,55.88061],[-4.98102,55.8621],[-4.99042,55.8645],[-5.01961,55.86584],[-5.02305,55.86839],[-5.03685,55.86868],[-5.04449,55.87122],[-5.04101,55.88088],[-5.04799,55.89097],[-5.05036,55.90716],[-5.05706,55.91966],[-5.05708,55.92828],[-5.069,55.95111],[-5.08357,55.96126],[-5.09614,55.96481],[-5.10441,55.97065],[-5.11525,55.99283],[-5.12101,55.99851],[-5.12106,56.00638],[-5.1244,56.00763],[-5.12747,56.00524],[-5.12883,55.99697],[-5.12003,55.98312],[-5.11666,55.97226],[-5.10291,55.95934],[-5.09332,55.95343],[-5.08455,55.94063],[-5.0742,55.90657],[-5.07721,55.89933],[-5.08594,55.89813],[-5.10943,55.90186],[-5.16524,55.93086],[-5.17663,55.93388],[-5.18858,55.9465],[-5.18585,55.97315],[-5.19125,55.97962],[-5.19817,55.97057],[-5.20152,55.9482],[-5.19619,55.93736],[-5.19718,55.93245],[-5.20672,55.91875],[-5.23336,55.90612],[-5.24025,55.8959],[-5.20933,55.85427],[-5.20234,55.83434],[-5.20476,55.82998],[-5.20938,55.82778],[-5.21701,55.82899],[-5.2286,55.83779],[-5.24725,55.84165],[-5.25264,55.84859],[-5.2578,55.85116],[-5.28238,55.84851],[-5.29212,55.85419],[-5.30711,55.85426],[-5.31315,55.86023],[-5.31299,55.87308],[-5.32987,55.88456],[-5.34682,55.89282],[-5.34894,55.90887],[-5.34461,55.91821],[-5.34597,55.92715],[-5.34137,55.93997],[-5.33153,55.95501],[-5.33335,55.95948],[-5.34533,55.9703],[-5.34019,55.98295],[-5.33898,55.99556],[-5.32777,56.00621],[-5.31503,56.01274],[-5.30584,56.02056],[-5.2884,56.04936],[-5.27253,56.06148],[-5.26336,56.0716],[-5.21723,56.0996],[-5.21106,56.1068],[-5.20826,56.11867],[-5.1989,56.12943],[-5.17874,56.13643],[-5.15183,56.13857],[-5.13831,56.14205],[-5.10025,56.15707],[-5.08233,56.16772],[-5.08171,56.17907],[-5.07087,56.19637],[-5.05734,56.20929],[-5.03114,56.2234],[-4.97792,56.23779],[-4.96512,56.24566],[-4.95036,56.25065],[-4.94345,56.25583],[-4.93683,56.25719],[-4.92454,56.26614],[-4.92401,56.26966],[-4.92986,56.27012],[-4.94919,56.25938],[-4.96861,56.25426],[-4.99552,56.24373],[-5.00889,56.24274],[-5.04295,56.23498],[-5.04624,56.23742],[-5.04621,56.24502],[-5.05364,56.24549],[-5.05779,56.24402],[-5.07113,56.23508],[-5.0769,56.22494],[-5.08947,56.21797],[-5.09543,56.20829],[-5.10432,56.20169],[-5.10739,56.19598],[-5.10794,56.18281],[-5.11761,56.17139],[-5.13165,56.16234],[-5.14313,56.15815],[-5.16312,56.15619],[-5.17473,56.15178],[-5.19157,56.14995],[-5.19865,56.14727],[-5.24545,56.12178],[-5.25482,56.11291],[-5.25884,56.09772],[-5.26362,56.09584],[-5.28513,56.08737],[-5.29148,56.08058],[-5.29917,56.06537],[-5.31576,56.0589],[-5.32297,56.06124],[-5.32398,56.06855],[-5.33363,56.06767],[-5.33534,56.0627],[-5.32848,56.0576],[-5.34018,56.05026],[-5.33814,56.03388],[-5.3441,56.02448],[-5.34875,56.02195],[-5.3623,56.02243],[-5.3676,56.01519],[-5.38103,56.00543],[-5.39518,56.00637],[-5.40616,56.00216],[-5.40769,56.00419],[-5.40926,56.00629],[-5.42074,56.01097],[-5.42674,56.01341],[-5.43164,56.03446],[-5.43609,56.03595],[-5.44033,56.03415],[-5.44986,56.00694],[-5.44556,55.9884],[-5.44801,55.97909],[-5.44997,55.97165],[-5.44336,55.9585],[-5.43191,55.95148],[-5.42884,55.93991],[-5.41872,55.90787],[-5.41814,55.89583],[-5.41459,55.89257],[-5.40769,55.89154],[-5.40518,55.89006],[-5.40401,55.8875],[-5.40769,55.887],[-5.40769,55.88416],[-5.39755,55.87163],[-5.4008,55.86941],[-5.40769,55.86939],[-5.41203,55.86526],[-5.40769,55.86545],[-5.40097,55.86574],[-5.38559,55.86235],[-5.35553,55.83496],[-5.33955,55.82699],[-5.33436,55.82111],[-5.33265,55.81918],[-5.33012,55.81166],[-5.32338,55.80539],[-5.31519,55.78573],[-5.3168,55.77512],[-5.32581,55.76651],[-5.34771,55.76581],[-5.35851,55.76088],[-5.36769,55.75622],[-5.39697,55.74801],[-5.40769,55.739],[-5.41207,55.73532],[-5.42179,55.73106],[-5.44631,55.70955],[-5.44874,55.69203],[-5.44905,55.68978],[-5.4582,55.68253],[-5.45838,55.67663],[-5.46976,55.65214],[-5.48136,55.64305],[-5.47748,55.63362],[-5.4781,55.62014],[-5.47299,55.60142],[-5.46048,55.59044],[-5.46219,55.58469],[-5.45973,55.57722],[-5.46641,55.574],[-5.47249,55.58032],[-5.48669,55.57756],[-5.49271,55.56883],[-5.49036,55.56274],[-5.49292,55.54777],[-5.49049,55.53134],[-5.49209,55.52972],[-5.49773,55.5287],[-5.50301,55.52774],[-5.5042,55.51648],[-5.511,55.50628],[-5.50915,55.50057],[-5.51163,55.49875],[-5.51495,55.49632],[-5.51517,55.48989],[-5.51211,55.48771],[-5.52204,55.48372],[-5.52353,55.47956],[-5.53038,55.47746],[-5.5446,55.46746],[-5.54653,55.44941],[-5.54752,55.44845],[-5.55516,55.44108],[-5.5519,55.43511],[-5.5584,55.43479],[-5.56823,55.42856],[-5.57174,55.42768],[-5.58031,55.42551],[-5.59836,55.42812],[-5.60294,55.42613],[-5.59652,55.41995],[-5.58318,55.41397],[-5.57174,55.41428],[-5.56189,55.41792],[-5.55098,55.41654],[-5.54531,55.4074],[-5.529,55.39489],[-5.51733,55.36964],[-5.53306,55.34963],[-5.56041,55.33047],[-5.56373,55.3238],[-5.57174,55.32037],[-5.60329,55.30796],[-5.6197,55.30684],[-5.6304,55.30863],[-5.64261,55.30769],[-5.65223,55.31087],[-5.66795,55.30805],[-5.68627,55.308],[-5.72319,55.29228],[-5.75861,55.28921],[-5.79879,55.30005],[-5.80353,55.30525],[-5.80453,55.31069],[-5.79956,55.32141],[-5.80163,55.32722],[-5.79739,55.33427],[-5.79904,55.34294],[-5.80494,55.34833],[-5.80026,55.35338],[-5.80325,55.36447],[-5.79765,55.36959],[-5.79833,55.37587],[-5.7943,55.38302],[-5.79622,55.39115],[-5.77556,55.40447],[-5.77258,55.40852],[-5.75507,55.41497],[-5.74984,55.42408],[-5.7307,55.42442],[-5.72357,55.4289],[-5.72004,55.43464],[-5.71314,55.45872],[-5.7151,55.4873],[-5.71193,55.49679],[-5.71498,55.50998],[-5.71412,55.5214],[-5.70543,55.53205],[-5.70522,55.54079],[-5.70771,55.5527],[-5.7158,55.56888],[-5.71568,55.57809],[-5.69433,55.58762],[-5.69202,55.59488],[-5.6867,55.59863],[-5.68465,55.61442],[-5.67943,55.61807],[-5.67805,55.62674],[-5.67289,55.63306],[-5.67359,55.64784],[-5.66602,55.66325],[-5.66372,55.66791],[-5.66589,55.67305],[-5.67579,55.68249],[-5.64996,55.69203],[-5.64019,55.69589],[-5.62887,55.70371],[-5.60737,55.72436],[-5.59962,55.73567],[-5.59982,55.74029],[-5.58613,55.74815],[-5.5833,55.75487],[-5.5705,55.7658],[-5.55202,55.76825],[-5.51945,55.78358],[-5.50868,55.79457],[-5.48503,55.80425],[-5.47445,55.81196],[-5.46897,55.82211],[-5.45133,55.83807],[-5.44422,55.85447],[-5.44981,55.85318],[-5.46299,55.83816],[-5.47453,55.83301],[-5.48413,55.82188],[-5.49821,55.81578],[-5.51961,55.79794],[-5.53723,55.78786],[-5.56636,55.77735],[-5.57675,55.77755],[-5.59121,55.76791],[-5.61111,55.76236],[-5.61388,55.76934],[-5.60841,55.77558],[-5.61737,55.78233],[-5.61258,55.7906],[-5.61695,55.79129],[-5.63195,55.78822],[-5.64157,55.78914],[-5.66183,55.79954],[-5.66908,55.81299],[-5.66424,55.82879],[-5.66362,55.84286],[-5.65111,55.86354],[-5.64393,55.86949],[-5.6263,55.88364],[-5.62551,55.8891],[-5.62065,55.89298],[-5.62021,55.89743],[-5.62003,55.89919],[-5.60945,55.91022],[-5.60058,55.91589],[-5.588,55.92016],[-5.57317,55.93534],[-5.58143,55.93771],[-5.59647,55.93075],[-5.60945,55.9283],[-5.64338,55.90537],[-5.65833,55.90155],[-5.67728,55.88821],[-5.68216,55.88827],[-5.68592,55.89583],[-5.68244,55.9056],[-5.68689,55.91189],[-5.68003,55.92748],[-5.66358,55.95014],[-5.64051,55.96552],[-5.60945,55.99635],[-5.5981,56.00723],[-5.57544,56.01623],[-5.5739,56.02141],[-5.5739,56.02158],[-5.57399,56.02173],[-5.57417,56.02186],[-5.57442,56.02195],[-5.57471,56.02199],[-5.575,56.02198],[-5.57527,56.02191],[-5.5896,56.01668],[-5.59204,56.01888],[-5.57482,56.03307],[-5.57317,56.03681],[-5.58116,56.03549],[-5.58728,56.03678],[-5.60054,56.02575],[-5.60945,56.0267],[-5.6238,56.02379],[-5.62364,56.02189],[-5.614,56.01935],[-5.61377,56.01668],[-5.63731,55.9911],[-5.64963,55.98487],[-5.65313,55.98682],[-5.64786,55.99844],[-5.65281,55.99716],[-5.66077,55.98261],[-5.65283,55.97909],[-5.66941,55.96288],[-5.67845,55.9466],[-5.691,55.9356],[-5.69587,55.93427],[-5.70021,55.93551],[-5.70308,55.94016],[-5.70136,55.94838],[-5.69531,55.95482],[-5.6872,55.95852],[-5.68447,55.96302],[-5.68966,55.96363],[-5.70449,55.95863],[-5.7062,55.96431],[-5.69136,55.97909],[-5.68478,55.98526],[-5.68343,55.99233],[-5.67015,56.00652],[-5.66779,56.00901],[-5.65866,56.01496],[-5.65646,56.02545],[-5.64657,56.0288],[-5.63704,56.02977],[-5.64005,56.03772],[-5.63066,56.05383],[-5.62124,56.06023],[-5.615,56.06169],[-5.60945,56.06859],[-5.60672,56.07197],[-5.58406,56.0908],[-5.58106,56.09147],[-5.57174,56.08947],[-5.56759,56.08892],[-5.55967,56.09104],[-5.5538,56.09049],[-5.54901,56.08689],[-5.5468,56.07997],[-5.53459,56.07544],[-5.52873,56.07489],[-5.52844,56.07488],[-5.52817,56.07493],[-5.52794,56.07503],[-5.52777,56.07516],[-5.52769,56.07532],[-5.5277,56.07548],[-5.5278,56.07563],[-5.53065,56.07842],[-5.53034,56.08423],[-5.54147,56.08659],[-5.53164,56.09962],[-5.53855,56.10366],[-5.55315,56.10215],[-5.55465,56.10801],[-5.56246,56.1075],[-5.56773,56.11358],[-5.55644,56.13016],[-5.54762,56.14313],[-5.53256,56.15593],[-5.51965,56.16712],[-5.51546,56.1783],[-5.50457,56.18466],[-5.50415,56.1877],[-5.5094,56.19004],[-5.51571,56.19015],[-5.52533,56.18762],[-5.54417,56.17613],[-5.55238,56.16882],[-5.57826,56.15593],[-5.5773,56.15279],[-5.58103,56.14645],[-5.59157,56.14213],[-5.59256,56.13749],[-5.59758,56.13349],[-5.60593,56.13051],[-5.60945,56.13138],[-5.61256,56.13216],[-5.60945,56.13684],[-5.6066,56.14112],[-5.59206,56.15096],[-5.59399,56.15231],[-5.60004,56.14787],[-5.60298,56.14834],[-5.59971,56.15593],[-5.59837,56.15902],[-5.6043,56.15799],[-5.60485,56.1593],[-5.5962,56.16611],[-5.58685,56.16938],[-5.58908,56.17327],[-5.58693,56.17763],[-5.5834,56.18096],[-5.57709,56.1829],[-5.57174,56.19016],[-5.57105,56.19109],[-5.56978,56.19592],[-5.55826,56.20464],[-5.55947,56.20859],[-5.54752,56.21479],[-5.54386,56.21669],[-5.54636,56.21952],[-5.54947,56.22874],[-5.55007,56.23055],[-5.55555,56.23278],[-5.56268,56.233],[-5.56526,56.23649],[-5.5577,56.23929],[-5.54477,56.23964],[-5.53784,56.24396],[-5.52971,56.24537],[-5.52535,56.24886],[-5.51366,56.24758],[-5.51163,56.25147],[-5.50991,56.25276],[-5.50796,56.25422],[-5.50207,56.25616],[-5.49872,56.25726],[-5.49414,56.25734],[-5.4885,56.25744],[-5.49414,56.26124],[-5.49696,56.26315],[-5.49766,56.26792],[-5.50207,56.26905],[-5.50876,56.26724],[-5.51637,56.26066],[-5.52369,56.26212],[-5.53925,56.25837],[-5.5609,56.26006],[-5.58183,56.24905],[-5.59775,56.25163],[-5.59339,56.26687],[-5.58148,56.28275],[-5.58385,56.28558],[-5.58985,56.28514],[-5.59075,56.28799],[-5.58752,56.3065],[-5.58516,56.31179],[-5.57487,56.33481],[-5.55311,56.34735],[-5.53694,56.34858],[-5.52517,56.34386],[-5.51643,56.34352],[-5.50207,56.35011],[-5.49716,56.35182],[-5.49414,56.35208],[-5.47188,56.35402],[-5.4461,56.3624],[-5.44315,56.36591],[-5.44586,56.36754],[-5.45262,56.36721],[-5.47918,56.35632],[-5.49414,56.35688],[-5.50207,56.35717],[-5.50727,56.35559],[-5.51163,56.35163],[-5.51499,56.34857],[-5.52069,56.34645],[-5.52678,56.35268],[-5.53428,56.35486],[-5.53743,56.35824],[-5.53715,56.36277],[-5.52992,56.36957],[-5.53271,56.37243],[-5.53032,56.37402],[-5.52499,56.37757],[-5.52812,56.38064],[-5.51359,56.39603],[-5.51163,56.39726],[-5.50207,56.40324],[-5.49852,56.40547],[-5.49414,56.40726],[-5.48441,56.41124],[-5.47751,56.41151],[-5.47365,56.41415],[-5.48451,56.42357],[-5.48364,56.43554],[-5.47385,56.43659],[-5.464,56.44643],[-5.43989,56.45525],[-5.43808,56.45472],[-5.44333,56.44945],[-5.43796,56.44797],[-5.42074,56.45314],[-5.41704,56.45426],[-5.41099,56.45072],[-5.40769,56.45147],[-5.39188,56.45504],[-5.36566,56.45501],[-5.35028,56.45906],[-5.34401,56.45765],[-5.33751,56.45309],[-5.32941,56.45127],[-5.31692,56.45673],[-5.31087,56.45441],[-5.29959,56.45539],[-5.28429,56.4507],[-5.27032,56.45316],[-5.26733,56.45608],[-5.26362,56.45355],[-5.25902,56.45044],[-5.25005,56.44005],[-5.23772,56.43765],[-5.22452,56.4439],[-5.19739,56.44798],[-5.18979,56.44907],[-5.17224,56.45746],[-5.15661,56.47191],[-5.14313,56.47549],[-5.13628,56.47731],[-5.1417,56.47966],[-5.14258,56.48284],[-5.13558,56.48974],[-5.12448,56.49402],[-5.11775,56.50381],[-5.1077,56.50926],[-5.09946,56.51849],[-5.09595,56.52864],[-5.09584,56.53037],[-5.0942,56.53218],[-5.09218,56.53331],[-5.08926,56.53386],[-5.08756,56.53512],[-5.08472,56.53704],[-5.08057,56.5456],[-5.07679,56.54798],[-5.07559,56.55183],[-5.07393,56.55417],[-5.07096,56.55608],[-5.0667,56.55741],[-5.06656,56.56156],[-5.07061,56.56263],[-5.07752,56.56058],[-5.08028,56.55741],[-5.09026,56.54216],[-5.09767,56.53587],[-5.10879,56.52165],[-5.11912,56.51357],[-5.13476,56.50451],[-5.14313,56.50364],[-5.14734,56.5032],[-5.1556,56.50027],[-5.16395,56.48656],[-5.17346,56.48088],[-5.17562,56.47247],[-5.18331,56.46717],[-5.18705,56.46041],[-5.22783,56.44826],[-5.25722,56.46285],[-5.26362,56.46326],[-5.27548,56.46403],[-5.28866,56.4614],[-5.31403,56.46368],[-5.33006,56.4663],[-5.34507,56.47121],[-5.35988,56.46963],[-5.36307,56.4626],[-5.36827,56.45967],[-5.39247,56.45787],[-5.40163,56.45861],[-5.40244,56.4751],[-5.40769,56.48414],[-5.41081,56.48953],[-5.42074,56.49415],[-5.42496,56.49983],[-5.45289,56.47854],[-5.45513,56.47889],[-5.45548,56.48549],[-5.46926,56.48364],[-5.46477,56.49083],[-5.45068,56.50062],[-5.44921,56.50661],[-5.43714,56.51836],[-5.42673,56.52002],[-5.42074,56.52302],[-5.41682,56.52517],[-5.40769,56.5243],[-5.40259,56.52382],[-5.40005,56.51694],[-5.38747,56.51112],[-5.37604,56.51223],[-5.36655,56.51544],[-5.35843,56.51498],[-5.35143,56.519],[-5.33471,56.52087],[-5.31335,56.53012],[-5.30202,56.54147],[-5.29402,56.54572],[-5.29446,56.54808],[-5.30266,56.5505],[-5.31919,56.54822],[-5.33706,56.53731],[-5.35917,56.52721],[-5.36631,56.5261],[-5.37443,56.52809],[-5.38102,56.52629],[-5.39278,56.53536],[-5.3947,56.54222],[-5.40769,56.54152],[-5.4112,56.54133],[-5.40812,56.54905],[-5.41607,56.54981],[-5.40769,56.55872],[-5.40517,56.56139],[-5.39423,56.5669],[-5.3889,56.5674],[-5.38249,56.56502],[-5.37343,56.56596],[-5.38133,56.57154],[-5.38503,56.5784],[-5.37846,56.58239],[-5.35962,56.60407],[-5.32505,56.62082],[-5.32278,56.62255],[-5.30004,56.6399],[-5.30133,56.64504],[-5.31964,56.65051],[-5.3018,56.66048],[-5.28566,56.6647],[-5.27713,56.66914],[-5.26362,56.67133],[-5.25168,56.66837],[-5.24589,56.67409],[-5.22227,56.68609],[-5.19739,56.68609],[-5.17992,56.68749],[-5.14842,56.67766],[-5.14313,56.67836],[-5.13991,56.67879],[-5.13324,56.68163],[-5.11549,56.6809],[-5.10865,56.68505],[-5.10348,56.69201],[-5.06074,56.70041],[-5.05003,56.70468],[-5.05545,56.70552],[-5.06571,56.70301],[-5.09794,56.69961],[-5.11015,56.69561],[-5.12635,56.6935],[-5.14313,56.68792],[-5.16111,56.68657],[-5.16885,56.69159],[-5.18151,56.69072],[-5.18638,56.69885],[-5.19605,56.70091],[-5.20837,56.70214],[-5.22922,56.7013],[-5.24508,56.70385],[-5.23949,56.71358],[-5.24016,56.71757],[-5.2298,56.72883],[-5.20759,56.74093],[-5.19739,56.74931],[-5.16975,56.772],[-5.16339,56.78136],[-5.14313,56.79444],[-5.10865,56.82243],[-5.09224,56.83002],[-5.09722,56.83332],[-5.10015,56.82829],[-5.1026,56.82791],[-5.10388,56.83574],[-5.12552,56.84283],[-5.1335,56.84282],[-5.14313,56.83969],[-5.15098,56.8399],[-5.15893,56.84274],[-5.17163,56.85122],[-5.19195,56.85504],[-5.2392,56.85513],[-5.2587,56.85366],[-5.33474,56.85951],[-5.33472,56.85538],[-5.32296,56.85039],[-5.31112,56.84698],[-5.30003,56.84764],[-5.26362,56.84417],[-5.2456,56.84245],[-5.19739,56.84507],[-5.17992,56.84602],[-5.16504,56.84251],[-5.15164,56.83696],[-5.14313,56.83602],[-5.12477,56.83398],[-5.12352,56.82713],[-5.12781,56.82203],[-5.13645,56.81799],[-5.14313,56.81285],[-5.15094,56.80683],[-5.15478,56.80127],[-5.16435,56.7985],[-5.19739,56.7786],[-5.21834,56.76598],[-5.22546,56.7694],[-5.23616,56.76593],[-5.23865,56.7622],[-5.23221,56.75854],[-5.23081,56.75169],[-5.25263,56.738],[-5.25621,56.73169],[-5.24336,56.72058],[-5.26362,56.71638],[-5.26992,56.71358],[-5.27332,56.71207],[-5.28367,56.70215],[-5.29024,56.71038],[-5.29673,56.71238],[-5.30241,56.71122],[-5.31239,56.70603],[-5.32183,56.69771],[-5.35025,56.68528],[-5.35328,56.68395],[-5.35892,56.67305],[-5.38994,56.65488],[-5.4024,56.64525],[-5.4097,56.64318],[-5.41368,56.64651],[-5.41778,56.64719],[-5.43297,56.64281],[-5.46125,56.62255],[-5.46998,56.6163],[-5.48427,56.6158],[-5.48969,56.61142],[-5.49414,56.6129],[-5.50603,56.61685],[-5.5255,56.61646],[-5.52409,56.61399],[-5.49477,56.60623],[-5.50046,56.59828],[-5.51607,56.58542],[-5.52448,56.57418],[-5.5403,56.56386],[-5.5492,56.55382],[-5.55843,56.54927],[-5.56452,56.54292],[-5.57579,56.53704],[-5.58721,56.53358],[-5.59979,56.52567],[-5.60945,56.52287],[-5.62332,56.51899],[-5.64915,56.50828],[-5.68465,56.49876],[-5.69021,56.50086],[-5.69806,56.5122],[-5.73017,56.51709],[-5.74489,56.52341],[-5.75551,56.52012],[-5.76845,56.53078],[-5.77034,56.5355],[-5.75906,56.54264],[-5.75551,56.54924],[-5.74651,56.5579],[-5.74585,56.56181],[-5.75048,56.56167],[-5.75551,56.55926],[-5.75981,56.5569],[-5.77983,56.53423],[-5.80498,56.53436],[-5.83107,56.5392],[-5.8434,56.54311],[-5.85861,56.54427],[-5.86226,56.54455],[-5.88602,56.55049],[-5.90349,56.55148],[-5.93632,56.5688],[-5.94603,56.57817],[-5.95902,56.58331],[-5.96276,56.5899],[-5.97404,56.59788],[-5.98053,56.61147],[-6.00089,56.62133],[-6.0012,56.62255],[-6.00634,56.64239],[-6.00114,56.64916],[-5.96276,56.65119],[-5.95536,56.65281],[-5.94941,56.65587],[-5.94445,56.65548],[-5.93803,56.65223],[-5.92355,56.65225],[-5.91829,56.65274],[-5.91457,56.65687],[-5.92125,56.65814],[-5.92355,56.65765],[-5.94373,56.65711],[-5.95016,56.65976],[-5.94106,56.66866],[-5.9382,56.66732],[-5.9382,56.66497],[-5.93815,56.66482],[-5.93803,56.66469],[-5.93784,56.66458],[-5.9376,56.6645],[-5.93734,56.66448],[-5.93707,56.66449],[-5.93682,56.66455],[-5.93661,56.66465],[-5.93647,56.66478],[-5.93478,56.66703],[-5.92784,56.6688],[-5.92355,56.66458],[-5.92149,56.66328],[-5.91836,56.66352],[-5.91589,56.66333],[-5.91313,56.66193],[-5.90971,56.66136],[-5.90639,56.6602],[-5.90532,56.65928],[-5.90531,56.65827],[-5.90358,56.65687],[-5.90163,56.65419],[-5.89919,56.65267],[-5.89672,56.65211],[-5.89342,56.64975],[-5.89216,56.6448],[-5.89318,56.64146],[-5.89219,56.64037],[-5.88786,56.63967],[-5.88227,56.64161],[-5.87772,56.64128],[-5.87475,56.63847],[-5.87035,56.63901],[-5.86607,56.63755],[-5.86377,56.63584],[-5.85861,56.63475],[-5.83406,56.62322],[-5.8288,56.62311],[-5.83073,56.62913],[-5.84651,56.63666],[-5.85861,56.63829],[-5.86444,56.63894],[-5.87607,56.64499],[-5.87915,56.65184],[-5.87302,56.65668],[-5.86265,56.6602],[-5.85861,56.66083],[-5.85349,56.66164],[-5.84656,56.66036],[-5.84252,56.66057],[-5.83957,56.66072],[-5.82795,56.66619],[-5.82031,56.66798],[-5.80575,56.6756],[-5.79146,56.67955],[-5.77754,56.69004],[-5.76547,56.69358],[-5.75769,56.69586],[-5.74648,56.70132],[-5.72238,56.69661],[-5.70458,56.68269],[-5.69698,56.68366],[-5.68396,56.68275],[-5.67558,56.67789],[-5.61143,56.67711],[-5.60945,56.67793],[-5.59965,56.68152],[-5.56924,56.6825],[-5.54085,56.68496],[-5.53714,56.68653],[-5.54036,56.68809],[-5.55994,56.68849],[-5.5725,56.69247],[-5.58914,56.68929],[-5.59698,56.69069],[-5.60945,56.6892],[-5.61601,56.68944],[-5.63229,56.68476],[-5.64869,56.68384],[-5.66171,56.68079],[-5.66433,56.68196],[-5.66109,56.6851],[-5.67159,56.68959],[-5.68258,56.69024],[-5.69077,56.69787],[-5.70258,56.70097],[-5.71949,56.71059],[-5.73362,56.71173],[-5.75605,56.7081],[-5.76294,56.70976],[-5.76547,56.70949],[-5.77043,56.70943],[-5.77707,56.71264],[-5.78058,56.70646],[-5.81003,56.68693],[-5.82194,56.68341],[-5.83568,56.67615],[-5.84252,56.67514],[-5.84533,56.67473],[-5.85861,56.679],[-5.86212,56.68013],[-5.89397,56.67413],[-5.92364,56.67671],[-5.93468,56.68485],[-5.93861,56.68377],[-5.9401,56.67998],[-5.9434,56.67958],[-5.94771,56.68569],[-5.95317,56.68399],[-5.95944,56.68438],[-5.96276,56.68306],[-5.9696,56.68036],[-5.97223,56.67509],[-5.97599,56.67371],[-5.9835,56.67696],[-5.98875,56.68342],[-6.02875,56.6815],[-6.05333,56.69261],[-6.07413,56.69297],[-6.08194,56.69311],[-6.09591,56.68968],[-6.10061,56.69017],[-6.11385,56.6961],[-6.12068,56.69448],[-6.13659,56.68561],[-6.14365,56.68399],[-6.18659,56.68845],[-6.19306,56.69138],[-6.21464,56.70114],[-6.2215,56.70944],[-6.22494,56.71358],[-6.22663,56.71563],[-6.22352,56.72222],[-6.22474,56.72689],[-6.2215,56.72751],[-6.21156,56.7294],[-6.2067,56.73655],[-6.20036,56.73776],[-6.19306,56.73648],[-6.19005,56.73595],[-6.18453,56.73798],[-6.18415,56.74697],[-6.18875,56.75246],[-6.18755,56.75421],[-6.17792,56.75501],[-6.16362,56.75318],[-6.1533,56.75938],[-6.14399,56.76225],[-6.11768,56.76536],[-6.10061,56.76467],[-6.09417,56.76123],[-6.08164,56.76331],[-6.07413,56.76144],[-6.06397,56.75948],[-6.05644,56.76222],[-6.05197,56.76189],[-6.04856,56.76505],[-6.03548,56.76365],[-6.02689,56.76595],[-6.01848,56.76532],[-6.01233,56.7713],[-6.0019,56.76911],[-5.98235,56.76946],[-5.97632,56.77358],[-5.97002,56.77496],[-5.96723,56.78307],[-5.96333,56.7839],[-5.94587,56.77782],[-5.90974,56.75305],[-5.88288,56.76054],[-5.87295,56.7548],[-5.87135,56.74504],[-5.85009,56.7427],[-5.84747,56.75123],[-5.85263,56.75804],[-5.88453,56.76648],[-5.8915,56.77622],[-5.88607,56.7832],[-5.87312,56.78278],[-5.85865,56.77675],[-5.84691,56.7782],[-5.83221,56.7753],[-5.82058,56.78377],[-5.79669,56.78897],[-5.77778,56.7842],[-5.75905,56.78505],[-5.76505,56.78838],[-5.80906,56.79666],[-5.81681,56.79345],[-5.83146,56.79252],[-5.85058,56.78702],[-5.8825,56.79244],[-5.88487,56.7971],[-5.87729,56.80832],[-5.86164,56.80823],[-5.86443,56.8146],[-5.86259,56.8227],[-5.85456,56.83175],[-5.84393,56.83384],[-5.81707,56.83135],[-5.80774,56.83646],[-5.78312,56.83832],[-5.7581,56.84741],[-5.73828,56.84432],[-5.71878,56.84493],[-5.71035,56.84937],[-5.69992,56.86421],[-5.69291,56.8677],[-5.68158,56.86951],[-5.67409,56.87253],[-5.67397,56.87635],[-5.68255,56.87892],[-5.69141,56.87807],[-5.71068,56.86646],[-5.71609,56.86141],[-5.71987,56.85311],[-5.73329,56.8535],[-5.74042,56.85203],[-5.75345,56.85509],[-5.76022,56.85851],[-5.76711,56.85865],[-5.77175,56.85874],[-5.78689,56.86222],[-5.78303,56.86747],[-5.76711,56.87512],[-5.76103,56.87805],[-5.74673,56.8834],[-5.7297,56.88628],[-5.73423,56.88902],[-5.73316,56.89256],[-5.73793,56.8951],[-5.76711,56.89412],[-5.79856,56.89082],[-5.81867,56.8859],[-5.83045,56.88729],[-5.84252,56.8842],[-5.8475,56.88292],[-5.85861,56.88293],[-5.86528,56.88294],[-5.88916,56.87595],[-5.90056,56.87741],[-5.90825,56.88249],[-5.9161,56.88241],[-5.92276,56.89037],[-5.89918,56.89623],[-5.89589,56.90186],[-5.88769,56.90404],[-5.87914,56.90004],[-5.86778,56.89878],[-5.8617,56.89562],[-5.85861,56.89683],[-5.85297,56.89904],[-5.8519,56.90292],[-5.84602,56.90666],[-5.84711,56.90956],[-5.85159,56.91134],[-5.85861,56.91055],[-5.86361,56.91],[-5.87162,56.91085],[-5.88064,56.91639],[-5.88203,56.91973],[-5.87862,56.92303],[-5.87755,56.92407],[-5.86527,56.92822],[-5.86555,56.93508],[-5.86159,56.93938],[-5.85861,56.9406],[-5.85458,56.94226],[-5.85305,56.95453],[-5.84393,56.96615],[-5.83849,56.96721],[-5.82457,56.96237],[-5.82018,56.96286],[-5.82725,56.97301],[-5.83927,56.97221],[-5.84583,56.97357],[-5.84297,56.98854],[-5.83299,56.99477],[-5.83106,57.00459],[-5.82387,57.00649],[-5.81778,57.01219],[-5.76711,57.01615],[-5.73896,57.01818],[-5.7268,57.01705],[-5.70665,56.99108],[-5.69874,56.98769],[-5.69045,56.98672],[-5.67099,56.9778],[-5.65304,56.97679],[-5.63557,56.97119],[-5.63279,56.97478],[-5.6183,56.9771],[-5.60745,56.98282],[-5.58415,56.98137],[-5.57174,56.98436],[-5.51329,56.99587],[-5.52133,56.99941],[-5.52089,57.00266],[-5.52366,57.00382],[-5.57174,56.99344],[-5.59068,56.99134],[-5.60335,56.98654],[-5.61864,56.98386],[-5.64076,56.99156],[-5.66373,56.99719],[-5.67775,57.00971],[-5.68354,57.01927],[-5.68153,57.02448],[-5.67376,57.02649],[-5.67148,57.03045],[-5.68485,57.03766],[-5.69334,57.03995],[-5.70871,57.04063],[-5.73641,57.03567],[-5.73705,57.03047],[-5.74624,57.03013],[-5.75428,57.03435],[-5.76322,57.04953],[-5.76711,57.04844],[-5.77472,57.0463],[-5.78184,57.04677],[-5.79279,57.05565],[-5.79549,57.06469],[-5.78999,57.06718],[-5.78619,57.07288],[-5.77436,57.08104],[-5.76711,57.08468],[-5.7571,57.0897],[-5.742,57.09345],[-5.72895,57.10148],[-5.73042,57.10282],[-5.72746,57.1051],[-5.72656,57.10782],[-5.71957,57.11812],[-5.69737,57.12036],[-5.6815,57.11949],[-5.6548,57.12671],[-5.64672,57.12748],[-5.63307,57.12321],[-5.59332,57.11898],[-5.57174,57.10257],[-5.56741,57.09657],[-5.55837,57.09776],[-5.55054,57.09237],[-5.51928,57.08275],[-5.51468,57.09397],[-5.51163,57.09597],[-5.50965,57.09727],[-5.50207,57.09749],[-5.49723,57.09764],[-5.48217,57.1011],[-5.45851,57.10307],[-5.45148,57.10552],[-5.43114,57.1063],[-5.42449,57.10933],[-5.42074,57.10956],[-5.41334,57.11002],[-5.38974,57.10616],[-5.38752,57.10692],[-5.39041,57.10944],[-5.40668,57.11071],[-5.42074,57.11453],[-5.42465,57.11559],[-5.43884,57.11161],[-5.47949,57.10516],[-5.48668,57.10186],[-5.4923,57.1054],[-5.50207,57.1039],[-5.51163,57.10243],[-5.51477,57.10195],[-5.52358,57.10243],[-5.53153,57.10376],[-5.55064,57.11254],[-5.5549,57.12383],[-5.56396,57.1337],[-5.57698,57.13373],[-5.5855,57.13958],[-5.61264,57.14543],[-5.65933,57.14299],[-5.67768,57.14862],[-5.68886,57.15786],[-5.6906,57.16222],[-5.68828,57.16738],[-5.69132,57.17086],[-5.67934,57.18199],[-5.64199,57.19816],[-5.62519,57.21346],[-5.63472,57.2238],[-5.65451,57.22802],[-5.65423,57.23704],[-5.6344,57.25099],[-5.60977,57.25442],[-5.59833,57.25924],[-5.58983,57.25775],[-5.57697,57.25896],[-5.54356,57.26839],[-5.52971,57.27002],[-5.52223,57.26772],[-5.51163,57.25766],[-5.50774,57.25397],[-5.50207,57.25094],[-5.49203,57.24557],[-5.47831,57.23539],[-5.44953,57.22433],[-5.44012,57.21826],[-5.42074,57.21985],[-5.41825,57.22312],[-5.40597,57.2293],[-5.40702,57.23203],[-5.42074,57.23254],[-5.45934,57.24129],[-5.47926,57.25459],[-5.50207,57.2654],[-5.50528,57.26692],[-5.51163,57.27294],[-5.51321,57.27918],[-5.51163,57.28112],[-5.50207,57.28689],[-5.49719,57.29137],[-5.49849,57.29216],[-5.50207,57.29146],[-5.51163,57.28927],[-5.52172,57.28006],[-5.53535,57.28097],[-5.55242,57.27744],[-5.56105,57.27914],[-5.57231,57.27418],[-5.59011,57.27179],[-5.5992,57.27816],[-5.61794,57.27596],[-5.62742,57.28184],[-5.6461,57.28601],[-5.6706,57.28144],[-5.72302,57.28062],[-5.73046,57.28338],[-5.72205,57.2866],[-5.72715,57.2961],[-5.7222,57.30019],[-5.7209,57.30201],[-5.72406,57.3065],[-5.72015,57.31113],[-5.70378,57.31874],[-5.69955,57.32445],[-5.68161,57.32473],[-5.67502,57.32661],[-5.68122,57.32967],[-5.67966,57.3364],[-5.68328,57.34043],[-5.66434,57.34159],[-5.65711,57.34499],[-5.64902,57.34542],[-5.64542,57.34367],[-5.64967,57.33583],[-5.63177,57.33863],[-5.61636,57.33884],[-5.59092,57.34443],[-5.58277,57.35095],[-5.57418,57.35296],[-5.5345,57.35347],[-5.51163,57.36372],[-5.50444,57.36694],[-5.50207,57.36891],[-5.49523,57.37461],[-5.48546,57.3775],[-5.45913,57.3904],[-5.45395,57.40353],[-5.44128,57.41376],[-5.44187,57.41844],[-5.44893,57.4235],[-5.4585,57.42168],[-5.46944,57.41634],[-5.4811,57.40343],[-5.50207,57.39544],[-5.50899,57.38701],[-5.55533,57.35901],[-5.60262,57.35688],[-5.60833,57.3602],[-5.60375,57.36452],[-5.63535,57.36932],[-5.63757,57.37452],[-5.63362,57.37903],[-5.61061,57.38416],[-5.59715,57.39015],[-5.59906,57.39492],[-5.61229,57.40158],[-5.60776,57.41163],[-5.61011,57.4149],[-5.62217,57.40606],[-5.62763,57.39932],[-5.63989,57.39273],[-5.65889,57.38827],[-5.66931,57.38351],[-5.68987,57.3776],[-5.73336,57.35468],[-5.75387,57.35023],[-5.78708,57.3485],[-5.80296,57.35858],[-5.80948,57.37101],[-5.81391,57.36906],[-5.81596,57.36348],[-5.82076,57.36453],[-5.82733,57.37858],[-5.82838,57.38753],[-5.82248,57.39156],[-5.81941,57.39821],[-5.81239,57.39797],[-5.81023,57.40048],[-5.81288,57.40601],[-5.8225,57.41292],[-5.82409,57.41824],[-5.82052,57.42703],[-5.80964,57.43888],[-5.81824,57.44272],[-5.84191,57.44188],[-5.85321,57.44437],[-5.85861,57.44975],[-5.86053,57.45166],[-5.86457,57.46759],[-5.87137,57.47603],[-5.86885,57.50334],[-5.86081,57.51809],[-5.85861,57.52214],[-5.85609,57.52677],[-5.85431,57.54665],[-5.84908,57.55447],[-5.84865,57.56035],[-5.83819,57.56261],[-5.83979,57.57233],[-5.83723,57.57676],[-5.82398,57.57969],[-5.81613,57.58418],[-5.81077,57.5838],[-5.79698,57.57633],[-5.78489,57.57306],[-5.77941,57.56784],[-5.76871,57.56226],[-5.75852,57.55998],[-5.74771,57.55495],[-5.74582,57.54883],[-5.74144,57.54584],[-5.72693,57.54683],[-5.71446,57.54507],[-5.71405,57.55368],[-5.70793,57.55477],[-5.69996,57.54786],[-5.69683,57.53217],[-5.68676,57.52777],[-5.67452,57.52553],[-5.66471,57.51809],[-5.66321,57.51695],[-5.65055,57.51189],[-5.64685,57.5147],[-5.64828,57.51809],[-5.65677,57.53818],[-5.65447,57.5412],[-5.64866,57.54089],[-5.64412,57.53697],[-5.63477,57.53386],[-5.63136,57.52465],[-5.62542,57.52261],[-5.62042,57.52458],[-5.61977,57.52986],[-5.60751,57.5342],[-5.57742,57.53184],[-5.57164,57.53496],[-5.56321,57.53338],[-5.55658,57.53596],[-5.53583,57.53055],[-5.52583,57.53062],[-5.51859,57.53347],[-5.51446,57.54076],[-5.52328,57.55056],[-5.53859,57.55325],[-5.57146,57.55362],[-5.59157,57.55662],[-5.60224,57.5562],[-5.61479,57.55343],[-5.63314,57.55525],[-5.63806,57.55135],[-5.6513,57.55152],[-5.66768,57.54704],[-5.67212,57.55288],[-5.68434,57.55588],[-5.69189,57.56152],[-5.70203,57.56468],[-5.70008,57.57015],[-5.68367,57.5683],[-5.68691,57.57579],[-5.70717,57.57955],[-5.72795,57.58687],[-5.73544,57.59695],[-5.73511,57.60705],[-5.75666,57.62396],[-5.76811,57.63003],[-5.79698,57.63915],[-5.81296,57.63873],[-5.81684,57.64107],[-5.81726,57.64789],[-5.81042,57.65412],[-5.80894,57.66248],[-5.78988,57.68275],[-5.78654,57.69524],[-5.77249,57.69888],[-5.75793,57.70636],[-5.73701,57.70744],[-5.72808,57.70504],[-5.72277,57.69979],[-5.70888,57.69857],[-5.68535,57.69146],[-5.67803,57.70387],[-5.68001,57.70874],[-5.68908,57.71306],[-5.68984,57.72115],[-5.69805,57.7284],[-5.75698,57.73259],[-5.78005,57.74213],[-5.80035,57.74582],[-5.80946,57.7502],[-5.80868,57.77016],[-5.80206,57.79155],[-5.8144,57.82761],[-5.81083,57.84275],[-5.81184,57.85726],[-5.80392,57.86053],[-5.78154,57.86011],[-5.75836,57.86876],[-5.73662,57.86713],[-5.72202,57.87041],[-5.70654,57.87014],[-5.68841,57.8656],[-5.68952,57.84624],[-5.68233,57.841],[-5.6799,57.83329],[-5.66934,57.83026],[-5.66327,57.82277],[-5.66623,57.81313],[-5.66512,57.79794],[-5.6531,57.78805],[-5.62304,57.76986],[-5.60443,57.76848],[-5.59962,57.77331],[-5.60788,57.77745],[-5.61898,57.7895],[-5.60804,57.7951],[-5.60204,57.79323],[-5.59999,57.78877],[-5.58619,57.78974],[-5.58092,57.79186],[-5.58298,57.79681],[-5.59253,57.79963],[-5.59519,57.80223],[-5.58439,57.81726],[-5.58209,57.82834],[-5.58398,57.8359],[-5.58832,57.83955],[-5.59745,57.8422],[-5.60688,57.85016],[-5.63894,57.85753],[-5.65327,57.87873],[-5.64839,57.8838],[-5.65172,57.89124],[-5.64319,57.90548],[-5.63627,57.91286],[-5.62026,57.92266],[-5.61366,57.92393],[-5.60364,57.92333],[-5.57684,57.91571],[-5.56036,57.91536],[-5.5548,57.91145],[-5.55614,57.904],[-5.55091,57.89775],[-5.55067,57.88797],[-5.53778,57.86958],[-5.51081,57.86298],[-5.47919,57.85814],[-5.46411,57.85318],[-5.45475,57.85445],[-5.45332,57.8663],[-5.44394,57.87233],[-5.43615,57.88195],[-5.43508,57.89547],[-5.42999,57.90222],[-5.41977,57.90689],[-5.39681,57.90357],[-5.35403,57.8878],[-5.35025,57.88577],[-5.33804,57.87923],[-5.32575,57.86726],[-5.3104,57.86123],[-5.28935,57.85588],[-5.266,57.85324],[-5.24015,57.84591],[-5.22128,57.8443],[-5.22395,57.84928],[-5.23889,57.85649],[-5.2466,57.86644],[-5.29206,57.87415],[-5.30777,57.87858],[-5.32011,57.89366],[-5.33714,57.90427],[-5.35025,57.90597],[-5.38343,57.91027],[-5.39251,57.91368],[-5.4029,57.92951],[-5.39488,57.9324],[-5.37491,57.93189],[-5.36928,57.93627],[-5.36347,57.93745],[-5.35477,57.93432],[-5.35025,57.92734],[-5.34891,57.92526],[-5.32858,57.91541],[-5.31658,57.91266],[-5.28798,57.91206],[-5.26058,57.91648],[-5.24068,57.91591],[-5.22092,57.90997],[-5.18737,57.89139],[-5.16895,57.88548],[-5.15149,57.87727],[-5.14313,57.87586],[-5.12918,57.8741],[-5.12172,57.87008],[-5.09864,57.84306],[-5.09571,57.83963],[-5.07979,57.82465],[-5.07106,57.82295],[-5.06905,57.83116],[-5.0786,57.84306],[-5.08429,57.85373],[-5.10221,57.87062],[-5.1167,57.87725],[-5.13149,57.88129],[-5.14313,57.89013],[-5.14818,57.89397],[-5.16499,57.89608],[-5.17278,57.90306],[-5.19139,57.9105],[-5.21816,57.92441],[-5.215,57.92825],[-5.20062,57.93084],[-5.18436,57.94022],[-5.18096,57.94894],[-5.1897,57.94739],[-5.19872,57.95628],[-5.22759,57.95978],[-5.23891,57.96329],[-5.25425,57.9716],[-5.30827,57.98053],[-5.31096,57.98981],[-5.32788,58.00286],[-5.35025,58.00845],[-5.3522,58.01785],[-5.36404,58.02727],[-5.37121,58.02942],[-5.39077,58.03043],[-5.4174,58.03574],[-5.42038,58.04035],[-5.41887,58.0534],[-5.44233,58.06298],[-5.45482,58.07354],[-5.44703,58.09361],[-5.43519,58.10306],[-5.4277,58.10452],[-5.40538,58.0982],[-5.38282,58.08555],[-5.36707,58.07323],[-5.35686,58.06084],[-5.35333,58.07275],[-5.35025,58.07463],[-5.33996,58.07859],[-5.33279,58.07656],[-5.32222,58.07026],[-5.30152,58.06781],[-5.28544,58.07512],[-5.28523,58.08096],[-5.27914,58.08733],[-5.27784,58.09546],[-5.27392,58.10036],[-5.26883,58.10245],[-5.27164,58.10655],[-5.27821,58.10636],[-5.28451,58.10837],[-5.28272,58.11395],[-5.29585,58.1141],[-5.30191,58.11959],[-5.28861,58.122],[-5.26219,58.1214],[-5.26897,58.12505],[-5.28474,58.12797],[-5.29378,58.13729],[-5.28864,58.13886],[-5.27547,58.13803],[-5.26454,58.13938],[-5.2451,58.14875],[-5.24394,58.15142],[-5.25301,58.15194],[-5.27057,58.14885],[-5.2851,58.15209],[-5.29752,58.15228],[-5.30426,58.15453],[-5.306,58.15692],[-5.30378,58.16003],[-5.29488,58.16436],[-5.2963,58.16497],[-5.31094,58.16596],[-5.31332,58.16928],[-5.30791,58.17258],[-5.3081,58.17599],[-5.31949,58.18057],[-5.33407,58.18352],[-5.3421,58.19162],[-5.34335,58.19932],[-5.35025,58.20203],[-5.35352,58.20331],[-5.35825,58.20516],[-5.36489,58.21902],[-5.38276,58.22989],[-5.40262,58.23775],[-5.4031,58.24029],[-5.39751,58.24607],[-5.39415,58.25373],[-5.37832,58.26248],[-5.37506,58.26263],[-5.36736,58.25314],[-5.35352,58.25199],[-5.35025,58.25172],[-5.34145,58.25099],[-5.34016,58.24333],[-5.32046,58.23956],[-5.30828,58.22591],[-5.29712,58.2304],[-5.29019,58.23583],[-5.2698,58.24379],[-5.25146,58.2495],[-5.24079,58.25018],[-5.23496,58.25188],[-5.22814,58.24974],[-5.21903,58.25437],[-5.20457,58.24808],[-5.1819,58.24997],[-5.17257,58.24112],[-5.17147,58.24178],[-5.17073,58.24913],[-5.16322,58.2581],[-5.15258,58.25529],[-5.14313,58.25855],[-5.14126,58.2592],[-5.13175,58.25836],[-5.12721,58.2555],[-5.12678,58.25109],[-5.12181,58.24956],[-5.12153,58.25672],[-5.13071,58.26127],[-5.13189,58.26519],[-5.11138,58.26945],[-5.081,58.25434],[-5.05901,58.24783],[-5.04982,58.25037],[-5.03999,58.2491],[-5.03088,58.25011],[-5.02117,58.25634],[-5.01016,58.25458],[-5.00439,58.25067],[-4.99913,58.2403],[-4.99043,58.23755],[-4.97629,58.22916],[-4.9564,58.22575],[-4.94296,58.21765],[-4.93928,58.21849],[-4.93898,58.22136],[-4.94634,58.2259],[-4.95072,58.23188],[-4.9855,58.24463],[-4.99145,58.24987],[-4.98103,58.25416],[-4.94381,58.25447],[-4.93329,58.25592],[-4.93238,58.25775],[-4.94324,58.25964],[-4.97427,58.25778],[-5.01094,58.26337],[-5.0169,58.26249],[-5.0294,58.25727],[-5.04129,58.25983],[-5.05512,58.25878],[-5.08335,58.26519],[-5.09621,58.27205],[-5.10643,58.2753],[-5.10751,58.2788],[-5.13503,58.28007],[-5.13723,58.28293],[-5.1339,58.28636],[-5.12573,58.28459],[-5.12231,58.28584],[-5.1258,58.2914],[-5.13719,58.29276],[-5.13764,58.29827],[-5.14313,58.30073],[-5.14525,58.30168],[-5.14313,58.30415],[-5.1394,58.30848],[-5.14313,58.31052],[-5.14437,58.31119],[-5.1452,58.3135],[-5.14313,58.3157],[-5.13685,58.32294],[-5.14313,58.32557],[-5.15648,58.31992],[-5.1624,58.31984],[-5.16648,58.32193],[-5.16675,58.33053],[-5.16255,58.33531],[-5.17254,58.33971],[-5.17196,58.34359],[-5.17935,58.35206],[-5.17477,58.3539],[-5.16362,58.35229],[-5.15849,58.35336],[-5.16519,58.35906],[-5.17237,58.36384],[-5.16446,58.37393],[-5.14666,58.38762],[-5.15184,58.39957],[-5.14685,58.40801],[-5.14167,58.41091],[-5.13252,58.41031],[-5.12898,58.40801],[-5.12506,58.40487],[-5.11809,58.40125],[-5.11429,58.3981],[-5.10662,58.39758],[-5.09752,58.39583],[-5.08929,58.39186],[-5.07703,58.39345],[-5.07395,58.38978],[-5.06818,58.38973],[-5.06582,58.38906],[-5.06294,58.38392],[-5.05356,58.38299],[-5.04616,58.38304],[-5.03597,58.37978],[-5.03254,58.37981],[-5.0409,58.38616],[-5.03849,58.39282],[-5.05836,58.39754],[-5.05792,58.40298],[-5.06585,58.4024],[-5.06841,58.40294],[-5.05861,58.40801],[-5.05495,58.4099],[-5.04079,58.40965],[-5.03903,58.41016],[-5.03986,58.41116],[-5.04889,58.41386],[-5.05817,58.4143],[-5.07178,58.40863],[-5.08144,58.40801],[-5.08934,58.4075],[-5.09124,58.40801],[-5.11144,58.41343],[-5.11088,58.41451],[-5.10687,58.41595],[-5.07826,58.41745],[-5.08083,58.41948],[-5.08811,58.4207],[-5.0933,58.42259],[-5.10198,58.423],[-5.11092,58.42457],[-5.11298,58.42842],[-5.10863,58.43478],[-5.10307,58.43771],[-5.09886,58.44098],[-5.08063,58.4471],[-5.07412,58.45093],[-5.06484,58.45171],[-5.05713,58.45038],[-5.04783,58.45067],[-5.03935,58.4496],[-5.023,58.44369],[-4.99704,58.42703],[-4.99135,58.42712],[-4.99792,58.43532],[-4.99533,58.4403],[-5.01422,58.44601],[-5.01647,58.44902],[-5.01576,58.45117],[-5.07312,58.45723],[-5.0716,58.45876],[-5.05976,58.46067],[-5.05891,58.46241],[-5.06939,58.46442],[-5.08457,58.46943],[-5.0875,58.47206],[-5.08771,58.47617],[-5.09055,58.47807],[-5.09992,58.47931],[-5.10649,58.48134],[-5.11442,58.48099],[-5.12393,58.49104],[-5.12124,58.49557],[-5.12075,58.50062],[-5.11759,58.50698],[-5.11732,58.51554],[-5.11323,58.52019],[-5.10763,58.52327],[-5.10358,58.52695],[-5.09647,58.53066],[-5.08965,58.5357],[-5.06745,58.53697],[-5.05309,58.5418],[-5.04268,58.54996],[-5.03818,58.55721],[-5.03165,58.56244],[-5.02884,58.56964],[-5.01847,58.57632],[-5.01999,58.5807],[-5.01953,58.58638],[-5.01303,58.59357],[-5.01517,58.60097],[-5.01258,58.60896],[-5.01405,58.61633],[-5.0081,58.62366],[-4.99386,58.62481],[-4.9758,58.61732],[-4.96305,58.61463],[-4.95491,58.61135],[-4.94987,58.61041],[-4.9321,58.61616],[-4.89582,58.61311],[-4.87754,58.6141],[-4.86541,58.6075],[-4.85248,58.60214],[-4.83814,58.60078],[-4.83169,58.59876],[-4.8221,58.59044],[-4.81863,58.58727],[-4.82112,58.57401],[-4.81851,58.56924],[-4.81824,58.56215],[-4.81177,58.5559],[-4.79954,58.55093],[-4.795,58.54631],[-4.79772,58.54094],[-4.8151,58.53219],[-4.82173,58.52522],[-4.81493,58.52531],[-4.81086,58.52248],[-4.80561,58.523],[-4.79868,58.52642],[-4.79038,58.53501],[-4.78911,58.53635],[-4.78221,58.54089],[-4.77978,58.5512],[-4.79038,58.55444],[-4.79467,58.55576],[-4.80506,58.56349],[-4.79543,58.57622],[-4.79038,58.5768],[-4.78135,58.57784],[-4.77078,58.57726],[-4.7673,58.57897],[-4.76918,58.58608],[-4.77714,58.59268],[-4.78598,58.59564],[-4.79038,58.59878],[-4.79038,58.59931],[-4.78084,58.60144],[-4.77451,58.60405],[-4.77103,58.6037],[-4.76637,58.59804],[-4.76338,58.58952],[-4.75719,58.5878],[-4.75186,58.58346],[-4.74242,58.58298],[-4.74127,58.58048],[-4.74278,58.57522],[-4.73729,58.5689],[-4.73335,58.56837],[-4.72466,58.57035],[-4.71785,58.56989],[-4.70764,58.56629],[-4.70811,58.56193],[-4.70522,58.55916],[-4.68592,58.55551],[-4.67745,58.55071],[-4.66327,58.55216],[-4.65582,58.55091],[-4.65838,58.54756],[-4.65429,58.54345],[-4.65415,58.53253],[-4.66182,58.52651],[-4.66943,58.52535],[-4.67577,58.5213],[-4.68395,58.51469],[-4.68607,58.51003],[-4.68763,58.50972],[-4.68911,58.5112],[-4.6913,58.5108],[-4.69565,58.50492],[-4.71081,58.49712],[-4.72949,58.47572],[-4.74409,58.46486],[-4.74728,58.46004],[-4.7518,58.45792],[-4.75246,58.45361],[-4.75782,58.45072],[-4.75686,58.44938],[-4.74856,58.44962],[-4.73577,58.44861],[-4.72784,58.45553],[-4.72277,58.46277],[-4.71471,58.4641],[-4.70195,58.46851],[-4.69232,58.47779],[-4.68324,58.47968],[-4.67539,58.48311],[-4.66505,58.48401],[-4.66269,58.49521],[-4.66439,58.49662],[-4.66782,58.49707],[-4.66819,58.49797],[-4.66252,58.50027],[-4.6582,58.50778],[-4.64419,58.51912],[-4.62361,58.5234],[-4.6148,58.52056],[-4.61013,58.52281],[-4.60381,58.52797],[-4.60066,58.5328],[-4.59479,58.53682],[-4.59621,58.54613],[-4.60304,58.55435],[-4.59631,58.56363],[-4.59803,58.57024],[-4.58942,58.5771],[-4.58105,58.57944],[-4.57068,58.57687],[-4.5636,58.57827],[-4.55219,58.57795],[-4.54226,58.58071],[-4.52881,58.57958],[-4.52312,58.57784],[-4.5139,58.5783],[-4.50158,58.57677],[-4.48989,58.56842],[-4.45734,58.56092],[-4.4527,58.55535],[-4.45282,58.55036],[-4.43822,58.55542],[-4.42646,58.55076],[-4.42535,58.53732],[-4.42906,58.53056],[-4.4219,58.52581],[-4.41219,58.52433],[-4.41094,58.52182],[-4.42507,58.51178],[-4.43322,58.5092],[-4.44657,58.50256],[-4.45392,58.49555],[-4.45304,58.48551],[-4.46175,58.47592],[-4.46729,58.45927],[-4.47849,58.45092],[-4.47358,58.44633],[-4.45906,58.45528],[-4.4528,58.46299],[-4.44585,58.46617],[-4.43953,58.47385],[-4.43001,58.4776],[-4.42486,58.48119],[-4.42411,58.48675],[-4.42614,58.49276],[-4.41731,58.49561],[-4.39779,58.50827],[-4.38441,58.51108],[-4.37678,58.51995],[-4.35596,58.53645],[-4.34243,58.54087],[-4.33297,58.53952],[-4.32707,58.54129],[-4.32025,58.53953],[-4.31674,58.54175],[-4.30795,58.54285],[-4.27983,58.53986],[-4.26867,58.53674],[-4.2633,58.53234],[-4.26345,58.52932],[-4.27053,58.52545],[-4.266,58.5204],[-4.25823,58.5252],[-4.24145,58.52594],[-4.2379,58.52275],[-4.23039,58.51973],[-4.22787,58.51549],[-4.22364,58.51442],[-4.22339,58.51561],[-4.23882,58.52959],[-4.24133,58.53564],[-4.23741,58.53694],[-4.21215,58.53234],[-4.21178,58.53476],[-4.21971,58.54009],[-4.21161,58.54211],[-4.21331,58.54946],[-4.2118,58.55126],[-4.20151,58.55165],[-4.19304,58.54683],[-4.18332,58.54563],[-4.17645,58.54367],[-4.17301,58.54492],[-4.16575,58.54558],[-4.15827,58.54897],[-4.15287,58.56176],[-4.14759,58.56543],[-4.14316,58.56602],[-4.13318,58.56423],[-4.12154,58.56876],[-4.11547,58.56806],[-4.10985,58.56214],[-4.10392,58.56437],[-4.09718,58.56213],[-4.09266,58.55905],[-4.08623,58.5604],[-4.08096,58.55383],[-4.07783,58.55327],[-4.07324,58.55289],[-4.07042,58.55685],[-4.07023,58.5639],[-4.06849,58.56444],[-4.05691,58.56802],[-4.04983,58.57229],[-4.04945,58.58091],[-4.04392,58.5851],[-4.04272,58.59032],[-4.02709,58.59223],[-4.0204,58.59606],[-4.0179,58.5995],[-4.01516,58.5975],[-4.00396,58.56646],[-3.99529,58.56666],[-3.98393,58.57015],[-3.97425,58.57011],[-3.96689,58.57008],[-3.9557,58.57365],[-3.94539,58.56823],[-3.94011,58.57169],[-3.93445,58.57244],[-3.93258,58.57268],[-3.92434,58.5676],[-3.92044,58.56104],[-3.91451,58.55919],[-3.9084,58.55968],[-3.90439,58.56507],[-3.89409,58.56794],[-3.86099,58.56377],[-3.8467,58.56591],[-3.84165,58.5689],[-3.82462,58.56864],[-3.80093,58.57361],[-3.79355,58.57104],[-3.79392,58.5667],[-3.79125,58.56449],[-3.77848,58.56443],[-3.77542,58.56604],[-3.77639,58.57132],[-3.77289,58.57402],[-3.75758,58.57767],[-3.75019,58.57944],[-3.72771,58.59345],[-3.69934,58.60479],[-3.68305,58.60818],[-3.67273,58.60734],[-3.66978,58.61598],[-3.6612,58.61966],[-3.65272,58.62],[-3.64739,58.61705],[-3.63084,58.61531],[-3.59044,58.61921],[-3.58446,58.61825],[-3.55813,58.62339],[-3.54579,58.6238],[-3.53596,58.62283],[-3.53815,58.61721],[-3.53995,58.61444],[-3.54933,58.61173],[-3.54794,58.61014],[-3.5508,58.60715],[-3.54167,58.60197],[-3.52421,58.59734],[-3.51184,58.59848],[-3.4905,58.60791],[-3.48663,58.6092],[-3.48281,58.60992],[-3.47926,58.60931],[-3.46068,58.61169],[-3.4494,58.60944],[-3.43734,58.61041],[-3.43411,58.60909],[-3.43185,58.60358],[-3.41192,58.60164],[-3.40836,58.60174],[-3.39777,58.60203],[-3.37515,58.5952],[-3.36805,58.59598],[-3.35735,58.60132],[-3.34859,58.61052],[-3.34938,58.61803],[-3.36915,58.62271],[-3.37168,58.6246],[-3.37642,58.62814],[-3.39665,58.63346],[-3.40836,58.6388],[-3.41143,58.6402]]],[[[-6.21134,58.36273],[-6.20957,58.3615],[-6.20257,58.35748],[-6.19306,58.35201],[-6.18678,58.34841],[-6.17633,58.34645],[-6.16839,58.34688],[-6.16306,58.34338],[-6.19306,58.33961],[-6.21156,58.32535],[-6.22176,58.31923],[-6.23232,58.31664],[-6.24422,58.30737],[-6.23862,58.30212],[-6.24286,58.29617],[-6.26435,58.29277],[-6.2752,58.29364],[-6.27927,58.29222],[-6.2818,58.28846],[-6.28349,58.26998],[-6.30435,58.2672],[-6.31678,58.26944],[-6.32266,58.26711],[-6.32738,58.25961],[-6.32548,58.25247],[-6.31937,58.24926],[-6.31856,58.24607],[-6.32707,58.24058],[-6.34197,58.23778],[-6.34482,58.2342],[-6.33573,58.23321],[-6.33228,58.22873],[-6.318,58.21907],[-6.31162,58.21744],[-6.30385,58.21037],[-6.28593,58.20714],[-6.27678,58.2111],[-6.26773,58.21153],[-6.24879,58.22364],[-6.24652,58.22354],[-6.23766,58.22317],[-6.23023,58.22584],[-6.22096,58.23075],[-6.21768,58.23721],[-6.20932,58.2393],[-6.20223,58.2478],[-6.19306,58.24966],[-6.16907,58.25453],[-6.16497,58.25749],[-6.16304,58.26276],[-6.1578,58.26345],[-6.15132,58.26084],[-6.14202,58.26197],[-6.13754,58.25985],[-6.14022,58.25169],[-6.14828,58.25051],[-6.15237,58.24767],[-6.1525,58.24467],[-6.14825,58.24081],[-6.15715,58.23662],[-6.15778,58.233],[-6.16272,58.22938],[-6.1573,58.22222],[-6.16306,58.21845],[-6.16197,58.21406],[-6.1776,58.20552],[-6.19306,58.2019],[-6.20756,58.19851],[-6.21069,58.19533],[-6.20891,58.19001],[-6.23023,58.18211],[-6.24652,58.18093],[-6.25369,58.18041],[-6.25971,58.18724],[-6.27393,58.19006],[-6.27681,58.19803],[-6.28327,58.1994],[-6.28656,58.20471],[-6.30754,58.20538],[-6.32256,58.20072],[-6.33212,58.19476],[-6.33252,58.19123],[-6.3391,58.19344],[-6.34887,58.18924],[-6.35307,58.18942],[-6.35589,58.19093],[-6.35555,58.19672],[-6.36081,58.19914],[-6.36029,58.20336],[-6.36529,58.20449],[-6.37262,58.203],[-6.39168,58.20794],[-6.38981,58.21137],[-6.39645,58.20727],[-6.39348,58.19917],[-6.38326,58.19099],[-6.3728,58.19018],[-6.38044,58.18034],[-6.37025,58.16191],[-6.36942,58.15409],[-6.3761,58.14907],[-6.3873,58.14529],[-6.37017,58.1406],[-6.36955,58.13734],[-6.37319,58.1328],[-6.38572,58.13035],[-6.40077,58.13286],[-6.42591,58.13042],[-6.44793,58.13332],[-6.46917,58.13909],[-6.48287,58.14028],[-6.48265,58.13827],[-6.46278,58.13113],[-6.43828,58.12888],[-6.42769,58.12366],[-6.44732,58.1152],[-6.45829,58.10696],[-6.46625,58.10426],[-6.4904,58.10064],[-6.50512,58.10138],[-6.51474,58.0992],[-6.52654,58.09897],[-6.54223,58.09346],[-6.58937,58.08901],[-6.59473,58.08851],[-6.6241,58.08578],[-6.63308,58.08285],[-6.6255,58.08081],[-6.61793,58.08341],[-6.60694,58.0837],[-6.59562,58.08695],[-6.58133,58.08742],[-6.56799,58.08598],[-6.5548,58.0878],[-6.53329,58.08796],[-6.50882,58.09294],[-6.48135,58.09353],[-6.4658,58.09572],[-6.43379,58.09428],[-6.42936,58.09629],[-6.4311,58.10053],[-6.42841,58.10313],[-6.41114,58.10873],[-6.40073,58.10912],[-6.39078,58.10482],[-6.39461,58.09888],[-6.38943,58.09458],[-6.39539,58.08911],[-6.39234,58.08788],[-6.38406,58.08978],[-6.38046,58.08901],[-6.37855,58.08135],[-6.37289,58.07559],[-6.37508,58.06826],[-6.36881,58.05945],[-6.37916,58.04934],[-6.40513,58.04472],[-6.39649,58.04212],[-6.36453,58.04015],[-6.36034,58.03813],[-6.35941,58.03451],[-6.36701,58.02053],[-6.38414,58.00999],[-6.39296,58.0021],[-6.4005,58.00308],[-6.4195,58.01103],[-6.4344,58.01295],[-6.44972,58.00876],[-6.4644,58.01343],[-6.47247,58.01129],[-6.48789,58.01106],[-6.50017,58.00803],[-6.522,58.01038],[-6.53262,58.00669],[-6.55167,58.00633],[-6.56483,58.00429],[-6.56083,58.00265],[-6.52232,57.99971],[-6.49498,58.00108],[-6.4721,57.99932],[-6.45601,57.99106],[-6.45091,57.97674],[-6.45134,57.96977],[-6.45264,57.96681],[-6.46499,57.95876],[-6.46728,57.94555],[-6.47165,57.94052],[-6.48341,57.93857],[-6.49931,57.93823],[-6.51787,57.92996],[-6.54489,57.94577],[-6.54674,57.93961],[-6.53942,57.92723],[-6.54033,57.91978],[-6.54455,57.91781],[-6.55974,57.9164],[-6.56957,57.92042],[-6.57199,57.91445],[-6.57533,57.91303],[-6.58746,57.91833],[-6.59404,57.92399],[-6.60797,57.93769],[-6.61306,57.9483],[-6.6379,57.95711],[-6.63906,57.95387],[-6.62701,57.94147],[-6.62313,57.9332],[-6.6137,57.92551],[-6.61025,57.91804],[-6.61347,57.91664],[-6.61911,57.91694],[-6.63363,57.92312],[-6.64237,57.92268],[-6.64938,57.92013],[-6.65502,57.92116],[-6.67388,57.93543],[-6.69115,57.95638],[-6.70169,57.9623],[-6.70852,57.97037],[-6.71139,57.98294],[-6.7065,57.99432],[-6.7118,58.00533],[-6.71144,58.01163],[-6.69033,58.03145],[-6.68245,58.03617],[-6.67139,58.03965],[-6.66603,58.04925],[-6.65928,58.05345],[-6.6375,58.05459],[-6.61998,58.04968],[-6.61063,58.05207],[-6.61673,58.05484],[-6.64182,58.05773],[-6.68053,58.05689],[-6.69152,58.05828],[-6.67434,58.05258],[-6.67429,58.0448],[-6.69873,58.03229],[-6.72286,58.01503],[-6.75288,58.00474],[-6.75531,57.99596],[-6.73963,57.99037],[-6.7294,57.9779],[-6.7237,57.96366],[-6.72623,57.9559],[-6.73162,57.95279],[-6.70756,57.95193],[-6.68069,57.92876],[-6.67713,57.92341],[-6.6787,57.91865],[-6.69731,57.91738],[-6.70415,57.91434],[-6.67301,57.9001],[-6.66719,57.88441],[-6.67247,57.88196],[-6.69747,57.88152],[-6.74444,57.88755],[-6.77368,57.89724],[-6.79437,57.89634],[-6.79019,57.88289],[-6.79474,57.88147],[-6.80361,57.88319],[-6.80848,57.88108],[-6.8043,57.87145],[-6.79547,57.86848],[-6.78102,57.86905],[-6.77368,57.86618],[-6.76702,57.86095],[-6.76425,57.85199],[-6.75507,57.84458],[-6.74343,57.84181],[-6.7391,57.83267],[-6.74087,57.82709],[-6.74608,57.82488],[-6.75557,57.82622],[-6.76462,57.824],[-6.77368,57.82608],[-6.79447,57.83105],[-6.79158,57.81916],[-6.78737,57.81268],[-6.78859,57.8083],[-6.79294,57.8066],[-6.80451,57.81227],[-6.81447,57.81161],[-6.82431,57.81445],[-6.84234,57.8273],[-6.84428,57.82753],[-6.84517,57.82402],[-6.83931,57.81454],[-6.84579,57.80774],[-6.85377,57.81094],[-6.85978,57.80935],[-6.85895,57.79241],[-6.86465,57.79179],[-6.87574,57.79515],[-6.88075,57.79291],[-6.87547,57.77963],[-6.87647,57.77539],[-6.88232,57.77357],[-6.8885,57.77362],[-6.90851,57.77784],[-6.9119,57.77467],[-6.904,57.76851],[-6.90386,57.76457],[-6.91239,57.76113],[-6.93536,57.75649],[-6.93826,57.75374],[-6.9407,57.74672],[-6.9476,57.74051],[-6.96123,57.7387],[-6.97041,57.74008],[-6.96977,57.73015],[-6.97475,57.73134],[-7.00028,57.75066],[-7.01307,57.75577],[-7.01441,57.75984],[-7.01782,57.76289],[-7.05884,57.78171],[-7.07284,57.79285],[-7.0848,57.8059],[-7.10469,57.81011],[-7.12281,57.82028],[-7.12826,57.83316],[-7.12927,57.83596],[-7.12826,57.83676],[-7.1069,57.84043],[-7.08437,57.83248],[-7.07915,57.82487],[-7.07984,57.81579],[-7.07299,57.81258],[-7.07074,57.82222],[-7.05404,57.82582],[-7.03856,57.83337],[-7.02013,57.83785],[-7.005,57.84945],[-6.99142,57.86721],[-6.97244,57.86638],[-6.9616,57.86874],[-6.95307,57.87263],[-6.94438,57.8691],[-6.93571,57.87032],[-6.91957,57.86748],[-6.9129,57.86972],[-6.91611,57.8737],[-6.95711,57.8883],[-6.95711,57.89122],[-6.94487,57.90356],[-6.9148,57.90955],[-6.88845,57.90679],[-6.86407,57.90167],[-6.85458,57.90186],[-6.83559,57.90536],[-6.86042,57.92233],[-6.85885,57.92502],[-6.84901,57.92824],[-6.8496,57.92992],[-6.87661,57.93175],[-6.90183,57.93577],[-6.90918,57.93883],[-6.91306,57.94302],[-6.92331,57.94331],[-6.94412,57.94885],[-6.9616,57.95079],[-6.96913,57.95158],[-6.98615,57.95723],[-6.99914,57.96368],[-7.00127,57.96245],[-6.99725,57.95817],[-7.00055,57.95487],[-7.02171,57.95314],[-7.03405,57.95499],[-7.05336,57.96199],[-7.05983,57.96762],[-7.06944,57.96645],[-7.0783,57.96848],[-7.08193,57.97283],[-7.08144,57.97963],[-7.08415,57.98788],[-7.09019,57.99323],[-7.09593,57.99338],[-7.10049,57.98908],[-7.10514,57.98746],[-7.10952,57.98769],[-7.11186,57.98967],[-7.10855,57.9948],[-7.10738,57.9966],[-7.09309,58.00231],[-7.09033,58.01174],[-7.08294,58.01861],[-7.07271,58.01748],[-7.06197,58.01112],[-7.05706,58.0103],[-7.04181,58.02516],[-7.02862,58.031],[-7.0096,58.03516],[-6.99431,58.04035],[-6.96833,58.04193],[-6.9616,58.04382],[-6.95526,58.04559],[-6.9265,58.05039],[-6.90795,58.04967],[-6.90783,58.05063],[-6.91264,58.05317],[-6.92607,58.05251],[-6.94073,58.05117],[-6.94507,58.05077],[-6.9616,58.04919],[-6.98161,58.04727],[-7.03658,58.03485],[-7.05013,58.03694],[-7.0619,58.0428],[-7.06159,58.04515],[-7.04751,58.05031],[-7.03282,58.05123],[-7.02488,58.0538],[-7.03152,58.05598],[-7.0519,58.05414],[-7.0575,58.05716],[-7.05168,58.06354],[-7.02583,58.07094],[-7.02971,58.07879],[-7.03308,58.0793],[-7.04175,58.07307],[-7.06149,58.06734],[-7.06598,58.06123],[-7.08371,58.0643],[-7.08679,58.06823],[-7.09979,58.07084],[-7.10339,58.0833],[-7.10257,58.09018],[-7.11117,58.10088],[-7.1114,58.1051],[-7.11162,58.10928],[-7.12826,58.1191],[-7.13346,58.12684],[-7.12826,58.13725],[-7.11543,58.14008],[-7.1124,58.14377],[-7.11288,58.14951],[-7.10196,58.15331],[-7.09448,58.16218],[-7.1057,58.17773],[-7.09923,58.18622],[-7.0865,58.18818],[-7.07925,58.18436],[-7.06014,58.18166],[-7.05207,58.18363],[-7.04973,58.17839],[-7.04604,58.17696],[-7.03226,58.18459],[-7.01869,58.18579],[-7.0236,58.19272],[-7.03052,58.19645],[-7.03408,58.19602],[-7.03679,58.19177],[-7.04194,58.1902],[-7.06263,58.19777],[-7.0557,58.20828],[-7.05622,58.21447],[-7.04942,58.22978],[-7.0401,58.23444],[-7.03478,58.23994],[-7.02792,58.24215],[-7.02334,58.23441],[-6.99925,58.2329],[-6.97546,58.2216],[-6.96771,58.22231],[-6.96595,58.23106],[-6.95838,58.23374],[-6.937,58.21843],[-6.92706,58.21645],[-6.91401,58.21634],[-6.90993,58.21238],[-6.91199,58.20464],[-6.94002,58.20332],[-6.94843,58.19933],[-6.93025,58.18968],[-6.91012,58.18672],[-6.89629,58.18652],[-6.88488,58.17239],[-6.87562,58.17203],[-6.87171,58.17391],[-6.87766,58.18141],[-6.87649,58.18696],[-6.86502,58.18482],[-6.86324,58.19074],[-6.85253,58.19788],[-6.84185,58.19873],[-6.83244,58.20271],[-6.82612,58.20308],[-6.79633,58.19836],[-6.7813,58.19183],[-6.77368,58.1914],[-6.76432,58.18937],[-6.74991,58.18912],[-6.73536,58.17489],[-6.72035,58.17283],[-6.72228,58.18093],[-6.72011,58.18725],[-6.72886,58.1916],[-6.73726,58.18955],[-6.74123,58.19435],[-6.74974,58.19624],[-6.75908,58.20093],[-6.75654,58.20735],[-6.74622,58.21195],[-6.75982,58.21938],[-6.77368,58.23387],[-6.7888,58.23723],[-6.80784,58.25317],[-6.81503,58.27056],[-6.79425,58.27751],[-6.8025,58.27925],[-6.81903,58.27962],[-6.82522,58.28319],[-6.81855,58.2885],[-6.80885,58.29128],[-6.79991,58.29752],[-6.80009,58.30466],[-6.77632,58.30891],[-6.77368,58.30872],[-6.76414,58.30803],[-6.75933,58.3076],[-6.74757,58.31455],[-6.73823,58.31473],[-6.74043,58.31872],[-6.73526,58.32009],[-6.73146,58.3211],[-6.72432,58.32751],[-6.71355,58.3296],[-6.70644,58.33547],[-6.69892,58.33629],[-6.69352,58.3322],[-6.68935,58.33223],[-6.68651,58.3378],[-6.67164,58.3425],[-6.67118,58.34692],[-6.6668,58.35036],[-6.65979,58.3505],[-6.64973,58.35395],[-6.64568,58.35087],[-6.64467,58.34543],[-6.63939,58.34403],[-6.63275,58.34782],[-6.62263,58.34663],[-6.61657,58.34762],[-6.59693,58.35748],[-6.59473,58.35859],[-6.58053,58.36319],[-6.54783,58.36624],[-6.52046,58.39594],[-6.49515,58.40006],[-6.48549,58.40801],[-6.44718,58.42397],[-6.43201,58.43548],[-6.40132,58.4464],[-6.38235,58.4501],[-6.36941,58.45653],[-6.35398,58.46055],[-6.3415,58.46852],[-6.33296,58.47697],[-6.31269,58.47808],[-6.3013,58.482],[-6.27485,58.49761],[-6.27604,58.50557],[-6.28031,58.5103],[-6.26543,58.51483],[-6.25341,58.5134],[-6.2415,58.5065],[-6.22613,58.50117],[-6.22266,58.49604],[-6.22381,58.48884],[-6.20984,58.48311],[-6.20411,58.47746],[-6.19391,58.47443],[-6.18501,58.46866],[-6.19235,58.45749],[-6.19263,58.44658],[-6.17376,58.43304],[-6.16937,58.42535],[-6.17073,58.41862],[-6.18821,58.40801],[-6.2082,58.38128],[-6.21077,58.37331],[-6.21789,58.3683],[-6.21521,58.36655],[-6.21233,58.36629],[-6.21079,58.36565],[-6.21134,58.36273]]],[[[-6.35112,57.69674],[-6.35029,57.70414],[-6.33062,57.70168],[-6.31339,57.70537],[-6.30376,57.70569],[-6.29829,57.70454],[-6.29585,57.70164],[-6.29604,57.6923],[-6.28334,57.68808],[-6.25598,57.67564],[-6.24522,57.66248],[-6.2401,57.65595],[-6.23271,57.63863],[-6.2227,57.63537],[-6.20567,57.63587],[-6.19306,57.63235],[-6.18894,57.63111],[-6.17737,57.62103],[-6.16974,57.60789],[-6.15788,57.59789],[-6.15149,57.58893],[-6.14186,57.5842],[-6.14693,57.56728],[-6.13954,57.54423],[-6.14175,57.51809],[-6.14207,57.51436],[-6.14715,57.50052],[-6.14196,57.49102],[-6.13702,57.47158],[-6.13848,57.46482],[-6.14563,57.43189],[-6.15007,57.42595],[-6.17303,57.4147],[-6.18443,57.41431],[-6.19306,57.41112],[-6.19704,57.40964],[-6.20036,57.39586],[-6.19875,57.39312],[-6.19475,57.39365],[-6.19306,57.39506],[-6.18076,57.40475],[-6.1707,57.40426],[-6.15337,57.40658],[-6.13703,57.40385],[-6.12723,57.39667],[-6.12517,57.38824],[-6.1315,57.37817],[-6.14016,57.37211],[-6.14098,57.36907],[-6.11701,57.34458],[-6.10029,57.34003],[-6.10551,57.33218],[-6.10448,57.32263],[-6.1333,57.31447],[-6.15406,57.30084],[-6.1495,57.3007],[-6.13549,57.30719],[-6.11559,57.31302],[-6.10073,57.31368],[-6.08492,57.31213],[-6.07413,57.31317],[-6.06911,57.31365],[-6.05659,57.31221],[-6.04995,57.3083],[-6.04629,57.29371],[-6.07413,57.27773],[-6.07807,57.27547],[-6.08048,57.27201],[-6.07758,57.26963],[-6.07413,57.26961],[-6.06661,57.27002],[-6.0349,57.28271],[-6.02112,57.28501],[-5.98984,57.2712],[-5.94419,57.2618],[-5.93132,57.26249],[-5.92285,57.26124],[-5.90904,57.25329],[-5.9059,57.24307],[-5.89139,57.23979],[-5.87874,57.24117],[-5.8554,57.25118],[-5.84169,57.25075],[-5.82442,57.25582],[-5.80672,57.25876],[-5.76812,57.27173],[-5.74413,57.27435],[-5.71643,57.27081],[-5.7254,57.26201],[-5.66766,57.26417],[-5.65865,57.26126],[-5.65069,57.25353],[-5.66486,57.23693],[-5.66453,57.22278],[-5.66889,57.21169],[-5.67542,57.20599],[-5.71835,57.18432],[-5.7449,57.17765],[-5.76406,57.17046],[-5.78178,57.16818],[-5.79773,57.17427],[-5.80306,57.17474],[-5.7982,57.16089],[-5.80064,57.14708],[-5.79249,57.13997],[-5.80305,57.1355],[-5.80076,57.1292],[-5.80643,57.12176],[-5.82654,57.10995],[-5.84649,57.11071],[-5.85281,57.10934],[-5.8701,57.08907],[-5.88721,57.07968],[-5.90402,57.0571],[-5.92433,57.04429],[-5.96043,57.0306],[-5.97618,57.02968],[-5.99918,57.02283],[-6.01732,57.02218],[-6.02094,57.03107],[-6.03102,57.04052],[-6.03502,57.05516],[-6.025,57.068],[-6.00872,57.0747],[-6.00507,57.09303],[-5.99877,57.10109],[-5.99021,57.1071],[-5.99238,57.11195],[-5.9997,57.11627],[-5.99703,57.1224],[-5.97632,57.13247],[-5.96834,57.13997],[-5.9448,57.14758],[-5.91957,57.16215],[-5.8739,57.17075],[-5.85042,57.18077],[-5.8487,57.18312],[-5.87515,57.17829],[-5.8941,57.17735],[-5.90988,57.17238],[-5.93764,57.17426],[-5.96354,57.17041],[-5.98599,57.16989],[-5.99245,57.17339],[-5.99577,57.18684],[-6.00383,57.198],[-6.01851,57.20819],[-6.0289,57.2209],[-6.03482,57.2233],[-6.03634,57.21701],[-6.02727,57.20061],[-6.03103,57.18652],[-6.03622,57.18111],[-6.04747,57.17556],[-6.06664,57.14387],[-6.07413,57.13727],[-6.08446,57.13038],[-6.10913,57.13928],[-6.10443,57.16757],[-6.11462,57.18745],[-6.12116,57.18913],[-6.13656,57.18753],[-6.15881,57.19538],[-6.1661,57.193],[-6.16742,57.18154],[-6.17685,57.17561],[-6.18727,57.17437],[-6.21582,57.17564],[-6.29721,57.16234],[-6.31374,57.1622],[-6.31228,57.17003],[-6.28891,57.18753],[-6.28668,57.19219],[-6.28834,57.19612],[-6.29964,57.19772],[-6.33129,57.18865],[-6.34487,57.18799],[-6.36622,57.19687],[-6.37931,57.20807],[-6.38427,57.2157],[-6.3844,57.22115],[-6.37958,57.22534],[-6.36127,57.22807],[-6.35401,57.2307],[-6.34975,57.24428],[-6.3654,57.23657],[-6.39415,57.23366],[-6.41119,57.23631],[-6.42028,57.24045],[-6.44927,57.26339],[-6.46223,57.28421],[-6.47791,57.29333],[-6.47787,57.30841],[-6.45962,57.31905],[-6.43628,57.32685],[-6.42153,57.33576],[-6.40809,57.33328],[-6.38528,57.32497],[-6.35007,57.3026],[-6.32979,57.29892],[-6.32347,57.29996],[-6.34151,57.30749],[-6.36917,57.32738],[-6.39875,57.34148],[-6.40424,57.34752],[-6.40585,57.35398],[-6.42213,57.34968],[-6.45602,57.34509],[-6.45923,57.35715],[-6.47532,57.36733],[-6.47656,57.3762],[-6.4842,57.3842],[-6.48925,57.39415],[-6.49388,57.3938],[-6.50371,57.38429],[-6.51926,57.37638],[-6.52248,57.38372],[-6.52173,57.39265],[-6.52888,57.39813],[-6.53649,57.39539],[-6.54132,57.39126],[-6.56567,57.38649],[-6.56521,57.34426],[-6.57107,57.33701],[-6.58224,57.33591],[-6.62936,57.35051],[-6.67614,57.35935],[-6.69959,57.3693],[-6.71975,57.37405],[-6.73404,57.38696],[-6.73219,57.39936],[-6.73995,57.41251],[-6.74851,57.41897],[-6.76702,57.42658],[-6.77368,57.42669],[-6.78396,57.42358],[-6.78645,57.42493],[-6.78565,57.43676],[-6.78143,57.44509],[-6.7829,57.45268],[-6.77964,57.45671],[-6.77368,57.45876],[-6.76423,57.45869],[-6.74004,57.4528],[-6.72608,57.45268],[-6.74551,57.46986],[-6.74839,57.48003],[-6.74776,57.49546],[-6.73375,57.50798],[-6.7182,57.51223],[-6.7076,57.5067],[-6.70246,57.49722],[-6.68918,57.48945],[-6.6692,57.47057],[-6.66779,57.467],[-6.66537,57.46211],[-6.65431,57.45744],[-6.63773,57.44298],[-6.62264,57.43712],[-6.61575,57.43972],[-6.60987,57.44477],[-6.60242,57.44472],[-6.59473,57.43874],[-6.59236,57.4369],[-6.58838,57.42757],[-6.5836,57.427],[-6.58029,57.4342],[-6.59018,57.44253],[-6.59473,57.45041],[-6.59654,57.45355],[-6.60374,57.45723],[-6.6147,57.45775],[-6.62037,57.46001],[-6.61571,57.46673],[-6.62369,57.47637],[-6.63478,57.50025],[-6.60051,57.50827],[-6.59473,57.50555],[-6.57702,57.49723],[-6.57013,57.4959],[-6.56563,57.49835],[-6.56415,57.5069],[-6.58042,57.51809],[-6.59473,57.52793],[-6.60778,57.53691],[-6.63902,57.54929],[-6.64431,57.54908],[-6.64957,57.54561],[-6.65282,57.54675],[-6.6525,57.55299],[-6.64126,57.56376],[-6.63508,57.5824],[-6.63673,57.60096],[-6.63178,57.60643],[-6.61406,57.60402],[-6.59473,57.59488],[-6.58715,57.59086],[-6.57243,57.57436],[-6.56829,57.55787],[-6.56136,57.54881],[-6.55167,57.54576],[-6.5347,57.54446],[-6.5067,57.53404],[-6.48068,57.51809],[-6.47594,57.51518],[-6.46231,57.50296],[-6.45483,57.50361],[-6.43859,57.51422],[-6.43078,57.51528],[-6.43038,57.50892],[-6.44626,57.48575],[-6.43736,57.47672],[-6.43335,57.47864],[-6.43255,57.492],[-6.41834,57.50388],[-6.40371,57.5108],[-6.40363,57.51809],[-6.40358,57.52249],[-6.39831,57.52545],[-6.38517,57.51934],[-6.38417,57.51809],[-6.37367,57.50495],[-6.35735,57.49914],[-6.34585,57.49059],[-6.33708,57.48762],[-6.32593,57.46444],[-6.32232,57.46317],[-6.32299,57.48148],[-6.31512,57.48637],[-6.36406,57.51652],[-6.36523,57.51809],[-6.39507,57.55827],[-6.3924,57.56522],[-6.37913,57.56961],[-6.36663,57.58694],[-6.3706,57.58812],[-6.38399,57.58716],[-6.39279,57.58989],[-6.39824,57.61424],[-6.42168,57.64331],[-6.4038,57.65846],[-6.37705,57.66248],[-6.35252,57.67464],[-6.346,57.68659],[-6.35112,57.69674]]],[[[-1.34721,60.61663],[-1.34617,60.62095],[-1.34186,60.62399],[-1.32716,60.62599],[-1.31505,60.63002],[-1.30356,60.61924],[-1.30743,60.59588],[-1.3158,60.58813],[-1.32718,60.58525],[-1.33028,60.58303],[-1.31537,60.56893],[-1.31738,60.54402],[-1.32651,60.53886],[-1.34976,60.53764],[-1.35606,60.53172],[-1.3394,60.52857],[-1.33268,60.52586],[-1.34358,60.52126],[-1.33434,60.51599],[-1.32897,60.51028],[-1.33738,60.50419],[-1.33728,60.49311],[-1.34731,60.48203],[-1.32847,60.4744],[-1.32966,60.46216],[-1.32454,60.45259],[-1.32839,60.44988],[-1.34211,60.44662],[-1.35497,60.436],[-1.36079,60.42703],[-1.35978,60.41562],[-1.36982,60.41091],[-1.37782,60.404],[-1.37796,60.39821],[-1.35678,60.40062],[-1.34247,60.4076],[-1.34309,60.42389],[-1.34002,60.42864],[-1.32966,60.43546],[-1.29957,60.44189],[-1.28536,60.44229],[-1.26283,60.44556],[-1.2678,60.45202],[-1.27681,60.45632],[-1.29397,60.46106],[-1.29869,60.46535],[-1.28405,60.48304],[-1.27694,60.48411],[-1.26899,60.48001],[-1.26307,60.4794],[-1.25167,60.48355],[-1.23987,60.49054],[-1.22856,60.49191],[-1.20891,60.48241],[-1.2041,60.47392],[-1.20584,60.46222],[-1.18975,60.46207],[-1.18038,60.45844],[-1.18092,60.45387],[-1.18695,60.44817],[-1.17541,60.44488],[-1.16951,60.44092],[-1.17013,60.43819],[-1.17641,60.43385],[-1.17234,60.42417],[-1.17569,60.42223],[-1.18069,60.42226],[-1.19292,60.42809],[-1.19942,60.42852],[-1.24555,60.40887],[-1.249,60.40583],[-1.19745,60.41728],[-1.19632,60.41314],[-1.21332,60.40678],[-1.21688,60.40393],[-1.20756,60.40374],[-1.17253,60.41142],[-1.16385,60.38674],[-1.15053,60.40174],[-1.13557,60.40195],[-1.12586,60.40417],[-1.12586,60.40474],[-1.1267,60.4067],[-1.13345,60.40916],[-1.13443,60.41187],[-1.12586,60.41796],[-1.12296,60.42002],[-1.11807,60.42713],[-1.11436,60.42733],[-1.11118,60.42546],[-1.11165,60.41758],[-1.10499,60.41817],[-1.08691,60.43673],[-1.06893,60.44537],[-1.05192,60.44746],[-1.05125,60.43885],[-1.05578,60.4325],[-1.0896,60.4104],[-1.12131,60.39996],[-1.12586,60.39571],[-1.13741,60.38439],[-1.13055,60.38045],[-1.12854,60.37497],[-1.12586,60.37521],[-1.10672,60.39242],[-1.09656,60.39178],[-1.07746,60.38639],[-1.07873,60.3772],[-1.07525,60.36824],[-1.07869,60.35811],[-1.08552,60.35547],[-1.09855,60.35346],[-1.11683,60.34704],[-1.12586,60.348],[-1.1656,60.35217],[-1.18056,60.3509],[-1.17508,60.34431],[-1.17383,60.33191],[-1.16981,60.32763],[-1.15657,60.33587],[-1.12586,60.32565],[-1.11443,60.32691],[-1.10422,60.32257],[-1.08823,60.32443],[-1.08413,60.32304],[-1.09005,60.31213],[-1.08425,60.3052],[-1.08564,60.30166],[-1.09011,60.30091],[-1.10183,60.30276],[-1.11693,60.30149],[-1.12586,60.2979],[-1.12805,60.29703],[-1.1557,60.281],[-1.14826,60.27847],[-1.14995,60.274],[-1.14633,60.27177],[-1.13577,60.27307],[-1.12586,60.27259],[-1.12349,60.27247],[-1.11631,60.27518],[-1.11132,60.27538],[-1.11328,60.26886],[-1.10852,60.26761],[-1.09906,60.26882],[-1.09779,60.26351],[-1.10549,60.25983],[-1.12298,60.26207],[-1.12586,60.26151],[-1.13839,60.2591],[-1.14903,60.25014],[-1.14295,60.24931],[-1.14468,60.24704],[-1.15114,60.24406],[-1.16738,60.2409],[-1.17155,60.24009],[-1.17425,60.2409],[-1.17705,60.24174],[-1.17838,60.24602],[-1.16926,60.25912],[-1.18588,60.26034],[-1.19838,60.26819],[-1.20482,60.26652],[-1.2033,60.26344],[-1.1975,60.24653],[-1.20569,60.2409],[-1.22,60.23518],[-1.22262,60.23243],[-1.21731,60.2301],[-1.19957,60.23228],[-1.19323,60.23095],[-1.20345,60.2082],[-1.19712,60.20956],[-1.17779,60.22006],[-1.17393,60.22049],[-1.17262,60.21893],[-1.17721,60.20823],[-1.20436,60.18136],[-1.18355,60.18861],[-1.16682,60.19662],[-1.1535,60.20299],[-1.15279,60.20149],[-1.15756,60.19805],[-1.15834,60.19028],[-1.15599,60.18908],[-1.1488,60.19121],[-1.14566,60.18957],[-1.15263,60.18521],[-1.15121,60.18173],[-1.15474,60.17918],[-1.15504,60.17349],[-1.16408,60.16916],[-1.15555,60.16072],[-1.14518,60.15891],[-1.14022,60.15353],[-1.13253,60.14989],[-1.13687,60.14596],[-1.1483,60.15069],[-1.15888,60.14849],[-1.15867,60.14201],[-1.15278,60.13451],[-1.15563,60.12934],[-1.15846,60.12946],[-1.16155,60.13223],[-1.16406,60.13974],[-1.16682,60.14029],[-1.171,60.14112],[-1.17484,60.13685],[-1.17255,60.12166],[-1.17699,60.12093],[-1.18982,60.12824],[-1.2011,60.13069],[-1.20403,60.1297],[-1.20541,60.12438],[-1.19576,60.12012],[-1.19418,60.11759],[-1.19894,60.10798],[-1.20471,60.10755],[-1.21007,60.1033],[-1.22079,60.09977],[-1.20821,60.08949],[-1.21452,60.07534],[-1.20965,60.07157],[-1.21047,60.06517],[-1.20023,60.05805],[-1.20055,60.04764],[-1.18518,60.04214],[-1.17502,60.04126],[-1.17352,60.03917],[-1.17747,60.03654],[-1.21177,60.0375],[-1.216,60.03418],[-1.22841,60.03331],[-1.23177,60.03081],[-1.22202,60.00904],[-1.2009,59.99174],[-1.20669,59.98733],[-1.20399,59.97914],[-1.20522,59.97377],[-1.20838,59.97359],[-1.21261,59.97587],[-1.21342,59.98378],[-1.22261,59.99413],[-1.22854,59.99277],[-1.23616,59.98269],[-1.2411,59.98448],[-1.24412,59.99165],[-1.2522,59.99489],[-1.26134,59.98989],[-1.27442,59.99007],[-1.26749,59.97834],[-1.25585,59.97505],[-1.25994,59.96612],[-1.25561,59.9557],[-1.26326,59.94894],[-1.25953,59.93715],[-1.26253,59.93463],[-1.26918,59.93199],[-1.27196,59.92195],[-1.28663,59.9196],[-1.28294,59.91507],[-1.27196,59.90914],[-1.27061,59.90843],[-1.27196,59.90478],[-1.27544,59.89537],[-1.27307,59.8867],[-1.2783,59.88553],[-1.29296,59.88632],[-1.29827,59.8839],[-1.28388,59.88206],[-1.2809,59.8783],[-1.28287,59.87364],[-1.27196,59.87542],[-1.27091,59.87432],[-1.27044,59.86038],[-1.27196,59.85737],[-1.2746,59.85441],[-1.29137,59.86884],[-1.29184,59.87327],[-1.29672,59.87504],[-1.30146,59.87362],[-1.30645,59.86192],[-1.31085,59.85923],[-1.3163,59.87042],[-1.30821,59.88144],[-1.32155,59.89789],[-1.32463,59.89821],[-1.33281,59.89881],[-1.34268,59.89705],[-1.34969,59.88591],[-1.36094,59.89187],[-1.37991,59.89006],[-1.39089,59.91293],[-1.36657,59.91965],[-1.36685,59.93045],[-1.37209,59.93367],[-1.36735,59.93549],[-1.36666,59.93715],[-1.36331,59.9452],[-1.35267,59.94415],[-1.34295,59.9473],[-1.33452,59.94665],[-1.33074,59.94853],[-1.33116,59.95193],[-1.3366,59.95617],[-1.33089,59.97684],[-1.33695,59.9822],[-1.3455,59.99739],[-1.33439,60.00636],[-1.32463,60.00738],[-1.31862,60.01253],[-1.32177,60.01498],[-1.32101,60.01872],[-1.31488,60.02659],[-1.3067,60.03708],[-1.30513,60.05352],[-1.29896,60.06502],[-1.29667,60.06928],[-1.28819,60.08508],[-1.28175,60.09211],[-1.28103,60.09644],[-1.27776,60.09781],[-1.27427,60.09831],[-1.27776,60.10119],[-1.27776,60.10209],[-1.27476,60.11048],[-1.27196,60.12354],[-1.2694,60.13548],[-1.27196,60.13566],[-1.28094,60.13629],[-1.29282,60.13261],[-1.30308,60.13507],[-1.29219,60.14726],[-1.30066,60.15092],[-1.29669,60.16349],[-1.28912,60.18095],[-1.29105,60.19045],[-1.29676,60.18792],[-1.31468,60.16745],[-1.32284,60.17277],[-1.3042,60.21759],[-1.30321,60.23403],[-1.30718,60.23285],[-1.32245,60.22047],[-1.34502,60.20919],[-1.36175,60.22473],[-1.36483,60.23467],[-1.35863,60.2409],[-1.36113,60.24357],[-1.37388,60.24675],[-1.39393,60.24684],[-1.40734,60.25022],[-1.39666,60.2409],[-1.37586,60.23088],[-1.36341,60.21196],[-1.36327,60.19687],[-1.36797,60.195],[-1.37333,60.20514],[-1.38861,60.20473],[-1.3983,60.20779],[-1.40928,60.17504],[-1.41637,60.17],[-1.42637,60.16931],[-1.43389,60.17327],[-1.4354,60.18136],[-1.44025,60.18226],[-1.44978,60.17382],[-1.45304,60.15636],[-1.45999,60.15111],[-1.47475,60.15908],[-1.50511,60.1659],[-1.5157,60.178],[-1.53362,60.18169],[-1.54311,60.18766],[-1.54406,60.19616],[-1.53615,60.20407],[-1.52473,60.20715],[-1.50444,60.20952],[-1.48399,60.21713],[-1.50144,60.21945],[-1.50411,60.22949],[-1.52044,60.2394],[-1.52374,60.23959],[-1.52574,60.2378],[-1.52023,60.22854],[-1.52256,60.2222],[-1.55484,60.20356],[-1.55964,60.2072],[-1.55926,60.21781],[-1.56511,60.22267],[-1.59428,60.21933],[-1.6055,60.21196],[-1.62313,60.20992],[-1.64487,60.21846],[-1.64742,60.22742],[-1.68527,60.23594],[-1.69022,60.2409],[-1.69279,60.24511],[-1.69096,60.25194],[-1.69712,60.25632],[-1.68798,60.26785],[-1.68424,60.27711],[-1.68733,60.2805],[-1.69801,60.28502],[-1.69921,60.2902],[-1.69099,60.29762],[-1.68593,60.29954],[-1.67001,60.30347],[-1.66773,60.30403],[-1.64317,60.30665],[-1.60733,60.30621],[-1.59855,60.30345],[-1.58897,60.29601],[-1.57493,60.29123],[-1.57335,60.2983],[-1.56191,60.29668],[-1.5428,60.29698],[-1.54741,60.30298],[-1.54519,60.30676],[-1.51719,60.31632],[-1.50642,60.31761],[-1.49603,60.31315],[-1.48408,60.29054],[-1.47366,60.28596],[-1.46932,60.28867],[-1.47815,60.29277],[-1.48231,60.30495],[-1.47569,60.30555],[-1.46313,60.30071],[-1.45562,60.30018],[-1.45967,60.3043],[-1.457,60.30829],[-1.45866,60.31351],[-1.44588,60.32085],[-1.42864,60.32576],[-1.41796,60.31899],[-1.40593,60.31785],[-1.39109,60.31302],[-1.379,60.29142],[-1.37185,60.28864],[-1.36782,60.29077],[-1.36268,60.29831],[-1.3548,60.30272],[-1.36703,60.31093],[-1.37098,60.3217],[-1.36687,60.32877],[-1.36724,60.3373],[-1.35674,60.34314],[-1.34879,60.34269],[-1.34086,60.33717],[-1.33544,60.33819],[-1.33714,60.35865],[-1.30108,60.35958],[-1.27488,60.35152],[-1.26781,60.35254],[-1.28211,60.35775],[-1.29035,60.36418],[-1.3011,60.3683],[-1.31222,60.36911],[-1.34237,60.3669],[-1.35655,60.36966],[-1.35773,60.3721],[-1.34838,60.38171],[-1.35672,60.39166],[-1.36638,60.38961],[-1.38139,60.37979],[-1.39426,60.38158],[-1.40572,60.38753],[-1.4058,60.39343],[-1.39912,60.39782],[-1.40793,60.40253],[-1.41145,60.407],[-1.4079,60.41094],[-1.39955,60.41259],[-1.3986,60.41413],[-1.43778,60.41512],[-1.44983,60.41925],[-1.45331,60.43415],[-1.4417,60.44801],[-1.4568,60.45189],[-1.464,60.45837],[-1.46195,60.46221],[-1.44933,60.46594],[-1.44492,60.46891],[-1.45645,60.4695],[-1.46132,60.47123],[-1.46138,60.48613],[-1.4683,60.48488],[-1.48036,60.47758],[-1.48649,60.46354],[-1.49541,60.45767],[-1.50876,60.46644],[-1.50062,60.47696],[-1.50442,60.4811],[-1.52863,60.48147],[-1.55197,60.48699],[-1.57166,60.47978],[-1.58823,60.47929],[-1.60951,60.47658],[-1.62513,60.48211],[-1.62745,60.48618],[-1.60823,60.50605],[-1.58956,60.50646],[-1.5754,60.50432],[-1.57114,60.5049],[-1.57251,60.511],[-1.56349,60.53792],[-1.55326,60.54719],[-1.53564,60.55308],[-1.52893,60.55258],[-1.52458,60.55031],[-1.51988,60.53853],[-1.51299,60.5314],[-1.46719,60.51201],[-1.4416,60.50657],[-1.41025,60.51135],[-1.41408,60.51272],[-1.44322,60.51153],[-1.45597,60.51385],[-1.48945,60.53342],[-1.4932,60.54043],[-1.46681,60.56186],[-1.43855,60.57651],[-1.44035,60.58952],[-1.42835,60.6009],[-1.42486,60.61323],[-1.42739,60.61845],[-1.4192,60.61808],[-1.38074,60.60924],[-1.35397,60.60817],[-1.34044,60.60516],[-1.33953,60.60816],[-1.34721,60.61663]]],[[[-6.13462,56.65216],[-6.1254,56.6548],[-6.11982,56.65305],[-6.11259,56.64506],[-6.10061,56.64231],[-6.07413,56.63703],[-6.06374,56.63496],[-6.06012,56.6289],[-6.06198,56.62255],[-6.06319,56.61839],[-6.05502,56.61422],[-6.04404,56.61363],[-6.03365,56.60991],[-6.01084,56.58792],[-5.99692,56.58111],[-5.9886,56.57703],[-5.98586,56.56646],[-5.97529,56.55774],[-5.96455,56.53972],[-5.96727,56.53068],[-5.96276,56.52776],[-5.95272,56.52123],[-5.93847,56.52289],[-5.91963,56.51762],[-5.89677,56.52115],[-5.86119,56.521],[-5.85861,56.52049],[-5.85059,56.51893],[-5.84252,56.51337],[-5.8376,56.50998],[-5.8296,56.50803],[-5.82561,56.50897],[-5.82258,56.51574],[-5.79881,56.51473],[-5.77659,56.50097],[-5.7649,56.48919],[-5.75551,56.48675],[-5.74185,56.48319],[-5.72126,56.48654],[-5.71085,56.47943],[-5.70711,56.47206],[-5.69408,56.46932],[-5.68043,56.46065],[-5.68203,56.45279],[-5.66094,56.44928],[-5.65802,56.45576],[-5.65467,56.45666],[-5.64924,56.45313],[-5.64633,56.44611],[-5.64648,56.44512],[-5.64853,56.43261],[-5.65489,56.4255],[-5.66648,56.42828],[-5.66723,56.43316],[-5.6776,56.43891],[-5.6846,56.43672],[-5.67693,56.43152],[-5.67443,56.42203],[-5.66901,56.42168],[-5.66494,56.41856],[-5.65727,56.41812],[-5.6543,56.41562],[-5.65659,56.40923],[-5.66553,56.39992],[-5.66696,56.39209],[-5.67471,56.38675],[-5.6814,56.38534],[-5.70809,56.388],[-5.71374,56.39022],[-5.71752,56.39632],[-5.71358,56.41363],[-5.72008,56.414],[-5.7259,56.41141],[-5.7425,56.41256],[-5.74361,56.40912],[-5.7331,56.40313],[-5.73349,56.39678],[-5.74199,56.39288],[-5.75317,56.39242],[-5.75551,56.38926],[-5.76317,56.37891],[-5.79024,56.3674],[-5.7828,56.36602],[-5.75769,56.37034],[-5.75551,56.37118],[-5.72685,56.3822],[-5.6972,56.38337],[-5.69218,56.38146],[-5.6915,56.37769],[-5.70642,56.36191],[-5.72843,56.35284],[-5.74922,56.34096],[-5.75551,56.33861],[-5.79132,56.32526],[-5.82547,56.3167],[-5.83209,56.31245],[-5.83684,56.31179],[-5.84252,56.31101],[-5.84941,56.31179],[-5.85861,56.31284],[-5.86119,56.31313],[-5.8739,56.31466],[-5.88842,56.32159],[-5.86702,56.33067],[-5.86119,56.33742],[-5.85861,56.3404],[-5.84982,56.34361],[-5.84777,56.34896],[-5.8514,56.35286],[-5.85861,56.35412],[-5.86119,56.35442],[-5.87426,56.35591],[-5.88144,56.35339],[-5.8897,56.35333],[-5.89262,56.35001],[-5.89672,56.34876],[-5.91048,56.34153],[-5.92355,56.33119],[-5.93545,56.32177],[-5.95949,56.31815],[-5.96276,56.31873],[-5.97925,56.32168],[-5.9867,56.32159],[-6.01757,56.30385],[-6.04516,56.29334],[-6.0573,56.29306],[-6.07867,56.30147],[-6.09041,56.29803],[-6.10061,56.29758],[-6.10768,56.29719],[-6.12507,56.29624],[-6.1426,56.28591],[-6.15632,56.28571],[-6.16873,56.28924],[-6.18092,56.28744],[-6.19306,56.28954],[-6.19548,56.28995],[-6.21332,56.29004],[-6.2215,56.287],[-6.2263,56.28523],[-6.23079,56.28579],[-6.24468,56.28739],[-6.24907,56.28613],[-6.25615,56.27545],[-6.26861,56.26608],[-6.27541,56.27172],[-6.28712,56.27102],[-6.29785,56.27244],[-6.30857,56.26846],[-6.32287,56.2704],[-6.32909,56.27458],[-6.32836,56.28241],[-6.34633,56.28311],[-6.35325,56.29262],[-6.36396,56.28638],[-6.38069,56.28794],[-6.38284,56.28965],[-6.37434,56.29922],[-6.35589,56.29986],[-6.35099,56.30301],[-6.36319,56.30481],[-6.3719,56.31089],[-6.37252,56.31896],[-6.36551,56.33469],[-6.34799,56.34673],[-6.33644,56.34749],[-6.31658,56.34396],[-6.29935,56.34363],[-6.28893,56.33827],[-6.2776,56.3383],[-6.26965,56.32739],[-6.27474,56.32269],[-6.26579,56.31979],[-6.23861,56.3172],[-6.23605,56.31851],[-6.2398,56.32379],[-6.23846,56.32946],[-6.24692,56.33165],[-6.25178,56.33845],[-6.24706,56.34261],[-6.23079,56.34283],[-6.21461,56.33513],[-6.20277,56.33624],[-6.18919,56.33328],[-6.181,56.33441],[-6.18255,56.33804],[-6.17635,56.34049],[-6.14867,56.33749],[-6.13317,56.34153],[-6.12862,56.34543],[-6.10768,56.34427],[-6.10363,56.34404],[-6.09173,56.34704],[-6.0815,56.35328],[-6.01996,56.36595],[-6.0044,56.37863],[-6.01198,56.38016],[-6.01442,56.38745],[-6.00171,56.38615],[-5.99364,56.38329],[-5.98177,56.38617],[-5.98754,56.38947],[-5.99769,56.3892],[-6.00411,56.39298],[-6.01405,56.39191],[-6.02624,56.39384],[-6.0395,56.38954],[-6.05983,56.37661],[-6.07143,56.37845],[-6.08132,56.37294],[-6.10162,56.36771],[-6.10768,56.36695],[-6.11381,56.36618],[-6.1458,56.36651],[-6.17895,56.35826],[-6.19639,56.36066],[-6.20367,56.36628],[-6.20823,56.37342],[-6.20276,56.3869],[-6.18748,56.39744],[-6.16059,56.40792],[-6.15384,56.41252],[-6.1393,56.43113],[-6.13812,56.43789],[-6.12665,56.44863],[-6.11537,56.451],[-6.10768,56.45038],[-6.07931,56.44813],[-6.05637,56.45165],[-6.04097,56.46318],[-6.01816,56.46853],[-6.00909,56.47661],[-6.00063,56.47983],[-5.99675,56.48554],[-6.00506,56.49711],[-6.01272,56.49924],[-6.03974,56.48822],[-6.05557,56.48682],[-6.08271,56.4799],[-6.10045,56.4789],[-6.10768,56.47721],[-6.12291,56.47364],[-6.13694,56.4803],[-6.14791,56.48209],[-6.14907,56.48497],[-6.14025,56.49167],[-6.15155,56.50074],[-6.17186,56.50615],[-6.17807,56.51099],[-6.18707,56.51099],[-6.20548,56.51987],[-6.23079,56.52842],[-6.26756,56.5243],[-6.28485,56.52441],[-6.33271,56.53538],[-6.33857,56.54207],[-6.33562,56.553],[-6.32763,56.55624],[-6.30745,56.56011],[-6.28306,56.57773],[-6.28731,56.58017],[-6.30709,56.5773],[-6.31299,56.5786],[-6.31479,56.58111],[-6.32164,56.60422],[-6.31056,56.60288],[-6.28932,56.60701],[-6.27243,56.60471],[-6.25602,56.61226],[-6.23519,56.60757],[-6.23079,56.60569],[-6.2215,56.60172],[-6.2215,56.60332],[-6.22733,56.62018],[-6.22666,56.62255],[-6.2239,56.63237],[-6.2215,56.63249],[-6.216,56.63278],[-6.205,56.62985],[-6.20469,56.63518],[-6.19491,56.64164],[-6.19306,56.64171],[-6.17048,56.64264],[-6.14989,56.6514],[-6.13462,56.65216]]],[[[-6.10444,55.83125],[-6.1013,55.81084],[-6.08505,55.78555],[-6.06352,55.77443],[-6.04989,55.76427],[-6.04731,55.75603],[-6.05058,55.74074],[-6.04582,55.73463],[-6.03129,55.72589],[-6.03862,55.70682],[-6.03327,55.7006],[-6.03261,55.69549],[-6.02473,55.69203],[-6.02637,55.68511],[-6.02263,55.68306],[-6.03023,55.67663],[-6.05396,55.66768],[-6.05197,55.66325],[-6.05918,55.65974],[-6.06429,55.65943],[-6.07044,55.66145],[-6.07349,55.6605],[-6.07321,55.64978],[-6.0799,55.64178],[-6.08702,55.6408],[-6.08687,55.64466],[-6.09028,55.64604],[-6.10768,55.63909],[-6.11504,55.63614],[-6.12975,55.63355],[-6.14691,55.62693],[-6.16389,55.62974],[-6.18483,55.62492],[-6.18806,55.62885],[-6.19306,55.63086],[-6.19663,55.63231],[-6.21299,55.63027],[-6.21795,55.62602],[-6.216,55.61798],[-6.23311,55.60294],[-6.24035,55.59349],[-6.25859,55.58784],[-6.2698,55.57994],[-6.29237,55.58003],[-6.30408,55.58314],[-6.31173,55.58283],[-6.31762,55.58832],[-6.32714,55.5884],[-6.3375,55.59136],[-6.33028,55.60932],[-6.33044,55.62135],[-6.3216,55.63243],[-6.30294,55.64897],[-6.2983,55.65068],[-6.27243,55.65118],[-6.26264,55.65644],[-6.26213,55.66325],[-6.26864,55.67879],[-6.27041,55.68302],[-6.27787,55.69203],[-6.28203,55.69704],[-6.2936,55.70681],[-6.31045,55.71576],[-6.32039,55.71698],[-6.33112,55.71421],[-6.33869,55.71592],[-6.34058,55.7177],[-6.33726,55.72403],[-6.3392,55.72986],[-6.33301,55.73378],[-6.33076,55.74226],[-6.31826,55.74491],[-6.31382,55.74897],[-6.30468,55.74891],[-6.29405,55.75622],[-6.2632,55.76457],[-6.2525,55.77499],[-6.26083,55.78152],[-6.26711,55.78321],[-6.2812,55.78217],[-6.29625,55.78414],[-6.30674,55.78347],[-6.32818,55.78634],[-6.34588,55.78353],[-6.36865,55.75622],[-6.37739,55.73911],[-6.41844,55.70429],[-6.43918,55.69309],[-6.44205,55.69203],[-6.47218,55.68087],[-6.48417,55.67268],[-6.49272,55.67236],[-6.50872,55.6772],[-6.51566,55.68717],[-6.52209,55.69021],[-6.52322,55.69203],[-6.52406,55.6934],[-6.51619,55.69597],[-6.51277,55.70011],[-6.50194,55.70581],[-6.49505,55.71332],[-6.49625,55.71596],[-6.50594,55.71833],[-6.50558,55.72196],[-6.49454,55.73755],[-6.48036,55.74752],[-6.46503,55.75165],[-6.46988,55.75488],[-6.46997,55.75622],[-6.47013,55.75844],[-6.45677,55.77359],[-6.4576,55.78192],[-6.46147,55.78559],[-6.48214,55.7888],[-6.48559,55.79258],[-6.481,55.79935],[-6.45818,55.8109],[-6.45791,55.82111],[-6.45788,55.82256],[-6.46382,55.8282],[-6.4588,55.83125],[-6.45336,55.84064],[-6.45682,55.84226],[-6.45418,55.85237],[-6.43712,55.85616],[-6.42886,55.86009],[-6.41419,55.85316],[-6.40785,55.85681],[-6.39536,55.85873],[-6.37193,55.87406],[-6.35882,55.87648],[-6.33588,55.89002],[-6.32893,55.89077],[-6.32385,55.8888],[-6.32287,55.88533],[-6.33725,55.86784],[-6.33785,55.85411],[-6.3451,55.83517],[-6.33761,55.82627],[-6.32859,55.82482],[-6.32428,55.82646],[-6.3275,55.83432],[-6.32194,55.84123],[-6.31966,55.85017],[-6.30858,55.86112],[-6.30777,55.86571],[-6.31408,55.87336],[-6.28043,55.87745],[-6.26864,55.88419],[-6.26598,55.88981],[-6.24442,55.89743],[-6.24129,55.89853],[-6.23079,55.90574],[-6.20874,55.91602],[-6.19698,55.92547],[-6.17763,55.92611],[-6.16098,55.93299],[-6.14392,55.93395],[-6.13259,55.93681],[-6.12261,55.93508],[-6.12133,55.92025],[-6.13106,55.89095],[-6.1274,55.88535],[-6.11886,55.87952],[-6.10768,55.85416],[-6.10341,55.84399],[-6.10444,55.83125]]],[[[-3.23931,59.15207],[-3.22018,59.15301],[-3.19952,59.15303],[-3.17883,59.1438],[-3.15843,59.13949],[-3.14326,59.13306],[-3.09802,59.11984],[-3.09184,59.11963],[-3.08218,59.12301],[-3.07623,59.12275],[-3.06865,59.11498],[-3.05296,59.11019],[-3.04879,59.10555],[-3.04881,59.10302],[-3.05885,59.09962],[-3.05949,59.0972],[-3.04941,59.09428],[-3.03041,59.0834],[-3.01089,59.07773],[-3.00317,59.06337],[-3.00487,59.05606],[-3.0166,59.04057],[-3.02199,59.04046],[-3.03851,59.04735],[-3.05706,59.04747],[-3.0593,59.04399],[-3.05579,59.03636],[-3.06385,59.0248],[-3.08167,59.02272],[-3.09635,59.01596],[-3.10168,59.01128],[-3.11074,59.0095],[-3.11253,59.00759],[-3.10254,59.00295],[-3.09072,59.00112],[-3.08342,58.99814],[-3.05532,58.99511],[-3.03904,59.00949],[-3.01776,59.0095],[-3.00343,59.0095],[-2.99689,59.00335],[-2.98424,59.00058],[-2.981,58.99987],[-2.9709,58.99558],[-2.96807,58.98638],[-2.95745,58.98558],[-2.94719,58.99154],[-2.94334,59.00576],[-2.93111,59.01435],[-2.92852,59.01418],[-2.93079,59.00848],[-2.9263,59.00631],[-2.91318,59.0106],[-2.90034,59.00912],[-2.89962,59.00709],[-2.9052,59.00773],[-2.9113,59.00582],[-2.90806,58.99947],[-2.91467,58.99294],[-2.90933,58.99031],[-2.90303,58.98983],[-2.8952,58.99085],[-2.8911,58.99461],[-2.88873,58.99311],[-2.88961,58.98975],[-2.8996,58.98592],[-2.91582,58.98415],[-2.9193,58.98227],[-2.92018,58.9785],[-2.91493,58.97399],[-2.91878,58.96513],[-2.9105,58.96257],[-2.88458,58.96106],[-2.88114,58.96321],[-2.88134,58.96879],[-2.87807,58.97004],[-2.86774,58.97399],[-2.85538,58.98504],[-2.85058,58.98504],[-2.84115,58.98155],[-2.82695,58.98143],[-2.81258,58.98509],[-2.80248,58.99097],[-2.79862,58.98977],[-2.79301,58.98102],[-2.79303,58.97399],[-2.79384,58.9678],[-2.80406,58.96865],[-2.81966,58.96661],[-2.83811,58.95988],[-2.8455,58.95942],[-2.84736,58.95748],[-2.84373,58.95215],[-2.82879,58.94576],[-2.83058,58.93887],[-2.82657,58.93368],[-2.83229,58.92472],[-2.82746,58.92353],[-2.81812,58.92826],[-2.80422,58.92868],[-2.80456,58.92377],[-2.80163,58.92117],[-2.79895,58.9188],[-2.78654,58.91455],[-2.78996,58.91017],[-2.79821,58.90544],[-2.80312,58.89537],[-2.82011,58.8876],[-2.81879,58.88185],[-2.82197,58.87673],[-2.83099,58.87298],[-2.83668,58.87501],[-2.8343,58.88122],[-2.84794,58.88883],[-2.87807,58.89848],[-2.88041,58.89923],[-2.88707,58.89978],[-2.89754,58.89601],[-2.91464,58.89554],[-2.91839,58.89386],[-2.919,58.89113],[-2.93111,58.89247],[-2.93503,58.89583],[-2.93559,58.90307],[-2.95326,58.92117],[-2.97195,58.94031],[-2.97286,58.94611],[-2.96844,58.9598],[-2.97707,58.96224],[-2.98379,58.96199],[-2.99617,58.95272],[-3.01396,58.944],[-3.03118,58.93987],[-3.06288,58.93687],[-3.08168,58.94105],[-3.08303,58.93923],[-3.07891,58.93297],[-3.08172,58.93014],[-3.10041,58.93201],[-3.11095,58.9314],[-3.12555,58.92594],[-3.121,58.92117],[-3.12255,58.91956],[-3.13758,58.91688],[-3.15707,58.92014],[-3.16391,58.91733],[-3.17219,58.91745],[-3.17939,58.91315],[-3.18735,58.91804],[-3.19733,58.91346],[-3.20507,58.91443],[-3.21384,58.92117],[-3.22018,58.92604],[-3.22807,58.9321],[-3.23433,58.94336],[-3.2329,58.95196],[-3.23383,58.96017],[-3.23042,58.96635],[-3.23885,58.97134],[-3.24812,58.97367],[-3.24734,58.98106],[-3.25157,58.98263],[-3.25421,58.97824],[-3.2649,58.97041],[-3.26495,58.96368],[-3.27513,58.96383],[-3.28056,58.96115],[-3.28606,58.96127],[-3.29058,58.96273],[-3.28957,58.96688],[-3.29215,58.96825],[-3.30054,58.9582],[-3.29611,58.95173],[-3.30641,58.95005],[-3.31775,58.95308],[-3.32633,58.95362],[-3.33001,58.95495],[-3.3344,58.96059],[-3.34287,58.96353],[-3.35397,58.96511],[-3.3527,58.97281],[-3.36024,58.9796],[-3.36042,58.98725],[-3.36684,58.99809],[-3.36154,59.00777],[-3.35998,59.01019],[-3.36278,59.01208],[-3.36625,59.01441],[-3.36278,59.01607],[-3.36097,59.01693],[-3.36278,59.01978],[-3.36278,59.02216],[-3.36057,59.03003],[-3.35495,59.03146],[-3.34992,59.03616],[-3.35732,59.04437],[-3.35687,59.04819],[-3.35135,59.05099],[-3.34287,59.05007],[-3.34027,59.04979],[-3.33472,59.0541],[-3.33652,59.05683],[-3.34287,59.05779],[-3.3482,59.06184],[-3.34687,59.07562],[-3.35207,59.0837],[-3.34798,59.09786],[-3.35608,59.10378],[-3.34287,59.11486],[-3.32082,59.12341],[-3.31822,59.12988],[-3.3214,59.13472],[-3.31424,59.13601],[-3.30877,59.13932],[-3.27878,59.14148],[-3.27513,59.14246],[-3.23931,59.15207]]],[[[-5.29394,55.71376],[-5.2848,55.71929],[-5.26858,55.72097],[-5.26362,55.72076],[-5.2557,55.72043],[-5.2442,55.71661],[-5.20245,55.70275],[-5.19865,55.69993],[-5.19069,55.69399],[-5.16853,55.68374],[-5.16162,55.67868],[-5.15199,55.66653],[-5.15251,55.66325],[-5.15294,55.66051],[-5.13911,55.64371],[-5.13642,55.62865],[-5.12956,55.6155],[-5.12889,55.60785],[-5.13955,55.59863],[-5.15313,55.59068],[-5.15317,55.58298],[-5.14995,55.57874],[-5.12804,55.57627],[-5.10946,55.57198],[-5.0994,55.56264],[-5.08303,55.55215],[-5.08336,55.55064],[-5.09278,55.54927],[-5.10018,55.54476],[-5.11824,55.54008],[-5.12869,55.53031],[-5.12407,55.52404],[-5.09367,55.51229],[-5.07996,55.50946],[-5.08198,55.50523],[-5.09239,55.49889],[-5.09466,55.49135],[-5.09284,55.48337],[-5.08015,55.4652],[-5.08425,55.45424],[-5.09425,55.45033],[-5.1011,55.44424],[-5.10874,55.44118],[-5.11501,55.44052],[-5.136,55.44387],[-5.15797,55.44222],[-5.17072,55.43597],[-5.18092,55.43432],[-5.19865,55.43415],[-5.20185,55.43412],[-5.2442,55.43852],[-5.24816,55.43893],[-5.26362,55.446],[-5.26812,55.44806],[-5.28604,55.4527],[-5.31354,55.46543],[-5.32577,55.48255],[-5.32666,55.49722],[-5.33605,55.50244],[-5.35479,55.50723],[-5.35081,55.51247],[-5.35032,55.5192],[-5.35395,55.52992],[-5.3428,55.54421],[-5.34388,55.55568],[-5.34907,55.57065],[-5.37168,55.58597],[-5.38262,55.59863],[-5.39549,55.61204],[-5.39686,55.61834],[-5.39462,55.62785],[-5.38597,55.63592],[-5.38083,55.65553],[-5.3762,55.66325],[-5.37015,55.67333],[-5.36174,55.67976],[-5.34846,55.68483],[-5.33037,55.68894],[-5.32471,55.69923],[-5.31631,55.70565],[-5.30155,55.70774],[-5.2866,55.70322],[-5.28526,55.70623],[-5.2933,55.71091],[-5.29394,55.71376]]],[[[-5.74834,56.13016],[-5.74322,56.13746],[-5.73377,56.14079],[-5.72344,56.13996],[-5.72101,56.14671],[-5.71082,56.14858],[-5.69827,56.14346],[-5.68972,56.13016],[-5.68861,56.12838],[-5.69242,56.12166],[-5.68977,56.11038],[-5.70977,56.09297],[-5.75076,56.051],[-5.75551,56.04205],[-5.75684,56.03954],[-5.76547,56.03199],[-5.7769,56.01737],[-5.79415,56.01123],[-5.79733,56.00652],[-5.81582,55.97909],[-5.81648,55.97811],[-5.82731,55.96936],[-5.83517,55.96987],[-5.83917,55.95477],[-5.85031,55.94185],[-5.84784,55.93787],[-5.85091,55.93183],[-5.85861,55.92482],[-5.86119,55.92248],[-5.8675,55.91673],[-5.87517,55.90581],[-5.87553,55.89743],[-5.87592,55.88818],[-5.88127,55.88544],[-5.88381,55.89117],[-5.88714,55.89228],[-5.89672,55.88915],[-5.89975,55.88243],[-5.89672,55.87585],[-5.89502,55.87217],[-5.89672,55.8709],[-5.89952,55.8688],[-5.90376,55.86853],[-5.90887,55.87144],[-5.91868,55.87238],[-5.9353,55.86723],[-5.949,55.83985],[-5.9506,55.83472],[-5.9434,55.83075],[-5.94066,55.82547],[-5.94712,55.82111],[-5.95231,55.81761],[-5.95207,55.81208],[-5.95706,55.80423],[-5.96625,55.79332],[-5.97684,55.79294],[-5.9841,55.79521],[-5.99134,55.79393],[-6.01031,55.79773],[-6.0308,55.79619],[-6.04241,55.80118],[-6.06322,55.80565],[-6.08085,55.82111],[-6.08736,55.83258],[-6.08717,55.84114],[-6.09101,55.8468],[-6.08723,55.86317],[-6.09629,55.87139],[-6.09289,55.87927],[-6.0929,55.8906],[-6.08824,55.89743],[-6.08667,55.89974],[-6.07454,55.90587],[-6.0634,55.92225],[-6.04208,55.93977],[-6.02603,55.94686],[-6.01755,55.94675],[-6.00083,55.95226],[-5.99408,55.95017],[-5.98663,55.95164],[-5.97734,55.94991],[-5.96276,55.95469],[-5.95791,55.95628],[-5.94027,55.955],[-5.92893,55.95955],[-5.91647,55.95685],[-5.89672,55.96508],[-5.89371,55.96653],[-5.88604,55.97394],[-5.88719,55.97891],[-5.89486,55.9753],[-5.89672,55.97526],[-5.90137,55.97592],[-5.91442,55.97366],[-5.92516,55.96323],[-5.93929,55.96167],[-5.95934,55.96752],[-5.96276,55.967],[-5.96873,55.96609],[-5.97544,55.97022],[-5.98578,55.97135],[-5.99373,55.97511],[-6.00408,55.97567],[-6.00147,55.97909],[-5.99957,55.98158],[-6.00095,55.98814],[-5.99307,55.99755],[-5.97997,56.00652],[-5.97457,56.01235],[-5.96536,56.01686],[-5.96276,56.0224],[-5.95852,56.03144],[-5.95058,56.03685],[-5.92355,56.04792],[-5.91489,56.05145],[-5.90684,56.05635],[-5.90287,56.06184],[-5.89672,56.06433],[-5.86119,56.07883],[-5.85861,56.07988],[-5.84252,56.08645],[-5.83607,56.08908],[-5.82378,56.09031],[-5.81982,56.09909],[-5.80631,56.10451],[-5.80006,56.11165],[-5.79446,56.11275],[-5.78929,56.10925],[-5.78594,56.10916],[-5.77876,56.11629],[-5.76547,56.12269],[-5.7575,56.12409],[-5.75551,56.12541],[-5.74834,56.13016]]],[[[-7.42538,57.38911],[-7.412,57.38855],[-7.39612,57.39898],[-7.37605,57.39613],[-7.34451,57.40093],[-7.3408,57.40149],[-7.3306,57.39869],[-7.31594,57.38784],[-7.312,57.38702],[-7.30287,57.38513],[-7.29399,57.38328],[-7.28433,57.38411],[-7.28261,57.38332],[-7.2717,57.37835],[-7.26927,57.37454],[-7.27849,57.37298],[-7.27959,57.37087],[-7.26173,57.35959],[-7.24229,57.35141],[-7.24736,57.34857],[-7.26319,57.34945],[-7.26788,57.34774],[-7.25681,57.34429],[-7.24349,57.34542],[-7.23668,57.34415],[-7.22773,57.34829],[-7.2231,57.34783],[-7.22496,57.34224],[-7.2321,57.33712],[-7.25215,57.33145],[-7.26296,57.33073],[-7.26796,57.32553],[-7.24277,57.32165],[-7.23361,57.324],[-7.22792,57.32294],[-7.22311,57.31938],[-7.22235,57.31713],[-7.21822,57.30498],[-7.20089,57.30514],[-7.19503,57.30066],[-7.20161,57.29004],[-7.20348,57.28267],[-7.21453,57.27993],[-7.22614,57.28023],[-7.24959,57.26205],[-7.24898,57.25835],[-7.24252,57.25692],[-7.2474,57.25522],[-7.24564,57.24908],[-7.25722,57.24195],[-7.26092,57.23087],[-7.26183,57.22814],[-7.26927,57.22505],[-7.28261,57.22341],[-7.30287,57.22449],[-7.30287,57.22306],[-7.29877,57.21594],[-7.29021,57.21394],[-7.28261,57.21428],[-7.27565,57.21495],[-7.26334,57.20709],[-7.26191,57.20619],[-7.26424,57.19456],[-7.25082,57.18283],[-7.24676,57.16346],[-7.25548,57.15824],[-7.25818,57.15354],[-7.26893,57.15032],[-7.28261,57.15066],[-7.28542,57.15072],[-7.30075,57.15691],[-7.30287,57.15776],[-7.3074,57.15959],[-7.30814,57.15646],[-7.30417,57.1535],[-7.30503,57.14875],[-7.312,57.15046],[-7.33791,57.15303],[-7.34753,57.15052],[-7.33787,57.14461],[-7.33989,57.14],[-7.33696,57.13846],[-7.312,57.13776],[-7.30287,57.13961],[-7.30075,57.14004],[-7.28729,57.14277],[-7.28261,57.14226],[-7.26179,57.13998],[-7.24616,57.13484],[-7.24921,57.12859],[-7.24159,57.12513],[-7.24096,57.12096],[-7.2302,57.12576],[-7.22343,57.12],[-7.21318,57.11667],[-7.21496,57.113],[-7.22211,57.10915],[-7.22378,57.10579],[-7.23099,57.10367],[-7.23093,57.09611],[-7.25723,57.0993],[-7.27986,57.10749],[-7.28261,57.10758],[-7.29573,57.10802],[-7.30075,57.10972],[-7.30287,57.10892],[-7.312,57.10547],[-7.31573,57.10405],[-7.32425,57.10485],[-7.33969,57.10254],[-7.34451,57.10264],[-7.35999,57.10298],[-7.37487,57.1049],[-7.38103,57.1103],[-7.39046,57.11457],[-7.39261,57.1221],[-7.40315,57.13146],[-7.40467,57.14078],[-7.4115,57.14971],[-7.40865,57.16182],[-7.41993,57.17958],[-7.42374,57.19042],[-7.42387,57.21594],[-7.43112,57.22169],[-7.43403,57.23432],[-7.4429,57.23897],[-7.45599,57.24074],[-7.45189,57.24324],[-7.43837,57.24265],[-7.4281,57.24912],[-7.42342,57.26889],[-7.42802,57.2741],[-7.4209,57.27842],[-7.4202,57.28797],[-7.41546,57.29004],[-7.40643,57.29424],[-7.39782,57.30228],[-7.39958,57.31182],[-7.39854,57.31713],[-7.39591,57.33045],[-7.40452,57.35979],[-7.41251,57.37092],[-7.42837,57.3838],[-7.42874,57.38745],[-7.42538,57.38911]]],[[[-7.17968,57.65624],[-7.17931,57.65456],[-7.18361,57.6547],[-7.18583,57.65413],[-7.18864,57.64949],[-7.18852,57.64894],[-7.18389,57.64688],[-7.18042,57.64726],[-7.18133,57.64833],[-7.18084,57.64883],[-7.17327,57.64737],[-7.16587,57.65266],[-7.15946,57.65357],[-7.14913,57.65064],[-7.13855,57.64972],[-7.13659,57.64637],[-7.13364,57.64509],[-7.13171,57.64432],[-7.12826,57.64665],[-7.1257,57.64838],[-7.10684,57.65027],[-7.10813,57.6535],[-7.11725,57.65853],[-7.11224,57.66032],[-7.10186,57.65747],[-7.088,57.65003],[-7.07225,57.64675],[-7.06568,57.64142],[-7.09325,57.61462],[-7.10224,57.61054],[-7.11778,57.61671],[-7.12599,57.62297],[-7.12302,57.63014],[-7.12826,57.62985],[-7.13364,57.62955],[-7.13698,57.62936],[-7.15864,57.63157],[-7.16703,57.63543],[-7.1671,57.64105],[-7.17852,57.64422],[-7.18386,57.64477],[-7.21135,57.63902],[-7.19194,57.63155],[-7.19936,57.62146],[-7.17852,57.61631],[-7.16683,57.61534],[-7.15705,57.61235],[-7.15592,57.60729],[-7.15902,57.59963],[-7.15302,57.58999],[-7.13364,57.59149],[-7.12826,57.59191],[-7.1249,57.59217],[-7.11266,57.59514],[-7.10488,57.59296],[-7.10252,57.59131],[-7.10401,57.5878],[-7.11009,57.58261],[-7.11336,57.57337],[-7.1239,57.56406],[-7.12826,57.56238],[-7.13364,57.5603],[-7.13554,57.55957],[-7.14716,57.55762],[-7.16355,57.55801],[-7.17275,57.56254],[-7.17852,57.56069],[-7.1844,57.5585],[-7.20344,57.56029],[-7.212,57.55723],[-7.23518,57.55411],[-7.25726,57.55441],[-7.26947,57.55724],[-7.27333,57.55546],[-7.28261,57.5555],[-7.28472,57.5545],[-7.28261,57.55378],[-7.26407,57.55272],[-7.24147,57.55142],[-7.18721,57.55258],[-7.17852,57.55084],[-7.16771,57.54898],[-7.16521,57.55272],[-7.16454,57.55371],[-7.15493,57.55592],[-7.13771,57.55429],[-7.1368,57.55272],[-7.13406,57.54796],[-7.13769,57.54146],[-7.13364,57.53686],[-7.13364,57.53547],[-7.13979,57.52644],[-7.14595,57.52302],[-7.14857,57.51186],[-7.16401,57.5089],[-7.17852,57.50899],[-7.18403,57.51077],[-7.18427,57.51071],[-7.18596,57.51086],[-7.18548,57.51043],[-7.18688,57.51044],[-7.18829,57.51107],[-7.18821,57.51139],[-7.19039,57.5129],[-7.19388,57.51361],[-7.19417,57.51364],[-7.19445,57.51362],[-7.19471,57.51356],[-7.19492,57.51345],[-7.19505,57.51331],[-7.19509,57.51315],[-7.19504,57.513],[-7.1948,57.51263],[-7.19565,57.51233],[-7.1957,57.51122],[-7.19654,57.5108],[-7.19655,57.5108],[-7.19666,57.51078],[-7.19673,57.51077],[-7.19699,57.51069],[-7.19719,57.51056],[-7.19729,57.51041],[-7.19731,57.51037],[-7.1973,57.51036],[-7.19806,57.51035],[-7.19712,57.50966],[-7.19826,57.50956],[-7.19854,57.50951],[-7.19877,57.50941],[-7.19894,57.50927],[-7.19901,57.50912],[-7.19898,57.50896],[-7.19895,57.50892],[-7.19893,57.50888],[-7.19887,57.50878],[-7.19889,57.50863],[-7.19899,57.50849],[-7.19916,57.50837],[-7.1994,57.50829],[-7.19967,57.50825],[-7.19995,57.50825],[-7.20137,57.50841],[-7.20159,57.50766],[-7.20168,57.5075],[-7.20186,57.50738],[-7.20211,57.50729],[-7.20239,57.50725],[-7.20269,57.50726],[-7.20296,57.50732],[-7.20339,57.50747],[-7.20463,57.5079],[-7.20512,57.5084],[-7.20539,57.50844],[-7.20947,57.5091],[-7.21017,57.50916],[-7.20986,57.50891],[-7.20987,57.5085],[-7.21285,57.50879],[-7.21385,57.50824],[-7.21697,57.50931],[-7.2176,57.50914],[-7.21906,57.50966],[-7.21954,57.50957],[-7.22001,57.50877],[-7.21997,57.50873],[-7.21994,57.50868],[-7.21995,57.50868],[-7.21992,57.50863],[-7.21991,57.50848],[-7.21998,57.50834],[-7.22013,57.50822],[-7.22034,57.50813],[-7.22058,57.50807],[-7.22085,57.50806],[-7.22112,57.50809],[-7.22217,57.5083],[-7.22229,57.50837],[-7.22466,57.50962],[-7.22543,57.50996],[-7.22594,57.51015],[-7.2262,57.51021],[-7.22648,57.51023],[-7.22676,57.5102],[-7.227,57.51012],[-7.22719,57.51001],[-7.22731,57.50987],[-7.22733,57.50972],[-7.22727,57.50957],[-7.22693,57.50911],[-7.22779,57.50899],[-7.22966,57.50936],[-7.23026,57.50883],[-7.22992,57.50837],[-7.23114,57.5076],[-7.23237,57.50757],[-7.23264,57.50862],[-7.23362,57.50917],[-7.23458,57.50862],[-7.23661,57.50853],[-7.23781,57.50801],[-7.23944,57.50818],[-7.24006,57.50789],[-7.24579,57.5072],[-7.24741,57.50739],[-7.24816,57.50787],[-7.24947,57.50754],[-7.25163,57.50819],[-7.25533,57.5086],[-7.2568,57.50907],[-7.25783,57.50888],[-7.25864,57.50908],[-7.26062,57.51006],[-7.26167,57.51101],[-7.2633,57.51163],[-7.26375,57.51147],[-7.265,57.51353],[-7.26579,57.51352],[-7.26629,57.51326],[-7.26865,57.51347],[-7.26843,57.51416],[-7.26918,57.51432],[-7.26908,57.51511],[-7.26909,57.51512],[-7.2691,57.51516],[-7.26912,57.5152],[-7.2691,57.51534],[-7.26901,57.51548],[-7.26885,57.51559],[-7.26863,57.51568],[-7.26837,57.51572],[-7.26811,57.51572],[-7.26785,57.51568],[-7.26621,57.51528],[-7.26556,57.51536],[-7.26519,57.51577],[-7.26419,57.51574],[-7.26303,57.516],[-7.26148,57.51591],[-7.26125,57.51675],[-7.2618,57.51725],[-7.26309,57.51747],[-7.26277,57.51818],[-7.2639,57.51868],[-7.26516,57.51817],[-7.26626,57.51818],[-7.26702,57.51796],[-7.26703,57.51756],[-7.26774,57.51742],[-7.26943,57.51785],[-7.27146,57.5177],[-7.27439,57.51714],[-7.27146,57.51464],[-7.27146,57.5129],[-7.27875,57.51586],[-7.28261,57.51519],[-7.29403,57.51343],[-7.30287,57.51624],[-7.30287,57.51321],[-7.30287,57.51195],[-7.30838,57.5096],[-7.312,57.51027],[-7.32369,57.51243],[-7.3258,57.51745],[-7.32075,57.52698],[-7.32752,57.53405],[-7.33907,57.53784],[-7.34451,57.54147],[-7.35255,57.54683],[-7.35206,57.55272],[-7.35198,57.55373],[-7.39915,57.56733],[-7.42394,57.58203],[-7.43459,57.584],[-7.43375,57.57871],[-7.44275,57.57244],[-7.46247,57.56715],[-7.47407,57.56777],[-7.47929,57.57176],[-7.49365,57.58274],[-7.52303,57.59126],[-7.54475,57.60271],[-7.53712,57.60774],[-7.52871,57.60533],[-7.52213,57.6074],[-7.51888,57.61642],[-7.52127,57.62239],[-7.50187,57.63023],[-7.49913,57.63961],[-7.49032,57.6515],[-7.49056,57.65808],[-7.48686,57.66028],[-7.48152,57.66115],[-7.47929,57.66103],[-7.4483,57.65942],[-7.4218,57.65018],[-7.40973,57.63933],[-7.38334,57.63522],[-7.37513,57.64226],[-7.36982,57.65789],[-7.35863,57.66248],[-7.34451,57.66827],[-7.34247,57.66911],[-7.33341,57.68386],[-7.32852,57.6861],[-7.31784,57.69099],[-7.31381,57.68743],[-7.32852,57.67038],[-7.3322,57.66611],[-7.3328,57.66248],[-7.3331,57.66062],[-7.32752,57.65805],[-7.3152,57.65718],[-7.312,57.65652],[-7.29574,57.65317],[-7.28822,57.64376],[-7.28429,57.64506],[-7.28261,57.64872],[-7.28133,57.65232],[-7.26557,57.64887],[-7.25905,57.65155],[-7.26014,57.65532],[-7.24859,57.65594],[-7.25129,57.65795],[-7.26805,57.65972],[-7.27504,57.66248],[-7.27383,57.6652],[-7.2453,57.67245],[-7.2235,57.68787],[-7.20865,57.69031],[-7.1971,57.69703],[-7.18921,57.695],[-7.18945,57.69011],[-7.1778,57.68731],[-7.1598,57.67806],[-7.15701,57.66871],[-7.16278,57.66248],[-7.16181,57.65917],[-7.17845,57.65672],[-7.17968,57.65624]]],[[[-1.07608,60.73073],[-1.07313,60.73173],[-1.05449,60.72829],[-1.04406,60.72448],[-1.03709,60.72677],[-1.03635,60.73046],[-1.02355,60.72719],[-1.01411,60.72632],[-1.01131,60.72155],[-1.00453,60.72162],[-1.00132,60.71991],[-1.00198,60.71676],[-1.00721,60.71309],[-1.00515,60.70887],[-0.98923,60.70079],[-0.99185,60.69978],[-0.99977,60.70245],[-1.00314,60.70218],[-0.99942,60.69884],[-1.00046,60.69473],[-0.99726,60.68942],[-0.99909,60.68395],[-0.99443,60.67977],[-0.99663,60.6727],[-0.99034,60.65635],[-0.99673,60.64997],[-0.99619,60.64464],[-0.99228,60.64108],[-0.98369,60.64029],[-0.98377,60.63774],[-0.99591,60.63454],[-1.00411,60.63866],[-1.02617,60.64155],[-1.03886,60.64642],[-1.0481,60.65842],[-1.0617,60.66426],[-1.06446,60.66365],[-1.06325,60.65956],[-1.05531,60.65292],[-1.05135,60.64328],[-1.04454,60.63882],[-1.041,60.63401],[-1.03569,60.63105],[-1.02245,60.62768],[-1.01989,60.61706],[-1.02825,60.60667],[-1.03948,60.6044],[-1.04585,60.60174],[-1.05037,60.60235],[-1.0571,60.60738],[-1.064,60.60937],[-1.0758,60.60676],[-1.06548,60.60345],[-1.05774,60.59854],[-1.0325,60.59631],[-1.02777,60.58879],[-1.01746,60.58957],[-1.0149,60.58327],[-1.00389,60.58008],[-1.00833,60.57381],[-1.00612,60.56606],[-1.02072,60.56082],[-1.01385,60.55328],[-1.0156,60.54885],[-1.01992,60.54777],[-1.03568,60.54813],[-1.04391,60.54955],[-1.04734,60.54815],[-1.04659,60.54382],[-1.03708,60.53844],[-1.03996,60.53479],[-1.03867,60.53272],[-1.03436,60.53157],[-1.02481,60.53264],[-1.0226,60.53176],[-1.0269,60.52491],[-1.02584,60.51986],[-1.02929,60.51642],[-1.02723,60.51104],[-1.03341,60.50871],[-1.03531,60.50529],[-1.03616,60.50194],[-1.02992,60.49739],[-1.03166,60.49508],[-1.03773,60.49449],[-1.04184,60.49055],[-1.04537,60.49206],[-1.05223,60.49163],[-1.05112,60.4934],[-1.03891,60.49731],[-1.04069,60.49848],[-1.06806,60.49001],[-1.08995,60.49906],[-1.10143,60.49651],[-1.10874,60.49824],[-1.11327,60.50325],[-1.11566,60.50341],[-1.12142,60.4996],[-1.11696,60.4943],[-1.10033,60.49159],[-1.09787,60.48966],[-1.10042,60.48614],[-1.11038,60.48336],[-1.11327,60.48492],[-1.12246,60.48824],[-1.12586,60.48761],[-1.13275,60.48634],[-1.13912,60.48884],[-1.15071,60.48822],[-1.15471,60.49621],[-1.16401,60.49722],[-1.16682,60.49913],[-1.16805,60.49996],[-1.17085,60.50529],[-1.17395,60.52099],[-1.18836,60.54516],[-1.18179,60.55409],[-1.18351,60.56059],[-1.18252,60.57126],[-1.1881,60.5711],[-1.18805,60.56635],[-1.19157,60.56277],[-1.19622,60.56357],[-1.2008,60.56784],[-1.19671,60.57744],[-1.18851,60.58326],[-1.20046,60.59801],[-1.2013,60.60616],[-1.19456,60.61171],[-1.19566,60.6188],[-1.1882,60.62218],[-1.18695,60.63472],[-1.17209,60.644],[-1.16813,60.64871],[-1.16682,60.64945],[-1.15644,60.65531],[-1.15332,60.64967],[-1.15478,60.64221],[-1.15253,60.62352],[-1.13573,60.62104],[-1.12586,60.61198],[-1.12116,60.60766],[-1.11579,60.60737],[-1.12393,60.61932],[-1.12586,60.62048],[-1.13022,60.62311],[-1.14195,60.62614],[-1.14568,60.6298],[-1.14585,60.64458],[-1.14026,60.6523],[-1.13702,60.66627],[-1.13149,60.67166],[-1.12937,60.67932],[-1.13162,60.68765],[-1.12862,60.69294],[-1.1324,60.69768],[-1.1338,60.70392],[-1.12869,60.70858],[-1.12762,60.71411],[-1.12586,60.71577],[-1.12266,60.71882],[-1.12586,60.72428],[-1.12586,60.72466],[-1.12392,60.72692],[-1.11103,60.7298],[-1.0934,60.7298],[-1.08739,60.72805],[-1.07858,60.72229],[-1.07521,60.72599],[-1.07608,60.73073]]],[[[-3.38799,58.92223],[-3.37877,58.92384],[-3.36773,58.9285],[-3.36278,58.92965],[-3.35371,58.93174],[-3.34287,58.93019],[-3.32631,58.92783],[-3.32617,58.91891],[-3.31304,58.91596],[-3.31796,58.91068],[-3.31565,58.90722],[-3.28539,58.90498],[-3.27513,58.90164],[-3.25448,58.89492],[-3.2406,58.88785],[-3.23164,58.88737],[-3.22018,58.88164],[-3.21315,58.87813],[-3.21215,58.8749],[-3.22018,58.87388],[-3.22212,58.87363],[-3.22995,58.87042],[-3.22018,58.86888],[-3.21526,58.86811],[-3.21262,58.86517],[-3.21694,58.86247],[-3.21546,58.85947],[-3.21111,58.85708],[-3.20219,58.85593],[-3.19887,58.8532],[-3.19963,58.8473],[-3.21366,58.84035],[-3.21009,58.83732],[-3.19687,58.8384],[-3.1912,58.83566],[-3.19119,58.83404],[-3.20094,58.8305],[-3.20277,58.82676],[-3.17865,58.82575],[-3.17241,58.82355],[-3.17131,58.82097],[-3.18432,58.8149],[-3.20035,58.81131],[-3.20422,58.80541],[-3.21197,58.80685],[-3.22018,58.80426],[-3.2248,58.80279],[-3.23957,58.80268],[-3.24531,58.80123],[-3.24999,58.79815],[-3.25316,58.79136],[-3.25873,58.78832],[-3.25647,58.7861],[-3.24732,58.78591],[-3.22533,58.77869],[-3.22282,58.77516],[-3.23337,58.77277],[-3.25287,58.78106],[-3.27513,58.77865],[-3.29152,58.77688],[-3.30499,58.78591],[-3.32381,58.79909],[-3.32383,58.80553],[-3.32725,58.80962],[-3.33474,58.81324],[-3.33096,58.81772],[-3.34118,58.82175],[-3.34287,58.8228],[-3.35522,58.8305],[-3.36278,58.83412],[-3.36908,58.83713],[-3.37451,58.84475],[-3.37833,58.85812],[-3.37609,58.86397],[-3.38025,58.86792],[-3.3911,58.87084],[-3.40436,58.86957],[-3.40836,58.87027],[-3.41885,58.87211],[-3.4332,58.87166],[-3.43556,58.87618],[-3.42417,58.89049],[-3.42275,58.90114],[-3.41658,58.91075],[-3.40836,58.91756],[-3.40287,58.9221],[-3.39615,58.92376],[-3.38799,58.92223]]],[[[-0.87629,60.8093],[-0.87395,60.80644],[-0.86892,60.80695],[-0.86554,60.80919],[-0.85559,60.81883],[-0.84768,60.83618],[-0.83755,60.84065],[-0.82703,60.83297],[-0.81691,60.8336],[-0.80723,60.83174],[-0.79841,60.83275],[-0.78359,60.82999],[-0.78188,60.82818],[-0.78471,60.82437],[-0.782,60.8216],[-0.76326,60.81766],[-0.7683,60.81536],[-0.79236,60.81341],[-0.80076,60.80966],[-0.79873,60.8066],[-0.78816,60.80362],[-0.78038,60.79819],[-0.78264,60.7817],[-0.7878,60.78167],[-0.80187,60.78539],[-0.81168,60.7854],[-0.82277,60.7881],[-0.83113,60.78654],[-0.82088,60.77928],[-0.81843,60.77276],[-0.81092,60.76839],[-0.80445,60.76023],[-0.81244,60.75896],[-0.83916,60.76025],[-0.85644,60.75658],[-0.85355,60.75432],[-0.84217,60.75269],[-0.81805,60.75277],[-0.81431,60.74652],[-0.81953,60.73694],[-0.83547,60.72903],[-0.84173,60.72347],[-0.85581,60.71936],[-0.86765,60.70316],[-0.86504,60.69877],[-0.85403,60.6969],[-0.84513,60.69312],[-0.83489,60.69398],[-0.83393,60.68546],[-0.85429,60.67643],[-0.89741,60.68242],[-0.90575,60.68818],[-0.91084,60.68926],[-0.92053,60.68676],[-0.92911,60.6798],[-0.94012,60.67536],[-0.95926,60.67631],[-0.96446,60.67729],[-0.96837,60.68346],[-0.98046,60.6857],[-0.97495,60.69355],[-0.96802,60.6977],[-0.97205,60.70741],[-0.98199,60.71998],[-0.97638,60.72135],[-0.95926,60.71619],[-0.95519,60.71669],[-0.95595,60.72485],[-0.95926,60.72578],[-0.96496,60.72737],[-0.95926,60.73065],[-0.95926,60.73185],[-0.96284,60.73694],[-0.95888,60.74291],[-0.94855,60.74521],[-0.943,60.75026],[-0.94485,60.75943],[-0.93896,60.76569],[-0.93457,60.77984],[-0.95076,60.79379],[-0.94558,60.79932],[-0.92913,60.80746],[-0.93429,60.81345],[-0.92777,60.81622],[-0.91342,60.81818],[-0.9061,60.82577],[-0.89721,60.83073],[-0.89747,60.84002],[-0.88728,60.84439],[-0.88123,60.84522],[-0.87147,60.84142],[-0.86735,60.83448],[-0.87629,60.8093]]],[[[-5.09141,55.86336],[-5.08655,55.861],[-5.07302,55.86077],[-5.06309,55.85825],[-5.06241,55.84575],[-5.05882,55.84021],[-5.0514,55.83935],[-5.03261,55.84468],[-5.02545,55.84285],[-5.02232,55.81517],[-5.02172,55.80984],[-5.01397,55.79786],[-5.01246,55.78751],[-5.00188,55.77056],[-5.00903,55.76429],[-5.02615,55.76088],[-5.03034,55.75622],[-5.03125,55.75521],[-5.00817,55.74124],[-5.00525,55.73308],[-5.00977,55.72865],[-5.01917,55.72698],[-5.02893,55.72288],[-5.03688,55.72458],[-5.05204,55.7334],[-5.05123,55.7372],[-5.06113,55.74832],[-5.06271,55.75622],[-5.06479,55.76035],[-5.08947,55.77128],[-5.09796,55.77868],[-5.10449,55.77832],[-5.11553,55.7734],[-5.12036,55.77457],[-5.12764,55.78873],[-5.12394,55.79957],[-5.12593,55.80613],[-5.14163,55.81439],[-5.13767,55.83506],[-5.12994,55.84067],[-5.12984,55.84385],[-5.14313,55.85081],[-5.15554,55.84804],[-5.16885,55.85218],[-5.17888,55.8612],[-5.19208,55.86796],[-5.19865,55.87493],[-5.20491,55.88188],[-5.21204,55.88475],[-5.21235,55.89396],[-5.21494,55.89906],[-5.22033,55.90139],[-5.2193,55.90314],[-5.21374,55.90716],[-5.20902,55.91058],[-5.19865,55.91451],[-5.18509,55.92554],[-5.1597,55.92102],[-5.14313,55.9091],[-5.14042,55.90716],[-5.13916,55.90625],[-5.11577,55.89374],[-5.07907,55.8807],[-5.07609,55.87495],[-5.09079,55.86607],[-5.09141,55.86336]]],[[[-6.35968,57.05313],[-6.35245,57.05043],[-6.3375,57.05933],[-6.3299,57.06005],[-6.32445,57.05643],[-6.31031,57.0549],[-6.30748,57.051],[-6.30071,57.04836],[-6.29327,57.04858],[-6.29112,57.044],[-6.28381,57.04079],[-6.27131,57.04067],[-6.26564,57.03891],[-6.25977,57.03709],[-6.25062,57.02844],[-6.24777,57.021],[-6.2591,57.01741],[-6.26564,57.01699],[-6.27662,57.01629],[-6.27941,57.0149],[-6.27921,57.01222],[-6.27144,57.01005],[-6.26564,57.00973],[-6.24652,57.00866],[-6.24395,57.00852],[-6.23972,57.00647],[-6.23887,57.00341],[-6.24652,56.99542],[-6.24862,56.99322],[-6.25412,56.97028],[-6.26081,56.96174],[-6.26564,56.95938],[-6.27804,56.95333],[-6.28594,56.95168],[-6.2899,56.94548],[-6.29768,56.94035],[-6.30001,56.93882],[-6.3114,56.93554],[-6.32922,56.93604],[-6.33295,56.94035],[-6.33396,56.94152],[-6.34036,56.94282],[-6.34431,56.9482],[-6.34944,56.94783],[-6.36905,56.95275],[-6.37007,56.96181],[-6.37773,56.97038],[-6.37752,56.97368],[-6.3927,56.97513],[-6.39883,56.9784],[-6.4293,56.99395],[-6.438,56.99578],[-6.45878,57.00754],[-6.45612,57.01022],[-6.44807,57.01029],[-6.44122,57.01301],[-6.43381,57.02072],[-6.4091,57.03101],[-6.39883,57.04147],[-6.37069,57.053],[-6.35968,57.05313]]],[[[-7.40436,57.47089],[-7.37934,57.47672],[-7.36545,57.49049],[-7.35793,57.49277],[-7.34965,57.49249],[-7.34428,57.48597],[-7.33159,57.48121],[-7.31204,57.4808],[-7.30287,57.48449],[-7.30204,57.48488],[-7.29679,57.48319],[-7.29155,57.48052],[-7.28261,57.47814],[-7.27845,57.47703],[-7.276,57.47396],[-7.27784,57.46991],[-7.27306,57.46697],[-7.26693,57.46601],[-7.25898,57.46706],[-7.2529,57.47522],[-7.2454,57.47559],[-7.24069,57.47448],[-7.23625,57.47067],[-7.2267,57.47017],[-7.21416,57.46489],[-7.21399,57.46482],[-7.20455,57.46062],[-7.20623,57.45709],[-7.21273,57.45607],[-7.2337,57.4599],[-7.23825,57.45367],[-7.23769,57.45227],[-7.22461,57.45058],[-7.22238,57.44879],[-7.2235,57.44655],[-7.22943,57.4453],[-7.24917,57.44627],[-7.2536,57.44127],[-7.26389,57.44679],[-7.26672,57.43942],[-7.25357,57.43416],[-7.25055,57.43295],[-7.24792,57.43416],[-7.24137,57.43716],[-7.21843,57.43697],[-7.21396,57.43416],[-7.20488,57.42844],[-7.20538,57.42609],[-7.20981,57.42357],[-7.20449,57.41903],[-7.203,57.41321],[-7.20495,57.41273],[-7.21743,57.40963],[-7.24218,57.4103],[-7.23763,57.40497],[-7.24047,57.4031],[-7.28261,57.41062],[-7.29298,57.41247],[-7.29312,57.40781],[-7.30287,57.40568],[-7.30642,57.40449],[-7.30614,57.40078],[-7.31058,57.40061],[-7.33392,57.4106],[-7.34505,57.41949],[-7.38962,57.42444],[-7.39628,57.44057],[-7.40842,57.45227],[-7.40394,57.45888],[-7.40856,57.46524],[-7.40436,57.47089]]],[[[-6.77309,56.54297],[-6.76432,56.54485],[-6.76011,56.54785],[-6.75801,56.55445],[-6.7547,56.55597],[-6.74292,56.54429],[-6.7275,56.54097],[-6.72418,56.52995],[-6.72753,56.52683],[-6.7329,56.52551],[-6.74082,56.52891],[-6.7494,56.52658],[-6.75628,56.52714],[-6.76419,56.52357],[-6.7793,56.52771],[-6.79502,56.52506],[-6.80422,56.52351],[-6.80742,56.5211],[-6.81261,56.51718],[-6.81394,56.51318],[-6.80742,56.51062],[-6.79602,56.50615],[-6.80742,56.49868],[-6.80843,56.49333],[-6.81451,56.48919],[-6.82278,56.49057],[-6.84608,56.48994],[-6.85279,56.49221],[-6.87615,56.4879],[-6.896,56.47233],[-6.89153,56.46018],[-6.89385,56.45149],[-6.88999,56.44798],[-6.89423,56.44536],[-6.90913,56.44207],[-6.92685,56.44353],[-6.93085,56.44386],[-6.94073,56.45352],[-6.94345,56.45619],[-6.95043,56.4584],[-6.96393,56.45851],[-6.97276,56.45309],[-6.97909,56.45327],[-6.98038,56.45989],[-6.97166,56.46746],[-6.97754,56.47506],[-6.97559,56.48848],[-6.97922,56.49141],[-6.98149,56.49937],[-6.98905,56.50351],[-6.99725,56.5042],[-6.99406,56.50625],[-6.98309,56.50786],[-6.97541,56.51723],[-6.96752,56.52068],[-6.95504,56.52218],[-6.94874,56.52884],[-6.94073,56.52947],[-6.93784,56.5297],[-6.92685,56.52719],[-6.92487,56.52674],[-6.91072,56.52973],[-6.9005,56.52451],[-6.89079,56.52451],[-6.88435,56.51937],[-6.87517,56.51903],[-6.86181,56.52422],[-6.85761,56.53118],[-6.84648,56.5327],[-6.83117,56.53994],[-6.822,56.54061],[-6.81684,56.54279],[-6.80742,56.54264],[-6.79717,56.53553],[-6.79502,56.53574],[-6.77906,56.5373],[-6.77309,56.54297]]],[[[-6.56276,56.65824],[-6.54886,56.66175],[-6.52798,56.67691],[-6.5088,56.68128],[-6.492,56.68855],[-6.47674,56.68847],[-6.46729,56.69034],[-6.45565,56.68721],[-6.4533,56.68444],[-6.4524,56.68059],[-6.45785,56.66813],[-6.46963,56.65231],[-6.49955,56.62255],[-6.5011,56.62101],[-6.50904,56.61845],[-6.51751,56.62255],[-6.52369,56.62555],[-6.52421,56.62255],[-6.52604,56.61195],[-6.55156,56.59546],[-6.56308,56.59481],[-6.5695,56.5878],[-6.58212,56.58991],[-6.59473,56.58517],[-6.60248,56.58493],[-6.61066,56.57865],[-6.61825,56.57986],[-6.6205,56.5879],[-6.62613,56.5906],[-6.63121,56.57923],[-6.63963,56.57344],[-6.64552,56.57471],[-6.64583,56.5796],[-6.64976,56.58266],[-6.65824,56.58395],[-6.67052,56.58284],[-6.67812,56.57991],[-6.6829,56.56712],[-6.68966,56.56404],[-6.69568,56.56542],[-6.70147,56.57326],[-6.70866,56.57749],[-6.70654,56.58062],[-6.69418,56.58438],[-6.68148,56.5929],[-6.6697,56.59202],[-6.65936,56.5941],[-6.6558,56.59972],[-6.64524,56.60416],[-6.63744,56.61475],[-6.61985,56.62255],[-6.61176,56.63598],[-6.58203,56.64935],[-6.57125,56.65166],[-6.56276,56.65824]]],[[[-6.01128,57.51404],[-6.00545,57.51597],[-5.99451,57.51028],[-5.9811,57.49173],[-5.98397,57.47934],[-5.99375,57.46482],[-6.00169,57.45488],[-6.01316,57.44664],[-6.02444,57.44211],[-6.03144,57.43236],[-6.02089,57.41198],[-6.01769,57.38886],[-6.00303,57.37237],[-5.99368,57.36967],[-5.99294,57.36121],[-5.99695,57.35348],[-6.01229,57.34318],[-6.0207,57.33469],[-6.04946,57.32909],[-6.06368,57.3327],[-6.06958,57.34004],[-6.06972,57.34616],[-6.07413,57.34868],[-6.08517,57.35322],[-6.08136,57.35906],[-6.08296,57.3686],[-6.07519,57.38001],[-6.08409,57.41967],[-6.07413,57.44364],[-6.05611,57.46053],[-6.03404,57.45937],[-6.02192,57.45624],[-6.01719,57.45869],[-6.01403,57.46482],[-6.02708,57.4693],[-6.02115,57.47547],[-6.03087,57.48171],[-6.03235,57.49026],[-6.02255,57.49338],[-6.01742,57.4849],[-6.0102,57.48935],[-5.99602,57.49291],[-5.99658,57.50442],[-6.01128,57.51404]]],[[[-7.44809,57.02555],[-7.44744,57.02163],[-7.44251,57.01899],[-7.40419,57.0091],[-7.39743,57.00278],[-7.41675,57.00294],[-7.41804,57.00033],[-7.4111,56.99783],[-7.40293,56.99969],[-7.39594,56.99432],[-7.3806,56.99078],[-7.37674,56.98628],[-7.38247,56.98091],[-7.39539,56.98153],[-7.40496,56.98385],[-7.40744,56.97748],[-7.41911,56.97548],[-7.42841,56.9665],[-7.42847,56.9619],[-7.43723,56.96298],[-7.44038,56.9618],[-7.43987,56.95918],[-7.43197,56.95426],[-7.43687,56.94939],[-7.44734,56.95041],[-7.45034,56.94678],[-7.45512,56.94531],[-7.47609,56.94622],[-7.47929,56.94577],[-7.48375,56.94513],[-7.48382,56.95269],[-7.49099,56.95461],[-7.50664,56.94699],[-7.51089,56.94648],[-7.532,56.94784],[-7.5554,56.95183],[-7.56273,56.95634],[-7.55578,56.96128],[-7.55616,56.96807],[-7.54624,56.97267],[-7.532,56.97429],[-7.52889,56.97251],[-7.52407,56.97258],[-7.51405,56.98008],[-7.51713,56.9831],[-7.52374,56.98389],[-7.52572,56.98703],[-7.52342,56.98823],[-7.51658,56.98753],[-7.51089,56.98985],[-7.50925,56.99338],[-7.51089,56.99546],[-7.51421,56.99847],[-7.51089,57.00132],[-7.50673,57.0049],[-7.51089,57.00784],[-7.51397,57.01002],[-7.52467,57.01145],[-7.52753,57.01322],[-7.51579,57.01492],[-7.51089,57.0145],[-7.48461,57.01446],[-7.47929,57.01654],[-7.45719,57.02519],[-7.44872,57.04058],[-7.45288,57.04488],[-7.45144,57.04821],[-7.45583,57.05297],[-7.45579,57.05645],[-7.44458,57.05818],[-7.44289,57.04982],[-7.43655,57.0477],[-7.42563,57.04743],[-7.42185,57.04426],[-7.42656,57.03189],[-7.44809,57.02555]]],[[[-2.9646,58.83525],[-2.9616,58.82818],[-2.958,58.82692],[-2.94656,58.83272],[-2.93111,58.83534],[-2.90795,58.83899],[-2.88949,58.83346],[-2.88805,58.82435],[-2.88031,58.82166],[-2.879,58.81934],[-2.88283,58.81762],[-2.88952,58.81974],[-2.8964,58.81842],[-2.90813,58.81188],[-2.90978,58.80623],[-2.91408,58.80257],[-2.92475,58.79924],[-2.92917,58.79409],[-2.9229,58.79039],[-2.92119,58.78591],[-2.92475,58.77687],[-2.92745,58.77366],[-2.93111,58.77205],[-2.93852,58.76879],[-2.93852,58.76665],[-2.93111,58.76259],[-2.92645,58.76003],[-2.91631,58.75805],[-2.90968,58.75364],[-2.91639,58.74248],[-2.92212,58.73966],[-2.91679,58.73896],[-2.9168,58.73574],[-2.92565,58.73341],[-2.93111,58.73354],[-2.96128,58.73042],[-2.96541,58.73301],[-2.96727,58.74013],[-2.97588,58.73993],[-2.97791,58.74482],[-2.98576,58.74892],[-2.99132,58.75499],[-2.98974,58.75969],[-2.9811,58.76286],[-2.98192,58.7856],[-2.99449,58.78759],[-3.00464,58.79591],[-3.01617,58.80003],[-3.02041,58.80544],[-3.01519,58.8115],[-3.00935,58.81252],[-3.00072,58.80732],[-3.00228,58.80139],[-2.9971,58.801],[-2.9819,58.80738],[-2.97729,58.81587],[-2.98415,58.81436],[-2.9875,58.81516],[-2.99437,58.81805],[-2.99846,58.82344],[-3.00302,58.82551],[-3.02677,58.81789],[-3.03225,58.81761],[-3.03488,58.81994],[-3.03183,58.82376],[-3.01484,58.83229],[-2.99314,58.8291],[-2.9833,58.83269],[-2.9646,58.83525]]],[[[-2.4211,59.30131],[-2.41635,59.28935],[-2.40081,59.2785],[-2.42141,59.27701],[-2.43004,59.28168],[-2.44034,59.28298],[-2.46491,59.28061],[-2.48052,59.27457],[-2.50907,59.25142],[-2.52109,59.25589],[-2.52992,59.25474],[-2.53227,59.25432],[-2.53462,59.25137],[-2.52992,59.24721],[-2.52905,59.24644],[-2.52992,59.24121],[-2.53158,59.23736],[-2.53995,59.23649],[-2.57627,59.24317],[-2.58841,59.24006],[-2.60369,59.22955],[-2.61395,59.23606],[-2.62329,59.23662],[-2.63165,59.23519],[-2.64662,59.21941],[-2.65598,59.21268],[-2.66794,59.20727],[-2.67436,59.19851],[-2.68701,59.20206],[-2.68943,59.19592],[-2.68808,59.18779],[-2.69323,59.18683],[-2.70043,59.19801],[-2.70051,59.20536],[-2.69528,59.21877],[-2.68362,59.22091],[-2.67873,59.2247],[-2.66845,59.22652],[-2.65371,59.24181],[-2.62425,59.25524],[-2.60546,59.25937],[-2.6034,59.26227],[-2.60717,59.26645],[-2.59926,59.26735],[-2.5954,59.27026],[-2.59759,59.27499],[-2.6124,59.28367],[-2.61281,59.29149],[-2.60476,59.29094],[-2.57978,59.29417],[-2.55572,59.30438],[-2.53274,59.30197],[-2.53119,59.2995],[-2.53394,59.29693],[-2.55228,59.28977],[-2.55835,59.28069],[-2.57225,59.27522],[-2.57863,59.2656],[-2.574,59.26244],[-2.55819,59.26132],[-2.54377,59.26322],[-2.52992,59.26749],[-2.48491,59.28696],[-2.45384,59.29025],[-2.44732,59.29489],[-2.4419,59.30539],[-2.43087,59.31042],[-2.42065,59.31043],[-2.4211,59.30131]]],[[[-2.95629,59.32947],[-2.9713,59.32493],[-2.98304,59.32471],[-2.98728,59.32086],[-2.98713,59.31715],[-2.98242,59.31584],[-2.96885,59.31676],[-2.95772,59.3094],[-2.94325,59.31003],[-2.93735,59.30388],[-2.93111,59.30357],[-2.92429,59.30323],[-2.91558,59.29941],[-2.90239,59.30078],[-2.89601,59.29166],[-2.88831,59.28928],[-2.88376,59.28578],[-2.87988,59.2681],[-2.87807,59.26756],[-2.86712,59.26946],[-2.85516,59.26711],[-2.84074,59.24937],[-2.85904,59.24896],[-2.87807,59.23106],[-2.88414,59.22977],[-2.88636,59.23469],[-2.87807,59.24213],[-2.87661,59.2544],[-2.87807,59.25576],[-2.88279,59.25756],[-2.89018,59.25662],[-2.89421,59.26276],[-2.909,59.27463],[-2.92845,59.28472],[-2.93111,59.28494],[-2.94286,59.2859],[-2.95681,59.2892],[-2.96378,59.28819],[-2.965,59.28557],[-2.95066,59.27398],[-2.97631,59.26804],[-2.98185,59.26126],[-2.98428,59.26105],[-3.00818,59.2737],[-3.02371,59.2783],[-3.01884,59.28599],[-3.02287,59.29485],[-3.02194,59.30203],[-3.03242,59.3115],[-3.04316,59.31267],[-3.05935,59.32038],[-3.06478,59.32297],[-3.07021,59.33275],[-3.06684,59.33302],[-3.05935,59.33011],[-3.05465,59.32828],[-3.04705,59.32797],[-3.04316,59.3268],[-3.0334,59.32442],[-3.02273,59.32936],[-3.00384,59.32826],[-2.98305,59.33553],[-2.981,59.34564],[-2.97646,59.35187],[-2.97582,59.35274],[-2.95441,59.35841],[-2.94904,59.35187],[-2.94715,59.34956],[-2.96651,59.3411],[-2.95473,59.33701],[-2.95629,59.32947]]],[[[-3.10504,59.17904],[-3.10441,59.1823],[-3.10213,59.18709],[-3.09821,59.18935],[-3.09423,59.19015],[-3.07606,59.20035],[-3.07258,59.20011],[-3.0646,59.19543],[-3.05935,59.19611],[-3.05129,59.19716],[-3.04877,59.19515],[-3.04844,59.18318],[-3.03907,59.17957],[-3.02707,59.17787],[-2.99417,59.1789],[-2.97943,59.18665],[-2.96578,59.18723],[-2.96305,59.18206],[-2.95346,59.17942],[-2.95416,59.17412],[-2.95923,59.17251],[-2.96588,59.17477],[-2.97829,59.16237],[-2.96357,59.13833],[-2.96734,59.13481],[-2.98839,59.13033],[-2.9951,59.12768],[-2.99905,59.12703],[-3.00141,59.12783],[-3.00668,59.12712],[-3.01409,59.12734],[-3.01954,59.12672],[-3.02107,59.12724],[-3.03096,59.12784],[-3.038,59.1267],[-3.04316,59.12734],[-3.05935,59.13284],[-3.07661,59.1387],[-3.09188,59.14613],[-3.09794,59.15083],[-3.10126,59.15744],[-3.11432,59.16218],[-3.11284,59.16696],[-3.11384,59.16926],[-3.11618,59.16998],[-3.11784,59.17265],[-3.11532,59.17455],[-3.11223,59.1747],[-3.11013,59.17717],[-3.10504,59.17904]]],[[[-0.89693,60.62111],[-0.88645,60.62277],[-0.87992,60.62795],[-0.87839,60.62915],[-0.86791,60.63283],[-0.86116,60.63233],[-0.8557,60.62961],[-0.84726,60.62828],[-0.83384,60.62882],[-0.82383,60.62145],[-0.82178,60.61173],[-0.82383,60.6073],[-0.81795,60.60267],[-0.81257,60.60575],[-0.80897,60.6058],[-0.81187,60.60101],[-0.80849,60.59978],[-0.7988,60.60143],[-0.79228,60.61244],[-0.78529,60.61198],[-0.77873,60.61549],[-0.77529,60.61515],[-0.77496,60.60704],[-0.76608,60.60349],[-0.77202,60.59238],[-0.78162,60.58635],[-0.78178,60.58403],[-0.78907,60.58447],[-0.79094,60.58163],[-0.78874,60.5777],[-0.79263,60.57671],[-0.7943,60.57131],[-0.80093,60.56903],[-0.80778,60.57622],[-0.8102,60.5772],[-0.81565,60.57557],[-0.82735,60.58163],[-0.83096,60.58791],[-0.84133,60.5873],[-0.84672,60.58369],[-0.8594,60.59309],[-0.86785,60.59319],[-0.87214,60.5908],[-0.87992,60.59123],[-0.8935,60.59197],[-0.89669,60.58907],[-0.89442,60.5859],[-0.87992,60.58247],[-0.87635,60.58163],[-0.86069,60.56879],[-0.8658,60.56663],[-0.8687,60.56805],[-0.87517,60.56499],[-0.87992,60.56484],[-0.88281,60.56475],[-0.88789,60.5626],[-0.89366,60.56336],[-0.89715,60.56845],[-0.89934,60.5692],[-0.90859,60.5724],[-0.91369,60.58163],[-0.92627,60.59659],[-0.93276,60.60087],[-0.93803,60.60293],[-0.94058,60.61011],[-0.94709,60.61068],[-0.94845,60.61273],[-0.94556,60.6158],[-0.94602,60.62076],[-0.93829,60.62505],[-0.93606,60.63019],[-0.93276,60.63011],[-0.92504,60.62749],[-0.91343,60.62747],[-0.90934,60.62439],[-0.89934,60.62175],[-0.89693,60.62111]]],[[[-6.16996,56.12092],[-6.1551,56.12893],[-6.154,56.13016],[-6.15162,56.13283],[-6.14736,56.1325],[-6.14279,56.13016],[-6.13604,56.11962],[-6.1619,56.09139],[-6.16816,56.07892],[-6.18089,56.07251],[-6.18452,56.06601],[-6.19306,56.06196],[-6.19306,56.06061],[-6.18468,56.05288],[-6.18776,56.04216],[-6.19306,56.03897],[-6.20435,56.03216],[-6.21341,56.02987],[-6.2215,56.03827],[-6.22238,56.03953],[-6.23079,56.03587],[-6.23677,56.03328],[-6.25001,56.03532],[-6.25067,56.03733],[-6.24407,56.04208],[-6.24688,56.04451],[-6.26864,56.03639],[-6.27445,56.03545],[-6.27888,56.03687],[-6.27868,56.03834],[-6.26938,56.04103],[-6.26864,56.04259],[-6.25669,56.04966],[-6.26027,56.0574],[-6.25579,56.06302],[-6.25972,56.0649],[-6.24805,56.07209],[-6.25393,56.07445],[-6.24471,56.08621],[-6.23079,56.09372],[-6.22326,56.09778],[-6.2215,56.09833],[-6.21307,56.10094],[-6.20961,56.10623],[-6.20212,56.10753],[-6.19306,56.10504],[-6.18586,56.10307],[-6.1782,56.10579],[-6.17637,56.10783],[-6.18022,56.11824],[-6.17636,56.12057],[-6.16996,56.12092]]],[[[-2.66977,59.15221],[-2.65325,59.15279],[-2.62913,59.16001],[-2.61852,59.15479],[-2.62049,59.15258],[-2.63131,59.15514],[-2.62408,59.14971],[-2.62258,59.14448],[-2.59339,59.14117],[-2.58177,59.14302],[-2.57581,59.14238],[-2.57519,59.14044],[-2.57869,59.13872],[-2.60288,59.13741],[-2.60684,59.12771],[-2.604,59.12215],[-2.5938,59.11581],[-2.58664,59.11479],[-2.57332,59.11854],[-2.55394,59.12029],[-2.54491,59.12305],[-2.54025,59.12255],[-2.54451,59.11483],[-2.55061,59.11065],[-2.54853,59.10101],[-2.54249,59.09668],[-2.52992,59.09376],[-2.52785,59.09331],[-2.52992,59.09143],[-2.54052,59.08154],[-2.53772,59.07679],[-2.542,59.07712],[-2.55054,59.08293],[-2.56516,59.08388],[-2.57735,59.07668],[-2.58966,59.07687],[-2.60218,59.07224],[-2.60693,59.07642],[-2.60169,59.08835],[-2.60479,59.09576],[-2.63608,59.10609],[-2.64502,59.10453],[-2.6524,59.10078],[-2.64546,59.08802],[-2.65074,59.07688],[-2.67822,59.07564],[-2.68511,59.0777],[-2.68697,59.08602],[-2.67191,59.09946],[-2.66667,59.10875],[-2.65082,59.11189],[-2.63087,59.11146],[-2.62135,59.11989],[-2.62496,59.12587],[-2.6419,59.1331],[-2.65612,59.14445],[-2.66977,59.15221]]],[[[-6.1123,56.92303],[-6.11828,56.89637],[-6.11708,56.8876],[-6.11919,56.88541],[-6.12468,56.88623],[-6.12744,56.87892],[-6.1406,56.87146],[-6.16092,56.87168],[-6.17405,56.87398],[-6.18512,56.8787],[-6.19306,56.87913],[-6.19495,56.87924],[-6.19732,56.88351],[-6.21005,56.88871],[-6.20797,56.90727],[-6.19306,56.91279],[-6.18585,56.91546],[-6.16036,56.91455],[-6.15598,56.91895],[-6.15867,56.92303],[-6.16043,56.9257],[-6.15802,56.92936],[-6.15695,56.93223],[-6.16273,56.93496],[-6.16073,56.93771],[-6.15395,56.9393],[-6.15112,56.9421],[-6.14169,56.94306],[-6.13817,56.94455],[-6.13321,56.94321],[-6.12947,56.94128],[-6.12791,56.93949],[-6.12405,56.93854],[-6.11813,56.93505],[-6.11613,56.93045],[-6.11487,56.92936],[-6.11206,56.92411],[-6.1123,56.92303]]],[[[-1.07543,60.17649],[-1.06906,60.17438],[-1.07177,60.1673],[-1.07685,60.16472],[-1.07415,60.16072],[-1.07264,60.159],[-1.07085,60.15842],[-1.06668,60.15916],[-1.06476,60.16072],[-1.06277,60.16219],[-1.05685,60.16242],[-1.05046,60.16967],[-1.04588,60.16623],[-1.05018,60.16072],[-1.04862,60.15239],[-1.05203,60.14246],[-1.06223,60.13835],[-1.06832,60.1296],[-1.06809,60.11756],[-1.07357,60.10903],[-1.07194,60.10376],[-1.0762,60.10369],[-1.08348,60.10899],[-1.08855,60.10853],[-1.10136,60.11169],[-1.11103,60.1145],[-1.1216,60.12051],[-1.12577,60.13814],[-1.1174,60.14098],[-1.11338,60.14968],[-1.11687,60.15606],[-1.12101,60.1564],[-1.12407,60.1595],[-1.12586,60.15986],[-1.13011,60.16072],[-1.13943,60.16435],[-1.14279,60.17165],[-1.14723,60.1735],[-1.14587,60.18016],[-1.13562,60.18044],[-1.13042,60.18409],[-1.12586,60.18246],[-1.11783,60.1796],[-1.11327,60.18213],[-1.10502,60.17878],[-1.09946,60.17942],[-1.09494,60.17831],[-1.08973,60.17249],[-1.07905,60.17174],[-1.07696,60.17409],[-1.08732,60.17785],[-1.08897,60.18169],[-1.08685,60.18761],[-1.07547,60.19081],[-1.07238,60.17988],[-1.07543,60.17649]]],[[[-2.74358,59.20991],[-2.74764,59.20863],[-2.75228,59.20923],[-2.75463,59.20837],[-2.74875,59.20467],[-2.75228,59.19728],[-2.7552,59.19484],[-2.76404,59.19353],[-2.76548,59.1921],[-2.76021,59.18908],[-2.75769,59.18265],[-2.75772,59.16696],[-2.75772,59.16102],[-2.75228,59.1559],[-2.74975,59.15509],[-2.74566,59.15537],[-2.74358,59.1546],[-2.73917,59.14975],[-2.74358,59.14335],[-2.75723,59.14516],[-2.77025,59.14451],[-2.78359,59.13968],[-2.78924,59.13962],[-2.79565,59.15311],[-2.79583,59.16093],[-2.80625,59.16696],[-2.81493,59.17198],[-2.82386,59.17314],[-2.82713,59.18731],[-2.82354,59.1926],[-2.81741,59.18798],[-2.80126,59.18426],[-2.79114,59.18575],[-2.78005,59.19024],[-2.77656,59.20378],[-2.77877,59.20816],[-2.78949,59.21448],[-2.78566,59.22352],[-2.78413,59.22713],[-2.78948,59.23484],[-2.78155,59.24115],[-2.75828,59.25001],[-2.75573,59.24504],[-2.76256,59.23665],[-2.76182,59.23345],[-2.74358,59.22832],[-2.73684,59.22352],[-2.73396,59.22146],[-2.73567,59.21639],[-2.74358,59.20991]]],[[[-2.81505,59.05982],[-2.82233,59.04814],[-2.82067,59.04435],[-2.81072,59.03749],[-2.80806,59.02945],[-2.82919,59.01993],[-2.83736,59.02448],[-2.84921,59.02623],[-2.8672,59.03157],[-2.87807,59.03159],[-2.8914,59.03162],[-2.90166,59.03419],[-2.9142,59.03019],[-2.93111,59.03149],[-2.93261,59.03521],[-2.93111,59.03741],[-2.92269,59.04959],[-2.91596,59.05496],[-2.9145,59.06186],[-2.90242,59.07131],[-2.88732,59.06131],[-2.87807,59.06],[-2.85716,59.05704],[-2.8464,59.0594],[-2.84028,59.06388],[-2.84057,59.07375],[-2.83887,59.07649],[-2.82791,59.07944],[-2.8176,59.08017],[-2.81069,59.08592],[-2.80424,59.08679],[-2.79957,59.08225],[-2.80126,59.07375],[-2.80285,59.06928],[-2.81505,59.05982]]],[[[-6.0225,57.30526],[-6.01667,57.31963],[-6.00668,57.32022],[-6.00162,57.32504],[-5.9908,57.32375],[-5.98129,57.32527],[-5.97004,57.32047],[-5.96276,57.32218],[-5.92659,57.3083],[-5.92156,57.30361],[-5.92058,57.29819],[-5.92716,57.2903],[-5.92647,57.28404],[-5.93212,57.28266],[-5.93602,57.2787],[-5.94412,57.27533],[-5.96276,57.27394],[-5.98021,57.27439],[-5.98395,57.27573],[-5.9964,57.28615],[-6.00672,57.28931],[-6.0225,57.30526]]],[[[-6.30807,56.49554],[-6.2842,56.49735],[-6.27184,56.49305],[-6.24419,56.49645],[-6.23506,56.4958],[-6.23079,56.49787],[-6.22016,56.4992],[-6.20021,56.4932],[-6.18527,56.48586],[-6.17903,56.48511],[-6.17037,56.48684],[-6.1626,56.48143],[-6.15428,56.48083],[-6.14339,56.4735],[-6.1599,56.46472],[-6.18883,56.46565],[-6.20015,56.46177],[-6.20681,56.46453],[-6.21347,56.47042],[-6.22094,56.47057],[-6.23079,56.46819],[-6.24104,56.46749],[-6.2499,56.47257],[-6.26607,56.47725],[-6.26722,56.48193],[-6.2772,56.47743],[-6.28492,56.48139],[-6.3028,56.48091],[-6.30807,56.49554]]],[[[-2.7147,58.9286],[-2.71135,58.92218],[-2.71543,58.92117],[-2.72063,58.91989],[-2.72863,58.92117],[-2.74358,58.92357],[-2.75178,58.92251],[-2.75286,58.92117],[-2.7567,58.91641],[-2.76188,58.91409],[-2.78109,58.91611],[-2.78055,58.92117],[-2.7799,58.9272],[-2.79154,58.92887],[-2.78782,58.94072],[-2.80395,58.94712],[-2.7936,58.95186],[-2.77983,58.95222],[-2.77299,58.95658],[-2.74358,58.96458],[-2.73068,58.96538],[-2.72214,58.97073],[-2.71436,58.97295],[-2.70812,58.97245],[-2.70951,58.96666],[-2.70582,58.96408],[-2.70391,58.96275],[-2.70582,58.95954],[-2.70941,58.95352],[-2.7076,58.94895],[-2.71551,58.94654],[-2.71874,58.93828],[-2.71382,58.93303],[-2.7147,58.9286]]],[[[-6.89277,58.25336],[-6.89233,58.25811],[-6.88913,58.25923],[-6.88361,58.25732],[-6.87599,58.25927],[-6.86176,58.25773],[-6.85404,58.2585],[-6.84567,58.25475],[-6.84226,58.24923],[-6.84443,58.24289],[-6.83991,58.23825],[-6.83317,58.23877],[-6.82885,58.23262],[-6.82128,58.23024],[-6.81993,58.23072],[-6.82177,58.23644],[-6.81776,58.23726],[-6.81289,58.23509],[-6.81166,58.23196],[-6.79678,58.22482],[-6.79739,58.21984],[-6.79302,58.21977],[-6.78936,58.22216],[-6.78586,58.2214],[-6.78287,58.21699],[-6.78525,58.20856],[-6.78227,58.20411],[-6.7858,58.20101],[-6.79532,58.20215],[-6.80664,58.20728],[-6.83991,58.20523],[-6.86406,58.20705],[-6.87237,58.21287],[-6.87496,58.21986],[-6.8639,58.21903],[-6.85898,58.2218],[-6.87694,58.23076],[-6.87831,58.23471],[-6.87595,58.23774],[-6.87969,58.24027],[-6.88443,58.23952],[-6.88751,58.24104],[-6.88967,58.24484],[-6.88669,58.24742],[-6.88928,58.24923],[-6.89277,58.25336]]],[[[-5.47203,56.55455],[-5.47066,56.55766],[-5.46462,56.55717],[-5.46066,56.55166],[-5.45212,56.55201],[-5.4355,56.55999],[-5.42835,56.56103],[-5.4357,56.55086],[-5.48535,56.51867],[-5.49414,56.50853],[-5.50207,56.5023],[-5.50759,56.49844],[-5.53093,56.48982],[-5.55505,56.47472],[-5.58507,56.46268],[-5.5949,56.46211],[-5.57754,56.47682],[-5.57039,56.49769],[-5.54016,56.50524],[-5.52907,56.5121],[-5.52152,56.51442],[-5.50207,56.52769],[-5.49414,56.53428],[-5.48009,56.54575],[-5.469,56.54979],[-5.47203,56.55455]]],[[[-0.95422,60.37956],[-0.94233,60.3791],[-0.93663,60.37778],[-0.92806,60.38106],[-0.91934,60.38203],[-0.91414,60.38409],[-0.90321,60.38175],[-0.92299,60.37449],[-0.93281,60.36778],[-0.94289,60.35758],[-0.94857,60.35482],[-0.95071,60.35156],[-0.95926,60.3477],[-0.9654,60.3425],[-0.97504,60.34045],[-0.97489,60.33611],[-0.97704,60.33389],[-0.97798,60.33292],[-0.97905,60.33182],[-1.0054,60.32717],[-1.02108,60.33101],[-1.02245,60.33292],[-1.02331,60.33412],[-1.03597,60.33448],[-1.03757,60.33829],[-1.03497,60.34121],[-1.02674,60.3423],[-1.02358,60.34568],[-1.01766,60.34691],[-1.02175,60.35117],[-1.02002,60.35605],[-1.00118,60.36872],[-0.99627,60.36899],[-0.99437,60.3705],[-0.98635,60.36908],[-0.97704,60.37092],[-0.97464,60.37149],[-0.96945,60.37969],[-0.96127,60.38279],[-0.95926,60.3826],[-0.95422,60.37956]]],[[[-1.45288,60.37961],[-1.45164,60.38443],[-1.44011,60.38998],[-1.43161,60.39086],[-1.41509,60.3835],[-1.40617,60.38263],[-1.38339,60.37569],[-1.37921,60.36752],[-1.38177,60.35912],[-1.39164,60.35243],[-1.40944,60.34721],[-1.42398,60.34786],[-1.43032,60.34603],[-1.43811,60.34774],[-1.44611,60.34758],[-1.46114,60.35553],[-1.46266,60.35912],[-1.47203,60.3741],[-1.46895,60.37612],[-1.46177,60.37446],[-1.45288,60.37961]]],[[[-7.03111,57.91703],[-7.03061,57.91878],[-7.01482,57.91886],[-7.01006,57.92226],[-6.9981,57.9212],[-6.99317,57.91651],[-6.98846,57.90408],[-6.99198,57.89466],[-6.99666,57.89227],[-6.9981,57.88864],[-7.01416,57.8824],[-7.01945,57.88639],[-7.0282,57.8877],[-7.04088,57.89396],[-7.0455,57.89429],[-7.05043,57.89256],[-7.05021,57.88611],[-7.05294,57.88308],[-7.07742,57.8758],[-7.0822,57.88377],[-7.07858,57.88883],[-7.08534,57.89033],[-7.0854,57.89403],[-7.08106,57.89508],[-7.07982,57.89272],[-7.0766,57.89244],[-7.07261,57.89561],[-7.06227,57.89596],[-7.05542,57.89898],[-7.04872,57.89812],[-7.04159,57.91275],[-7.03287,57.91369],[-7.03111,57.91703]]],[[[-2.11385,60.14091],[-2.11095,60.14627],[-2.08873,60.15548],[-2.07706,60.15747],[-2.06271,60.15416],[-2.05442,60.15583],[-2.04082,60.14077],[-2.04118,60.13642],[-2.04337,60.13609],[-2.04679,60.13401],[-2.04549,60.1287],[-2.04928,60.12629],[-2.05075,60.11816],[-2.05444,60.11428],[-2.06447,60.11013],[-2.06723,60.11105],[-2.06521,60.11391],[-2.06856,60.11647],[-2.0855,60.11965],[-2.09324,60.12883],[-2.11635,60.13396],[-2.11218,60.13774],[-2.11385,60.14091]]],[[[-5.67959,56.18523],[-5.67117,56.17503],[-5.67106,56.1696],[-5.67928,56.16749],[-5.6841,56.16864],[-5.69926,56.16025],[-5.72302,56.15923],[-5.74445,56.16125],[-5.7518,56.16934],[-5.74643,56.17645],[-5.74281,56.17838],[-5.73666,56.17863],[-5.73275,56.18187],[-5.73094,56.18788],[-5.72302,56.19109],[-5.69173,56.19947],[-5.69004,56.20052],[-5.68654,56.19947],[-5.67668,56.19205],[-5.67959,56.18523]]],[[[-5.74118,55.72343],[-5.7379,55.7249],[-5.73073,55.7247],[-5.72267,55.72912],[-5.71269,55.72233],[-5.71605,55.71776],[-5.73101,55.70884],[-5.73095,55.70603],[-5.72315,55.69995],[-5.72865,55.69575],[-5.72882,55.69203],[-5.72869,55.69079],[-5.73375,55.6844],[-5.73158,55.68332],[-5.71998,55.68725],[-5.71826,55.68621],[-5.73542,55.67696],[-5.73751,55.66868],[-5.73044,55.66817],[-5.73119,55.66324],[-5.73487,55.65935],[-5.74194,55.65829],[-5.75621,55.64771],[-5.76227,55.64621],[-5.76289,55.65159],[-5.76855,55.65412],[-5.76084,55.66733],[-5.77077,55.66828],[-5.77458,55.67223],[-5.77403,55.67719],[-5.75821,55.69203],[-5.75551,55.69456],[-5.7486,55.70125],[-5.7469,55.70764],[-5.73858,55.70972],[-5.73461,55.7208],[-5.74113,55.72047],[-5.74118,55.72343]]],[[[-5.6307,56.19158],[-5.63394,56.18932],[-5.64193,56.19086],[-5.64915,56.19771],[-5.65121,56.20833],[-5.65773,56.21235],[-5.65829,56.2168],[-5.66454,56.22016],[-5.66198,56.22874],[-5.66105,56.23187],[-5.65252,56.24569],[-5.65504,56.25276],[-5.64992,56.26251],[-5.6384,56.26986],[-5.63126,56.2636],[-5.63192,56.25788],[-5.62799,56.25276],[-5.61878,56.2476],[-5.61799,56.24353],[-5.62635,56.22874],[-5.63166,56.21933],[-5.6293,56.21563],[-5.63097,56.20677],[-5.63487,56.20503],[-5.62891,56.19813],[-5.6307,56.19158]]],[[[-5.58589,56.31179],[-5.59122,56.30202],[-5.60366,56.29951],[-5.60923,56.29394],[-5.60119,56.29038],[-5.60034,56.27996],[-5.61122,56.27638],[-5.61297,56.27189],[-5.62207,56.26592],[-5.62609,56.26576],[-5.63041,56.26837],[-5.63498,56.27255],[-5.63723,56.28152],[-5.6341,56.29068],[-5.64101,56.29352],[-5.64856,56.29365],[-5.65356,56.29727],[-5.64823,56.29988],[-5.63982,56.31179],[-5.61902,56.32146],[-5.60945,56.31666],[-5.60505,56.31656],[-5.60945,56.31301],[-5.60685,56.31179],[-5.59607,56.31927],[-5.58465,56.32361],[-5.5822,56.32155],[-5.58589,56.31179]]],[[[-6.55653,57.06996],[-6.54871,57.06816],[-6.53643,57.0699],[-6.52938,57.06773],[-6.50675,57.07128],[-6.49904,57.0687],[-6.48893,57.0682],[-6.48524,57.06578],[-6.48898,57.05647],[-6.49566,57.05918],[-6.50783,57.05646],[-6.50476,57.0522],[-6.50177,57.05188],[-6.49674,57.05508],[-6.47766,57.04931],[-6.46951,57.0496],[-6.46577,57.04649],[-6.46787,57.04366],[-6.48118,57.04437],[-6.48874,57.04886],[-6.49358,57.04502],[-6.50407,57.04694],[-6.51201,57.04495],[-6.51465,57.05002],[-6.51133,57.05378],[-6.51546,57.05642],[-6.5263,57.05547],[-6.54705,57.05738],[-6.55092,57.05648],[-6.55468,57.05171],[-6.57157,57.04514],[-6.58068,57.04546],[-6.59079,57.04257],[-6.59473,57.04264],[-6.59778,57.0427],[-6.60863,57.04694],[-6.61098,57.05146],[-6.60207,57.05764],[-6.59473,57.05955],[-6.58993,57.06081],[-6.57157,57.06251],[-6.55863,57.06468],[-6.55653,57.06996]]],[[[-5.50207,56.41125],[-5.51163,56.40647],[-5.51636,56.40132],[-5.52522,56.39719],[-5.52712,56.39211],[-5.5358,56.38855],[-5.53554,56.3862],[-5.54083,56.38163],[-5.54658,56.37598],[-5.55125,56.37402],[-5.55758,56.37137],[-5.55972,56.37269],[-5.55893,56.37402],[-5.55617,56.37868],[-5.56292,56.37889],[-5.56553,56.3817],[-5.57174,56.38139],[-5.58575,56.38069],[-5.58804,56.38187],[-5.5835,56.39013],[-5.57481,56.393],[-5.57455,56.39802],[-5.57174,56.39812],[-5.56635,56.3983],[-5.56733,56.40344],[-5.56378,56.40787],[-5.55221,56.40971],[-5.5446,56.40872],[-5.54083,56.41056],[-5.53151,56.41404],[-5.52593,56.41118],[-5.51656,56.41362],[-5.51163,56.41759],[-5.50521,56.41953],[-5.50207,56.42259],[-5.50001,56.42461],[-5.49414,56.42301],[-5.49135,56.42225],[-5.49414,56.42097],[-5.49741,56.41946],[-5.49937,56.4126],[-5.50207,56.41125]]],[[[-3.20868,58.80047],[-3.19657,58.79905],[-3.17954,58.80251],[-3.16497,58.80153],[-3.15263,58.80641],[-3.13953,58.8033],[-3.13849,58.80225],[-3.14006,58.79779],[-3.14283,58.79527],[-3.15302,58.7872],[-3.14735,58.7867],[-3.14152,58.78881],[-3.13224,58.78988],[-3.13068,58.78735],[-3.13428,58.78591],[-3.18951,58.77738],[-3.20244,58.77816],[-3.22018,58.7843],[-3.22484,58.78591],[-3.22018,58.79011],[-3.20868,58.80047]]],[[[-7.15251,57.7262],[-7.15142,57.71946],[-7.15388,57.71763],[-7.15657,57.71845],[-7.16478,57.72093],[-7.17251,57.7189],[-7.1714,57.71745],[-7.16789,57.71286],[-7.17561,57.7106],[-7.17735,57.70507],[-7.18311,57.70355],[-7.19598,57.70965],[-7.20166,57.70727],[-7.1972,57.70391],[-7.19855,57.70274],[-7.22606,57.70532],[-7.22685,57.70716],[-7.21244,57.71745],[-7.19955,57.73426],[-7.18603,57.73722],[-7.16269,57.7388],[-7.15657,57.73665],[-7.14707,57.7333],[-7.14456,57.72971],[-7.15251,57.7262]]],[[[-4.94854,55.75622],[-4.9436,55.76525],[-4.93787,55.76956],[-4.92516,55.78815],[-4.91546,55.792],[-4.90753,55.79144],[-4.90206,55.79262],[-4.89876,55.79101],[-4.90063,55.77199],[-4.89417,55.76501],[-4.89973,55.75622],[-4.9013,55.75374],[-4.90753,55.74882],[-4.91413,55.7457],[-4.91446,55.75345],[-4.91883,55.75427],[-4.93049,55.7521],[-4.9373,55.74906],[-4.94018,55.74441],[-4.94499,55.74304],[-4.95096,55.7518],[-4.94854,55.75622]]],[[[-5.97302,57.58206],[-5.97119,57.58337],[-5.96276,57.58213],[-5.9571,57.57959],[-5.95424,57.56758],[-5.96276,57.55242],[-5.96611,57.54864],[-5.96448,57.54306],[-5.97231,57.5312],[-5.96917,57.52558],[-5.97273,57.52286],[-5.97429,57.51809],[-5.97619,57.51226],[-5.97934,57.51148],[-5.98466,57.51639],[-5.98851,57.51809],[-5.99269,57.51993],[-5.98686,57.52217],[-5.99415,57.52403],[-5.99785,57.53039],[-5.98318,57.53904],[-5.98875,57.53935],[-5.99197,57.53659],[-5.9953,57.53657],[-5.99969,57.53849],[-6.00178,57.54355],[-5.99841,57.54545],[-5.99196,57.54343],[-5.98148,57.54562],[-5.9785,57.54963],[-5.98635,57.55508],[-5.98677,57.56235],[-5.98454,57.56425],[-5.9896,57.57048],[-5.97813,57.57679],[-5.97082,57.57256],[-5.96718,57.57276],[-5.96559,57.57687],[-5.97302,57.58206]]],[[[-7.17077,58.0292],[-7.1519,58.03582],[-7.14325,58.03548],[-7.13411,58.03805],[-7.12922,58.03753],[-7.12826,58.03656],[-7.12522,58.03348],[-7.10784,58.02921],[-7.10237,58.01408],[-7.09955,58.01237],[-7.09955,58.00579],[-7.11502,58.00316],[-7.11999,58.00454],[-7.1247,58.00914],[-7.12826,58.00947],[-7.14212,58.01077],[-7.15096,58.00943],[-7.15707,58.01282],[-7.1586,58.01675],[-7.16484,58.01923],[-7.16482,58.02425],[-7.17077,58.0292]]],[[[-2.89094,58.86184],[-2.88859,58.8556],[-2.8802,58.8525],[-2.87807,58.85268],[-2.86516,58.85377],[-2.86125,58.85242],[-2.87466,58.84602],[-2.87807,58.84528],[-2.89271,58.84209],[-2.90075,58.84265],[-2.90754,58.84537],[-2.92765,58.84254],[-2.93111,58.84283],[-2.93694,58.84331],[-2.95553,58.84681],[-2.96322,58.85107],[-2.94204,58.86005],[-2.93694,58.8605],[-2.93111,58.85899],[-2.91638,58.85518],[-2.9129,58.85765],[-2.91396,58.86826],[-2.90834,58.86952],[-2.90496,58.87227],[-2.88692,58.87394],[-2.88433,58.87199],[-2.88914,58.86777],[-2.89094,58.86184]]],[[[-6.18348,57.15246],[-6.18873,57.14914],[-6.19306,57.14889],[-6.2009,57.14844],[-6.20748,57.15103],[-6.21086,57.14993],[-6.21177,57.14568],[-6.20383,57.13753],[-6.21755,57.13054],[-6.2215,57.12989],[-6.23163,57.13033],[-6.2481,57.13777],[-6.25614,57.1487],[-6.25311,57.15098],[-6.23197,57.15741],[-6.2215,57.1583],[-6.21841,57.1595],[-6.2167,57.16446],[-6.20914,57.16584],[-6.19306,57.16438],[-6.18767,57.16388],[-6.18063,57.15871],[-6.18348,57.15246]]],[[[-3.09423,58.83815],[-3.098,58.83661],[-3.10815,58.83779],[-3.11122,58.83685],[-3.10837,58.83108],[-3.10273,58.82917],[-3.09423,58.83017],[-3.07883,58.83197],[-3.07804,58.82988],[-3.08323,58.82449],[-3.07957,58.81778],[-3.08129,58.81559],[-3.08906,58.81573],[-3.09423,58.81747],[-3.10063,58.81963],[-3.10716,58.81539],[-3.12037,58.81587],[-3.12861,58.81415],[-3.13756,58.81691],[-3.14283,58.82257],[-3.14675,58.82723],[-3.14682,58.8305],[-3.14283,58.83303],[-3.13138,58.83617],[-3.12671,58.84056],[-3.11953,58.8432],[-3.09423,58.84654],[-3.07547,58.84902],[-3.06744,58.84778],[-3.06802,58.84444],[-3.08169,58.84328],[-3.09423,58.83815]]],[[[-7.53352,56.93868],[-7.51089,56.93651],[-7.49266,56.93504],[-7.48433,56.93163],[-7.49135,56.92979],[-7.51089,56.93242],[-7.51631,56.93315],[-7.5266,56.92936],[-7.53378,56.92643],[-7.53388,56.92262],[-7.532,56.92134],[-7.51089,56.92183],[-7.50678,56.92192],[-7.50238,56.9204],[-7.50488,56.91705],[-7.51089,56.91478],[-7.51793,56.91247],[-7.53118,56.9127],[-7.53504,56.91029],[-7.54973,56.91002],[-7.56068,56.9216],[-7.5463,56.92178],[-7.54393,56.92734],[-7.57688,56.93377],[-7.56646,56.94035],[-7.56482,56.94139],[-7.56809,56.94647],[-7.56546,56.94844],[-7.53524,56.94527],[-7.53177,56.94307],[-7.53285,56.94035],[-7.53352,56.93868]]],[[[-2.89237,59.37775],[-2.89074,59.38263],[-2.88939,59.38408],[-2.88446,59.38588],[-2.88083,59.38554],[-2.87975,59.38671],[-2.87646,59.38544],[-2.8732,59.3824],[-2.8741,59.38065],[-2.86849,59.37677],[-2.86778,59.37523],[-2.8696,59.37122],[-2.86932,59.36998],[-2.87265,59.36695],[-2.87884,59.36657],[-2.88197,59.36515],[-2.88415,59.36202],[-2.88234,59.35966],[-2.88756,59.35702],[-2.88872,59.3544],[-2.88766,59.35187],[-2.87807,59.34268],[-2.87727,59.34135],[-2.87807,59.34006],[-2.88137,59.33882],[-2.88035,59.33579],[-2.87807,59.33505],[-2.87807,59.33328],[-2.88557,59.32522],[-2.88865,59.32511],[-2.89591,59.33054],[-2.9065,59.32521],[-2.90955,59.3293],[-2.90854,59.34131],[-2.91106,59.34807],[-2.90905,59.35187],[-2.90471,59.35705],[-2.89813,59.36132],[-2.89761,59.36371],[-2.89889,59.36625],[-2.89694,59.36973],[-2.89744,59.37163],[-2.89036,59.37719],[-2.89237,59.37775]]],[[[-1.73705,60.33737],[-1.73031,60.34091],[-1.72907,60.34513],[-1.71761,60.34555],[-1.70735,60.3421],[-1.69978,60.34379],[-1.69728,60.33861],[-1.69564,60.33848],[-1.69287,60.3407],[-1.69122,60.34054],[-1.68903,60.3345],[-1.68564,60.33321],[-1.68132,60.33546],[-1.68119,60.34184],[-1.67,60.34283],[-1.66468,60.33903],[-1.66567,60.33461],[-1.6725,60.33131],[-1.67416,60.32914],[-1.67,60.3272],[-1.66346,60.32733],[-1.66227,60.32387],[-1.67,60.3216],[-1.6798,60.32107],[-1.69034,60.31565],[-1.70062,60.31601],[-1.70791,60.31917],[-1.6991,60.32308],[-1.70038,60.32705],[-1.70474,60.32767],[-1.71781,60.32053],[-1.73705,60.33737]]],[[[-7.38336,57.54395],[-7.38241,57.54619],[-7.37494,57.54502],[-7.37345,57.54781],[-7.37055,57.54903],[-7.36723,57.5491],[-7.36563,57.54765],[-7.36556,57.5439],[-7.36941,57.54289],[-7.37214,57.54053],[-7.3675,57.54036],[-7.36345,57.54213],[-7.36075,57.54238],[-7.35374,57.5423],[-7.34451,57.53158],[-7.34101,57.53073],[-7.34451,57.52903],[-7.34928,57.5291],[-7.35781,57.52517],[-7.34829,57.51429],[-7.35653,57.50535],[-7.35478,57.49856],[-7.36075,57.49887],[-7.36817,57.50157],[-7.37102,57.50575],[-7.37349,57.51653],[-7.37645,57.52095],[-7.38169,57.52561],[-7.39007,57.53011],[-7.39398,57.53458],[-7.39982,57.53974],[-7.39814,57.54045],[-7.39178,57.53817],[-7.3913,57.53708],[-7.38611,57.53804],[-7.3866,57.53992],[-7.38412,57.5403],[-7.3817,57.54311],[-7.38336,57.54395]]],[[[-6.40161,56.34782],[-6.39747,56.34736],[-6.39139,56.34822],[-6.39007,56.35041],[-6.38771,56.351],[-6.383,56.35008],[-6.38149,56.34881],[-6.38366,56.347],[-6.38513,56.34381],[-6.38427,56.3414],[-6.38531,56.33976],[-6.38508,56.33585],[-6.3917,56.33176],[-6.39369,56.3283],[-6.39933,56.32298],[-6.40176,56.3218],[-6.40274,56.31954],[-6.40605,56.31679],[-6.40714,56.31459],[-6.40998,56.31312],[-6.41206,56.31346],[-6.41509,56.31078],[-6.41622,56.31111],[-6.42127,56.30694],[-6.4239,56.30812],[-6.42574,56.30707],[-6.42819,56.30883],[-6.43198,56.30821],[-6.43387,56.30945],[-6.44071,56.30964],[-6.44109,56.31145],[-6.44502,56.31389],[-6.44307,56.31598],[-6.4349,56.31776],[-6.43151,56.31996],[-6.42438,56.3224],[-6.42456,56.32455],[-6.42225,56.32498],[-6.42234,56.32864],[-6.42507,56.33051],[-6.42883,56.33125],[-6.43089,56.3333],[-6.43065,56.33556],[-6.42743,56.33721],[-6.42684,56.33885],[-6.41961,56.3409],[-6.41722,56.34099],[-6.40916,56.34482],[-6.40754,56.3462],[-6.40404,56.34633],[-6.40161,56.34782]]],[[[-1.63873,59.5519],[-1.61669,59.55079],[-1.60734,59.55313],[-1.60391,59.54907],[-1.60844,59.54721],[-1.61122,59.54217],[-1.60465,59.53892],[-1.59889,59.53967],[-1.59982,59.53495],[-1.60647,59.53633],[-1.61297,59.53415],[-1.60984,59.53016],[-1.61126,59.52469],[-1.62503,59.52583],[-1.62874,59.5155],[-1.63689,59.51258],[-1.64332,59.51407],[-1.65221,59.51352],[-1.65675,59.52156],[-1.64992,59.52271],[-1.64562,59.52634],[-1.64798,59.53082],[-1.64439,59.53462],[-1.6438,59.54217],[-1.64372,59.54348],[-1.63691,59.54483],[-1.63873,59.5519]]],[[[-2.43369,59.38517],[-2.43047,59.38651],[-2.42336,59.38596],[-2.41136,59.38934],[-2.40931,59.38614],[-2.40394,59.38507],[-2.38243,59.39237],[-2.37134,59.38406],[-2.37314,59.38274],[-2.38292,59.38466],[-2.39784,59.38269],[-2.40515,59.38022],[-2.40953,59.37594],[-2.4116,59.36816],[-2.40746,59.36121],[-2.39891,59.35619],[-2.41062,59.35441],[-2.41811,59.3486],[-2.42336,59.34863],[-2.42573,59.35428],[-2.43021,59.3574],[-2.4373,59.35823],[-2.4438,59.35563],[-2.44913,59.35802],[-2.44226,59.36381],[-2.44121,59.37004],[-2.43076,59.37849],[-2.43369,59.38517]]],[[[-7.24052,57.50206],[-7.24154,57.50006],[-7.23737,57.50077],[-7.22464,57.49807],[-7.219,57.49974],[-7.21634,57.49811],[-7.21815,57.49261],[-7.215,57.48811],[-7.20402,57.48371],[-7.20654,57.4805],[-7.20361,57.47564],[-7.21157,57.47488],[-7.23004,57.4805],[-7.23233,57.48353],[-7.23754,57.48229],[-7.23821,57.4805],[-7.24243,57.47888],[-7.24522,57.47888],[-7.264,57.49064],[-7.26967,57.49062],[-7.27146,57.48683],[-7.27491,57.48803],[-7.27649,57.49256],[-7.28261,57.49317],[-7.28492,57.49544],[-7.28261,57.49615],[-7.27724,57.49643],[-7.27146,57.49963],[-7.26206,57.5012],[-7.25296,57.50059],[-7.25063,57.50249],[-7.25527,57.50533],[-7.24774,57.50613],[-7.23294,57.50352],[-7.23356,57.50219],[-7.24052,57.50206]]],[[[-7.24921,57.78135],[-7.24744,57.78219],[-7.24211,57.78129],[-7.23948,57.78503],[-7.23144,57.78487],[-7.22976,57.78562],[-7.21468,57.78495],[-7.21203,57.78309],[-7.21086,57.78084],[-7.20063,57.7746],[-7.20036,57.77275],[-7.20673,57.76975],[-7.20982,57.76503],[-7.21816,57.76353],[-7.22284,57.76036],[-7.22985,57.76101],[-7.23522,57.75967],[-7.24118,57.75993],[-7.24749,57.76155],[-7.25047,57.76359],[-7.25829,57.76629],[-7.26501,57.77044],[-7.2643,57.7716],[-7.26626,57.77393],[-7.2647,57.77583],[-7.26128,57.77513],[-7.25921,57.77701],[-7.2603,57.77858],[-7.25854,57.78079],[-7.25321,57.78083],[-7.25189,57.78205],[-7.24921,57.78135]]],[[[-6.70782,57.87757],[-6.7056,57.87938],[-6.6946,57.87885],[-6.69131,57.87728],[-6.67695,57.8767],[-6.67463,57.87432],[-6.67013,57.87449],[-6.66693,57.87306],[-6.66347,57.87386],[-6.65154,57.87087],[-6.64948,57.86891],[-6.6518,57.86698],[-6.64803,57.86583],[-6.64173,57.85729],[-6.6576,57.8531],[-6.66043,57.85105],[-6.67055,57.85022],[-6.67257,57.8512],[-6.67128,57.85584],[-6.67824,57.85387],[-6.68679,57.8558],[-6.69447,57.85577],[-6.69512,57.85658],[-6.68465,57.86234],[-6.69639,57.86843],[-6.69831,57.86538],[-6.70061,57.86426],[-6.70147,57.86198],[-6.70495,57.86213],[-6.70761,57.86445],[-6.70619,57.86649],[-6.70271,57.86817],[-6.70731,57.86996],[-6.70875,57.87344],[-6.7141,57.8753],[-6.71075,57.87643],[-6.70938,57.87546],[-6.70577,57.87629],[-6.70782,57.87757]]],[[[-7.27084,57.08805],[-7.27909,57.06813],[-7.28471,57.06572],[-7.27994,57.06184],[-7.29226,57.05391],[-7.30815,57.06192],[-7.30807,57.07376],[-7.31196,57.0849],[-7.31004,57.08805],[-7.30823,57.08834],[-7.30299,57.08805],[-7.30287,57.08805],[-7.30093,57.08805],[-7.29322,57.09086],[-7.28261,57.09113],[-7.26894,57.09116],[-7.27084,57.08805]]],[[[-8.60925,57.82508],[-8.60339,57.82244],[-8.60226,57.82083],[-8.59832,57.82003],[-8.59626,57.82072],[-8.59441,57.82502],[-8.59057,57.82655],[-8.58691,57.8252],[-8.58362,57.82556],[-8.58181,57.82353],[-8.57647,57.82394],[-8.57254,57.82261],[-8.56985,57.82492],[-8.56716,57.82566],[-8.56381,57.82324],[-8.56532,57.82098],[-8.56032,57.81937],[-8.56075,57.81848],[-8.55551,57.81711],[-8.54997,57.81285],[-8.55087,57.8115],[-8.5574,57.80902],[-8.56025,57.80887],[-8.56271,57.81038],[-8.56846,57.81114],[-8.57279,57.80819],[-8.57164,57.80495],[-8.57393,57.80366],[-8.57157,57.8007],[-8.56528,57.79934],[-8.56472,57.79803],[-8.56862,57.79774],[-8.57067,57.79635],[-8.57283,57.79707],[-8.5712,57.79817],[-8.57292,57.79942],[-8.57715,57.79897],[-8.5826,57.80328],[-8.58208,57.80496],[-8.58846,57.80676],[-8.59081,57.80507],[-8.59497,57.80577],[-8.598,57.80826],[-8.60388,57.80891],[-8.60991,57.81059],[-8.60819,57.81463],[-8.61254,57.81785],[-8.61112,57.82016],[-8.61218,57.82275],[-8.61494,57.82224],[-8.61749,57.82416],[-8.61712,57.82815],[-8.61122,57.82797],[-8.60923,57.82692],[-8.60925,57.82508]]],[[[-7.62295,56.82437],[-7.61953,56.81673],[-7.62738,56.81108],[-7.62179,56.80676],[-7.6219,56.80425],[-7.63959,56.79693],[-7.6446,56.79669],[-7.65191,56.79634],[-7.65522,56.79768],[-7.65522,56.79793],[-7.65522,56.80036],[-7.65522,56.80036],[-7.65592,56.80058],[-7.65651,56.80075],[-7.65651,56.80045],[-7.65808,56.8002],[-7.6583,56.80104],[-7.65839,56.8012],[-7.65857,56.80133],[-7.65882,56.80142],[-7.6591,56.80146],[-7.6594,56.80145],[-7.65967,56.80139],[-7.65989,56.80128],[-7.66079,56.80066],[-7.66558,56.79982],[-7.66667,56.80009],[-7.66556,56.80172],[-7.66077,56.80388],[-7.66057,56.80401],[-7.66046,56.80417],[-7.66046,56.80434],[-7.66055,56.80449],[-7.66056,56.80449],[-7.66076,56.80479],[-7.65981,56.80529],[-7.6598,56.80529],[-7.65964,56.80537],[-7.6595,56.8055],[-7.65944,56.80564],[-7.65946,56.80578],[-7.65991,56.80692],[-7.66015,56.80862],[-7.65969,56.80888],[-7.65945,56.80897],[-7.65917,56.80901],[-7.65887,56.80901],[-7.6586,56.80895],[-7.65838,56.80885],[-7.65822,56.80871],[-7.65816,56.80856],[-7.65814,56.80841],[-7.65751,56.80998],[-7.65532,56.81132],[-7.65522,56.81134],[-7.65327,56.81199],[-7.65522,56.81344],[-7.65561,56.81756],[-7.65898,56.82155],[-7.65522,56.82379],[-7.64878,56.82203],[-7.6446,56.82282],[-7.63408,56.82482],[-7.62861,56.83054],[-7.61862,56.82919],[-7.62295,56.82437]]],[[[-2.92052,59.12934],[-2.9218,59.12848],[-2.93111,59.13574],[-2.93654,59.13997],[-2.93717,59.14272],[-2.94103,59.14853],[-2.9426,59.15597],[-2.94157,59.1643],[-2.9383,59.16696],[-2.93368,59.16967],[-2.93111,59.16973],[-2.92687,59.16984],[-2.91929,59.16696],[-2.90849,59.16242],[-2.92052,59.12934]]],[[[-7.19492,57.50091],[-7.17852,57.50199],[-7.16916,57.5013],[-7.16891,57.49749],[-7.15973,57.49225],[-7.17135,57.48868],[-7.16072,57.48584],[-7.15986,57.48413],[-7.16781,57.47886],[-7.17033,57.47347],[-7.17852,57.46993],[-7.18132,57.46966],[-7.19249,57.4733],[-7.18935,57.4805],[-7.19519,57.48556],[-7.20397,57.48734],[-7.20569,57.49229],[-7.20152,57.49721],[-7.18206,57.49331],[-7.18219,57.49598],[-7.19328,57.49873],[-7.19492,57.50091]]],[[[-1.31282,60.11201],[-1.31037,60.10607],[-1.31488,60.10044],[-1.33309,60.0807],[-1.3361,60.06621],[-1.3441,60.05997],[-1.35524,60.06724],[-1.35188,60.07386],[-1.35477,60.07902],[-1.34486,60.08211],[-1.34335,60.08631],[-1.32868,60.09385],[-1.32939,60.10035],[-1.34282,60.10147],[-1.33935,60.10796],[-1.32152,60.10642],[-1.3198,60.11586],[-1.31488,60.11766],[-1.3101,60.11576],[-1.31282,60.11201]]],[[[-6.26864,56.84151],[-6.26564,56.84175],[-6.2634,56.8446],[-6.25379,56.84123],[-6.2489,56.84403],[-6.24193,56.84325],[-6.22491,56.8448],[-6.2215,56.84175],[-6.21585,56.83642],[-6.21986,56.83248],[-6.2215,56.832],[-6.22692,56.83202],[-6.22821,56.82761],[-6.23464,56.82511],[-6.2495,56.83232],[-6.25409,56.83164],[-6.25928,56.82758],[-6.26564,56.82767],[-6.26864,56.8279],[-6.27392,56.83047],[-6.27688,56.83489],[-6.27022,56.83829],[-6.26864,56.84151]]],[[[-6.27204,56.02116],[-6.26697,56.02472],[-6.23079,56.02714],[-6.22655,56.02865],[-6.2215,56.02822],[-6.21956,56.02806],[-6.21791,56.02666],[-6.21232,56.02738],[-6.20955,56.02175],[-6.20549,56.02082],[-6.20994,56.01887],[-6.21043,56.02084],[-6.21372,56.02193],[-6.21851,56.02058],[-6.21869,56.01925],[-6.2215,56.01923],[-6.23079,56.01918],[-6.23756,56.00774],[-6.25487,56.00136],[-6.25727,56.00283],[-6.25467,56.01405],[-6.2614,56.0189],[-6.27204,56.02116]]],[[[-5.6133,56.22707],[-5.61176,56.22874],[-5.6087,56.22874],[-5.60605,56.22874],[-5.60474,56.22982],[-5.60247,56.22981],[-5.60116,56.22874],[-5.59876,56.22679],[-5.59541,56.22694],[-5.5925,56.22341],[-5.59279,56.2214],[-5.59026,56.21718],[-5.59218,56.21482],[-5.59114,56.21318],[-5.59274,56.21],[-5.59004,56.21025],[-5.58848,56.20713],[-5.58955,56.2044],[-5.59928,56.20117],[-5.60182,56.19909],[-5.6071,56.19654],[-5.60945,56.19599],[-5.61159,56.19548],[-5.61232,56.19643],[-5.61222,56.20579],[-5.6154,56.20611],[-5.61898,56.20864],[-5.61686,56.21749],[-5.61529,56.21946],[-5.6138,56.22369],[-5.61155,56.22478],[-5.6133,56.22707]]],[[[-7.53874,56.89735],[-7.53037,56.90174],[-7.51089,56.902],[-7.50031,56.89866],[-7.49776,56.89212],[-7.49323,56.8885],[-7.49943,56.88874],[-7.5003,56.88141],[-7.5038,56.88232],[-7.50666,56.8812],[-7.51089,56.88261],[-7.51426,56.88334],[-7.51706,56.88129],[-7.53122,56.88805],[-7.53874,56.89735]]],[[[-1.32112,60.06502],[-1.3257,60.06279],[-1.32981,60.06404],[-1.32961,60.06502],[-1.32876,60.06928],[-1.32769,60.07327],[-1.33263,60.07734],[-1.32958,60.08172],[-1.32463,60.0837],[-1.31488,60.092],[-1.31241,60.0941],[-1.29891,60.0962],[-1.29638,60.09218],[-1.299,60.08579],[-1.31235,60.06928],[-1.31488,60.06805],[-1.32112,60.06502]]],[[[-3.31358,58.9387],[-3.31037,58.94085],[-3.30604,58.94085],[-3.3008,58.9393],[-3.29247,58.93764],[-3.28903,58.93432],[-3.28262,58.9325],[-3.27786,58.93377],[-3.27679,58.9366],[-3.27204,58.93563],[-3.27073,58.93359],[-3.26569,58.93008],[-3.26735,58.92548],[-3.2668,58.92393],[-3.2705,58.924],[-3.27823,58.92078],[-3.28241,58.91993],[-3.29553,58.9218],[-3.30121,58.924],[-3.30537,58.92438],[-3.30804,58.92624],[-3.30974,58.93231],[-3.31236,58.93462],[-3.31106,58.9356],[-3.31358,58.9387]]],[[[-1.47552,60.33655],[-1.47409,60.33292],[-1.46814,60.33502],[-1.46124,60.33505],[-1.45074,60.32987],[-1.44205,60.33055],[-1.43997,60.32767],[-1.44738,60.32587],[-1.45826,60.31934],[-1.46629,60.31886],[-1.46894,60.31321],[-1.4746,60.3119],[-1.47826,60.31403],[-1.47701,60.317],[-1.48129,60.32164],[-1.47682,60.32481],[-1.47091,60.32327],[-1.46746,60.3259],[-1.47421,60.32773],[-1.4829,60.32658],[-1.48831,60.32771],[-1.48295,60.33831],[-1.47621,60.34143],[-1.47233,60.34123],[-1.4696,60.33913],[-1.47552,60.33655]]],[[[-7.19542,57.40177],[-7.18872,57.39817],[-7.19085,57.39524],[-7.20297,57.38924],[-7.21721,57.39038],[-7.22101,57.38711],[-7.22673,57.38927],[-7.23325,57.3918],[-7.23026,57.39397],[-7.22673,57.39474],[-7.22673,57.39598],[-7.22673,57.39809],[-7.22243,57.39759],[-7.22194,57.40257],[-7.21046,57.40808],[-7.20175,57.40813],[-7.19902,57.41032],[-7.1898,57.41018],[-7.19542,57.40177]]],[[[-3.1064,58.67155],[-3.12085,58.67015],[-3.12712,58.67017],[-3.13595,58.66728],[-3.13992,58.66854],[-3.13224,58.67387],[-3.13143,58.68026],[-3.12581,58.68234],[-3.12498,58.69461],[-3.12085,58.6962],[-3.11422,58.69654],[-3.10938,58.68847],[-3.10087,58.68374],[-3.1064,58.67155]]],[[[-1.04619,60.15058],[-1.0446,60.15208],[-1.04228,60.15173],[-1.04055,60.15339],[-1.03577,60.15488],[-1.03445,60.15314],[-1.0282,60.15138],[-1.02154,60.15232],[-1.01711,60.15167],[-1.01153,60.15214],[-1.0056,60.15121],[-1.00458,60.14994],[-1.00508,60.14719],[-1.00255,60.14686],[-1.00401,60.14564],[-1.00298,60.14414],[-1.00578,60.14282],[-1.00307,60.13953],[-1.00703,60.13938],[-1.00542,60.13804],[-1.01018,60.13836],[-1.00993,60.13652],[-1.00794,60.13469],[-1.01026,60.13215],[-1.01392,60.13158],[-1.01862,60.1326],[-1.0234,60.13469],[-1.02724,60.13866],[-1.03266,60.14117],[-1.03258,60.14684],[-1.03466,60.14789],[-1.03955,60.14568],[-1.04302,60.14481],[-1.04468,60.14669],[-1.04222,60.14947],[-1.04619,60.15058]]],[[[-5.64336,57.83902],[-5.64198,57.84306],[-5.64118,57.84406],[-5.63506,57.8477],[-5.63267,57.84306],[-5.60513,57.83207],[-5.60062,57.82631],[-5.60382,57.82184],[-5.61761,57.82281],[-5.63671,57.83201],[-5.64336,57.83902]]],[[[-5.20186,58.38698],[-5.19837,58.38836],[-5.19719,58.38724],[-5.19236,58.3873],[-5.18936,58.38873],[-5.17915,58.39037],[-5.17849,58.38894],[-5.17106,58.38683],[-5.1666,58.38229],[-5.17055,58.37818],[-5.16914,58.37691],[-5.17688,58.37511],[-5.17891,58.3759],[-5.18652,58.37592],[-5.18949,58.37363],[-5.19364,58.37231],[-5.1966,58.37263],[-5.19638,58.37449],[-5.20344,58.37415],[-5.20688,58.37669],[-5.20966,58.37741],[-5.20895,58.38273],[-5.2069,58.38406],[-5.20519,58.38326],[-5.20273,58.3844],[-5.20186,58.38698]]],[[[-1.59634,60.20669],[-1.59266,60.20845],[-1.59008,60.20875],[-1.58695,60.2104],[-1.58243,60.21014],[-1.57561,60.20862],[-1.57522,60.20693],[-1.56774,60.20357],[-1.56705,60.2013],[-1.56285,60.19529],[-1.56528,60.19419],[-1.56771,60.19638],[-1.56932,60.195],[-1.568,60.19359],[-1.57363,60.19357],[-1.57547,60.19549],[-1.57716,60.19499],[-1.58531,60.19451],[-1.58663,60.19166],[-1.5947,60.19572],[-1.59703,60.1952],[-1.60093,60.19638],[-1.60359,60.19928],[-1.60517,60.19922],[-1.60583,60.20148],[-1.60321,60.2019],[-1.59919,60.20472],[-1.60148,60.20514],[-1.60001,60.20749],[-1.59634,60.20669]]],[[[-1.01282,60.59995],[-1.01207,60.60474],[-1.00051,60.61174],[-0.99932,60.61899],[-0.98911,60.61938],[-0.98346,60.6165],[-0.97704,60.61779],[-0.97536,60.61825],[-0.97033,60.61603],[-0.97116,60.61433],[-0.9681,60.61278],[-0.96824,60.61146],[-0.97087,60.61145],[-0.97046,60.60964],[-0.97416,60.6085],[-0.97704,60.60893],[-0.97834,60.60482],[-0.98144,60.60339],[-0.98915,60.60336],[-0.99496,60.60642],[-1.00175,60.60558],[-1.00129,60.5973],[-1.01282,60.59995]]],[[[-5.42112,58.00788],[-5.41971,58.02008],[-5.41466,58.01776],[-5.41377,58.02224],[-5.41083,58.02377],[-5.40361,58.02199],[-5.40074,58.02128],[-5.39691,58.01774],[-5.40074,58.0163],[-5.40268,58.01323],[-5.40232,58.0103],[-5.39585,58.0085],[-5.38549,58.00861],[-5.38304,58.00672],[-5.40074,58.0002],[-5.40361,58.00027],[-5.41158,58.00046],[-5.41524,58.00277],[-5.41511,58.00567],[-5.42024,58.00607],[-5.42112,58.00788]]],[[[-5.85835,57.35338],[-5.85588,57.35682],[-5.85303,57.35653],[-5.84455,57.34905],[-5.84125,57.35183],[-5.83389,57.3507],[-5.82137,57.34274],[-5.81901,57.33819],[-5.82061,57.33563],[-5.82687,57.33341],[-5.8353,57.33302],[-5.84455,57.33508],[-5.8529,57.34752],[-5.8518,57.35012],[-5.85835,57.35338]]],[[[-2.96346,59.11405],[-2.96688,59.11093],[-2.96921,59.11105],[-2.98043,59.11397],[-2.98424,59.11335],[-2.98663,59.11296],[-2.99834,59.11393],[-3.00586,59.11222],[-3.00727,59.11302],[-3.00442,59.11365],[-3.00196,59.11617],[-2.99526,59.11656],[-2.98612,59.12107],[-2.98424,59.12154],[-2.97496,59.12386],[-2.97105,59.12576],[-2.96431,59.12669],[-2.96323,59.12776],[-2.9583,59.12743],[-2.95419,59.12591],[-2.95124,59.1186],[-2.9546,59.11561],[-2.95984,59.11525],[-2.96346,59.11405]]],[[[-1.29706,60.10082],[-1.30899,60.09949],[-1.30479,60.10586],[-1.29846,60.10934],[-1.29711,60.11381],[-1.30075,60.12035],[-1.29907,60.12666],[-1.27776,60.13085],[-1.27524,60.13175],[-1.2729,60.13066],[-1.27559,60.12672],[-1.27776,60.12608],[-1.28374,60.12378],[-1.28676,60.10654],[-1.29706,60.10082]]],[[[-3.15973,58.83347],[-3.16623,58.8331],[-3.17053,58.83355],[-3.17353,58.83584],[-3.17501,58.84132],[-3.17962,58.84319],[-3.18164,58.84649],[-3.17865,58.85045],[-3.17437,58.85208],[-3.17498,58.85463],[-3.16907,58.85691],[-3.16078,58.85481],[-3.16481,58.8514],[-3.16496,58.85027],[-3.1601,58.84773],[-3.15951,58.84613],[-3.15321,58.84418],[-3.15027,58.84234],[-3.14942,58.83899],[-3.15347,58.83494],[-3.15973,58.83347]]],[[[-4.94864,55.71253],[-4.94848,55.7114],[-4.95302,55.70962],[-4.956,55.71008],[-4.95894,55.71265],[-4.96312,55.71456],[-4.96452,55.71697],[-4.96815,55.71879],[-4.96807,55.72147],[-4.96504,55.72419],[-4.95678,55.72872],[-4.9509,55.73117],[-4.94305,55.73355],[-4.93979,55.73538],[-4.9376,55.73366],[-4.93948,55.72749],[-4.94286,55.7268],[-4.94479,55.72128],[-4.94407,55.72056],[-4.94542,55.71501],[-4.94864,55.71253]]],[[[-5.06335,55.51214],[-5.06822,55.51128],[-5.07068,55.51195],[-5.07246,55.51571],[-5.07653,55.52129],[-5.07961,55.52294],[-5.08701,55.52532],[-5.08846,55.53205],[-5.08992,55.53457],[-5.0888,55.5364],[-5.08408,55.53749],[-5.07915,55.53746],[-5.07403,55.53518],[-5.0686,55.52863],[-5.06424,55.52451],[-5.0599,55.51816],[-5.06081,55.51354],[-5.06335,55.51214]]],[[[-5.69217,56.2275],[-5.69053,56.21893],[-5.69304,56.2156],[-5.69375,56.20979],[-5.68876,56.20741],[-5.68562,56.20424],[-5.68553,56.20272],[-5.68883,56.20217],[-5.69261,56.20301],[-5.69663,56.20195],[-5.70004,56.20393],[-5.69893,56.20581],[-5.70135,56.20744],[-5.70226,56.21218],[-5.70631,56.21309],[-5.70606,56.21088],[-5.70833,56.20893],[-5.71284,56.20877],[-5.71555,56.21169],[-5.71311,56.21475],[-5.71215,56.21813],[-5.71012,56.21775],[-5.70568,56.21889],[-5.70687,56.22002],[-5.7019,56.22143],[-5.7006,56.22364],[-5.70079,56.22662],[-5.69861,56.22737],[-5.69846,56.22874],[-5.69415,56.23441],[-5.69118,56.23549],[-5.69189,56.22874],[-5.69217,56.2275]]],[[[-6.71894,57.98654],[-6.72523,57.98578],[-6.73227,57.99353],[-6.73526,57.99523],[-6.73843,57.99726],[-6.74091,58.00138],[-6.73924,58.00443],[-6.73526,58.00666],[-6.72575,58.00846],[-6.72333,58.00777],[-6.71928,58.00409],[-6.71586,57.99847],[-6.71443,57.99762],[-6.71259,57.99321],[-6.71616,57.98968],[-6.71674,57.98761],[-6.71894,57.98654]]],[[[-2.9934,59.08673],[-2.98932,59.08919],[-2.98424,59.08978],[-2.96934,59.08992],[-2.96382,59.09166],[-2.95939,59.08189],[-2.9626,59.0792],[-2.962,59.07556],[-2.96815,59.07375],[-2.97175,59.07268],[-2.97275,59.07375],[-2.97732,59.07864],[-2.98424,59.08006],[-2.98548,59.07936],[-2.99329,59.08093],[-2.99175,59.08198],[-2.9916,59.08492],[-2.9934,59.08673]]],[[[-5.25869,58.26387],[-5.25709,58.26161],[-5.25567,58.26234],[-5.25513,58.26097],[-5.25203,58.26109],[-5.2486,58.2593],[-5.2448,58.26024],[-5.24241,58.26189],[-5.24001,58.26178],[-5.23939,58.26042],[-5.24065,58.25767],[-5.24378,58.25654],[-5.24456,58.25533],[-5.24145,58.25113],[-5.24288,58.25006],[-5.25116,58.25167],[-5.25991,58.25078],[-5.26086,58.25153],[-5.26851,58.25338],[-5.27011,58.25536],[-5.27409,58.25727],[-5.27779,58.25718],[-5.2802,58.25795],[-5.28036,58.25943],[-5.27918,58.26099],[-5.27664,58.26105],[-5.2706,58.26416],[-5.2691,58.26566],[-5.26547,58.2664],[-5.26372,58.26749],[-5.26045,58.26754],[-5.25814,58.26611],[-5.25869,58.26387]]],[[[-7.58063,56.86112],[-7.57574,56.86178],[-7.55867,56.85668],[-7.55804,56.85516],[-7.5557,56.85557],[-7.55056,56.85223],[-7.54868,56.84941],[-7.54951,56.84843],[-7.55653,56.85239],[-7.56004,56.85489],[-7.56375,56.85441],[-7.56543,56.85318],[-7.56475,56.85097],[-7.56722,56.85151],[-7.56941,56.84974],[-7.56918,56.84745],[-7.57548,56.8491],[-7.58739,56.84772],[-7.59216,56.84822],[-7.59347,56.84945],[-7.59825,56.84932],[-7.59705,56.85129],[-7.59409,56.85131],[-7.59385,56.85461],[-7.5923,56.85565],[-7.59561,56.85809],[-7.59335,56.85944],[-7.59124,56.85875],[-7.58607,56.85926],[-7.58376,56.85823],[-7.58036,56.85948],[-7.58063,56.86112]]],[[[-0.91909,60.67719],[-0.91671,60.67883],[-0.90802,60.67943],[-0.89934,60.67604],[-0.89415,60.67584],[-0.8852,60.67111],[-0.87992,60.67173],[-0.87766,60.67074],[-0.87992,60.66944],[-0.88516,60.66708],[-0.88275,60.66358],[-0.88516,60.66124],[-0.89057,60.66363],[-0.89934,60.66167],[-0.90233,60.66739],[-0.91803,60.67343],[-0.91909,60.67719]]],[[[-5.1543,55.7768],[-5.15829,55.7766],[-5.16433,55.78214],[-5.16813,55.79203],[-5.16637,55.79961],[-5.16692,55.80229],[-5.16443,55.80538],[-5.16045,55.80558],[-5.15841,55.80371],[-5.15548,55.7973],[-5.15256,55.79306],[-5.15154,55.7894],[-5.14933,55.78821],[-5.14747,55.78476],[-5.14823,55.78186],[-5.15174,55.78094],[-5.1543,55.7768]]],[[[-2.72174,59.22935],[-2.72856,59.22863],[-2.74358,59.23192],[-2.74682,59.23363],[-2.7493,59.2378],[-2.74708,59.23999],[-2.74813,59.24253],[-2.74588,59.24515],[-2.74358,59.24623],[-2.73712,59.24744],[-2.72819,59.24164],[-2.72642,59.23812],[-2.71639,59.23259],[-2.72174,59.22935]]],[[[-7.38906,57.66248],[-7.39319,57.6603],[-7.39419,57.65815],[-7.39843,57.66005],[-7.40432,57.66071],[-7.40437,57.65974],[-7.40853,57.65915],[-7.40742,57.65782],[-7.41369,57.65572],[-7.41761,57.65797],[-7.42337,57.65652],[-7.42692,57.65812],[-7.43257,57.65731],[-7.4375,57.65813],[-7.43819,57.66045],[-7.44064,57.66117],[-7.43759,57.66248],[-7.43463,57.66096],[-7.42729,57.66044],[-7.42029,57.6617],[-7.40982,57.66575],[-7.40101,57.66635],[-7.39604,57.66986],[-7.37714,57.66864],[-7.38018,57.665],[-7.38906,57.66248]]],[[[-7.39797,57.05773],[-7.39657,57.05971],[-7.39484,57.05959],[-7.38984,57.06251],[-7.388,57.06024],[-7.37867,57.05946],[-7.37487,57.05454],[-7.37139,57.05329],[-7.3721,57.05167],[-7.37963,57.05029],[-7.37817,57.04779],[-7.38107,57.0474],[-7.38297,57.04479],[-7.38822,57.04248],[-7.39149,57.0431],[-7.39449,57.04238],[-7.40063,57.04457],[-7.40303,57.04801],[-7.39769,57.05063],[-7.39286,57.0543],[-7.39274,57.05611],[-7.39797,57.05773]]],[[[-5.46037,57.88071],[-5.4592,57.87906],[-5.4641,57.87931],[-5.46658,57.87834],[-5.47685,57.8824],[-5.47941,57.88494],[-5.47972,57.88805],[-5.48197,57.88969],[-5.48076,57.89239],[-5.48214,57.89346],[-5.47962,57.89682],[-5.48016,57.89883],[-5.46726,57.8993],[-5.46733,57.89772],[-5.46377,57.89446],[-5.46194,57.88956],[-5.46032,57.88934],[-5.46142,57.88698],[-5.45995,57.88436],[-5.46037,57.88071]]],[[[-1.3903,60.32233],[-1.39435,60.32187],[-1.40372,60.32769],[-1.40265,60.33292],[-1.39321,60.33464],[-1.39709,60.34036],[-1.3861,60.34177],[-1.37662,60.3371],[-1.3802,60.33292],[-1.38214,60.33167],[-1.38163,60.32819],[-1.38371,60.32644],[-1.3903,60.32233]]],[[[-5.88694,56.65247],[-5.88919,56.65098],[-5.895,56.65274],[-5.89648,56.65519],[-5.89494,56.65684],[-5.89627,56.66147],[-5.89057,56.66638],[-5.88286,56.67113],[-5.87989,56.67056],[-5.87568,56.66689],[-5.87098,56.66555],[-5.87211,56.66251],[-5.86991,56.66243],[-5.87141,56.66065],[-5.87494,56.66006],[-5.87802,56.65838],[-5.87906,56.65578],[-5.88232,56.6536],[-5.88694,56.65247]]],[[[-7.60027,57.52842],[-7.60352,57.52437],[-7.6034,57.52164],[-7.60774,57.52151],[-7.61162,57.52018],[-7.61245,57.51826],[-7.60888,57.51742],[-7.60782,57.51575],[-7.61156,57.51556],[-7.61366,57.51201],[-7.61865,57.5107],[-7.62243,57.51164],[-7.62513,57.51385],[-7.62428,57.51612],[-7.62702,57.51787],[-7.62625,57.51795],[-7.62072,57.52419],[-7.62276,57.52617],[-7.61942,57.52817],[-7.61356,57.5275],[-7.61175,57.52835],[-7.60928,57.53192],[-7.6062,57.53352],[-7.60213,57.53303],[-7.60027,57.53053],[-7.60027,57.52842]]],[[[-7.28114,57.70898],[-7.27784,57.70247],[-7.28261,57.70101],[-7.28681,57.70194],[-7.29538,57.70427],[-7.29679,57.7056],[-7.29866,57.70735],[-7.30037,57.7168],[-7.29679,57.71878],[-7.28973,57.71942],[-7.28261,57.71738],[-7.27773,57.71522],[-7.28114,57.70898]]],[[[-7.43858,57.56541],[-7.43821,57.56766],[-7.43479,57.57021],[-7.43084,57.56927],[-7.43083,57.56826],[-7.42192,57.56029],[-7.41827,57.56309],[-7.41562,57.56173],[-7.41129,57.56257],[-7.40976,57.56127],[-7.40497,57.56122],[-7.40727,57.55958],[-7.41574,57.55873],[-7.41382,57.55563],[-7.40972,57.55514],[-7.40455,57.55272],[-7.4122,57.55056],[-7.42482,57.55272],[-7.42665,57.55345],[-7.43194,57.55696],[-7.43725,57.56227],[-7.43858,57.56541]]],[[[-7.65943,56.78564],[-7.65522,56.78857],[-7.6446,56.78968],[-7.62094,56.78813],[-7.61509,56.78486],[-7.63477,56.77907],[-7.6446,56.78106],[-7.65522,56.78392],[-7.65758,56.78417],[-7.65943,56.78564]]],[[[-7.07266,57.75277],[-7.07559,57.75149],[-7.07805,57.75223],[-7.08002,57.75579],[-7.08812,57.75948],[-7.09062,57.76228],[-7.09543,57.76381],[-7.09743,57.76784],[-7.09072,57.76884],[-7.08475,57.771],[-7.08472,57.774],[-7.0808,57.77432],[-7.07759,57.77037],[-7.07885,57.76665],[-7.07381,57.76554],[-7.07592,57.7632],[-7.0748,57.76167],[-7.07046,57.75981],[-7.07266,57.75277]]],[[[-1.19319,60.00493],[-1.19198,60.00791],[-1.18982,60.00854],[-1.17131,60.00332],[-1.16682,60.00056],[-1.15997,59.99635],[-1.15928,59.99411],[-1.16682,59.99505],[-1.16949,59.99538],[-1.16722,59.99243],[-1.17549,59.99045],[-1.18211,59.99445],[-1.18436,60.00176],[-1.18982,60.00183],[-1.19238,60.0029],[-1.19319,60.00493]]],[[[-6.50429,57.34199],[-6.49649,57.34495],[-6.49382,57.3454],[-6.48793,57.34461],[-6.48516,57.34162],[-6.48884,57.33591],[-6.49025,57.33506],[-6.49074,57.33206],[-6.49253,57.3306],[-6.49885,57.32968],[-6.50232,57.33251],[-6.51325,57.33153],[-6.51482,57.33393],[-6.51205,57.33546],[-6.51191,57.33747],[-6.50661,57.33973],[-6.5027,57.3392],[-6.50169,57.34029],[-6.50429,57.34199]]],[[[-0.76054,60.42459],[-0.75801,60.4233],[-0.7572,60.42167],[-0.75359,60.42056],[-0.75427,60.41943],[-0.76052,60.41841],[-0.76755,60.41892],[-0.76818,60.42002],[-0.77661,60.41876],[-0.7796,60.41746],[-0.78065,60.41823],[-0.78475,60.41625],[-0.78911,60.41619],[-0.78785,60.41469],[-0.7944,60.41182],[-0.79601,60.40985],[-0.79894,60.41011],[-0.79874,60.41109],[-0.79014,60.41716],[-0.78392,60.41996],[-0.78564,60.42154],[-0.78284,60.42242],[-0.77572,60.42228],[-0.77474,60.4233],[-0.7697,60.42516],[-0.77534,60.42654],[-0.77249,60.42993],[-0.76136,60.432],[-0.75894,60.43011],[-0.76054,60.42459]]],[[[-4.36109,58.55997],[-4.3602,58.56073],[-4.3515,58.56308],[-4.34735,58.5617],[-4.34079,58.56046],[-4.33391,58.56257],[-4.32821,58.56149],[-4.33001,58.55851],[-4.32629,58.55742],[-4.32991,58.55506],[-4.33425,58.55359],[-4.3353,58.55123],[-4.33949,58.54833],[-4.3457,58.54897],[-4.35088,58.5505],[-4.35286,58.55235],[-4.34682,58.55333],[-4.34792,58.55661],[-4.35293,58.5579],[-4.35516,58.55938],[-4.36109,58.55997]]],[[[-1.31488,60.48111],[-1.32814,60.48034],[-1.33455,60.48467],[-1.32585,60.49549],[-1.31488,60.49757],[-1.31098,60.49574],[-1.31488,60.49228],[-1.3172,60.49022],[-1.31488,60.48718],[-1.31157,60.48286],[-1.31488,60.48111]]],[[[-5.23947,57.94803],[-5.23598,57.94915],[-5.22833,57.94958],[-5.22147,57.94946],[-5.21701,57.94857],[-5.21348,57.94958],[-5.20811,57.9461],[-5.21211,57.94457],[-5.21623,57.93947],[-5.21121,57.93876],[-5.21204,57.93723],[-5.21796,57.93665],[-5.22312,57.93696],[-5.22357,57.93846],[-5.23493,57.94268],[-5.23947,57.94803]]],[[[-1.37627,60.0495],[-1.37239,60.04838],[-1.36504,60.05006],[-1.35958,60.05352],[-1.35644,60.05825],[-1.35172,60.06043],[-1.3484,60.05131],[-1.35874,60.0438],[-1.36559,60.04159],[-1.37239,60.04187],[-1.37785,60.04778],[-1.37627,60.0495]]],[[[-7.09604,57.74482],[-7.0896,57.74856],[-7.08888,57.7497],[-7.08566,57.74955],[-7.08431,57.74856],[-7.08065,57.74402],[-7.06357,57.73578],[-7.06271,57.73379],[-7.06829,57.73326],[-7.07599,57.73594],[-7.08183,57.73515],[-7.09002,57.73821],[-7.09604,57.74482]]],[[[-5.59705,55.27963],[-5.59393,55.28344],[-5.5881,55.28565],[-5.57932,55.28418],[-5.57174,55.28633],[-5.57031,55.2849],[-5.56633,55.2846],[-5.56466,55.28152],[-5.56949,55.27804],[-5.57174,55.27771],[-5.57865,55.27774],[-5.58318,55.27527],[-5.59342,55.27704],[-5.59705,55.27963]]],[[[-5.39152,56.58038],[-5.39557,56.57865],[-5.3983,56.57924],[-5.39969,56.58206],[-5.40261,56.5839],[-5.40426,56.58658],[-5.40263,56.59033],[-5.39911,56.59283],[-5.39013,56.59556],[-5.38087,56.59574],[-5.38438,56.59182],[-5.3857,56.58771],[-5.39152,56.58038]]],[[[-6.38115,57.90269],[-6.37491,57.90393],[-6.37041,57.9022],[-6.36531,57.9038],[-6.35726,57.90402],[-6.35496,57.90222],[-6.35803,57.89921],[-6.35795,57.89512],[-6.35118,57.89408],[-6.34909,57.89258],[-6.34834,57.88672],[-6.35269,57.88015],[-6.3546,57.88143],[-6.35332,57.88476],[-6.35722,57.8881],[-6.35912,57.89423],[-6.36686,57.89755],[-6.37179,57.89916],[-6.38026,57.90094],[-6.38115,57.90269]]],[[[-7.64713,57.52993],[-7.6446,57.52803],[-7.64317,57.52659],[-7.6446,57.52578],[-7.64851,57.52592],[-7.6501,57.52484],[-7.65423,57.52389],[-7.65929,57.5213],[-7.66652,57.52222],[-7.66742,57.52112],[-7.66451,57.52037],[-7.66213,57.51814],[-7.66535,57.51825],[-7.66815,57.52],[-7.67352,57.51866],[-7.67794,57.51894],[-7.68095,57.5203],[-7.68062,57.52405],[-7.67677,57.52549],[-7.66996,57.524],[-7.66627,57.52515],[-7.66574,57.52644],[-7.66115,57.52593],[-7.65768,57.52724],[-7.65458,57.53134],[-7.65459,57.533],[-7.65046,57.53303],[-7.64851,57.53416],[-7.64581,57.53452],[-7.64713,57.52993]]],[[[-5.79124,57.73517],[-5.7945,57.73104],[-5.79962,57.72841],[-5.80122,57.72671],[-5.80578,57.7279],[-5.80837,57.72686],[-5.81384,57.72839],[-5.81508,57.73021],[-5.82201,57.73085],[-5.82389,57.7338],[-5.82317,57.73609],[-5.82047,57.73702],[-5.81544,57.73535],[-5.81379,57.7335],[-5.81139,57.73371],[-5.81049,57.73558],[-5.80609,57.73513],[-5.79933,57.73686],[-5.79209,57.73763],[-5.78837,57.73686],[-5.79124,57.73517]]],[[[-2.81687,59.2084],[-2.82377,59.20344],[-2.82758,59.20734],[-2.82652,59.20922],[-2.82993,59.2133],[-2.8293,59.21502],[-2.8306,59.21808],[-2.8289,59.22125],[-2.83013,59.22352],[-2.83092,59.22498],[-2.82919,59.2266],[-2.82594,59.22682],[-2.82328,59.22352],[-2.82065,59.22024],[-2.81973,59.21722],[-2.81542,59.21491],[-2.81498,59.21309],[-2.81687,59.2084]]],[[[-5.45136,58.04286],[-5.44663,58.04967],[-5.44365,58.05061],[-5.43942,58.04953],[-5.43758,58.04991],[-5.43385,58.04699],[-5.43047,58.04813],[-5.42539,58.04703],[-5.42592,58.04517],[-5.42793,58.04494],[-5.43186,58.04012],[-5.43164,58.03841],[-5.43743,58.03806],[-5.44184,58.03844],[-5.44913,58.03998],[-5.44924,58.04245],[-5.45136,58.04286]]],[[[-6.44763,58.0039],[-6.44494,58.00526],[-6.43588,58.00435],[-6.42707,58.00447],[-6.42001,58.00566],[-6.41876,58.00306],[-6.4165,58.00227],[-6.4135,57.99928],[-6.4156,57.9972],[-6.41952,57.99683],[-6.42302,57.99887],[-6.42954,57.99886],[-6.42973,57.99754],[-6.44162,57.99882],[-6.44435,57.9977],[-6.44647,57.99989],[-6.45057,58.00118],[-6.44752,58.00202],[-6.44763,58.0039]]],[[[-1.03312,60.36013],[-1.03252,60.35426],[-1.04198,60.35137],[-1.04553,60.36272],[-1.03908,60.36526],[-1.03724,60.36852],[-1.03442,60.36994],[-1.02739,60.37062],[-1.02491,60.37017],[-1.02518,60.36852],[-1.03312,60.36013]]],[[[-7.36291,57.01379],[-7.35182,57.01851],[-7.34451,57.01833],[-7.33891,57.01505],[-7.33628,57.01127],[-7.33379,57.01128],[-7.33204,57.01367],[-7.33009,57.01321],[-7.33005,57.0072],[-7.33343,57.00674],[-7.34451,57.01019],[-7.35552,57.01047],[-7.36291,57.01379]]],[[[-5.8496,57.27216],[-5.85861,57.2691],[-5.86544,57.26935],[-5.86606,57.27123],[-5.86824,57.27172],[-5.87081,57.27617],[-5.86834,57.27848],[-5.86441,57.27901],[-5.86135,57.28117],[-5.85861,57.28189],[-5.85498,57.28208],[-5.84819,57.27442],[-5.8496,57.27216]]],[[[-5.50649,57.96072],[-5.50404,57.96027],[-5.49973,57.96122],[-5.49685,57.96079],[-5.49868,57.95898],[-5.49848,57.95685],[-5.50493,57.95517],[-5.50728,57.9557],[-5.50895,57.95525],[-5.51641,57.95476],[-5.52483,57.96102],[-5.51673,57.96272],[-5.50895,57.96828],[-5.50584,57.96803],[-5.50641,57.96567],[-5.50381,57.96432],[-5.50449,57.96191],[-5.50649,57.96072]]],[[[-5.77973,56.24054],[-5.77748,56.24138],[-5.77177,56.24668],[-5.76897,56.24648],[-5.76547,56.24804],[-5.75551,56.2496],[-5.75097,56.24715],[-5.75319,56.243],[-5.75551,56.24205],[-5.76547,56.24039],[-5.76697,56.23954],[-5.77492,56.23669],[-5.77771,56.23719],[-5.77973,56.24054]]],[[[-6.88751,58.26843],[-6.88385,58.27113],[-6.87912,58.26939],[-6.87559,58.27002],[-6.86976,58.26675],[-6.86434,58.26594],[-6.86175,58.26672],[-6.85878,58.2657],[-6.85878,58.26073],[-6.86885,58.26087],[-6.87874,58.25978],[-6.88329,58.26334],[-6.8832,58.26554],[-6.88545,58.26604],[-6.88751,58.26843]]],[[[-5.82046,59.12544],[-5.81955,59.12354],[-5.81317,59.12195],[-5.81232,59.12005],[-5.81551,59.11809],[-5.82066,59.11808],[-5.8204,59.11966],[-5.82444,59.11878],[-5.82744,59.11967],[-5.82828,59.11858],[-5.83353,59.11907],[-5.83826,59.11619],[-5.84167,59.11688],[-5.84104,59.11886],[-5.83749,59.11998],[-5.8348,59.12292],[-5.83568,59.12484],[-5.8287,59.12454],[-5.82494,59.12656],[-5.82405,59.1289],[-5.82642,59.13067],[-5.82497,59.13282],[-5.82275,59.13293],[-5.81887,59.13077],[-5.81857,59.12689],[-5.82046,59.12544]]],[[[-7.1185,58.07678],[-7.11893,58.07344],[-7.12826,58.07352],[-7.13444,58.07491],[-7.13576,58.07643],[-7.13366,58.07868],[-7.12948,58.08042],[-7.13302,58.08335],[-7.13865,58.08362],[-7.1335,58.08638],[-7.12826,58.08658],[-7.12398,58.08657],[-7.1216,58.0859],[-7.11919,58.08356],[-7.11901,58.07969],[-7.11731,58.07796],[-7.1185,58.07678]]],[[[-1.36981,60.14362],[-1.36692,60.14837],[-1.36446,60.15005],[-1.36199,60.15308],[-1.35943,60.15187],[-1.35621,60.15189],[-1.35183,60.15039],[-1.34994,60.1474],[-1.35441,60.14302],[-1.35588,60.14058],[-1.35758,60.14095],[-1.35999,60.13925],[-1.36344,60.13925],[-1.36928,60.14144],[-1.36981,60.14362]]],[[[-5.61193,56.25276],[-5.61802,56.25004],[-5.62599,56.25276],[-5.62623,56.25423],[-5.62202,56.25719],[-5.61794,56.26193],[-5.60978,56.26591],[-5.6067,56.25913],[-5.60785,56.25642],[-5.61193,56.25276]]],[[[-1.32854,60.04904],[-1.33238,60.04257],[-1.3391,60.04284],[-1.33877,60.04883],[-1.32854,60.05916],[-1.32463,60.06029],[-1.32213,60.06101],[-1.31927,60.05933],[-1.32334,60.05352],[-1.32463,60.05241],[-1.32854,60.04904]]],[[[-3.15782,58.87527],[-3.16735,58.87165],[-3.16986,58.8719],[-3.17389,58.87688],[-3.17736,58.87921],[-3.17667,58.88505],[-3.17869,58.88713],[-3.17376,58.88684],[-3.17391,58.88418],[-3.16882,58.88275],[-3.15672,58.87831],[-3.15609,58.87645],[-3.15782,58.87527]]],[[[-6.10112,56.46417],[-6.09739,56.46802],[-6.09169,56.46887],[-6.09038,56.47052],[-6.08397,56.46962],[-6.08198,56.47066],[-6.07651,56.46823],[-6.07547,56.46548],[-6.07893,56.46318],[-6.08404,56.46209],[-6.09,56.46183],[-6.09723,56.4627],[-6.10112,56.46417]]],[[[-1.35463,59.98085],[-1.35176,59.97988],[-1.34285,59.97466],[-1.33939,59.97418],[-1.34026,59.9716],[-1.33807,59.97021],[-1.34271,59.96908],[-1.34254,59.96703],[-1.34755,59.96762],[-1.34951,59.96883],[-1.35592,59.96822],[-1.3614,59.96957],[-1.35835,59.97083],[-1.35753,59.9732],[-1.35463,59.97278],[-1.35265,59.97693],[-1.35653,59.97814],[-1.35461,59.97916],[-1.35463,59.98085]]],[[[-5.45874,58.0124],[-5.45639,58.01455],[-5.45156,58.01594],[-5.44902,58.01463],[-5.44628,58.01572],[-5.44539,58.01393],[-5.43958,58.00988],[-5.43691,58.01047],[-5.43392,58.0096],[-5.43492,58.0071],[-5.43789,58.00489],[-5.44123,58.00588],[-5.44736,58.00397],[-5.45186,58.00425],[-5.45083,58.0064],[-5.45219,58.00727],[-5.44998,58.00872],[-5.45089,58.01061],[-5.45765,58.01153],[-5.45874,58.0124]]],[[[-6.45297,58.10134],[-6.4512,58.10346],[-6.43945,58.1089],[-6.43638,58.10881],[-6.43445,58.11041],[-6.42982,58.10738],[-6.4301,58.10446],[-6.43356,58.1019],[-6.43718,58.1013],[-6.44331,58.09874],[-6.44553,58.09984],[-6.44809,58.09899],[-6.45297,58.10134]]],[[[-0.79035,60.75387],[-0.78791,60.752],[-0.78638,60.7524],[-0.78416,60.75066],[-0.78745,60.74849],[-0.78395,60.74699],[-0.78553,60.74455],[-0.79088,60.74085],[-0.79515,60.74025],[-0.79657,60.74262],[-0.79909,60.74314],[-0.79917,60.74523],[-0.79814,60.74668],[-0.79462,60.74656],[-0.79273,60.74771],[-0.79329,60.74947],[-0.79186,60.75095],[-0.79231,60.75396],[-0.79603,60.75637],[-0.79483,60.75913],[-0.79301,60.76035],[-0.78915,60.75953],[-0.78828,60.75416],[-0.79035,60.75387]]],[[[-6.89728,58.21663],[-6.89566,58.21933],[-6.893,58.21844],[-6.8876,58.21163],[-6.8832,58.21205],[-6.87717,58.20903],[-6.87707,58.20812],[-6.88438,58.2054],[-6.8866,58.20569],[-6.88833,58.20411],[-6.89425,58.20605],[-6.89676,58.20947],[-6.89488,58.21278],[-6.89597,58.21306],[-6.89728,58.21663]]],[[[-8.64719,57.82954],[-8.64204,57.8323],[-8.63808,57.8315],[-8.62537,57.83431],[-8.62475,57.82705],[-8.62801,57.82666],[-8.63119,57.82481],[-8.64044,57.82319],[-8.64242,57.82436],[-8.63999,57.82576],[-8.64507,57.82897],[-8.64719,57.82954]]],[[[-5.42929,56.52635],[-5.42074,56.53329],[-5.40964,56.53699],[-5.40769,56.53672],[-5.40124,56.53586],[-5.40769,56.52864],[-5.40887,56.52731],[-5.42074,56.52903],[-5.42509,56.52645],[-5.42929,56.52635]]],[[[-2.56979,59.22352],[-2.57138,59.22095],[-2.57477,59.22288],[-2.5802,59.22694],[-2.5788,59.23495],[-2.57477,59.23704],[-2.57138,59.23604],[-2.56843,59.2341],[-2.56737,59.22741],[-2.56979,59.22352]]],[[[-6.95091,58.239],[-6.94871,58.2403],[-6.94507,58.23909],[-6.94073,58.23998],[-6.93582,58.24098],[-6.93099,58.22982],[-6.93758,58.22893],[-6.94073,58.23083],[-6.94507,58.23346],[-6.9479,58.23481],[-6.95091,58.239]]],[[[-5.3517,57.99622],[-5.35025,57.99744],[-5.34594,57.99634],[-5.34525,57.99185],[-5.34214,57.99202],[-5.33968,57.98918],[-5.34087,57.98741],[-5.33928,57.98486],[-5.34114,57.98429],[-5.34598,57.97955],[-5.35025,57.98086],[-5.35292,57.98168],[-5.35025,57.98589],[-5.34864,57.98844],[-5.35025,57.99279],[-5.35025,57.99321],[-5.35025,57.9945],[-5.3517,57.99622]]],[[[-7.32623,57.02355],[-7.32171,57.01645],[-7.32558,57.01447],[-7.34327,57.02096],[-7.32803,57.02646],[-7.32621,57.02689],[-7.32442,57.02646],[-7.32623,57.02355]]],[[[-2.56035,59.03046],[-2.57138,59.02518],[-2.57477,59.02717],[-2.5772,59.03303],[-2.57477,59.03754],[-2.57138,59.0367],[-2.55929,59.03257],[-2.56035,59.03046]]],[[[-7.37891,56.9984],[-7.37766,57.00085],[-7.36671,57.00101],[-7.36468,57.00051],[-7.36107,56.99626],[-7.36049,56.99321],[-7.3628,56.99171],[-7.36905,56.99187],[-7.37397,56.9941],[-7.37656,56.99441],[-7.3767,56.99619],[-7.37891,56.9984]]],[[[-8.49936,57.86698],[-8.49023,57.87689],[-8.48576,57.87449],[-8.48475,57.86971],[-8.48044,57.86698],[-8.48781,57.86391],[-8.49936,57.86698]]],[[[-5.54003,56.15593],[-5.54752,56.14753],[-5.55314,56.1478],[-5.54752,56.15444],[-5.54619,56.15593],[-5.5381,56.1649],[-5.53062,56.16768],[-5.5281,56.1672],[-5.5381,56.15809],[-5.54003,56.15593]]],[[[-7.25703,57.39782],[-7.25254,57.39787],[-7.25185,57.39898],[-7.24467,57.39935],[-7.24222,57.39874],[-7.2393,57.39361],[-7.24073,57.393],[-7.2438,57.3943],[-7.24593,57.39371],[-7.24791,57.38986],[-7.25186,57.39146],[-7.25721,57.39069],[-7.26448,57.39468],[-7.26201,57.3956],[-7.25779,57.39408],[-7.25478,57.39425],[-7.25703,57.39782]]],[[[-7.3094,57.6615],[-7.30772,57.66248],[-7.30633,57.66328],[-7.29681,57.66419],[-7.29095,57.66728],[-7.28639,57.6668],[-7.2843,57.66248],[-7.28209,57.65788],[-7.28404,57.65692],[-7.29031,57.65969],[-7.29681,57.65933],[-7.29793,57.66125],[-7.3008,57.66186],[-7.30648,57.66048],[-7.3094,57.6615]]],[[[-1.15772,60.47363],[-1.15396,60.47512],[-1.15211,60.47262],[-1.14618,60.46679],[-1.13903,60.46398],[-1.14166,60.46214],[-1.15065,60.46275],[-1.15839,60.466],[-1.16253,60.46645],[-1.16272,60.4681],[-1.15787,60.46861],[-1.15596,60.47131],[-1.15772,60.47363]]],[[[-5.74945,55.62973],[-5.74874,55.62895],[-5.7512,55.62533],[-5.7536,55.62487],[-5.75657,55.62662],[-5.75856,55.6263],[-5.75963,55.62834],[-5.75791,55.63163],[-5.75439,55.63445],[-5.75508,55.63545],[-5.7493,55.64006],[-5.74415,55.63886],[-5.74444,55.63578],[-5.74703,55.63491],[-5.74945,55.62973]]],[[[-3.05935,58.73768],[-3.0642,58.73634],[-3.07085,58.73658],[-3.07222,58.73762],[-3.06755,58.73789],[-3.06495,58.73905],[-3.06276,58.74209],[-3.06247,58.74481],[-3.05935,58.74592],[-3.05529,58.74776],[-3.05452,58.7513],[-3.05078,58.7518],[-3.05223,58.74133],[-3.05935,58.73768]]],[[[-7.05575,57.66297],[-7.04828,57.66221],[-7.04603,57.6609],[-7.04505,57.65824],[-7.04682,57.65755],[-7.04757,57.655],[-7.04361,57.65402],[-7.04467,57.65094],[-7.05432,57.65107],[-7.05527,57.65356],[-7.05924,57.65418],[-7.05712,57.65639],[-7.05789,57.65904],[-7.05371,57.65827],[-7.05575,57.66297]]],[[[-7.44143,56.91287],[-7.44639,56.91087],[-7.44886,56.91224],[-7.45113,56.9189],[-7.45006,56.92059],[-7.44129,56.92243],[-7.43846,56.92184],[-7.43614,56.91942],[-7.43648,56.91696],[-7.44143,56.91287]]],[[[-3.12864,59.14228],[-3.12824,59.14747],[-3.12588,59.14864],[-3.12085,59.14762],[-3.11767,59.14668],[-3.11138,59.14768],[-3.10928,59.14644],[-3.11046,59.14337],[-3.12085,59.13981],[-3.12282,59.14018],[-3.12864,59.14228]]],[[[-2.98934,58.85384],[-2.98424,58.8564],[-2.96965,58.85971],[-2.96275,58.85938],[-2.98108,58.84962],[-2.98424,58.85133],[-2.98902,58.85265],[-2.98934,58.85384]]],[[[-6.77761,58.20308],[-6.77368,58.2065],[-6.77099,58.20649],[-6.76591,58.20244],[-6.76409,58.19608],[-6.7654,58.19373],[-6.77042,58.19508],[-6.77368,58.19722],[-6.77709,58.20029],[-6.77761,58.20308]]],[[[-1.37739,60.11861],[-1.3724,60.12199],[-1.36695,60.12292],[-1.35944,60.11893],[-1.3724,60.11241],[-1.37566,60.11342],[-1.37739,60.11861]]],[[[-2.5785,59.14834],[-2.58058,59.14701],[-2.58559,59.14762],[-2.59063,59.14734],[-2.59343,59.15207],[-2.59081,59.15382],[-2.59115,59.15542],[-2.58788,59.15727],[-2.58304,59.15682],[-2.5807,59.15435],[-2.58195,59.1531],[-2.57827,59.1502],[-2.5785,59.14834]]],[[[-7.32821,57.14815],[-7.32605,57.15002],[-7.31746,57.14797],[-7.312,57.14746],[-7.30612,57.14692],[-7.30287,57.14566],[-7.30156,57.14356],[-7.30287,57.1428],[-7.30523,57.14228],[-7.312,57.14363],[-7.31412,57.14406],[-7.31924,57.14294],[-7.32288,57.14407],[-7.32821,57.14815]]],[[[-1.36056,60.12598],[-1.35694,60.12692],[-1.35438,60.1237],[-1.35267,60.12342],[-1.34998,60.1254],[-1.34797,60.12545],[-1.34607,60.12337],[-1.3435,60.12447],[-1.33767,60.12303],[-1.33541,60.12474],[-1.33307,60.12453],[-1.33503,60.12259],[-1.3352,60.11961],[-1.33789,60.11889],[-1.34177,60.12083],[-1.34555,60.11893],[-1.34893,60.11997],[-1.35106,60.11941],[-1.35571,60.12108],[-1.36056,60.12598]]],[[[-7.12826,57.66226],[-7.12872,57.66135],[-7.13152,57.66143],[-7.12933,57.65755],[-7.13207,57.6572],[-7.13364,57.65555],[-7.13728,57.65467],[-7.13688,57.65169],[-7.14272,57.65163],[-7.14414,57.65631],[-7.13711,57.66248],[-7.13012,57.66416],[-7.12826,57.66333],[-7.12783,57.66313],[-7.12816,57.66248],[-7.12826,57.66226]]],[[[-6.7335,56.56308],[-6.72954,56.56498],[-6.72556,56.5642],[-6.71994,56.56539],[-6.71964,56.56757],[-6.71589,56.56749],[-6.71188,56.56904],[-6.70637,56.56673],[-6.70768,56.56447],[-6.71377,56.56477],[-6.71598,56.56266],[-6.71988,56.56205],[-6.72213,56.56067],[-6.72718,56.56015],[-6.72825,56.56106],[-6.73239,56.56],[-6.7335,56.56308]]],[[[-6.26731,56.45411],[-6.2667,56.45559],[-6.2608,56.4547],[-6.25558,56.45478],[-6.25455,56.45365],[-6.24959,56.45181],[-6.25121,56.45104],[-6.25029,56.44893],[-6.2528,56.44895],[-6.25869,56.44629],[-6.26659,56.4502],[-6.26731,56.45411]]],[[[-1.36769,60.02983],[-1.36431,60.03123],[-1.3622,60.02899],[-1.35778,60.02735],[-1.35197,60.02858],[-1.34857,60.02818],[-1.34728,60.02937],[-1.34528,60.02823],[-1.34751,60.02489],[-1.34862,60.02551],[-1.34957,60.02024],[-1.35158,60.02024],[-1.35185,60.02269],[-1.35466,60.02386],[-1.36042,60.02191],[-1.36158,60.02463],[-1.36571,60.02743],[-1.36552,60.02942],[-1.36769,60.02983]]],[[[-2.66395,59.13834],[-2.66259,59.13382],[-2.66546,59.13226],[-2.66494,59.12816],[-2.67297,59.12956],[-2.67701,59.12953],[-2.67964,59.13201],[-2.68095,59.13425],[-2.67964,59.13577],[-2.67653,59.13437],[-2.66905,59.1339],[-2.6664,59.13637],[-2.66696,59.13963],[-2.66605,59.14062],[-2.66349,59.13946],[-2.66395,59.13834]]],[[[-2.52386,59.23416],[-2.52116,59.2365],[-2.51475,59.23171],[-2.5111,59.23076],[-2.50969,59.23233],[-2.50474,59.23225],[-2.50525,59.22993],[-2.50285,59.22822],[-2.50605,59.22771],[-2.50591,59.22382],[-2.51045,59.22351],[-2.51044,59.22579],[-2.5157,59.22784],[-2.51806,59.23115],[-2.52211,59.23218],[-2.52386,59.23416]]],[[[-6.64419,57.51261],[-6.64847,57.51128],[-6.6504,57.51226],[-6.64944,57.51545],[-6.65291,57.51617],[-6.65351,57.51809],[-6.6542,57.5203],[-6.65311,57.52208],[-6.64911,57.52223],[-6.65055,57.52443],[-6.64754,57.5253],[-6.64528,57.52231],[-6.64593,57.51935],[-6.64504,57.51809],[-6.64357,57.51602],[-6.63929,57.51292],[-6.64419,57.51261]]],[[[-6.42484,56.48606],[-6.42276,56.48434],[-6.42558,56.4817],[-6.42862,56.48197],[-6.43197,56.48021],[-6.43457,56.48187],[-6.43012,56.48444],[-6.42671,56.48839],[-6.42782,56.49172],[-6.4211,56.49546],[-6.41846,56.49583],[-6.41689,56.49249],[-6.42187,56.48896],[-6.42484,56.48606]]],[[[-5.88535,57.30721],[-5.89099,57.30548],[-5.89535,57.30592],[-5.89578,57.31014],[-5.89741,57.31204],[-5.89726,57.31487],[-5.89478,57.31636],[-5.89233,57.31447],[-5.88383,57.31095],[-5.88329,57.30862],[-5.88535,57.30721]]],[[[-2.91234,58.87363],[-2.91814,58.87191],[-2.921,58.87202],[-2.92374,58.8741],[-2.92428,58.87773],[-2.92135,58.87909],[-2.91182,58.87921],[-2.90677,58.88043],[-2.90543,58.8794],[-2.90859,58.87767],[-2.91234,58.87363]]],[[[-6.04712,56.62433],[-6.04462,56.62485],[-6.03754,56.62255],[-6.03196,56.61314],[-6.03937,56.61446],[-6.04474,56.61748],[-6.04725,56.62016],[-6.04497,56.62255],[-6.04712,56.62433]]],[[[-2.6828,58.89946],[-2.67964,58.90064],[-2.67769,58.90136],[-2.67182,58.9008],[-2.66628,58.90132],[-2.66648,58.89993],[-2.67234,58.89589],[-2.67964,58.89267],[-2.68216,58.89155],[-2.68442,58.89311],[-2.68176,58.89537],[-2.68107,58.89779],[-2.6828,58.89946]]],[[[-1.35523,60.35484],[-1.36069,60.35305],[-1.36593,60.35425],[-1.36736,60.35912],[-1.36558,60.3609],[-1.36175,60.36148],[-1.35577,60.3612],[-1.35346,60.35912],[-1.35523,60.35484]]],[[[-5.56783,56.13016],[-5.57174,56.1282],[-5.57358,56.12872],[-5.57235,56.13016],[-5.5632,56.13998],[-5.55691,56.14168],[-5.55564,56.13868],[-5.55859,56.13506],[-5.56783,56.13016]]],[[[-3.10197,58.79644],[-3.10882,58.79534],[-3.11325,58.79816],[-3.10236,58.80299],[-3.09416,58.80462],[-3.09416,58.80212],[-3.10197,58.79644]]],[[[-7.25626,57.19298],[-7.25408,57.19489],[-7.24959,57.19575],[-7.24784,57.19398],[-7.24414,57.19329],[-7.24132,57.19411],[-7.24007,57.19125],[-7.24351,57.18981],[-7.24492,57.18784],[-7.24886,57.18749],[-7.25485,57.18929],[-7.25626,57.19298]]],[[[-2.9012,58.88595],[-2.89628,58.89071],[-2.89345,58.89022],[-2.88525,58.89173],[-2.88258,58.89106],[-2.88294,58.88948],[-2.8876,58.88734],[-2.89198,58.88428],[-2.89757,58.88373],[-2.90057,58.88428],[-2.9012,58.88595]]],[[[-6.142,55.61558],[-6.1434,55.61284],[-6.14833,55.61392],[-6.15032,55.61315],[-6.15376,55.61527],[-6.15004,55.61811],[-6.14563,55.6186],[-6.13786,55.62148],[-6.13449,55.6215],[-6.13175,55.61919],[-6.13317,55.6181],[-6.13891,55.61771],[-6.142,55.61558]]],[[[-7.16408,57.49975],[-7.15996,57.50332],[-7.15657,57.50332],[-7.14626,57.49989],[-7.15141,57.49582],[-7.15657,57.49632],[-7.16365,57.49865],[-7.16408,57.49975]]],[[[-0.7582,60.42548],[-0.74827,60.4307],[-0.74037,60.42705],[-0.74908,60.42194],[-0.75176,60.42327],[-0.7577,60.42327],[-0.7582,60.42548]]],[[[-6.83013,57.81181],[-6.82921,57.81295],[-6.82524,57.81316],[-6.81396,57.80851],[-6.81424,57.80442],[-6.81955,57.80547],[-6.82283,57.80441],[-6.82467,57.80503],[-6.82532,57.80768],[-6.83013,57.81181]]],[[[-3.20282,58.86651],[-3.20142,58.86875],[-3.19886,58.86851],[-3.19858,58.86374],[-3.18967,58.86159],[-3.18923,58.85868],[-3.19399,58.85706],[-3.20136,58.85871],[-3.2029,58.86308],[-3.20141,58.86469],[-3.20282,58.86651]]],[[[-1.1495,60.44326],[-1.1475,60.4394],[-1.15038,60.43783],[-1.15786,60.43785],[-1.15996,60.44003],[-1.15839,60.44135],[-1.15589,60.44587],[-1.15099,60.44787],[-1.1485,60.44424],[-1.1495,60.44326]]],[[[-0.97091,60.65987],[-0.97451,60.6597],[-0.97704,60.66131],[-0.98723,60.66917],[-0.9873,60.67103],[-0.98573,60.67133],[-0.97704,60.6666],[-0.97187,60.6648],[-0.96835,60.66167],[-0.97091,60.65987]]],[[[-7.16113,57.62544],[-7.15947,57.62317],[-7.163,57.62286],[-7.1688,57.62416],[-7.17351,57.6261],[-7.17559,57.62829],[-7.17212,57.62956],[-7.16363,57.62964],[-7.15989,57.62919],[-7.15912,57.62664],[-7.16113,57.62544]]],[[[-5.13339,58.47779],[-5.13183,58.47681],[-5.12897,58.47871],[-5.12367,58.47894],[-5.12219,58.48011],[-5.11835,58.47928],[-5.11613,58.47761],[-5.11931,58.47622],[-5.12396,58.47584],[-5.12734,58.47433],[-5.13444,58.47273],[-5.13698,58.47289],[-5.13813,58.47562],[-5.13339,58.47779]]],[[[-5.54101,55.42151],[-5.54378,55.42112],[-5.54752,55.42165],[-5.55245,55.42489],[-5.54752,55.42679],[-5.54548,55.42787],[-5.54247,55.42867],[-5.54052,55.42865],[-5.5367,55.42553],[-5.53643,55.42341],[-5.54101,55.42151]]],[[[-6.30682,57.72611],[-6.30385,57.72864],[-6.29937,57.72992],[-6.29118,57.72554],[-6.29101,57.72338],[-6.29343,57.72218],[-6.303,57.72356],[-6.30682,57.72611]]],[[[-5.80185,56.22229],[-5.81571,56.21708],[-5.8171,56.21742],[-5.8125,56.22234],[-5.80208,56.22823],[-5.79853,56.22849],[-5.80185,56.22229]]],[[[-6.75551,57.87639],[-6.7529,57.87894],[-6.74548,57.8789],[-6.73898,57.87431],[-6.74652,57.87143],[-6.7529,57.87449],[-6.75551,57.87639]]],[[[-7.08771,57.6615],[-7.09205,57.65933],[-7.09887,57.66114],[-7.10086,57.66248],[-7.10274,57.66418],[-7.09952,57.66663],[-7.09543,57.66756],[-7.08754,57.66248],[-7.08771,57.6615]]],[[[-7.11963,57.6111],[-7.11735,57.61022],[-7.11722,57.6085],[-7.11963,57.60752],[-7.12231,57.60832],[-7.12826,57.6101],[-7.12905,57.61108],[-7.12826,57.61343],[-7.12641,57.61813],[-7.12363,57.61774],[-7.12231,57.61619],[-7.11963,57.61305],[-7.11963,57.6111]]],[[[-2.93362,58.68937],[-2.93111,58.69001],[-2.92453,58.69169],[-2.92098,58.69106],[-2.91706,58.69167],[-2.91732,58.68901],[-2.91545,58.68831],[-2.9184,58.68588],[-2.92961,58.68685],[-2.93111,58.68741],[-2.93357,58.68835],[-2.93362,58.68937]]],[[[-6.97233,57.94138],[-6.96473,57.94167],[-6.9616,57.93966],[-6.95939,57.93882],[-6.9572,57.93653],[-6.95751,57.93361],[-6.95998,57.93363],[-6.9616,57.93494],[-6.96641,57.93501],[-6.97233,57.94138]]],[[[-7.13703,57.61653],[-7.13605,57.61505],[-7.13673,57.61183],[-7.1453,57.61511],[-7.14529,57.61649],[-7.15043,57.61715],[-7.15021,57.61803],[-7.14424,57.61907],[-7.14013,57.62061],[-7.1339,57.61873],[-7.13703,57.61653]]],[[[-5.43573,57.97412],[-5.43099,57.97921],[-5.42593,57.97959],[-5.42262,57.97834],[-5.42184,57.97665],[-5.43265,57.97038],[-5.43341,57.97255],[-5.43573,57.97412]]],[[[-7.26249,57.80286],[-7.2617,57.80444],[-7.25597,57.80506],[-7.25266,57.80356],[-7.2479,57.80435],[-7.24441,57.80217],[-7.24751,57.8007],[-7.25339,57.80018],[-7.25673,57.79755],[-7.25832,57.7999],[-7.26249,57.80286]]],[[[-6.52946,57.36619],[-6.52658,57.36784],[-6.52218,57.3667],[-6.52134,57.36476],[-6.52219,57.3598],[-6.52566,57.36054],[-6.5271,57.35926],[-6.53174,57.35903],[-6.532,57.36308],[-6.52921,57.36433],[-6.52946,57.36619]]],[[[-6.15967,56.44068],[-6.16329,56.43789],[-6.16525,56.43935],[-6.16315,56.43998],[-6.16586,56.44163],[-6.1661,56.44342],[-6.16232,56.44512],[-6.15245,56.44743],[-6.15031,56.44659],[-6.15126,56.44512],[-6.15581,56.44327],[-6.1564,56.44134],[-6.15967,56.44068]]],[[[-7.2589,57.68869],[-7.25329,57.68955],[-7.25168,57.69049],[-7.24769,57.68978],[-7.2455,57.68735],[-7.25248,57.68289],[-7.25888,57.68534],[-7.2589,57.68869]]],[[[-4.30584,58.54819],[-4.30522,58.54964],[-4.30245,58.55041],[-4.29747,58.54981],[-4.29601,58.55089],[-4.28891,58.54734],[-4.28869,58.54584],[-4.29242,58.54618],[-4.29324,58.5446],[-4.29555,58.54432],[-4.30008,58.54547],[-4.30024,58.54626],[-4.30584,58.54819]]],[[[-6.92266,58.23013],[-6.91702,58.22991],[-6.91512,58.23137],[-6.91127,58.23088],[-6.90957,58.22576],[-6.91291,58.2236],[-6.91583,58.22529],[-6.9192,58.22554],[-6.92031,58.22401],[-6.92287,58.22509],[-6.91953,58.22771],[-6.92266,58.23013]]],[[[-1.23527,60.51519],[-1.23507,60.51746],[-1.23113,60.51663],[-1.22922,60.51756],[-1.22509,60.518],[-1.21911,60.51153],[-1.22423,60.51096],[-1.22922,60.51238],[-1.23162,60.51428],[-1.23527,60.51519]]],[[[-4.68484,58.56654],[-4.67833,58.56762],[-4.67774,58.56949],[-4.67429,58.56997],[-4.67266,58.56901],[-4.66883,58.57134],[-4.66521,58.57008],[-4.6671,58.56746],[-4.67143,58.56625],[-4.67514,58.56617],[-4.67848,58.56468],[-4.68702,58.56486],[-4.68484,58.56654]]],[[[-7.34451,56.99476],[-7.35462,56.99378],[-7.35846,56.99494],[-7.35174,56.99969],[-7.34451,56.9986],[-7.34192,56.99612],[-7.34451,56.99476]]],[[[-5.67291,56.31473],[-5.66889,56.31683],[-5.66632,56.31623],[-5.66571,56.31882],[-5.66144,56.31714],[-5.66404,56.31424],[-5.66596,56.31456],[-5.66968,56.31179],[-5.67071,56.30895],[-5.67477,56.30751],[-5.67646,56.31032],[-5.67534,56.31179],[-5.67273,56.31356],[-5.67291,56.31473]]],[[[-2.89753,59.02163],[-2.89687,59.0202],[-2.90054,59.01846],[-2.90415,59.02052],[-2.90712,59.02577],[-2.90113,59.02637],[-2.89834,59.02765],[-2.89692,59.02639],[-2.89753,59.02163]]],[[[-5.71617,56.22874],[-5.72249,56.2272],[-5.72623,56.22874],[-5.72244,56.23323],[-5.71126,56.23417],[-5.71617,56.22874]]],[[[-6.33691,55.89649],[-6.33884,55.8959],[-6.34322,55.89653],[-6.34408,55.89743],[-6.34457,55.89847],[-6.34227,55.90009],[-6.33392,55.90271],[-6.32956,55.90332],[-6.32874,55.90198],[-6.33583,55.89743],[-6.33691,55.89649]]],[[[-2.82648,59.22987],[-2.82974,59.22966],[-2.83318,59.23148],[-2.83168,59.23437],[-2.83554,59.2375],[-2.83205,59.23921],[-2.83409,59.24169],[-2.83163,59.2422],[-2.82961,59.23939],[-2.83081,59.23885],[-2.82854,59.2368],[-2.82608,59.23296],[-2.82648,59.22987]]],[[[-5.4576,58.046],[-5.46126,58.04325],[-5.46654,58.0448],[-5.46703,58.04721],[-5.4656,58.04872],[-5.46222,58.04962],[-5.4587,58.05207],[-5.45593,58.04982],[-5.4576,58.046]]],[[[-5.5381,56.17193],[-5.54525,56.1673],[-5.54685,56.16761],[-5.54555,56.17043],[-5.5381,56.17606],[-5.53014,56.17989],[-5.52863,56.17902],[-5.5381,56.17193]]],[[[-5.14313,58.27869],[-5.14525,58.27831],[-5.15125,58.28039],[-5.15125,58.28315],[-5.15624,58.28366],[-5.1566,58.28465],[-5.15269,58.28651],[-5.14313,58.28216],[-5.14136,58.27947],[-5.14313,58.27869]]],[[[-5.58209,56.49337],[-5.5858,56.49106],[-5.59247,56.49196],[-5.58626,56.4958],[-5.57886,56.4984],[-5.57576,56.49615],[-5.57913,56.4936],[-5.58209,56.49337]]],[[[-5.72256,57.70686],[-5.71957,57.70819],[-5.71456,57.70723],[-5.71157,57.70773],[-5.711,57.70497],[-5.71396,57.70166],[-5.71646,57.7015],[-5.72155,57.70406],[-5.72256,57.70686]]],[[[-5.78429,57.14465],[-5.7917,57.14449],[-5.79331,57.14666],[-5.79004,57.15069],[-5.78279,57.15015],[-5.78343,57.14772],[-5.78156,57.14608],[-5.78429,57.14465]]],[[[-5.46835,58.02498],[-5.47418,58.02484],[-5.47249,58.02816],[-5.4745,58.03015],[-5.47139,58.03245],[-5.46572,58.03172],[-5.46381,58.029],[-5.46611,58.02807],[-5.46835,58.02498]]],[[[-6.27913,56.01712],[-6.27622,56.01868],[-6.26864,56.01835],[-6.26498,56.01836],[-6.26265,56.01714],[-6.26421,56.01432],[-6.26864,56.01367],[-6.27913,56.01712]]],[[[-4.39758,58.53114],[-4.40042,58.53051],[-4.40686,58.53207],[-4.40792,58.53446],[-4.40622,58.53476],[-4.40696,58.53689],[-4.40281,58.53795],[-4.40047,58.53528],[-4.39636,58.53429],[-4.39758,58.53114]]],[[[-2.82535,59.13033],[-2.82525,59.12665],[-2.828,59.12424],[-2.8314,59.12608],[-2.83364,59.12892],[-2.83332,59.13033],[-2.83204,59.13195],[-2.82704,59.13291],[-2.8253,59.13146],[-2.82535,59.13033]]],[[[-6.62218,57.44309],[-6.61936,57.44082],[-6.62161,57.4402],[-6.62482,57.44157],[-6.62736,57.44413],[-6.6332,57.44563],[-6.63486,57.44799],[-6.63362,57.44845],[-6.62406,57.44658],[-6.62012,57.44466],[-6.62218,57.44309]]],[[[-6.90363,58.19641],[-6.90253,58.19939],[-6.89649,58.19973],[-6.89316,58.1937],[-6.89693,58.1928],[-6.90142,58.19385],[-6.90363,58.19641]]],[[[-6.77079,56.51587],[-6.76606,56.51784],[-6.76549,56.51919],[-6.76228,56.51892],[-6.76047,56.51664],[-6.75859,56.51822],[-6.7545,56.51557],[-6.75676,56.5142],[-6.75961,56.51564],[-6.76365,56.51602],[-6.76497,56.51496],[-6.76122,56.51337],[-6.76269,56.51126],[-6.77079,56.51587]]],[[[-5.90073,56.92191],[-5.89694,56.92303],[-5.88948,56.92557],[-5.88697,56.92303],[-5.88693,56.92126],[-5.89414,56.91927],[-5.89672,56.92044],[-5.90036,56.91987],[-5.90073,56.92191]]],[[[-6.23361,57.6664],[-6.23183,57.6681],[-6.22615,57.6676],[-6.22195,57.66583],[-6.22057,57.66199],[-6.22891,57.66275],[-6.23361,57.6664]]],[[[-7.57255,56.87124],[-7.57647,56.87037],[-7.58019,56.87127],[-7.58165,56.8735],[-7.57928,56.87724],[-7.57513,56.87701],[-7.57161,56.87396],[-7.57255,56.87124]]],[[[-6.4983,57.36063],[-6.49785,57.36351],[-6.49553,57.36552],[-6.48787,57.35828],[-6.49473,57.35642],[-6.4983,57.36063]]],[[[-6.39871,56.50606],[-6.39758,56.50998],[-6.39413,56.51092],[-6.39334,56.51374],[-6.38978,56.51241],[-6.38774,56.50884],[-6.39001,56.50674],[-6.39531,56.50717],[-6.39754,56.50521],[-6.39871,56.50606]]],[[[-7.25244,57.32724],[-7.24933,57.32892],[-7.24232,57.32994],[-7.24015,57.32915],[-7.24163,57.32624],[-7.23871,57.32445],[-7.24325,57.32425],[-7.24446,57.32293],[-7.2474,57.32343],[-7.24653,57.3266],[-7.24977,57.32632],[-7.25244,57.32724]]],[[[-6.93347,58.19406],[-6.92607,58.19812],[-6.92299,58.19542],[-6.92215,58.19013],[-6.92607,58.19088],[-6.93347,58.19406]]],[[[-4.38843,58.53573],[-4.39122,58.53324],[-4.39395,58.5336],[-4.39656,58.53586],[-4.39265,58.5391],[-4.39293,58.54068],[-4.38818,58.54166],[-4.38685,58.54047],[-4.38843,58.53573]]],[[[-7.04238,57.70467],[-7.04127,57.70606],[-7.03685,57.70493],[-7.03351,57.70725],[-7.03083,57.7057],[-7.02703,57.70194],[-7.03197,57.70104],[-7.03554,57.70194],[-7.04238,57.70467]]],[[[-6.3346,57.90455],[-6.33213,57.90086],[-6.33772,57.89985],[-6.34206,57.90142],[-6.3395,57.90367],[-6.33893,57.90751],[-6.33551,57.90828],[-6.33425,57.90744],[-6.3346,57.90455]]],[[[-7.41169,57.02798],[-7.42123,57.02634],[-7.42494,57.02835],[-7.42329,57.02999],[-7.41533,57.03156],[-7.41118,57.03014],[-7.41169,57.02798]]],[[[-5.32012,58.14239],[-5.32494,58.1413],[-5.33111,58.14268],[-5.32989,58.14371],[-5.31886,58.14528],[-5.31029,58.14384],[-5.31282,58.14257],[-5.32012,58.14239]]],[[[-7.16233,57.68493],[-7.15968,57.68373],[-7.15926,57.68531],[-7.15356,57.68539],[-7.15108,57.68336],[-7.15483,57.68253],[-7.15656,57.6825],[-7.16505,57.68271],[-7.1706,57.68577],[-7.16954,57.68632],[-7.16177,57.68607],[-7.16233,57.68493]]],[[[-7.45057,57.06473],[-7.44853,57.06828],[-7.44393,57.06882],[-7.43674,57.066],[-7.44393,57.06341],[-7.45057,57.06473]]],[[[-2.949,59.07538],[-2.95152,59.07398],[-2.95557,59.07604],[-2.95758,59.07991],[-2.95068,59.08053],[-2.94655,59.07879],[-2.949,59.07538]]],[[[-6.33958,56.43265],[-6.34229,56.43153],[-6.34451,56.43202],[-6.34328,56.43437],[-6.34612,56.4357],[-6.34122,56.43971],[-6.33912,56.44042],[-6.33706,56.43733],[-6.33958,56.43265]]],[[[-5.58145,57.26712],[-5.57717,57.2694],[-5.57436,57.26922],[-5.57224,57.26714],[-5.57376,57.26226],[-5.57832,57.26241],[-5.57897,57.26473],[-5.58145,57.26712]]],[[[-6.47138,57.33454],[-6.4633,57.33874],[-6.46107,57.33759],[-6.45692,57.33754],[-6.46055,57.33498],[-6.46277,57.33514],[-6.46984,57.33151],[-6.47136,57.33186],[-6.47138,57.33454]]],[[[-6.77653,58.21712],[-6.77368,58.21774],[-6.76969,58.21686],[-6.76686,58.21239],[-6.77021,58.21111],[-6.77368,58.21197],[-6.77572,58.21294],[-6.77653,58.21712]]],[[[-5.92607,56.90166],[-5.93007,56.90074],[-5.93454,56.90221],[-5.93396,56.90418],[-5.93193,56.90536],[-5.92355,56.90579],[-5.9222,56.9041],[-5.92355,56.90295],[-5.92607,56.90166]]],[[[-7.56686,56.89568],[-7.56557,56.89355],[-7.56704,56.89263],[-7.57003,56.89434],[-7.56939,56.89678],[-7.57196,56.89849],[-7.57214,56.90023],[-7.56598,56.90158],[-7.56227,56.89872],[-7.56491,56.89787],[-7.56686,56.89568]]],[[[-2.64962,59.16303],[-2.65171,59.16219],[-2.65528,59.16347],[-2.65554,59.16491],[-2.6536,59.16678],[-2.64728,59.17067],[-2.64644,59.16981],[-2.64703,59.16611],[-2.64962,59.16303]]],[[[-7.29476,57.98534],[-7.28491,57.98607],[-7.28321,57.9837],[-7.28815,57.98044],[-7.29408,57.98294],[-7.29476,57.98534]]],[[[-7.06665,57.6591],[-7.07103,57.65637],[-7.07481,57.66248],[-7.07353,57.66453],[-7.06642,57.66248],[-7.06665,57.6591]]],[[[-1.57723,60.21555],[-1.57215,60.21868],[-1.56845,60.21816],[-1.56797,60.21596],[-1.5661,60.21387],[-1.56695,60.21254],[-1.57154,60.21279],[-1.57723,60.21555]]],[[[-4.71009,58.47732],[-4.71289,58.4764],[-4.71356,58.47866],[-4.71193,58.48],[-4.71024,58.48524],[-4.70459,58.48566],[-4.70491,58.48223],[-4.70872,58.48],[-4.71009,58.47732]]],[[[-2.38712,59.2786],[-2.38247,59.27941],[-2.3792,59.28105],[-2.37498,59.28074],[-2.37366,59.27687],[-2.3762,59.27625],[-2.38285,59.27666],[-2.38712,59.2786]]],[[[-0.73646,60.4207],[-0.74818,60.4195],[-0.74923,60.42103],[-0.74078,60.4233],[-0.73576,60.42546],[-0.73382,60.42484],[-0.73524,60.4233],[-0.73646,60.4207]]],[[[-2.87482,59.35402],[-2.87236,59.35495],[-2.86724,59.35364],[-2.86541,59.35187],[-2.86353,59.35005],[-2.86507,59.34741],[-2.87072,59.35008],[-2.87259,59.35187],[-2.87482,59.35402]]],[[[-6.51046,57.57895],[-6.51525,57.57729],[-6.52,57.57786],[-6.51844,57.58106],[-6.51509,57.58178],[-6.51412,57.58336],[-6.50825,57.58139],[-6.51046,57.57895]]],[[[-6.51044,55.67097],[-6.51493,55.67095],[-6.51752,55.67346],[-6.5157,55.67638],[-6.51278,55.67745],[-6.5096,55.67389],[-6.50639,55.67249],[-6.51044,55.67097]]],[[[-6.20998,57.64612],[-6.2087,57.64673],[-6.20271,57.64466],[-6.19878,57.64104],[-6.20245,57.63969],[-6.20723,57.64117],[-6.20998,57.64612]]],[[[-1.36287,59.95174],[-1.36046,59.9521],[-1.35969,59.95488],[-1.35119,59.95256],[-1.35317,59.94896],[-1.36248,59.95046],[-1.36287,59.95174]]],[[[-4.78138,58.54546],[-4.78627,58.54424],[-4.78722,58.54621],[-4.79127,58.54754],[-4.78926,58.55005],[-4.78649,58.5503],[-4.78239,58.54936],[-4.78075,58.54743],[-4.78138,58.54546]]],[[[-6.47262,56.45995],[-6.48022,56.45589],[-6.48061,56.45674],[-6.48038,56.45924],[-6.47601,56.46274],[-6.47112,56.46483],[-6.46932,56.46379],[-6.47123,56.46275],[-6.47262,56.45995]]],[[[-3.06839,58.85297],[-3.07871,58.85133],[-3.08219,58.85178],[-3.08066,58.85337],[-3.07306,58.85537],[-3.06967,58.85563],[-3.06514,58.85478],[-3.06839,58.85297]]],[[[-1.20102,60.51336],[-1.19952,60.51372],[-1.19404,60.51135],[-1.19164,60.50925],[-1.19414,60.50599],[-1.19739,60.50735],[-1.20074,60.51113],[-1.20102,60.51336]]],[[[-6.12893,56.87295],[-6.12688,56.87381],[-6.12606,56.87748],[-6.12425,56.87785],[-6.12367,56.87475],[-6.12035,56.87125],[-6.1237,56.86897],[-6.12846,56.86951],[-6.1269,56.87142],[-6.12893,56.87295]]],[[[-7.21474,57.34469],[-7.21801,57.34087],[-7.22088,57.34316],[-7.21725,57.34571],[-7.21634,57.3483],[-7.21261,57.34946],[-7.20969,57.34876],[-7.21199,57.34498],[-7.21474,57.34469]]],[[[-6.4436,57.74585],[-6.44103,57.74716],[-6.43728,57.74565],[-6.43194,57.74157],[-6.43105,57.74203],[-6.42733,57.73994],[-6.4294,57.73818],[-6.43113,57.73996],[-6.43496,57.74092],[-6.4436,57.74585]]],[[[-6.26992,56.00259],[-6.26413,56.00397],[-6.25931,56.00137],[-6.25697,55.9987],[-6.26185,55.9983],[-6.26652,56.00024],[-6.26992,56.00259]]],[[[-5.3056,58.10433],[-5.3003,58.10488],[-5.29446,58.10382],[-5.29189,58.10232],[-5.29296,58.10064],[-5.29765,58.10189],[-5.3018,58.10094],[-5.30498,58.10212],[-5.3056,58.10433]]],[[[-6.34806,56.27278],[-6.34937,56.2709],[-6.35277,56.27251],[-6.35579,56.2727],[-6.35758,56.27448],[-6.35162,56.27589],[-6.34362,56.27479],[-6.34358,56.27342],[-6.34806,56.27278]]],[[[-7.21115,57.50309],[-7.20342,57.50485],[-7.19894,57.50408],[-7.19778,57.50107],[-7.20638,57.5007],[-7.21115,57.50309]]],[[[-7.63844,57.52451],[-7.63516,57.52551],[-7.63121,57.52415],[-7.63065,57.52165],[-7.63398,57.51901],[-7.6375,57.51956],[-7.63844,57.52451]]],[[[-1.26462,60.49745],[-1.26291,60.49576],[-1.26579,60.49465],[-1.27196,60.49876],[-1.27442,60.50009],[-1.27196,60.50171],[-1.26333,60.49864],[-1.26462,60.49745]]],[[[-6.38188,58.0974],[-6.38082,58.09794],[-6.3759,58.09678],[-6.37277,58.09761],[-6.37184,58.09156],[-6.37442,58.09124],[-6.37454,58.09268],[-6.37889,58.09336],[-6.38005,58.09653],[-6.38188,58.0974]]],[[[-5.79105,56.23269],[-5.78769,56.23741],[-5.78367,56.23824],[-5.78224,56.23729],[-5.77945,56.23816],[-5.77996,56.23632],[-5.78306,56.23433],[-5.78948,56.23236],[-5.79105,56.23269]]],[[[-7.10843,57.67012],[-7.10556,57.6748],[-7.09955,57.67278],[-7.09644,57.67026],[-7.09955,57.66971],[-7.10843,57.67012]]],[[[-1.4618,60.4385],[-1.45919,60.43929],[-1.45857,60.44182],[-1.45344,60.44305],[-1.45079,60.43973],[-1.45361,60.43772],[-1.45812,60.43801],[-1.46023,60.43717],[-1.4618,60.4385]]],[[[-3.32984,59.13629],[-3.33836,59.13416],[-3.34194,59.13672],[-3.34039,59.13846],[-3.32913,59.138],[-3.32984,59.13629]]],[[[-1.4267,60.40958],[-1.42439,60.40737],[-1.42707,60.4066],[-1.43216,60.40941],[-1.43237,60.41082],[-1.42165,60.41258],[-1.42066,60.41089],[-1.42264,60.4098],[-1.4267,60.40958]]],[[[-2.69417,59.1701],[-2.69727,59.16964],[-2.69922,59.17196],[-2.69486,59.173],[-2.69433,59.17439],[-2.69004,59.1786],[-2.68799,59.17877],[-2.68759,59.17708],[-2.68981,59.17562],[-2.69115,59.17269],[-2.6929,59.17264],[-2.69417,59.1701]]],[[[-5.09989,58.39897],[-5.092,58.40062],[-5.0832,58.39819],[-5.08705,58.39529],[-5.08912,58.39783],[-5.09863,58.39808],[-5.09989,58.39897]]],[[[-5.08735,58.40389],[-5.08076,58.40647],[-5.07603,58.40716],[-5.07314,58.40389],[-5.08054,58.4029],[-5.08735,58.40389]]],[[[-5.45304,57.96393],[-5.45172,57.96566],[-5.44725,57.968],[-5.44553,57.96572],[-5.44147,57.96701],[-5.43965,57.96461],[-5.44418,57.96268],[-5.44465,57.9644],[-5.4496,57.96365],[-5.45304,57.96393]]],[[[-0.89314,60.33875],[-0.89103,60.3415],[-0.88396,60.34382],[-0.88249,60.34092],[-0.88764,60.33776],[-0.88995,60.33885],[-0.89314,60.33875]]],[[[-1.18124,60.52132],[-1.18344,60.52069],[-1.18803,60.52254],[-1.18756,60.52528],[-1.18279,60.5265],[-1.17929,60.52412],[-1.18124,60.52132]]],[[[-6.6026,57.45203],[-6.59936,57.4512],[-6.60052,57.44868],[-6.60459,57.44929],[-6.60714,57.45143],[-6.61128,57.45212],[-6.60584,57.45427],[-6.60106,57.45371],[-6.6026,57.45203]]],[[[-6.99995,57.70652],[-7.00443,57.7065],[-7.00497,57.70862],[-7.0099,57.71012],[-7.01194,57.71252],[-7.00727,57.71239],[-7.00279,57.70973],[-6.99889,57.70859],[-6.99995,57.70652]]],[[[-0.83539,60.65962],[-0.83765,60.65936],[-0.8418,60.66099],[-0.84451,60.6637],[-0.84017,60.66558],[-0.83736,60.66462],[-0.83703,60.66221],[-0.83519,60.66129],[-0.83539,60.65962]]],[[[-1.34175,60.166],[-1.34113,60.16726],[-1.33465,60.16765],[-1.33219,60.16544],[-1.33607,60.16239],[-1.34059,60.16412],[-1.34175,60.166]]],[[[-5.66329,56.29253],[-5.66139,56.29415],[-5.65679,56.29469],[-5.65213,56.29139],[-5.65425,56.28981],[-5.6566,56.29069],[-5.66247,56.29112],[-5.66329,56.29253]]],[[[-2.94753,59.16529],[-2.95085,59.16299],[-2.95295,59.16373],[-2.95538,59.16696],[-2.95444,59.16862],[-2.95116,59.16904],[-2.94746,59.16696],[-2.94753,59.16529]]],[[[-3.06238,59.0056],[-3.06485,59.00514],[-3.0675,59.00608],[-3.06807,59.00789],[-3.06539,59.00909],[-3.06558,59.01116],[-3.06089,59.01025],[-3.05941,59.00896],[-3.06238,59.0056]]],[[[-7.14516,57.50561],[-7.14836,57.50557],[-7.15385,57.50706],[-7.15129,57.50897],[-7.14485,57.50951],[-7.14206,57.50716],[-7.14516,57.50561]]],[[[-7.21735,57.69519],[-7.21538,57.69668],[-7.21299,57.69533],[-7.20778,57.69705],[-7.20749,57.69382],[-7.21015,57.69223],[-7.21633,57.69319],[-7.21735,57.69519]]],[[[-4.80154,58.5714],[-4.80487,58.57063],[-4.80959,58.57118],[-4.80972,58.57513],[-4.80291,58.5743],[-4.80042,58.57274],[-4.80154,58.5714]]],[[[-6.27377,56.84948],[-6.27415,56.84781],[-6.27737,56.84819],[-6.28013,56.85143],[-6.27605,56.85346],[-6.27299,56.85243],[-6.27046,56.85002],[-6.27377,56.84948]]],[[[-6.97395,57.94407],[-6.97852,57.9418],[-6.98372,57.94437],[-6.98264,57.94579],[-6.97849,57.94675],[-6.97375,57.94558],[-6.97395,57.94407]]],[[[-0.81112,60.73213],[-0.81429,60.73175],[-0.81515,60.733],[-0.81119,60.73694],[-0.80951,60.73856],[-0.80738,60.73922],[-0.80661,60.73784],[-0.80705,60.73694],[-0.80844,60.73434],[-0.81112,60.73213]]],[[[-1.15668,60.23527],[-1.15128,60.24069],[-1.14459,60.23921],[-1.15297,60.23516],[-1.15668,60.23527]]],[[[-5.73424,55.91342],[-5.7336,55.91216],[-5.73751,55.91106],[-5.73744,55.91276],[-5.74002,55.91402],[-5.73517,55.91824],[-5.73144,55.91598],[-5.73424,55.91342]]],[[[-0.91521,60.64099],[-0.9131,60.64237],[-0.91115,60.64114],[-0.90738,60.64182],[-0.90721,60.64016],[-0.91037,60.63661],[-0.91481,60.63709],[-0.91384,60.6395],[-0.91521,60.64099]]],[[[-6.37003,56.33373],[-6.37221,56.33332],[-6.37209,56.33679],[-6.36914,56.34078],[-6.3638,56.34033],[-6.36569,56.33898],[-6.37003,56.33373]]],[[[-1.55006,60.3148],[-1.546,60.31523],[-1.54385,60.31291],[-1.54788,60.30935],[-1.55282,60.31084],[-1.54995,60.31319],[-1.55006,60.3148]]],[[[-7.36879,57.08077],[-7.36428,57.08226],[-7.36075,57.08217],[-7.35841,57.0802],[-7.36075,57.0781],[-7.36603,57.07855],[-7.36879,57.08077]]],[[[-6.41836,58.12299],[-6.41725,58.12622],[-6.41235,58.12508],[-6.40907,58.12515],[-6.40894,58.12371],[-6.41464,58.12103],[-6.41836,58.12299]]],[[[-2.9484,59.08828],[-2.9508,59.08684],[-2.95366,59.08711],[-2.95593,59.0892],[-2.95544,59.09066],[-2.95225,59.09173],[-2.94721,59.09061],[-2.9484,59.08828]]],[[[-7.23397,57.45952],[-7.23063,57.45894],[-7.22363,57.45589],[-7.22177,57.45439],[-7.22619,57.45365],[-7.23257,57.45701],[-7.23397,57.45952]]],[[[-5.6119,56.11873],[-5.6158,56.11801],[-5.61421,56.12176],[-5.61196,56.12412],[-5.60945,56.12399],[-5.6069,56.12385],[-5.60817,56.12174],[-5.60945,56.12071],[-5.6119,56.11873]]],[[[-2.39448,59.39876],[-2.38701,59.39989],[-2.38324,59.39612],[-2.386,59.39505],[-2.38906,59.39561],[-2.39047,59.39743],[-2.39275,59.39726],[-2.39448,59.39876]]],[[[-5.43738,58.01429],[-5.43288,58.0179],[-5.43085,58.01624],[-5.43034,58.01259],[-5.43624,58.01168],[-5.43738,58.01429]]],[[[-6.71682,57.8627],[-6.71341,57.86224],[-6.70998,57.85968],[-6.71314,57.85766],[-6.7176,57.85791],[-6.7199,57.85988],[-6.71546,57.86109],[-6.71682,57.8627]]],[[[-7.13364,57.61988],[-7.13547,57.61955],[-7.1373,57.62137],[-7.14177,57.62264],[-7.1408,57.62354],[-7.13364,57.62415],[-7.13165,57.62296],[-7.1317,57.62054],[-7.13364,57.61988]]],[[[-5.11219,58.40299],[-5.10734,58.40616],[-5.10088,58.40391],[-5.10478,58.40147],[-5.11219,58.40299]]],[[[-6.93297,57.75067],[-6.93581,57.75064],[-6.938,57.7536],[-6.93463,57.75484],[-6.92792,57.7549],[-6.92836,57.75291],[-6.93194,57.75237],[-6.93297,57.75067]]],[[[-7.17918,57.6952],[-7.17496,57.6954],[-7.17098,57.69456],[-7.1661,57.69143],[-7.16858,57.69087],[-7.17489,57.6924],[-7.17918,57.6952]]],[[[-6.52418,56.60568],[-6.52476,56.60383],[-6.52691,56.60406],[-6.52796,56.6073],[-6.52216,56.61113],[-6.5204,56.60809],[-6.52418,56.60568]]],[[[-1.6286,60.47461],[-1.62722,60.47648],[-1.62213,60.47573],[-1.62032,60.47306],[-1.62241,60.47144],[-1.62709,60.47261],[-1.6286,60.47461]]],[[[-5.08621,58.46267],[-5.08561,58.46466],[-5.08323,58.466],[-5.07938,58.46502],[-5.07571,58.46511],[-5.07639,58.4631],[-5.08105,58.46221],[-5.08621,58.46267]]],[[[-5.66091,56.02155],[-5.66411,56.02106],[-5.66411,56.02425],[-5.65893,56.02843],[-5.65741,56.02558],[-5.66091,56.02155]]],[[[-5.55626,56.16039],[-5.55957,56.15672],[-5.56154,56.15733],[-5.55825,56.16266],[-5.55158,56.1639],[-5.55097,56.16273],[-5.55626,56.16039]]],[[[-6.72492,57.86821],[-6.72318,57.87082],[-6.7168,57.86905],[-6.71657,57.86698],[-6.71634,57.86487],[-6.71902,57.86468],[-6.7204,57.86698],[-6.72095,57.8679],[-6.72492,57.86821]]],[[[-1.13496,60.44621],[-1.13831,60.44605],[-1.13767,60.44892],[-1.13429,60.45155],[-1.13131,60.45225],[-1.1308,60.45003],[-1.13496,60.44621]]],[[[-5.72387,56.23694],[-5.72142,56.23969],[-5.71918,56.24003],[-5.71654,56.23819],[-5.71632,56.23593],[-5.7199,56.23466],[-5.72387,56.23694]]],[[[-7.26514,57.50816],[-7.26171,57.50731],[-7.26143,57.50516],[-7.26752,57.50575],[-7.26682,57.50758],[-7.27088,57.50885],[-7.27056,57.51012],[-7.2675,57.51062],[-7.26417,57.5094],[-7.26514,57.50816]]],[[[-5.15839,58.30884],[-5.1635,58.30642],[-5.16682,58.30738],[-5.16776,58.30867],[-5.16296,58.30935],[-5.1583,58.31177],[-5.15582,58.31168],[-5.15839,58.30884]]],[[[-7.58686,58.28661],[-7.59119,58.28643],[-7.59565,58.2877],[-7.59592,58.28888],[-7.59236,58.28992],[-7.58486,58.28859],[-7.58686,58.28661]]],[[[-5.64426,56.13016],[-5.64868,56.12921],[-5.64881,56.13016],[-5.64763,56.1324],[-5.64308,56.13606],[-5.64114,56.13399],[-5.64426,56.13016]]],[[[-4.41162,59.08299],[-4.41006,59.0867],[-4.40516,59.08718],[-4.40423,59.08425],[-4.40757,59.08227],[-4.41162,59.08299]]],[[[-6.4496,56.69512],[-6.44722,56.69924],[-6.44272,56.69899],[-6.44206,56.6965],[-6.44359,56.69465],[-6.4496,56.69512]]],[[[-7.01128,57.69946],[-7.01478,57.69895],[-7.01853,57.70101],[-7.01768,57.70194],[-7.01574,57.70408],[-7.0131,57.70321],[-7.01161,57.70194],[-7.01054,57.70103],[-7.01128,57.69946]]],[[[-5.66789,56.23945],[-5.6648,56.24045],[-5.6621,56.23952],[-5.66183,56.23695],[-5.66364,56.23393],[-5.66687,56.23664],[-5.66789,56.23945]]],[[[-3.07849,59.00341],[-3.08318,59.00219],[-3.08756,59.00334],[-3.08733,59.00452],[-3.08426,59.00487],[-3.08222,59.00605],[-3.07798,59.0056],[-3.07724,59.00435],[-3.07849,59.00341]]],[[[-5.12251,55.42758],[-5.12093,55.42982],[-5.11833,55.43006],[-5.11821,55.42835],[-5.11534,55.42582],[-5.11948,55.42357],[-5.12251,55.42758]]],[[[-7.58724,57.53466],[-7.58473,57.53682],[-7.58166,57.53446],[-7.57889,57.53354],[-7.57874,57.53111],[-7.58431,57.53085],[-7.58273,57.53222],[-7.58724,57.53466]]],[[[-5.33686,56.6329],[-5.33632,56.6305],[-5.34255,56.62888],[-5.34308,56.62956],[-5.34043,56.63199],[-5.34163,56.63287],[-5.33856,56.63496],[-5.33562,56.63513],[-5.33686,56.6329]]],[[[-6.46402,56.28655],[-6.46119,56.28793],[-6.45861,56.28659],[-6.45599,56.28751],[-6.45216,56.28557],[-6.45501,56.28271],[-6.45922,56.28561],[-6.46402,56.28655]]],[[[-6.643,57.52737],[-6.63923,57.52685],[-6.63805,57.52451],[-6.63871,57.51993],[-6.64091,57.52009],[-6.643,57.52737]]],[[[-7.34036,57.49924],[-7.34611,57.49776],[-7.34796,57.50085],[-7.34193,57.50238],[-7.33902,57.50057],[-7.34036,57.49924]]],[[[-7.19356,57.45833],[-7.19036,57.45974],[-7.18447,57.45793],[-7.18633,57.45542],[-7.18898,57.45627],[-7.19226,57.45588],[-7.19356,57.45833]]],[[[-5.45655,56.52194],[-5.46025,56.51975],[-5.46228,56.52057],[-5.45695,56.52603],[-5.45301,56.52616],[-5.45655,56.52194]]],[[[-6.22545,55.99817],[-6.22942,55.99698],[-6.2337,55.99854],[-6.22486,56.00193],[-6.22371,56.00071],[-6.22545,55.99817]]],[[[-7.2405,57.38619],[-7.2393,57.38758],[-7.23506,57.3877],[-7.22947,57.38673],[-7.22864,57.38562],[-7.23229,57.38498],[-7.23884,57.38533],[-7.2405,57.38619]]],[[[-1.32684,60.19785],[-1.32463,60.20034],[-1.32289,60.20118],[-1.31886,60.20096],[-1.31718,60.19739],[-1.31897,60.19697],[-1.32214,60.19935],[-1.32463,60.19705],[-1.32684,60.19785]]],[[[-7.14633,58.03719],[-7.15067,58.03718],[-7.14738,58.04092],[-7.14051,58.03993],[-7.14187,58.03834],[-7.14633,58.03719]]],[[[-6.15173,56.48332],[-6.15423,56.48331],[-6.16392,56.48924],[-6.16131,56.48937],[-6.15159,56.48474],[-6.15173,56.48332]]],[[[-1.37042,60.02449],[-1.36789,60.02515],[-1.3663,60.02369],[-1.36565,60.02018],[-1.36677,60.01871],[-1.37087,60.01946],[-1.3696,60.02052],[-1.37042,60.02449]]],[[[-1.03916,60.45396],[-1.04346,60.45197],[-1.04581,60.45295],[-1.04446,60.45611],[-1.0411,60.4571],[-1.03898,60.45586],[-1.03916,60.45396]]],[[[-7.19225,57.50594],[-7.19177,57.50643],[-7.18356,57.50881],[-7.1837,57.50427],[-7.19159,57.50551],[-7.19225,57.50594]]],[[[-4.78463,58.53974],[-4.79014,58.53953],[-4.79028,58.54042],[-4.78789,58.54399],[-4.78396,58.54302],[-4.78306,58.54139],[-4.78463,58.53974]]],[[[-5.90828,56.6712],[-5.90669,56.67216],[-5.9015,56.67226],[-5.89734,56.6711],[-5.90112,56.66871],[-5.90828,56.6712]]],[[[-6.0411,55.79246],[-6.03818,55.79403],[-6.03306,55.79132],[-6.03659,55.78937],[-6.04095,55.79068],[-6.0411,55.79246]]],[[[-6.79524,58.22793],[-6.79285,58.22818],[-6.7872,58.22308],[-6.7928,58.22329],[-6.79512,58.22605],[-6.79524,58.22793]]],[[[-7.21746,57.38752],[-7.20765,57.38868],[-7.20611,57.38666],[-7.20847,57.38562],[-7.21402,57.38594],[-7.21746,57.38752]]],[[[-6.38255,58.11777],[-6.3811,58.12067],[-6.37654,58.121],[-6.37529,58.11863],[-6.37877,58.11658],[-6.38255,58.11777]]],[[[-5.89786,57.17392],[-5.89672,57.17534],[-5.89515,57.1768],[-5.89097,57.17467],[-5.89127,57.172],[-5.89672,57.17264],[-5.89786,57.17392]]],[[[-5.43532,56.45724],[-5.4343,56.45936],[-5.42834,56.46004],[-5.4281,56.45803],[-5.43079,56.45557],[-5.43532,56.45724]]],[[[-6.6782,56.97281],[-6.67791,56.97463],[-6.67577,56.97468],[-6.67358,56.97222],[-6.67301,56.96909],[-6.67582,56.96847],[-6.6782,56.97281]]],[[[-5.83058,57.40113],[-5.82951,57.4051],[-5.8264,57.40552],[-5.82493,57.40435],[-5.82736,57.3997],[-5.83058,57.40113]]],[[[-5.21109,58.28712],[-5.20982,58.29094],[-5.20333,58.29074],[-5.20288,58.29009],[-5.2085,58.28691],[-5.21109,58.28712]]],[[[-6.15643,59.09489],[-6.16009,59.0928],[-6.1611,59.09347],[-6.15652,59.09748],[-6.15138,59.09947],[-6.15055,59.09805],[-6.15486,59.09661],[-6.15324,59.09551],[-6.15643,59.09489]]],[[[-7.29752,57.04264],[-7.30075,57.04248],[-7.30293,57.0429],[-7.30422,57.0452],[-7.30075,57.0468],[-7.29738,57.04471],[-7.29752,57.04264]]],[[[-7.0862,57.67135],[-7.08892,57.67062],[-7.0905,57.67397],[-7.0848,57.67602],[-7.08398,57.67402],[-7.0862,57.67135]]],[[[-6.09314,57.12575],[-6.09122,57.12425],[-6.09429,57.12296],[-6.09597,57.12373],[-6.09706,57.12708],[-6.09428,57.12912],[-6.09256,57.12783],[-6.09314,57.12575]]],[[[-6.94073,58.24123],[-6.94313,58.24078],[-6.94712,58.24114],[-6.94853,58.24241],[-6.94641,58.2437],[-6.94073,58.24352],[-6.93914,58.24194],[-6.94073,58.24123]]],[[[-5.50895,57.98448],[-5.51084,57.98282],[-5.51216,57.98397],[-5.51027,57.98765],[-5.50895,57.98836],[-5.50653,57.98967],[-5.50559,57.98742],[-5.50895,57.98448]]],[[[-1.32862,59.86982],[-1.33155,59.86788],[-1.33447,59.8681],[-1.33494,59.86934],[-1.33189,59.87096],[-1.33243,59.87205],[-1.32949,59.87296],[-1.32797,59.87169],[-1.32862,59.86982]]],[[[-5.62182,56.14635],[-5.62434,56.1459],[-5.62352,56.14824],[-5.62521,56.14921],[-5.62253,56.15226],[-5.61947,56.15174],[-5.62182,56.14635]]],[[[-6.92549,58.28339],[-6.92475,58.28489],[-6.91924,58.28591],[-6.91533,58.28395],[-6.92292,58.28255],[-6.92549,58.28339]]],[[[-5.60392,56.00652],[-5.60526,56.00565],[-5.60674,56.00652],[-5.60424,56.01102],[-5.60134,56.01141],[-5.60011,56.00935],[-5.60392,56.00652]]],[[[-1.10766,60.47746],[-1.1062,60.48124],[-1.10357,60.48189],[-1.10152,60.47791],[-1.10508,60.47681],[-1.10766,60.47746]]],[[[-2.69744,58.8996],[-2.70042,58.89927],[-2.70279,58.90009],[-2.7006,58.90234],[-2.69534,58.903],[-2.69288,58.9017],[-2.69612,58.90122],[-2.69744,58.8996]]],[[[-5.56203,56.21067],[-5.56137,56.20971],[-5.5658,56.20943],[-5.56813,56.21068],[-5.56479,56.21191],[-5.56311,56.21398],[-5.55927,56.21326],[-5.56203,56.21067]]],[[[-5.6498,57.37554],[-5.64984,57.3735],[-5.65181,57.37379],[-5.65373,57.37608],[-5.65194,57.37773],[-5.64656,57.37896],[-5.64674,57.37717],[-5.6498,57.37554]]],[[[-3.18629,58.90944],[-3.18947,58.90889],[-3.19166,58.90926],[-3.1929,58.91053],[-3.19054,58.91277],[-3.18398,58.91051],[-3.18629,58.90944]]],[[[-5.58884,56.32588],[-5.58981,56.32313],[-5.59293,56.32485],[-5.58986,56.32616],[-5.58962,56.32835],[-5.58495,56.33034],[-5.58358,56.32904],[-5.58884,56.32588]]],[[[-0.85683,60.33974],[-0.86061,60.33848],[-0.86347,60.3394],[-0.86332,60.34066],[-0.8579,60.34273],[-0.85612,60.34224],[-0.85683,60.33974]]],[[[-6.88748,58.17916],[-6.88598,58.18072],[-6.8836,58.18027],[-6.88049,58.17713],[-6.88493,58.17578],[-6.88748,58.17916]]],[[[-1.35521,60.13974],[-1.35372,60.14113],[-1.34754,60.14065],[-1.34708,60.13876],[-1.34974,60.13797],[-1.35369,60.13829],[-1.35521,60.13974]]],[[[-7.37457,57.00678],[-7.37315,57.00753],[-7.36851,57.00689],[-7.36523,57.00383],[-7.36943,57.00403],[-7.3739,57.00555],[-7.37457,57.00678]]],[[[-7.20284,57.48266],[-7.20069,57.48444],[-7.19396,57.48174],[-7.19506,57.48064],[-7.20112,57.48099],[-7.20284,57.48266]]],[[[-7.36437,57.41463],[-7.36907,57.41192],[-7.37064,57.41229],[-7.37041,57.41373],[-7.36562,57.41737],[-7.36312,57.41646],[-7.36437,57.41463]]],[[[-7.06862,57.72048],[-7.06589,57.7213],[-7.0623,57.72028],[-7.0627,57.71649],[-7.06538,57.71694],[-7.06862,57.72048]]],[[[-6.52693,58.09695],[-6.52542,58.09778],[-6.51924,58.09758],[-6.51742,58.09604],[-6.5225,58.09493],[-6.52485,58.09518],[-6.52693,58.09695]]],[[[-6.68737,57.85149],[-6.69087,57.85138],[-6.69211,57.85241],[-6.69075,57.8547],[-6.68675,57.85521],[-6.68521,57.85379],[-6.68737,57.85149]]],[[[-8.564,57.79794],[-8.56266,57.79842],[-8.5554,57.79602],[-8.55838,57.79424],[-8.56304,57.79567],[-8.564,57.79794]]],[[[-6.52187,55.68154],[-6.51783,55.68355],[-6.51388,55.67936],[-6.51491,55.67763],[-6.51811,55.68002],[-6.52187,55.68154]]],[[[-5.65997,56.24196],[-5.65796,56.24738],[-5.65557,56.24703],[-5.65512,56.24465],[-5.65681,56.24168],[-5.65997,56.24196]]],[[[-7.22952,57.32829],[-7.22745,57.33084],[-7.2205,57.32954],[-7.2239,57.32732],[-7.22952,57.32829]]],[[[-6.38165,56.35177],[-6.37967,56.35362],[-6.37248,56.35615],[-6.37196,56.35512],[-6.37895,56.35109],[-6.38165,56.35177]]],[[[-5.51367,56.48765],[-5.51076,56.48923],[-5.50621,56.48662],[-5.51073,56.48445],[-5.51367,56.48765]]],[[[-5.4264,58.02035],[-5.4302,58.01821],[-5.43116,58.01997],[-5.42882,58.02047],[-5.43001,58.02289],[-5.42654,58.02361],[-5.42396,58.02078],[-5.4264,58.02035]]],[[[-6.07858,55.81247],[-6.0757,55.81418],[-6.07318,55.81304],[-6.07232,55.81053],[-6.0755,55.80941],[-6.07858,55.81247]]],[[[-7.14619,57.61875],[-7.14994,57.61868],[-7.15271,57.61964],[-7.14975,57.62179],[-7.14642,57.62202],[-7.14702,57.62125],[-7.1444,57.62],[-7.14619,57.61875]]],[[[-5.47407,57.39705],[-5.47868,57.39653],[-5.47987,57.39856],[-5.47688,57.40001],[-5.4727,57.39966],[-5.47407,57.39705]]],[[[-5.64578,56.03748],[-5.64427,56.04208],[-5.64189,56.04358],[-5.64015,56.04274],[-5.64374,56.0373],[-5.64578,56.03748]]],[[[-6.35859,56.28021],[-6.35707,56.28334],[-6.35208,56.2835],[-6.35303,56.28012],[-6.35859,56.28021]]],[[[-5.57536,55.29355],[-5.57247,55.2943],[-5.56878,55.29109],[-5.57329,55.28943],[-5.57536,55.29355]]],[[[-6.38681,58.10057],[-6.38602,58.1021],[-6.37769,58.10273],[-6.37717,58.10107],[-6.37978,58.10042],[-6.38681,58.10057]]],[[[-6.02653,55.66871],[-6.02026,55.66993],[-6.01804,55.66956],[-6.02287,55.66574],[-6.02653,55.66871]]],[[[-1.37887,60.1296],[-1.37792,60.13067],[-1.3724,60.13104],[-1.36989,60.13034],[-1.3724,60.12839],[-1.37782,60.1288],[-1.37887,60.1296]]],[[[-1.32732,60.1839],[-1.32854,60.18329],[-1.33024,60.18672],[-1.32854,60.18898],[-1.32504,60.18801],[-1.32732,60.1839]]],[[[-6.44952,56.70018],[-6.45353,56.69988],[-6.45425,56.7016],[-6.45136,56.70187],[-6.45351,56.70358],[-6.45055,56.70403],[-6.44769,56.70226],[-6.44952,56.70018]]],[[[-5.17608,58.30566],[-5.17311,58.30671],[-5.17069,58.30634],[-5.16838,58.30383],[-5.17213,58.30195],[-5.17427,58.3025],[-5.1721,58.30365],[-5.17285,58.30503],[-5.17608,58.30566]]],[[[-6.38756,56.30002],[-6.38368,56.30134],[-6.38054,56.29903],[-6.38199,56.29668],[-6.38599,56.29766],[-6.38419,56.299],[-6.38756,56.30002]]],[[[-7.19737,57.43057],[-7.19219,57.43285],[-7.18821,57.42997],[-7.19264,57.42932],[-7.19737,57.43057]]],[[[-6.87434,58.27287],[-6.86887,58.27433],[-6.86753,58.27039],[-6.86991,58.26995],[-6.87434,58.27287]]],[[[-6.32679,58.19387],[-6.32561,58.1955],[-6.31843,58.19521],[-6.32372,58.19194],[-6.32679,58.19387]]],[[[-6.70827,57.8556],[-6.70479,57.85679],[-6.70134,57.85509],[-6.69951,57.85285],[-6.70414,57.85343],[-6.70827,57.8556]]],[[[-7.17298,57.82884],[-7.17055,57.83005],[-7.16624,57.83031],[-7.16622,57.82707],[-7.16867,57.82685],[-7.17298,57.82884]]],[[[-5.4455,58.01836],[-5.4476,58.01757],[-5.44863,58.0204],[-5.44749,58.02267],[-5.44397,58.02304],[-5.4455,58.01836]]],[[[-5.6452,57.36785],[-5.64814,57.36751],[-5.64703,57.36927],[-5.64887,57.37153],[-5.64679,57.37243],[-5.64321,57.37121],[-5.6452,57.36785]]],[[[-2.69097,59.15888],[-2.68827,59.15993],[-2.68406,59.15582],[-2.69088,59.15649],[-2.69097,59.15888]]],[[[-6.90499,58.26663],[-6.90877,58.26602],[-6.91136,58.26661],[-6.91149,58.26861],[-6.90829,58.26915],[-6.90451,58.26781],[-6.90499,58.26663]]],[[[-7.29757,57.14973],[-7.29514,57.15041],[-7.28835,57.14862],[-7.28974,57.1473],[-7.29431,57.1476],[-7.29757,57.14973]]],[[[-5.73536,57.30145],[-5.73429,57.30229],[-5.72914,57.30105],[-5.73234,57.29765],[-5.73535,57.29883],[-5.73364,57.30019],[-5.73536,57.30145]]],[[[-6.29711,56.26746],[-6.29473,56.27134],[-6.2909,56.26912],[-6.29328,56.26667],[-6.29711,56.26746]]],[[[-5.59422,56.3305],[-5.59314,56.33286],[-5.59071,56.33399],[-5.58795,56.33236],[-5.59228,56.32928],[-5.59422,56.3305]]],[[[-6.4575,56.69686],[-6.45296,56.69836],[-6.44985,56.69596],[-6.45352,56.69436],[-6.4575,56.69686]]],[[[-5.29879,58.25154],[-5.29482,58.25371],[-5.29112,58.25194],[-5.29368,58.24972],[-5.29879,58.25154]]],[[[-2.55756,59.2654],[-2.55612,59.26726],[-2.55385,59.26855],[-2.55096,59.26726],[-2.55435,59.26407],[-2.55756,59.2654]]],[[[-1.75255,60.33663],[-1.75003,60.33706],[-1.74643,60.33618],[-1.74436,60.33475],[-1.74895,60.33343],[-1.75172,60.3342],[-1.74958,60.33537],[-1.75255,60.33663]]],[[[-5.64927,55.98099],[-5.64788,55.98275],[-5.64263,55.98552],[-5.64122,55.98483],[-5.64712,55.98022],[-5.64927,55.98099]]],[[[-5.74056,55.64821],[-5.74469,55.64683],[-5.74536,55.64791],[-5.74264,55.65098],[-5.73912,55.6518],[-5.74056,55.64821]]],[[[-7.68493,57.69876],[-7.68905,57.69797],[-7.69179,57.70008],[-7.68992,57.70079],[-7.68261,57.70031],[-7.68493,57.69876]]],[[[-7.59643,57.60203],[-7.59147,57.60344],[-7.59016,57.6029],[-7.59162,57.59976],[-7.5959,57.6002],[-7.59643,57.60203]]],[[[-6.47913,58.10039],[-6.47592,58.10225],[-6.47069,58.10176],[-6.46927,58.10052],[-6.47611,58.09975],[-6.47913,58.10039]]],[[[-2.85654,59.20778],[-2.85571,59.20987],[-2.85246,59.20976],[-2.85203,59.20646],[-2.85469,59.20524],[-2.85654,59.20778]]],[[[-5.59822,55.75936],[-5.5982,55.76164],[-5.59381,55.76327],[-5.59191,55.76158],[-5.59672,55.75908],[-5.59822,55.75936]]],[[[-7.01526,57.69033],[-7.01826,57.68998],[-7.02307,57.6927],[-7.02168,57.69363],[-7.01862,57.69236],[-7.01398,57.69183],[-7.01526,57.69033]]],[[[-1.63349,60.47236],[-1.63159,60.47462],[-1.62963,60.47459],[-1.62768,60.47099],[-1.63179,60.47073],[-1.63349,60.47236]]],[[[-7.13209,58.10692],[-7.12826,58.10755],[-7.12665,58.10763],[-7.12384,58.10584],[-7.12549,58.10498],[-7.12826,58.10502],[-7.13013,58.1051],[-7.13209,58.10692]]],[[[-7.0955,58.02373],[-7.09483,58.02564],[-7.09047,58.02555],[-7.08912,58.02407],[-7.0907,58.02222],[-7.0955,58.02373]]],[[[-5.19677,58.28588],[-5.19991,58.2847],[-5.20318,58.28547],[-5.20181,58.28725],[-5.19587,58.28811],[-5.19677,58.28588]]],[[[-1.65673,60.31038],[-1.6537,60.31244],[-1.65111,60.31183],[-1.65099,60.30939],[-1.65455,60.30855],[-1.65673,60.31038]]],[[[-5.62188,57.14342],[-5.61633,57.14491],[-5.61327,57.14288],[-5.61925,57.14169],[-5.62188,57.14342]]],[[[-5.60241,56.45736],[-5.60698,56.45524],[-5.60851,56.4557],[-5.60087,56.46069],[-5.59949,56.45964],[-5.60241,56.45736]]],[[[-7.17993,57.6203],[-7.18403,57.6198],[-7.1866,57.62086],[-7.18403,57.62186],[-7.18136,57.623],[-7.17931,57.62228],[-7.17862,57.62113],[-7.17993,57.6203]]],[[[-5.57442,56.20693],[-5.57174,56.20866],[-5.56948,56.20965],[-5.56758,56.2082],[-5.57174,56.20516],[-5.57442,56.20693]]],[[[-5.51313,56.47568],[-5.51852,56.47512],[-5.51619,56.47749],[-5.51277,56.47852],[-5.51004,56.47776],[-5.51313,56.47568]]],[[[-7.06138,57.7289],[-7.05683,57.72977],[-7.05401,57.72716],[-7.0551,57.72645],[-7.06091,57.72755],[-7.06138,57.7289]]],[[[-5.6015,56.29332],[-5.60112,56.29441],[-5.5954,56.29586],[-5.59584,56.29191],[-5.6015,56.29332]]],[[[-7.07869,57.68155],[-7.07721,57.68295],[-7.07289,57.68155],[-7.07282,57.67981],[-7.07827,57.67963],[-7.07869,57.68155]]],[[[-5.7187,57.87451],[-5.71754,57.87582],[-5.71064,57.87512],[-5.71165,57.87272],[-5.7187,57.87451]]],[[[-2.62287,59.30433],[-2.61843,59.30716],[-2.61661,59.30592],[-2.6185,59.30259],[-2.62287,59.30433]]],[[[-6.39578,56.28885],[-6.39305,56.2898],[-6.38988,56.28741],[-6.39156,56.28528],[-6.39543,56.28762],[-6.39578,56.28885]]],[[[-6.5184,57.59077],[-6.51704,57.58988],[-6.51657,57.58957],[-6.51691,57.58637],[-6.52211,57.58857],[-6.52245,57.589],[-6.52039,57.58956],[-6.52002,57.59056],[-6.5184,57.59077]]],[[[-5.84085,57.37243],[-5.83614,57.37589],[-5.83391,57.37464],[-5.83562,57.37199],[-5.84085,57.37243]]],[[[-5.99548,55.78898],[-5.99423,55.79092],[-5.98925,55.79069],[-5.99132,55.78721],[-5.99548,55.78898]]],[[[-5.83188,56.78929],[-5.82434,56.7883],[-5.82656,56.78596],[-5.82984,56.78647],[-5.83188,56.78929]]],[[[-5.93613,55.83695],[-5.93435,55.83985],[-5.93057,55.84086],[-5.93,55.83985],[-5.93534,55.83556],[-5.93613,55.83695]]],[[[-5.71475,55.94956],[-5.71223,55.95329],[-5.70952,55.9551],[-5.70794,55.95451],[-5.71299,55.94932],[-5.71475,55.94956]]],[[[-6.53544,57.59667],[-6.53418,57.59715],[-6.52731,57.59556],[-6.52746,57.5944],[-6.534,57.59466],[-6.53544,57.59667]]],[[[-7.4062,57.5469],[-7.40243,57.55122],[-7.39991,57.54952],[-7.40429,57.54608],[-7.4062,57.5469]]],[[[-5.61898,56.11096],[-5.62146,56.11054],[-5.62106,56.11308],[-5.61608,56.11542],[-5.61596,56.11356],[-5.61898,56.11096]]],[[[-5.52702,56.48548],[-5.52487,56.48728],[-5.52096,56.48817],[-5.51881,56.48716],[-5.52486,56.48465],[-5.52702,56.48548]]],[[[-1.49326,60.31597],[-1.49218,60.31714],[-1.48586,60.31571],[-1.48508,60.31418],[-1.49126,60.31464],[-1.49326,60.31597]]],[[[-6.41784,57.52673],[-6.41563,57.52878],[-6.41313,57.52814],[-6.41309,57.52541],[-6.41593,57.52459],[-6.41784,57.52673]]],[[[-4.45389,58.46501],[-4.44715,58.46841],[-4.44591,58.46615],[-4.44936,58.4647],[-4.45389,58.46501]]],[[[-5.36441,57.96254],[-5.36082,57.96246],[-5.35946,57.96022],[-5.36191,57.95911],[-5.36589,57.96015],[-5.36417,57.96075],[-5.36441,57.96254]]],[[[-6.38454,56.51916],[-6.38224,56.52063],[-6.38003,56.51996],[-6.37939,56.51757],[-6.38239,56.5164],[-6.38454,56.51916]]],[[[-5.7014,56.5024],[-5.697,56.50404],[-5.69398,56.50187],[-5.69856,56.50056],[-5.7014,56.5024]]],[[[-7.26401,57.14243],[-7.25987,57.14396],[-7.25411,57.14156],[-7.25594,57.14093],[-7.26401,57.14243]]],[[[-1.30607,60.65303],[-1.30314,60.65446],[-1.30007,60.65355],[-1.29974,60.65167],[-1.30361,60.65122],[-1.30607,60.65303]]],[[[-7.14156,57.60431],[-7.13799,57.60571],[-7.13297,57.60286],[-7.13541,57.60218],[-7.14156,57.60431]]],[[[-5.72008,56.20641],[-5.72297,56.20524],[-5.72431,56.20633],[-5.72297,56.20948],[-5.71943,56.20868],[-5.72008,56.20641]]],[[[-7.42488,56.96779],[-7.41802,56.96822],[-7.42086,56.96495],[-7.42418,56.966],[-7.42488,56.96779]]],[[[-7.16762,57.50572],[-7.16188,57.50647],[-7.16103,57.50515],[-7.16392,57.50353],[-7.16689,57.50375],[-7.16762,57.50572]]],[[[-7.27571,57.09402],[-7.27421,57.09577],[-7.26895,57.09565],[-7.26707,57.09463],[-7.26895,57.09373],[-7.27571,57.09402]]],[[[-5.0627,58.25272],[-5.0609,58.25367],[-5.0564,58.25313],[-5.05769,58.25073],[-5.06252,58.25143],[-5.0627,58.25272]]],[[[-7.06678,57.67316],[-7.06418,57.67532],[-7.06199,57.67424],[-7.06078,57.67149],[-7.06344,57.67095],[-7.06372,57.67226],[-7.06678,57.67316]]],[[[-7.20523,57.43416],[-7.19978,57.43477],[-7.19782,57.43416],[-7.1959,57.43314],[-7.20286,57.43242],[-7.20523,57.43416]]],[[[-6.91604,58.27756],[-6.91427,58.27932],[-6.91032,58.27797],[-6.90946,58.27638],[-6.91161,58.2757],[-6.91604,58.27756]]],[[[-5.46422,57.96016],[-5.45936,57.9619],[-5.45592,57.96145],[-5.46042,57.95863],[-5.46422,57.96016]]],[[[-7.09706,58.06591],[-7.094,58.06655],[-7.08995,58.06389],[-7.09174,58.06317],[-7.09662,58.0645],[-7.09706,58.06591]]],[[[-1.07355,60.19177],[-1.06787,60.19376],[-1.06664,60.19116],[-1.06858,60.1901],[-1.07355,60.19177]]],[[[-2.92197,59.17596],[-2.91978,59.17772],[-2.91581,59.17793],[-2.91545,59.17704],[-2.92033,59.17425],[-2.92197,59.17596]]],[[[-5.05991,58.38568],[-5.05666,58.38698],[-5.05273,58.38467],[-5.05543,58.38324],[-5.05991,58.38568]]],[[[-5.10921,58.41852],[-5.10675,58.41949],[-5.10478,58.4184],[-5.10172,58.41903],[-5.10004,58.41699],[-5.10673,58.41658],[-5.10532,58.41789],[-5.10921,58.41852]]],[[[-1.05021,60.36591],[-1.05298,60.36484],[-1.05461,60.36629],[-1.05197,60.36939],[-1.04977,60.36796],[-1.05021,60.36591]]],[[[-7.24326,57.38231],[-7.24155,57.38285],[-7.23458,57.3814],[-7.23446,57.38016],[-7.23893,57.38029],[-7.24326,57.38231]]],[[[-5.20272,58.24989],[-5.19904,58.25362],[-5.19633,58.25154],[-5.19822,58.24985],[-5.20272,58.24989]]],[[[-6.34544,58.18834],[-6.34191,58.19002],[-6.33827,58.18855],[-6.3396,58.18681],[-6.34202,58.18779],[-6.34519,58.18721],[-6.34544,58.18834]]],[[[-7.14183,57.67422],[-7.13953,57.67463],[-7.13154,57.67154],[-7.13325,57.67103],[-7.14122,57.67341],[-7.14183,57.67422]]],[[[-1.37675,60.1556],[-1.37986,60.15507],[-1.38085,60.15639],[-1.38011,60.1583],[-1.37611,60.15866],[-1.37675,60.1556]]],[[[-6.00453,57.53293],[-6.00275,57.53494],[-5.99776,57.53334],[-6.00051,57.53138],[-6.00453,57.53293]]],[[[-7.58929,58.28337],[-7.58465,58.28563],[-7.58247,58.28379],[-7.58686,58.28184],[-7.58929,58.28337]]],[[[-6.38947,56.29147],[-6.38741,56.29326],[-6.38355,56.29274],[-6.38768,56.289],[-6.38947,56.29147]]],[[[-0.89934,60.36362],[-0.90177,60.36279],[-0.90349,60.36327],[-0.9025,60.36485],[-0.89934,60.36573],[-0.89742,60.36627],[-0.89663,60.36455],[-0.89934,60.36362]]],[[[-5.74854,56.24808],[-5.74744,56.25042],[-5.74395,56.25131],[-5.74322,56.24951],[-5.74721,56.24712],[-5.74854,56.24808]]],[[[-1.33124,60.13409],[-1.32854,60.13816],[-1.3267,60.1383],[-1.3262,60.13633],[-1.32854,60.13397],[-1.33124,60.13409]]],[[[-6.72807,58.17818],[-6.7299,58.17798],[-6.73228,58.18135],[-6.72953,58.18217],[-6.72755,58.18076],[-6.72807,58.17818]]],[[[-7.24661,57.75661],[-7.24929,57.75654],[-7.25186,57.75764],[-7.25074,57.75914],[-7.24486,57.75855],[-7.24661,57.75661]]],[[[-6.03427,55.67095],[-6.02875,55.67327],[-6.02545,55.67221],[-6.03186,55.67004],[-6.03427,55.67095]]],[[[-5.78598,56.84894],[-5.78178,56.85168],[-5.78084,56.84956],[-5.78163,56.84692],[-5.78598,56.84894]]],[[[-5.66264,57.52711],[-5.6585,57.5274],[-5.65626,57.52378],[-5.65792,57.52327],[-5.66264,57.52711]]],[[[-5.72182,55.91715],[-5.71785,55.92177],[-5.7159,55.91957],[-5.72065,55.91648],[-5.72182,55.91715]]],[[[-5.20746,58.25261],[-5.20456,58.25431],[-5.20007,58.2533],[-5.20449,58.25104],[-5.20746,58.25261]]],[[[-7.17881,57.65657],[-7.17735,57.65687],[-7.17079,57.65707],[-7.17021,57.65512],[-7.17735,57.65559],[-7.17881,57.65657]]],[[[-5.92596,55.84565],[-5.92534,55.84806],[-5.92258,55.84935],[-5.92108,55.84789],[-5.92355,55.84521],[-5.92596,55.84565]]],[[[-1.07251,60.35168],[-1.07152,60.35383],[-1.06865,60.355],[-1.06804,60.35208],[-1.07073,60.35065],[-1.07251,60.35168]]],[[[-6.31054,56.47209],[-6.30991,56.47359],[-6.30506,56.47529],[-6.30469,56.47395],[-6.30759,56.47152],[-6.31054,56.47209]]],[[[-1.37896,60.12656],[-1.37651,60.12868],[-1.37262,60.12751],[-1.37652,60.12496],[-1.37896,60.12656]]],[[[-7.41481,57.13022],[-7.41228,57.13082],[-7.40785,57.13025],[-7.4105,57.12811],[-7.41412,57.12881],[-7.41481,57.13022]]],[[[-4.80389,58.52833],[-4.8006,58.53096],[-4.79684,58.53047],[-4.80057,58.52766],[-4.80389,58.52833]]],[[[-2.90816,59.22705],[-2.90585,59.22856],[-2.90243,59.22762],[-2.9046,59.22465],[-2.90816,59.22705]]],[[[-5.74037,57.28829],[-5.73832,57.29014],[-5.73507,57.28864],[-5.73635,57.28592],[-5.74037,57.28829]]],[[[-6.2379,56.46074],[-6.24012,56.46027],[-6.24328,56.46183],[-6.23929,56.46366],[-6.23779,56.46326],[-6.2379,56.46074]]],[[[-6.04364,55.65294],[-6.04787,55.65178],[-6.04896,55.65261],[-6.04642,55.65511],[-6.0435,55.65482],[-6.04364,55.65294]]],[[[-6.04315,55.65718],[-6.03895,55.65956],[-6.03739,55.65703],[-6.03986,55.65564],[-6.04315,55.65718]]],[[[-7.39084,57.0089],[-7.38974,57.00967],[-7.38217,57.00762],[-7.38288,57.00658],[-7.3902,57.00812],[-7.39084,57.0089]]],[[[-5.13908,55.80209],[-5.13879,55.80528],[-5.13517,55.80534],[-5.13468,55.80289],[-5.13908,55.80209]]],[[[-5.58406,56.3264],[-5.58075,56.32877],[-5.5792,56.32531],[-5.58287,56.32459],[-5.58406,56.3264]]],[[[-5.31035,55.84929],[-5.30603,55.84969],[-5.30462,55.84862],[-5.30817,55.84636],[-5.30995,55.84776],[-5.31035,55.84929]]],[[[-5.93157,55.84944],[-5.9309,55.85079],[-5.92869,55.85176],[-5.92707,55.85106],[-5.92706,55.84982],[-5.92979,55.84761],[-5.93157,55.84944]]],[[[-5.91222,55.85784],[-5.91177,55.86075],[-5.90756,55.86098],[-5.90926,55.85758],[-5.91222,55.85784]]],[[[-6.35734,55.88792],[-6.3531,55.89008],[-6.34948,55.88855],[-6.3513,55.88735],[-6.35734,55.88792]]],[[[-5.17563,55.92777],[-5.17303,55.92903],[-5.17263,55.92693],[-5.17,55.92612],[-5.17321,55.92414],[-5.17563,55.92777]]],[[[-6.27379,55.99835],[-6.2757,55.99752],[-6.27782,55.99875],[-6.27501,56.00056],[-6.27312,56.00018],[-6.27029,55.9985],[-6.27379,55.99835]]],[[[-5.39039,55.99927],[-5.38828,56.00166],[-5.38457,56.00054],[-5.3862,55.99824],[-5.39039,55.99927]]],[[[-5.40001,55.99937],[-5.39769,56.00203],[-5.39443,56.00336],[-5.39426,56.00165],[-5.39815,55.99893],[-5.40001,55.99937]]],[[[-6.22405,56.00405],[-6.22252,56.0066],[-6.21989,56.00745],[-6.21922,56.00561],[-6.22224,56.00313],[-6.22405,56.00405]]],[[[-5.67484,56.01209],[-5.67157,56.01654],[-5.66919,56.01597],[-5.67269,56.01178],[-5.67484,56.01209]]],[[[-5.97126,56.02047],[-5.97396,56.02028],[-5.97117,56.02315],[-5.96759,56.02426],[-5.9671,56.02318],[-5.97126,56.02047]]],[[[-6.25033,56.02987],[-6.24626,56.0305],[-6.24273,56.02864],[-6.24535,56.028],[-6.24924,56.02852],[-6.25033,56.02987]]],[[[-6.28302,56.0327],[-6.27829,56.03525],[-6.27508,56.03355],[-6.2792,56.03231],[-6.28302,56.0327]]],[[[-5.56926,56.09149],[-5.56671,56.0936],[-5.56447,56.09106],[-5.56761,56.08898],[-5.56926,56.09149]]],[[[-5.1791,58.30797],[-5.17768,58.30972],[-5.17223,58.30928],[-5.17116,58.30856],[-5.17568,58.30747],[-5.1791,58.30797]]],[[[-5.24238,56.10119],[-5.24182,56.10398],[-5.23897,56.10382],[-5.23812,56.10192],[-5.23965,56.10032],[-5.24238,56.10119]]],[[[-6.6431,56.13013],[-6.64309,56.13155],[-6.64071,56.1324],[-6.6384,56.13221],[-6.63791,56.13025],[-6.64043,56.12957],[-6.6431,56.13013]]],[[[-5.56045,56.14337],[-5.55703,56.14591],[-5.55423,56.14639],[-5.55423,56.1449],[-5.5581,56.14271],[-5.56045,56.14337]]],[[[-5.64108,56.18903],[-5.63492,56.18934],[-5.63557,56.18696],[-5.63948,56.18698],[-5.64108,56.18903]]],[[[-5.55751,56.21477],[-5.55327,56.21613],[-5.55316,56.21329],[-5.55693,56.21222],[-5.55751,56.21477]]],[[[-5.57601,56.22044],[-5.57392,56.22396],[-5.57091,56.22401],[-5.57399,56.21951],[-5.57601,56.22044]]],[[[-5.58281,56.23912],[-5.5796,56.2407],[-5.57581,56.23839],[-5.58184,56.23773],[-5.58281,56.23912]]],[[[-5.68472,56.24787],[-5.68329,56.25002],[-5.67823,56.2489],[-5.68083,56.24695],[-5.68472,56.24787]]],[[[-5.69482,56.25352],[-5.69131,56.25386],[-5.68911,56.25129],[-5.69398,56.25097],[-5.69482,56.25352]]],[[[-5.55329,56.25553],[-5.5531,56.25852],[-5.54866,56.25824],[-5.5504,56.25525],[-5.55329,56.25553]]],[[[-7.69795,57.52656],[-7.69623,57.52765],[-7.6924,57.52808],[-7.69249,57.52464],[-7.69795,57.52656]]],[[[-5.97331,56.31418],[-5.96948,56.31568],[-5.96511,56.3144],[-5.96677,56.31303],[-5.97331,56.31418]]],[[[-6.25546,56.32544],[-6.25313,56.32679],[-6.24915,56.32315],[-6.25287,56.32315],[-6.25546,56.32544]]],[[[-6.46486,56.3474],[-6.46476,56.3494],[-6.45847,56.34935],[-6.46274,56.34652],[-6.46486,56.3474]]],[[[-6.40214,56.34935],[-6.40658,56.34849],[-6.40846,56.34925],[-6.40459,56.35134],[-6.40136,56.35059],[-6.40214,56.34935]]],[[[-5.86685,56.35039],[-5.87092,56.35002],[-5.87256,56.35084],[-5.86861,56.35281],[-5.86573,56.3519],[-5.86685,56.35039]]],[[[-5.60351,56.38238],[-5.59968,56.38366],[-5.59854,56.37971],[-5.60328,56.3811],[-5.60351,56.38238]]],[[[-6.24481,56.40994],[-6.24694,56.4098],[-6.25043,56.41134],[-6.24648,56.4128],[-6.24439,56.41211],[-6.24481,56.40994]]],[[[-5.5429,56.41468],[-5.53892,56.41674],[-5.53719,56.41605],[-5.53789,56.41308],[-5.5429,56.41468]]],[[[-5.64904,56.42473],[-5.6488,56.4288],[-5.6462,56.42914],[-5.64619,56.425],[-5.64904,56.42473]]],[[[-6.48544,56.45091],[-6.48332,56.45368],[-6.48069,56.45311],[-6.48239,56.44941],[-6.48544,56.45091]]],[[[-6.13948,56.45288],[-6.13421,56.45339],[-6.13262,56.45218],[-6.13549,56.45027],[-6.13948,56.45288]]],[[[-5.32247,56.45693],[-5.32167,56.45525],[-5.32504,56.45509],[-5.32596,56.4564],[-5.32252,56.45882],[-5.3199,56.45729],[-5.32247,56.45693]]],[[[-6.17284,56.4573],[-6.17019,56.45944],[-6.16691,56.45832],[-6.16763,56.45611],[-6.17284,56.4573]]],[[[-6.22777,56.46274],[-6.2217,56.46551],[-6.22132,56.46299],[-6.22479,56.46193],[-6.22777,56.46274]]],[[[-6.16628,56.48757],[-6.16486,56.48802],[-6.16032,56.48658],[-6.15892,56.48469],[-6.16384,56.48549],[-6.16628,56.48757]]],[[[-6.42322,56.49682],[-6.42573,56.49638],[-6.42769,56.4976],[-6.42627,56.49974],[-6.42285,56.49898],[-6.42322,56.49682]]],[[[-6.41638,56.50407],[-6.41491,56.50615],[-6.41126,56.50594],[-6.41284,56.50256],[-6.41638,56.50407]]],[[[-6.37966,56.52111],[-6.37567,56.521],[-6.37428,56.51991],[-6.37678,56.51813],[-6.37962,56.51917],[-6.37966,56.52111]]],[[[-6.86747,56.53088],[-6.86915,56.53086],[-6.8708,56.53374],[-6.86592,56.53476],[-6.86747,56.53088]]],[[[-5.48216,56.55176],[-5.47923,56.55407],[-5.47656,56.55142],[-5.47853,56.55006],[-5.48216,56.55176]]],[[[-5.45261,56.55738],[-5.44794,56.55903],[-5.44536,56.55738],[-5.44901,56.55596],[-5.45261,56.55738]]],[[[-5.42307,56.5602],[-5.42081,56.56295],[-5.4173,56.56243],[-5.42081,56.5591],[-5.42307,56.5602]]],[[[-5.42123,56.56602],[-5.41588,56.56824],[-5.41472,56.56551],[-5.41967,56.56512],[-5.42123,56.56602]]],[[[-6.63477,56.5677],[-6.63274,56.56948],[-6.62879,56.56747],[-6.63241,56.56575],[-6.63477,56.5677]]],[[[-5.43893,56.57027],[-5.43799,56.57154],[-5.43333,56.57282],[-5.4325,56.57078],[-5.43768,56.56975],[-5.43893,56.57027]]],[[[-6.51847,56.61989],[-6.51324,56.61884],[-6.51292,56.61742],[-6.51687,56.61646],[-6.51847,56.61989]]],[[[-5.98426,56.66851],[-5.98122,56.6711],[-5.97889,56.67081],[-5.9791,56.66788],[-5.98426,56.66851]]],[[[-5.13299,56.68433],[-5.12831,56.68624],[-5.12586,56.68421],[-5.12933,56.68315],[-5.13299,56.68433]]],[[[-6.54407,57.5973],[-6.54287,57.59986],[-6.53986,57.60008],[-6.53866,57.59881],[-6.54124,57.59697],[-6.54407,57.5973]]],[[[-5.69351,56.69579],[-5.68898,56.69619],[-5.68815,56.69478],[-5.6924,56.6927],[-5.69351,56.69579]]],[[[-5.87465,56.95068],[-5.8746,56.953],[-5.86871,56.95288],[-5.8725,56.95006],[-5.87465,56.95068]]],[[[-5.8796,56.81929],[-5.87518,56.82038],[-5.8747,56.81674],[-5.87628,56.81645],[-5.8796,56.81929]]],[[[-5.87374,56.8172],[-5.87246,56.82023],[-5.86968,56.81947],[-5.86924,56.81658],[-5.87374,56.8172]]],[[[-5.83263,56.83533],[-5.83518,56.83417],[-5.83831,56.83475],[-5.83547,56.83736],[-5.83229,56.83641],[-5.83263,56.83533]]],[[[-5.74216,56.85044],[-5.73711,56.85046],[-5.73435,56.84966],[-5.73588,56.84816],[-5.74134,56.84934],[-5.74216,56.85044]]],[[[-5.89137,56.86413],[-5.88689,56.86543],[-5.8856,56.8636],[-5.8873,56.86165],[-5.89137,56.86413]]],[[[-5.89897,56.87319],[-5.89674,56.87619],[-5.89537,56.87543],[-5.89412,56.87251],[-5.89674,56.87227],[-5.89897,56.87319]]],[[[-7.55469,56.87649],[-7.55027,56.87717],[-7.54764,56.87587],[-7.55113,56.87411],[-7.55469,56.87649]]],[[[-5.91029,56.91453],[-5.91311,56.91427],[-5.91422,56.91521],[-5.9142,56.91694],[-5.90786,56.91618],[-5.91029,56.91453]]],[[[-7.52943,56.94319],[-7.52312,56.94529],[-7.52218,56.94355],[-7.52627,56.94209],[-7.52943,56.94319]]],[[[-6.67825,56.96769],[-6.68192,56.96719],[-6.68217,56.96858],[-6.68265,56.96979],[-6.67906,56.97037],[-6.6778,56.96915],[-6.67825,56.96769]]],[[[-6.68686,56.96788],[-6.68567,56.97033],[-6.68359,56.9707],[-6.68229,56.96842],[-6.6845,56.9668],[-6.68686,56.96788]]],[[[-7.37747,56.9818],[-7.37295,56.98281],[-7.37147,56.98048],[-7.37468,56.97953],[-7.37747,56.9818]]],[[[-7.39736,57.00044],[-7.39685,57.00153],[-7.3913,57.0017],[-7.39214,56.99889],[-7.39736,57.00044]]],[[[-7.38162,57.00234],[-7.38038,57.00523],[-7.37813,57.00456],[-7.37613,57.00164],[-7.38162,57.00234]]],[[[-7.39293,57.00606],[-7.39084,57.0068],[-7.38845,57.00522],[-7.38831,57.00275],[-7.39233,57.00435],[-7.39293,57.00606]]],[[[-0.776,60.82966],[-0.77515,60.83197],[-0.76955,60.83211],[-0.77266,60.82952],[-0.776,60.82966]]],[[[-7.30108,57.04783],[-7.29546,57.04965],[-7.29327,57.04746],[-7.29917,57.04702],[-7.30108,57.04783]]],[[[-7.35064,57.082],[-7.35392,57.08111],[-7.35652,57.08319],[-7.35534,57.08406],[-7.35046,57.08326],[-7.35064,57.082]]],[[[-7.3348,57.14621],[-7.33293,57.14643],[-7.32843,57.14395],[-7.33332,57.14314],[-7.3348,57.14621]]],[[[-5.19342,58.30514],[-5.18779,58.30744],[-5.18614,58.30604],[-5.19131,58.30399],[-5.19342,58.30514]]],[[[-5.70612,57.16758],[-5.7038,57.16875],[-5.70095,57.16814],[-5.70047,57.16668],[-5.70386,57.16557],[-5.70612,57.16758]]],[[[-5.92219,57.27547],[-5.92142,57.27679],[-5.91915,57.2763],[-5.91768,57.27423],[-5.91827,57.27299],[-5.92026,57.27307],[-5.92219,57.27547]]],[[[-5.74307,57.27832],[-5.74056,57.2807],[-5.73791,57.28058],[-5.73768,57.27885],[-5.74009,57.27754],[-5.74307,57.27832]]],[[[-5.92873,57.32726],[-5.92649,57.32838],[-5.92357,57.32678],[-5.92538,57.325],[-5.92762,57.32506],[-5.92873,57.32726]]],[[[-6.6736,57.33697],[-6.67009,57.33831],[-6.66719,57.33707],[-6.67018,57.33492],[-6.6736,57.33697]]],[[[-5.67026,57.34187],[-5.66904,57.34344],[-5.66388,57.34462],[-5.66205,57.34304],[-5.67026,57.34187]]],[[[-7.20751,57.34444],[-7.21083,57.3436],[-7.2116,57.34453],[-7.2083,57.34755],[-7.20642,57.34695],[-7.20751,57.34444]]],[[[-7.22885,57.35197],[-7.22343,57.35303],[-7.22114,57.3511],[-7.22552,57.35044],[-7.22885,57.35197]]],[[[-7.2563,57.36836],[-7.25874,57.36783],[-7.26056,57.36957],[-7.25901,57.37089],[-7.25567,57.37111],[-7.2563,57.36836]]],[[[-7.27732,57.3711],[-7.27317,57.37187],[-7.27051,57.3712],[-7.26881,57.37017],[-7.27316,57.36951],[-7.27732,57.3711]]],[[[-5.50603,57.38837],[-5.499,57.38973],[-5.4973,57.38802],[-5.50372,57.38743],[-5.50603,57.38837]]],[[[-7.25412,57.38935],[-7.25167,57.38964],[-7.24702,57.38911],[-7.24677,57.38816],[-7.24946,57.38738],[-7.25306,57.38816],[-7.25412,57.38935]]],[[[-7.28985,57.39563],[-7.28387,57.39614],[-7.28229,57.39414],[-7.28803,57.39408],[-7.28985,57.39563]]],[[[-7.38025,57.39807],[-7.37685,57.40085],[-7.37372,57.39986],[-7.37745,57.39736],[-7.38025,57.39807]]],[[[-7.37438,57.40397],[-7.3725,57.40624],[-7.36769,57.40418],[-7.3727,57.40298],[-7.37438,57.40397]]],[[[-7.20099,57.42812],[-7.19485,57.42684],[-7.19539,57.42465],[-7.20031,57.42634],[-7.20099,57.42812]]],[[[-7.23169,57.44381],[-7.2284,57.44372],[-7.22537,57.4416],[-7.22982,57.44078],[-7.23169,57.44381]]],[[[-7.21708,57.44875],[-7.21463,57.44975],[-7.20808,57.44805],[-7.21144,57.44709],[-7.21708,57.44875]]],[[[-7.18325,57.45162],[-7.18058,57.45261],[-7.1761,57.45088],[-7.17697,57.44997],[-7.18142,57.45027],[-7.18325,57.45162]]],[[[-6.64702,57.45276],[-6.64506,57.45399],[-6.63897,57.45108],[-6.6416,57.44981],[-6.64378,57.45214],[-6.64702,57.45276]]],[[[-7.19383,57.45806],[-7.19648,57.45796],[-7.19759,57.4598],[-7.19678,57.4612],[-7.19307,57.46066],[-7.19383,57.45806]]],[[[-7.21324,57.46966],[-7.21158,57.47077],[-7.20547,57.46887],[-7.20882,57.4677],[-7.21324,57.46966]]],[[[-7.23737,57.47594],[-7.23414,57.47682],[-7.23068,57.47516],[-7.23254,57.47419],[-7.23669,57.47458],[-7.23737,57.47594]]],[[[-7.2933,57.48356],[-7.29111,57.48629],[-7.28891,57.48596],[-7.28862,57.4827],[-7.2933,57.48356]]],[[[-6.04409,57.48821],[-6.03996,57.48931],[-6.03726,57.48656],[-6.04158,57.48653],[-6.04409,57.48821]]],[[[-7.21391,57.49603],[-7.21171,57.49731],[-7.20848,57.49556],[-7.20944,57.49375],[-7.2122,57.49439],[-7.21391,57.49603]]],[[[-7.29545,57.50036],[-7.29243,57.50092],[-7.28852,57.49961],[-7.28811,57.49813],[-7.29097,57.49823],[-7.29545,57.50036]]],[[[-7.30159,57.50191],[-7.29997,57.50335],[-7.29677,57.50059],[-7.2996,57.49875],[-7.30159,57.50191]]],[[[-7.21247,57.50696],[-7.21017,57.50799],[-7.2033,57.50641],[-7.20524,57.50533],[-7.21247,57.50696]]],[[[-7.33334,57.51354],[-7.33651,57.51229],[-7.33678,57.51499],[-7.33518,57.51658],[-7.33308,57.51581],[-7.33334,57.51354]]],[[[-7.33873,57.52605],[-7.33455,57.52769],[-7.33312,57.52532],[-7.33641,57.52407],[-7.33873,57.52605]]],[[[-6.64094,57.52969],[-6.63982,57.53042],[-6.63555,57.5292],[-6.63614,57.52708],[-6.63933,57.52767],[-6.64094,57.52969]]],[[[-7.4055,57.54419],[-7.40123,57.54411],[-7.39947,57.54146],[-7.4019,57.54083],[-7.4055,57.54419]]],[[[-7.26994,57.55491],[-7.2668,57.55597],[-7.26248,57.55458],[-7.26842,57.55314],[-7.26994,57.55491]]],[[[-5.75442,57.55928],[-5.75387,57.56116],[-5.75092,57.56145],[-5.74945,57.56005],[-5.75119,57.55814],[-5.75442,57.55928]]],[[[-6.51579,57.59099],[-6.51499,57.59408],[-6.51212,57.5942],[-6.51124,57.59148],[-6.51579,57.59099]]],[[[-7.14272,57.59771],[-7.13749,57.59868],[-7.1349,57.59719],[-7.14095,57.59615],[-7.14272,57.59771]]],[[[-4.00545,57.6022],[-4.00392,57.60339],[-3.99789,57.6023],[-3.99798,57.6006],[-4.00545,57.6022]]],[[[-7.16526,57.61695],[-7.16296,57.61762],[-7.16135,57.61704],[-7.15908,57.61769],[-7.15733,57.61717],[-7.15789,57.61611],[-7.15955,57.61568],[-7.16289,57.61569],[-7.16526,57.61695]]],[[[-3.73774,57.64335],[-3.73165,57.64571],[-3.72981,57.64433],[-3.73568,57.64249],[-3.73774,57.64335]]],[[[-7.06866,57.64904],[-7.06638,57.64992],[-7.06144,57.64841],[-7.06335,57.64666],[-7.06866,57.64904]]],[[[-7.12638,57.65349],[-7.12445,57.65452],[-7.12231,57.65447],[-7.11928,57.6541],[-7.11919,57.65284],[-7.12231,57.65231],[-7.12638,57.65349]]],[[[-3.71922,57.65385],[-3.71372,57.6559],[-3.71197,57.65503],[-3.71516,57.65268],[-3.71922,57.65385]]],[[[-7.39699,57.65703],[-7.39375,57.65808],[-7.39193,57.65706],[-7.39376,57.65463],[-7.39554,57.65466],[-7.39699,57.65703]]],[[[-7.15818,57.65657],[-7.15665,57.65724],[-7.15319,57.65811],[-7.15045,57.65576],[-7.15665,57.6558],[-7.15818,57.65657]]],[[[-7.04334,57.66244],[-7.04175,57.66509],[-7.03732,57.66184],[-7.04199,57.66152],[-7.04334,57.66244]]],[[[-7.15146,57.66538],[-7.15025,57.66769],[-7.14797,57.66776],[-7.14675,57.66482],[-7.14858,57.66435],[-7.15146,57.66538]]],[[[-7.12826,57.6657],[-7.12927,57.66568],[-7.13325,57.66791],[-7.13211,57.66897],[-7.12826,57.66761],[-7.12739,57.66731],[-7.12674,57.66573],[-7.12826,57.6657]]],[[[-7.31629,57.66833],[-7.313,57.66933],[-7.31061,57.66754],[-7.31433,57.66572],[-7.31629,57.66833]]],[[[-7.41736,57.6672],[-7.41516,57.6694],[-7.41082,57.66728],[-7.41209,57.66613],[-7.41736,57.6672]]],[[[-7.11978,57.67022],[-7.11978,57.67135],[-7.11733,57.67196],[-7.11369,57.67019],[-7.11508,57.66886],[-7.11978,57.67022]]],[[[-7.08029,57.67148],[-7.07599,57.6725],[-7.07404,57.67045],[-7.07742,57.66929],[-7.08029,57.67148]]],[[[-7.12225,57.6706],[-7.1242,57.66959],[-7.12717,57.6721],[-7.1244,57.67317],[-7.12225,57.67259],[-7.12225,57.6706]]],[[[-7.34667,57.67902],[-7.34461,57.68121],[-7.34087,57.67977],[-7.34461,57.67749],[-7.34667,57.67902]]],[[[-7.1476,57.68584],[-7.14573,57.68629],[-7.14298,57.68475],[-7.14316,57.68294],[-7.14662,57.68321],[-7.1476,57.68584]]],[[[-6.35333,57.68937],[-6.34792,57.68977],[-6.34678,57.688],[-6.34952,57.68681],[-6.35333,57.68937]]],[[[-7.05744,57.69985],[-7.05591,57.70115],[-7.05173,57.69889],[-7.05293,57.69757],[-7.05531,57.69789],[-7.05744,57.69985]]],[[[-7.10195,57.70199],[-7.09783,57.70318],[-7.09408,57.7014],[-7.09671,57.70035],[-7.10195,57.70199]]],[[[-7.68678,57.70326],[-7.6836,57.70438],[-7.67951,57.70342],[-7.6808,57.70148],[-7.68678,57.70326]]],[[[-7.09537,57.7036],[-7.09284,57.70528],[-7.09033,57.7048],[-7.08988,57.70286],[-7.09219,57.70211],[-7.09537,57.7036]]],[[[-0.90959,60.32563],[-0.90547,60.32845],[-0.90331,60.32635],[-0.90559,60.325],[-0.90959,60.32563]]],[[[-7.1085,57.75196],[-7.10644,57.75302],[-7.10331,57.752],[-7.10257,57.75049],[-7.10817,57.75049],[-7.1085,57.75196]]],[[[-7.05678,57.75372],[-7.05472,57.75508],[-7.05308,57.75467],[-7.052,57.75316],[-7.0544,57.75179],[-7.05672,57.752],[-7.05678,57.75372]]],[[[-7.02511,57.76399],[-7.01978,57.76378],[-7.02254,57.76082],[-7.02455,57.7613],[-7.02511,57.76399]]],[[[-7.05236,57.77187],[-7.0502,57.77159],[-7.04827,57.76864],[-7.04895,57.7675],[-7.05228,57.76918],[-7.05236,57.77187]]],[[[-7.05776,57.77041],[-7.05515,57.7721],[-7.05251,57.77054],[-7.0536,57.76804],[-7.05776,57.77041]]],[[[-7.26528,57.7966],[-7.26457,57.79768],[-7.25934,57.79628],[-7.25972,57.79446],[-7.26192,57.79461],[-7.26528,57.7966]]],[[[-6.78685,57.81231],[-6.78471,57.81419],[-6.78188,57.81357],[-6.78244,57.81045],[-6.78685,57.81231]]],[[[-6.74216,57.84965],[-6.74043,57.8508],[-6.73522,57.85141],[-6.73749,57.84845],[-6.74216,57.84965]]],[[[-6.71512,57.86861],[-6.71426,57.86978],[-6.71041,57.86947],[-6.70895,57.8673],[-6.71359,57.86744],[-6.71512,57.86861]]],[[[-8.49862,57.87937],[-8.49797,57.88155],[-8.49677,57.88253],[-8.49415,57.88081],[-8.49373,57.87973],[-8.49692,57.87897],[-8.49862,57.87937]]],[[[-6.33063,57.8996],[-6.32965,57.90051],[-6.32258,57.89948],[-6.32273,57.89773],[-6.33063,57.8996]]],[[[-6.6241,57.90905],[-6.62204,57.91092],[-6.6185,57.9073],[-6.61946,57.90629],[-6.6241,57.90905]]],[[[-6.89493,57.91755],[-6.8893,57.91837],[-6.88769,57.91695],[-6.89136,57.91558],[-6.89493,57.91755]]],[[[-6.60164,57.92634],[-6.60112,57.92738],[-6.5983,57.92678],[-6.59495,57.92433],[-6.59711,57.92415],[-6.60022,57.92499],[-6.60164,57.92634]]],[[[-5.43253,58.01079],[-5.42939,58.01196],[-5.42745,58.01022],[-5.43116,58.00795],[-5.43253,58.01079]]],[[[-7.06865,58.02727],[-7.0683,58.03095],[-7.06585,58.03026],[-7.06425,58.02765],[-7.06865,58.02727]]],[[[-7.11647,58.17746],[-7.10987,58.17883],[-7.10964,58.17694],[-7.11415,58.17603],[-7.11647,58.17746]]],[[[-5.28927,58.10433],[-5.28871,58.10613],[-5.28676,58.10667],[-5.28304,58.10493],[-5.28796,58.10365],[-5.28927,58.10433]]],[[[-5.31051,58.10995],[-5.30891,58.11144],[-5.30389,58.10903],[-5.30966,58.10833],[-5.31051,58.10995]]],[[[-6.38437,58.11891],[-6.38789,58.11813],[-6.38955,58.11941],[-6.38326,58.12109],[-6.38194,58.12042],[-6.38437,58.11891]]],[[[-6.40631,58.12513],[-6.40452,58.12775],[-6.40063,58.12672],[-6.40441,58.12403],[-6.40631,58.12513]]],[[[-5.12203,58.42938],[-5.11875,58.4315],[-5.11627,58.43001],[-5.12068,58.4276],[-5.12203,58.42938]]],[[[-6.88971,58.18322],[-6.88935,58.1851],[-6.88838,58.18626],[-6.88628,58.18687],[-6.88532,58.18573],[-6.88818,58.18252],[-6.88971,58.18322]]],[[[-6.74661,58.19],[-6.74194,58.1915],[-6.74175,58.18935],[-6.74404,58.1874],[-6.74661,58.19]]],[[[-6.88889,58.19485],[-6.88658,58.19674],[-6.88388,58.19362],[-6.88724,58.19266],[-6.88889,58.19485]]],[[[-6.86548,58.19577],[-6.86484,58.19837],[-6.86017,58.19814],[-6.86253,58.19539],[-6.86548,58.19577]]],[[[-6.38512,58.2031],[-6.38399,58.20394],[-6.37949,58.20331],[-6.37796,58.20117],[-6.38432,58.20227],[-6.38512,58.2031]]],[[[-6.88452,58.21924],[-6.88004,58.22123],[-6.8776,58.21936],[-6.88257,58.21811],[-6.88452,58.21924]]],[[[-6.93794,58.22544],[-6.93554,58.2251],[-6.93397,58.2233],[-6.93542,58.22115],[-6.93781,58.22291],[-6.93794,58.22544]]],[[[-5.56321,56.15593],[-5.56439,56.15558],[-5.56602,56.15593],[-5.56555,56.1568],[-5.56743,56.15824],[-5.56665,56.15885],[-5.5627,56.15842],[-5.56234,56.15698],[-5.56321,56.15593]]],[[[-6.93335,58.26221],[-6.92784,58.26253],[-6.92696,58.26043],[-6.93074,58.26002],[-6.93335,58.26221]]],[[[-6.88065,58.27757],[-6.87541,58.28063],[-6.87396,58.28008],[-6.87594,58.27726],[-6.88065,58.27757]]],[[[-7.65053,58.28035],[-7.65015,58.28153],[-7.64426,58.28257],[-7.64511,58.27992],[-7.65053,58.28035]]],[[[-7.58124,58.2846],[-7.57537,58.28622],[-7.57459,58.2837],[-7.57986,58.28364],[-7.58124,58.2846]]],[[[-6.83503,58.28479],[-6.8349,58.28674],[-6.83045,58.28753],[-6.83036,58.28483],[-6.83503,58.28479]]],[[[-6.26739,58.28667],[-6.26546,58.28811],[-6.26107,58.28894],[-6.26196,58.28602],[-6.26739,58.28667]]],[[[-5.17015,58.31321],[-5.16908,58.31425],[-5.16551,58.31385],[-5.16544,58.31236],[-5.16899,58.31086],[-5.17015,58.31321]]],[[[-5.18202,58.3143],[-5.18567,58.3142],[-5.18583,58.31546],[-5.18431,58.31695],[-5.18048,58.31651],[-5.18202,58.3143]]],[[[-5.16917,58.31785],[-5.16361,58.31805],[-5.16286,58.31581],[-5.16528,58.31524],[-5.16917,58.31785]]],[[[-5.14304,58.3217],[-5.14515,58.32059],[-5.14746,58.32146],[-5.14304,58.32426],[-5.14093,58.32384],[-5.14304,58.3217]]],[[[-5.16539,58.38832],[-5.16462,58.38926],[-5.16011,58.38968],[-5.1571,58.38912],[-5.15701,58.3879],[-5.16539,58.38832]]],[[[-5.04418,58.38918],[-5.04353,58.38783],[-5.04769,58.38805],[-5.04717,58.38945],[-5.0436,58.39151],[-5.04193,58.39091],[-5.04418,58.38918]]],[[[-5.15874,58.39311],[-5.15687,58.39438],[-5.15324,58.39219],[-5.15354,58.39096],[-5.15613,58.39099],[-5.15874,58.39311]]],[[[-5.06373,58.41098],[-5.06197,58.41201],[-5.05771,58.41275],[-5.05759,58.41033],[-5.05988,58.41004],[-5.06373,58.41098]]],[[[-5.08534,58.45036],[-5.08901,58.45023],[-5.08719,58.45316],[-5.08465,58.45305],[-5.08365,58.45164],[-5.08534,58.45036]]],[[[-4.45401,58.48161],[-4.45098,58.48237],[-4.44801,58.47957],[-4.45145,58.47902],[-4.45401,58.48161]]],[[[-4.62455,58.52794],[-4.63051,58.52725],[-4.6311,58.52796],[-4.62864,58.5295],[-4.62363,58.52911],[-4.62455,58.52794]]],[[[-4.387,58.54314],[-4.3899,58.54303],[-4.38968,58.54517],[-4.38803,58.5472],[-4.38637,58.54659],[-4.387,58.54314]]],[[[-4.42448,58.55289],[-4.42061,58.552],[-4.4215,58.5486],[-4.42336,58.54891],[-4.42448,58.55289]]],[[[-4.64763,58.55494],[-4.64473,58.55615],[-4.6429,58.55182],[-4.64594,58.55249],[-4.64763,58.55494]]],[[[-4.85056,58.60512],[-4.84735,58.60616],[-4.84478,58.60432],[-4.84564,58.60228],[-4.85056,58.60512]]],[[[-2.90808,58.67419],[-2.91271,58.67308],[-2.91478,58.67455],[-2.90776,58.67595],[-2.90808,58.67419]]],[[[-2.97842,58.73042],[-2.97472,58.73334],[-2.97296,58.73149],[-2.97479,58.72948],[-2.97842,58.73042]]],[[[-7.15762,57.50574],[-7.15657,57.50639],[-7.15444,57.50734],[-7.15097,57.50565],[-7.15206,57.50457],[-7.15657,57.50513],[-7.15762,57.50574]]],[[[-2.57031,59.06605],[-2.56621,59.06725],[-2.5648,59.064],[-2.56729,59.06389],[-2.57031,59.06605]]],[[[-2.89977,59.08051],[-2.8975,59.0815],[-2.89423,59.07947],[-2.89739,59.07773],[-2.89977,59.08051]]],[[[-0.90463,60.35799],[-0.90903,60.3568],[-0.91038,60.35723],[-0.90855,60.35951],[-0.90408,60.35919],[-0.90463,60.35799]]],[[[-2.60408,59.15173],[-2.60046,59.15303],[-2.59728,59.15228],[-2.6003,59.15],[-2.60408,59.15173]]],[[[-2.82267,59.16412],[-2.82546,59.16355],[-2.82631,59.16521],[-2.82525,59.16706],[-2.82264,59.16706],[-2.82267,59.16412]]],[[[-2.67734,59.1938],[-2.67367,59.19372],[-2.67322,59.19078],[-2.67621,59.19057],[-2.67734,59.1938]]],[[[-2.59264,59.22249],[-2.59097,59.22366],[-2.58722,59.22265],[-2.58992,59.21989],[-2.59264,59.22249]]],[[[-2.55899,59.27591],[-2.55346,59.27774],[-2.55128,59.27586],[-2.55719,59.27509],[-2.55899,59.27591]]],[[[-0.94683,60.64502],[-0.94072,60.64493],[-0.93913,60.64608],[-0.93695,60.64443],[-0.94564,60.64368],[-0.94683,60.64502]]],[[[-1.32038,59.84909],[-1.31496,59.85206],[-1.31346,59.84994],[-1.31654,59.84893],[-1.32038,59.84909]]],[[[-1.32589,59.87084],[-1.32483,59.87243],[-1.32045,59.87083],[-1.32298,59.86884],[-1.32483,59.86985],[-1.32589,59.87084]]],[[[-1.34958,60.10588],[-1.34732,60.10804],[-1.34416,60.10526],[-1.3482,60.10443],[-1.34958,60.10588]]],[[[-1.31777,60.12356],[-1.31333,60.12642],[-1.3116,60.12482],[-1.31363,60.1231],[-1.31777,60.12356]]],[[[-1.33025,60.16545],[-1.32861,60.16623],[-1.325,60.16689],[-1.32496,60.16527],[-1.32861,60.16354],[-1.33025,60.16545]]],[[[-1.10423,60.18214],[-1.10407,60.18313],[-1.0994,60.18409],[-1.09713,60.18361],[-1.10191,60.18138],[-1.10423,60.18214]]],[[[-1.3246,60.20492],[-1.32335,60.20691],[-1.31996,60.20636],[-1.31977,60.20514],[-1.32416,60.20355],[-1.3246,60.20492]]],[[[-1.14283,60.2426],[-1.13985,60.24422],[-1.13654,60.2442],[-1.13664,60.24185],[-1.14283,60.2426]]],[[[-1.55523,60.30896],[-1.54983,60.30972],[-1.5488,60.3078],[-1.55228,60.30705],[-1.55523,60.30896]]],[[[-1.49332,60.32212],[-1.49003,60.3237],[-1.48519,60.32237],[-1.48954,60.32126],[-1.49332,60.32212]]],[[[-1.06182,60.35684],[-1.05758,60.35808],[-1.05676,60.35542],[-1.0611,60.35512],[-1.06182,60.35684]]],[[[-1.06147,60.3671],[-1.06049,60.36863],[-1.05674,60.36947],[-1.05532,60.36863],[-1.05815,60.36667],[-1.06147,60.3671]]],[[[-0.89404,60.36701],[-0.89881,60.36673],[-0.89698,60.36919],[-0.89288,60.36913],[-0.89404,60.36701]]],[[[-1.0266,60.37182],[-1.02636,60.37305],[-1.02258,60.37391],[-1.02001,60.37339],[-1.02346,60.37135],[-1.0266,60.37182]]],[[[-1.81881,60.37621],[-1.81532,60.3772],[-1.81169,60.37572],[-1.81538,60.37441],[-1.81881,60.37621]]],[[[-0.80132,60.39553],[-0.80555,60.39487],[-0.80584,60.3961],[-0.80296,60.39786],[-0.80062,60.39755],[-0.80132,60.39553]]],[[[-0.79794,60.4057],[-0.7922,60.40635],[-0.78997,60.40512],[-0.79492,60.40405],[-0.79794,60.4057]]],[[[-0.73118,60.42356],[-0.72621,60.42589],[-0.7245,60.42404],[-0.72766,60.42281],[-0.73118,60.42356]]],[[[-1.15594,60.43003],[-1.15153,60.43066],[-1.14955,60.42819],[-1.15195,60.42767],[-1.15594,60.43003]]],[[[-1.45765,60.44696],[-1.45158,60.44786],[-1.45364,60.4449],[-1.45661,60.44549],[-1.45765,60.44696]]],[[[-1.14952,60.48696],[-1.14612,60.48681],[-1.14464,60.48467],[-1.14609,60.48357],[-1.14939,60.48563],[-1.14952,60.48696]]],[[[-1.03969,60.60383],[-1.03741,60.60395],[-1.03452,60.60284],[-1.0351,60.6012],[-1.03848,60.60143],[-1.03969,60.60383]]],[[[-0.90095,60.63257],[-0.89952,60.63426],[-0.89678,60.63453],[-0.8949,60.63291],[-0.89952,60.63181],[-0.90095,60.63257]]],[[[-1.11407,60.73656],[-1.10892,60.73752],[-1.10868,60.73535],[-1.1138,60.73495],[-1.11407,60.73656]]],[[[-1.12344,60.33292],[-1.12474,60.3317],[-1.12586,60.3321],[-1.1288,60.33333],[-1.12586,60.33464],[-1.12556,60.33476],[-1.12279,60.33353],[-1.12344,60.33292]]],[[[-7.12826,57.65496],[-7.13047,57.65469],[-7.13251,57.65549],[-7.13148,57.65673],[-7.12826,57.65688],[-7.12607,57.6556],[-7.12826,57.65496]]],[[[-5.35235,58.12934],[-5.35179,58.13009],[-5.35025,58.13013],[-5.34515,58.13021],[-5.34413,58.12934],[-5.34841,58.12867],[-5.35025,58.12878],[-5.35235,58.12934]]],[[[-7.66101,56.80516],[-7.66431,56.80486],[-7.66369,56.80725],[-7.66253,56.80785],[-7.65949,56.8056],[-7.66101,56.80516]]],[[[-7.19541,57.5123],[-7.19371,57.51263],[-7.18856,57.51112],[-7.18804,57.51052],[-7.18957,57.50998],[-7.19341,57.51134],[-7.19468,57.5114],[-7.19541,57.5123]]],[[[-6.63415,56.13038],[-6.63694,56.13028],[-6.63793,56.13102],[-6.63703,56.1319],[-6.63403,56.13229],[-6.63269,56.13111],[-6.63415,56.13038]]],[[[-6.34725,56.27237],[-6.3446,56.27327],[-6.3424,56.27165],[-6.34268,56.27088],[-6.34577,56.27099],[-6.34725,56.27237]]],[[[-6.16575,56.43663],[-6.16273,56.43779],[-6.16088,56.43554],[-6.16357,56.43504],[-6.16575,56.43663]]],[[[-5.90172,56.65568],[-5.90091,56.65618],[-5.89839,56.65597],[-5.89786,56.65409],[-5.90064,56.65358],[-5.90172,56.65568]]],[[[-7.66065,56.81692],[-7.65644,56.81759],[-7.65587,56.81652],[-7.65676,56.81506],[-7.65913,56.81571],[-7.66065,56.81692]]],[[[-5.27006,58.26675],[-5.26686,58.26896],[-5.26495,58.26812],[-5.26616,58.26649],[-5.27006,58.26675]]],[[[-5.18279,58.36916],[-5.18694,58.36894],[-5.18581,58.37016],[-5.18268,58.37124],[-5.18159,58.37077],[-5.18279,58.36916]]],[[[-5.1837,58.3723],[-5.18122,58.37316],[-5.18076,58.3717],[-5.18181,58.37107],[-5.1837,58.3723]]],[[[-4.38856,58.54774],[-4.38849,58.54867],[-4.38756,58.54923],[-4.38662,58.54884],[-4.38648,58.54757],[-4.38793,58.54726],[-4.38856,58.54774]]],[[[-6.51704,57.58988],[-6.51508,57.59049],[-6.51419,57.58992],[-6.51458,57.58849],[-6.51704,57.58988]]]]},"properties":{"code":"UKM6","nom":"Highlands and Islands","country":"SCO"}},{"type":"Feature","geometry":{"type":"MultiPolygon","coordinates":[[[[-4.72163,56.32725],[-4.7205,56.32195],[-4.71693,56.32347],[-4.71671,56.32981],[-4.695,56.32279],[-4.67696,56.32631],[-4.66721,56.32585],[-4.65888,56.32185],[-4.6593,56.31655],[-4.662,56.31604],[-4.66775,56.3186],[-4.67607,56.31265],[-4.67671,56.30809],[-4.67173,56.303],[-4.68163,56.298],[-4.67885,56.28989],[-4.663,56.28715],[-4.66111,56.28176],[-4.66707,56.27999],[-4.67294,56.28116],[-4.68046,56.27745],[-4.69305,56.27843],[-4.69722,56.27371],[-4.69763,56.26211],[-4.70113,56.25388],[-4.70063,56.25276],[-4.6857,56.21907],[-4.68508,56.21693],[-4.68549,56.21323],[-4.68645,56.2117],[-4.69497,56.2037],[-4.69577,56.20138],[-4.69539,56.19928],[-4.69054,56.19317],[-4.68769,56.18789],[-4.67575,56.17718],[-4.67278,56.17497],[-4.65561,56.1651],[-4.65529,56.16322],[-4.65756,56.1589],[-4.65733,56.15714],[-4.65503,56.15379],[-4.65088,56.1505],[-4.65178,56.14652],[-4.65131,56.14402],[-4.6428,56.13362],[-4.64117,56.12359],[-4.63749,56.12061],[-4.63276,56.1186],[-4.62198,56.11724],[-4.59976,56.11545],[-4.59417,56.11394],[-4.59044,56.11099],[-4.58914,56.10796],[-4.59088,56.10424],[-4.60442,56.0906],[-4.60533,56.089],[-4.60398,56.08739],[-4.59821,56.08434],[-4.59246,56.07629],[-4.58658,56.07373],[-4.57196,56.07412],[-4.5566,56.07159],[-4.53111,56.07283],[-4.52184,56.06998],[-4.50603,56.05975],[-4.50165,56.06081],[-4.50291,56.0662],[-4.49256,56.06328],[-4.48589,56.06472],[-4.4849,56.06099],[-4.4766,56.06018],[-4.47583,56.05676],[-4.48078,56.05229],[-4.49671,56.04746],[-4.48854,56.04],[-4.49081,56.03366],[-4.48735,56.02384],[-4.48033,56.0211],[-4.48177,56.012],[-4.47282,56.00484],[-4.47033,56.00285],[-4.45061,56.00431],[-4.44697,56.00333],[-4.44442,55.9967],[-4.4288,55.98171],[-4.43036,55.97913],[-4.4144,55.9723],[-4.40205,55.97194],[-4.39356,55.97822],[-4.38736,55.97909],[-4.37529,55.98078],[-4.36769,55.9804],[-4.36621,55.97909],[-4.36221,55.97554],[-4.35115,55.97092],[-4.34285,55.96291],[-4.33377,55.95915],[-4.3147,55.95997],[-4.30445,55.95761],[-4.28641,55.95789],[-4.28597,55.95908],[-4.28787,55.961],[-4.29364,55.96294],[-4.2928,55.96437],[-4.29034,55.96459],[-4.28865,55.96694],[-4.28175,55.96714],[-4.27266,55.96545],[-4.27855,55.97418],[-4.27488,55.97909],[-4.27576,55.99419],[-4.29475,56.01061],[-4.29838,56.01762],[-4.29506,56.02544],[-4.27723,56.02819],[-4.27178,56.02367],[-4.25444,56.01718],[-4.24208,56.01675],[-4.22212,56.01973],[-4.20712,56.01658],[-4.19739,56.01126],[-4.17574,56.01839],[-4.16702,56.02895],[-4.1619,56.02903],[-4.15752,56.02518],[-4.15675,56.01319],[-4.15238,56.00814],[-4.13692,56.00658],[-4.12484,56.00992],[-4.11893,56.01412],[-4.10278,56.01832],[-4.09534,56.02751],[-4.08073,56.02626],[-4.07783,56.02677],[-4.06149,56.02962],[-4.04492,56.03082],[-4.02012,56.02814],[-4.02921,56.01016],[-4.02259,56.00984],[-4.01726,56.00611],[-4.00596,56.0072],[-3.99439,56.00597],[-3.98831,56.00724],[-3.98076,56.00035],[-3.98133,55.99514],[-3.97525,55.99201],[-3.98836,55.9874],[-3.98438,55.98338],[-3.97411,55.98513],[-3.96297,55.98702],[-3.9446,55.98166],[-3.94398,55.98117],[-3.94514,55.97909],[-3.9491,55.97201],[-3.94138,55.96865],[-3.93758,55.96341],[-3.93408,55.96369],[-3.9232,55.96454],[-3.9104,55.95981],[-3.90247,55.96233],[-3.90058,55.96133],[-3.89856,55.96124],[-3.86781,55.96271],[-3.86034,55.95934],[-3.87036,55.95351],[-3.88078,55.95197],[-3.89045,55.94835],[-3.9027,55.93819],[-3.89815,55.93687],[-3.89105,55.93678],[-3.87535,55.92319],[-3.83582,55.91215],[-3.83239,55.90796],[-3.83021,55.90716],[-3.82603,55.90562],[-3.81079,55.90473],[-3.82255,55.89659],[-3.83015,55.89355],[-3.82421,55.88565],[-3.81174,55.88342],[-3.80292,55.87533],[-3.79363,55.87413],[-3.78473,55.87705],[-3.77858,55.87681],[-3.77189,55.88076],[-3.76917,55.87674],[-3.76319,55.87436],[-3.75758,55.87726],[-3.72207,55.88492],[-3.71374,55.88234],[-3.71302,55.87723],[-3.71297,55.87576],[-3.71112,55.8739],[-3.73055,55.87032],[-3.7375,55.8671],[-3.74713,55.86559],[-3.74633,55.86062],[-3.75024,55.8591],[-3.74888,55.85648],[-3.74446,55.84032],[-3.74389,55.83913],[-3.73978,55.8306],[-3.73346,55.82402],[-3.71809,55.81517],[-3.71614,55.81404],[-3.74045,55.80015],[-3.73441,55.79314],[-3.74401,55.78211],[-3.75758,55.775],[-3.7658,55.77068],[-3.77241,55.77164],[-3.78166,55.7699],[-3.79595,55.77175],[-3.81087,55.76782],[-3.81791,55.76763],[-3.84899,55.76454],[-3.85189,55.76405],[-3.85915,55.76455],[-3.86832,55.76424],[-3.87751,55.75906],[-3.88718,55.75885],[-3.8967,55.75622],[-3.90866,55.74884],[-3.91519,55.74145],[-3.91482,55.73861],[-3.91672,55.73566],[-3.92023,55.73584],[-3.93049,55.74828],[-3.93408,55.74845],[-3.94036,55.74875],[-3.95026,55.75183],[-3.95736,55.75622],[-3.96344,55.75998],[-3.96925,55.76164],[-3.97253,55.76257],[-3.97411,55.76556],[-3.975,55.76723],[-4.00071,55.77067],[-3.99915,55.77901],[-4.01187,55.78081],[-4.01785,55.78452],[-4.02598,55.78546],[-4.04263,55.79647],[-4.0448,55.79713],[-4.04687,55.79676],[-4.04842,55.79736],[-4.05335,55.80138],[-4.05155,55.80392],[-4.04549,55.80733],[-4.04117,55.80913],[-4.05335,55.81517],[-4.06149,55.81921],[-4.07783,55.82478],[-4.10704,55.83475],[-4.10963,55.83268],[-4.1095,55.83142],[-4.11206,55.82925],[-4.11205,55.82816],[-4.11051,55.82629],[-4.11278,55.82608],[-4.12707,55.83209],[-4.13012,55.83337],[-4.14063,55.83041],[-4.14538,55.82848],[-4.14783,55.8283],[-4.15479,55.82812],[-4.15752,55.82777],[-4.15997,55.82746],[-4.16458,55.82585],[-4.17428,55.8244],[-4.18313,55.83578],[-4.18903,55.83534],[-4.19223,55.83216],[-4.19429,55.83184],[-4.19924,55.83409],[-4.19915,55.83571],[-4.19545,55.83766],[-4.19506,55.83878],[-4.19724,55.84017],[-4.20345,55.84254],[-4.20588,55.8383],[-4.21917,55.83443],[-4.22759,55.84092],[-4.23288,55.83423],[-4.22933,55.82523],[-4.23496,55.82394],[-4.23397,55.82106],[-4.23376,55.81876],[-4.22787,55.81833],[-4.22631,55.81517],[-4.22517,55.81285],[-4.21457,55.81439],[-4.21092,55.8012],[-4.2043,55.80055],[-4.22457,55.79132],[-4.22897,55.7867],[-4.22536,55.78405],[-4.2267,55.78205],[-4.24296,55.78676],[-4.25075,55.78499],[-4.24978,55.77759],[-4.25284,55.77648],[-4.25405,55.77282],[-4.26782,55.77347],[-4.28196,55.76867],[-4.27531,55.75622],[-4.27429,55.75432],[-4.27132,55.75324],[-4.26533,55.75417],[-4.26237,55.75025],[-4.25725,55.74954],[-4.25516,55.74701],[-4.24587,55.73653],[-4.22408,55.7286],[-4.21914,55.71391],[-4.2257,55.7009],[-4.22249,55.69136],[-4.24691,55.67915],[-4.25752,55.67657],[-4.26324,55.68313],[-4.26828,55.6854],[-4.28281,55.67928],[-4.29682,55.68416],[-4.32332,55.68822],[-4.33196,55.69433],[-4.33396,55.69984],[-4.35304,55.69806],[-4.36263,55.70821],[-4.37417,55.71077],[-4.37548,55.71647],[-4.3849,55.7224],[-4.40064,55.7137],[-4.42146,55.72813],[-4.4381,55.73458],[-4.4576,55.73643],[-4.463,55.73355],[-4.46838,55.73326],[-4.47242,55.73643],[-4.45851,55.74629],[-4.46,55.74947],[-4.47282,55.74886],[-4.47515,55.74875],[-4.47833,55.75065],[-4.48556,55.75035],[-4.48976,55.75324],[-4.49059,55.75622],[-4.49209,55.76158],[-4.49687,55.76317],[-4.50689,55.7629],[-4.51181,55.75845],[-4.5185,55.75622],[-4.52993,55.74467],[-4.53493,55.7496],[-4.54028,55.75137],[-4.53886,55.75622],[-4.5413,55.75833],[-4.54114,55.76334],[-4.55096,55.76648],[-4.55747,55.7671],[-4.56531,55.7775],[-4.57191,55.77939],[-4.57358,55.7832],[-4.57851,55.78184],[-4.5815,55.7763],[-4.59228,55.77528],[-4.60532,55.76971],[-4.61561,55.76279],[-4.63139,55.76616],[-4.63442,55.76928],[-4.63367,55.77478],[-4.63963,55.77386],[-4.65012,55.76153],[-4.65752,55.76034],[-4.65781,55.76557],[-4.66488,55.76893],[-4.67011,55.77751],[-4.67698,55.77984],[-4.67349,55.78832],[-4.68566,55.80329],[-4.7209,55.80565],[-4.7296,55.81125],[-4.72691,55.81517],[-4.72328,55.82047],[-4.73114,55.82224],[-4.74475,55.8246],[-4.77664,55.83781],[-4.78336,55.8406],[-4.78159,55.84404],[-4.77664,55.84457],[-4.76288,55.84604],[-4.75095,55.84987],[-4.76113,55.85539],[-4.76873,55.86402],[-4.77664,55.86743],[-4.78168,55.86961],[-4.79309,55.87224],[-4.79849,55.87877],[-4.79921,55.89043],[-4.8017,55.89245],[-4.82136,55.88659],[-4.84324,55.87608],[-4.84909,55.87726],[-4.8571,55.87479],[-4.88897,55.87479],[-4.89017,55.88144],[-4.89487,55.88503],[-4.89817,55.89202],[-4.8955,55.896],[-4.87692,55.90716],[-4.87346,55.90923],[-4.87471,55.9112],[-4.87969,55.91179],[-4.88191,55.91503],[-4.87544,55.92058],[-4.8763,55.9284],[-4.88061,55.93538],[-4.87647,55.94365],[-4.85428,55.95098],[-4.83123,55.95568],[-4.81928,55.96232],[-4.81599,55.96212],[-4.81151,55.95788],[-4.80162,55.9575],[-4.79857,55.96228],[-4.78352,55.9623],[-4.77664,55.96043],[-4.76347,55.95685],[-4.74577,55.94663],[-4.72926,55.94643],[-4.71443,55.94148],[-4.67834,55.93482],[-4.66881,55.93313],[-4.6489,55.93299],[-4.64385,55.93139],[-4.62453,55.93293],[-4.61411,55.93043],[-4.57274,55.92374],[-4.5317,55.92292],[-4.51563,55.9252],[-4.50319,55.92338],[-4.48937,55.92609],[-4.47282,55.923],[-4.46452,55.91954],[-4.44417,55.90716],[-4.43703,55.90282],[-4.42838,55.89996],[-4.42444,55.90178],[-4.41693,55.89967],[-4.40807,55.89259],[-4.40679,55.88597],[-4.40412,55.89062],[-4.39929,55.89034],[-4.38367,55.88615],[-4.35456,55.87325],[-4.34077,55.8692],[-4.31795,55.86687],[-4.29688,55.85963],[-4.28227,55.85668],[-4.26338,55.85569],[-4.2846,55.85827],[-4.30839,55.86546],[-4.32057,55.8686],[-4.33998,55.87027],[-4.35195,55.87466],[-4.37684,55.88544],[-4.39241,55.88968],[-4.40338,55.89369],[-4.4166,55.90275],[-4.43728,55.90716],[-4.44348,55.90848],[-4.46572,55.9242],[-4.47282,55.92649],[-4.47597,55.9275],[-4.48582,55.93025],[-4.50402,55.92938],[-4.53098,55.9331],[-4.54085,55.93335],[-4.55424,55.93667],[-4.56287,55.93584],[-4.56493,55.94153],[-4.56959,55.93876],[-4.58307,55.9388],[-4.60965,55.94667],[-4.62279,55.95112],[-4.6418,55.95451],[-4.65491,55.96002],[-4.66818,55.95924],[-4.68419,55.97073],[-4.68786,55.97091],[-4.69397,55.9682],[-4.70199,55.96806],[-4.70479,55.97147],[-4.70185,55.97443],[-4.69125,55.97371],[-4.6861,55.97609],[-4.69305,55.97909],[-4.69479,55.97985],[-4.69499,55.9854],[-4.70046,55.99163],[-4.70924,55.99336],[-4.71678,55.9972],[-4.72552,56.00128],[-4.7576,56.00665],[-4.76385,56.01247],[-4.77369,56.01319],[-4.78532,56.01696],[-4.78845,56.02553],[-4.81922,56.05371],[-4.81788,56.06483],[-4.8221,56.06707],[-4.8262,56.06925],[-4.82971,56.07916],[-4.8364,56.08],[-4.84151,56.05951],[-4.82547,56.03334],[-4.8221,56.02974],[-4.80754,56.0142],[-4.79643,56.01231],[-4.78992,56.00243],[-4.78416,56.00055],[-4.77512,56.00283],[-4.77061,56.0006],[-4.76837,55.99733],[-4.77151,55.99354],[-4.76797,55.98951],[-4.76996,55.98768],[-4.78026,55.98838],[-4.805,55.98302],[-4.81777,55.98508],[-4.8221,55.98485],[-4.83666,55.98406],[-4.85222,55.98979],[-4.85314,56.0023],[-4.86796,56.01612],[-4.86864,56.03842],[-4.8812,56.05038],[-4.87974,56.05863],[-4.8619,56.08116],[-4.83875,56.11352],[-4.8221,56.12307],[-4.80944,56.14475],[-4.77022,56.18595],[-4.75046,56.19592],[-4.74865,56.20333],[-4.74022,56.21578],[-4.73317,56.22181],[-4.73113,56.22662],[-4.73297,56.23174],[-4.75008,56.24101],[-4.77417,56.24099],[-4.78902,56.24248],[-4.79862,56.24523],[-4.79841,56.24645],[-4.7832,56.24978],[-4.78244,56.25155],[-4.78294,56.25276],[-4.78798,56.26476],[-4.80814,56.27605],[-4.8221,56.28365],[-4.8364,56.29145],[-4.82543,56.29633],[-4.8221,56.29782],[-4.77917,56.31695],[-4.78581,56.32385],[-4.75395,56.3253],[-4.74366,56.33131],[-4.73814,56.33181],[-4.72163,56.32725]]]]},"properties":{"code":"UKM8","nom":"West Central Scotland","country":"SCO"}},{"type":"Feature","geometry":{"type":"MultiPolygon","coordinates":[[[[-2.33606,55.93271],[-2.33027,55.93062],[-2.29192,55.93065],[-2.27834,55.92551],[-2.25854,55.92424],[-2.23809,55.9308],[-2.22376,55.93257],[-2.21128,55.9313],[-2.19929,55.92326],[-2.16612,55.91507],[-2.15157,55.91514],[-2.14711,55.91839],[-2.13816,55.91695],[-2.12942,55.90874],[-2.13311,55.90322],[-2.12778,55.8976],[-2.13357,55.89142],[-2.12702,55.88915],[-2.12529,55.88412],[-2.11028,55.87993],[-2.10496,55.87646],[-2.09253,55.87763],[-2.09064,55.87382],[-2.08274,55.8759],[-2.07795,55.87413],[-2.07332,55.86833],[-2.07405,55.85816],[-2.07132,55.8556],[-2.06922,55.84342],[-2.05698,55.83693],[-2.04744,55.82017],[-2.03433,55.81116],[-2.04982,55.80375],[-2.06275,55.80235],[-2.07614,55.79488],[-2.0867,55.79205],[-2.08558,55.76213],[-2.08609,55.76224],[-2.10026,55.76208],[-2.10727,55.75984],[-2.10903,55.75718],[-2.10679,55.7495],[-2.11584,55.74708],[-2.11906,55.7385],[-2.12507,55.73768],[-2.13802,55.74033],[-2.146,55.73845],[-2.14931,55.73494],[-2.14805,55.72736],[-2.15086,55.72344],[-2.16835,55.72225],[-2.17655,55.71827],[-2.16783,55.70626],[-2.18355,55.70157],[-2.19782,55.689],[-2.20624,55.68562],[-2.20967,55.68049],[-2.21786,55.67617],[-2.21855,55.66868],[-2.21894,55.66447],[-2.22965,55.66231],[-2.24706,55.65233],[-2.2436,55.64849],[-2.23358,55.64585],[-2.23462,55.64136],[-2.24469,55.63983],[-2.25619,55.64447],[-2.27905,55.64293],[-2.30458,55.6471],[-2.32405,55.64283],[-2.32742,55.63684],[-2.3349,55.63455],[-2.33386,55.63149],[-2.32657,55.62766],[-2.30949,55.62763],[-2.31364,55.61845],[-2.30763,55.61194],[-2.29541,55.6081],[-2.28818,55.60038],[-2.28724,55.59609],[-2.29145,55.58595],[-2.28829,55.5806],[-2.27618,55.57534],[-2.24913,55.55815],[-2.2417,55.55562],[-2.23574,55.54907],[-2.23289,55.53149],[-2.22507,55.52322],[-2.22769,55.50956],[-2.2126,55.49973],[-2.20462,55.49102],[-2.2054,55.48178],[-2.20282,55.47772],[-2.17525,55.47233],[-2.16547,55.46847],[-2.18821,55.46192],[-2.19456,55.44539],[-2.20684,55.43734],[-2.23148,55.42916],[-2.24179,55.432],[-2.25969,55.4326],[-2.26269,55.4292],[-2.26976,55.42958],[-2.27421,55.42646],[-2.29294,55.42075],[-2.29622,55.41531],[-2.3111,55.41014],[-2.31373,55.40739],[-2.32218,55.40786],[-2.33324,55.40931],[-2.33376,55.40304],[-2.34469,55.39952],[-2.3358,55.39247],[-2.33522,55.38484],[-2.33111,55.38138],[-2.34517,55.37309],[-2.33743,55.36736],[-2.35704,55.36049],[-2.37219,55.35518],[-2.38001,55.34933],[-2.39077,55.34782],[-2.39859,55.34846],[-2.40241,55.35434],[-2.41592,55.35895],[-2.43002,55.35694],[-2.44233,55.35933],[-2.46261,55.35326],[-2.47702,55.35444],[-2.48847,55.35192],[-2.49613,55.3466],[-2.49876,55.34219],[-2.50221,55.3403],[-2.50214,55.3371],[-2.50684,55.33404],[-2.50921,55.33173],[-2.51367,55.32971],[-2.51765,55.32474],[-2.51993,55.32327],[-2.52506,55.32189],[-2.53072,55.32279],[-2.54306,55.31968],[-2.54426,55.31834],[-2.54868,55.31733],[-2.55038,55.31587],[-2.5574,55.31756],[-2.55896,55.31794],[-2.55914,55.31522],[-2.5574,55.31354],[-2.5574,55.31145],[-2.55959,55.30996],[-2.56011,55.3088],[-2.56413,55.30711],[-2.5649,55.3058],[-2.5663,55.3034],[-2.56813,55.30275],[-2.57477,55.29739],[-2.57734,55.29532],[-2.60894,55.2831],[-2.62618,55.26878],[-2.62818,55.26278],[-2.64418,55.25997],[-2.62851,55.25135],[-2.61689,55.24745],[-2.63006,55.24352],[-2.63499,55.23056],[-2.63403,55.2237],[-2.64542,55.22091],[-2.64802,55.22027],[-2.66828,55.21955],[-2.68194,55.20364],[-2.68247,55.19737],[-2.68472,55.1948],[-2.68975,55.18906],[-2.70478,55.17304],[-2.73039,55.1678],[-2.74358,55.16046],[-2.74709,55.1585],[-2.7738,55.14937],[-2.78541,55.14218],[-2.81033,55.13668],[-2.8252,55.13798],[-2.83235,55.13251],[-2.82738,55.12718],[-2.8285,55.12443],[-2.83343,55.12172],[-2.84053,55.12194],[-2.83921,55.11787],[-2.84483,55.11578],[-2.84568,55.11202],[-2.85285,55.1088],[-2.85851,55.10842],[-2.87059,55.10594],[-2.87261,55.09953],[-2.87857,55.09546],[-2.88466,55.09466],[-2.88284,55.09224],[-2.88497,55.08753],[-2.89273,55.08723],[-2.89584,55.08103],[-2.89722,55.07828],[-2.91063,55.07719],[-2.91552,55.07774],[-2.92468,55.07168],[-2.93961,55.06885],[-2.94211,55.06463],[-2.93901,55.05953],[-2.95421,55.05456],[-2.96044,55.05003],[-3.03622,55.05539],[-3.04973,55.05238],[-3.05204,55.04853],[-3.04448,55.04675],[-3.02774,55.03561],[-3.03281,55.03053],[-3.03189,55.02519],[-3.03989,55.02163],[-3.04101,55.01616],[-3.04773,55.00982],[-3.04557,54.99899],[-3.05637,54.99188],[-3.05737,54.9869],[-3.06239,54.98694],[-3.06448,54.98642],[-3.0765,54.98107],[-3.07893,54.98036],[-3.08468,54.97979],[-3.08805,54.9787],[-3.09093,54.97723],[-3.09159,54.97555],[-3.09559,54.97655],[-3.09718,54.97751],[-3.10244,54.9784],[-3.10532,54.97857],[-3.11081,54.97787],[-3.12066,54.97575],[-3.12998,54.97026],[-3.13483,54.96846],[-3.14174,54.96648],[-3.14626,54.96434],[-3.15031,54.96386],[-3.15365,54.96465],[-3.16908,54.96988],[-3.20587,54.97589],[-3.23932,54.96985],[-3.25307,54.97234],[-3.26576,54.97041],[-3.27457,54.97971],[-3.27734,54.97708],[-3.26655,54.96773],[-3.26902,54.96621],[-3.29376,54.96954],[-3.32687,54.97813],[-3.33984,54.9745],[-3.35586,54.97389],[-3.36927,54.97116],[-3.4047,54.97422],[-3.40836,54.97509],[-3.43717,54.99168],[-3.45355,54.98987],[-3.45663,54.98715],[-3.45595,54.98228],[-3.45337,54.98883],[-3.44927,54.98992],[-3.4476,54.99036],[-3.43814,54.98944],[-3.44927,54.97851],[-3.45093,54.97687],[-3.47475,54.96732],[-3.51108,54.96558],[-3.52227,54.96583],[-3.53547,54.96845],[-3.56019,54.97898],[-3.56379,54.9872],[-3.57326,54.99748],[-3.57417,55.00791],[-3.57792,55.01512],[-3.58901,55.02445],[-3.60199,55.03033],[-3.58669,55.01914],[-3.57871,55.00926],[-3.58535,55.00518],[-3.58875,54.99977],[-3.57717,54.98065],[-3.58391,54.97425],[-3.57845,54.96048],[-3.58754,54.94236],[-3.58838,54.93175],[-3.58317,54.92701],[-3.57242,54.9224],[-3.56417,54.90743],[-3.57538,54.89353],[-3.59386,54.88397],[-3.59599,54.87343],[-3.60514,54.87213],[-3.61321,54.87515],[-3.64717,54.87928],[-3.68535,54.87975],[-3.69744,54.88585],[-3.71536,54.88067],[-3.72602,54.87983],[-3.74325,54.86464],[-3.7618,54.85753],[-3.78638,54.85411],[-3.79379,54.86364],[-3.8118,54.87194],[-3.81725,54.88244],[-3.81736,54.88989],[-3.8204,54.8912],[-3.82614,54.88954],[-3.8225,54.88381],[-3.82287,54.87807],[-3.82779,54.87442],[-3.82434,54.86803],[-3.82506,54.86268],[-3.80896,54.85167],[-3.80897,54.84563],[-3.81506,54.84472],[-3.82226,54.84756],[-3.83876,54.86393],[-3.85085,54.86329],[-3.84139,54.84916],[-3.85522,54.84868],[-3.85922,54.84487],[-3.83,54.82642],[-3.83007,54.82149],[-3.838,54.81746],[-3.86037,54.81409],[-3.87795,54.80346],[-3.91475,54.79264],[-3.93408,54.78849],[-3.93995,54.78723],[-3.97047,54.77184],[-3.9719,54.77126],[-3.97411,54.77097],[-3.98439,54.77011],[-4.00421,54.77251],[-4.03796,54.7709],[-4.0535,54.77512],[-4.0625,54.78107],[-4.0629,54.79264],[-4.04778,54.81678],[-4.05447,54.82306],[-4.06778,54.81527],[-4.0711,54.81644],[-4.06191,54.82712],[-4.05937,54.83579],[-4.04984,54.84027],[-4.04531,54.84504],[-4.04473,54.85741],[-4.04675,54.85943],[-4.0505,54.85498],[-4.05002,54.84314],[-4.06468,54.83722],[-4.07783,54.82511],[-4.08936,54.8143],[-4.09014,54.77512],[-4.09019,54.77258],[-4.09248,54.76778],[-4.10371,54.76796],[-4.11091,54.77512],[-4.11188,54.77608],[-4.12184,54.7785],[-4.12107,54.78472],[-4.1233,54.78654],[-4.13719,54.77718],[-4.15752,54.78059],[-4.16481,54.78706],[-4.17899,54.79314],[-4.18433,54.80114],[-4.18439,54.80692],[-4.20646,54.81365],[-4.20914,54.82037],[-4.21754,54.82593],[-4.21518,54.83623],[-4.22224,54.84108],[-4.22089,54.84948],[-4.20772,54.86122],[-4.2051,54.86648],[-4.22605,54.86369],[-4.23299,54.85444],[-4.25193,54.84555],[-4.26202,54.8372],[-4.30603,54.84451],[-4.36257,54.86445],[-4.37229,54.87508],[-4.38027,54.87953],[-4.38692,54.89445],[-4.39812,54.90322],[-4.39802,54.91526],[-4.41967,54.92384],[-4.42047,54.92742],[-4.41727,54.93195],[-4.42843,54.93425],[-4.44476,54.93353],[-4.44726,54.93526],[-4.44482,54.93762],[-4.44766,54.93849],[-4.45461,54.9369],[-4.44465,54.93162],[-4.42628,54.93186],[-4.42023,54.92003],[-4.41255,54.9158],[-4.40236,54.91536],[-4.39984,54.91352],[-4.40573,54.90193],[-4.39872,54.89277],[-4.41911,54.88643],[-4.42554,54.88047],[-4.42275,54.87143],[-4.42671,54.86533],[-4.41986,54.85775],[-4.41934,54.84609],[-4.41312,54.82962],[-4.40584,54.8248],[-4.3779,54.81981],[-4.3544,54.81274],[-4.34752,54.80806],[-4.34268,54.80104],[-4.34737,54.79127],[-4.35272,54.79124],[-4.36217,54.79501],[-4.36772,54.79335],[-4.36779,54.78914],[-4.36231,54.78503],[-4.36119,54.7793],[-4.36707,54.77512],[-4.36987,54.77313],[-4.3558,54.76632],[-4.35854,54.75264],[-4.36554,54.74205],[-4.36373,54.73536],[-4.36569,54.72303],[-4.36206,54.71851],[-4.35162,54.71643],[-4.34913,54.71027],[-4.36003,54.69784],[-4.36542,54.69807],[-4.36699,54.69069],[-4.38158,54.68157],[-4.39227,54.67796],[-4.40639,54.67823],[-4.44507,54.69265],[-4.47282,54.69788],[-4.48312,54.69978],[-4.4946,54.70348],[-4.51786,54.71305],[-4.53141,54.7225],[-4.54193,54.72405],[-4.54077,54.72785],[-4.54942,54.73459],[-4.5712,54.73857],[-4.57804,54.75138],[-4.58514,54.75807],[-4.58584,54.76539],[-4.59882,54.77512],[-4.601,54.77675],[-4.61113,54.78048],[-4.62678,54.7833],[-4.64911,54.79306],[-4.66912,54.79912],[-4.71016,54.82427],[-4.75036,54.82961],[-4.76329,54.82754],[-4.77664,54.8314],[-4.78172,54.83286],[-4.78721,54.8368],[-4.79261,54.8465],[-4.80122,54.84961],[-4.80838,54.86008],[-4.81561,54.864],[-4.83308,54.8637],[-4.84699,54.86885],[-4.85756,54.86974],[-4.85911,54.86853],[-4.85132,54.86254],[-4.8538,54.85793],[-4.88765,54.84859],[-4.90753,54.84094],[-4.9189,54.8362],[-4.93141,54.83439],[-4.93793,54.8315],[-4.94161,54.82485],[-4.95428,54.81538],[-4.96072,54.80473],[-4.95884,54.8013],[-4.95021,54.79632],[-4.94639,54.7857],[-4.93927,54.77675],[-4.93933,54.77512],[-4.93968,54.7648],[-4.9319,54.76131],[-4.927,54.74967],[-4.91845,54.74372],[-4.92023,54.73766],[-4.91498,54.73429],[-4.91567,54.72939],[-4.91169,54.72593],[-4.90753,54.71453],[-4.90607,54.70227],[-4.8996,54.69856],[-4.89651,54.69316],[-4.88687,54.69166],[-4.88239,54.68649],[-4.86818,54.68147],[-4.88161,54.66917],[-4.88351,54.65454],[-4.87852,54.6482],[-4.87696,54.63992],[-4.85361,54.63648],[-4.85859,54.63395],[-4.87558,54.6338],[-4.88185,54.6361],[-4.88436,54.63949],[-4.89484,54.63866],[-4.90753,54.64211],[-4.92262,54.64353],[-4.95601,54.66198],[-4.96525,54.66495],[-4.96734,54.67256],[-4.96508,54.67625],[-4.9697,54.67904],[-4.97369,54.68621],[-4.96878,54.69159],[-4.9484,54.70067],[-4.95631,54.7053],[-4.96627,54.71766],[-4.96473,54.7211],[-4.95717,54.72453],[-4.95734,54.72767],[-4.9604,54.73021],[-4.98684,54.73267],[-4.99211,54.73508],[-4.98772,54.75005],[-5.0039,54.7552],[-5.00637,54.76125],[-5.00035,54.76328],[-4.99949,54.76676],[-5.00138,54.77245],[-5.00494,54.77512],[-5.01152,54.78004],[-5.01111,54.78294],[-5.01908,54.78265],[-5.03145,54.7897],[-5.0412,54.79192],[-5.04181,54.79988],[-5.05436,54.80922],[-5.07762,54.8161],[-5.08469,54.82454],[-5.09122,54.82779],[-5.10397,54.82982],[-5.1083,54.83386],[-5.12627,54.84423],[-5.13073,54.8501],[-5.13856,54.85162],[-5.14813,54.86127],[-5.14813,54.86474],[-5.1447,54.86747],[-5.14588,54.87213],[-5.15518,54.88155],[-5.16071,54.89133],[-5.17546,54.90623],[-5.18083,54.90879],[-5.18494,54.91594],[-5.1867,54.95144],[-5.17847,54.96802],[-5.17963,54.97267],[-5.18568,54.97406],[-5.1859,54.97706],[-5.17211,54.99184],[-5.16892,55.00072],[-5.15855,55.00824],[-5.15375,55.00909],[-5.14038,55.00729],[-5.10871,55.01796],[-5.09843,55.01775],[-5.09122,55.01339],[-5.08631,55.00064],[-5.07649,54.99556],[-5.07085,54.9886],[-5.07161,54.98129],[-5.06386,54.96928],[-5.07484,54.96259],[-5.0695,54.95403],[-5.07143,54.94965],[-5.06852,54.93441],[-5.06037,54.92368],[-5.02868,54.90631],[-5.02328,54.90796],[-5.01651,54.90602],[-5.00181,54.91046],[-4.99317,54.9156],[-4.99082,54.92075],[-4.99643,54.93663],[-5.00609,54.94462],[-5.00696,54.95459],[-5.02041,54.97068],[-5.03106,54.9745],[-5.03085,54.97931],[-5.03609,54.98403],[-5.04023,54.99773],[-5.05036,55.00995],[-5.05529,55.01262],[-5.05916,55.02767],[-5.05995,55.03074],[-5.0529,55.04307],[-5.05328,55.04908],[-5.04939,55.05624],[-5.02802,55.08103],[-5.0143,55.08929],[-5.00875,55.10325],[-5.00208,55.10963],[-4.99535,55.12839],[-4.99652,55.13682],[-4.99158,55.14295],[-4.95184,55.16211],[-4.93997,55.16581],[-4.93199,55.17298],[-4.92529,55.18428],[-4.90799,55.19905],[-4.86392,55.22411],[-4.86055,55.22839],[-4.86208,55.24301],[-4.85964,55.25036],[-4.85184,55.25868],[-4.84418,55.2734],[-4.84168,55.27521],[-4.83814,55.27777],[-4.83567,55.29018],[-4.83866,55.31381],[-4.84606,55.32337],[-4.84463,55.3257],[-4.83204,55.33208],[-4.82058,55.33389],[-4.8133,55.33729],[-4.80624,55.34956],[-4.77664,55.3599],[-4.77453,55.36064],[-4.76953,55.37209],[-4.77211,55.38844],[-4.76911,55.40068],[-4.75807,55.40796],[-4.75038,55.4173],[-4.73428,55.42539],[-4.72007,55.42755],[-4.71227,55.43273],[-4.694,55.432],[-4.68326,55.43551],[-4.67757,55.43783],[-4.65754,55.43973],[-4.65055,55.44188],[-4.64276,55.45712],[-4.64245,55.46974],[-4.62976,55.47605],[-4.62734,55.48585],[-4.6279,55.48971],[-4.62531,55.49056],[-4.6226,55.49139],[-4.62094,55.49376],[-4.62054,55.49979],[-4.62284,55.50737],[-4.63026,55.51703],[-4.63077,55.51813],[-4.6303,55.51915],[-4.64921,55.52727],[-4.66309,55.54121],[-4.67495,55.54078],[-4.68502,55.54612],[-4.68308,55.55045],[-4.67192,55.54584],[-4.65952,55.5484],[-4.65827,55.57029],[-4.66221,55.57771],[-4.66664,55.58375],[-4.67249,55.59026],[-4.6821,55.59731],[-4.69355,55.60417],[-4.69206,55.6076],[-4.69861,55.60689],[-4.72904,55.61991],[-4.74835,55.62515],[-4.75319,55.62965],[-4.77664,55.63291],[-4.77852,55.63317],[-4.79345,55.63145],[-4.79905,55.63863],[-4.8082,55.63965],[-4.81776,55.6367],[-4.82396,55.63886],[-4.82556,55.6409],[-4.81944,55.64261],[-4.81629,55.64783],[-4.82442,55.65386],[-4.836,55.66325],[-4.84059,55.66697],[-4.85893,55.67663],[-4.86371,55.68438],[-4.88544,55.69455],[-4.90053,55.69594],[-4.90457,55.6989],[-4.90271,55.72186],[-4.89432,55.72748],[-4.88531,55.72911],[-4.88525,55.73302],[-4.89469,55.73658],[-4.89077,55.73889],[-4.88558,55.73816],[-4.88372,55.74614],[-4.87328,55.74872],[-4.85777,55.74858],[-4.85703,55.75622],[-4.85532,55.77383],[-4.85922,55.77574],[-4.85782,55.7778],[-4.86054,55.78186],[-4.87111,55.7916],[-4.87059,55.79934],[-4.88263,55.81048],[-4.88531,55.81517],[-4.88811,55.82007],[-4.89181,55.83802],[-4.88796,55.84714],[-4.89106,55.86809],[-4.88897,55.87479],[-4.8571,55.87479],[-4.84909,55.87726],[-4.84324,55.87608],[-4.82136,55.88659],[-4.8017,55.89245],[-4.79921,55.89043],[-4.79849,55.87877],[-4.79309,55.87224],[-4.78168,55.86961],[-4.77664,55.86743],[-4.76873,55.86402],[-4.76113,55.85539],[-4.75095,55.84987],[-4.76288,55.84604],[-4.77664,55.84457],[-4.78159,55.84404],[-4.78336,55.8406],[-4.77664,55.83781],[-4.74475,55.8246],[-4.73114,55.82224],[-4.72328,55.82047],[-4.72691,55.81517],[-4.7296,55.81125],[-4.7209,55.80565],[-4.68566,55.80329],[-4.67349,55.78832],[-4.67698,55.77984],[-4.67011,55.77751],[-4.66488,55.76893],[-4.65781,55.76557],[-4.65752,55.76034],[-4.65012,55.76153],[-4.63963,55.77386],[-4.63367,55.77478],[-4.63442,55.76928],[-4.63139,55.76616],[-4.61561,55.76279],[-4.60532,55.76971],[-4.59228,55.77528],[-4.5815,55.7763],[-4.57851,55.78184],[-4.57358,55.7832],[-4.57191,55.77939],[-4.56531,55.7775],[-4.55747,55.7671],[-4.55096,55.76648],[-4.54114,55.76334],[-4.5413,55.75833],[-4.53886,55.75622],[-4.54028,55.75137],[-4.53493,55.7496],[-4.52993,55.74467],[-4.5185,55.75622],[-4.51181,55.75845],[-4.50689,55.7629],[-4.49687,55.76317],[-4.49209,55.76158],[-4.49059,55.75622],[-4.48976,55.75324],[-4.48556,55.75035],[-4.47833,55.75065],[-4.47515,55.74875],[-4.47282,55.74886],[-4.46,55.74947],[-4.45851,55.74629],[-4.47242,55.73643],[-4.46838,55.73326],[-4.463,55.73355],[-4.4576,55.73643],[-4.4381,55.73458],[-4.42146,55.72813],[-4.40064,55.7137],[-4.3849,55.7224],[-4.37548,55.71647],[-4.37417,55.71077],[-4.36263,55.70821],[-4.35304,55.69806],[-4.33396,55.69984],[-4.33196,55.69433],[-4.32332,55.68822],[-4.29682,55.68416],[-4.28281,55.67928],[-4.26828,55.6854],[-4.26324,55.68313],[-4.25752,55.67657],[-4.24691,55.67915],[-4.22249,55.69136],[-4.2257,55.7009],[-4.21914,55.71391],[-4.22408,55.7286],[-4.24587,55.73653],[-4.25516,55.74701],[-4.25725,55.74954],[-4.26237,55.75025],[-4.26533,55.75417],[-4.27132,55.75324],[-4.27429,55.75432],[-4.27531,55.75622],[-4.28196,55.76867],[-4.26782,55.77347],[-4.25405,55.77282],[-4.25284,55.77648],[-4.24978,55.77759],[-4.25075,55.78499],[-4.24296,55.78676],[-4.2267,55.78205],[-4.22536,55.78405],[-4.22897,55.7867],[-4.22457,55.79132],[-4.2043,55.80055],[-4.21092,55.8012],[-4.21457,55.81439],[-4.22517,55.81285],[-4.22631,55.81517],[-4.22787,55.81833],[-4.23376,55.81876],[-4.23397,55.82106],[-4.23496,55.82394],[-4.22933,55.82523],[-4.23288,55.83423],[-4.22759,55.84092],[-4.21917,55.83443],[-4.20588,55.8383],[-4.20345,55.84254],[-4.19724,55.84017],[-4.19506,55.83878],[-4.19545,55.83766],[-4.19915,55.83571],[-4.19924,55.83409],[-4.19429,55.83184],[-4.19223,55.83216],[-4.18903,55.83534],[-4.18313,55.83578],[-4.17428,55.8244],[-4.16458,55.82585],[-4.15997,55.82746],[-4.15752,55.82777],[-4.15479,55.82812],[-4.14783,55.8283],[-4.14538,55.82848],[-4.14063,55.83041],[-4.13012,55.83337],[-4.12707,55.83209],[-4.11278,55.82608],[-4.11051,55.82629],[-4.11205,55.82816],[-4.11206,55.82925],[-4.1095,55.83142],[-4.10963,55.83268],[-4.10704,55.83475],[-4.07783,55.82478],[-4.06149,55.81921],[-4.05335,55.81517],[-4.04117,55.80913],[-4.04549,55.80733],[-4.05155,55.80392],[-4.05335,55.80138],[-4.04842,55.79736],[-4.04687,55.79676],[-4.0448,55.79713],[-4.04263,55.79647],[-4.02598,55.78546],[-4.01785,55.78452],[-4.01187,55.78081],[-3.99915,55.77901],[-4.00071,55.77067],[-3.975,55.76723],[-3.97411,55.76556],[-3.97253,55.76257],[-3.96925,55.76164],[-3.96344,55.75998],[-3.95736,55.75622],[-3.95026,55.75183],[-3.94036,55.74875],[-3.93408,55.74845],[-3.93049,55.74828],[-3.92023,55.73584],[-3.91672,55.73566],[-3.91482,55.73861],[-3.91519,55.74145],[-3.90866,55.74884],[-3.8967,55.75622],[-3.88718,55.75885],[-3.87751,55.75906],[-3.86832,55.76424],[-3.85915,55.76455],[-3.85189,55.76405],[-3.84899,55.76454],[-3.81791,55.76763],[-3.81087,55.76782],[-3.79595,55.77175],[-3.78166,55.7699],[-3.77241,55.77164],[-3.7658,55.77068],[-3.75758,55.775],[-3.74401,55.78211],[-3.73239,55.77865],[-3.7192,55.78816],[-3.70538,55.79094],[-3.69537,55.79542],[-3.6865,55.79708],[-3.67929,55.79478],[-3.65735,55.80186],[-3.64336,55.80357],[-3.61743,55.80309],[-3.59278,55.8098],[-3.58364,55.79897],[-3.55665,55.78656],[-3.54619,55.79029],[-3.52918,55.78349],[-3.48362,55.77257],[-3.47162,55.77107],[-3.4673,55.77497],[-3.44901,55.78065],[-3.44036,55.78517],[-3.4396,55.7883],[-3.4433,55.79369],[-3.43427,55.80565],[-3.4259,55.80984],[-3.4152,55.81066],[-3.40838,55.81517],[-3.39474,55.81984],[-3.39122,55.81889],[-3.38638,55.82016],[-3.37856,55.82042],[-3.37315,55.82174],[-3.36902,55.82421],[-3.36084,55.81517],[-3.3599,55.81413],[-3.35059,55.80922],[-3.34466,55.79336],[-3.33751,55.79179],[-3.33273,55.79406],[-3.32388,55.79336],[-3.30648,55.79736],[-3.30225,55.79299],[-3.29273,55.79484],[-3.29014,55.79229],[-3.29201,55.78086],[-3.27562,55.77592],[-3.26638,55.77796],[-3.26135,55.77735],[-3.2497,55.78155],[-3.23586,55.7797],[-3.22575,55.78647],[-3.21466,55.7847],[-3.21078,55.79016],[-3.19601,55.8014],[-3.18507,55.80184],[-3.18796,55.79625],[-3.18386,55.79325],[-3.18467,55.78865],[-3.17802,55.7849],[-3.1799,55.78167],[-3.16805,55.77879],[-3.17397,55.77237],[-3.1551,55.76117],[-3.16003,55.75622],[-3.16185,55.75439],[-3.16088,55.74888],[-3.14448,55.73999],[-3.15101,55.72709],[-3.1456,55.72052],[-3.13838,55.71986],[-3.13514,55.71255],[-3.12814,55.71082],[-3.11974,55.71493],[-3.09271,55.72193],[-3.1033,55.73136],[-3.10273,55.7376],[-3.09467,55.74581],[-3.07983,55.75622],[-3.07405,55.76028],[-3.06694,55.76324],[-3.06172,55.76347],[-3.0585,55.7686],[-3.04723,55.77199],[-3.02716,55.78111],[-3.01383,55.78716],[-3.00072,55.79028],[-2.98241,55.79892],[-2.97542,55.80484],[-2.96853,55.8072],[-2.96546,55.81253],[-2.9586,55.81517],[-2.95018,55.81841],[-2.94762,55.81517],[-2.94007,55.80562],[-2.94076,55.79532],[-2.93466,55.79348],[-2.92443,55.79387],[-2.91841,55.80143],[-2.90062,55.80932],[-2.89574,55.80933],[-2.88691,55.80593],[-2.87786,55.81117],[-2.87626,55.81517],[-2.87442,55.81977],[-2.86854,55.82459],[-2.85563,55.8251],[-2.8462,55.81901],[-2.83844,55.81908],[-2.81766,55.82961],[-2.78755,55.8361],[-2.77763,55.84299],[-2.77272,55.83845],[-2.76031,55.83836],[-2.75354,55.83213],[-2.74091,55.82951],[-2.72189,55.8347],[-2.69842,55.83683],[-2.69231,55.84072],[-2.68407,55.84078],[-2.66964,55.84584],[-2.65955,55.84297],[-2.64972,55.84325],[-2.64496,55.84075],[-2.64582,55.8344],[-2.63345,55.83545],[-2.61289,55.83386],[-2.59887,55.82891],[-2.59267,55.82971],[-2.58611,55.8335],[-2.58297,55.84257],[-2.57918,55.84526],[-2.57477,55.84531],[-2.57006,55.84535],[-2.5574,55.84047],[-2.55151,55.84172],[-2.54434,55.84784],[-2.53659,55.85947],[-2.53419,55.86841],[-2.54697,55.87764],[-2.54978,55.88224],[-2.5574,55.88524],[-2.5618,55.88679],[-2.5683,55.8914],[-2.56602,55.89663],[-2.5574,55.89987],[-2.5574,55.90123],[-2.56064,55.90622],[-2.55802,55.90848],[-2.5574,55.90884],[-2.55205,55.91192],[-2.53792,55.91428],[-2.53222,55.91098],[-2.52257,55.90939],[-2.50479,55.91149],[-2.49449,55.90519],[-2.48348,55.89013],[-2.46785,55.88505],[-2.46595,55.88927],[-2.44919,55.89377],[-2.43806,55.90243],[-2.42501,55.90583],[-2.42114,55.90981],[-2.40799,55.91448],[-2.39911,55.92184],[-2.39177,55.93201],[-2.38238,55.93404],[-2.37271,55.93909],[-2.36697,55.94331],[-2.36662,55.94611],[-2.35704,55.94275],[-2.35529,55.94213],[-2.35228,55.93899],[-2.33902,55.93685],[-2.33606,55.93271]]],[[[-5.11253,55.24752],[-5.11679,55.24687],[-5.12012,55.24737],[-5.12456,55.24976],[-5.12472,55.2523],[-5.12304,55.25635],[-5.11912,55.25839],[-5.11424,55.25697],[-5.10679,55.25189],[-5.11253,55.24752]]],[[[-4.0833,54.76473],[-4.08705,54.76391],[-4.0888,54.76548],[-4.08605,54.76904],[-4.08362,54.7691],[-4.08216,54.76747],[-4.0833,54.76473]]],[[[-4.8404,55.64562],[-4.84245,55.6438],[-4.84684,55.64661],[-4.84453,55.64781],[-4.8404,55.64562]]],[[[-3.81813,54.87461],[-3.81745,54.87197],[-3.82105,54.87297],[-3.82207,54.87598],[-3.82067,54.87649],[-3.81813,54.87461]]],[[[-4.84652,55.30559],[-4.85003,55.30527],[-4.85213,55.30629],[-4.84875,55.30841],[-4.84607,55.30703],[-4.84652,55.30559]]],[[[-4.73198,55.52711],[-4.73311,55.52493],[-4.7372,55.52649],[-4.73573,55.52839],[-4.73369,55.52853],[-4.73198,55.52711]]]]},"properties":{"code":"UKM9","nom":"Southern Scotland","country":"SCO"}},{"type":"Feature","geometry":{"type":"MultiPolygon","coordinates":[[[[-2.86405,56.97944],[-2.85253,56.97337],[-2.84206,56.97395],[-2.83312,56.97714],[-2.83222,56.97191],[-2.82276,56.96238],[-2.79115,56.95757],[-2.7642,56.95885],[-2.74915,56.9505],[-2.73927,56.94728],[-2.72312,56.92562],[-2.70285,56.92191],[-2.68472,56.91305],[-2.68374,56.91137],[-2.67913,56.90347],[-2.68173,56.89836],[-2.68026,56.88845],[-2.66972,56.89031],[-2.66215,56.88873],[-2.66309,56.86878],[-2.66577,56.86046],[-2.67101,56.85823],[-2.66829,56.85113],[-2.67094,56.8474],[-2.66553,56.83477],[-2.65118,56.82257],[-2.65189,56.81139],[-2.64542,56.81169],[-2.64237,56.81183],[-2.63198,56.809],[-2.62566,56.79888],[-2.61724,56.79266],[-2.61476,56.78365],[-2.60336,56.78313],[-2.59114,56.78809],[-2.57477,56.78677],[-2.56662,56.78612],[-2.55591,56.78664],[-2.54307,56.78193],[-2.52992,56.78532],[-2.52137,56.78185],[-2.5187,56.7798],[-2.51575,56.77589],[-2.51443,56.77509],[-2.51103,56.77487],[-2.5065,56.77387],[-2.50264,56.77023],[-2.50119,56.76959],[-2.49193,56.76633],[-2.48376,56.7652],[-2.48032,56.76379],[-2.4779,56.76171],[-2.47638,56.75781],[-2.47434,56.75503],[-2.47202,56.7535],[-2.46671,56.75167],[-2.46497,56.7501],[-2.46257,56.74785],[-2.45847,56.74731],[-2.45473,56.74849],[-2.45223,56.75034],[-2.44952,56.75151],[-2.44505,56.75183],[-2.43933,56.75104],[-2.43594,56.75119],[-2.42749,56.75342],[-2.42535,56.75519],[-2.43882,56.73382],[-2.44854,56.71077],[-2.45498,56.70432],[-2.46345,56.70392],[-2.47354,56.70709],[-2.47461,56.7187],[-2.48082,56.72146],[-2.51389,56.72304],[-2.52651,56.71153],[-2.52992,56.71128],[-2.5329,56.71032],[-2.52992,56.70554],[-2.51478,56.69904],[-2.48388,56.69984],[-2.47647,56.70446],[-2.46436,56.70217],[-2.44407,56.70223],[-2.43843,56.70085],[-2.44224,56.69458],[-2.43929,56.6894],[-2.44671,56.68455],[-2.44825,56.68043],[-2.46957,56.67335],[-2.4814,56.67139],[-2.50008,56.66248],[-2.50734,56.65032],[-2.50561,56.63594],[-2.50094,56.63014],[-2.48243,56.62838],[-2.48056,56.6252],[-2.48218,56.62255],[-2.50441,56.59952],[-2.5175,56.59248],[-2.52304,56.58113],[-2.53774,56.57514],[-2.53951,56.56661],[-2.54933,56.56197],[-2.5574,56.56118],[-2.56597,56.56075],[-2.57477,56.55763],[-2.58985,56.5523],[-2.60048,56.5518],[-2.60511,56.55088],[-2.61368,56.54657],[-2.62929,56.5349],[-2.63596,56.5273],[-2.64542,56.52375],[-2.65481,56.5209],[-2.67281,56.51026],[-2.68209,56.507],[-2.68472,56.50626],[-2.68806,56.50532],[-2.70761,56.49915],[-2.71526,56.49483],[-2.72189,56.47777],[-2.73454,56.46462],[-2.74358,56.46502],[-2.78875,56.47855],[-2.80262,56.4801],[-2.82429,56.47773],[-2.83861,56.47419],[-2.84885,56.46874],[-2.86916,56.46311],[-2.88994,56.46818],[-2.90945,56.46754],[-2.94313,56.46401],[-2.96697,56.45706],[-2.97257,56.45453],[-2.98962,56.45151],[-3.02716,56.45141],[-3.03448,56.45139],[-3.04371,56.45339],[-3.05189,56.4585],[-3.05996,56.45329],[-3.08406,56.45081],[-3.10318,56.43745],[-3.1263,56.43089],[-3.14204,56.42163],[-3.16032,56.4058],[-3.19488,56.38577],[-3.20369,56.38385],[-3.20885,56.37814],[-3.22911,56.3722],[-3.23114,56.36967],[-3.25363,56.36889],[-3.27883,56.36058],[-3.29888,56.35809],[-3.31762,56.36309],[-3.34006,56.37581],[-3.38084,56.38528],[-3.40836,56.38022],[-3.41578,56.38059],[-3.41608,56.37913],[-3.41874,56.37865],[-3.41838,56.37715],[-3.40982,56.37857],[-3.38167,56.38305],[-3.34061,56.37204],[-3.32433,56.36112],[-3.30457,56.35361],[-3.30824,56.35026],[-3.32372,56.35042],[-3.322,56.3491],[-3.31036,56.34817],[-3.29664,56.35113],[-3.27698,56.35053],[-3.25787,56.35122],[-3.23529,56.35435],[-3.1964,56.36403],[-3.17901,56.37246],[-3.117,56.39137],[-3.09691,56.39384],[-3.07888,56.40019],[-3.06272,56.40345],[-3.04822,56.4086],[-3.03819,56.41595],[-3.02716,56.41686],[-3.01592,56.41778],[-3.00164,56.42069],[-2.9933,56.42035],[-2.96794,56.43081],[-2.94642,56.43652],[-2.93719,56.44616],[-2.91859,56.45187],[-2.89604,56.45308],[-2.88187,56.45217],[-2.86406,56.44081],[-2.85536,56.43903],[-2.81699,56.44477],[-2.80578,56.44257],[-2.80323,56.43899],[-2.80362,56.42974],[-2.81247,56.39385],[-2.82558,56.37907],[-2.8528,56.36946],[-2.85978,56.37081],[-2.86869,56.36803],[-2.88262,56.36796],[-2.8886,56.36536],[-2.89083,56.35751],[-2.90342,56.354],[-2.88902,56.35589],[-2.88487,56.359],[-2.88731,56.36021],[-2.88607,56.36195],[-2.87102,56.35999],[-2.86307,56.36251],[-2.85786,56.35928],[-2.83684,56.35357],[-2.828,56.3559],[-2.82305,56.36529],[-2.81955,56.36638],[-2.81317,56.36245],[-2.80409,56.34551],[-2.79001,56.34257],[-2.77686,56.333],[-2.7506,56.33205],[-2.74722,56.32986],[-2.74358,56.32931],[-2.7242,56.32649],[-2.71074,56.32704],[-2.70366,56.32501],[-2.68847,56.3256],[-2.68472,56.32372],[-2.67813,56.32041],[-2.66175,56.31765],[-2.65278,56.30813],[-2.64542,56.30327],[-2.63122,56.2939],[-2.61394,56.2874],[-2.59907,56.28544],[-2.5879,56.27817],[-2.60317,56.26455],[-2.62531,56.2585],[-2.64155,56.24639],[-2.64542,56.24478],[-2.67394,56.23287],[-2.68472,56.22569],[-2.6896,56.22243],[-2.70297,56.22098],[-2.71319,56.21525],[-2.74358,56.21023],[-2.78216,56.20038],[-2.7991,56.19358],[-2.81102,56.18435],[-2.81704,56.18538],[-2.8186,56.1887],[-2.82191,56.18957],[-2.83113,56.18867],[-2.83993,56.18431],[-2.85192,56.18854],[-2.86673,56.18796],[-2.86842,56.19356],[-2.87799,56.19425],[-2.8803,56.20081],[-2.89919,56.20811],[-2.92605,56.21233],[-2.95495,56.21049],[-2.97231,56.20542],[-2.99835,56.19181],[-2.99817,56.1874],[-3.00717,56.18142],[-3.0133,56.17965],[-3.01921,56.17417],[-3.02716,56.17083],[-3.03645,56.16693],[-3.0463,56.16727],[-3.06247,56.15888],[-3.08398,56.14035],[-3.09561,56.13964],[-3.10286,56.13605],[-3.12272,56.12232],[-3.1416,56.11903],[-3.15429,56.11221],[-3.16019,56.09936],[-3.15922,56.08365],[-3.16485,56.07504],[-3.17298,56.06838],[-3.17506,56.0631],[-3.21533,56.06391],[-3.2241,56.06146],[-3.22325,56.05715],[-3.23495,56.05432],[-3.25171,56.06068],[-3.26727,56.05925],[-3.28341,56.05612],[-3.28652,56.05067],[-3.29264,56.05182],[-3.29667,56.05086],[-3.30981,56.04341],[-3.30889,56.03953],[-3.32068,56.03482],[-3.32631,56.03878],[-3.3379,56.0393],[-3.34593,56.03697],[-3.34343,56.0328],[-3.3554,56.02698],[-3.36348,56.02662],[-3.37522,56.02914],[-3.38542,56.02565],[-3.39408,56.02709],[-3.39959,56.02584],[-3.40017,56.02376],[-3.38886,56.02242],[-3.39042,56.01723],[-3.38825,56.01211],[-3.39088,56.0066],[-3.39583,56.00954],[-3.40355,56.01005],[-3.40836,56.01427],[-3.41406,56.01708],[-3.44153,56.02276],[-3.4462,56.02226],[-3.44831,56.01958],[-3.45352,56.02029],[-3.45653,56.02239],[-3.45594,56.02672],[-3.45928,56.02823],[-3.48608,56.03441],[-3.50414,56.03422],[-3.51863,56.04135],[-3.52983,56.03981],[-3.54556,56.04068],[-3.55484,56.04424],[-3.56022,56.05038],[-3.57649,56.05884],[-3.58955,56.05922],[-3.58629,56.0549],[-3.5871,56.05031],[-3.58966,56.04744],[-3.59481,56.04601],[-3.60742,56.04656],[-3.61408,56.05432],[-3.61809,56.05572],[-3.65016,56.05287],[-3.67005,56.04658],[-3.68517,56.04807],[-3.70682,56.0557],[-3.72563,56.06967],[-3.73932,56.07714],[-3.74052,56.0795],[-3.74938,56.08006],[-3.75758,56.0826],[-3.76185,56.08392],[-3.77587,56.09371],[-3.79242,56.1055],[-3.80413,56.11044],[-3.81973,56.11089],[-3.82994,56.10342],[-3.8323,56.10604],[-3.82707,56.1099],[-3.82773,56.11427],[-3.83503,56.11808],[-3.84885,56.1212],[-3.85672,56.11992],[-3.85927,56.11128],[-3.86372,56.10836],[-3.86825,56.10877],[-3.86924,56.11114],[-3.86259,56.11564],[-3.86684,56.12066],[-3.86481,56.11578],[-3.87153,56.11162],[-3.87011,56.1074],[-3.86482,56.10648],[-3.85904,56.10768],[-3.85408,56.11205],[-3.85458,56.11761],[-3.84862,56.11812],[-3.8382,56.11493],[-3.84085,56.10704],[-3.83753,56.10152],[-3.83202,56.09922],[-3.82015,56.09912],[-3.81178,56.10161],[-3.80478,56.10634],[-3.80167,56.10592],[-3.78979,56.09362],[-3.77075,56.07915],[-3.76005,56.07335],[-3.75758,56.07251],[-3.73462,56.06473],[-3.72787,56.04737],[-3.7279,56.03279],[-3.71552,56.02603],[-3.7028,56.02738],[-3.69229,56.0364],[-3.68229,56.03543],[-3.67804,56.02669],[-3.68316,56.02289],[-3.67205,56.01612],[-3.67598,56.01206],[-3.65983,56.01476],[-3.63346,56.01447],[-3.63096,56.01783],[-3.61541,56.01674],[-3.6077,56.02017],[-3.5963,56.02076],[-3.59019,56.0186],[-3.57152,56.01664],[-3.5617,56.01152],[-3.53375,56.00724],[-3.52462,56.00435],[-3.51751,56.00462],[-3.51572,56.00226],[-3.50633,55.99826],[-3.48189,55.9979],[-3.4709,55.99977],[-3.43713,55.99384],[-3.42533,55.99403],[-3.40836,55.99354],[-3.39314,55.99011],[-3.38257,55.99071],[-3.37256,55.99347],[-3.36405,55.99918],[-3.35187,56.00113],[-3.31899,55.98369],[-3.29052,55.97939],[-3.26882,55.97997],[-3.26317,55.97962],[-3.24986,55.98372],[-3.23469,55.9841],[-3.22895,55.98701],[-3.21945,55.98072],[-3.19803,55.98063],[-3.19272,55.98615],[-3.18607,55.98872],[-3.17795,55.98906],[-3.15825,55.98226],[-3.15457,55.97909],[-3.15188,55.97678],[-3.13913,55.97135],[-3.13772,55.96835],[-3.11871,55.95845],[-3.09531,55.94963],[-3.07765,55.9469],[-3.06504,55.94591],[-3.04954,55.94909],[-3.04677,55.95228],[-3.03995,55.9541],[-3.02716,55.95258],[-3.01986,55.95172],[-3.01055,55.95356],[-2.98475,55.96077],[-2.97198,55.96983],[-2.95627,55.97331],[-2.93732,55.97247],[-2.92082,55.97388],[-2.90891,55.97909],[-2.89751,55.98407],[-2.89856,55.98856],[-2.88944,55.99176],[-2.8853,55.99721],[-2.88527,56.00147],[-2.88977,56.00585],[-2.88925,56.01069],[-2.87442,56.01365],[-2.8675,56.01119],[-2.85789,56.0114],[-2.84825,56.01467],[-2.8569,56.01754],[-2.86608,56.02554],[-2.86611,56.03622],[-2.84027,56.04064],[-2.83572,56.04367],[-2.83187,56.05085],[-2.82412,56.05305],[-2.8146,56.06238],[-2.78561,56.06538],[-2.75638,56.05956],[-2.74358,56.0619],[-2.74109,56.06236],[-2.70083,56.05766],[-2.68806,56.06107],[-2.68472,56.06125],[-2.67932,56.06154],[-2.67089,56.05829],[-2.6563,56.05927],[-2.6484,56.05461],[-2.64542,56.05417],[-2.62826,56.05161],[-2.62144,56.04799],[-2.60981,56.03452],[-2.59686,56.02536],[-2.58489,56.02229],[-2.58945,56.01626],[-2.58607,56.01046],[-2.59923,56.00412],[-2.59778,55.99867],[-2.58935,55.99891],[-2.57982,56.0016],[-2.57477,56.00638],[-2.57093,56.01],[-2.5574,56.00416],[-2.55408,56.00024],[-2.54898,55.99911],[-2.53774,56.005],[-2.51482,56.00592],[-2.50471,55.99904],[-2.49123,55.99634],[-2.47588,55.99549],[-2.46258,55.98816],[-2.44642,55.98708],[-2.43755,55.98014],[-2.42008,55.97203],[-2.40317,55.97048],[-2.39159,55.956],[-2.37757,55.94874],[-2.36662,55.94611],[-2.36697,55.94331],[-2.37271,55.93909],[-2.38238,55.93404],[-2.39177,55.93201],[-2.39911,55.92184],[-2.40799,55.91448],[-2.42114,55.90981],[-2.42501,55.90583],[-2.43806,55.90243],[-2.44919,55.89377],[-2.46595,55.88927],[-2.46785,55.88505],[-2.48348,55.89013],[-2.49449,55.90519],[-2.50479,55.91149],[-2.52257,55.90939],[-2.53222,55.91098],[-2.53792,55.91428],[-2.55205,55.91192],[-2.5574,55.90884],[-2.55802,55.90848],[-2.56064,55.90622],[-2.5574,55.90123],[-2.5574,55.89987],[-2.56602,55.89663],[-2.5683,55.8914],[-2.5618,55.88679],[-2.5574,55.88524],[-2.54978,55.88224],[-2.54697,55.87764],[-2.53419,55.86841],[-2.53659,55.85947],[-2.54434,55.84784],[-2.55151,55.84172],[-2.5574,55.84047],[-2.57006,55.84535],[-2.57477,55.84531],[-2.57918,55.84526],[-2.58297,55.84257],[-2.58611,55.8335],[-2.59267,55.82971],[-2.59887,55.82891],[-2.61289,55.83386],[-2.63345,55.83545],[-2.64582,55.8344],[-2.64496,55.84075],[-2.64972,55.84325],[-2.65955,55.84297],[-2.66964,55.84584],[-2.68407,55.84078],[-2.69231,55.84072],[-2.69842,55.83683],[-2.72189,55.8347],[-2.74091,55.82951],[-2.75354,55.83213],[-2.76031,55.83836],[-2.77272,55.83845],[-2.77763,55.84299],[-2.78755,55.8361],[-2.81766,55.82961],[-2.83844,55.81908],[-2.8462,55.81901],[-2.85563,55.8251],[-2.86854,55.82459],[-2.87442,55.81977],[-2.87626,55.81517],[-2.87786,55.81117],[-2.88691,55.80593],[-2.89574,55.80933],[-2.90062,55.80932],[-2.91841,55.80143],[-2.92443,55.79387],[-2.93466,55.79348],[-2.94076,55.79532],[-2.94007,55.80562],[-2.94762,55.81517],[-2.95018,55.81841],[-2.9586,55.81517],[-2.96546,55.81253],[-2.96853,55.8072],[-2.97542,55.80484],[-2.98241,55.79892],[-3.00072,55.79028],[-3.01383,55.78716],[-3.02716,55.78111],[-3.04723,55.77199],[-3.0585,55.7686],[-3.06172,55.76347],[-3.06694,55.76324],[-3.07405,55.76028],[-3.07983,55.75622],[-3.09467,55.74581],[-3.10273,55.7376],[-3.1033,55.73136],[-3.09271,55.72193],[-3.11974,55.71493],[-3.12814,55.71082],[-3.13514,55.71255],[-3.13838,55.71986],[-3.1456,55.72052],[-3.15101,55.72709],[-3.14448,55.73999],[-3.16088,55.74888],[-3.16185,55.75439],[-3.16003,55.75622],[-3.1551,55.76117],[-3.17397,55.77237],[-3.16805,55.77879],[-3.1799,55.78167],[-3.17802,55.7849],[-3.18467,55.78865],[-3.18386,55.79325],[-3.18796,55.79625],[-3.18507,55.80184],[-3.19601,55.8014],[-3.21078,55.79016],[-3.21466,55.7847],[-3.22575,55.78647],[-3.23586,55.7797],[-3.2497,55.78155],[-3.26135,55.77735],[-3.26638,55.77796],[-3.27562,55.77592],[-3.29201,55.78086],[-3.29014,55.79229],[-3.29273,55.79484],[-3.30225,55.79299],[-3.30648,55.79736],[-3.32388,55.79336],[-3.33273,55.79406],[-3.33751,55.79179],[-3.34466,55.79336],[-3.35059,55.80922],[-3.3599,55.81413],[-3.36084,55.81517],[-3.36902,55.82421],[-3.37315,55.82174],[-3.37856,55.82042],[-3.38638,55.82016],[-3.39122,55.81889],[-3.39474,55.81984],[-3.40838,55.81517],[-3.4152,55.81066],[-3.4259,55.80984],[-3.43427,55.80565],[-3.4433,55.79369],[-3.4396,55.7883],[-3.44036,55.78517],[-3.44901,55.78065],[-3.4673,55.77497],[-3.47162,55.77107],[-3.48362,55.77257],[-3.52918,55.78349],[-3.54619,55.79029],[-3.55665,55.78656],[-3.58364,55.79897],[-3.59278,55.8098],[-3.61743,55.80309],[-3.64336,55.80357],[-3.65735,55.80186],[-3.67929,55.79478],[-3.6865,55.79708],[-3.69537,55.79542],[-3.70538,55.79094],[-3.7192,55.78816],[-3.73239,55.77865],[-3.74401,55.78211],[-3.73441,55.79314],[-3.74045,55.80015],[-3.71614,55.81404],[-3.71809,55.81517],[-3.73346,55.82402],[-3.73978,55.8306],[-3.74389,55.83913],[-3.74446,55.84032],[-3.74888,55.85648],[-3.75024,55.8591],[-3.74633,55.86062],[-3.74713,55.86559],[-3.7375,55.8671],[-3.73055,55.87032],[-3.71112,55.8739],[-3.71297,55.87576],[-3.71302,55.87723],[-3.71374,55.88234],[-3.72207,55.88492],[-3.75758,55.87726],[-3.76319,55.87436],[-3.76917,55.87674],[-3.77189,55.88076],[-3.77858,55.87681],[-3.78473,55.87705],[-3.79363,55.87413],[-3.80292,55.87533],[-3.81174,55.88342],[-3.82421,55.88565],[-3.83015,55.89355],[-3.82255,55.89659],[-3.81079,55.90473],[-3.82603,55.90562],[-3.83021,55.90716],[-3.83239,55.90796],[-3.83582,55.91215],[-3.87535,55.92319],[-3.89105,55.93678],[-3.89815,55.93687],[-3.9027,55.93819],[-3.89045,55.94835],[-3.88078,55.95197],[-3.87036,55.95351],[-3.86034,55.95934],[-3.86781,55.96271],[-3.89856,55.96124],[-3.90058,55.96133],[-3.90247,55.96233],[-3.9104,55.95981],[-3.9232,55.96454],[-3.93408,55.96369],[-3.93758,55.96341],[-3.94138,55.96865],[-3.9491,55.97201],[-3.94514,55.97909],[-3.94398,55.98117],[-3.9446,55.98166],[-3.96297,55.98702],[-3.97411,55.98513],[-3.98438,55.98338],[-3.98836,55.9874],[-3.97525,55.99201],[-3.98133,55.99514],[-3.98076,56.00035],[-3.98831,56.00724],[-3.99439,56.00597],[-4.00596,56.0072],[-4.01726,56.00611],[-4.02259,56.00984],[-4.02921,56.01016],[-4.02012,56.02814],[-4.04492,56.03082],[-4.06149,56.02962],[-4.07783,56.02677],[-4.08073,56.02626],[-4.09534,56.02751],[-4.10278,56.01832],[-4.11893,56.01412],[-4.12484,56.00992],[-4.13692,56.00658],[-4.15238,56.00814],[-4.15675,56.01319],[-4.15752,56.02518],[-4.1619,56.02903],[-4.16702,56.02895],[-4.17574,56.01839],[-4.19739,56.01126],[-4.20712,56.01658],[-4.22212,56.01973],[-4.24208,56.01675],[-4.25444,56.01718],[-4.27178,56.02367],[-4.27723,56.02819],[-4.29506,56.02544],[-4.29838,56.01762],[-4.29475,56.01061],[-4.27576,55.99419],[-4.27488,55.97909],[-4.27855,55.97418],[-4.27266,55.96545],[-4.28175,55.96714],[-4.28865,55.96694],[-4.29034,55.96459],[-4.2928,55.96437],[-4.29364,55.96294],[-4.28787,55.961],[-4.28597,55.95908],[-4.28641,55.95789],[-4.30445,55.95761],[-4.3147,55.95997],[-4.33377,55.95915],[-4.34285,55.96291],[-4.35115,55.97092],[-4.36221,55.97554],[-4.36621,55.97909],[-4.36769,55.9804],[-4.37529,55.98078],[-4.38736,55.97909],[-4.39356,55.97822],[-4.40205,55.97194],[-4.4144,55.9723],[-4.43036,55.97913],[-4.4288,55.98171],[-4.44442,55.9967],[-4.44697,56.00333],[-4.45061,56.00431],[-4.47033,56.00285],[-4.47282,56.00484],[-4.48177,56.012],[-4.48033,56.0211],[-4.48735,56.02384],[-4.49081,56.03366],[-4.48854,56.04],[-4.49671,56.04746],[-4.48078,56.05229],[-4.47583,56.05676],[-4.4766,56.06018],[-4.4849,56.06099],[-4.48589,56.06472],[-4.49256,56.06328],[-4.50291,56.0662],[-4.50165,56.06081],[-4.50603,56.05975],[-4.52184,56.06998],[-4.53111,56.07283],[-4.5566,56.07159],[-4.57196,56.07412],[-4.58658,56.07373],[-4.59246,56.07629],[-4.59821,56.08434],[-4.60398,56.08739],[-4.60533,56.089],[-4.60442,56.0906],[-4.59088,56.10424],[-4.58914,56.10796],[-4.59044,56.11099],[-4.59417,56.11394],[-4.59976,56.11545],[-4.62198,56.11724],[-4.63276,56.1186],[-4.63749,56.12061],[-4.64117,56.12359],[-4.6428,56.13362],[-4.65131,56.14402],[-4.65178,56.14652],[-4.65088,56.1505],[-4.65503,56.15379],[-4.65733,56.15714],[-4.65756,56.1589],[-4.65529,56.16322],[-4.65561,56.1651],[-4.67278,56.17497],[-4.67575,56.17718],[-4.68769,56.18789],[-4.69054,56.19317],[-4.69539,56.19928],[-4.69577,56.20138],[-4.69497,56.2037],[-4.68645,56.2117],[-4.68549,56.21323],[-4.68508,56.21693],[-4.6857,56.21907],[-4.70063,56.25276],[-4.70113,56.25388],[-4.69763,56.26211],[-4.69722,56.27371],[-4.69305,56.27843],[-4.68046,56.27745],[-4.67294,56.28116],[-4.66707,56.27999],[-4.66111,56.28176],[-4.663,56.28715],[-4.67885,56.28989],[-4.68163,56.298],[-4.67173,56.303],[-4.67671,56.30809],[-4.67607,56.31265],[-4.66775,56.3186],[-4.662,56.31604],[-4.6593,56.31655],[-4.65888,56.32185],[-4.66721,56.32585],[-4.67696,56.32631],[-4.695,56.32279],[-4.71671,56.32981],[-4.71693,56.32347],[-4.7205,56.32195],[-4.72163,56.32725],[-4.73814,56.33181],[-4.74366,56.33131],[-4.75395,56.3253],[-4.78581,56.32385],[-4.79217,56.33257],[-4.78001,56.33895],[-4.78392,56.34337],[-4.79511,56.34824],[-4.80172,56.35528],[-4.80967,56.35602],[-4.8221,56.36201],[-4.83127,56.36643],[-4.8545,56.37053],[-4.83465,56.37826],[-4.83447,56.39019],[-4.8221,56.39488],[-4.81386,56.398],[-4.81704,56.40317],[-4.81271,56.408],[-4.81438,56.41323],[-4.81186,56.41702],[-4.79914,56.4172],[-4.79007,56.42682],[-4.78207,56.42741],[-4.76598,56.43219],[-4.76637,56.43575],[-4.75336,56.43692],[-4.73905,56.43432],[-4.7324,56.4354],[-4.72349,56.4461],[-4.72478,56.45018],[-4.73215,56.45489],[-4.72699,56.45888],[-4.7061,56.4617],[-4.69935,56.46694],[-4.68912,56.46287],[-4.66596,56.46184],[-4.6554,56.47278],[-4.6442,56.47381],[-4.63908,56.47616],[-4.6496,56.47902],[-4.67017,56.48005],[-4.68027,56.48482],[-4.68506,56.4907],[-4.67555,56.50024],[-4.65946,56.51043],[-4.65308,56.51857],[-4.65436,56.52687],[-4.65956,56.53396],[-4.66766,56.533],[-4.67959,56.53935],[-4.69107,56.53989],[-4.69812,56.5426],[-4.69467,56.55162],[-4.68391,56.55308],[-4.67177,56.55741],[-4.66118,56.56211],[-4.64971,56.56161],[-4.64065,56.56792],[-4.61339,56.57053],[-4.60015,56.57621],[-4.5787,56.57161],[-4.56096,56.57167],[-4.57335,56.58013],[-4.57646,56.58871],[-4.58666,56.59977],[-4.59761,56.60477],[-4.6101,56.61473],[-4.62644,56.61573],[-4.63351,56.62255],[-4.63601,56.62497],[-4.62107,56.63472],[-4.61885,56.63827],[-4.63011,56.64771],[-4.63038,56.65521],[-4.63518,56.65569],[-4.66413,56.64036],[-4.69633,56.64345],[-4.71531,56.64298],[-4.72017,56.65603],[-4.71754,56.6756],[-4.70927,56.67673],[-4.69533,56.67541],[-4.67723,56.67744],[-4.65659,56.67541],[-4.63553,56.6827],[-4.62718,56.68784],[-4.61425,56.69123],[-4.5967,56.69192],[-4.59245,56.69344],[-4.59148,56.70423],[-4.6051,56.70847],[-4.59135,56.7243],[-4.57701,56.73478],[-4.58868,56.76014],[-4.5797,56.76467],[-4.54802,56.7725],[-4.54958,56.78135],[-4.53859,56.78734],[-4.53214,56.79591],[-4.5298,56.79781],[-4.52853,56.80145],[-4.52037,56.80542],[-4.50852,56.80216],[-4.48569,56.79208],[-4.46783,56.77906],[-4.4405,56.77556],[-4.43394,56.77916],[-4.41406,56.79899],[-4.3754,56.8304],[-4.35697,56.82803],[-4.34425,56.82281],[-4.33807,56.82291],[-4.33138,56.82578],[-4.3273,56.83782],[-4.31408,56.84328],[-4.30278,56.85121],[-4.29439,56.85252],[-4.27811,56.85093],[-4.26293,56.85606],[-4.25237,56.85419],[-4.2329,56.85722],[-4.21763,56.86771],[-4.20135,56.87129],[-4.19513,56.87699],[-4.20164,56.88628],[-4.19963,56.89262],[-4.18254,56.90784],[-4.17539,56.90932],[-4.16795,56.90588],[-4.1565,56.90431],[-4.13685,56.89813],[-4.12554,56.89859],[-4.11224,56.89514],[-4.08904,56.894],[-4.07776,56.89591],[-4.06539,56.89529],[-4.0421,56.89735],[-4.03531,56.89913],[-4.0226,56.89046],[-4.01568,56.89204],[-4.00841,56.89735],[-3.99568,56.89162],[-3.98331,56.89382],[-3.96802,56.90092],[-3.96386,56.9087],[-3.96943,56.91977],[-3.96594,56.93234],[-3.94897,56.94595],[-3.94029,56.94625],[-3.93445,56.93675],[-3.90435,56.93136],[-3.89569,56.9243],[-3.88589,56.92566],[-3.87397,56.92396],[-3.85238,56.92453],[-3.84273,56.92776],[-3.82606,56.93721],[-3.81523,56.93526],[-3.80163,56.93601],[-3.79454,56.92936],[-3.79,56.92509],[-3.78401,56.92351],[-3.76725,56.92936],[-3.76296,56.93086],[-3.75758,56.93142],[-3.7395,56.93331],[-3.73203,56.93034],[-3.7314,56.92936],[-3.72469,56.91892],[-3.71294,56.9176],[-3.70749,56.91528],[-3.68416,56.91664],[-3.676,56.92936],[-3.67405,56.93241],[-3.65588,56.93274],[-3.65336,56.92936],[-3.64957,56.92429],[-3.6458,56.92318],[-3.63746,56.9253],[-3.61903,56.9264],[-3.6094,56.92936],[-3.60387,56.93106],[-3.58208,56.93062],[-3.58079,56.92936],[-3.5776,56.92625],[-3.57797,56.92168],[-3.57222,56.91187],[-3.55952,56.90053],[-3.56148,56.8971],[-3.56792,56.89419],[-3.56294,56.88547],[-3.54858,56.88631],[-3.53773,56.89173],[-3.52913,56.88439],[-3.52141,56.88728],[-3.5154,56.88655],[-3.50957,56.88812],[-3.50218,56.88703],[-3.4905,56.87852],[-3.48275,56.87497],[-3.46463,56.87341],[-3.44689,56.87612],[-3.44541,56.88015],[-3.43869,56.88483],[-3.43153,56.88636],[-3.4203,56.88007],[-3.40836,56.88262],[-3.40405,56.88353],[-3.3948,56.87988],[-3.38395,56.87931],[-3.37211,56.87474],[-3.36697,56.8776],[-3.36598,56.8821],[-3.3525,56.88484],[-3.34771,56.8899],[-3.33682,56.89556],[-3.31192,56.89753],[-3.30175,56.90049],[-3.29675,56.90487],[-3.28603,56.90751],[-3.28397,56.9134],[-3.29047,56.92547],[-3.28416,56.92843],[-3.27904,56.92755],[-3.26952,56.92033],[-3.26098,56.92138],[-3.23364,56.91795],[-3.19633,56.90568],[-3.18774,56.90455],[-3.18085,56.90565],[-3.17519,56.90207],[-3.16867,56.90756],[-3.15236,56.90465],[-3.14021,56.8982],[-3.13805,56.89307],[-3.1306,56.88849],[-3.12035,56.88892],[-3.10763,56.89504],[-3.11169,56.90336],[-3.10932,56.90788],[-3.11047,56.91876],[-3.09868,56.92936],[-3.09446,56.93315],[-3.0979,56.94502],[-3.09355,56.94978],[-3.08392,56.95131],[-3.08129,56.95879],[-3.05733,56.96401],[-3.0483,56.96394],[-3.03466,56.9677],[-3.02716,56.97162],[-3.00876,56.96767],[-2.99819,56.96984],[-2.9907,56.96842],[-2.96996,56.96961],[-2.95204,56.96768],[-2.94333,56.97322],[-2.92635,56.97264],[-2.91382,56.97553],[-2.91054,56.98218],[-2.89288,56.98648],[-2.86405,56.97944]]],[[[-2.54824,56.18143],[-2.55144,56.1812],[-2.5574,56.18351],[-2.56215,56.1867],[-2.56463,56.19141],[-2.562,56.19164],[-2.5574,56.18834],[-2.55018,56.18544],[-2.54824,56.18143]]],[[[-3.13266,56.03292],[-3.13098,56.02868],[-3.13264,56.02828],[-3.13654,56.03228],[-3.13837,56.03211],[-3.14111,56.03473],[-3.13662,56.03617],[-3.13266,56.03292]]],[[[-3.24527,56.35694],[-3.25332,56.35549],[-3.25772,56.35629],[-3.25164,56.35857],[-3.24412,56.35876],[-3.24527,56.35694]]],[[[-3.28746,55.99268],[-3.29098,55.99115],[-3.2926,55.99326],[-3.29066,55.99551],[-3.28745,55.99492],[-3.28746,55.99268]]],[[[-2.78149,56.0709],[-2.78658,56.07071],[-2.78674,56.07351],[-2.78181,56.0738],[-2.78149,56.0709]]],[[[-3.27093,56.01037],[-3.27406,56.00959],[-3.27613,56.01126],[-3.27378,56.01388],[-3.27093,56.01037]]],[[[-3.30104,56.03],[-3.30276,56.02732],[-3.30671,56.0279],[-3.30266,56.03133],[-3.30104,56.03]]],[[[-2.71684,56.0744],[-2.71911,56.07206],[-2.72359,56.07343],[-2.7183,56.07551],[-2.71684,56.0744]]],[[[-2.63827,56.07775],[-2.64044,56.07576],[-2.64287,56.07672],[-2.64294,56.07845],[-2.63865,56.07943],[-2.63827,56.07775]]]]},"properties":{"code":"UKM7","nom":"Eastern Scotland","country":"SCO"}}]}