{"type":"FeatureCollection","features":[{"type":"Feature","geometry":{"type":"MultiPolygon","coordinates":[[[[3.21365,39.95751],[3.16567,39.95992],[3.1205,39.93138],[3.0603,39.91984],[3.06101,39.93264],[3.02814,39.93508],[2.98266,39.90825],[2.95037,39.92008],[2.84501,39.86174],[2.77837,39.85559],[2.7756,39.83985],[2.69946,39.81085],[2.69445,39.79133],[2.66943,39.79223],[2.6632,39.7724],[2.61983,39.75595],[2.58551,39.71628],[2.52787,39.70155],[2.46222,39.65201],[2.35601,39.60556],[2.3465,39.5646],[2.39051,39.54621],[2.36301,39.5328],[2.38853,39.53375],[2.38693,39.52088],[2.41366,39.53901],[2.41944,39.52289],[2.45675,39.53429],[2.47961,39.51761],[2.45618,39.50477],[2.47915,39.49194],[2.47608,39.46626],[2.52174,39.4566],[2.54104,39.52483],[2.56159,39.53191],[2.56466,39.52802],[2.57544,39.53111],[2.57609,39.53363],[2.58829,39.53346],[2.59031,39.53106],[2.59032,39.53655],[2.59706,39.54351],[2.59573,39.5467],[2.60107,39.55112],[2.63246,39.5452],[2.63944,39.55262],[2.61991,39.54956],[2.63271,39.56843],[2.66953,39.56246],[2.74841,39.51066],[2.722,39.47572],[2.74731,39.44147],[2.74203,39.40624],[2.78734,39.36306],[2.88194,39.36616],[2.91351,39.35242],[2.95782,39.36248],[2.9908,39.33677],[2.98605,39.31591],[3.01355,39.31044],[3.05012,39.2656],[3.06876,39.26672],[3.1464,39.32997],[3.17105,39.32653],[3.188,39.35194],[3.23223,39.36164],[3.22213,39.37287],[3.2444,39.37744],[3.26096,39.42403],[3.26711,39.42784],[3.27486,39.41593],[3.29184,39.49429],[3.34032,39.53488],[3.33186,39.54044],[3.40407,39.57944],[3.38502,39.5928],[3.39689,39.62831],[3.43629,39.63427],[3.44101,39.65648],[3.45594,39.65631],[3.45235,39.68223],[3.4567,39.70551],[3.47869,39.71581],[3.45269,39.72249],[3.46132,39.7481],[3.43219,39.7451],[3.34812,39.78937],[3.32891,39.7598],[3.25259,39.72937],[3.13507,39.78267],[3.12077,39.83209],[3.17855,39.84058],[3.19721,39.86186],[3.18825,39.88162],[3.20446,39.88881],[3.19036,39.89242],[3.10564,39.85765],[3.08379,39.87548],[3.08004,39.90227],[3.11079,39.89926],[3.13133,39.92687],[3.13839,39.92809],[3.1544,39.92322],[3.21365,39.95751]],[[3.18794,39.75429],[3.18763,39.75458],[3.18818,39.75502],[3.18834,39.75462],[3.18794,39.75429]],[[3.162,39.87374],[3.1622,39.87376],[3.16233,39.87325],[3.16191,39.87325],[3.162,39.87374]],[[2.42221,39.53654],[2.42207,39.5371],[2.4225,39.53713],[2.42244,39.53678],[2.42221,39.53654]],[[3.00408,39.31302],[3.00365,39.31253],[3.00333,39.31259],[3.00352,39.31298],[3.00408,39.31302]],[[3.37588,39.56498],[3.3757,39.56489],[3.37536,39.56507],[3.37576,39.5652],[3.37588,39.56498]],[[3.18607,39.86899],[3.18575,39.86908],[3.18609,39.86935],[3.1861,39.86908],[3.18607,39.86899]],[[2.60397,39.73529],[2.60371,39.73535],[2.60392,39.73572],[2.60405,39.73536],[2.60397,39.73529]],[[2.91697,39.35689],[2.91697,39.35674],[2.91653,39.35682],[2.91673,39.35701],[2.91697,39.35689]],[[3.18868,39.75509],[3.18842,39.7551],[3.18836,39.75518],[3.18879,39.7552],[3.18868,39.75509]],[[3.17721,39.88111],[3.17702,39.88113],[3.17718,39.88132],[3.17733,39.88119],[3.17721,39.88111]],[[3.17599,39.95188],[3.17574,39.95184],[3.17563,39.9519],[3.17587,39.95203],[3.17599,39.95188]],[[2.65158,39.76674],[2.65147,39.76697],[2.65155,39.76704],[2.65169,39.76694],[2.65158,39.76674]],[[2.44032,39.53303],[2.44016,39.53312],[2.44036,39.53323],[2.44043,39.53313],[2.44032,39.53303]],[[2.93317,39.90279],[2.93309,39.90269],[2.93299,39.90286],[2.93318,39.90289],[2.93317,39.90279]],[[2.65407,39.76864],[2.65412,39.76878],[2.65425,39.76874],[2.65422,39.76866],[2.65407,39.76864]],[[2.96338,39.9124],[2.96324,39.91252],[2.96327,39.91257],[2.96345,39.91253],[2.96338,39.9124]],[[2.59811,39.72994],[2.59804,39.72987],[2.59786,39.72996],[2.59793,39.73004],[2.59811,39.72994]],[[2.96598,39.91046],[2.96582,39.91049],[2.96582,39.91061],[2.96594,39.91059],[2.96598,39.91046]],[[2.96532,39.91067],[2.96518,39.91067],[2.9651,39.91076],[2.96521,39.9108],[2.96532,39.91067]],[[2.41524,39.53855],[2.41516,39.53849],[2.41507,39.5386],[2.41524,39.53865],[2.41524,39.53855]],[[2.61532,39.74444],[2.61522,39.74438],[2.61509,39.74448],[2.61529,39.74453],[2.61532,39.74444]],[[2.59837,39.73027],[2.59823,39.73034],[2.59833,39.73043],[2.5984,39.73036],[2.59837,39.73027]],[[3.17571,39.95244],[3.17563,39.95238],[3.17555,39.95247],[3.17562,39.95253],[3.17571,39.95244]],[[2.65256,39.76787],[2.65245,39.76789],[2.65242,39.76794],[2.65262,39.76797],[2.65256,39.76787]],[[2.63128,39.75891],[2.63115,39.7589],[2.63117,39.75903],[2.63129,39.759],[2.63128,39.75891]],[[2.61606,39.74517],[2.616,39.74533],[2.61609,39.74533],[2.61614,39.7453],[2.61606,39.74517]],[[2.55215,39.70066],[2.55207,39.70075],[2.55221,39.70079],[2.55223,39.70075],[2.55215,39.70066]],[[2.55344,39.70106],[2.5533,39.70104],[2.55328,39.70114],[2.55339,39.70114],[2.55344,39.70106]],[[3.17495,39.95174],[3.17487,39.9517],[3.17478,39.95179],[3.17489,39.95183],[3.17495,39.95174]],[[2.55415,39.70184],[2.55402,39.70186],[2.55404,39.70194],[2.55415,39.70191],[2.55415,39.70184]],[[2.54383,39.70037],[2.54376,39.70036],[2.54372,39.70046],[2.54381,39.70047],[2.54383,39.70037]],[[2.59682,39.72785],[2.59676,39.72788],[2.59681,39.72798],[2.59689,39.72788],[2.59682,39.72785]],[[3.17527,39.95217],[3.17523,39.95215],[3.17514,39.95224],[3.17525,39.95226],[3.17527,39.95217]],[[2.55375,39.70125],[2.55363,39.70122],[2.55358,39.7013],[2.55371,39.7013],[2.55375,39.70125]],[[2.65223,39.76761],[2.65213,39.76762],[2.65213,39.76766],[2.65227,39.76769],[2.65223,39.76761]],[[2.55753,39.70213],[2.55742,39.70211],[2.55739,39.70214],[2.55744,39.70221],[2.55753,39.70213]],[[2.65178,39.76729],[2.65167,39.76732],[2.65171,39.76738],[2.6518,39.76737],[2.65178,39.76729]],[[2.59286,39.72385],[2.5928,39.72391],[2.59291,39.72396],[2.59292,39.7239],[2.59286,39.72385]],[[2.60722,39.73807],[2.60711,39.7381],[2.60712,39.73819],[2.60718,39.73817],[2.60722,39.73807]],[[2.53765,39.70041],[2.53753,39.70042],[2.53751,39.70046],[2.53764,39.70047],[2.53765,39.70041]],[[3.17773,39.95163],[3.17762,39.95162],[3.17755,39.95166],[3.17771,39.95168],[3.17773,39.95163]],[[2.59703,39.72777],[2.59698,39.72767],[2.59693,39.72771],[2.59695,39.72779],[2.59703,39.72777]],[[2.5783,39.71423],[2.57823,39.71429],[2.57834,39.71432],[2.57835,39.71426],[2.5783,39.71423]],[[2.6504,39.76601],[2.65031,39.76603],[2.65035,39.7661],[2.65042,39.76609],[2.6504,39.76601]],[[2.60662,39.73786],[2.60656,39.73779],[2.60647,39.73785],[2.60652,39.7379],[2.60662,39.73786]],[[3.17656,39.95491],[3.1765,39.95481],[3.17643,39.95484],[3.17644,39.9549],[3.17656,39.95491]],[[2.6427,39.76196],[2.64265,39.76197],[2.6427,39.76206],[2.64277,39.76202],[2.6427,39.76196]],[[2.64534,39.76263],[2.64527,39.76261],[2.64522,39.76264],[2.64531,39.7627],[2.64534,39.76263]],[[2.61984,39.75534],[2.61985,39.75526],[2.61976,39.75527],[2.61978,39.75533],[2.61984,39.75534]],[[2.55851,39.70237],[2.55843,39.7024],[2.55844,39.70245],[2.55851,39.70244],[2.55851,39.70237]],[[2.52443,39.69877],[2.52433,39.69879],[2.52438,39.69886],[2.52443,39.69885],[2.52443,39.69877]],[[2.59098,39.72198],[2.59094,39.72195],[2.59089,39.72203],[2.59096,39.72204],[2.59098,39.72198]],[[2.64992,39.76567],[2.64988,39.76568],[2.64986,39.76573],[2.64998,39.76571],[2.64992,39.76567]],[[2.54599,39.69961],[2.54591,39.69964],[2.54591,39.69968],[2.54599,39.69969],[2.54599,39.69961]],[[3.20018,39.95622],[3.20013,39.95617],[3.20014,39.95632],[3.20018,39.95629],[3.20018,39.95622]],[[3.17706,39.95532],[3.17704,39.95528],[3.17698,39.95537],[3.17705,39.95537],[3.17706,39.95532]]],[[[4.09416,40.08797],[4.08149,40.08911],[4.08939,40.06898],[4.05373,40.05187],[4.04106,40.05594],[4.03212,40.06556],[4.01617,40.05559],[3.97873,40.0511],[3.93395,40.06292],[3.92127,40.04534],[3.89861,40.05983],[3.82235,40.05115],[3.79079,40.01613],[3.79901,39.99778],[3.83595,40.00245],[3.82098,39.9256],[3.90018,39.92247],[3.95951,39.93835],[4.05861,39.90595],[4.20819,39.82483],[4.21102,39.82934],[4.2188,39.82913],[4.26918,39.80908],[4.28754,39.81518],[4.30743,39.86543],[4.2565,39.89711],[4.29612,39.89186],[4.31028,39.87818],[4.31035,39.87004],[4.32779,39.87696],[4.30971,39.88036],[4.27434,39.93367],[4.28066,39.94991],[4.26547,39.94991],[4.25477,39.96394],[4.26617,39.98192],[4.25485,39.99286],[4.26985,39.99654],[4.22046,39.99669],[4.20756,40.01302],[4.20528,39.99303],[4.19411,40.00984],[4.19531,40.03221],[4.18223,40.02179],[4.17108,40.03649],[4.1608,40.03348],[4.17272,40.06019],[4.15549,40.06791],[4.13655,40.06708],[4.14081,40.03592],[4.1266,40.02615],[4.13353,40.06325],[4.10336,40.04448],[4.09285,40.0596],[4.09416,40.08797]],[[4.16878,40.05718],[4.16801,40.05682],[4.16763,40.05725],[4.16816,40.05759],[4.16878,40.05718]],[[4.03003,39.91557],[4.02972,39.91587],[4.03009,39.91674],[4.03038,39.91638],[4.03003,39.91557]],[[4.16906,40.02891],[4.16886,40.02911],[4.16932,40.0292],[4.16934,40.02904],[4.16906,40.02891]],[[3.94906,40.0577],[3.94881,40.05786],[3.94928,40.05789],[3.94922,40.05779],[3.94906,40.0577]],[[3.94686,40.05736],[3.94672,40.05756],[3.94691,40.05766],[3.947,40.05756],[3.94686,40.05736]],[[4.16948,40.03034],[4.16933,40.03033],[4.16925,40.03049],[4.16951,40.03044],[4.16948,40.03034]],[[3.89499,40.05901],[3.89487,40.05899],[3.89482,40.05902],[3.89511,40.05904],[3.89499,40.05901]],[[4.19456,40.02485],[4.19443,40.02482],[4.1944,40.02488],[4.19456,40.02497],[4.19456,40.02485]],[[4.16505,40.05225],[4.16498,40.05223],[4.16489,40.05232],[4.16504,40.05236],[4.16505,40.05225]]],[[[1.53253,39.11839],[1.49836,39.09878],[1.49494,39.10179],[1.49238,39.10166],[1.48843,39.11054],[1.4627,39.10355],[1.44053,39.08051],[1.42628,39.09254],[1.37516,39.06226],[1.36608,39.06417],[1.35884,39.07406],[1.29393,39.03154],[1.29894,39.00953],[1.28446,38.99386],[1.30653,38.97241],[1.22918,38.97454],[1.21494,38.95816],[1.23648,38.93879],[1.21331,38.90199],[1.22417,38.87081],[1.24805,38.8558],[1.2553,38.85974],[1.26771,38.87803],[1.29587,38.87716],[1.29739,38.86221],[1.31476,38.86808],[1.32042,38.85578],[1.34326,38.87106],[1.3712,38.83042],[1.38446,38.8424],[1.40633,38.83172],[1.40316,38.87485],[1.42128,38.9036],[1.43863,38.90253],[1.43954,38.91667],[1.45056,38.9117],[1.45718,38.90372],[1.45507,38.91705],[1.47683,38.91302],[1.51019,38.9468],[1.52885,38.94497],[1.52738,38.98244],[1.58134,38.98934],[1.57788,39.00106],[1.58522,39.01572],[1.62154,39.0277],[1.58798,39.06332],[1.60991,39.0793],[1.59846,39.08242],[1.60424,39.09089],[1.55714,39.09331],[1.53253,39.11839]],[[1.29965,38.87013],[1.29913,38.87067],[1.29906,38.87172],[1.29966,38.87156],[1.29965,38.87013]],[[1.21879,38.88959],[1.21831,38.88991],[1.2186,38.89025],[1.21922,38.89004],[1.21879,38.88959]],[[1.23166,38.97344],[1.23144,38.97359],[1.23204,38.97397],[1.23202,38.97355],[1.23166,38.97344]],[[1.40329,39.07724],[1.40332,39.07761],[1.40387,39.07742],[1.40383,39.07737],[1.40329,39.07724]],[[1.24366,38.86053],[1.24355,38.86118],[1.24389,38.86146],[1.2437,38.86082],[1.24366,38.86053]],[[1.29863,38.87037],[1.29821,38.87027],[1.29807,38.87058],[1.29817,38.87067],[1.29863,38.87037]],[[1.60498,39.07977],[1.60469,39.07986],[1.6054,39.07994],[1.60518,39.07986],[1.60498,39.07977]],[[1.36939,38.83429],[1.36918,38.83429],[1.36907,38.83438],[1.36945,38.83454],[1.36939,38.83429]],[[1.47852,39.10576],[1.47829,39.10585],[1.47878,39.10592],[1.47873,39.10583],[1.47852,39.10576]],[[1.49708,39.09921],[1.4969,39.09934],[1.49703,39.0996],[1.49711,39.09945],[1.49708,39.09921]],[[1.40644,39.07648],[1.40636,39.07665],[1.4066,39.07672],[1.40662,39.07668],[1.40644,39.07648]],[[1.47583,38.9154],[1.47569,38.91543],[1.4757,38.91562],[1.47587,38.91552],[1.47583,38.9154]],[[1.59959,39.02308],[1.59944,39.02307],[1.59932,39.02326],[1.59954,39.02318],[1.59959,39.02308]],[[1.32128,38.85988],[1.32116,38.85994],[1.32122,38.86015],[1.32128,38.86006],[1.32128,38.85988]],[[1.45574,38.90793],[1.45559,38.90785],[1.45547,38.90797],[1.45564,38.908],[1.45574,38.90793]],[[1.29839,38.87014],[1.29838,38.87009],[1.29823,38.87016],[1.2985,38.87024],[1.29839,38.87014]],[[1.225,38.87092],[1.22486,38.87097],[1.22498,38.87111],[1.22502,38.87103],[1.225,38.87092]],[[1.26197,38.87205],[1.26189,38.87209],[1.26188,38.87223],[1.26196,38.87224],[1.26197,38.87205]],[[1.40716,39.07695],[1.40711,39.07702],[1.40726,39.07711],[1.40726,39.07704],[1.40716,39.07695]],[[1.27972,38.87815],[1.27967,38.87811],[1.27956,38.8782],[1.27966,38.87825],[1.27972,38.87815]],[[1.26261,38.8722],[1.26249,38.87225],[1.26258,38.87235],[1.26264,38.8723],[1.26261,38.8722]],[[1.29836,38.86994],[1.29821,38.86999],[1.29821,38.87003],[1.29831,38.87005],[1.29836,38.86994]],[[1.24019,38.86893],[1.24006,38.86895],[1.24006,38.869],[1.24017,38.86903],[1.24019,38.86893]],[[1.26224,38.87219],[1.26218,38.87215],[1.26209,38.87219],[1.26216,38.87226],[1.26224,38.87219]],[[1.23616,38.87154],[1.23603,38.8716],[1.23604,38.87162],[1.23615,38.87164],[1.23616,38.87154]],[[1.26242,38.87215],[1.26237,38.87214],[1.26231,38.8722],[1.26244,38.87222],[1.26242,38.87215]],[[1.25985,38.86877],[1.25975,38.86876],[1.25975,38.86885],[1.25983,38.86884],[1.25985,38.86877]],[[1.22247,38.8799],[1.22244,38.88002],[1.2225,38.88003],[1.22253,38.88],[1.22247,38.8799]],[[1.22251,38.87972],[1.22247,38.8797],[1.22243,38.87979],[1.22253,38.8798],[1.22251,38.87972]],[[1.26287,38.87206],[1.2628,38.87206],[1.26277,38.87211],[1.26284,38.87214],[1.26287,38.87206]],[[1.25833,38.86742],[1.25825,38.86738],[1.25821,38.86743],[1.25829,38.86748],[1.25833,38.86742]],[[1.21965,38.89236],[1.2196,38.89239],[1.21958,38.89244],[1.21966,38.89245],[1.21965,38.89236]],[[1.26285,38.87237],[1.26282,38.87246],[1.26289,38.87246],[1.26288,38.87239],[1.26285,38.87237]],[[1.26031,38.86965],[1.26021,38.86962],[1.26019,38.86968],[1.26027,38.86972],[1.26031,38.86965]],[[1.23559,38.87231],[1.23552,38.87235],[1.23552,38.87239],[1.2356,38.87239],[1.23559,38.87231]],[[1.26252,38.87232],[1.26245,38.87232],[1.26243,38.87239],[1.26252,38.87238],[1.26252,38.87232]],[[1.22586,38.87514],[1.2258,38.87517],[1.22582,38.87521],[1.22589,38.87518],[1.22586,38.87514]],[[1.22514,38.87111],[1.22511,38.87111],[1.22508,38.87114],[1.22516,38.87116],[1.22514,38.87111]],[[1.32118,38.85934],[1.32111,38.85925],[1.32108,38.85927],[1.32109,38.85931],[1.32118,38.85934]]],[[[1.43589,38.76176],[1.43327,38.77165],[1.41925,38.72251],[1.39657,38.73548],[1.38027,38.71931],[1.38553,38.64134],[1.44718,38.68499],[1.52413,38.65301],[1.58472,38.6628],[1.56906,38.69162],[1.53029,38.67281],[1.49647,38.68824],[1.43589,38.76176]],[[1.43046,38.75465],[1.43117,38.7537],[1.4309,38.75326],[1.42999,38.7538],[1.43046,38.75465]],[[1.4311,38.75087],[1.43065,38.75132],[1.43151,38.75141],[1.43155,38.75107],[1.4311,38.75087]],[[1.45671,38.72655],[1.45728,38.72622],[1.45596,38.72624],[1.45603,38.72649],[1.45671,38.72655]],[[1.45315,38.73019],[1.45269,38.73028],[1.45261,38.73088],[1.45317,38.73058],[1.45315,38.73019]],[[1.46006,38.72434],[1.4595,38.72444],[1.45937,38.72481],[1.45962,38.72485],[1.46006,38.72434]],[[1.43045,38.75543],[1.43001,38.75539],[1.42985,38.75555],[1.43038,38.75569],[1.43045,38.75543]],[[1.43148,38.75007],[1.43107,38.75012],[1.43099,38.75021],[1.43128,38.7503],[1.43148,38.75007]],[[1.45699,38.72836],[1.45703,38.72822],[1.45668,38.72821],[1.4567,38.72829],[1.45699,38.72836]],[[1.45893,38.72627],[1.4586,38.72629],[1.45851,38.72637],[1.45878,38.72638],[1.45893,38.72627]],[[1.45685,38.7284],[1.45671,38.72844],[1.45674,38.72861],[1.45695,38.72858],[1.45685,38.7284]],[[1.4525,38.73118],[1.45228,38.73127],[1.45231,38.7314],[1.45246,38.73141],[1.4525,38.73118]],[[1.4364,38.6786],[1.43622,38.67857],[1.4361,38.67862],[1.43653,38.6787],[1.4364,38.6786]],[[1.45026,38.7317],[1.4501,38.73167],[1.45006,38.73176],[1.45026,38.73177],[1.45026,38.7317]],[[1.45944,38.7251],[1.45933,38.72508],[1.45924,38.72516],[1.45943,38.72519],[1.45944,38.7251]],[[1.38501,38.71335],[1.38495,38.71333],[1.38482,38.71341],[1.38495,38.71343],[1.38501,38.71335]],[[1.45971,38.72589],[1.45959,38.72588],[1.45956,38.72596],[1.45963,38.72599],[1.45971,38.72589]],[[1.39204,38.72673],[1.39193,38.72674],[1.39192,38.7268],[1.39201,38.72682],[1.39204,38.72673]]],[[[2.9512,39.16548],[2.94967,39.14841],[2.93109,39.15649],[2.93168,39.14333],[2.91689,39.16162],[2.9195,39.12895],[2.95793,39.12691],[2.95665,39.14757],[2.9766,39.15803],[2.9512,39.16548]],[[2.92315,39.13294],[2.92347,39.13254],[2.92259,39.13257],[2.92279,39.1329],[2.92315,39.13294]],[[2.93773,39.12839],[2.93763,39.12835],[2.93747,39.12836],[2.93758,39.12854],[2.93773,39.12839]],[[2.95668,39.13484],[2.95662,39.13483],[2.95663,39.13488],[2.95674,39.13485],[2.95668,39.13484]],[[2.91766,39.15609],[2.91766,39.15604],[2.9176,39.15605],[2.9176,39.15609],[2.91766,39.15609]]],[[[2.33858,39.5977],[2.30971,39.58347],[2.30319,39.57282],[2.31866,39.57673],[2.33858,39.5977]]],[[[2.96622,39.19046],[2.95502,39.18235],[2.96162,39.17544],[2.97296,39.18665],[2.96622,39.19046]]],[[[1.42342,38.79657],[1.41937,38.7793],[1.42649,38.78206],[1.43222,38.77397],[1.43333,38.77494],[1.43162,38.78414],[1.42342,38.79657]]],[[[1.21477,38.98959],[1.20623,38.98943],[1.21408,38.97593],[1.21892,38.9784],[1.21477,38.98959]]],[[[1.20023,38.87067],[1.19557,38.86992],[1.18843,38.8626],[1.203,38.86466],[1.20023,38.87067]]],[[[4.27806,39.96668],[4.27355,39.96435],[4.27296,39.95671],[4.28403,39.95981],[4.27806,39.96668]]],[[[1.64143,39.04152],[1.63983,39.03476],[1.65044,39.03222],[1.64643,39.04046],[1.64143,39.04152]]],[[[1.47785,38.80025],[1.47777,38.80505],[1.4741,38.7974],[1.4803,38.78797],[1.48241,38.79924],[1.47785,38.80025]]],[[[4.29002,39.80232],[4.28197,39.80097],[4.28543,39.79929],[4.29611,39.80027],[4.29002,39.80232]]],[[[4.30611,39.8783],[4.30121,39.8815],[4.30725,39.87133],[4.30574,39.87558],[4.30611,39.8783]]],[[[1.19861,38.9597],[1.19296,38.95975],[1.18977,38.95782],[1.19872,38.95642],[1.19861,38.9597]]],[[[1.21747,38.97047],[1.2151,38.9726],[1.21576,38.96685],[1.22014,38.96818],[1.21747,38.97047]]],[[[1.21138,38.87],[1.20663,38.86826],[1.21386,38.86588],[1.2154,38.86903],[1.21138,38.87]]],[[[3.14797,39.92161],[3.14553,39.92303],[3.14409,39.92262],[3.15004,39.91999],[3.14797,39.92161]]],[[[2.97664,39.16973],[2.97451,39.16779],[2.97729,39.16639],[2.97861,39.16788],[2.97664,39.16973]]],[[[2.45439,39.5005],[2.451,39.49991],[2.4476,39.49538],[2.45198,39.49949],[2.45439,39.5005]]],[[[4.07669,40.09187],[4.07549,40.09457],[4.07292,40.09247],[4.0762,40.09081],[4.07669,40.09187]]],[[[4.21228,40.01828],[4.2087,40.01685],[4.20815,40.01411],[4.21203,40.01629],[4.21228,40.01828]]],[[[1.41049,38.81823],[1.40918,38.81749],[1.41146,38.8138],[1.41231,38.81464],[1.41049,38.81823]]],[[[3.01204,39.3053],[3.01061,39.30578],[3.00818,39.30466],[3.01197,39.30351],[3.01204,39.3053]]],[[[1.41879,38.79384],[1.41683,38.79486],[1.41985,38.79162],[1.42009,38.79256],[1.41879,38.79384]]],[[[2.97359,39.19807],[2.97108,39.19776],[2.97096,39.19585],[2.974,39.19585],[2.97359,39.19807]]],[[[2.5433,39.50521],[2.54519,39.50259],[2.54707,39.50277],[2.54647,39.50395],[2.5433,39.50521]]],[[[4.20949,40.01779],[4.20992,40.01962],[4.21065,40.02019],[4.20873,40.02207],[4.20839,40.01913],[4.20949,40.01779]]],[[[2.58884,39.53081],[2.58762,39.53079],[2.58584,39.52809],[2.58871,39.52865],[2.58884,39.53081]]],[[[1.58468,38.98484],[1.58301,38.98515],[1.5838,38.98217],[1.58487,38.98217],[1.58468,38.98484]]],[[[4.28725,39.88567],[4.2888,39.88679],[4.28656,39.88815],[4.2861,39.88598],[4.28725,39.88567]]],[[[4.03207,40.06867],[4.03112,40.0695],[4.03103,40.06645],[4.03325,40.0685],[4.03207,40.06867]]],[[[2.7105,39.81582],[2.71086,39.81705],[2.70968,39.81915],[2.7089,39.8167],[2.7105,39.81582]]],[[[1.16519,38.97303],[1.16493,38.97165],[1.16709,38.97185],[1.16638,38.97293],[1.16519,38.97303]]],[[[3.13136,39.94426],[3.13215,39.94494],[3.13221,39.94605],[3.12994,39.94425],[3.13136,39.94426]]],[[[2.97489,39.20098],[2.97209,39.20101],[2.97132,39.20047],[2.9739,39.19962],[2.97489,39.20098]]],[[[4.13722,40.04528],[4.13755,40.04641],[4.13678,40.04809],[4.13602,40.04638],[4.13722,40.04528]]],[[[2.95865,39.12626],[2.9584,39.12441],[2.96044,39.12519],[2.95994,39.12593],[2.95865,39.12626]]],[[[3.00232,39.3101],[3.00087,39.31122],[2.99979,39.31024],[3.00153,39.30943],[3.00232,39.3101]]],[[[2.3488,39.57635],[2.34853,39.57763],[2.3473,39.57768],[2.34717,39.57638],[2.3488,39.57635]]],[[[3.16999,39.83604],[3.16942,39.8347],[3.17166,39.83527],[3.17143,39.83592],[3.16999,39.83604]]],[[[1.16099,38.98009],[1.16124,38.98112],[1.15865,38.97963],[1.1603,38.979],[1.16099,38.98009]]],[[[4.22285,39.82373],[4.22145,39.82413],[4.2198,39.82191],[4.22131,39.82184],[4.22285,39.82373]]],[[[1.43201,39.09113],[1.43275,39.09198],[1.43254,39.09308],[1.43153,39.09155],[1.43201,39.09113]]],[[[2.97966,39.2066],[2.97871,39.20778],[2.97799,39.20725],[2.97827,39.20657],[2.97966,39.2066]]],[[[1.42305,38.79917],[1.42234,38.79962],[1.42123,38.79869],[1.42374,38.79826],[1.42305,38.79917]]],[[[3.01037,39.29856],[3.01006,39.29988],[3.00982,39.30002],[3.00974,39.29809],[3.01037,39.29856]]],[[[1.40458,38.81633],[1.40447,38.81692],[1.40239,38.81581],[1.4041,38.81567],[1.40458,38.81633]]],[[[1.16553,38.96866],[1.16474,38.9684],[1.16494,38.96745],[1.16652,38.96846],[1.16553,38.96866]]],[[[1.4176,38.7744],[1.41717,38.77494],[1.41605,38.77351],[1.41724,38.77376],[1.4176,38.7744]]],[[[1.48197,38.78769],[1.48135,38.78768],[1.48432,38.78704],[1.4833,38.78758],[1.48197,38.78769]]],[[[1.31527,39.04957],[1.31642,39.05065],[1.31481,39.04973],[1.31602,39.04875],[1.31527,39.04957]]],[[[4.04344,40.05845],[4.04334,40.05859],[4.0415,40.05768],[4.04357,40.05765],[4.04344,40.05845]]],[[[2.4558,39.50281],[2.45483,39.50283],[2.45464,39.5027],[2.45631,39.50189],[2.4558,39.50281]]],[[[4.29924,39.88132],[4.29837,39.88292],[4.29795,39.88295],[4.29832,39.8815],[4.29924,39.88132]]],[[[2.93897,39.12463],[2.94007,39.12497],[2.94034,39.12543],[2.93955,39.12597],[2.93897,39.12463]]],[[[4.29031,39.91143],[4.29072,39.91255],[4.28959,39.91283],[4.28939,39.91198],[4.29031,39.91143]]],[[[2.57302,39.5298],[2.57339,39.52877],[2.57422,39.52929],[2.57394,39.52985],[2.57302,39.5298]]],[[[1.18953,38.95687],[1.18934,38.95771],[1.18819,38.9567],[1.18935,38.95646],[1.18953,38.95687]]],[[[1.42425,38.89702],[1.42303,38.89703],[1.42297,38.89578],[1.42426,38.89663],[1.42425,38.89702]]],[[[1.58706,39.00104],[1.58757,39.00157],[1.58688,39.00235],[1.58637,39.00141],[1.58706,39.00104]]],[[[1.57882,38.98275],[1.57808,38.98274],[1.57749,38.98182],[1.57898,38.98215],[1.57882,38.98275]]],[[[4.02746,40.06536],[4.02681,40.06536],[4.02722,40.06438],[4.02841,40.06542],[4.02746,40.06536]]],[[[1.59357,39.0981],[1.59359,39.09832],[1.59212,39.09904],[1.5923,39.09799],[1.59357,39.0981]]],[[[2.5926,39.53424],[2.59185,39.5345],[2.59136,39.53408],[2.59316,39.53345],[2.5926,39.53424]]],[[[1.29377,39.01076],[1.29328,39.01187],[1.293,39.01185],[1.29299,39.01072],[1.29377,39.01076]]],[[[1.43871,38.88757],[1.43908,38.88815],[1.43887,38.88869],[1.43799,38.88805],[1.43871,38.88757]]],[[[2.98377,39.32601],[2.98419,39.32641],[2.98153,39.32533],[2.98195,39.32511],[2.98377,39.32601]]],[[[2.47525,39.46554],[2.47471,39.4659],[2.47402,39.46522],[2.47463,39.46471],[2.47525,39.46554]]],[[[4.08131,40.09023],[4.08068,40.09063],[4.08124,40.08978],[4.08252,40.08982],[4.08284,40.09006],[4.08238,40.08991],[4.08131,40.09023]]],[[[4.20448,40.0146],[4.20383,40.01402],[4.20532,40.01366],[4.20448,40.01404],[4.20448,40.0146]]],[[[4.28008,39.95027],[4.2806,39.95109],[4.28045,39.95122],[4.27952,39.95082],[4.28008,39.95027]]],[[[4.13222,40.06408],[4.13166,40.06469],[4.13087,40.06442],[4.13183,40.06379],[4.13222,40.06408]]],[[[1.61059,39.08058],[1.61138,39.08098],[1.61134,39.08172],[1.61083,39.0816],[1.61059,39.08058]]],[[[1.40446,38.81421],[1.4038,38.81455],[1.40282,38.81415],[1.40517,38.81383],[1.40446,38.81421]]],[[[2.94276,39.12596],[2.94235,39.12563],[2.9441,39.12539],[2.94345,39.12584],[2.94276,39.12596]]],[[[2.4711,39.46168],[2.47194,39.46212],[2.47243,39.46282],[2.47175,39.46263],[2.4711,39.46168]]],[[[1.42599,38.7769],[1.42557,38.77683],[1.4273,38.77616],[1.42681,38.77677],[1.42599,38.7769]]],[[[2.97711,39.20261],[2.97608,39.20262],[2.97593,39.20161],[2.97739,39.20254],[2.97711,39.20261]]],[[[1.49432,39.10265],[1.4948,39.10297],[1.49487,39.10356],[1.49374,39.10282],[1.49432,39.10265]]],[[[1.43483,38.88371],[1.43463,38.88441],[1.43402,38.88395],[1.43406,38.88368],[1.43483,38.88371]]],[[[4.19957,40.0064],[4.19967,40.00693],[4.19869,40.00699],[4.19891,40.00658],[4.19957,40.0064]]],[[[1.19545,38.871],[1.19625,38.87137],[1.19689,38.87201],[1.1956,38.87146],[1.19545,38.871]]],[[[2.96139,39.13864],[2.96082,39.13855],[2.96274,39.13822],[2.96221,39.13854],[2.96139,39.13864]]],[[[4.13767,40.04369],[4.13772,40.04457],[4.13736,40.04488],[4.13706,40.04442],[4.13767,40.04369]]],[[[4.04421,40.05574],[4.04384,40.05611],[4.044,40.05537],[4.04469,40.05565],[4.04421,40.05574]]],[[[3.40623,39.77017],[3.40573,39.7697],[3.40692,39.76993],[3.40685,39.7701],[3.40623,39.77017]]],[[[2.93902,39.12618],[2.93806,39.12618],[2.93776,39.12599],[2.93941,39.12595],[2.93902,39.12618]]],[[[4.03503,40.06545],[4.0348,40.06572],[4.03362,40.06548],[4.03379,40.06526],[4.03503,40.06545]]],[[[2.98278,39.31761],[2.98328,39.31775],[2.98301,39.31843],[2.98251,39.31774],[2.98278,39.31761]]],[[[3.03675,39.27954],[3.03575,39.27952],[3.0356,39.27923],[3.03621,39.27899],[3.03675,39.27954]]],[[[2.93558,39.12217],[2.93556,39.12184],[2.93699,39.12179],[2.93686,39.12202],[2.93558,39.12217]]],[[[1.40594,38.87147],[1.40655,38.87156],[1.40658,38.872],[1.40562,38.87161],[1.40594,38.87147]]],[[[2.96584,39.1947],[2.96551,39.19524],[2.96468,39.1955],[2.96537,39.19471],[2.96584,39.1947]]],[[[1.60664,39.04702],[1.60623,39.04704],[1.60607,39.04662],[1.60706,39.04688],[1.60664,39.04702]]],[[[4.21436,39.82563],[4.21462,39.8259],[4.21437,39.82638],[4.21395,39.82573],[4.21436,39.82563]]],[[[1.2022,38.95853],[1.20161,38.95875],[1.20096,38.95875],[1.20118,38.9583],[1.2022,38.95853]]],[[[1.44061,38.9032],[1.44105,38.90263],[1.44156,38.90293],[1.4411,38.90318],[1.44061,38.9032]]],[[[2.34178,39.58521],[2.34188,39.58549],[2.34192,39.58601],[2.34134,39.58552],[2.34178,39.58521]]],[[[1.21876,38.96526],[1.21787,38.96526],[1.21719,38.9649],[1.21743,38.96469],[1.21876,38.96526]]],[[[1.61029,39.08065],[1.60967,39.08061],[1.60913,39.08007],[1.60983,39.08009],[1.61029,39.08065]]],[[[2.97936,39.20525],[2.97874,39.20516],[2.97879,39.20487],[2.97939,39.20474],[2.97936,39.20525]]],[[[2.96383,39.14787],[2.96411,39.14831],[2.9635,39.14871],[2.9635,39.14828],[2.96383,39.14787]]],[[[4.22413,39.82348],[4.2242,39.82392],[4.22343,39.82413],[4.22395,39.82342],[4.22413,39.82348]]],[[[1.40544,38.83015],[1.40557,38.83029],[1.40606,38.83046],[1.40527,38.83079],[1.40544,38.83015]]],[[[2.54076,39.47797],[2.54103,39.47829],[2.54116,39.47907],[2.54046,39.4779],[2.54076,39.47797]]],[[[4.21324,40.01483],[4.21318,40.01507],[4.21219,40.0145],[4.21284,40.01446],[4.21324,40.01483]]],[[[1.40782,38.82679],[1.40752,38.82717],[1.40707,38.82677],[1.40748,38.82657],[1.40782,38.82679]]],[[[2.98877,39.33367],[2.98978,39.33384],[2.98986,39.33394],[2.98892,39.334],[2.98877,39.33367]]],[[[1.21587,38.98769],[1.21614,38.98793],[1.21562,38.98836],[1.2155,38.98792],[1.21587,38.98769]]],[[[4.31135,39.88839],[4.31131,39.88895],[4.3107,39.88855],[4.31113,39.88838],[4.31135,39.88839]]],[[[2.98734,39.31204],[2.98726,39.31238],[2.9865,39.31197],[2.98705,39.31197],[2.98734,39.31204]]],[[[3.91554,40.05054],[3.91533,40.05097],[3.91482,40.05114],[3.91513,40.05058],[3.91554,40.05054]]],[[[2.70687,39.53445],[2.70725,39.5346],[2.70713,39.53513],[2.7066,39.53462],[2.70687,39.53445]]],[[[4.30884,39.8915],[4.30893,39.89208],[4.30864,39.89213],[4.30835,39.89153],[4.30884,39.8915]]],[[[4.21448,39.82665],[4.2151,39.82708],[4.21506,39.82715],[4.21448,39.82734],[4.21448,39.82665]]],[[[4.0071,40.05951],[4.00686,40.0595],[4.00664,40.05899],[4.00728,40.05913],[4.0071,40.05951]]],[[[3.26049,39.40443],[3.26069,39.4045],[3.26095,39.405],[3.26023,39.40454],[3.26049,39.40443]]],[[[1.43543,38.90047],[1.43492,38.90115],[1.43478,38.90115],[1.43496,38.90055],[1.43543,38.90047]]],[[[4.10091,40.05283],[4.10063,40.0528],[4.10035,40.05249],[4.10129,40.05272],[4.10091,40.05283]]],[[[1.3735,39.06335],[1.37384,39.06362],[1.37379,39.06383],[1.37336,39.06374],[1.3735,39.06335]]],[[[1.42682,38.87371],[1.427,38.87386],[1.42614,38.87376],[1.42627,38.87362],[1.42682,38.87371]]],[[[1.16596,38.96906],[1.16562,38.96973],[1.16532,38.96949],[1.16526,38.96935],[1.16596,38.96906]]],[[[3.97406,40.05461],[3.97372,40.05465],[3.97376,40.05418],[3.97435,40.05442],[3.97406,40.05461]]],[[[3.18415,39.93741],[3.18415,39.9378],[3.18371,39.93759],[3.18392,39.93741],[3.18415,39.93741]]],[[[4.28771,39.9264],[4.28803,39.9265],[4.28805,39.92669],[4.28751,39.92666],[4.28771,39.9264]]],[[[1.57321,38.9868],[1.57322,38.98705],[1.57281,38.98709],[1.57278,38.98688],[1.57321,38.9868]]],[[[1.58476,38.99981],[1.58487,39.00044],[1.58477,39.00049],[1.5845,38.99992],[1.58476,38.99981]]],[[[2.94033,39.12074],[2.94051,39.12086],[2.93974,39.12107],[2.93981,39.12088],[2.94033,39.12074]]],[[[1.16149,38.98222],[1.16156,38.98255],[1.1615,38.98267],[1.16109,38.98235],[1.16149,38.98222]]],[[[4.28181,39.92917],[4.28215,39.92934],[4.28217,39.92939],[4.28147,39.9292],[4.28181,39.92917]]],[[[2.47571,39.46579],[2.47592,39.46614],[2.47575,39.46622],[2.47546,39.4661],[2.47571,39.46579]]],[[[4.3118,39.88914],[4.31219,39.88922],[4.31224,39.88928],[4.31139,39.88927],[4.3118,39.88914]]],[[[3.92899,40.06096],[3.92867,40.06108],[3.92865,40.06078],[3.92919,40.06084],[3.92899,40.06096]]],[[[4.10304,40.04744],[4.1029,40.04791],[4.10257,40.04795],[4.1029,40.04744],[4.10304,40.04744]]],[[[3.00874,39.30323],[3.00874,39.30347],[3.00819,39.30329],[3.00822,39.3032],[3.00874,39.30323]]],[[[1.42407,38.79717],[1.4238,38.79752],[1.42347,38.79745],[1.42364,38.79729],[1.42407,38.79717]]],[[[2.9643,39.14935],[2.96407,39.14963],[2.96372,39.14931],[2.96411,39.14917],[2.9643,39.14935]]],[[[4.01982,40.06013],[4.01964,40.06031],[4.01937,40.06006],[4.01994,40.06],[4.01982,40.06013]]],[[[3.11911,39.86379],[3.11906,39.86429],[3.11881,39.86434],[3.11879,39.86423],[3.11911,39.86379]]],[[[4.27336,39.9633],[4.27348,39.96354],[4.27311,39.96368],[4.27318,39.96331],[4.27336,39.9633]]],[[[1.50199,38.93293],[1.50218,38.93318],[1.50206,38.93328],[1.50177,38.93308],[1.50199,38.93293]]],[[[4.29442,39.91594],[4.29454,39.91602],[4.29374,39.916],[4.29404,39.91587],[4.29442,39.91594]]],[[[1.23188,38.97683],[1.23201,38.97701],[1.23185,38.97723],[1.23169,38.97714],[1.23188,38.97683]]],[[[4.24164,39.81278],[4.24191,39.81288],[4.24183,39.81319],[4.24149,39.81276],[4.24164,39.81278]]],[[[2.43572,39.6456],[2.43592,39.6458],[2.43598,39.64611],[2.43569,39.64596],[2.43572,39.6456]]],[[[4.0272,40.06368],[4.02712,40.06383],[4.02683,40.06361],[4.02744,40.06364],[4.0272,40.06368]]],[[[1.61028,39.0405],[1.61023,39.04075],[1.61009,39.04085],[1.61003,39.0404],[1.61028,39.0405]]],[[[2.33566,39.58996],[2.33587,39.59013],[2.33597,39.59044],[2.33552,39.58994],[2.33566,39.58996]]],[[[1.45149,38.89007],[1.45179,38.89014],[1.45191,38.89034],[1.45138,38.8902],[1.45149,38.89007]]],[[[2.45851,39.53132],[2.45865,39.53143],[2.45861,39.53165],[2.45832,39.53154],[2.45851,39.53132]]],[[[1.21934,38.96414],[1.21962,38.9642],[1.21962,38.96424],[1.2191,38.96424],[1.21934,38.96414]]],[[[1.16874,38.98466],[1.16851,38.98494],[1.16837,38.98473],[1.16837,38.9846],[1.16874,38.98466]]],[[[1.43527,38.88545],[1.43499,38.88541],[1.4352,38.88515],[1.43551,38.88538],[1.43527,38.88545]]],[[[2.45116,39.64948],[2.4514,39.64962],[2.45126,39.64979],[2.45097,39.64959],[2.45116,39.64948]]],[[[3.4755,39.70875],[3.47531,39.70851],[3.47561,39.70831],[3.4755,39.70875]]],[[[2.45597,39.50425],[2.45619,39.50443],[2.45627,39.50456],[2.45583,39.50442],[2.45597,39.50425]]],[[[2.5751,39.53041],[2.5752,39.53071],[2.57503,39.53078],[2.57495,39.53046],[2.5751,39.53041]]],[[[3.45925,39.72141],[3.4594,39.72149],[3.45934,39.72168],[3.45904,39.72152],[3.45925,39.72141]]],[[[4.29541,39.9027],[4.29535,39.903],[4.29521,39.90302],[4.29514,39.90275],[4.29541,39.9027]]],[[[2.33466,39.58896],[2.33476,39.58907],[2.3352,39.58931],[2.33453,39.58904],[2.33466,39.58896]]],[[[2.983,39.32715],[2.98325,39.32742],[2.98338,39.32754],[2.98291,39.32733],[2.983,39.32715]]],[[[1.59054,39.10086],[1.59038,39.10111],[1.5902,39.10104],[1.59027,39.10084],[1.59054,39.10086]]],[[[1.2186,38.96651],[1.2187,38.9667],[1.2184,38.96677],[1.21841,38.96653],[1.2186,38.96651]]],[[[4.29676,39.90472],[4.29634,39.9047],[4.29625,39.90454],[4.29646,39.90453],[4.29676,39.90472]]],[[[1.44705,39.09073],[1.44703,39.09094],[1.44672,39.09099],[1.44686,39.09078],[1.44705,39.09073]]],[[[3.01927,39.30187],[3.01904,39.30212],[3.01882,39.30207],[3.01913,39.30187],[3.01927,39.30187]]],[[[1.37103,38.82868],[1.37124,38.82892],[1.37129,38.82912],[1.3709,38.82874],[1.37103,38.82868]]],[[[2.36419,39.55355],[2.36419,39.55378],[2.36394,39.55395],[2.36394,39.55368],[2.36419,39.55355]]],[[[1.48493,38.78624],[1.48495,38.78641],[1.48454,38.78664],[1.48472,38.78628],[1.48493,38.78624]]],[[[3.00499,39.31108],[3.00531,39.31123],[3.00532,39.31128],[3.00478,39.31111],[3.00499,39.31108]]],[[[1.31412,39.04898],[1.31419,39.04918],[1.31397,39.04933],[1.31389,39.04915],[1.31412,39.04898]]],[[[1.58339,39.00295],[1.58299,39.00324],[1.58285,39.00319],[1.58318,39.00293],[1.58339,39.00295]]],[[[4.29179,39.9119],[4.29178,39.91209],[4.29147,39.9119],[4.29168,39.91186],[4.29179,39.9119]]],[[[2.36359,39.55371],[2.3635,39.55352],[2.36387,39.55361],[2.3638,39.55373],[2.36359,39.55371]]],[[[1.40781,38.82614],[1.40815,38.82635],[1.40816,38.82639],[1.4079,38.82649],[1.40781,38.82614]]],[[[1.59055,39.10031],[1.59027,39.10051],[1.59013,39.1004],[1.59027,39.10029],[1.59055,39.10031]]],[[[4.2585,39.999],[4.25813,39.99916],[4.25802,39.99908],[4.25822,39.99898],[4.2585,39.999]]],[[[1.29178,39.02847],[1.29187,39.02869],[1.29168,39.02884],[1.29164,39.02868],[1.29178,39.02847]]],[[[4.28134,39.92932],[4.28132,39.92947],[4.28094,39.92942],[4.28101,39.92929],[4.28134,39.92932]]],[[[3.46118,39.7207],[3.46113,39.72106],[3.46096,39.72103],[3.4611,39.72067],[3.46118,39.7207]]],[[[2.47268,39.46304],[2.47289,39.46331],[2.47283,39.46335],[2.47255,39.46318],[2.47268,39.46304]]],[[[4.1389,40.03847],[4.13902,40.03862],[4.13876,40.03865],[4.13871,40.03844],[4.1389,40.03847]]],[[[1.58392,39.00344],[1.58379,39.0036],[1.58363,39.0035],[1.58378,39.00331],[1.58392,39.00344]]],[[[2.70603,39.53418],[2.70629,39.53424],[2.70629,39.53433],[2.70596,39.5343],[2.70603,39.53418]]],[[[4.24166,39.81331],[4.24143,39.81343],[4.24127,39.81326],[4.24136,39.8132],[4.24166,39.81331]]],[[[3.92865,40.06038],[3.92855,40.06056],[3.92835,40.0605],[3.92842,40.06038],[3.92865,40.06038]]],[[[3.98599,40.05293],[3.98599,40.05304],[3.98556,40.05304],[3.98583,40.0529],[3.98599,40.05293]]],[[[4.08174,40.08945],[4.08149,40.08961],[4.08124,40.08948],[4.08134,40.08944],[4.08174,40.08945]]],[[[1.20149,38.87052],[1.20149,38.87068],[1.20127,38.87062],[1.20131,38.87049],[1.20149,38.87052]]],[[[1.43615,38.88502],[1.43607,38.88522],[1.43577,38.88502],[1.43582,38.88497],[1.43615,38.88502]]],[[[4.30707,39.8988],[4.30712,39.89885],[4.30715,39.89911],[4.30692,39.89893],[4.30707,39.8988]]],[[[4.25055,40.0019],[4.2502,40.00194],[4.25004,40.00184],[4.25016,40.00183],[4.25055,40.0019]]],[[[2.58617,39.53296],[2.58613,39.53283],[2.58649,39.5329],[2.58649,39.53294],[2.58617,39.53296]]],[[[4.09951,40.08442],[4.09961,40.08452],[4.09928,40.08455],[4.0993,40.08445],[4.09951,40.08442]]],[[[1.42792,38.77544],[1.42798,38.77567],[1.42784,38.77576],[1.42785,38.77544],[1.42792,38.77544]]],[[[4.09512,40.05939],[4.09523,40.05965],[4.09519,40.05974],[4.09503,40.05941],[4.09512,40.05939]]],[[[4.1012,40.04931],[4.10112,40.04944],[4.10088,40.04938],[4.1011,40.04924],[4.1012,40.04931]]],[[[1.45419,38.88833],[1.45409,38.88855],[1.45393,38.88848],[1.45405,38.88834],[1.45419,38.88833]]],[[[1.40185,38.82505],[1.40179,38.8252],[1.40159,38.82522],[1.40173,38.82502],[1.40185,38.82505]]],[[[1.6465,39.03191],[1.64648,39.03207],[1.64624,39.03196],[1.64632,39.03188],[1.6465,39.03191]]],[[[4.10822,40.05121],[4.10825,40.05129],[4.10827,40.05147],[4.10804,40.05132],[4.10822,40.05121]]],[[[4.29343,39.91648],[4.29336,39.91656],[4.2932,39.91642],[4.29339,39.91633],[4.29343,39.91648]]],[[[4.21094,40.01479],[4.2108,40.01493],[4.21068,40.01482],[4.21076,40.01476],[4.21094,40.01479]]],[[[4.21484,39.82744],[4.21498,39.82763],[4.2149,39.82772],[4.21474,39.82747],[4.21484,39.82744]]],[[[1.22139,38.92014],[1.22145,38.92017],[1.22148,38.92036],[1.2213,38.9203],[1.22139,38.92014]]],[[[4.07843,40.07094],[4.07844,40.07108],[4.0782,40.07107],[4.07829,40.07092],[4.07843,40.07094]]],[[[4.29421,39.91622],[4.29416,39.9164],[4.29399,39.91632],[4.29407,39.91622],[4.29421,39.91622]]],[[[3.96152,40.06103],[3.96159,40.06115],[3.96136,40.06114],[3.96135,40.06105],[3.96152,40.06103]]],[[[1.20325,38.86657],[1.20337,38.86662],[1.20335,38.86677],[1.20319,38.86672],[1.20325,38.86657]]],[[[1.20411,38.86728],[1.20405,38.86739],[1.20388,38.86732],[1.20397,38.86721],[1.20411,38.86728]]],[[[1.42862,38.77537],[1.42857,38.77553],[1.42842,38.77554],[1.42849,38.77536],[1.42862,38.77537]]],[[[3.82893,39.99345],[3.82892,39.99353],[3.82857,39.9935],[3.8287,39.99344],[3.82893,39.99345]]],[[[3.00693,39.31081],[3.00675,39.31086],[3.00664,39.31082],[3.00674,39.31069],[3.00693,39.31081]]],[[[3.98008,40.05411],[3.98009,40.05423],[3.97993,40.05427],[3.97988,40.05413],[3.98008,40.05411]]],[[[4.20412,40.01489],[4.20412,40.01498],[4.20389,40.01513],[4.20403,40.01488],[4.20412,40.01489]]],[[[1.49236,38.92808],[1.49254,38.92814],[1.49252,38.92818],[1.49225,38.92817],[1.49236,38.92808]]],[[[4.28734,39.92173],[4.28743,39.92185],[4.28734,39.92191],[4.28719,39.92179],[4.28734,39.92173]]],[[[1.20244,38.87012],[1.20246,38.87024],[1.20223,38.8702],[1.20229,38.87011],[1.20244,38.87012]]],[[[4.2941,39.90898],[4.29408,39.90913],[4.29393,39.9091],[4.29391,39.90898],[4.2941,39.90898]]],[[[2.51302,39.69156],[2.51299,39.69176],[2.51288,39.69174],[2.51293,39.69155],[2.51302,39.69156]]],[[[2.97523,39.20114],[2.97535,39.20125],[2.97533,39.2013],[2.97509,39.20119],[2.97523,39.20114]]],[[[4.29603,39.90801],[4.29603,39.90818],[4.29583,39.90808],[4.29597,39.908],[4.29603,39.90801]]],[[[1.48957,38.92397],[1.48959,38.92408],[1.48938,38.92408],[1.48942,38.92396],[1.48957,38.92397]]],[[[1.48068,38.78775],[1.48079,38.78785],[1.48066,38.78793],[1.48056,38.78779],[1.48068,38.78775]]],[[[4.08205,40.08967],[4.08204,40.08956],[4.08227,40.08956],[4.08226,40.0896],[4.08205,40.08967]]],[[[4.30827,39.89756],[4.30845,39.89772],[4.30819,39.89767],[4.30827,39.89756]]],[[[4.25585,39.99994],[4.25578,40.00005],[4.25554,39.99998],[4.25566,39.99993],[4.25585,39.99994]]],[[[4.25233,40.00048],[4.25244,40.00054],[4.25207,40.00052],[4.25207,40.00048],[4.25233,40.00048]]],[[[4.09493,40.0739],[4.09488,40.07401],[4.09471,40.07395],[4.09475,40.07387],[4.09493,40.0739]]],[[[1.50237,38.9332],[1.5025,38.93326],[1.50249,38.93335],[1.50229,38.93331],[1.50237,38.9332]]],[[[1.2917,38.87551],[1.29172,38.87564],[1.29156,38.87566],[1.29154,38.87553],[1.2917,38.87551]]],[[[3.15268,39.92323],[3.15273,39.92331],[3.15278,39.92351],[3.15257,39.92322],[3.15268,39.92323]]],[[[3.45765,39.70364],[3.45764,39.70377],[3.45752,39.70377],[3.45748,39.70367],[3.45765,39.70364]]],[[[1.42256,38.66352],[1.4225,38.66368],[1.42237,38.66359],[1.42242,38.66353],[1.42256,38.66352]]],[[[2.57813,39.53161],[2.57823,39.53161],[2.57827,39.53174],[2.57806,39.53167],[2.57813,39.53161]]],[[[1.18815,38.95621],[1.18824,38.9563],[1.18813,38.95639],[1.18802,38.95629],[1.18815,38.95621]]],[[[2.43634,39.64616],[2.43637,39.6463],[2.43628,39.64634],[2.43622,39.64615],[2.43634,39.64616]]],[[[1.47914,38.71071],[1.47918,38.71082],[1.47908,38.7109],[1.479,38.71074],[1.47914,38.71071]]],[[[1.43827,38.88888],[1.43838,38.88891],[1.43838,38.88899],[1.43813,38.88892],[1.43827,38.88888]]],[[[1.20332,38.86942],[1.20314,38.8695],[1.20305,38.86944],[1.20332,38.86936],[1.20332,38.86942]]],[[[2.51246,39.69068],[2.51234,39.69089],[2.51228,39.69086],[2.51239,39.69063],[2.51246,39.69068]]],[[[4.28536,39.92309],[4.28531,39.92322],[4.28517,39.92316],[4.28521,39.92307],[4.28536,39.92309]]],[[[3.14288,39.94938],[3.14288,39.94954],[3.14275,39.94954],[3.14278,39.94937],[3.14288,39.94938]]],[[[4.29553,39.80286],[4.29553,39.80294],[4.29528,39.80292],[4.29542,39.80284],[4.29553,39.80286]]],[[[3.01382,39.30332],[3.01393,39.3034],[3.01378,39.30347],[3.01371,39.30334],[3.01382,39.30332]]],[[[4.28683,39.92049],[4.28673,39.92061],[4.2866,39.92055],[4.28669,39.92047],[4.28683,39.92049]]],[[[2.96193,39.1752],[2.96192,39.1753],[2.96172,39.17532],[2.96182,39.17521],[2.96193,39.1752]]],[[[4.21249,40.01499],[4.21253,40.01508],[4.21235,40.0151],[4.21232,40.01501],[4.21249,40.01499]]],[[[4.30769,39.89534],[4.30772,39.89542],[4.30754,39.89545],[4.30754,39.89532],[4.30769,39.89534]]],[[[3.45677,39.70409],[3.45673,39.70422],[3.45655,39.70418],[3.45663,39.70411],[3.45677,39.70409]]],[[[2.5269,39.70124],[2.52701,39.70133],[2.52705,39.70137],[2.52685,39.70134],[2.5269,39.70124]]],[[[1.42339,38.79774],[1.4234,38.79788],[1.42324,38.79784],[1.42329,38.79776],[1.42339,38.79774]]],[[[2.98793,39.329],[2.98784,39.32908],[2.98764,39.32901],[2.98787,39.32894],[2.98793,39.329]]],[[[2.52785,39.7019],[2.52803,39.702],[2.52806,39.70205],[2.52775,39.70192],[2.52785,39.7019]]],[[[4.19603,40.03],[4.19595,40.03013],[4.19583,40.0301],[4.1959,40.03001],[4.19603,40.03]]],[[[1.41975,38.80569],[1.41963,38.80574],[1.41957,38.80569],[1.41974,38.80559],[1.41975,38.80569]]],[[[4.25131,40.0015],[4.25129,40.00162],[4.25114,40.0015],[4.25122,40.00147],[4.25131,40.0015]]],[[[1.37073,38.82962],[1.37081,38.82974],[1.37067,38.82982],[1.3707,38.8296],[1.37073,38.82962]]],[[[4.2897,39.91818],[4.28975,39.91825],[4.2895,39.91824],[4.28951,39.9182],[4.2897,39.91818]]],[[[1.21522,38.8682],[1.21525,38.8683],[1.21507,38.8683],[1.21507,38.86825],[1.21522,38.8682]]],[[[1.43856,38.88876],[1.43863,38.88889],[1.43848,38.88889],[1.43844,38.88876],[1.43856,38.88876]]],[[[1.15786,38.97854],[1.15798,38.9786],[1.15796,38.97866],[1.15781,38.97867],[1.15786,38.97854]]],[[[4.27561,39.93558],[4.2755,39.9357],[4.27541,39.93561],[4.27547,39.93557],[4.27561,39.93558]]],[[[1.43229,38.77161],[1.43212,38.77162],[1.43204,38.77157],[1.43222,38.77152],[1.43229,38.77161]]],[[[1.30447,38.86266],[1.30443,38.86276],[1.30432,38.86274],[1.30441,38.86262],[1.30447,38.86266]]],[[[1.4081,38.81067],[1.40801,38.81076],[1.40794,38.81073],[1.40801,38.81059],[1.4081,38.81067]]],[[[1.50892,38.93957],[1.50887,38.93968],[1.50877,38.93965],[1.50884,38.93954],[1.50892,38.93957]]],[[[2.41248,39.53725],[2.41254,39.53734],[2.41262,39.53741],[2.41237,39.53728],[2.41248,39.53725]]],[[[2.36505,39.53455],[2.3651,39.53461],[2.36499,39.53471],[2.36494,39.53464],[2.36505,39.53455]]],[[[1.46588,38.91354],[1.46583,38.91365],[1.46573,38.91359],[1.46578,38.91352],[1.46588,38.91354]]],[[[4.17081,40.03686],[4.17066,40.03688],[4.17057,40.03682],[4.17068,40.03679],[4.17081,40.03686]]],[[[1.28582,38.87628],[1.2858,38.87638],[1.28566,38.87631],[1.28576,38.87623],[1.28582,38.87628]]],[[[1.47887,38.71178],[1.47878,38.71188],[1.47868,38.71184],[1.47874,38.71176],[1.47887,38.71178]]],[[[2.58452,39.53263],[2.58447,39.53273],[2.58438,39.53259],[2.58452,39.53263]]],[[[1.42744,38.77586],[1.42736,38.77591],[1.42727,38.77585],[1.42742,38.77578],[1.42744,38.77586]]],[[[1.42975,38.77489],[1.42974,38.77501],[1.42963,38.77499],[1.42966,38.77489],[1.42975,38.77489]]],[[[2.84828,39.86861],[2.84823,39.86873],[2.84813,39.86875],[2.84818,39.86861],[2.84828,39.86861]]],[[[1.19168,38.95937],[1.19171,38.9595],[1.19161,38.9595],[1.19158,38.95941],[1.19168,38.95937]]],[[[4.29119,39.91175],[4.29116,39.91184],[4.29102,39.91176],[4.29106,39.91172],[4.29119,39.91175]]],[[[1.47796,38.80698],[1.478,38.80708],[1.47784,38.80708],[1.47787,38.80698],[1.47796,38.80698]]],[[[1.19801,38.87087],[1.19813,38.8709],[1.19789,38.87091],[1.19792,38.87087],[1.19801,38.87087]]],[[[2.42427,39.63867],[2.42428,39.63876],[2.42414,39.63875],[2.42416,39.63866],[2.42427,39.63867]]],[[[2.52696,39.70099],[2.52686,39.70107],[2.52676,39.70099],[2.52682,39.70096],[2.52696,39.70099]]],[[[1.48148,38.78814],[1.48149,38.78827],[1.48138,38.78826],[1.48142,38.78814],[1.48148,38.78814]]],[[[1.43209,38.77187],[1.43191,38.77194],[1.43186,38.77188],[1.43196,38.77186],[1.43209,38.77187]]],[[[4.02494,40.0624],[4.02485,40.06248],[4.02476,40.06244],[4.02484,40.06238],[4.02494,40.0624]]],[[[2.41343,39.53802],[2.41336,39.5381],[2.41322,39.53809],[2.41331,39.53803],[2.41343,39.53802]]],[[[4.21026,40.01927],[4.21031,40.01932],[4.21029,40.01939],[4.21015,40.0193],[4.21026,40.01927]]],[[[2.33729,39.59858],[2.33725,39.59866],[2.33714,39.59864],[2.33719,39.59857],[2.33729,39.59858]]],[[[1.30915,38.86416],[1.30909,38.8643],[1.30904,38.8643],[1.30907,38.86414],[1.30915,38.86416]]],[[[1.2975,38.86194],[1.29748,38.86205],[1.29737,38.86202],[1.29738,38.86196],[1.2975,38.86194]]],[[[1.15738,38.97847],[1.1573,38.97859],[1.15724,38.97852],[1.15728,38.97847],[1.15738,38.97847]]],[[[1.22126,38.91917],[1.22121,38.91924],[1.22111,38.91921],[1.22117,38.91913],[1.22126,38.91917]]],[[[2.57786,39.53161],[2.5778,39.53165],[2.57773,39.53165],[2.57777,39.53154],[2.57786,39.53161]]],[[[2.58488,39.53246],[2.58484,39.53251],[2.58471,39.53249],[2.58481,39.53241],[2.58488,39.53246]]],[[[4.18803,40.03578],[4.18806,40.03585],[4.18792,40.03583],[4.18796,40.03576],[4.18803,40.03578]]],[[[2.59936,39.73281],[2.59942,39.73286],[2.5994,39.73292],[2.59928,39.73288],[2.59936,39.73281]]],[[[1.19934,38.87074],[1.1994,38.87076],[1.19941,38.87084],[1.19925,38.87075],[1.19934,38.87074]]],[[[4.18773,40.03571],[4.1876,40.03574],[4.18759,40.03564],[4.18764,40.03564],[4.18773,40.03571]]],[[[1.20705,38.86876],[1.20705,38.86887],[1.20695,38.86885],[1.20699,38.86876],[1.20705,38.86876]]],[[[2.41128,39.537],[2.41128,39.5371],[2.41122,39.5371],[2.41119,39.537],[2.41128,39.537]]],[[[2.95726,39.14624],[2.95718,39.1463],[2.95708,39.14627],[2.9572,39.14622],[2.95726,39.14624]]],[[[1.43532,38.88503],[1.43524,38.88507],[1.43524,38.88498],[1.43532,38.88497],[1.43532,38.88503]]],[[[4.20119,40.02229],[4.20123,40.02241],[4.20118,40.02242],[4.20112,40.02229],[4.20119,40.02229]]],[[[1.42773,38.77625],[1.42766,38.77629],[1.42759,38.77624],[1.4277,38.77619],[1.42773,38.77625]]],[[[2.97058,39.17429],[2.97055,39.17438],[2.97047,39.17431],[2.97048,39.17427],[2.97058,39.17429]]],[[[1.20314,38.86983],[1.2031,38.8699],[1.20301,38.86988],[1.20309,38.8698],[1.20314,38.86983]]],[[[1.21071,38.87],[1.2106,38.87006],[1.21053,38.87002],[1.21058,38.86999],[1.21071,38.87]]],[[[2.96368,39.14783],[2.96363,39.1479],[2.96358,39.14785],[2.96364,39.1478],[2.96368,39.14783]]],[[[1.19983,38.95909],[1.19978,38.95918],[1.1997,38.95921],[1.19979,38.95907],[1.19983,38.95909]]],[[[1.21453,38.89718],[1.21455,38.89725],[1.21446,38.89727],[1.21444,38.89723],[1.21453,38.89718]]],[[[1.28491,38.87614],[1.28493,38.87622],[1.28483,38.87621],[1.28488,38.87612],[1.28491,38.87614]]],[[[4.30818,39.89918],[4.30805,39.89916],[4.30804,39.89913],[4.30813,39.8991],[4.30818,39.89918]]],[[[1.42789,38.77599],[1.42788,38.77606],[1.42776,38.77603],[1.42786,38.77599],[1.42789,38.77599]]],[[[2.94445,39.12464],[2.94447,39.12468],[2.94447,39.12474],[2.9444,39.12473],[2.94445,39.12464]]],[[[1.21533,38.86848],[1.21533,38.86855],[1.21524,38.86853],[1.21528,38.86848],[1.21533,38.86848]]],[[[4.18309,40.03323],[4.18309,40.03332],[4.18302,40.03324],[4.18309,40.03323]]],[[[4.18249,40.03275],[4.18248,40.03279],[4.18241,40.03275],[4.18248,40.03271],[4.18249,40.03275]]],[[[2.95896,39.1648],[2.95896,39.16484],[2.95891,39.16486],[2.95891,39.16479],[2.95896,39.1648]]]]},"properties":{"code":"ES-07","nom":"Illes Balears","country":"ES"}},{"type":"Feature","geometry":{"type":"MultiPolygon","coordinates":[[[[-5.84083,43.66062],[-5.86667,43.63132],[-5.88725,43.62322],[-5.91479,43.62371],[-5.91499,43.60802],[-5.95633,43.57976],[-5.9971,43.57412],[-6.01727,43.58826],[-6.06603,43.56589],[-6.07794,43.5643],[-6.07737,43.57041],[-6.07908,43.56785],[-6.07819,43.56466],[-6.09251,43.55832],[-6.11299,43.55543],[-6.14736,43.56368],[-6.14743,43.5675],[-6.15115,43.5697],[-6.15425,43.56835],[-6.15447,43.57073],[-6.18637,43.5639],[-6.18821,43.57954],[-6.20306,43.57291],[-6.24451,43.59518],[-6.25595,43.57779],[-6.26774,43.57898],[-6.28543,43.56997],[-6.29636,43.56954],[-6.29706,43.57116],[-6.29882,43.5693],[-6.29575,43.56664],[-6.30364,43.56337],[-6.35577,43.55115],[-6.42975,43.55276],[-6.43883,43.55614],[-6.43907,43.55891],[-6.44266,43.55902],[-6.44389,43.55954],[-6.44461,43.56021],[-6.44445,43.56103],[-6.44503,43.56116],[-6.44549,43.56275],[-6.47023,43.57116],[-6.4745,43.55025],[-6.5333,43.54523],[-6.59849,43.55403],[-6.62631,43.5729],[-6.68476,43.55866],[-6.7095,43.56411],[-6.72205,43.55598],[-6.76695,43.56879],[-6.78496,43.556],[-6.81109,43.55446],[-6.82831,43.56638],[-6.87626,43.56241],[-6.91025,43.56645],[-6.92538,43.57498],[-6.97406,43.55675],[-7.00018,43.55412],[-7.00319,43.55743],[-7.00597,43.55501],[-7.01732,43.55594],[-7.02322,43.55958],[-7.04718,43.50899],[-7.04827,43.47708],[-7.08915,43.45512],[-7.10166,43.42748],[-7.17299,43.43041],[-7.16855,43.40359],[-7.18249,43.39246],[-7.12753,43.3726],[-7.13121,43.33135],[-7.10093,43.30381],[-7.05978,43.30533],[-7.07151,43.27122],[-7.06159,43.24405],[-7.02005,43.21324],[-7.00958,43.22288],[-7.00145,43.20728],[-6.97102,43.20425],[-6.9649,43.18755],[-6.98077,43.16655],[-6.95736,43.13548],[-6.88541,43.1568],[-6.86825,43.19002],[-6.87171,43.17986],[-6.83891,43.16614],[-6.82155,43.14324],[-6.8276,43.12319],[-6.91559,43.07342],[-6.93869,43.08651],[-6.96859,43.05721],[-6.96464,43.03467],[-6.98191,43.04137],[-6.99717,43.01948],[-6.96196,42.99072],[-6.9571,43.03678],[-6.91032,42.99014],[-6.87107,42.98858],[-6.83609,42.95776],[-6.8358,42.91635],[-6.77067,42.89862],[-6.77285,42.88254],[-6.72266,42.91748],[-6.63878,42.92546],[-6.54123,42.91251],[-6.4331,42.93976],[-6.43364,42.96416],[-6.47301,42.96775],[-6.47814,42.99121],[-6.42408,42.98788],[-6.40758,42.99949],[-6.41111,43.01693],[-6.39435,43.01661],[-6.39705,43.03832],[-6.35909,43.05958],[-6.32649,43.03133],[-6.28519,43.03637],[-6.22681,43.00891],[-6.21556,43.0472],[-6.1784,43.0478],[-6.13667,43.02099],[-6.09596,43.03128],[-6.08188,43.07572],[-6.02021,43.05488],[-5.97504,43.06542],[-5.95674,43.01859],[-5.91462,42.9927],[-5.80401,42.96261],[-5.76386,42.97013],[-5.72838,43.04251],[-5.69335,43.05648],[-5.57014,43.02273],[-5.49375,43.02135],[-5.47852,43.05491],[-5.39045,43.04934],[-5.36914,43.09458],[-5.28212,43.07743],[-5.2166,43.08449],[-5.1478,43.11512],[-5.10173,43.10185],[-5.07586,43.18153],[-4.99686,43.1731],[-4.96392,43.21244],[-4.91143,43.23736],[-4.87124,43.22813],[-4.84102,43.18078],[-4.74581,43.18412],[-4.71968,43.23582],[-4.73095,43.25734],[-4.63188,43.26765],[-4.60655,43.30055],[-4.55524,43.2881],[-4.54777,43.26869],[-4.52171,43.28063],[-4.52235,43.33578],[-4.53946,43.34396],[-4.53444,43.36834],[-4.51084,43.37991],[-4.51873,43.39581],[-4.56744,43.39202],[-4.68087,43.40923],[-4.69931,43.40479],[-4.92607,43.46239],[-4.9829,43.45493],[-5.03704,43.46068],[-5.12352,43.48461],[-5.21623,43.4749],[-5.2954,43.53516],[-5.38822,43.52974],[-5.41325,43.55487],[-5.49378,43.54402],[-5.61756,43.55902],[-5.67916,43.54124],[-5.70126,43.56615],[-5.67611,43.57098],[-5.71197,43.56862],[-5.75558,43.58337],[-5.79097,43.6142],[-5.7831,43.6313],[-5.83002,43.64012],[-5.84083,43.66062]],[[-5.59043,43.54901],[-5.59125,43.54888],[-5.59167,43.54987],[-5.59126,43.54981],[-5.59043,43.54901]],[[-6.93244,43.57109],[-6.93265,43.57106],[-6.93309,43.57159],[-6.9321,43.57158],[-6.93244,43.57109]],[[-6.75534,43.56408],[-6.75585,43.56437],[-6.75526,43.56486],[-6.75508,43.56464],[-6.75534,43.56408]],[[-5.59777,43.54925],[-5.59761,43.54895],[-5.5985,43.54925],[-5.59815,43.54948],[-5.59777,43.54925]],[[-4.89358,43.44925],[-4.89389,43.44932],[-4.89312,43.44966],[-4.89332,43.44929],[-4.89358,43.44925]],[[-5.60703,43.55662],[-5.60712,43.5564],[-5.60773,43.55652],[-5.60719,43.55679],[-5.60703,43.55662]],[[-6.2511,43.584],[-6.25142,43.58428],[-6.25086,43.58436],[-6.25094,43.58408],[-6.2511,43.584]],[[-4.61477,43.39684],[-4.61534,43.39666],[-4.61548,43.39689],[-4.6153,43.39705],[-4.61477,43.39684]],[[-6.45177,43.56388],[-6.45197,43.56364],[-6.45223,43.56372],[-6.45205,43.56404],[-6.45177,43.56388]],[[-4.62862,43.3998],[-4.62825,43.39977],[-4.62819,43.39968],[-4.62891,43.39963],[-4.62862,43.3998]],[[-6.44806,43.56247],[-6.44819,43.56263],[-6.44777,43.56305],[-6.44768,43.56288],[-6.44806,43.56247]],[[-4.6288,43.39918],[-4.6292,43.39925],[-4.62834,43.39937],[-4.6284,43.39926],[-4.6288,43.39918]],[[-4.62928,43.39897],[-4.62968,43.39909],[-4.62965,43.3993],[-4.62939,43.39933],[-4.62928,43.39897]],[[-5.60553,43.55043],[-5.60569,43.5506],[-5.60533,43.55089],[-5.60529,43.55065],[-5.60553,43.55043]],[[-4.62533,43.39899],[-4.62576,43.39905],[-4.62579,43.39916],[-4.6254,43.39926],[-4.62533,43.39899]],[[-6.45968,43.56661],[-6.45987,43.56658],[-6.46005,43.56668],[-6.45946,43.56688],[-6.45968,43.56661]],[[-6.45276,43.56289],[-6.45297,43.56281],[-6.4529,43.56326],[-6.4527,43.56315],[-6.45276,43.56289]],[[-6.44742,43.56111],[-6.4476,43.56121],[-6.44733,43.56156],[-6.44725,43.56136],[-6.44742,43.56111]],[[-7.02372,43.55692],[-7.02411,43.55691],[-7.02418,43.55703],[-7.02391,43.55718],[-7.02372,43.55692]],[[-6.25135,43.58298],[-6.25154,43.58315],[-6.2511,43.58328],[-6.25109,43.58322],[-6.25135,43.58298]],[[-6.93263,43.57036],[-6.93297,43.57049],[-6.93298,43.57064],[-6.93253,43.57053],[-6.93263,43.57036]],[[-4.89626,43.45087],[-4.89649,43.451],[-4.89614,43.4512],[-4.89611,43.45107],[-4.89626,43.45087]],[[-6.46006,43.56708],[-6.46014,43.5673],[-6.4598,43.56744],[-6.4598,43.56733],[-6.46006,43.56708]],[[-6.4547,43.56508],[-6.45489,43.56529],[-6.45459,43.56552],[-6.45456,43.56543],[-6.4547,43.56508]],[[-6.75625,43.56446],[-6.75644,43.5645],[-6.75639,43.56479],[-6.75612,43.56462],[-6.75625,43.56446]],[[-7.02578,43.54756],[-7.026,43.54764],[-7.02538,43.54761],[-7.02552,43.54756],[-7.02578,43.54756]],[[-4.86033,43.44473],[-4.86052,43.44498],[-4.86033,43.44515],[-4.86027,43.44507],[-4.86033,43.44473]],[[-6.45402,43.56347],[-6.45419,43.56341],[-6.45435,43.56357],[-6.45416,43.56371],[-6.45402,43.56347]],[[-5.60231,43.55001],[-5.60259,43.54998],[-5.60261,43.55011],[-5.60233,43.55022],[-5.60231,43.55001]],[[-6.4464,43.56263],[-6.44663,43.56272],[-6.44654,43.56292],[-6.44634,43.56283],[-6.4464,43.56263]],[[-6.45431,43.56401],[-6.45444,43.56412],[-6.45409,43.56433],[-6.45413,43.56421],[-6.45431,43.56401]],[[-6.76263,43.56647],[-6.76267,43.56671],[-6.76243,43.56686],[-6.7624,43.56679],[-6.76263,43.56647]],[[-5.6157,43.55734],[-5.61594,43.55741],[-5.61587,43.55756],[-5.61567,43.55756],[-5.6157,43.55734]],[[-6.01256,43.58297],[-6.01274,43.58301],[-6.01256,43.58325],[-6.01244,43.58309],[-6.01256,43.58297]],[[-4.9134,43.45456],[-4.91361,43.45454],[-4.91365,43.45475],[-4.91344,43.45479],[-4.9134,43.45456]],[[-6.45399,43.56507],[-6.45421,43.56495],[-6.45435,43.56506],[-6.454,43.56521],[-6.45399,43.56507]],[[-6.14902,43.56544],[-6.14918,43.56546],[-6.14914,43.56573],[-6.14901,43.56572],[-6.14902,43.56544]],[[-6.00891,43.58102],[-6.00919,43.58097],[-6.00924,43.58105],[-6.00905,43.58119],[-6.00891,43.58102]],[[-6.45123,43.56318],[-6.45142,43.56317],[-6.45145,43.56327],[-6.45122,43.56338],[-6.45123,43.56318]],[[-6.45581,43.56481],[-6.45606,43.56484],[-6.45608,43.56494],[-6.45569,43.56491],[-6.45581,43.56481]],[[-6.75658,43.56477],[-6.75671,43.5649],[-6.75655,43.56503],[-6.75653,43.56495],[-6.75658,43.56477]],[[-6.45502,43.56505],[-6.45523,43.56504],[-6.45529,43.56513],[-6.45509,43.56521],[-6.45502,43.56505]],[[-6.93571,43.5707],[-6.93593,43.5707],[-6.93597,43.57079],[-6.93562,43.57082],[-6.93571,43.5707]],[[-6.44857,43.56296],[-6.44861,43.56285],[-6.44874,43.56289],[-6.44867,43.56306],[-6.44857,43.56296]],[[-6.01656,43.58539],[-6.01665,43.5855],[-6.01643,43.58557],[-6.01649,43.58547],[-6.01656,43.58539]],[[-6.45601,43.56452],[-6.45616,43.56449],[-6.45621,43.56462],[-6.45611,43.56465],[-6.45601,43.56452]],[[-6.45079,43.56359],[-6.45092,43.56349],[-6.45104,43.56355],[-6.45092,43.56365],[-6.45079,43.56359]],[[-6.45198,43.56245],[-6.45212,43.56241],[-6.45223,43.56252],[-6.45201,43.56254],[-6.45198,43.56245]],[[-6.45545,43.56463],[-6.45556,43.56453],[-6.45562,43.56461],[-6.45547,43.56474],[-6.45545,43.56463]],[[-6.44738,43.56227],[-6.44747,43.56209],[-6.44758,43.56213],[-6.44746,43.5623],[-6.44738,43.56227]],[[-6.45124,43.56267],[-6.45138,43.5627],[-6.45134,43.56282],[-6.45118,43.56281],[-6.45124,43.56267]],[[-6.45163,43.56214],[-6.45175,43.56212],[-6.45177,43.56222],[-6.45159,43.56225],[-6.45163,43.56214]],[[-6.45344,43.56361],[-6.45361,43.56361],[-6.45359,43.56372],[-6.45347,43.5637],[-6.45344,43.56361]],[[-6.45341,43.56388],[-6.45352,43.5638],[-6.45359,43.56393],[-6.45349,43.56396],[-6.45341,43.56388]],[[-6.45574,43.56465],[-6.45584,43.56469],[-6.45577,43.5648],[-6.45568,43.56473],[-6.45574,43.56465]],[[-6.45158,43.56236],[-6.4517,43.56232],[-6.45177,43.5624],[-6.45166,43.56243],[-6.45158,43.56236]],[[-6.45622,43.56558],[-6.45634,43.56555],[-6.4564,43.56563],[-6.4563,43.56565],[-6.45622,43.56558]],[[-6.45605,43.56532],[-6.45618,43.5653],[-6.45621,43.56532],[-6.45614,43.5654],[-6.45605,43.56532]],[[-6.45584,43.56458],[-6.45597,43.5646],[-6.45597,43.56464],[-6.45589,43.56468],[-6.45584,43.56458]],[[-6.45619,43.56516],[-6.45631,43.56513],[-6.45634,43.56516],[-6.45627,43.56523],[-6.45619,43.56516]],[[-6.11975,43.55698],[-6.1197,43.55689],[-6.11988,43.557],[-6.11975,43.55698]],[[-6.45235,43.56342],[-6.4524,43.56337],[-6.45249,43.56345],[-6.4524,43.56349],[-6.45235,43.56342]],[[-6.45575,43.56556],[-6.45576,43.56552],[-6.45585,43.56552],[-6.45582,43.56562],[-6.45575,43.56556]],[[-6.45604,43.56511],[-6.45613,43.56506],[-6.45615,43.56508],[-6.4561,43.56515],[-6.45604,43.56511]]],[[[-6.03088,43.59202],[-6.03353,43.59144],[-6.03477,43.58886],[-6.03171,43.58919],[-6.03088,43.59202]]],[[[-4.78823,43.43539],[-4.79123,43.43543],[-4.79135,43.43392],[-4.78933,43.43295],[-4.78823,43.43539]]],[[[-4.57432,43.39884],[-4.57537,43.40012],[-4.57647,43.39797],[-4.57405,43.39783],[-4.57432,43.39884]]],[[[-5.86313,43.6638],[-5.8636,43.66454],[-5.86598,43.66332],[-5.8636,43.66179],[-5.86313,43.6638]]],[[[-4.81063,43.43858],[-4.81117,43.43724],[-4.80836,43.43769],[-4.80851,43.43845],[-4.81063,43.43858]]],[[[-6.98522,43.56116],[-6.9871,43.56114],[-6.98776,43.55951],[-6.98605,43.55972],[-6.98522,43.56116]]],[[[-6.75334,43.56635],[-6.75232,43.56469],[-6.75136,43.56722],[-6.75223,43.56751],[-6.75334,43.56635]]],[[[-6.9873,43.55894],[-6.98896,43.55925],[-6.98948,43.55837],[-6.98745,43.55795],[-6.9873,43.55894]]],[[[-6.65876,43.56885],[-6.65931,43.56941],[-6.66134,43.56877],[-6.65964,43.56766],[-6.65876,43.56885]]],[[[-6.29306,43.57207],[-6.29259,43.57281],[-6.29503,43.57182],[-6.29227,43.5719],[-6.29306,43.57207]]],[[[-6.19192,43.58061],[-6.19175,43.58209],[-6.19304,43.58194],[-6.19349,43.58087],[-6.19192,43.58061]]],[[[-4.73026,43.41864],[-4.7316,43.41848],[-4.73161,43.4175],[-4.73048,43.41717],[-4.73026,43.41864]]],[[[-6.41653,43.5606],[-6.41731,43.5608],[-6.41871,43.55989],[-6.41764,43.55898],[-6.41653,43.5606]]],[[[-6.87416,43.56743],[-6.87492,43.56663],[-6.87434,43.56586],[-6.87305,43.56696],[-6.87416,43.56743]]],[[[-4.8232,43.43714],[-4.82195,43.43827],[-4.82249,43.43874],[-4.82382,43.43839],[-4.8232,43.43714]]],[[[-4.82491,43.43839],[-4.82665,43.43891],[-4.82733,43.43818],[-4.82687,43.43759],[-4.82491,43.43839]]],[[[-6.09607,43.55911],[-6.09523,43.56039],[-6.09598,43.56087],[-6.09695,43.55935],[-6.09607,43.55911]]],[[[-6.24389,43.5963],[-6.24462,43.59548],[-6.2431,43.5952],[-6.24273,43.5962],[-6.24389,43.5963]]],[[[-5.76544,43.60556],[-5.76665,43.60625],[-5.76774,43.60724],[-5.76678,43.6055],[-5.76544,43.60556]]],[[[-4.77535,43.43275],[-4.77524,43.43386],[-4.77663,43.43301],[-4.77636,43.43277],[-4.77535,43.43275]]],[[[-4.70838,43.41577],[-4.70945,43.41549],[-4.71022,43.41495],[-4.70867,43.41498],[-4.70838,43.41577]]],[[[-4.79631,43.43344],[-4.79634,43.43432],[-4.79808,43.43453],[-4.79778,43.43414],[-4.79631,43.43344]]],[[[-6.22694,43.59147],[-6.22738,43.59112],[-6.22674,43.58993],[-6.2263,43.59088],[-6.22694,43.59147]]],[[[-6.94912,43.56984],[-6.94986,43.57066],[-6.9506,43.57069],[-6.95011,43.56967],[-6.94912,43.56984]]],[[[-6.8709,43.56915],[-6.87135,43.56831],[-6.87073,43.56808],[-6.87019,43.56917],[-6.8709,43.56915]]],[[[-6.06866,43.56754],[-6.0696,43.56794],[-6.07436,43.56904],[-6.07413,43.56885],[-6.06866,43.56754]]],[[[-6.23163,43.59143],[-6.23136,43.59239],[-6.23205,43.59273],[-6.23251,43.59165],[-6.23163,43.59143]]],[[[-5.85547,43.65676],[-5.85538,43.65752],[-5.85579,43.65831],[-5.8563,43.65771],[-5.85547,43.65676]]],[[[-6.76546,43.56988],[-6.7657,43.56923],[-6.76454,43.56929],[-6.76487,43.56993],[-6.76546,43.56988]]],[[[-6.89075,43.57056],[-6.88993,43.57109],[-6.88987,43.57172],[-6.89121,43.57018],[-6.89075,43.57056]]],[[[-6.7664,43.57368],[-6.7662,43.5739],[-6.76822,43.57471],[-6.76798,43.57434],[-6.7664,43.57368]]],[[[-6.46141,43.57039],[-6.46173,43.57063],[-6.46243,43.57018],[-6.4618,43.56973],[-6.46141,43.57039]]],[[[-6.4858,43.55261],[-6.48648,43.5524],[-6.48658,43.5519],[-6.48563,43.55187],[-6.4858,43.55261]]],[[[-4.73737,43.41674],[-4.73771,43.41795],[-4.73837,43.41783],[-4.73803,43.41707],[-4.73737,43.41674]]],[[[-6.32059,43.56441],[-6.32081,43.56488],[-6.32143,43.56379],[-6.32068,43.56357],[-6.32059,43.56441]]],[[[-6.38003,43.55854],[-6.38077,43.55861],[-6.38068,43.55761],[-6.37988,43.55777],[-6.38003,43.55854]]],[[[-7.01912,43.55965],[-7.0196,43.55962],[-7.02013,43.55911],[-7.01843,43.55902],[-7.01912,43.55965]]],[[[-6.8731,43.56548],[-6.87284,43.56579],[-6.87308,43.56647],[-6.87389,43.5656],[-6.8731,43.56548]]],[[[-4.85898,43.44588],[-4.85938,43.44657],[-4.86012,43.44633],[-4.85994,43.44607],[-4.85898,43.44588]]],[[[-6.30763,43.5686],[-6.30765,43.56925],[-6.30846,43.56974],[-6.3084,43.56928],[-6.30763,43.5686]]],[[[-6.94707,43.57379],[-6.94675,43.57407],[-6.94686,43.57486],[-6.94769,43.57414],[-6.94707,43.57379]]],[[[-6.95748,43.5652],[-6.95809,43.56513],[-6.95848,43.56464],[-6.95751,43.56468],[-6.95748,43.5652]]],[[[-6.87524,43.56675],[-6.87449,43.56761],[-6.87452,43.5679],[-6.87575,43.56705],[-6.87524,43.56675]]],[[[-6.03223,43.59277],[-6.03266,43.59261],[-6.03323,43.5917],[-6.03261,43.59171],[-6.03223,43.59277]]],[[[-4.72926,43.41654],[-4.72857,43.41662],[-4.72821,43.41703],[-4.72915,43.41709],[-4.72926,43.41654]]],[[[-6.39915,43.56468],[-6.39853,43.56499],[-6.39858,43.5655],[-6.39935,43.56513],[-6.39915,43.56468]]],[[[-6.27192,43.58368],[-6.27261,43.58342],[-6.27113,43.58377],[-6.27139,43.58381],[-6.27192,43.58368]]],[[[-6.40042,43.56532],[-6.40007,43.56577],[-6.40101,43.56596],[-6.40095,43.56551],[-6.40042,43.56532]]],[[[-6.28406,43.57281],[-6.28362,43.57319],[-6.2839,43.57358],[-6.28454,43.57293],[-6.28406,43.57281]]],[[[-6.28026,43.57527],[-6.28054,43.57565],[-6.28128,43.57494],[-6.28078,43.57483],[-6.28026,43.57527]]],[[[-6.89055,43.56998],[-6.8914,43.56991],[-6.89153,43.56938],[-6.89093,43.56932],[-6.89055,43.56998]]],[[[-6.37897,43.55911],[-6.37892,43.55971],[-6.37934,43.55969],[-6.37961,43.55912],[-6.37897,43.55911]]],[[[-5.74348,43.581],[-5.74293,43.58122],[-5.74291,43.58156],[-5.74386,43.58138],[-5.74348,43.581]]],[[[-6.51316,43.55248],[-6.51282,43.55285],[-6.51414,43.55211],[-6.51385,43.55195],[-6.51316,43.55248]]],[[[-6.26701,43.57912],[-6.26735,43.57976],[-6.2679,43.57987],[-6.26764,43.5792],[-6.26701,43.57912]]],[[[-6.79441,43.56002],[-6.7942,43.56052],[-6.79494,43.56074],[-6.79476,43.56019],[-6.79441,43.56002]]],[[[-6.94897,43.57614],[-6.94964,43.57613],[-6.94993,43.57565],[-6.94945,43.57553],[-6.94897,43.57614]]],[[[-4.94939,43.46216],[-4.94985,43.4617],[-4.94969,43.46126],[-4.94899,43.46203],[-4.94939,43.46216]]],[[[-6.33942,43.5599],[-6.33873,43.56023],[-6.33881,43.56037],[-6.33946,43.56044],[-6.33942,43.5599]]],[[[-4.80392,43.43612],[-4.80398,43.43576],[-4.80317,43.43552],[-4.80314,43.43596],[-4.80392,43.43612]]],[[[-6.41911,43.55875],[-6.41818,43.55914],[-6.41817,43.5592],[-6.41879,43.55942],[-6.41911,43.55875]]],[[[-6.4097,43.5581],[-6.40936,43.55837],[-6.41099,43.55824],[-6.41067,43.55811],[-6.4097,43.5581]]],[[[-6.3282,43.56225],[-6.3279,43.56269],[-6.32817,43.56294],[-6.32867,43.56249],[-6.3282,43.56225]]],[[[-4.7289,43.41742],[-4.72938,43.41779],[-4.73003,43.41739],[-4.72964,43.41729],[-4.7289,43.41742]]],[[[-6.27059,43.58429],[-6.27052,43.58481],[-6.27136,43.58461],[-6.27124,43.5842],[-6.27059,43.58429]]],[[[-4.81893,43.4393],[-4.81898,43.43995],[-4.81954,43.43983],[-4.81947,43.43931],[-4.81893,43.4393]]],[[[-6.87625,43.5638],[-6.87641,43.56446],[-6.87698,43.5642],[-6.87687,43.56401],[-6.87625,43.5638]]],[[[-6.80588,43.55944],[-6.8058,43.56025],[-6.80595,43.56035],[-6.80646,43.55977],[-6.80588,43.55944]]],[[[-6.16862,43.56996],[-6.1693,43.56996],[-6.16933,43.5695],[-6.16873,43.5694],[-6.16862,43.56996]]],[[[-6.35976,43.55371],[-6.3598,43.55433],[-6.3605,43.55382],[-6.36028,43.55369],[-6.35976,43.55371]]],[[[-6.79228,43.55913],[-6.79263,43.55916],[-6.79268,43.55872],[-6.79178,43.55909],[-6.79228,43.55913]]],[[[-6.23351,43.59204],[-6.23403,43.59194],[-6.23428,43.59117],[-6.23394,43.59116],[-6.23351,43.59204]]],[[[-6.81656,43.56397],[-6.81599,43.56438],[-6.81592,43.56464],[-6.81681,43.56424],[-6.81656,43.56397]]],[[[-6.32537,43.5629],[-6.32516,43.56295],[-6.32494,43.56335],[-6.32588,43.56314],[-6.32537,43.5629]]],[[[-4.62324,43.40221],[-4.624,43.40251],[-4.62464,43.4023],[-4.62336,43.40209],[-4.62324,43.40221]]],[[[-6.30241,43.5658],[-6.30182,43.566],[-6.30169,43.5663],[-6.30274,43.56589],[-6.30241,43.5658]]],[[[-6.47549,43.56422],[-6.47575,43.56467],[-6.47627,43.56448],[-6.47599,43.56417],[-6.47549,43.56422]]],[[[-6.40069,43.55824],[-6.39996,43.55879],[-6.39992,43.55897],[-6.40101,43.55833],[-6.40069,43.55824]]],[[[-6.40002,43.56492],[-6.39955,43.56526],[-6.39936,43.56569],[-6.40003,43.56535],[-6.40002,43.56492]]],[[[-6.33195,43.56193],[-6.33216,43.56228],[-6.33286,43.5619],[-6.33259,43.56173],[-6.33195,43.56193]]],[[[-6.47251,43.57112],[-6.47291,43.57102],[-6.47184,43.57097],[-6.47202,43.5711],[-6.47251,43.57112]]],[[[-4.84794,43.44613],[-4.84867,43.44611],[-4.84885,43.44583],[-4.8479,43.44573],[-4.84794,43.44613]]],[[[-6.295,43.57245],[-6.29467,43.57265],[-6.29476,43.57296],[-6.2954,43.57281],[-6.295,43.57245]]],[[[-5.78406,43.61141],[-5.78366,43.6116],[-5.7834,43.61195],[-5.78435,43.61162],[-5.78406,43.61141]]],[[[-6.50801,43.55072],[-6.50771,43.5509],[-6.50699,43.55149],[-6.50771,43.55132],[-6.50801,43.55072]]],[[[-6.49163,43.54965],[-6.49119,43.54996],[-6.49163,43.55034],[-6.49187,43.55009],[-6.49163,43.54965]]],[[[-5.83786,43.66437],[-5.83791,43.66469],[-5.83845,43.66432],[-5.83826,43.66397],[-5.83786,43.66437]]],[[[-6.91329,43.57204],[-6.91327,43.57235],[-6.91378,43.57194],[-6.91335,43.57169],[-6.91329,43.57204]]],[[[-6.6258,43.57516],[-6.62599,43.57523],[-6.62645,43.57512],[-6.62568,43.5746],[-6.6258,43.57516]]],[[[-6.93853,43.57176],[-6.93807,43.57205],[-6.93817,43.57228],[-6.93892,43.57202],[-6.93853,43.57176]]],[[[-6.30759,43.56741],[-6.30742,43.56786],[-6.3079,43.568],[-6.308,43.56767],[-6.30759,43.56741]]],[[[-6.35889,43.55298],[-6.35948,43.55321],[-6.35984,43.55279],[-6.35919,43.55257],[-6.35889,43.55298]]],[[[-6.85169,43.56543],[-6.85144,43.5656],[-6.85098,43.56634],[-6.85194,43.56563],[-6.85169,43.56543]]],[[[-6.49933,43.55184],[-6.49981,43.55198],[-6.50039,43.55146],[-6.49979,43.5515],[-6.49933,43.55184]]],[[[-4.77566,43.43406],[-4.77537,43.43433],[-4.77611,43.43448],[-4.77615,43.43426],[-4.77566,43.43406]]],[[[-6.42485,43.55494],[-6.42448,43.55534],[-6.42497,43.55575],[-6.42506,43.55495],[-6.42485,43.55494]]],[[[-6.93562,43.57155],[-6.93531,43.57182],[-6.93563,43.57214],[-6.93607,43.57178],[-6.93562,43.57155]]],[[[-5.22211,43.48019],[-5.22183,43.48073],[-5.22261,43.48066],[-5.22236,43.48023],[-5.22211,43.48019]]],[[[-6.35784,43.55544],[-6.35746,43.55571],[-6.35743,43.55599],[-6.35794,43.55592],[-6.35784,43.55544]]],[[[-6.78217,43.5657],[-6.78258,43.56609],[-6.78312,43.56584],[-6.78247,43.56563],[-6.78217,43.5657]]],[[[-6.19118,43.58115],[-6.19089,43.5815],[-6.19115,43.58198],[-6.1914,43.58177],[-6.19118,43.58115]]],[[[-6.49777,43.55407],[-6.49768,43.55463],[-6.49819,43.55449],[-6.4982,43.55422],[-6.49777,43.55407]]],[[[-6.41208,43.5583],[-6.41197,43.55894],[-6.41219,43.55901],[-6.41251,43.55867],[-6.41208,43.5583]]],[[[-6.47283,43.57062],[-6.47294,43.57082],[-6.47375,43.57093],[-6.47326,43.57051],[-6.47283,43.57062]]],[[[-4.82515,43.44038],[-4.82484,43.44076],[-4.82565,43.44065],[-4.82537,43.44037],[-4.82515,43.44038]]],[[[-6.31685,43.5638],[-6.31694,43.56431],[-6.31744,43.56429],[-6.31722,43.56395],[-6.31685,43.5638]]],[[[-6.79251,43.56101],[-6.79297,43.56079],[-6.79281,43.5604],[-6.79222,43.56063],[-6.79251,43.56101]]],[[[-6.78327,43.56563],[-6.7836,43.56607],[-6.78426,43.56586],[-6.78398,43.56572],[-6.78327,43.56563]]],[[[-6.88582,43.5678],[-6.8855,43.56789],[-6.88522,43.56836],[-6.88615,43.56795],[-6.88582,43.5678]]],[[[-4.83044,43.44011],[-4.83025,43.44051],[-4.83095,43.44057],[-4.83068,43.44015],[-4.83044,43.44011]]],[[[-6.48261,43.55416],[-6.48241,43.55475],[-6.48265,43.55484],[-6.4831,43.55439],[-6.48261,43.55416]]],[[[-6.87668,43.56334],[-6.87652,43.56378],[-6.87699,43.56396],[-6.87709,43.56351],[-6.87668,43.56334]]],[[[-6.98796,43.56204],[-6.98794,43.56223],[-6.98867,43.5626],[-6.98844,43.56211],[-6.98796,43.56204]]],[[[-6.34098,43.56012],[-6.34121,43.56049],[-6.34163,43.56029],[-6.34145,43.55998],[-6.34098,43.56012]]],[[[-6.13817,43.5652],[-6.13812,43.56478],[-6.13755,43.56495],[-6.13758,43.56505],[-6.13817,43.5652]]],[[[-5.77949,43.61301],[-5.78065,43.61371],[-5.78078,43.61366],[-5.77994,43.61305],[-5.77949,43.61301]]],[[[-6.47543,43.55652],[-6.4759,43.55641],[-6.47591,43.55603],[-6.47507,43.55651],[-6.47543,43.55652]]],[[[-6.78745,43.56641],[-6.78727,43.56684],[-6.78787,43.56673],[-6.78774,43.56649],[-6.78745,43.56641]]],[[[-6.77156,43.56793],[-6.77182,43.56826],[-6.77243,43.56825],[-6.77228,43.56807],[-6.77156,43.56793]]],[[[-6.2919,43.57395],[-6.29162,43.57427],[-6.29168,43.57443],[-6.29225,43.57424],[-6.2919,43.57395]]],[[[-6.75132,43.56757],[-6.75147,43.56834],[-6.75164,43.56845],[-6.75172,43.56784],[-6.75132,43.56757]]],[[[-6.70474,43.56342],[-6.70447,43.56373],[-6.70449,43.56389],[-6.70523,43.56361],[-6.70474,43.56342]]],[[[-6.44464,43.56336],[-6.44417,43.56367],[-6.44376,43.56414],[-6.44485,43.56334],[-6.44464,43.56336]]],[[[-5.86498,43.66413],[-5.86469,43.66475],[-5.86476,43.66483],[-5.86531,43.66425],[-5.86498,43.66413]]],[[[-5.86134,43.66601],[-5.86105,43.66618],[-5.86099,43.66648],[-5.86151,43.66641],[-5.86134,43.66601]]],[[[-6.85258,43.56738],[-6.85255,43.56785],[-6.85309,43.56763],[-6.85292,43.56743],[-6.85258,43.56738]]],[[[-6.38452,43.55726],[-6.3844,43.55768],[-6.38468,43.55782],[-6.38488,43.5575],[-6.38452,43.55726]]],[[[-6.5091,43.5497],[-6.50871,43.54997],[-6.50832,43.55039],[-6.50931,43.54978],[-6.5091,43.5497]]],[[[-6.14985,43.57053],[-6.14986,43.5709],[-6.15027,43.57092],[-6.15017,43.5703],[-6.14985,43.57053]]],[[[-6.85629,43.56864],[-6.85637,43.56905],[-6.85689,43.56871],[-6.8568,43.56863],[-6.85629,43.56864]]],[[[-6.65885,43.56774],[-6.65946,43.56767],[-6.65956,43.5675],[-6.65914,43.5673],[-6.65885,43.56774]]],[[[-6.38213,43.55746],[-6.3817,43.55774],[-6.38183,43.55789],[-6.38239,43.55763],[-6.38213,43.55746]]],[[[-4.55592,43.39486],[-4.5562,43.39523],[-4.55674,43.3952],[-4.55637,43.39488],[-4.55592,43.39486]]],[[[-6.77382,43.5683],[-6.77365,43.5686],[-6.77423,43.56891],[-6.77409,43.56849],[-6.77382,43.5683]]],[[[-6.39905,43.55952],[-6.39857,43.55981],[-6.39841,43.56009],[-6.39921,43.55972],[-6.39905,43.55952]]],[[[-6.48283,43.55394],[-6.48326,43.55391],[-6.48361,43.55352],[-6.4832,43.55356],[-6.48283,43.55394]]],[[[-5.88987,43.62873],[-5.88945,43.62897],[-5.88945,43.62911],[-5.88998,43.62909],[-5.88987,43.62873]]],[[[-4.77671,43.43276],[-4.77699,43.43308],[-4.77753,43.43284],[-4.77704,43.4327],[-4.77671,43.43276]]],[[[-6.32401,43.56319],[-6.32391,43.56365],[-6.32421,43.56395],[-6.32425,43.56332],[-6.32401,43.56319]]],[[[-6.74693,43.56692],[-6.7467,43.56734],[-6.747,43.56763],[-6.7471,43.56697],[-6.74693,43.56692]]],[[[-6.87128,43.56662],[-6.87103,43.56713],[-6.87112,43.56722],[-6.8715,43.56708],[-6.87128,43.56662]]],[[[-6.95805,43.56754],[-6.95798,43.56795],[-6.9584,43.56821],[-6.95824,43.5676],[-6.95805,43.56754]]],[[[-6.08615,43.56318],[-6.08585,43.5636],[-6.08603,43.56386],[-6.08638,43.56334],[-6.08615,43.56318]]],[[[-6.19075,43.58218],[-6.19127,43.5825],[-6.19147,43.58216],[-6.19088,43.58215],[-6.19075,43.58218]]],[[[-6.76452,43.57095],[-6.76438,43.57111],[-6.76421,43.57151],[-6.76484,43.57108],[-6.76452,43.57095]]],[[[-6.78036,43.56917],[-6.78052,43.56943],[-6.78118,43.56945],[-6.78102,43.56926],[-6.78036,43.56917]]],[[[-6.28763,43.5725],[-6.28767,43.57288],[-6.28806,43.57277],[-6.288,43.57245],[-6.28763,43.5725]]],[[[-6.20863,43.58555],[-6.20897,43.58519],[-6.20862,43.58487],[-6.20863,43.58555]]],[[[-6.78304,43.5704],[-6.78284,43.5708],[-6.78325,43.57087],[-6.78335,43.57066],[-6.78304,43.5704]]],[[[-6.29247,43.57495],[-6.2924,43.57534],[-6.29286,43.57519],[-6.29265,43.57483],[-6.29247,43.57495]]],[[[-6.6632,43.5672],[-6.6632,43.56768],[-6.66367,43.56755],[-6.66355,43.56732],[-6.6632,43.5672]]],[[[-6.32731,43.5628],[-6.32706,43.56299],[-6.32711,43.56318],[-6.32763,43.56306],[-6.32731,43.5628]]],[[[-6.74879,43.56605],[-6.74855,43.56647],[-6.74859,43.56679],[-6.74879,43.5667],[-6.74879,43.56605]]],[[[-6.30488,43.56448],[-6.30485,43.56484],[-6.30529,43.5648],[-6.30521,43.5645],[-6.30488,43.56448]]],[[[-6.34474,43.55833],[-6.34462,43.55862],[-6.34523,43.55859],[-6.34509,43.55837],[-6.34474,43.55833]]],[[[-6.80682,43.55974],[-6.8074,43.55964],[-6.80746,43.5595],[-6.80676,43.55944],[-6.80682,43.55974]]],[[[-4.5756,43.39537],[-4.57536,43.39552],[-4.57549,43.39584],[-4.5758,43.39581],[-4.5756,43.39537]]],[[[-4.76277,43.42586],[-4.76358,43.42601],[-4.76391,43.42594],[-4.76344,43.42577],[-4.76277,43.42586]]],[[[-6.47566,43.57127],[-6.47622,43.57163],[-6.4765,43.5715],[-6.47629,43.57134],[-6.47566,43.57127]]],[[[-6.94288,43.57388],[-6.94272,43.57406],[-6.94291,43.57436],[-6.94322,43.57414],[-6.94288,43.57388]]],[[[-6.80788,43.5586],[-6.80782,43.5589],[-6.80866,43.55848],[-6.80848,43.5584],[-6.80788,43.5586]]],[[[-6.3988,43.56585],[-6.39882,43.5663],[-6.39923,43.5661],[-6.39922,43.56588],[-6.3988,43.56585]]],[[[-6.32164,43.56489],[-6.32171,43.5652],[-6.32221,43.56512],[-6.32207,43.56493],[-6.32164,43.56489]]],[[[-6.26673,43.58124],[-6.26648,43.58165],[-6.26684,43.58178],[-6.26692,43.58143],[-6.26673,43.58124]]],[[[-5.87979,43.63087],[-5.88034,43.63098],[-5.8804,43.6306],[-5.88005,43.63065],[-5.87979,43.63087]]],[[[-4.84613,43.44588],[-4.84653,43.44614],[-4.84684,43.44599],[-4.84662,43.44581],[-4.84613,43.44588]]],[[[-6.44034,43.56134],[-6.44071,43.56124],[-6.44087,43.56087],[-6.44029,43.5611],[-6.44034,43.56134]]],[[[-6.43234,43.55475],[-6.43202,43.55495],[-6.43177,43.55533],[-6.43211,43.55525],[-6.43234,43.55475]]],[[[-6.87258,43.56625],[-6.87247,43.56644],[-6.87282,43.56672],[-6.87283,43.56619],[-6.87258,43.56625]]],[[[-6.39197,43.55933],[-6.3915,43.55966],[-6.39152,43.55987],[-6.39218,43.55936],[-6.39197,43.55933]]],[[[-6.80748,43.55772],[-6.80732,43.55798],[-6.80784,43.55799],[-6.80782,43.55775],[-6.80748,43.55772]]],[[[-6.86672,43.57083],[-6.86642,43.5712],[-6.86642,43.57137],[-6.86683,43.57116],[-6.86672,43.57083]]],[[[-4.56264,43.39372],[-4.56274,43.39397],[-4.56327,43.39388],[-4.56304,43.39368],[-4.56264,43.39372]]],[[[-6.8918,43.57234],[-6.89154,43.57259],[-6.89145,43.57288],[-6.892,43.57249],[-6.8918,43.57234]]],[[[-6.94226,43.57373],[-6.94236,43.57375],[-6.94293,43.57372],[-6.94261,43.57335],[-6.94226,43.57373]]],[[[-6.3985,43.56026],[-6.3985,43.5607],[-6.3988,43.56065],[-6.3989,43.5604],[-6.3985,43.56026]]],[[[-5.78651,43.61606],[-5.78608,43.61626],[-5.7861,43.61637],[-5.78677,43.61624],[-5.78651,43.61606]]],[[[-4.78271,43.43336],[-4.78336,43.43334],[-4.78351,43.43329],[-4.78244,43.43316],[-4.78271,43.43336]]],[[[-6.30075,43.56737],[-6.30043,43.56761],[-6.3005,43.56778],[-6.30098,43.56761],[-6.30075,43.56737]]],[[[-6.77587,43.56834],[-6.77609,43.5686],[-6.7766,43.56871],[-6.77636,43.56844],[-6.77587,43.56834]]],[[[-6.03738,43.57992],[-6.03751,43.58032],[-6.03764,43.58039],[-6.03764,43.57979],[-6.03738,43.57992]]],[[[-4.56523,43.39357],[-4.56556,43.39393],[-4.56584,43.39396],[-4.5656,43.39355],[-4.56523,43.39357]]],[[[-6.62671,43.57388],[-6.62686,43.57429],[-6.62721,43.57428],[-6.62695,43.5739],[-6.62671,43.57388]]],[[[-6.40803,43.55762],[-6.40822,43.55792],[-6.40869,43.55786],[-6.40857,43.55774],[-6.40803,43.55762]]],[[[-6.94842,43.5774],[-6.94811,43.57776],[-6.94814,43.57788],[-6.94857,43.57763],[-6.94842,43.5774]]],[[[-6.80396,43.55975],[-6.80389,43.56007],[-6.80437,43.55992],[-6.80422,43.55976],[-6.80396,43.55975]]],[[[-6.39029,43.55957],[-6.39025,43.55989],[-6.39074,43.55947],[-6.39058,43.55939],[-6.39029,43.55957]]],[[[-4.64198,43.40435],[-4.64219,43.40466],[-4.64263,43.40464],[-4.64218,43.40435],[-4.64198,43.40435]]],[[[-6.80045,43.55834],[-6.80069,43.55903],[-6.80079,43.55905],[-6.80077,43.55848],[-6.80045,43.55834]]],[[[-4.84509,43.44642],[-4.84531,43.44668],[-4.84559,43.44645],[-4.84532,43.44627],[-4.84509,43.44642]]],[[[-6.1605,43.56959],[-6.16064,43.56983],[-6.16103,43.5698],[-6.16092,43.56952],[-6.1605,43.56959]]],[[[-6.79607,43.55864],[-6.79561,43.55879],[-6.79556,43.55888],[-6.79636,43.55866],[-6.79607,43.55864]]],[[[-6.39221,43.55988],[-6.3921,43.56018],[-6.39219,43.56033],[-6.39249,43.55976],[-6.39221,43.55988]]],[[[-6.79465,43.55864],[-6.79465,43.55897],[-6.79512,43.55895],[-6.79494,43.55867],[-6.79465,43.55864]]],[[[-6.7773,43.56822],[-6.77725,43.5685],[-6.77746,43.56878],[-6.77757,43.56827],[-6.7773,43.56822]]],[[[-6.40765,43.55946],[-6.40783,43.55972],[-6.40815,43.55961],[-6.40788,43.55934],[-6.40765,43.55946]]],[[[-6.29521,43.57052],[-6.29521,43.57087],[-6.29559,43.57054],[-6.29555,43.57045],[-6.29521,43.57052]]],[[[-6.83359,43.56755],[-6.83349,43.56783],[-6.83359,43.56799],[-6.83388,43.56764],[-6.83359,43.56755]]],[[[-6.7814,43.56686],[-6.78139,43.56723],[-6.78164,43.56735],[-6.7817,43.56712],[-6.7814,43.56686]]],[[[-6.36728,43.55225],[-6.36712,43.55246],[-6.36716,43.55276],[-6.36746,43.55252],[-6.36728,43.55225]]],[[[-4.5683,43.39344],[-4.56837,43.39361],[-4.56894,43.3935],[-4.5686,43.39333],[-4.5683,43.39344]]],[[[-6.16642,43.57056],[-6.16623,43.57071],[-6.16632,43.57099],[-6.16668,43.5708],[-6.16642,43.57056]]],[[[-4.55989,43.39368],[-4.55997,43.39393],[-4.5604,43.39386],[-4.55999,43.3936],[-4.55989,43.39368]]],[[[-7.02161,43.56084],[-7.02165,43.56112],[-7.02209,43.56109],[-7.0218,43.56082],[-7.02161,43.56084]]],[[[-6.39549,43.56044],[-6.3954,43.56076],[-6.39576,43.56072],[-6.39577,43.56046],[-6.39549,43.56044]]],[[[-6.43316,43.55674],[-6.43315,43.55713],[-6.43337,43.55728],[-6.43339,43.55691],[-6.43316,43.55674]]],[[[-4.57569,43.39688],[-4.57515,43.39702],[-4.57508,43.39712],[-4.5759,43.39695],[-4.57569,43.39688]]],[[[-6.39683,43.56097],[-6.39678,43.56117],[-6.39729,43.56097],[-6.397,43.56079],[-6.39683,43.56097]]],[[[-6.2954,43.57138],[-6.29549,43.57167],[-6.29588,43.57158],[-6.29568,43.57137],[-6.2954,43.57138]]],[[[-7.02214,43.56023],[-7.02217,43.56053],[-7.02255,43.56039],[-7.02244,43.56021],[-7.02214,43.56023]]],[[[-6.47597,43.55866],[-6.47617,43.55894],[-6.47643,43.55868],[-6.47625,43.55857],[-6.47597,43.55866]]],[[[-6.02429,43.58718],[-6.02451,43.58737],[-6.02497,43.58714],[-6.02481,43.587],[-6.02429,43.58718]]],[[[-4.57194,43.39452],[-4.57216,43.39481],[-4.57254,43.39469],[-4.57207,43.39452],[-4.57194,43.39452]]],[[[-6.14195,43.56579],[-6.14189,43.56611],[-6.14198,43.56637],[-6.14219,43.56575],[-6.14195,43.56579]]],[[[-6.80922,43.55794],[-6.80929,43.55819],[-6.80963,43.55801],[-6.80959,43.55789],[-6.80922,43.55794]]],[[[-6.00276,43.57963],[-6.00274,43.58007],[-6.00287,43.5801],[-6.00307,43.57984],[-6.00276,43.57963]]],[[[-6.88624,43.568],[-6.88599,43.56832],[-6.88601,43.56843],[-6.88643,43.56815],[-6.88624,43.568]]],[[[-6.3994,43.56022],[-6.39946,43.56047],[-6.39983,43.56034],[-6.39953,43.56014],[-6.3994,43.56022]]],[[[-6.41083,43.55969],[-6.4107,43.5599],[-6.41094,43.56008],[-6.41107,43.55974],[-6.41083,43.55969]]],[[[-6.78141,43.56576],[-6.78158,43.56608],[-6.7818,43.56593],[-6.78169,43.56576],[-6.78141,43.56576]]],[[[-6.41112,43.55904],[-6.41098,43.55927],[-6.41114,43.5594],[-6.4114,43.55915],[-6.41112,43.55904]]],[[[-6.03694,43.58288],[-6.03679,43.5831],[-6.03705,43.58332],[-6.03716,43.58295],[-6.03694,43.58288]]],[[[-6.0353,43.58361],[-6.03526,43.5838],[-6.03573,43.58393],[-6.03566,43.58371],[-6.0353,43.58361]]],[[[-5.99309,43.57693],[-5.99329,43.57717],[-5.99352,43.57694],[-5.99308,43.57674],[-5.99309,43.57693]]],[[[-6.30126,43.5672],[-6.30123,43.56747],[-6.30161,43.56743],[-6.30151,43.56718],[-6.30126,43.5672]]],[[[-6.38621,43.55782],[-6.38621,43.55815],[-6.38654,43.55804],[-6.3865,43.55781],[-6.38621,43.55782]]],[[[-6.38077,43.55796],[-6.38096,43.55819],[-6.38118,43.55805],[-6.38111,43.55784],[-6.38077,43.55796]]],[[[-6.40898,43.55883],[-6.40915,43.55909],[-6.40938,43.55897],[-6.40931,43.55875],[-6.40898,43.55883]]],[[[-6.87047,43.56764],[-6.87002,43.56811],[-6.87008,43.56819],[-6.87059,43.56773],[-6.87047,43.56764]]],[[[-6.40701,43.55715],[-6.40672,43.55729],[-6.40739,43.55726],[-6.40726,43.55717],[-6.40701,43.55715]]],[[[-6.49937,43.55306],[-6.4994,43.55343],[-6.4997,43.55332],[-6.49963,43.55316],[-6.49937,43.55306]]],[[[-6.75097,43.56771],[-6.75079,43.56805],[-6.75083,43.5682],[-6.75109,43.56804],[-6.75097,43.56771]]],[[[-7.0086,43.55801],[-7.00838,43.55823],[-7.00882,43.55834],[-7.0088,43.55812],[-7.0086,43.55801]]],[[[-6.75866,43.56694],[-6.75888,43.56668],[-6.75881,43.56648],[-6.75861,43.56664],[-6.75866,43.56694]]],[[[-6.80859,43.55869],[-6.80826,43.55884],[-6.80827,43.55897],[-6.80864,43.55893],[-6.80859,43.55869]]],[[[-5.76678,43.59901],[-5.7671,43.59931],[-5.76733,43.59936],[-5.76705,43.59901],[-5.76678,43.59901]]],[[[-6.94868,43.57648],[-6.94861,43.57651],[-6.94847,43.57675],[-6.9489,43.57668],[-6.94868,43.57648]]],[[[-6.74506,43.56691],[-6.74486,43.56721],[-6.74496,43.56738],[-6.74523,43.56697],[-6.74506,43.56691]]],[[[-6.87763,43.56417],[-6.8778,43.56444],[-6.87822,43.56446],[-6.87808,43.56435],[-6.87763,43.56417]]],[[[-5.01264,43.46042],[-5.01284,43.46064],[-5.01313,43.46048],[-5.01295,43.46036],[-5.01264,43.46042]]],[[[-6.80121,43.55691],[-6.80119,43.55717],[-6.80166,43.55709],[-6.80159,43.55697],[-6.80121,43.55691]]],[[[-6.43288,43.55524],[-6.43258,43.55552],[-6.43259,43.5557],[-6.43301,43.55533],[-6.43288,43.55524]]],[[[-6.81608,43.55904],[-6.81588,43.55917],[-6.81588,43.55933],[-6.81635,43.55912],[-6.81608,43.55904]]],[[[-5.83931,43.66219],[-5.83912,43.6624],[-5.83909,43.66251],[-5.83957,43.6623],[-5.83931,43.66219]]],[[[-6.44334,43.56339],[-6.44353,43.56357],[-6.44375,43.56339],[-6.44352,43.56322],[-6.44334,43.56339]]],[[[-6.39438,43.56029],[-6.39439,43.56049],[-6.39479,43.56047],[-6.39482,43.56029],[-6.39438,43.56029]]],[[[-6.77085,43.56775],[-6.77081,43.56799],[-6.77119,43.56789],[-6.77111,43.56775],[-6.77085,43.56775]]],[[[-6.36401,43.55281],[-6.36398,43.55311],[-6.36412,43.55333],[-6.36421,43.55302],[-6.36401,43.55281]]],[[[-6.78982,43.55811],[-6.78965,43.55826],[-6.78964,43.5584],[-6.79004,43.55833],[-6.78982,43.55811]]],[[[-6.29586,43.57056],[-6.29599,43.57081],[-6.29622,43.57081],[-6.29606,43.57046],[-6.29586,43.57056]]],[[[-6.30821,43.5669],[-6.30832,43.56711],[-6.30863,43.56698],[-6.30846,43.56685],[-6.30821,43.5669]]],[[[-6.78367,43.56211],[-6.78348,43.5622],[-6.78412,43.56225],[-6.78405,43.56215],[-6.78367,43.56211]]],[[[-6.31065,43.56764],[-6.31058,43.56788],[-6.31093,43.56783],[-6.31086,43.56764],[-6.31065,43.56764]]],[[[-7.00999,43.5565],[-7.00994,43.55674],[-7.01042,43.55674],[-7.01037,43.55662],[-7.00999,43.5565]]],[[[-6.78365,43.56278],[-6.7837,43.56297],[-6.78416,43.5629],[-6.78402,43.56281],[-6.78365,43.56278]]],[[[-6.80882,43.5573],[-6.80847,43.55744],[-6.80849,43.55754],[-6.80906,43.55737],[-6.80882,43.5573]]],[[[-6.3087,43.56737],[-6.30853,43.56756],[-6.30866,43.56769],[-6.30893,43.56751],[-6.3087,43.56737]]],[[[-4.57064,43.39435],[-4.57059,43.39457],[-4.57099,43.3945],[-4.57092,43.39432],[-4.57064,43.39435]]],[[[-6.33912,43.55966],[-6.3388,43.5598],[-6.33849,43.56007],[-6.33927,43.55966],[-6.33912,43.55966]]],[[[-6.29121,43.57223],[-6.29118,43.57242],[-6.29148,43.57257],[-6.29155,43.57238],[-6.29121,43.57223]]],[[[-6.44567,43.56292],[-6.44556,43.56312],[-6.44605,43.56308],[-6.44602,43.56297],[-6.44567,43.56292]]],[[[-6.1712,43.56968],[-6.17132,43.56994],[-6.17147,43.56955],[-6.17122,43.56948],[-6.1712,43.56968]]],[[[-6.13963,43.56594],[-6.13942,43.56619],[-6.13958,43.56636],[-6.1398,43.56611],[-6.13963,43.56594]]],[[[-6.37939,43.55834],[-6.37929,43.55857],[-6.37966,43.55853],[-6.37968,43.55842],[-6.37939,43.55834]]],[[[-6.02234,43.58665],[-6.0224,43.58693],[-6.02252,43.58696],[-6.0226,43.58657],[-6.02234,43.58665]]],[[[-6.10689,43.56322],[-6.10688,43.56349],[-6.10698,43.56355],[-6.10712,43.56307],[-6.10689,43.56322]]],[[[-6.19447,43.57691],[-6.19452,43.57714],[-6.19475,43.57726],[-6.1948,43.57705],[-6.19447,43.57691]]],[[[-6.78415,43.56464],[-6.78419,43.56493],[-6.78448,43.56494],[-6.7844,43.56471],[-6.78415,43.56464]]],[[[-6.3015,43.56569],[-6.30147,43.56596],[-6.30176,43.5659],[-6.3017,43.56572],[-6.3015,43.56569]]],[[[-6.43343,43.5563],[-6.43323,43.55645],[-6.43344,43.55666],[-6.43356,43.55633],[-6.43343,43.5563]]],[[[-6.32219,43.56598],[-6.32236,43.56619],[-6.32261,43.56621],[-6.32257,43.56601],[-6.32219,43.56598]]],[[[-6.14549,43.56481],[-6.1454,43.56514],[-6.14552,43.56518],[-6.14572,43.56483],[-6.14549,43.56481]]],[[[-6.78978,43.55854],[-6.7898,43.55875],[-6.79017,43.55858],[-6.78993,43.55847],[-6.78978,43.55854]]],[[[-6.7493,43.56565],[-6.74921,43.5659],[-6.74961,43.56577],[-6.74953,43.56567],[-6.7493,43.56565]]],[[[-6.94286,43.57454],[-6.94262,43.57489],[-6.94269,43.57496],[-6.94296,43.57471],[-6.94286,43.57454]]],[[[-6.38209,43.55822],[-6.38208,43.55849],[-6.38234,43.55845],[-6.38235,43.55824],[-6.38209,43.55822]]],[[[-6.44517,43.56238],[-6.44536,43.56234],[-6.44478,43.56226],[-6.44486,43.56234],[-6.44517,43.56238]]],[[[-6.41889,43.56007],[-6.41908,43.56041],[-6.41932,43.56038],[-6.41908,43.56013],[-6.41889,43.56007]]],[[[-6.79658,43.55917],[-6.79666,43.55946],[-6.79687,43.55941],[-6.79682,43.55919],[-6.79658,43.55917]]],[[[-6.43034,43.55321],[-6.43014,43.55349],[-6.4302,43.55357],[-6.43056,43.55329],[-6.43034,43.55321]]],[[[-4.83621,43.44247],[-4.83618,43.44264],[-4.83661,43.44262],[-4.83657,43.44253],[-4.83621,43.44247]]],[[[-6.30907,43.56775],[-6.30903,43.56795],[-6.3094,43.56782],[-6.30932,43.56772],[-6.30907,43.56775]]],[[[-6.38972,43.56002],[-6.38992,43.56013],[-6.39006,43.55997],[-6.38974,43.55982],[-6.38972,43.56002]]],[[[-6.39779,43.56023],[-6.39764,43.56046],[-6.39813,43.5603],[-6.398,43.56022],[-6.39779,43.56023]]],[[[-6.12491,43.56136],[-6.12521,43.56161],[-6.12538,43.56148],[-6.12515,43.56132],[-6.12491,43.56136]]],[[[-7.02025,43.55882],[-7.01999,43.55888],[-7.01995,43.55894],[-7.02052,43.55889],[-7.02025,43.55882]]],[[[-7.01344,43.55648],[-7.01373,43.55682],[-7.01395,43.55676],[-7.01385,43.55664],[-7.01344,43.55648]]],[[[-6.05298,43.57531],[-6.05324,43.57558],[-6.05355,43.57558],[-6.05315,43.57525],[-6.05298,43.57531]]],[[[-5.87844,43.63007],[-5.87849,43.63032],[-5.87872,43.63028],[-5.87865,43.63002],[-5.87844,43.63007]]],[[[-6.39983,43.56373],[-6.40003,43.56394],[-6.40025,43.56385],[-6.4001,43.56367],[-6.39983,43.56373]]],[[[-6.44048,43.5591],[-6.4402,43.55942],[-6.44013,43.55953],[-6.44064,43.55909],[-6.44048,43.5591]]],[[[-6.9483,43.57699],[-6.94807,43.57728],[-6.94812,43.57736],[-6.94844,43.57711],[-6.9483,43.57699]]],[[[-6.03677,43.58441],[-6.037,43.58438],[-6.03697,43.58407],[-6.03673,43.58409],[-6.03677,43.58441]]],[[[-6.39413,43.55993],[-6.39429,43.56011],[-6.39451,43.56002],[-6.3943,43.5598],[-6.39413,43.55993]]],[[[-6.03705,43.581],[-6.03732,43.58124],[-6.03758,43.58124],[-6.03717,43.58096],[-6.03705,43.581]]],[[[-4.744,43.41783],[-4.74406,43.41808],[-4.74429,43.41808],[-4.74423,43.41784],[-4.744,43.41783]]],[[[-6.80737,43.55819],[-6.80733,43.55839],[-6.80778,43.55827],[-6.80755,43.55818],[-6.80737,43.55819]]],[[[-6.02094,43.58753],[-6.02057,43.58772],[-6.02045,43.58788],[-6.02095,43.58765],[-6.02094,43.58753]]],[[[-6.77122,43.5688],[-6.77131,43.56902],[-6.77161,43.56907],[-6.77155,43.56894],[-6.77122,43.5688]]],[[[-4.56189,43.39347],[-4.5619,43.39365],[-4.5622,43.3937],[-4.56219,43.39349],[-4.56189,43.39347]]],[[[-6.90888,43.56826],[-6.90893,43.5685],[-6.9092,43.56827],[-6.90916,43.5682],[-6.90888,43.56826]]],[[[-6.88492,43.56762],[-6.8849,43.56782],[-6.88526,43.56778],[-6.88504,43.56762],[-6.88492,43.56762]]],[[[-4.57597,43.39625],[-4.57583,43.3964],[-4.57633,43.39633],[-4.5763,43.39624],[-4.57597,43.39625]]],[[[-6.85575,43.5694],[-6.85576,43.56966],[-6.856,43.56948],[-6.85589,43.56934],[-6.85575,43.5694]]],[[[-6.26846,43.5822],[-6.26863,43.58237],[-6.26893,43.58225],[-6.26891,43.58217],[-6.26846,43.5822]]],[[[-6.9564,43.56434],[-6.95627,43.56447],[-6.95669,43.56453],[-6.95663,43.56435],[-6.9564,43.56434]]],[[[-6.42012,43.55435],[-6.42014,43.55458],[-6.42037,43.55456],[-6.42038,43.55442],[-6.42012,43.55435]]],[[[-6.87253,43.56588],[-6.87229,43.56596],[-6.87226,43.56609],[-6.87246,43.56613],[-6.87253,43.56588]]],[[[-6.81803,43.56107],[-6.818,43.56133],[-6.81831,43.56114],[-6.81823,43.56105],[-6.81803,43.56107]]],[[[-6.33981,43.5609],[-6.33991,43.56111],[-6.34017,43.56111],[-6.34002,43.56088],[-6.33981,43.5609]]],[[[-6.39611,43.56148],[-6.3962,43.56164],[-6.39651,43.56154],[-6.39636,43.56139],[-6.39611,43.56148]]],[[[-6.81897,43.56435],[-6.81905,43.56457],[-6.81932,43.56457],[-6.81913,43.56436],[-6.81897,43.56435]]],[[[-6.19065,43.58264],[-6.19059,43.58293],[-6.19072,43.58295],[-6.19086,43.58269],[-6.19065,43.58264]]],[[[-5.88071,43.63113],[-5.8805,43.63126],[-5.88051,43.63135],[-5.88093,43.63117],[-5.88071,43.63113]]],[[[-5.89013,43.62891],[-5.89026,43.62902],[-5.89042,43.62866],[-5.8903,43.6286],[-5.89013,43.62891]]],[[[-6.12718,43.56022],[-6.12712,43.56059],[-6.12718,43.56069],[-6.12736,43.56022],[-6.12718,43.56022]]],[[[-6.37165,43.55879],[-6.37154,43.55893],[-6.37162,43.55912],[-6.37183,43.55895],[-6.37165,43.55879]]],[[[-6.15337,43.56898],[-6.15336,43.56923],[-6.15346,43.56928],[-6.15361,43.569],[-6.15337,43.56898]]],[[[-5.91538,43.62327],[-5.91519,43.62345],[-5.9152,43.6236],[-5.91551,43.62335],[-5.91538,43.62327]]],[[[-4.77804,43.43293],[-4.77793,43.43305],[-4.77842,43.43306],[-4.77814,43.43293],[-4.77804,43.43293]]],[[[-6.60541,43.56559],[-6.60595,43.56584],[-6.60607,43.56582],[-6.60574,43.56562],[-6.60541,43.56559]]],[[[-6.16229,43.56965],[-6.16221,43.56977],[-6.16219,43.56998],[-6.16246,43.56968],[-6.16229,43.56965]]],[[[-5.83737,43.66455],[-5.83721,43.66474],[-5.83729,43.66484],[-5.83758,43.66458],[-5.83737,43.66455]]],[[[-6.28515,43.57281],[-6.285,43.57292],[-6.28548,43.57291],[-6.28541,43.57282],[-6.28515,43.57281]]],[[[-6.39777,43.56061],[-6.39771,43.56077],[-6.39813,43.56075],[-6.3981,43.56064],[-6.39777,43.56061]]],[[[-6.94774,43.57454],[-6.94749,43.57473],[-6.94754,43.57482],[-6.94792,43.57453],[-6.94774,43.57454]]],[[[-4.73916,43.4166],[-4.73909,43.41685],[-4.73929,43.41689],[-4.73937,43.41666],[-4.73916,43.4166]]],[[[-6.86075,43.56827],[-6.86045,43.56836],[-6.86045,43.56845],[-6.86095,43.56832],[-6.86075,43.56827]]],[[[-6.84694,43.5654],[-6.84681,43.56555],[-6.84688,43.56571],[-6.84709,43.56543],[-6.84694,43.5654]]],[[[-6.38168,43.55725],[-6.38164,43.55748],[-6.38188,43.55741],[-6.38185,43.55724],[-6.38168,43.55725]]],[[[-6.78408,43.56351],[-6.78433,43.56381],[-6.78451,43.56381],[-6.78433,43.56361],[-6.78408,43.56351]]],[[[-6.8318,43.56643],[-6.83179,43.56662],[-6.83208,43.56657],[-6.83204,43.56644],[-6.8318,43.56643]]],[[[-6.03654,43.57998],[-6.03655,43.58017],[-6.03692,43.57988],[-6.03679,43.57986],[-6.03654,43.57998]]],[[[-6.32207,43.56459],[-6.32212,43.56482],[-6.32234,43.56478],[-6.32233,43.56458],[-6.32207,43.56459]]],[[[-6.34997,43.55297],[-6.35005,43.55312],[-6.35029,43.55318],[-6.35009,43.55288],[-6.34997,43.55297]]],[[[-6.41832,43.56072],[-6.41839,43.56091],[-6.41865,43.56092],[-6.41854,43.56074],[-6.41832,43.56072]]],[[[-5.8686,43.63343],[-5.86863,43.63363],[-5.86892,43.63331],[-5.86881,43.63327],[-5.8686,43.63343]]],[[[-6.74731,43.56671],[-6.74747,43.56701],[-6.74763,43.56702],[-6.74749,43.56676],[-6.74731,43.56671]]],[[[-6.16627,43.57279],[-6.16631,43.57306],[-6.16652,43.57297],[-6.16649,43.57277],[-6.16627,43.57279]]],[[[-6.32072,43.5657],[-6.32069,43.56596],[-6.32092,43.56594],[-6.32091,43.56579],[-6.32072,43.5657]]],[[[-6.81949,43.56418],[-6.81954,43.5643],[-6.81992,43.56444],[-6.81973,43.56421],[-6.81949,43.56418]]],[[[-6.37213,43.55856],[-6.3721,43.55876],[-6.37229,43.5588],[-6.37235,43.55858],[-6.37213,43.55856]]],[[[-5.85939,43.65961],[-5.85941,43.6598],[-5.85966,43.65982],[-5.85964,43.65963],[-5.85939,43.65961]]],[[[-6.02798,43.58672],[-6.02784,43.58678],[-6.02768,43.58685],[-6.02812,43.58689],[-6.02798,43.58672]]],[[[-6.35806,43.5562],[-6.35796,43.5564],[-6.35815,43.55645],[-6.35826,43.55623],[-6.35806,43.5562]]],[[[-6.1062,43.56248],[-6.10624,43.56264],[-6.10642,43.56284],[-6.10645,43.56258],[-6.1062,43.56248]]],[[[-6.17169,43.56933],[-6.17181,43.56959],[-6.17193,43.56958],[-6.17188,43.5693],[-6.17169,43.56933]]],[[[-6.02013,43.58805],[-6.01997,43.58819],[-6.01999,43.58829],[-6.02038,43.58802],[-6.02013,43.58805]]],[[[-5.96829,43.58112],[-5.96829,43.58122],[-5.9681,43.58138],[-5.96851,43.58109],[-5.96829,43.58112]]],[[[-6.62748,43.57281],[-6.62758,43.57296],[-6.62785,43.57278],[-6.62775,43.57272],[-6.62748,43.57281]]],[[[-6.85621,43.56909],[-6.85596,43.56922],[-6.85603,43.5694],[-6.8563,43.56918],[-6.85621,43.56909]]],[[[-6.18877,43.57994],[-6.18865,43.58027],[-6.18877,43.58031],[-6.18893,43.58003],[-6.18877,43.57994]]],[[[-5.83431,43.65034],[-5.83425,43.65057],[-5.83437,43.65066],[-5.83448,43.65028],[-5.83431,43.65034]]],[[[-6.98848,43.55745],[-6.98834,43.55751],[-6.98843,43.55767],[-6.98869,43.55744],[-6.98848,43.55745]]],[[[-6.3316,43.5623],[-6.33162,43.56251],[-6.3319,43.56232],[-6.33188,43.56228],[-6.3316,43.5623]]],[[[-6.41101,43.55851],[-6.41089,43.55866],[-6.41125,43.55859],[-6.4112,43.55849],[-6.41101,43.55851]]],[[[-6.87017,43.56952],[-6.87022,43.56973],[-6.87041,43.56968],[-6.8704,43.56951],[-6.87017,43.56952]]],[[[-6.4197,43.55883],[-6.41975,43.55907],[-6.41994,43.55895],[-6.4199,43.55884],[-6.4197,43.55883]]],[[[-6.35953,43.55357],[-6.35936,43.5538],[-6.35938,43.55389],[-6.35965,43.55367],[-6.35953,43.55357]]],[[[-6.40807,43.55886],[-6.40809,43.55906],[-6.40832,43.55905],[-6.40831,43.55884],[-6.40807,43.55886]]],[[[-6.15377,43.57091],[-6.1538,43.57114],[-6.15392,43.57119],[-6.154,43.57094],[-6.15377,43.57091]]],[[[-6.85415,43.56792],[-6.85398,43.56806],[-6.85392,43.56817],[-6.8543,43.56792],[-6.85415,43.56792]]],[[[-6.43989,43.55917],[-6.43995,43.55937],[-6.44016,43.55928],[-6.44002,43.55911],[-6.43989,43.55917]]],[[[-6.62644,43.57309],[-6.62653,43.57337],[-6.62671,43.57336],[-6.62663,43.57314],[-6.62644,43.57309]]],[[[-6.17312,43.56804],[-6.17301,43.56826],[-6.17341,43.568],[-6.17328,43.56799],[-6.17312,43.56804]]],[[[-6.41886,43.55645],[-6.41884,43.55663],[-6.41912,43.55665],[-6.41911,43.55649],[-6.41886,43.55645]]],[[[-6.37211,43.55805],[-6.37193,43.55816],[-6.37189,43.55828],[-6.37227,43.55816],[-6.37211,43.55805]]],[[[-6.29088,43.57317],[-6.29076,43.57325],[-6.29084,43.57342],[-6.29108,43.5733],[-6.29088,43.57317]]],[[[-6.30293,43.56512],[-6.30277,43.56523],[-6.30275,43.56532],[-6.30315,43.56519],[-6.30293,43.56512]]],[[[-6.02485,43.58755],[-6.02495,43.58778],[-6.02515,43.58768],[-6.02501,43.58754],[-6.02485,43.58755]]],[[[-6.02778,43.58758],[-6.02792,43.58771],[-6.02829,43.58764],[-6.02818,43.58758],[-6.02778,43.58758]]],[[[-6.2913,43.57113],[-6.29128,43.57138],[-6.29135,43.57144],[-6.2915,43.57125],[-6.2913,43.57113]]],[[[-6.08936,43.56395],[-6.08949,43.56417],[-6.08962,43.56413],[-6.08953,43.56387],[-6.08936,43.56395]]],[[[-6.27584,43.5763],[-6.27592,43.57647],[-6.27614,43.5764],[-6.27595,43.57624],[-6.27584,43.5763]]],[[[-6.03477,43.5835],[-6.03492,43.58382],[-6.03504,43.58376],[-6.03491,43.58349],[-6.03477,43.5835]]],[[[-6.39801,43.56105],[-6.39798,43.56122],[-6.39825,43.5612],[-6.39827,43.56101],[-6.39801,43.56105]]],[[[-6.33802,43.56187],[-6.33813,43.56208],[-6.33836,43.56204],[-6.33835,43.56199],[-6.33802,43.56187]]],[[[-5.77067,43.60852],[-5.77068,43.6086],[-5.77097,43.60874],[-5.77101,43.60855],[-5.77067,43.60852]]],[[[-6.02844,43.58673],[-6.02894,43.58678],[-6.02902,43.58669],[-6.02871,43.58667],[-6.02844,43.58673]]],[[[-6.41,43.56001],[-6.40999,43.56015],[-6.41029,43.56015],[-6.41026,43.56003],[-6.41,43.56001]]],[[[-6.95108,43.57091],[-6.95113,43.57111],[-6.95138,43.571],[-6.95137,43.5709],[-6.95108,43.57091]]],[[[-5.86226,43.64914],[-5.86201,43.64927],[-5.86198,43.64937],[-5.86242,43.64913],[-5.86226,43.64914]]],[[[-6.42429,43.55567],[-6.42426,43.55591],[-6.4245,43.55586],[-6.42443,43.55568],[-6.42429,43.55567]]],[[[-6.08987,43.56379],[-6.08998,43.56402],[-6.09013,43.564],[-6.09012,43.5638],[-6.08987,43.56379]]],[[[-6.27733,43.57507],[-6.27717,43.57518],[-6.27754,43.5752],[-6.2775,43.5751],[-6.27733,43.57507]]],[[[-6.78427,43.56394],[-6.78438,43.56419],[-6.78454,43.56419],[-6.78445,43.56397],[-6.78427,43.56394]]],[[[-5.87919,43.63055],[-5.87905,43.63065],[-5.87949,43.63053],[-5.87942,43.63045],[-5.87919,43.63055]]],[[[-6.03788,43.58174],[-6.03796,43.58191],[-6.03821,43.58188],[-6.03809,43.58172],[-6.03788,43.58174]]],[[[-6.81108,43.55625],[-6.81122,43.55613],[-6.81098,43.55598],[-6.81101,43.55623],[-6.81108,43.55625]]],[[[-6.78441,43.56327],[-6.78437,43.56331],[-6.78445,43.56355],[-6.78463,43.56331],[-6.78441,43.56327]]],[[[-6.19446,43.57854],[-6.19442,43.57874],[-6.19472,43.57858],[-6.19463,43.5785],[-6.19446,43.57854]]],[[[-6.86801,43.56967],[-6.86781,43.56983],[-6.86768,43.57],[-6.86802,43.56981],[-6.86801,43.56967]]],[[[-6.36757,43.55872],[-6.36754,43.5589],[-6.36762,43.55896],[-6.36777,43.55877],[-6.36757,43.55872]]],[[[-6.27573,43.5778],[-6.27567,43.57798],[-6.27595,43.57798],[-6.27589,43.5778],[-6.27573,43.5778]]],[[[-6.38864,43.55898],[-6.38864,43.55918],[-6.3889,43.55908],[-6.38885,43.55897],[-6.38864,43.55898]]],[[[-6.44037,43.55956],[-6.44042,43.55971],[-6.44062,43.55946],[-6.44051,43.55942],[-6.44037,43.55956]]],[[[-6.62798,43.57253],[-6.62788,43.57268],[-6.62822,43.57259],[-6.62818,43.5725],[-6.62798,43.57253]]],[[[-5.83446,43.64989],[-5.83461,43.65006],[-5.83472,43.64996],[-5.83472,43.64982],[-5.83446,43.64989]]],[[[-5.01293,43.45962],[-5.01292,43.45984],[-5.01318,43.4597],[-5.013,43.45961],[-5.01293,43.45962]]],[[[-6.08745,43.56426],[-6.08764,43.5643],[-6.08756,43.56405],[-6.08741,43.56403],[-6.08745,43.56426]]],[[[-6.81694,43.56077],[-6.81679,43.56093],[-6.81716,43.56079],[-6.81705,43.56074],[-6.81694,43.56077]]],[[[-6.81249,43.55738],[-6.81237,43.55745],[-6.8124,43.55758],[-6.81269,43.55745],[-6.81249,43.55738]]],[[[-6.43336,43.55572],[-6.43336,43.55586],[-6.43366,43.55588],[-6.43352,43.55572],[-6.43336,43.55572]]],[[[-5.89692,43.62655],[-5.89693,43.62687],[-5.89709,43.62691],[-5.89706,43.62654],[-5.89692,43.62655]]],[[[-5.867,43.66277],[-5.8669,43.66296],[-5.86697,43.66313],[-5.86714,43.66276],[-5.867,43.66277]]],[[[-5.86332,43.64953],[-5.86337,43.6497],[-5.86362,43.64967],[-5.8636,43.64956],[-5.86332,43.64953]]],[[[-6.14943,43.57142],[-6.14954,43.57162],[-6.14968,43.57161],[-6.14966,43.57142],[-6.14943,43.57142]]],[[[-6.14981,43.57207],[-6.14971,43.57227],[-6.14974,43.57238],[-6.14995,43.57212],[-6.14981,43.57207]]],[[[-6.4624,43.5696],[-6.46218,43.56974],[-6.46218,43.56979],[-6.46252,43.56972],[-6.4624,43.5696]]],[[[-6.36158,43.55349],[-6.36159,43.55368],[-6.36182,43.55357],[-6.36175,43.55347],[-6.36158,43.55349]]],[[[-6.41331,43.55905],[-6.41325,43.55924],[-6.41337,43.55928],[-6.41347,43.55905],[-6.41331,43.55905]]],[[[-6.01847,43.58827],[-6.01851,43.58849],[-6.0187,43.58833],[-6.01861,43.58825],[-6.01847,43.58827]]],[[[-6.03613,43.58023],[-6.03605,43.58041],[-6.03634,43.58026],[-6.03625,43.5802],[-6.03613,43.58023]]],[[[-6.16753,43.5692],[-6.16752,43.56938],[-6.1678,43.5692],[-6.16767,43.56916],[-6.16753,43.5692]]],[[[-5.91532,43.60857],[-5.91516,43.60872],[-5.91516,43.60883],[-5.91545,43.60853],[-5.91532,43.60857]]],[[[-5.87195,43.63353],[-5.87208,43.63374],[-5.87216,43.63369],[-5.87216,43.63349],[-5.87195,43.63353]]],[[[-6.08966,43.56335],[-6.08971,43.56354],[-6.08994,43.56341],[-6.08977,43.56329],[-6.08966,43.56335]]],[[[-6.36989,43.55922],[-6.36992,43.5594],[-6.37007,43.55942],[-6.37006,43.55919],[-6.36989,43.55922]]],[[[-6.16682,43.57225],[-6.16697,43.57241],[-6.16711,43.57225],[-6.16697,43.57221],[-6.16682,43.57225]]],[[[-6.19248,43.58232],[-6.19232,43.58252],[-6.19242,43.58257],[-6.19263,43.58231],[-6.19248,43.58232]]],[[[-5.90454,43.62504],[-5.90449,43.62515],[-5.90449,43.62527],[-5.90474,43.62507],[-5.90454,43.62504]]],[[[-6.43247,43.55509],[-6.43262,43.55519],[-6.43275,43.55513],[-6.43258,43.55497],[-6.43247,43.55509]]],[[[-5.86273,43.66298],[-5.86277,43.66317],[-5.86297,43.66316],[-5.86286,43.66297],[-5.86273,43.66298]]],[[[-5.77561,43.60918],[-5.77574,43.60935],[-5.7759,43.60931],[-5.7759,43.6092],[-5.77561,43.60918]]],[[[-6.81247,43.55682],[-6.81231,43.55696],[-6.81229,43.55703],[-6.81269,43.55677],[-6.81247,43.55682]]],[[[-6.37185,43.55958],[-6.3719,43.55978],[-6.37208,43.55962],[-6.37196,43.55956],[-6.37185,43.55958]]],[[[-6.62345,43.57145],[-6.62336,43.57158],[-6.62367,43.57145],[-6.62356,43.57141],[-6.62345,43.57145]]],[[[-6.87443,43.56455],[-6.87438,43.56474],[-6.87465,43.56466],[-6.87457,43.56455],[-6.87443,43.56455]]],[[[-6.78782,43.55752],[-6.78774,43.55776],[-6.78796,43.55768],[-6.78782,43.55752]]],[[[-6.18086,43.56591],[-6.18077,43.56602],[-6.18074,43.56624],[-6.18099,43.56588],[-6.18086,43.56591]]],[[[-6.39957,43.55912],[-6.39964,43.55928],[-6.39985,43.55922],[-6.39982,43.55911],[-6.39957,43.55912]]],[[[-6.16204,43.57066],[-6.16213,43.57083],[-6.16224,43.57056],[-6.16211,43.57054],[-6.16204,43.57066]]],[[[-6.87244,43.56561],[-6.87248,43.56577],[-6.87268,43.56577],[-6.8726,43.56561],[-6.87244,43.56561]]],[[[-6.3719,43.55758],[-6.37195,43.55773],[-6.37218,43.55769],[-6.37214,43.55759],[-6.3719,43.55758]]],[[[-6.16744,43.56948],[-6.16754,43.56962],[-6.16779,43.56956],[-6.16772,43.56949],[-6.16744,43.56948]]],[[[-6.44178,43.56073],[-6.44184,43.56085],[-6.44205,43.5608],[-6.44203,43.56069],[-6.44178,43.56073]]],[[[-6.40975,43.55977],[-6.40965,43.55994],[-6.40997,43.55982],[-6.40996,43.55973],[-6.40975,43.55977]]],[[[-6.86513,43.57067],[-6.86522,43.57084],[-6.86535,43.57082],[-6.86532,43.57063],[-6.86513,43.57067]]],[[[-5.86248,43.64372],[-5.86252,43.64389],[-5.86273,43.64367],[-5.86259,43.64366],[-5.86248,43.64372]]],[[[-6.39582,43.5618],[-6.39595,43.56191],[-6.39611,43.56182],[-6.39608,43.56173],[-6.39582,43.5618]]],[[[-6.44511,43.56348],[-6.44492,43.5636],[-6.4449,43.56366],[-6.44527,43.5635],[-6.44511,43.56348]]],[[[-6.8718,43.56622],[-6.87188,43.56634],[-6.87209,43.56615],[-6.87204,43.56609],[-6.8718,43.56622]]],[[[-6.87751,43.56472],[-6.87767,43.5648],[-6.87782,43.56471],[-6.87763,43.56461],[-6.87751,43.56472]]],[[[-6.27749,43.57469],[-6.27766,43.57484],[-6.27778,43.57478],[-6.27773,43.57468],[-6.27749,43.57469]]],[[[-5.86631,43.64381],[-5.86626,43.64395],[-5.86649,43.64392],[-5.86644,43.64374],[-5.86631,43.64381]]],[[[-6.3705,43.55974],[-6.37052,43.5599],[-6.37071,43.55983],[-6.37066,43.55971],[-6.3705,43.55974]]],[[[-6.08007,43.56651],[-6.08016,43.56667],[-6.08027,43.56641],[-6.08013,43.5664],[-6.08007,43.56651]]],[[[-6.01961,43.58844],[-6.0197,43.58857],[-6.01985,43.58839],[-6.01973,43.58834],[-6.01961,43.58844]]],[[[-6.10497,43.56224],[-6.10496,43.56249],[-6.10508,43.5625],[-6.10509,43.56219],[-6.10497,43.56224]]],[[[-6.85343,43.56762],[-6.85345,43.56779],[-6.85367,43.56771],[-6.85354,43.56761],[-6.85343,43.56762]]],[[[-6.4188,43.55962],[-6.41886,43.55976],[-6.41908,43.55967],[-6.41899,43.55959],[-6.4188,43.55962]]],[[[-5.88981,43.62767],[-5.88974,43.62776],[-5.8897,43.62786],[-5.88999,43.62774],[-5.88981,43.62767]]],[[[-6.85234,43.56614],[-6.85231,43.56633],[-6.85249,43.56628],[-6.85248,43.56614],[-6.85234,43.56614]]],[[[-6.85462,43.57089],[-6.85458,43.57105],[-6.85473,43.57106],[-6.8548,43.57087],[-6.85462,43.57089]]],[[[-5.86706,43.66232],[-5.86715,43.66255],[-5.86725,43.66247],[-5.86717,43.66228],[-5.86706,43.66232]]],[[[-6.17491,43.56897],[-6.17485,43.56909],[-6.17488,43.56921],[-6.17507,43.56906],[-6.17491,43.56897]]],[[[-6.44383,43.56141],[-6.4439,43.56155],[-6.44406,43.56142],[-6.44398,43.56135],[-6.44383,43.56141]]],[[[-6.87558,43.56479],[-6.87552,43.56494],[-6.87559,43.56502],[-6.87572,43.56484],[-6.87558,43.56479]]],[[[-6.43213,43.55447],[-6.43211,43.55463],[-6.43236,43.55454],[-6.43231,43.55446],[-6.43213,43.55447]]],[[[-6.43743,43.55954],[-6.43748,43.55962],[-6.43768,43.55956],[-6.4375,43.55943],[-6.43743,43.55954]]],[[[-6.16712,43.5697],[-6.16716,43.5698],[-6.16753,43.56979],[-6.16727,43.56969],[-6.16712,43.5697]]],[[[-6.2961,43.57096],[-6.29614,43.57109],[-6.29635,43.57102],[-6.29628,43.57091],[-6.2961,43.57096]]],[[[-6.37935,43.55794],[-6.37934,43.55813],[-6.37953,43.55794],[-6.37946,43.5579],[-6.37935,43.55794]]],[[[-6.4375,43.55905],[-6.43741,43.55918],[-6.43762,43.5592],[-6.43764,43.55904],[-6.4375,43.55905]]],[[[-6.38012,43.55969],[-6.38023,43.55982],[-6.38037,43.5597],[-6.38018,43.55962],[-6.38012,43.55969]]],[[[-6.41688,43.55882],[-6.41694,43.55894],[-6.41714,43.55882],[-6.41709,43.55873],[-6.41688,43.55882]]],[[[-6.84777,43.56493],[-6.8477,43.56497],[-6.84769,43.56518],[-6.84789,43.56501],[-6.84777,43.56493]]],[[[-5.86037,43.65499],[-5.8603,43.65514],[-5.86056,43.65507],[-5.86051,43.65499],[-5.86037,43.65499]]],[[[-6.43992,43.56037],[-6.4398,43.56047],[-6.43988,43.5606],[-6.44006,43.56042],[-6.43992,43.56037]]],[[[-5.83457,43.64957],[-5.83473,43.6497],[-5.83484,43.6496],[-5.83465,43.64951],[-5.83457,43.64957]]],[[[-6.10749,43.56265],[-6.10756,43.56278],[-6.10766,43.56285],[-6.1077,43.56265],[-6.10749,43.56265]]],[[[-6.18287,43.56481],[-6.18277,43.56502],[-6.18283,43.56507],[-6.183,43.56478],[-6.18287,43.56481]]],[[[-6.44454,43.56113],[-6.4444,43.5613],[-6.44443,43.56137],[-6.44465,43.56121],[-6.44454,43.56113]]],[[[-5.79293,43.63336],[-5.79292,43.63348],[-5.79308,43.63352],[-5.79307,43.63332],[-5.79293,43.63336]]],[[[-6.02082,43.58786],[-6.02075,43.58794],[-6.02098,43.58803],[-6.02102,43.58794],[-6.02082,43.58786]]],[[[-6.0232,43.58793],[-6.02329,43.58807],[-6.02342,43.58811],[-6.0234,43.58792],[-6.0232,43.58793]]],[[[-6.76293,43.56835],[-6.76295,43.56866],[-6.763,43.56867],[-6.76302,43.56835],[-6.76293,43.56835]]],[[[-6.29145,43.5735],[-6.29139,43.57363],[-6.29156,43.57367],[-6.2916,43.57352],[-6.29145,43.5735]]],[[[-6.09225,43.56117],[-6.09236,43.56138],[-6.09246,43.56132],[-6.09236,43.56113],[-6.09225,43.56117]]],[[[-6.17084,43.56957],[-6.17081,43.5697],[-6.17088,43.56978],[-6.17103,43.56958],[-6.17084,43.56957]]],[[[-6.17942,43.56762],[-6.17948,43.56775],[-6.1796,43.56749],[-6.17947,43.56748],[-6.17942,43.56762]]],[[[-6.3693,43.55884],[-6.36932,43.55897],[-6.3695,43.5589],[-6.36944,43.55881],[-6.3693,43.55884]]],[[[-6.94764,43.57507],[-6.94779,43.57509],[-6.94789,43.57495],[-6.94768,43.57492],[-6.94764,43.57507]]],[[[-6.3704,43.56005],[-6.37044,43.56022],[-6.37061,43.56014],[-6.37055,43.56005],[-6.3704,43.56005]]],[[[-6.13977,43.56569],[-6.13989,43.56582],[-6.14001,43.56563],[-6.13988,43.56562],[-6.13977,43.56569]]],[[[-6.87155,43.5662],[-6.8715,43.56636],[-6.87157,43.56644],[-6.87168,43.56639],[-6.87155,43.5662]]],[[[-5.86361,43.64934],[-5.8637,43.64946],[-5.86383,43.64928],[-5.86369,43.64925],[-5.86361,43.64934]]],[[[-6.43455,43.5572],[-6.4345,43.55734],[-6.43465,43.5574],[-6.4347,43.55727],[-6.43455,43.5572]]],[[[-5.86352,43.66144],[-5.86373,43.66153],[-5.8638,43.66145],[-5.86356,43.66136],[-5.86352,43.66144]]],[[[-6.16709,43.57001],[-6.16703,43.57012],[-6.16706,43.57021],[-6.16724,43.57007],[-6.16709,43.57001]]],[[[-5.86444,43.66541],[-5.86468,43.66548],[-5.86473,43.6654],[-5.86448,43.66533],[-5.86444,43.66541]]],[[[-6.09169,43.562],[-6.09176,43.56218],[-6.09186,43.56212],[-6.0918,43.56192],[-6.09169,43.562]]],[[[-6.10556,43.56314],[-6.10578,43.5632],[-6.10586,43.56313],[-6.10562,43.56305],[-6.10556,43.56314]]],[[[-6.03448,43.58485],[-6.0346,43.585],[-6.03467,43.58494],[-6.03452,43.58476],[-6.03448,43.58485]]],[[[-6.16685,43.57137],[-6.16698,43.57149],[-6.16704,43.57139],[-6.16687,43.57125],[-6.16685,43.57137]]],[[[-6.03255,43.58459],[-6.03273,43.58473],[-6.03283,43.58465],[-6.03263,43.58452],[-6.03255,43.58459]]],[[[-6.44077,43.55963],[-6.44073,43.5598],[-6.44093,43.55977],[-6.44093,43.55966],[-6.44077,43.55963]]],[[[-6.44367,43.55987],[-6.44365,43.56001],[-6.44387,43.55994],[-6.44381,43.55985],[-6.44367,43.55987]]],[[[-6.86701,43.57043],[-6.86705,43.57057],[-6.86722,43.57052],[-6.86714,43.5704],[-6.86701,43.57043]]],[[[-6.17556,43.56848],[-6.17551,43.5686],[-6.17555,43.56869],[-6.1757,43.56854],[-6.17556,43.56848]]],[[[-5.85933,43.65677],[-5.85925,43.6569],[-5.85959,43.65676],[-5.85946,43.65672],[-5.85933,43.65677]]],[[[-6.08944,43.56367],[-6.08948,43.56375],[-6.08973,43.56367],[-6.08951,43.56359],[-6.08944,43.56367]]],[[[-6.17729,43.56865],[-6.1772,43.56876],[-6.17759,43.56864],[-6.17744,43.56862],[-6.17729,43.56865]]],[[[-6.44424,43.56084],[-6.44412,43.56096],[-6.44413,43.56101],[-6.44439,43.56085],[-6.44424,43.56084]]],[[[-5.86511,43.66547],[-5.8653,43.66559],[-5.8654,43.66551],[-5.86522,43.6654],[-5.86511,43.66547]]],[[[-6.43908,43.55918],[-6.43927,43.55924],[-6.43943,43.55919],[-6.43908,43.55912],[-6.43908,43.55918]]],[[[-6.44504,43.56265],[-6.44493,43.56275],[-6.44491,43.56284],[-6.44515,43.56262],[-6.44504,43.56265]]],[[[-6.10677,43.55865],[-6.10681,43.55884],[-6.10694,43.55884],[-6.10689,43.55863],[-6.10677,43.55865]]],[[[-6.02361,43.58716],[-6.02367,43.58726],[-6.02387,43.58712],[-6.02374,43.58712],[-6.02361,43.58716]]],[[[-6.37115,43.55935],[-6.37123,43.55951],[-6.37135,43.55942],[-6.37129,43.55935],[-6.37115,43.55935]]],[[[-6.3587,43.55374],[-6.35869,43.55386],[-6.35893,43.55378],[-6.35879,43.55372],[-6.3587,43.55374]]],[[[-6.37017,43.55966],[-6.37033,43.55973],[-6.37044,43.55959],[-6.37027,43.55958],[-6.37017,43.55966]]],[[[-6.43116,43.55373],[-6.43116,43.55384],[-6.4314,43.55381],[-6.43134,43.55371],[-6.43116,43.55373]]],[[[-5.7013,43.57414],[-5.7011,43.57418],[-5.70114,43.57429],[-5.7013,43.57426],[-5.7013,43.57414]]],[[[-6.11136,43.55842],[-6.11143,43.55865],[-6.11153,43.5586],[-6.11149,43.5584],[-6.11136,43.55842]]],[[[-5.85465,43.65811],[-5.85479,43.6582],[-5.85483,43.65801],[-5.8547,43.658],[-5.85465,43.65811]]],[[[-6.01899,43.58795],[-6.01909,43.58803],[-6.0192,43.58786],[-6.01906,43.58784],[-6.01899,43.58795]]],[[[-6.17582,43.56903],[-6.17593,43.56916],[-6.17598,43.56898],[-6.17586,43.56894],[-6.17582,43.56903]]],[[[-5.86057,43.66058],[-5.86052,43.66067],[-5.86077,43.6607],[-5.86075,43.6606],[-5.86057,43.66058]]],[[[-6.44029,43.56155],[-6.44029,43.56164],[-6.4405,43.56166],[-6.44049,43.56154],[-6.44029,43.56155]]],[[[-5.85841,43.65589],[-5.85839,43.65602],[-5.85862,43.65593],[-5.85854,43.65585],[-5.85841,43.65589]]],[[[-6.44396,43.56333],[-6.44411,43.56338],[-6.44414,43.56327],[-6.444,43.56316],[-6.44396,43.56333]]],[[[-5.83348,43.65458],[-5.83368,43.65458],[-5.83369,43.65445],[-5.83348,43.65443],[-5.83348,43.65458]]],[[[-6.09963,43.56056],[-6.09974,43.56065],[-6.0998,43.56045],[-6.09965,43.56045],[-6.09963,43.56056]]],[[[-5.90024,43.62884],[-5.90031,43.62892],[-5.9004,43.62899],[-5.9004,43.62875],[-5.90024,43.62884]]],[[[-6.29102,43.57375],[-6.291,43.57385],[-6.29118,43.57389],[-6.29122,43.57375],[-6.29102,43.57375]]],[[[-5.88103,43.63094],[-5.8811,43.63104],[-5.88127,43.63088],[-5.88114,43.63087],[-5.88103,43.63094]]],[[[-6.36964,43.55939],[-6.36966,43.55957],[-6.36969,43.5596],[-6.36979,43.55941],[-6.36964,43.55939]]],[[[-5.85808,43.65655],[-5.85806,43.6567],[-5.85826,43.65658],[-5.85814,43.65654],[-5.85808,43.65655]]],[[[-6.19113,43.57998],[-6.19109,43.58013],[-6.19119,43.58019],[-6.19126,43.57998],[-6.19113,43.57998]]],[[[-5.86506,43.66392],[-5.86513,43.664],[-5.86526,43.66388],[-5.86509,43.66382],[-5.86506,43.66392]]],[[[-5.85895,43.6552],[-5.85905,43.65531],[-5.85912,43.65513],[-5.85899,43.65512],[-5.85895,43.6552]]],[[[-6.17524,43.56917],[-6.17515,43.56928],[-6.17518,43.56937],[-6.17535,43.56912],[-6.17524,43.56917]]],[[[-6.4343,43.55701],[-6.43427,43.55712],[-6.43442,43.55718],[-6.43448,43.55705],[-6.4343,43.55701]]],[[[-6.85326,43.57065],[-6.85318,43.57083],[-6.85328,43.57091],[-6.85334,43.57061],[-6.85326,43.57065]]],[[[-6.44026,43.56024],[-6.44019,43.56036],[-6.44025,43.56043],[-6.44041,43.56025],[-6.44026,43.56024]]],[[[-6.4374,43.56015],[-6.43758,43.56023],[-6.43766,43.56018],[-6.4375,43.56008],[-6.4374,43.56015]]],[[[-6.41737,43.5588],[-6.41734,43.55895],[-6.41753,43.55881],[-6.41749,43.55875],[-6.41737,43.5588]]],[[[-6.42,43.55867],[-6.42008,43.55874],[-6.42025,43.55866],[-6.42012,43.55858],[-6.42,43.55867]]],[[[-6.119,43.5582],[-6.11904,43.5583],[-6.11918,43.55829],[-6.11913,43.55813],[-6.119,43.5582]]],[[[-6.17781,43.5686],[-6.17789,43.56871],[-6.17803,43.56854],[-6.1779,43.56852],[-6.17781,43.5686]]],[[[-6.41903,43.56137],[-6.41902,43.56149],[-6.4192,43.56138],[-6.41913,43.56132],[-6.41903,43.56137]]],[[[-6.36976,43.55979],[-6.36972,43.55991],[-6.36988,43.55993],[-6.36987,43.55978],[-6.36976,43.55979]]],[[[-5.7008,43.57359],[-5.70073,43.5737],[-5.70096,43.57363],[-5.70087,43.57355],[-5.7008,43.57359]]],[[[-6.43814,43.56005],[-6.43826,43.56016],[-6.43835,43.5601],[-6.43822,43.55999],[-6.43814,43.56005]]],[[[-5.86681,43.6636],[-5.86689,43.6637],[-5.867,43.66357],[-5.8669,43.66351],[-5.86681,43.6636]]],[[[-6.87472,43.56428],[-6.87466,43.56441],[-6.87488,43.56437],[-6.87482,43.56428],[-6.87472,43.56428]]],[[[-6.41145,43.55877],[-6.41157,43.55892],[-6.41165,43.55889],[-6.41157,43.55877],[-6.41145,43.55877]]],[[[-6.03037,43.5898],[-6.03036,43.58992],[-6.03054,43.58986],[-6.0305,43.58978],[-6.03037,43.5898]]],[[[-5.89656,43.627],[-5.89663,43.62709],[-5.89672,43.62704],[-5.89668,43.62691],[-5.89656,43.627]]],[[[-5.88058,43.6308],[-5.88065,43.63091],[-5.88075,43.63073],[-5.88063,43.6307],[-5.88058,43.6308]]],[[[-6.139,43.56535],[-6.13895,43.56536],[-6.13885,43.56544],[-6.13914,43.56532],[-6.139,43.56535]]],[[[-6.43876,43.55945],[-6.43868,43.55951],[-6.43865,43.55962],[-6.43887,43.55953],[-6.43876,43.55945]]],[[[-5.69709,43.57399],[-5.6972,43.57392],[-5.69692,43.5739],[-5.69692,43.57394],[-5.69709,43.57399]]],[[[-6.19079,43.57996],[-6.19074,43.58008],[-6.19083,43.58014],[-6.19092,43.57996],[-6.19079,43.57996]]],[[[-6.41266,43.55881],[-6.41271,43.55896],[-6.41283,43.55888],[-6.41275,43.55881],[-6.41266,43.55881]]],[[[-5.86315,43.65343],[-5.86313,43.65355],[-5.86334,43.65343],[-5.86325,43.65336],[-5.86315,43.65343]]],[[[-6.37083,43.55911],[-6.37089,43.5592],[-6.37101,43.55918],[-6.37101,43.55907],[-6.37083,43.55911]]],[[[-6.8721,43.56641],[-6.87219,43.56655],[-6.87227,43.56645],[-6.87225,43.56641],[-6.8721,43.56641]]],[[[-6.87474,43.56451],[-6.87472,43.56462],[-6.8748,43.56468],[-6.87486,43.56452],[-6.87474,43.56451]]],[[[-6.13907,43.56558],[-6.13912,43.56567],[-6.1393,43.56557],[-6.13918,43.56553],[-6.13907,43.56558]]],[[[-6.0806,43.56629],[-6.08069,43.56638],[-6.0808,43.56636],[-6.08081,43.56626],[-6.0806,43.56629]]],[[[-5.86139,43.66548],[-5.86142,43.66557],[-5.86156,43.66558],[-5.86141,43.66538],[-5.86139,43.66548]]],[[[-6.02463,43.58649],[-6.02468,43.58657],[-6.02487,43.58643],[-6.02472,43.58643],[-6.02463,43.58649]]],[[[-6.10501,43.56281],[-6.10508,43.56292],[-6.10518,43.56276],[-6.10506,43.56272],[-6.10501,43.56281]]],[[[-6.44416,43.56015],[-6.44428,43.56021],[-6.44433,43.56009],[-6.44427,43.56001],[-6.44416,43.56015]]],[[[-6.03366,43.58842],[-6.03365,43.58851],[-6.03388,43.58841],[-6.03378,43.58836],[-6.03366,43.58842]]],[[[-6.12798,43.56094],[-6.12799,43.56106],[-6.12809,43.56112],[-6.12812,43.56092],[-6.12798,43.56094]]],[[[-6.0194,43.58763],[-6.0194,43.5877],[-6.01962,43.58761],[-6.0195,43.58756],[-6.0194,43.58763]]],[[[-6.39771,43.56099],[-6.39778,43.56112],[-6.39793,43.56103],[-6.39789,43.561],[-6.39771,43.56099]]],[[[-6.08084,43.56641],[-6.08083,43.5665],[-6.08108,43.56644],[-6.08098,43.56638],[-6.08084,43.56641]]],[[[-6.08306,43.56712],[-6.08321,43.56713],[-6.08319,43.56704],[-6.08306,43.56699],[-6.08306,43.56712]]],[[[-6.41561,43.56177],[-6.4156,43.56191],[-6.41573,43.56184],[-6.41568,43.56176],[-6.41561,43.56177]]],[[[-6.43795,43.55982],[-6.43804,43.55986],[-6.43806,43.5597],[-6.43792,43.55969],[-6.43795,43.55982]]],[[[-6.4382,43.55947],[-6.43824,43.5596],[-6.43836,43.55958],[-6.43832,43.55947],[-6.4382,43.55947]]],[[[-5.89729,43.62675],[-5.89719,43.62683],[-5.89747,43.62671],[-5.89729,43.62675]]],[[[-6.11177,43.55815],[-6.11176,43.55825],[-6.11186,43.55832],[-6.11189,43.55814],[-6.11177,43.55815]]],[[[-6.39132,43.55989],[-6.39134,43.56004],[-6.3915,43.56001],[-6.39146,43.55992],[-6.39132,43.55989]]],[[[-6.41832,43.55881],[-6.41834,43.55892],[-6.41849,43.55883],[-6.41838,43.55878],[-6.41832,43.55881]]],[[[-6.38159,43.55787],[-6.38158,43.55798],[-6.38172,43.55803],[-6.38172,43.55789],[-6.38159,43.55787]]],[[[-6.44263,43.56021],[-6.44271,43.56027],[-6.44283,43.56022],[-6.44269,43.56012],[-6.44263,43.56021]]],[[[-6.43922,43.56103],[-6.43935,43.5611],[-6.4394,43.561],[-6.43927,43.56097],[-6.43922,43.56103]]],[[[-5.01311,43.46015],[-5.01326,43.46021],[-5.01332,43.46017],[-5.01316,43.46008],[-5.01311,43.46015]]],[[[-6.36766,43.55658],[-6.36762,43.55666],[-6.36773,43.55672],[-6.36778,43.55659],[-6.36766,43.55658]]],[[[-5.86547,43.66437],[-5.86551,43.6645],[-5.86561,43.66443],[-5.8656,43.66432],[-5.86547,43.66437]]],[[[-6.87494,43.56473],[-6.87498,43.56485],[-6.8751,43.56483],[-6.87507,43.56475],[-6.87494,43.56473]]],[[[-6.44476,43.56261],[-6.44484,43.56268],[-6.44494,43.56264],[-6.44484,43.56253],[-6.44476,43.56261]]],[[[-6.10012,43.56069],[-6.10008,43.56078],[-6.10017,43.56084],[-6.10025,43.56065],[-6.10012,43.56069]]],[[[-6.13549,43.56495],[-6.13547,43.56495],[-6.13536,43.565],[-6.13562,43.56491],[-6.13549,43.56495]]],[[[-6.10664,43.55851],[-6.10669,43.5586],[-6.10687,43.5585],[-6.10673,43.55849],[-6.10664,43.55851]]],[[[-6.11871,43.55806],[-6.11868,43.55817],[-6.11884,43.55805],[-6.11871,43.55806]]],[[[-6.13871,43.56557],[-6.13873,43.56567],[-6.13886,43.56566],[-6.13888,43.56556],[-6.13871,43.56557]]],[[[-6.10075,43.56078],[-6.10086,43.56087],[-6.10091,43.56076],[-6.10083,43.56069],[-6.10075,43.56078]]],[[[-6.12324,43.56036],[-6.12334,43.56045],[-6.1234,43.56036],[-6.12334,43.56027],[-6.12324,43.56036]]],[[[-5.8619,43.6491],[-5.86188,43.64919],[-5.86211,43.6491],[-5.86202,43.64905],[-5.8619,43.6491]]],[[[-6.12795,43.56142],[-6.12794,43.56152],[-6.12803,43.56158],[-6.12805,43.56139],[-6.12795,43.56142]]],[[[-6.44225,43.56005],[-6.44236,43.56008],[-6.44242,43.56001],[-6.44228,43.55994],[-6.44225,43.56005]]],[[[-6.43873,43.55894],[-6.43876,43.55904],[-6.43888,43.55906],[-6.43882,43.55893],[-6.43873,43.55894]]],[[[-6.35891,43.55386],[-6.35898,43.55395],[-6.35908,43.55386],[-6.35897,43.55382],[-6.35891,43.55386]]],[[[-6.11487,43.55759],[-6.11495,43.55767],[-6.11507,43.55767],[-6.11499,43.55756],[-6.11487,43.55759]]],[[[-6.43867,43.55911],[-6.43876,43.55921],[-6.43888,43.55918],[-6.43883,43.55914],[-6.43867,43.55911]]],[[[-6.10738,43.56216],[-6.10752,43.56219],[-6.10751,43.56209],[-6.10739,43.56207],[-6.10738,43.56216]]],[[[-5.86272,43.66273],[-5.86285,43.66277],[-5.86286,43.66266],[-5.86274,43.66262],[-5.86272,43.66273]]],[[[-6.43343,43.5573],[-6.43343,43.55739],[-6.43354,43.55738],[-6.43356,43.55729],[-6.43343,43.5573]]],[[[-5.86174,43.66548],[-5.86179,43.66557],[-5.86192,43.66558],[-5.86187,43.66546],[-5.86174,43.66548]]],[[[-6.08287,43.56679],[-6.08298,43.56684],[-6.08303,43.56676],[-6.08292,43.5667],[-6.08287,43.56679]]],[[[-6.42981,43.55391],[-6.42985,43.55397],[-6.42997,43.5539],[-6.4299,43.55383],[-6.42981,43.55391]]],[[[-6.12632,43.56075],[-6.12645,43.56078],[-6.12645,43.56067],[-6.12633,43.56065],[-6.12632,43.56075]]],[[[-6.43865,43.55924],[-6.43858,43.5593],[-6.43877,43.55931],[-6.43877,43.55927],[-6.43865,43.55924]]],[[[-6.12802,43.56069],[-6.12801,43.56072],[-6.12811,43.56079],[-6.1281,43.5606],[-6.12802,43.56069]]],[[[-6.44388,43.56293],[-6.44393,43.56299],[-6.44402,43.5629],[-6.44391,43.56288],[-6.44388,43.56293]]],[[[-6.41721,43.5588],[-6.41716,43.55883],[-6.41719,43.55892],[-6.41731,43.55881],[-6.41721,43.5588]]],[[[-6.4386,43.55781],[-6.43867,43.55787],[-6.43874,43.55779],[-6.43865,43.55772],[-6.4386,43.55781]]],[[[-6.11487,43.55739],[-6.11493,43.55746],[-6.11505,43.55741],[-6.11498,43.55733],[-6.11487,43.55739]]],[[[-6.43854,43.55756],[-6.43863,43.55761],[-6.4387,43.55755],[-6.43863,43.55748],[-6.43854,43.55756]]],[[[-6.03332,43.58866],[-6.03339,43.58873],[-6.03348,43.58866],[-6.03343,43.58858],[-6.03332,43.58866]]],[[[-6.13765,43.56589],[-6.13778,43.56594],[-6.13761,43.5658],[-6.13765,43.56589]]],[[[-6.35919,43.55394],[-6.35915,43.55396],[-6.35916,43.55405],[-6.3593,43.55396],[-6.35919,43.55394]]],[[[-6.439,43.55933],[-6.43906,43.55943],[-6.43913,43.55936],[-6.43906,43.55931],[-6.439,43.55933]]],[[[-6.13533,43.56519],[-6.13545,43.56522],[-6.13552,43.56513],[-6.13538,43.56512],[-6.13533,43.56519]]],[[[-5.9702,43.58077],[-5.97028,43.58084],[-5.9704,43.5808],[-5.9703,43.58074],[-5.9702,43.58077]]],[[[-6.43841,43.55943],[-6.43861,43.55945],[-6.43866,43.55944],[-6.43852,43.55938],[-6.43841,43.55943]]],[[[-6.10641,43.56228],[-6.10641,43.56234],[-6.10655,43.56232],[-6.10653,43.56222],[-6.10641,43.56228]]],[[[-6.44289,43.55922],[-6.44288,43.55931],[-6.44296,43.5593],[-6.44298,43.55921],[-6.44289,43.55922]]],[[[-6.11151,43.55805],[-6.1116,43.55809],[-6.11162,43.558],[-6.11155,43.55794],[-6.11151,43.55805]]],[[[-6.44433,43.56032],[-6.44436,43.56041],[-6.44444,43.56038],[-6.44442,43.56031],[-6.44433,43.56032]]],[[[-6.1191,43.55797],[-6.11915,43.55806],[-6.11928,43.55802],[-6.11917,43.55796],[-6.1191,43.55797]]],[[[-6.11035,43.55776],[-6.11034,43.55782],[-6.11046,43.55783],[-6.11046,43.55773],[-6.11035,43.55776]]],[[[-6.44022,43.56051],[-6.4403,43.56057],[-6.44036,43.56049],[-6.44029,43.56048],[-6.44022,43.56051]]],[[[-6.44014,43.56073],[-6.44025,43.56072],[-6.4402,43.56063],[-6.44014,43.56073]]],[[[-6.43883,43.55937],[-6.43887,43.55942],[-6.43893,43.55937],[-6.43887,43.55932],[-6.43883,43.55937]]],[[[-6.44301,43.5593],[-6.44306,43.55939],[-6.4431,43.55935],[-6.44306,43.5593],[-6.44301,43.5593]]],[[[-6.13058,43.56053],[-6.13069,43.56048],[-6.13056,43.56044],[-6.13058,43.56053]]],[[[-6.12838,43.56118],[-6.12843,43.56127],[-6.1285,43.56119],[-6.12838,43.56117],[-6.12838,43.56118]]],[[[-6.44017,43.56089],[-6.44017,43.56095],[-6.44025,43.56094],[-6.44024,43.5609],[-6.44017,43.56089]]],[[[-6.11483,43.55779],[-6.11494,43.55782],[-6.11491,43.55773],[-6.11483,43.55779]]],[[[-6.4402,43.56083],[-6.4402,43.56086],[-6.44029,43.56086],[-6.44025,43.56081],[-6.4402,43.56083]]]]},"properties":{"code":"ES-33","nom":"Asturias","country":"ES"}},{"type":"Feature","geometry":{"type":"MultiPolygon","coordinates":[[[[-7.6803,43.78714],[-7.72545,43.74675],[-7.81257,43.72658],[-7.82956,43.71007],[-7.81493,43.69514],[-7.83885,43.6962],[-7.83404,43.71106],[-7.86048,43.70674],[-7.86824,43.6979],[-7.84697,43.6682],[-7.90448,43.67135],[-7.87186,43.67199],[-7.892,43.68475],[-7.86935,43.70717],[-7.87602,43.72328],[-7.84927,43.71031],[-7.87203,43.73545],[-7.85922,43.75996],[-7.85927,43.76352],[-7.86336,43.76609],[-7.86821,43.77167],[-7.86835,43.77355],[-7.90446,43.76986],[-7.92207,43.74753],[-7.92274,43.74323],[-7.94657,43.74406],[-8.00039,43.70511],[-8.02557,43.70914],[-8.03298,43.71459],[-8.06414,43.70406],[-8.06344,43.69751],[-8.0684,43.69583],[-8.06663,43.68262],[-8.07579,43.68288],[-8.07589,43.66027],[-8.05387,43.64894],[-8.07729,43.64421],[-8.08682,43.66148],[-8.09329,43.66662],[-8.15551,43.61528],[-8.18843,43.62113],[-8.19246,43.60308],[-8.26008,43.5579],[-8.32207,43.56523],[-8.29632,43.53502],[-8.33227,43.51304],[-8.31969,43.49804],[-8.34109,43.45837],[-8.26619,43.46771],[-8.24733,43.49333],[-8.24859,43.47619],[-8.20048,43.47718],[-8.15137,43.51749],[-8.15232,43.50409],[-8.17003,43.49846],[-8.1696,43.48052],[-8.20147,43.46007],[-8.25492,43.46618],[-8.31656,43.44501],[-8.2797,43.43662],[-8.25937,43.41786],[-8.23317,43.42929],[-8.1737,43.41989],[-8.22305,43.38689],[-8.20882,43.32784],[-8.30686,43.40567],[-8.35529,43.39035],[-8.33779,43.37695],[-8.35607,43.34354],[-8.38704,43.33948],[-8.37844,43.35727],[-8.40402,43.36368],[-8.37429,43.36505],[-8.40077,43.38997],[-8.40886,43.36926],[-8.43976,43.3815],[-8.45674,43.35981],[-8.4933,43.36039],[-8.50587,43.33063],[-8.53503,43.31596],[-8.56811,43.31178],[-8.60401,43.31782],[-8.60718,43.32234],[-8.71159,43.28997],[-8.72591,43.29893],[-8.74772,43.2943],[-8.785,43.30386],[-8.8412,43.34528],[-8.84833,43.31956],[-8.87553,43.3125],[-8.9118,43.32092],[-8.90657,43.30608],[-8.91146,43.30304],[-8.9064,43.29418],[-8.92772,43.28198],[-8.95679,43.29374],[-8.98481,43.28231],[-8.99129,43.27474],[-8.97686,43.26199],[-8.95276,43.26347],[-8.93975,43.22687],[-8.9809,43.22935],[-8.99599,43.21627],[-9.01286,43.23346],[-9.05968,43.18497],[-9.09067,43.18062],[-9.09849,43.19313],[-9.09828,43.18988],[-9.09997,43.1874],[-9.10697,43.18531],[-9.15013,43.19537],[-9.16136,43.18327],[-9.17455,43.19156],[-9.18021,43.16831],[-9.19929,43.15436],[-9.21408,43.16185],[-9.19273,43.12209],[-9.16448,43.15267],[-9.16713,43.10546],[-9.19038,43.09008],[-9.19841,43.10398],[-9.2202,43.11399],[-9.22101,43.08843],[-9.25776,43.09069],[-9.24954,43.07146],[-9.26192,43.04858],[-9.30139,43.04942],[-9.25723,43.00245],[-9.29792,42.92308],[-9.27553,42.91034],[-9.27327,42.88006],[-9.26268,42.9193],[-9.23328,42.92684],[-9.23332,42.94092],[-9.18905,42.91531],[-9.19099,42.9519],[-9.17278,42.9443],[-9.16077,42.91188],[-9.12548,42.90561],[-9.15022,42.87215],[-9.14562,42.8672],[-9.13824,42.84986],[-9.10819,42.8355],[-9.11218,42.81299],[-9.15105,42.79805],[-9.14059,42.7961],[-9.13457,42.7907],[-9.11567,42.75413],[-9.08634,42.73774],[-9.04789,42.76968],[-9.06388,42.78691],[-9.02018,42.80071],[-9.01784,42.78097],[-8.98159,42.77806],[-8.97864,42.79],[-8.97484,42.79135],[-8.96312,42.77857],[-8.93134,42.80731],[-8.90896,42.79635],[-8.90885,42.82515],[-8.89905,42.829],[-8.88776,42.81574],[-8.87572,42.82891],[-8.87942,42.81609],[-8.90416,42.81383],[-8.90392,42.78844],[-8.92458,42.78829],[-8.95421,42.7485],[-8.99093,42.74053],[-9.0338,42.6952],[-9.04053,42.63736],[-9.06451,42.60034],[-9.07921,42.59808],[-9.07926,42.58012],[-9.08186,42.578],[-9.08949,42.57739],[-9.091,42.57805],[-9.09142,42.57648],[-9.03926,42.56556],[-9.02973,42.54802],[-9.04284,42.51737],[-8.99591,42.52957],[-8.9883,42.56584],[-8.91988,42.587],[-8.93729,42.60709],[-8.89892,42.64456],[-8.8735,42.63238],[-8.88768,42.61053],[-8.85739,42.60637],[-8.85893,42.6266],[-8.83774,42.63229],[-8.8611,42.64643],[-8.85204,42.66522],[-8.84,42.66103],[-8.8446,42.68704],[-8.81226,42.66723],[-8.82237,42.64616],[-8.82594,42.6461],[-8.79489,42.63659],[-8.77,42.65308],[-8.74696,42.65081],[-8.7183,42.706],[-8.65094,42.72915],[-8.60664,42.71515],[-8.59993,42.74312],[-8.55497,42.74651],[-8.55654,42.7606],[-8.47035,42.74368],[-8.40733,42.75402],[-8.41466,42.7666],[-8.39208,42.78936],[-8.35472,42.77882],[-8.33163,42.79443],[-8.33968,42.84064],[-8.32529,42.83119],[-8.3151,42.84585],[-8.28058,42.81087],[-8.25457,42.8367],[-8.20727,42.82516],[-8.2208,42.84429],[-8.18327,42.86014],[-8.11685,42.84119],[-8.07508,42.85331],[-8.04593,42.83149],[-7.99543,42.85036],[-7.93551,42.90346],[-7.94332,42.91735],[-7.9163,42.9323],[-7.90531,42.9854],[-7.94299,43.06762],[-7.91683,43.08827],[-7.96139,43.18984],[-7.92185,43.26946],[-7.94711,43.28602],[-7.88695,43.33718],[-7.89819,43.39113],[-7.88194,43.40753],[-7.82166,43.40168],[-7.74443,43.5119],[-7.76031,43.54803],[-7.74625,43.58076],[-7.71793,43.58341],[-7.73548,43.62214],[-7.691,43.65405],[-7.7193,43.68738],[-7.70259,43.68635],[-7.70106,43.73695],[-7.66231,43.77481],[-7.6803,43.78714]],[[-8.35039,43.34891],[-8.34935,43.3487],[-8.34994,43.34771],[-8.35118,43.34841],[-8.35039,43.34891]],[[-7.97654,43.71963],[-7.97762,43.72001],[-7.97795,43.7207],[-7.97636,43.72054],[-7.97654,43.71963]],[[-8.10906,43.64843],[-8.1092,43.64801],[-8.11027,43.64829],[-8.10956,43.64903],[-8.10906,43.64843]],[[-9.21423,43.10933],[-9.21426,43.11029],[-9.21354,43.1101],[-9.21351,43.10971],[-9.21423,43.10933]],[[-8.47401,43.35694],[-8.47469,43.35691],[-8.4736,43.35803],[-8.47339,43.35792],[-8.47401,43.35694]],[[-7.9759,43.72006],[-7.97525,43.71988],[-7.97545,43.71915],[-7.97614,43.71939],[-7.9759,43.72006]],[[-9.0361,43.20616],[-9.0365,43.20587],[-9.03734,43.20574],[-9.03649,43.20676],[-9.0361,43.20616]],[[-9.046,42.57023],[-9.04659,42.5705],[-9.04658,42.57108],[-9.04632,42.57107],[-9.046,42.57023]],[[-9.25991,42.99403],[-9.26042,42.9942],[-9.26068,42.99523],[-9.26009,42.99493],[-9.25991,42.99403]],[[-7.87084,43.77206],[-7.87146,43.77233],[-7.87017,43.7723],[-7.8706,43.77218],[-7.87084,43.77206]],[[-8.09431,43.66009],[-8.09473,43.66042],[-8.09393,43.66052],[-8.09395,43.66045],[-8.09431,43.66009]],[[-9.09111,42.7422],[-9.09154,42.7426],[-9.09139,42.74312],[-9.09109,42.74301],[-9.09111,42.7422]],[[-8.28328,43.38684],[-8.28305,43.38649],[-8.28404,43.38668],[-8.28388,43.38683],[-8.28328,43.38684]],[[-9.11745,42.84221],[-9.11736,42.84175],[-9.11763,42.84166],[-9.11815,42.84234],[-9.11745,42.84221]],[[-9.27494,42.96384],[-9.27471,42.96386],[-9.27497,42.96321],[-9.27533,42.96367],[-9.27494,42.96384]],[[-8.96213,43.28949],[-8.96242,43.29018],[-8.96209,43.29049],[-8.96205,43.29045],[-8.96213,43.28949]],[[-8.27761,43.55848],[-8.27784,43.55868],[-8.27735,43.55912],[-8.27727,43.55899],[-8.27761,43.55848]],[[-7.98878,43.71211],[-7.98913,43.71187],[-7.98944,43.71237],[-7.98927,43.71248],[-7.98878,43.71211]],[[-8.30137,43.56167],[-8.30209,43.56134],[-8.30223,43.56151],[-8.30211,43.56171],[-8.30137,43.56167]],[[-8.09404,43.66404],[-8.09432,43.66411],[-8.09439,43.66439],[-8.09369,43.66427],[-8.09404,43.66404]],[[-7.8794,43.76584],[-7.87985,43.76597],[-7.87976,43.76623],[-7.87941,43.7662],[-7.8794,43.76584]],[[-9.21484,43.11033],[-9.21517,43.11042],[-9.21519,43.11091],[-9.21492,43.11075],[-9.21484,43.11033]],[[-8.23594,43.57281],[-8.23616,43.57237],[-8.23649,43.57262],[-8.23642,43.57282],[-8.23594,43.57281]],[[-9.02074,43.21842],[-9.02108,43.21869],[-9.02082,43.21893],[-9.02061,43.2187],[-9.02074,43.21842]],[[-9.02069,43.22298],[-9.02086,43.22293],[-9.02118,43.22333],[-9.02066,43.2232],[-9.02069,43.22298]],[[-8.95622,42.58122],[-8.95658,42.58128],[-8.95655,42.58147],[-8.95615,42.58156],[-8.95622,42.58122]],[[-7.97884,43.71938],[-7.97917,43.71936],[-7.97935,43.71952],[-7.979,43.71975],[-7.97884,43.71938]],[[-8.98561,43.27062],[-8.98557,43.27092],[-8.98521,43.27101],[-8.98529,43.27073],[-8.98561,43.27062]],[[-9.29042,42.93657],[-9.29077,42.93665],[-9.29075,42.937],[-9.29039,42.93673],[-9.29042,42.93657]],[[-8.982,43.26721],[-8.98237,43.26706],[-8.98245,43.26726],[-8.98219,43.26754],[-8.982,43.26721]],[[-8.26954,43.42931],[-8.2693,43.42914],[-8.26941,43.42891],[-8.26975,43.42911],[-8.26954,43.42931]],[[-9.11708,42.84299],[-9.11737,42.84307],[-9.1174,42.84332],[-9.11703,42.84329],[-9.11708,42.84299]],[[-9.27729,42.96201],[-9.27749,42.96221],[-9.27741,42.9625],[-9.27715,42.96245],[-9.27729,42.96201]],[[-8.23751,43.57262],[-8.23785,43.5726],[-8.23789,43.57269],[-8.2374,43.57289],[-8.23751,43.57262]],[[-8.23694,43.5722],[-8.23718,43.57228],[-8.23709,43.5726],[-8.23689,43.57253],[-8.23694,43.5722]],[[-7.98883,43.71264],[-7.98919,43.71261],[-7.98932,43.71277],[-7.98907,43.7129],[-7.98883,43.71264]],[[-7.97361,43.71943],[-7.97386,43.7197],[-7.97359,43.71994],[-7.97354,43.71988],[-7.97361,43.71943]],[[-9.02189,43.21827],[-9.02213,43.21832],[-9.02226,43.21843],[-9.02191,43.2186],[-9.02189,43.21827]],[[-7.68883,43.75139],[-7.68937,43.75138],[-7.68953,43.75149],[-7.68931,43.75161],[-7.68883,43.75139]],[[-8.30115,43.56202],[-8.3013,43.56206],[-8.30149,43.56237],[-8.3012,43.56238],[-8.30115,43.56202]],[[-9.02162,43.21805],[-9.02182,43.21816],[-9.02129,43.21837],[-9.02129,43.21832],[-9.02162,43.21805]],[[-8.23041,43.57619],[-8.23067,43.57627],[-8.23069,43.57655],[-8.23043,43.57648],[-8.23041,43.57619]],[[-8.98559,43.2702],[-8.98586,43.27023],[-8.98548,43.27052],[-8.98541,43.27036],[-8.98559,43.2702]],[[-7.93481,43.74328],[-7.93499,43.74327],[-7.93504,43.74351],[-7.93473,43.74356],[-7.93481,43.74328]],[[-8.21823,43.58427],[-8.21789,43.58414],[-8.21789,43.58403],[-8.21821,43.58398],[-8.21823,43.58427]],[[-7.98972,43.71242],[-7.98991,43.71257],[-7.98963,43.71278],[-7.98953,43.71262],[-7.98972,43.71242]],[[-8.07522,43.67327],[-8.07545,43.67337],[-8.07544,43.67352],[-8.07508,43.67349],[-8.07522,43.67327]],[[-8.06587,43.69123],[-8.06634,43.69124],[-8.06636,43.69139],[-8.06621,43.69145],[-8.06587,43.69123]],[[-7.93499,43.74297],[-7.93525,43.74296],[-7.93534,43.74308],[-7.93496,43.74318],[-7.93499,43.74297]],[[-7.94065,43.74319],[-7.94092,43.74326],[-7.94088,43.74348],[-7.94066,43.74347],[-7.94065,43.74319]],[[-8.2424,43.56848],[-8.24246,43.56838],[-8.24294,43.56853],[-8.24256,43.56861],[-8.2424,43.56848]],[[-9.11784,42.84434],[-9.1181,42.84439],[-9.11822,42.84447],[-9.118,42.84459],[-9.11784,42.84434]],[[-8.30362,43.56189],[-8.30374,43.56183],[-8.30404,43.56205],[-8.30366,43.56211],[-8.30362,43.56189]],[[-9.14188,42.88262],[-9.14202,42.88282],[-9.14173,42.88296],[-9.1417,42.8828],[-9.14188,42.88262]],[[-8.08715,43.65936],[-8.0873,43.6595],[-8.08695,43.6597],[-8.08693,43.65959],[-8.08715,43.65936]],[[-7.97595,43.71881],[-7.97613,43.71883],[-7.97615,43.71902],[-7.97579,43.71899],[-7.97595,43.71881]],[[-8.3027,43.56167],[-8.30294,43.5617],[-8.30307,43.56181],[-8.30271,43.56194],[-8.3027,43.56167]],[[-7.94112,43.74299],[-7.94143,43.74305],[-7.94149,43.74319],[-7.94135,43.74327],[-7.94112,43.74299]],[[-8.94315,42.58059],[-8.94339,42.5806],[-8.94334,42.58082],[-8.94307,42.58076],[-8.94315,42.58059]],[[-7.91925,43.74952],[-7.91946,43.74952],[-7.9195,43.74975],[-7.91921,43.74972],[-7.91925,43.74952]],[[-9.07782,42.59026],[-9.07809,42.59027],[-9.07809,42.59044],[-9.0778,42.59043],[-9.07782,42.59026]],[[-9.15544,43.18593],[-9.15575,43.18595],[-9.15585,43.18609],[-9.15576,43.18617],[-9.15544,43.18593]],[[-8.28036,43.55879],[-8.28053,43.55893],[-8.28034,43.55911],[-8.28025,43.55906],[-8.28036,43.55879]],[[-7.97887,43.7189],[-7.9791,43.71892],[-7.97919,43.71912],[-7.97891,43.71904],[-7.97887,43.7189]],[[-7.91011,43.76136],[-7.91029,43.76135],[-7.91036,43.76161],[-7.91012,43.76152],[-7.91011,43.76136]],[[-9.07198,42.59895],[-9.07224,42.59896],[-9.07227,42.59914],[-9.07194,42.59907],[-9.07198,42.59895]],[[-7.87676,43.76724],[-7.87697,43.76722],[-7.87705,43.76732],[-7.87676,43.76744],[-7.87676,43.76724]],[[-9.11799,42.84075],[-9.11818,42.84077],[-9.11825,42.84086],[-9.11791,42.8409],[-9.11799,42.84075]],[[-9.01861,43.22335],[-9.01876,43.22348],[-9.01865,43.22373],[-9.01852,43.22347],[-9.01861,43.22335]],[[-9.26249,42.98859],[-9.26273,42.98868],[-9.26281,42.98882],[-9.26254,42.98877],[-9.26249,42.98859]],[[-8.08216,43.6518],[-8.08234,43.65191],[-8.08227,43.65205],[-8.08206,43.65194],[-8.08216,43.6518]],[[-9.07784,42.58713],[-9.07803,42.58714],[-9.07814,42.58729],[-9.07792,42.58734],[-9.07784,42.58713]],[[-9.15314,43.18742],[-9.15343,43.18757],[-9.15353,43.18781],[-9.15313,43.18753],[-9.15314,43.18742]],[[-8.22872,43.57613],[-8.22891,43.57625],[-8.2287,43.57643],[-8.22866,43.5763],[-8.22872,43.57613]],[[-8.94297,42.58129],[-8.94315,42.58128],[-8.94314,42.58145],[-8.94291,42.58147],[-8.94297,42.58129]],[[-7.99009,43.71218],[-7.99022,43.71229],[-7.98992,43.71238],[-7.98992,43.71229],[-7.99009,43.71218]],[[-9.27816,42.95808],[-9.27829,42.95793],[-9.27858,42.95796],[-9.27832,42.95809],[-9.27816,42.95808]],[[-8.98709,43.27716],[-8.98722,43.27719],[-8.98721,43.27744],[-8.98701,43.27731],[-8.98709,43.27716]],[[-9.01569,43.23006],[-9.01584,43.23004],[-9.01595,43.23022],[-9.0158,43.23027],[-9.01569,43.23006]],[[-9.02035,43.22025],[-9.02024,43.22012],[-9.02051,43.22012],[-9.02046,43.22024],[-9.02035,43.22025]],[[-8.95476,42.57999],[-8.95499,42.58],[-8.95505,42.58009],[-8.95468,42.58009],[-8.95476,42.57999]],[[-8.9689,43.22535],[-8.96921,43.22532],[-8.96914,43.22551],[-8.9689,43.22535]],[[-8.22923,43.57637],[-8.22927,43.57618],[-8.22943,43.57629],[-8.2293,43.5765],[-8.22923,43.57637]],[[-9.11795,42.84031],[-9.11811,42.84034],[-9.11804,42.84051],[-9.11787,42.84044],[-9.11795,42.84031]],[[-9.27453,42.96208],[-9.27476,42.96214],[-9.27485,42.96222],[-9.27455,42.96222],[-9.27453,42.96208]],[[-8.95473,42.58048],[-8.9549,42.58048],[-8.95454,42.58062],[-8.95462,42.58052],[-8.95473,42.58048]],[[-8.98441,43.26968],[-8.98455,43.26975],[-8.98433,43.26995],[-8.98427,43.2699],[-8.98441,43.26968]],[[-9.06771,42.57253],[-9.06791,42.57259],[-9.06794,42.57274],[-9.06771,42.57266],[-9.06771,42.57253]],[[-8.97964,43.28383],[-8.97981,43.28383],[-8.97985,43.28394],[-8.97954,43.2839],[-8.97964,43.28383]],[[-8.95619,43.26441],[-8.95632,43.26451],[-8.95611,43.26461],[-8.95612,43.26445],[-8.95619,43.26441]],[[-9.2593,42.99301],[-9.25956,42.9931],[-9.25961,42.99318],[-9.25947,42.9932],[-9.2593,42.99301]],[[-9.0219,43.22304],[-9.0221,43.22308],[-9.02191,43.22326],[-9.02186,43.22308],[-9.0219,43.22304]],[[-8.08665,43.65731],[-8.08675,43.65726],[-8.08686,43.65732],[-8.0865,43.65739],[-8.08665,43.65731]],[[-9.26005,42.99227],[-9.26019,42.99235],[-9.26002,42.99246],[-9.25996,42.9924],[-9.26005,42.99227]],[[-9.26174,42.98485],[-9.26145,42.98485],[-9.26143,42.98481],[-9.26172,42.9847],[-9.26174,42.98485]],[[-9.28228,42.94738],[-9.28243,42.94744],[-9.28239,42.94753],[-9.28217,42.94752],[-9.28228,42.94738]],[[-9.27429,42.96442],[-9.27441,42.96448],[-9.2744,42.96459],[-9.27419,42.96456],[-9.27429,42.96442]],[[-9.0787,42.58268],[-9.07887,42.58268],[-9.07888,42.58284],[-9.07868,42.58281],[-9.0787,42.58268]],[[-9.02165,43.21852],[-9.0218,43.21863],[-9.02182,43.21872],[-9.02161,43.21872],[-9.02165,43.21852]],[[-9.26096,42.98657],[-9.2611,42.98659],[-9.26124,42.98673],[-9.26109,42.98674],[-9.26096,42.98657]],[[-8.23024,43.57508],[-8.23042,43.57513],[-8.23059,43.57532],[-8.23037,43.57522],[-8.23024,43.57508]],[[-9.14186,42.88302],[-9.14201,42.88301],[-9.14196,42.8832],[-9.14185,42.88318],[-9.14186,42.88302]],[[-9.28537,43.03815],[-9.28545,43.03802],[-9.28547,43.03837],[-9.28538,43.03833],[-9.28537,43.03815]],[[-9.01558,43.22335],[-9.01573,43.2234],[-9.01551,43.22354],[-9.01549,43.22343],[-9.01558,43.22335]],[[-9.27821,42.95991],[-9.27834,42.95996],[-9.27831,42.9601],[-9.27815,42.96003],[-9.27821,42.95991]],[[-9.07724,42.58729],[-9.07738,42.58732],[-9.07735,42.58745],[-9.0772,42.58746],[-9.07724,42.58729]],[[-8.97033,43.22474],[-8.97039,43.22471],[-8.97054,43.22473],[-8.97028,43.22485],[-8.97033,43.22474]],[[-9.2626,42.98076],[-9.26268,42.98077],[-9.26276,42.98088],[-9.26251,42.9809],[-9.2626,42.98076]],[[-9.26216,42.9841],[-9.2623,42.9842],[-9.26224,42.98427],[-9.26208,42.98416],[-9.26216,42.9841]],[[-8.08288,43.65314],[-8.08307,43.6531],[-8.08311,43.65318],[-8.08297,43.65324],[-8.08288,43.65314]],[[-9.01895,42.70981],[-9.01905,42.70978],[-9.01911,42.71005],[-9.01902,42.71003],[-9.01895,42.70981]],[[-9.26173,42.98442],[-9.26191,42.98445],[-9.26191,42.98457],[-9.26172,42.98448],[-9.26173,42.98442]],[[-9.26251,42.98392],[-9.26262,42.98395],[-9.26266,42.98409],[-9.26251,42.98404],[-9.26251,42.98392]],[[-9.27959,42.95684],[-9.27969,42.95681],[-9.27977,42.9569],[-9.27958,42.95695],[-9.27959,42.95684]],[[-7.82133,43.71526],[-7.82129,43.71503],[-7.82144,43.71525],[-7.82133,43.71526]],[[-8.98676,43.22357],[-8.98689,43.22366],[-8.98682,43.22376],[-8.98668,43.22363],[-8.98676,43.22357]],[[-8.23898,43.57142],[-8.23913,43.57149],[-8.23903,43.57161],[-8.23897,43.57151],[-8.23898,43.57142]],[[-9.0143,43.22918],[-9.01443,43.22926],[-9.01426,43.2294],[-9.0143,43.22929],[-9.0143,43.22918]],[[-9.26152,42.97911],[-9.26159,42.97913],[-9.26163,42.97936],[-9.26152,42.97929],[-9.26152,42.97911]],[[-9.01726,43.2235],[-9.01733,43.22363],[-9.01723,43.22371],[-9.01718,43.2236],[-9.01726,43.2235]],[[-8.23858,43.57151],[-8.23869,43.57144],[-8.23869,43.57159],[-8.23853,43.5716],[-8.23858,43.57151]],[[-9.26066,42.99165],[-9.26079,42.99169],[-9.26078,42.99179],[-9.26061,42.99176],[-9.26066,42.99165]],[[-8.22845,43.57804],[-8.22857,43.57803],[-8.22868,43.57813],[-8.22854,43.57816],[-8.22845,43.57804]],[[-9.06753,42.573],[-9.06765,42.57299],[-9.06761,42.57315],[-9.0675,42.57312],[-9.06753,42.573]],[[-9.01536,43.22999],[-9.01548,43.23001],[-9.0155,43.2301],[-9.01529,43.2301],[-9.01536,43.22999]],[[-8.2307,43.57492],[-8.23082,43.57491],[-8.231,43.57507],[-8.23089,43.57507],[-8.2307,43.57492]],[[-9.07841,42.58291],[-9.07849,42.583],[-9.07831,42.58304],[-9.07833,42.58297],[-9.07841,42.58291]],[[-9.01843,43.22303],[-9.0185,43.22297],[-9.01867,43.2231],[-9.01844,43.2231],[-9.01843,43.22303]],[[-9.27707,42.96106],[-9.2772,42.96107],[-9.27732,42.96116],[-9.27718,42.96117],[-9.27707,42.96106]],[[-9.02111,43.21882],[-9.02116,43.21879],[-9.0213,43.21894],[-9.02105,43.21889],[-9.02111,43.21882]],[[-8.09803,43.65541],[-8.09817,43.65538],[-8.09821,43.65539],[-8.09799,43.65553],[-8.09803,43.65541]],[[-8.22921,43.57543],[-8.22941,43.57545],[-8.22942,43.57555],[-8.22921,43.57547],[-8.22921,43.57543]],[[-9.26116,42.97884],[-9.26126,42.97888],[-9.26109,42.979],[-9.26109,42.97892],[-9.26116,42.97884]],[[-8.22793,43.57619],[-8.22803,43.57621],[-8.22804,43.57633],[-8.2279,43.57631],[-8.22793,43.57619]],[[-9.2599,42.99187],[-9.26,42.99188],[-9.25999,42.99201],[-9.25985,42.99197],[-9.2599,42.99187]],[[-8.97326,43.22524],[-8.9735,43.22531],[-8.97349,43.22539],[-8.97319,43.22527],[-8.97326,43.22524]],[[-9.2629,42.98188],[-9.26297,42.98193],[-9.26286,42.98208],[-9.26284,42.98197],[-9.2629,42.98188]],[[-8.97744,43.26267],[-8.97758,43.2627],[-8.97755,43.26283],[-8.97746,43.26277],[-8.97744,43.26267]],[[-9.06641,42.57504],[-9.06654,42.57503],[-9.06659,42.57511],[-9.06647,42.57516],[-9.06641,42.57504]],[[-8.23092,43.57465],[-8.23098,43.57459],[-8.23106,43.57475],[-8.23096,43.57474],[-8.23092,43.57465]],[[-8.22926,43.57689],[-8.22935,43.57692],[-8.22939,43.57706],[-8.22926,43.577],[-8.22926,43.57689]],[[-9.27737,42.96142],[-9.27746,42.96143],[-9.27746,42.96154],[-9.27732,42.96154],[-9.27737,42.96142]],[[-9.27409,42.96187],[-9.27418,42.96187],[-9.27424,42.96189],[-9.27407,42.96197],[-9.27409,42.96187]],[[-9.02251,43.21847],[-9.02261,43.21844],[-9.02268,43.21853],[-9.0225,43.21853],[-9.02251,43.21847]],[[-8.95638,42.57804],[-8.95647,42.57805],[-8.95651,42.57815],[-8.95635,42.57813],[-8.95638,42.57804]],[[-8.24312,43.56853],[-8.24323,43.56855],[-8.24323,43.56864],[-8.24313,43.56863],[-8.24312,43.56853]],[[-8.23158,43.57496],[-8.23164,43.57495],[-8.23179,43.57512],[-8.2316,43.575],[-8.23158,43.57496]],[[-8.23096,43.57655],[-8.23105,43.57652],[-8.23107,43.57666],[-8.231,43.57666],[-8.23096,43.57655]],[[-9.02103,43.22272],[-9.02097,43.22283],[-9.02083,43.2228],[-9.02087,43.22276],[-9.02103,43.22272]],[[-9.06571,42.57374],[-9.06577,42.57374],[-9.06583,42.57382],[-9.06565,42.57382],[-9.06571,42.57374]],[[-9.01886,43.22291],[-9.01905,43.22296],[-9.01912,43.22306],[-9.01887,43.22296],[-9.01886,43.22291]],[[-8.95794,42.57838],[-8.95798,42.57833],[-8.9581,42.57837],[-8.95805,42.57845],[-8.95794,42.57838]],[[-9.011,43.2253],[-9.01117,43.22529],[-9.0112,43.22533],[-9.01105,43.22537],[-9.011,43.2253]],[[-9.26228,42.98998],[-9.26238,42.98998],[-9.26241,42.99006],[-9.26229,42.99006],[-9.26228,42.98998]],[[-8.22969,43.46228],[-8.22977,43.46224],[-8.22983,43.46233],[-8.22974,43.46237],[-8.22969,43.46228]],[[-8.98758,43.2767],[-8.98766,43.27663],[-8.98774,43.27664],[-8.98769,43.27674],[-8.98758,43.2767]],[[-9.26019,42.99258],[-9.26029,42.99264],[-9.26025,42.9927],[-9.26016,42.99265],[-9.26019,42.99258]],[[-8.23072,43.46222],[-8.23084,43.46219],[-8.23086,43.46225],[-8.23074,43.46228],[-8.23072,43.46222]],[[-8.23484,43.46285],[-8.2349,43.4628],[-8.235,43.46285],[-8.23488,43.4629],[-8.23484,43.46285]],[[-8.23135,43.46222],[-8.23141,43.46218],[-8.23148,43.46226],[-8.23136,43.46229],[-8.23135,43.46222]],[[-9.01974,43.22317],[-9.01985,43.22318],[-9.01985,43.22325],[-9.01973,43.22327],[-9.01974,43.22317]],[[-8.23388,43.46259],[-8.23399,43.46255],[-8.23402,43.46261],[-8.23388,43.46264],[-8.23388,43.46259]],[[-8.95423,42.5799],[-8.95434,42.57991],[-8.95429,42.58002],[-8.95422,42.57994],[-8.95423,42.5799]],[[-9.27531,42.96246],[-9.27543,42.96251],[-9.27542,42.96255],[-9.27532,42.96254],[-9.27531,42.96246]],[[-8.2333,43.46242],[-8.23339,43.46242],[-8.23337,43.46252],[-8.2333,43.46251],[-8.2333,43.46242]],[[-9.01429,43.22837],[-9.01434,43.22833],[-9.01441,43.22833],[-9.01426,43.22845],[-9.01429,43.22837]],[[-8.95778,42.57799],[-8.95783,42.57799],[-8.95789,42.57808],[-8.95778,42.57809],[-8.95778,42.57799]],[[-9.11063,42.82074],[-9.11067,42.82071],[-9.11077,42.82077],[-9.1107,42.82081],[-9.11063,42.82074]],[[-8.97509,43.22565],[-8.97513,43.22562],[-8.9752,43.22562],[-8.97518,43.2257],[-8.97509,43.22565]],[[-8.23738,43.57242],[-8.23743,43.5724],[-8.23747,43.57245],[-8.23739,43.57251],[-8.23738,43.57242]],[[-9.01487,43.22349],[-9.0149,43.22341],[-9.01492,43.22342],[-9.01493,43.22352],[-9.01487,43.22349]],[[-9.01536,43.22358],[-9.01537,43.22355],[-9.01544,43.22355],[-9.01536,43.22363],[-9.01536,43.22358]]],[[[-9.01235,42.48295],[-9.02037,42.47434],[-9.01043,42.46296],[-8.99936,42.4688],[-9.01235,42.48295]],[[-9.00274,42.47138],[-9.00287,42.47138],[-9.00278,42.47154],[-9.00268,42.47149],[-9.00274,42.47138]]],[[[-8.83763,43.36233],[-8.83956,43.36304],[-8.84455,43.36107],[-8.84971,43.36124],[-8.8441,43.35525],[-8.83763,43.36233]]],[[[-8.83354,43.3618],[-8.83571,43.35927],[-8.83413,43.35615],[-8.83085,43.35734],[-8.83354,43.3618]]],[[[-9.00582,42.50003],[-9.00709,42.49947],[-9.00571,42.49785],[-9.006,42.4966],[-9.00344,42.49588],[-9.00398,42.49988],[-9.00582,42.50003]]],[[[-8.83387,43.356],[-8.83528,43.35346],[-8.83148,43.35299],[-8.83147,43.35468],[-8.83387,43.356]]],[[[-8.96539,42.77669],[-8.96649,42.77531],[-8.9631,42.7731],[-8.9633,42.77636],[-8.96539,42.77669]]],[[[-9.1463,42.81382],[-9.14765,42.81435],[-9.14813,42.80995],[-9.1469,42.8103],[-9.1463,42.81382]]],[[[-9.04914,42.51046],[-9.05063,42.50919],[-9.04909,42.50705],[-9.04817,42.50938],[-9.04914,42.51046]]],[[[-8.44776,43.38209],[-8.44925,43.38135],[-8.44795,43.37952],[-8.44597,43.38145],[-8.44776,43.38209]]],[[[-8.45005,43.37975],[-8.45174,43.37888],[-8.44972,43.37797],[-8.44809,43.3788],[-8.4483,43.37932],[-8.45005,43.37975]]],[[[-8.9398,42.5511],[-8.94081,42.55013],[-8.93889,42.54803],[-8.93832,42.54907],[-8.9398,42.5511]]],[[[-8.45314,43.37752],[-8.45249,43.37581],[-8.45022,43.37745],[-8.45095,43.37774],[-8.45314,43.37752]]],[[[-8.33949,43.51169],[-8.3405,43.51185],[-8.33603,43.51067],[-8.33707,43.51175],[-8.33949,43.51169]]],[[[-9.15217,43.19631],[-9.15271,43.19781],[-9.1533,43.1983],[-9.15355,43.19611],[-9.15217,43.19631]]],[[[-8.99629,42.48844],[-8.99719,42.48953],[-8.99831,42.48837],[-8.99615,42.48754],[-8.99629,42.48844]]],[[[-9.16991,42.86566],[-9.17029,42.86663],[-9.1704,42.86516],[-9.16838,42.86442],[-9.16834,42.86585],[-9.16991,42.86566]]],[[[-9.15062,42.80556],[-9.15137,42.80542],[-9.15095,42.80343],[-9.14976,42.80421],[-9.15062,42.80556]]],[[[-8.94197,43.2321],[-8.94233,43.23337],[-8.94374,43.23415],[-8.94353,43.23239],[-8.94197,43.2321]]],[[[-9.04824,42.51141],[-9.04939,42.51191],[-9.0473,42.50992],[-9.04689,42.51064],[-9.04824,42.51141]]],[[[-8.8769,43.32115],[-8.87728,43.32041],[-8.87451,43.31906],[-8.87537,43.32009],[-8.8769,43.32115]]],[[[-9.21265,43.16362],[-9.21385,43.16432],[-9.21447,43.16436],[-9.21345,43.16256],[-9.21265,43.16362]]],[[[-9.00892,42.51729],[-9.0099,42.51718],[-9.00868,42.51582],[-9.00825,42.51727],[-9.00892,42.51729]]],[[[-9.11475,43.19772],[-9.11569,43.1972],[-9.11481,43.19555],[-9.11418,43.19672],[-9.11475,43.19772]]],[[[-9.18693,43.16989],[-9.18688,43.16866],[-9.18517,43.16894],[-9.18585,43.16984],[-9.18693,43.16989]]],[[[-7.86871,43.77737],[-7.86911,43.77788],[-7.87095,43.7782],[-7.86914,43.7766],[-7.86871,43.77737]]],[[[-9.18509,42.88128],[-9.18616,42.88052],[-9.186,42.87974],[-9.18444,42.87992],[-9.18509,42.88128]]],[[[-8.32582,43.52939],[-8.32635,43.52849],[-8.32459,43.52781],[-8.32456,43.52877],[-8.32582,43.52939]]],[[[-8.26218,43.41877],[-8.26299,43.41929],[-8.26411,43.41782],[-8.26077,43.41857],[-8.26218,43.41877]]],[[[-9.00166,42.49066],[-9.00179,42.49195],[-9.00255,42.49234],[-9.0027,42.49074],[-9.00166,42.49066]]],[[[-7.86902,43.78028],[-7.86746,43.77907],[-7.86663,43.77957],[-7.86761,43.78019],[-7.86902,43.78028]]],[[[-9.22566,43.0993],[-9.22511,43.09994],[-9.22604,43.10128],[-9.22636,43.10092],[-9.22566,43.0993]]],[[[-9.14168,42.80503],[-9.14134,42.80616],[-9.14277,42.80615],[-9.14217,42.80518],[-9.14168,42.80503]]],[[[-8.87684,42.60122],[-8.87659,42.602],[-8.87687,42.60286],[-8.87783,42.60198],[-8.87684,42.60122]]],[[[-9.13567,42.84768],[-9.1366,42.84825],[-9.13539,42.84629],[-9.13513,42.84701],[-9.13567,42.84768]]],[[[-9.13726,42.80898],[-9.1384,42.80966],[-9.13895,42.80855],[-9.13738,42.80812],[-9.13726,42.80898]]],[[[-7.85813,43.76659],[-7.85925,43.76662],[-7.85971,43.76628],[-7.85807,43.76572],[-7.85813,43.76659]]],[[[-9.04273,42.66212],[-9.04359,42.6622],[-9.04399,42.66155],[-9.04188,42.66109],[-9.04273,42.66212]]],[[[-9.16896,42.79964],[-9.16965,42.79959],[-9.16982,42.79816],[-9.16879,42.7981],[-9.16896,42.79964]]],[[[-8.05399,43.71057],[-8.05377,43.70968],[-8.05285,43.7097],[-8.05292,43.71021],[-8.05399,43.71057]]],[[[-8.22342,43.38562],[-8.22413,43.38561],[-8.22494,43.38491],[-8.22349,43.38488],[-8.22342,43.38562]]],[[[-7.86723,43.78087],[-7.86773,43.78093],[-7.86569,43.77971],[-7.86563,43.78015],[-7.86723,43.78087]]],[[[-8.34144,43.37591],[-8.34185,43.37519],[-8.34028,43.37536],[-8.34088,43.37597],[-8.34144,43.37591]]],[[[-9.10185,43.1904],[-9.1023,43.19035],[-9.10055,43.18915],[-9.10083,43.19042],[-9.10185,43.1904]]],[[[-8.19119,43.61348],[-8.1917,43.61333],[-8.1914,43.61222],[-8.19059,43.61271],[-8.19119,43.61348]]],[[[-8.44681,43.38331],[-8.44735,43.38271],[-8.44546,43.38206],[-8.44639,43.38331],[-8.44681,43.38331]]],[[[-8.21056,43.59631],[-8.21118,43.59601],[-8.20953,43.59534],[-8.20958,43.59604],[-8.21056,43.59631]]],[[[-9.03284,43.21702],[-9.03268,43.21603],[-9.03148,43.21625],[-9.03232,43.2164],[-9.03284,43.21702]]],[[[-9.17045,42.80144],[-9.17111,42.80091],[-9.17017,42.80038],[-9.16964,42.80137],[-9.17045,42.80144]]],[[[-8.96932,42.5654],[-8.96977,42.56626],[-8.97044,42.56526],[-8.97018,42.5652],[-8.96932,42.5654]]],[[[-8.84221,42.62626],[-8.84339,42.62636],[-8.84361,42.62545],[-8.8433,42.6254],[-8.84221,42.62626]]],[[[-9.04523,42.51848],[-9.04621,42.51835],[-9.04649,42.51753],[-9.04554,42.51778],[-9.04523,42.51848]]],[[[-8.97812,42.78308],[-8.97809,42.78412],[-8.97858,42.78477],[-8.97873,42.78331],[-8.97812,42.78308]]],[[[-8.33626,43.40585],[-8.33561,43.40616],[-8.33543,43.40698],[-8.3365,43.4064],[-8.33626,43.40585]]],[[[-9.18675,42.87921],[-9.18693,42.88013],[-9.18797,42.87928],[-9.18714,42.87899],[-9.18675,42.87921]]],[[[-9.00744,42.51483],[-9.00755,42.51552],[-9.00843,42.51464],[-9.00768,42.51441],[-9.00744,42.51483]]],[[[-9.14644,42.81749],[-9.14679,42.81721],[-9.14618,42.81641],[-9.14575,42.81744],[-9.14644,42.81749]]],[[[-8.93465,42.58133],[-8.93461,42.58192],[-8.93394,42.58257],[-8.93536,42.58209],[-8.93465,42.58133]]],[[[-9.14356,42.80326],[-9.1432,42.80403],[-9.14391,42.80447],[-9.1438,42.80286],[-9.14356,42.80326]]],[[[-8.19769,43.6116],[-8.19769,43.61195],[-8.19707,43.61269],[-8.1981,43.61228],[-8.19769,43.6116]]],[[[-9.0409,43.21202],[-9.0415,43.21188],[-9.04027,43.21084],[-9.04034,43.21149],[-9.0409,43.21202]]],[[[-8.90877,43.30588],[-8.90908,43.30618],[-8.90969,43.30574],[-8.90806,43.30596],[-8.90877,43.30588]]],[[[-9.09753,43.1935],[-9.09774,43.19401],[-9.09831,43.19333],[-9.0976,43.19293],[-9.09753,43.1935]]],[[[-9.16896,42.86628],[-9.16894,42.86719],[-9.1699,42.86692],[-9.1694,42.86625],[-9.16896,42.86628]]],[[[-9.11751,43.19863],[-9.11723,43.19957],[-9.1174,43.20002],[-9.11787,43.19945],[-9.11751,43.19863]]],[[[-8.99015,42.77541],[-8.98987,42.77596],[-8.99059,42.7763],[-8.99073,42.77565],[-8.99015,42.77541]]],[[[-9.18637,42.88143],[-9.18634,42.88209],[-9.18733,42.88201],[-9.18701,42.88145],[-9.18637,42.88143]]],[[[-7.75054,43.74761],[-7.75019,43.74828],[-7.75138,43.74786],[-7.75112,43.74759],[-7.75054,43.74761]]],[[[-8.75814,43.30166],[-8.75895,43.3016],[-8.75859,43.3009],[-8.75787,43.3014],[-8.75814,43.30166]]],[[[-8.09045,43.66597],[-8.09044,43.66629],[-8.09158,43.66658],[-8.09104,43.66596],[-8.09045,43.66597]]],[[[-8.07652,43.66887],[-8.07608,43.66953],[-8.07713,43.66979],[-8.07686,43.669],[-8.07652,43.66887]]],[[[-7.7549,43.74221],[-7.75526,43.74292],[-7.75565,43.743],[-7.7559,43.74239],[-7.7549,43.74221]]],[[[-8.55393,43.31463],[-8.55323,43.31502],[-8.55343,43.31546],[-8.55435,43.31503],[-8.55393,43.31463]]],[[[-9.17286,42.79889],[-9.17365,42.79876],[-9.17388,42.79841],[-9.17283,42.79819],[-9.17286,42.79889]]],[[[-9.00623,42.51411],[-9.00637,42.51484],[-9.00712,42.51387],[-9.00699,42.51373],[-9.00623,42.51411]]],[[[-9.13936,42.80676],[-9.13894,42.80692],[-9.13906,42.80743],[-9.13978,42.80724],[-9.13936,42.80676]]],[[[-9.04602,42.5115],[-9.04662,42.51147],[-9.04588,42.51081],[-9.0455,42.51149],[-9.04602,42.5115]]],[[[-9.29774,42.92117],[-9.2983,42.92213],[-9.29882,42.92226],[-9.2986,42.92168],[-9.29774,42.92117]]],[[[-9.1288,42.80782],[-9.12891,42.80851],[-9.12966,42.80819],[-9.1293,42.80778],[-9.1288,42.80782]]],[[[-9.06037,42.62001],[-9.06101,42.62028],[-9.06182,42.61966],[-9.06142,42.61941],[-9.06037,42.62001]]],[[[-8.85504,42.62644],[-8.85547,42.62704],[-8.85557,42.62706],[-8.85565,42.62596],[-8.85504,42.62644]]],[[[-8.87774,43.32103],[-8.87783,43.32178],[-8.87847,43.32152],[-8.87826,43.32111],[-8.87774,43.32103]]],[[[-9.16941,42.8638],[-9.16929,42.86415],[-9.17028,42.86442],[-9.17021,42.86388],[-9.16941,42.8638]]],[[[-9.13599,42.79039],[-9.13577,42.79064],[-9.13724,42.7908],[-9.13702,42.79055],[-9.13599,42.79039]]],[[[-8.99128,42.77763],[-8.99203,42.77765],[-8.99202,42.77707],[-8.99095,42.77718],[-8.99128,42.77763]]],[[[-8.22157,43.37571],[-8.22212,43.37566],[-8.2225,43.37499],[-8.22155,43.3753],[-8.22157,43.37571]]],[[[-9.08143,42.73291],[-9.08131,42.73302],[-9.083,42.73267],[-9.0815,42.73259],[-9.08143,42.73291]]],[[[-9.18465,42.87902],[-9.18549,42.87893],[-9.1857,42.87884],[-9.18387,42.87871],[-9.18465,42.87902]]],[[[-9.15256,42.80163],[-9.15248,42.80206],[-9.15321,42.80244],[-9.15326,42.80191],[-9.15256,42.80163]]],[[[-9.00531,42.49303],[-9.00593,42.49269],[-9.00471,42.49251],[-9.00463,42.49282],[-9.00531,42.49303]]],[[[-8.99275,42.48564],[-8.99317,42.4862],[-8.99353,42.486],[-8.99256,42.48505],[-8.99275,42.48564]]],[[[-8.7571,43.29928],[-8.7565,43.29967],[-8.75662,43.29998],[-8.75723,43.29985],[-8.7571,43.29928]]],[[[-9.12923,42.77199],[-9.12924,42.77212],[-9.12862,42.77242],[-9.12983,42.77225],[-9.12923,42.77199]]],[[[-9.28908,42.88912],[-9.28874,42.88943],[-9.2897,42.88978],[-9.28956,42.8893],[-9.28908,42.88912]]],[[[-7.75193,43.7465],[-7.75242,43.74644],[-7.75276,43.74598],[-7.75187,43.74571],[-7.75193,43.7465]]],[[[-8.19422,43.61316],[-8.19389,43.61359],[-8.19404,43.61421],[-8.19452,43.61362],[-8.19422,43.61316]]],[[[-8.43688,43.3817],[-8.43671,43.38239],[-8.43715,43.38242],[-8.43734,43.3817],[-8.43688,43.3817]]],[[[-9.14621,42.81477],[-9.14648,42.81561],[-9.14683,42.81561],[-9.14672,42.81479],[-9.14621,42.81477]]],[[[-9.17058,42.86377],[-9.17088,42.86352],[-9.16991,42.86305],[-9.16995,42.86355],[-9.17058,42.86377]]],[[[-9.03915,43.21411],[-9.03925,43.21366],[-9.0386,43.21352],[-9.03867,43.21409],[-9.03915,43.21411]]],[[[-7.77437,43.73829],[-7.7741,43.7388],[-7.77427,43.73918],[-7.77474,43.73884],[-7.77437,43.73829]]],[[[-9.14546,42.81446],[-9.14531,42.81543],[-9.1457,42.81568],[-9.14568,42.81461],[-9.14546,42.81446]]],[[[-8.84188,43.36257],[-8.8422,43.36293],[-8.8429,43.36277],[-8.84258,43.3625],[-8.84188,43.36257]]],[[[-9.14069,42.85291],[-9.14042,42.85356],[-9.14045,42.85377],[-9.14113,42.85314],[-9.14069,42.85291]]],[[[-9.13231,42.84476],[-9.13228,42.84579],[-9.13268,42.84616],[-9.13264,42.84495],[-9.13231,42.84476]]],[[[-9.13663,43.20056],[-9.13705,43.20058],[-9.13601,43.19997],[-9.13634,43.20058],[-9.13663,43.20056]]],[[[-9.19826,43.16061],[-9.19838,43.16117],[-9.19903,43.1612],[-9.19878,43.16074],[-9.19826,43.16061]]],[[[-7.80216,43.7452],[-7.80237,43.74571],[-7.80293,43.74582],[-7.80286,43.74528],[-7.80216,43.7452]]],[[[-8.31546,43.54987],[-8.31518,43.55044],[-8.31577,43.55049],[-8.31594,43.55004],[-8.31546,43.54987]]],[[[-8.41382,43.38931],[-8.41404,43.38904],[-8.41272,43.38896],[-8.4128,43.38917],[-8.41382,43.38931]]],[[[-9.06446,42.6197],[-9.06494,42.61951],[-9.06361,42.6196],[-9.06378,42.61976],[-9.06446,42.6197]]],[[[-8.25139,43.36704],[-8.25162,43.36675],[-8.25068,43.36684],[-8.25095,43.36715],[-8.25139,43.36704]]],[[[-8.19625,43.60407],[-8.19668,43.60384],[-8.19606,43.60342],[-8.19595,43.60381],[-8.19625,43.60407]]],[[[-8.14819,43.62326],[-8.14812,43.62374],[-8.14849,43.62247],[-8.14833,43.6226],[-8.14819,43.62326]]],[[[-9.15073,42.8698],[-9.1504,42.87005],[-9.15026,42.87062],[-9.1508,42.87037],[-9.15073,42.8698]]],[[[-8.86891,42.60421],[-8.86884,42.605],[-8.86904,42.60522],[-8.86942,42.60493],[-8.86891,42.60421]]],[[[-9.15312,42.79699],[-9.15303,42.79771],[-9.15335,42.79796],[-9.15363,42.7972],[-9.15312,42.79699]]],[[[-8.05162,43.71219],[-8.05204,43.71193],[-8.05132,43.71171],[-8.05123,43.71211],[-8.05162,43.71219]]],[[[-8.34776,43.36194],[-8.34752,43.36228],[-8.34789,43.36264],[-8.34816,43.36207],[-8.34776,43.36194]]],[[[-8.91125,43.30357],[-8.91137,43.304],[-8.91194,43.30383],[-8.91171,43.30342],[-8.91125,43.30357]]],[[[-8.15379,43.61764],[-8.15337,43.61795],[-8.15399,43.61823],[-8.15422,43.61767],[-8.15379,43.61764]]],[[[-9.01409,42.49066],[-9.01425,42.49031],[-9.01326,42.49043],[-9.01332,42.4906],[-9.01409,42.49066]]],[[[-9.18382,42.87999],[-9.1838,42.88052],[-9.1842,42.88076],[-9.18442,42.88039],[-9.18382,42.87999]]],[[[-8.52167,43.32508],[-8.5213,43.32524],[-8.52108,43.32564],[-8.52188,43.32539],[-8.52167,43.32508]]],[[[-9.18726,42.88222],[-9.18705,42.88271],[-9.18777,42.88264],[-9.1877,42.88233],[-9.18726,42.88222]]],[[[-8.41251,43.38414],[-8.41284,43.38452],[-8.41349,43.38441],[-8.41324,43.38414],[-8.41251,43.38414]]],[[[-8.8395,43.34564],[-8.83964,43.34636],[-8.84,43.34635],[-8.83991,43.34557],[-8.8395,43.34564]]],[[[-9.14179,42.79432],[-9.14137,42.79484],[-9.14136,42.79507],[-9.14196,42.79477],[-9.14179,42.79432]]],[[[-8.78066,43.30412],[-8.78063,43.30519],[-8.78088,43.30527],[-8.78094,43.30423],[-8.78066,43.30412]]],[[[-9.18436,42.87918],[-9.1843,42.87968],[-9.18492,42.87969],[-9.18464,42.8792],[-9.18436,42.87918]]],[[[-7.74801,43.74624],[-7.74798,43.74687],[-7.74815,43.74688],[-7.74851,43.7464],[-7.74801,43.74624]]],[[[-8.99956,42.49507],[-9.0004,42.49533],[-9.00058,42.49505],[-9.00008,42.49486],[-8.99956,42.49507]]],[[[-9.18433,43.1842],[-9.18459,43.1841],[-9.18438,43.18335],[-9.184,43.18381],[-9.18433,43.1842]]],[[[-8.96073,42.775],[-8.96077,42.77551],[-8.96141,42.77519],[-8.96121,42.77493],[-8.96073,42.775]]],[[[-9.16145,42.89364],[-9.16136,42.89407],[-9.16203,42.89418],[-9.16183,42.8936],[-9.16145,42.89364]]],[[[-8.99719,42.52746],[-8.99754,42.52781],[-8.99804,42.52772],[-8.99736,42.5272],[-8.99719,42.52746]]],[[[-9.04285,42.53453],[-9.04274,42.53513],[-9.04312,42.53538],[-9.04327,42.53505],[-9.04285,42.53453]]],[[[-9.15094,42.87409],[-9.15161,42.87397],[-9.15138,42.87333],[-9.15117,42.87333],[-9.15094,42.87409]]],[[[-7.86837,43.77409],[-7.86906,43.77475],[-7.86935,43.77474],[-7.86929,43.77446],[-7.86837,43.77409]]],[[[-9.14836,42.79385],[-9.1481,42.79424],[-9.14887,42.79415],[-9.14884,42.79393],[-9.14836,42.79385]]],[[[-8.91745,42.58635],[-8.91815,42.5863],[-8.91845,42.58601],[-8.91768,42.58597],[-8.91745,42.58635]]],[[[-9.1844,42.88163],[-9.18481,42.88242],[-9.18506,42.88247],[-9.185,42.88192],[-9.1844,42.88163]]],[[[-9.03879,42.51734],[-9.03884,42.51791],[-9.03948,42.51761],[-9.03924,42.51741],[-9.03879,42.51734]]],[[[-9.18495,42.87914],[-9.18507,42.87962],[-9.18549,42.87958],[-9.18547,42.87915],[-9.18495,42.87914]]],[[[-9.14652,42.86205],[-9.14651,42.86317],[-9.14667,42.86328],[-9.14683,42.86229],[-9.14652,42.86205]]],[[[-9.04073,42.51456],[-9.04117,42.51495],[-9.04153,42.5142],[-9.04137,42.51415],[-9.04073,42.51456]]],[[[-9.14823,42.8789],[-9.14852,42.87866],[-9.14731,42.87875],[-9.14741,42.87885],[-9.14823,42.8789]]],[[[-9.01463,42.49739],[-9.01459,42.49806],[-9.01517,42.49807],[-9.01509,42.49771],[-9.01463,42.49739]]],[[[-8.86763,42.60622],[-8.8676,42.60679],[-8.86799,42.60682],[-8.86812,42.6063],[-8.86763,42.60622]]],[[[-9.1402,42.85247],[-9.14033,42.85229],[-9.13964,42.85187],[-9.13958,42.85238],[-9.1402,42.85247]]],[[[-9.18745,42.88092],[-9.18776,42.88108],[-9.18827,42.88077],[-9.18733,42.88021],[-9.18745,42.88092]]],[[[-8.83788,43.36373],[-8.83777,43.36415],[-8.83819,43.36429],[-8.83832,43.3638],[-8.83788,43.36373]]],[[[-9.00507,42.49324],[-9.00481,42.49377],[-9.00545,42.49399],[-9.00532,42.49329],[-9.00507,42.49324]]],[[[-8.99873,42.4898],[-8.99921,42.48954],[-8.99797,42.48968],[-8.99838,42.48969],[-8.99873,42.4898]]],[[[-9.13639,43.19752],[-9.13639,43.19806],[-9.13707,43.19797],[-9.1366,43.19742],[-9.13639,43.19752]]],[[[-8.06638,43.70133],[-8.06649,43.70187],[-8.06677,43.702],[-8.06694,43.70149],[-8.06638,43.70133]]],[[[-8.40664,43.38849],[-8.40777,43.38886],[-8.40807,43.38873],[-8.40792,43.38862],[-8.40664,43.38849]]],[[[-8.52019,43.32659],[-8.52001,43.32675],[-8.52015,43.3273],[-8.52054,43.32711],[-8.52019,43.32659]]],[[[-8.04737,43.71536],[-8.048,43.71532],[-8.04806,43.71512],[-8.04725,43.715],[-8.04737,43.71536]]],[[[-8.19808,43.61051],[-8.19785,43.61091],[-8.19801,43.61136],[-8.19833,43.61087],[-8.19808,43.61051]]],[[[-8.13498,43.6357],[-8.13532,43.63612],[-8.13584,43.63598],[-8.13579,43.63585],[-8.13498,43.6357]]],[[[-9.29236,43.05861],[-9.29251,43.05907],[-9.29307,43.05918],[-9.2928,43.05882],[-9.29236,43.05861]]],[[[-9.05434,42.50699],[-9.0542,42.50733],[-9.05464,42.50766],[-9.05463,42.50702],[-9.05434,42.50699]]],[[[-8.04096,43.71422],[-8.04114,43.71457],[-8.04159,43.71465],[-8.04156,43.71419],[-8.04096,43.71422]]],[[[-8.83523,43.35589],[-8.83493,43.35616],[-8.83581,43.35612],[-8.83575,43.35585],[-8.83523,43.35589]]],[[[-8.01728,43.71294],[-8.0173,43.71363],[-8.01748,43.7138],[-8.01774,43.71332],[-8.01728,43.71294]]],[[[-8.56002,43.31584],[-8.55994,43.31628],[-8.56034,43.31636],[-8.56043,43.31596],[-8.56002,43.31584]]],[[[-8.91662,43.29364],[-8.91658,43.29399],[-8.9172,43.29388],[-8.91704,43.29359],[-8.91662,43.29364]]],[[[-8.95678,42.57349],[-8.957,42.57383],[-8.95759,42.57339],[-8.95741,42.5733],[-8.95678,42.57349]]],[[[-8.98344,43.26631],[-8.98339,43.26595],[-8.98272,43.26605],[-8.98281,43.2663],[-8.98344,43.26631]]],[[[-8.02143,43.71249],[-8.02165,43.71274],[-8.02222,43.71265],[-8.02212,43.71235],[-8.02143,43.71249]]],[[[-9.14476,42.88372],[-9.14458,42.88415],[-9.1441,42.88466],[-9.1449,42.88399],[-9.14476,42.88372]]],[[[-9.26683,43.05315],[-9.26699,43.05341],[-9.26739,43.0531],[-9.26693,43.05271],[-9.26683,43.05315]]],[[[-9.1446,43.19498],[-9.1447,43.19554],[-9.14506,43.19563],[-9.1451,43.19524],[-9.1446,43.19498]]],[[[-9.13912,42.79],[-9.13894,42.79012],[-9.13982,42.79048],[-9.13961,42.79009],[-9.13912,42.79]]],[[[-9.25798,43.08928],[-9.25802,43.08968],[-9.25849,43.08967],[-9.2582,43.0892],[-9.25798,43.08928]]],[[[-9.21582,43.15104],[-9.21588,43.15137],[-9.21635,43.15147],[-9.21631,43.15104],[-9.21582,43.15104]]],[[[-8.91007,43.30457],[-8.90957,43.30504],[-8.9096,43.30508],[-8.91026,43.30493],[-8.91007,43.30457]]],[[[-9.07995,42.59617],[-9.07985,42.59632],[-9.08085,42.59659],[-9.08066,42.59623],[-9.07995,42.59617]]],[[[-9.00618,42.49741],[-9.00598,42.49771],[-9.00667,42.49787],[-9.00644,42.49744],[-9.00618,42.49741]]],[[[-9.04518,42.51192],[-9.04539,42.51221],[-9.04499,42.51136],[-9.04483,42.51195],[-9.04518,42.51192]]],[[[-9.13688,43.19749],[-9.137,43.19779],[-9.13753,43.19796],[-9.1374,43.19752],[-9.13688,43.19749]]],[[[-9.17972,43.18334],[-9.17958,43.18342],[-9.17976,43.18431],[-9.17998,43.18341],[-9.17972,43.18334]]],[[[-9.29663,42.92578],[-9.29667,42.92625],[-9.29696,42.92638],[-9.29697,42.92585],[-9.29663,42.92578]]],[[[-8.30459,43.54082],[-8.3047,43.54129],[-8.30509,43.54145],[-8.30504,43.541],[-8.30459,43.54082]]],[[[-7.7981,43.73164],[-7.79801,43.73203],[-7.7985,43.7321],[-7.79846,43.73171],[-7.7981,43.73164]]],[[[-9.05403,42.52039],[-9.05415,42.52081],[-9.05464,42.52064],[-9.05461,42.52045],[-9.05403,42.52039]]],[[[-7.86315,43.76707],[-7.86296,43.76755],[-7.86313,43.76786],[-7.86343,43.76722],[-7.86315,43.76707]]],[[[-9.18794,43.18234],[-9.18774,43.18262],[-9.18798,43.18307],[-9.1882,43.18253],[-9.18794,43.18234]]],[[[-9.05242,42.50687],[-9.05296,42.50719],[-9.05316,42.50715],[-9.0529,42.50659],[-9.05242,42.50687]]],[[[-8.30475,43.5406],[-8.30557,43.54057],[-8.30573,43.54048],[-8.30479,43.54028],[-8.30475,43.5406]]],[[[-8.84999,43.33557],[-8.84964,43.33586],[-8.85037,43.33602],[-8.85026,43.33569],[-8.84999,43.33557]]],[[[-8.83803,43.3629],[-8.83842,43.36332],[-8.83877,43.36319],[-8.83832,43.36282],[-8.83803,43.3629]]],[[[-8.00905,43.70758],[-8.00872,43.70773],[-8.00926,43.70812],[-8.00924,43.70761],[-8.00905,43.70758]]],[[[-9.17162,42.80009],[-9.1715,42.80014],[-9.17149,42.80084],[-9.17188,42.8003],[-9.17162,42.80009]]],[[[-8.0094,43.70942],[-8.00906,43.70958],[-8.00967,43.70986],[-8.00963,43.70945],[-8.0094,43.70942]]],[[[-9.01442,42.49853],[-9.0148,42.49866],[-9.01499,42.49834],[-9.01455,42.49822],[-9.01442,42.49853]]],[[[-8.59497,43.32137],[-8.59534,43.32138],[-8.59565,43.32115],[-8.5952,43.32091],[-8.59497,43.32137]]],[[[-9.18149,43.17299],[-9.18142,43.17343],[-9.18187,43.17345],[-9.18182,43.173],[-9.18149,43.17299]]],[[[-9.14676,42.79387],[-9.14667,42.79404],[-9.14681,42.79465],[-9.14716,42.79408],[-9.14676,42.79387]]],[[[-8.96088,42.57083],[-8.96107,42.57121],[-8.96151,42.57121],[-8.96131,42.57077],[-8.96088,42.57083]]],[[[-8.84879,43.36206],[-8.84875,43.36255],[-8.84907,43.36261],[-8.84923,43.36223],[-8.84879,43.36206]]],[[[-7.855,43.72639],[-7.85489,43.72668],[-7.85556,43.72683],[-7.85526,43.72639],[-7.855,43.72639]]],[[[-9.1912,43.16132],[-9.19137,43.16168],[-9.19177,43.16168],[-9.19157,43.16128],[-9.1912,43.16132]]],[[[-8.59015,43.32085],[-8.59033,43.3212],[-8.59077,43.32103],[-8.59057,43.32084],[-8.59015,43.32085]]],[[[-9.02517,42.48907],[-9.02551,42.48933],[-9.02591,42.48905],[-9.02577,42.48892],[-9.02517,42.48907]]],[[[-8.18224,43.62212],[-8.18271,43.62218],[-8.18295,43.62176],[-8.18271,43.62173],[-8.18224,43.62212]]],[[[-7.69041,43.79192],[-7.69057,43.79235],[-7.69097,43.79222],[-7.69093,43.79203],[-7.69041,43.79192]]],[[[-9.07395,42.56564],[-9.07402,42.56612],[-9.0744,42.56609],[-9.07423,42.56566],[-9.07395,42.56564]]],[[[-9.1307,42.84372],[-9.13069,42.8441],[-9.13119,42.84418],[-9.13104,42.84381],[-9.1307,42.84372]]],[[[-8.96642,43.22902],[-8.96624,43.22932],[-8.96673,43.22942],[-8.96684,43.22915],[-8.96642,43.22902]]],[[[-8.32671,43.40463],[-8.32651,43.40486],[-8.32648,43.40523],[-8.32696,43.40492],[-8.32671,43.40463]]],[[[-9.13379,43.19698],[-9.13404,43.19733],[-9.13438,43.19722],[-9.13418,43.19693],[-9.13379,43.19698]]],[[[-8.30791,43.56905],[-8.30779,43.56942],[-8.30845,43.5693],[-8.30828,43.56916],[-8.30791,43.56905]]],[[[-8.83457,43.35012],[-8.8341,43.35044],[-8.83409,43.35054],[-8.83469,43.35052],[-8.83457,43.35012]]],[[[-9.01512,42.48836],[-9.01479,42.48859],[-9.01495,42.4888],[-9.01542,42.48853],[-9.01512,42.48836]]],[[[-8.18143,43.62232],[-8.18102,43.62246],[-8.18092,43.62265],[-8.18142,43.62271],[-8.18143,43.62232]]],[[[-9.17151,42.86321],[-9.17181,42.86357],[-9.17228,42.86338],[-9.17179,42.8632],[-9.17151,42.86321]]],[[[-9.16266,42.91249],[-9.16249,42.91288],[-9.16272,42.91333],[-9.16283,42.9126],[-9.16266,42.91249]]],[[[-8.84407,43.36206],[-8.84409,43.36238],[-8.84458,43.36218],[-8.84427,43.36191],[-8.84407,43.36206]]],[[[-8.00989,43.70937],[-8.01002,43.70977],[-8.01041,43.70982],[-8.01043,43.70961],[-8.00989,43.70937]]],[[[-9.15143,42.87198],[-9.15099,42.87258],[-9.15103,42.87279],[-9.15159,42.87207],[-9.15143,42.87198]]],[[[-8.28281,43.56128],[-8.28245,43.56139],[-8.28243,43.56151],[-8.28311,43.56144],[-8.28281,43.56128]]],[[[-9.14174,42.85467],[-9.14195,42.85484],[-9.14227,42.85478],[-9.14193,42.85428],[-9.14174,42.85467]]],[[[-9.11608,43.19682],[-9.116,43.19697],[-9.11611,43.19755],[-9.11642,43.19703],[-9.11608,43.19682]]],[[[-7.77098,43.74184],[-7.77137,43.74238],[-7.77144,43.74236],[-7.77139,43.74163],[-7.77098,43.74184]]],[[[-9.11443,43.19454],[-9.11439,43.19477],[-9.11471,43.19502],[-9.11484,43.19461],[-9.11443,43.19454]]],[[[-9.14559,42.73627],[-9.14549,42.73654],[-9.14601,42.7366],[-9.14605,42.73637],[-9.14559,42.73627]]],[[[-9.14503,42.82046],[-9.14485,42.8207],[-9.14535,42.82078],[-9.14531,42.82045],[-9.14503,42.82046]]],[[[-9.08931,42.57807],[-9.08946,42.5785],[-9.08997,42.57855],[-9.08957,42.57802],[-9.08931,42.57807]]],[[[-8.30696,43.56887],[-8.30671,43.56915],[-8.30741,43.569],[-8.30734,43.56888],[-8.30696,43.56887]]],[[[-9.13011,42.77],[-9.13007,42.77027],[-9.13054,42.77032],[-9.13052,42.77009],[-9.13011,42.77]]],[[[-9.15176,43.19427],[-9.1515,43.1944],[-9.15161,43.19476],[-9.15194,43.19458],[-9.15176,43.19427]]],[[[-9.00941,42.49892],[-9.00974,42.49915],[-9.00998,42.49889],[-9.00943,42.4988],[-9.00941,42.49892]]],[[[-8.21243,43.59299],[-8.21236,43.59312],[-8.21307,43.59338],[-8.21288,43.59311],[-8.21243,43.59299]]],[[[-9.04457,42.51059],[-9.04433,42.51079],[-9.0445,42.51121],[-9.04475,42.51099],[-9.04457,42.51059]]],[[[-8.98323,43.26522],[-8.98324,43.26565],[-8.98358,43.26572],[-8.98345,43.26528],[-8.98323,43.26522]]],[[[-8.99456,42.48714],[-8.99469,42.48748],[-8.99508,42.48712],[-8.99495,42.48704],[-8.99456,42.48714]]],[[[-9.02513,42.48831],[-9.02532,42.48862],[-9.0257,42.48861],[-9.02561,42.48832],[-9.02513,42.48831]]],[[[-9.14654,42.73876],[-9.14669,42.73912],[-9.14705,42.73917],[-9.14705,42.73891],[-9.14654,42.73876]]],[[[-8.74718,42.65029],[-8.74731,42.65062],[-8.7477,42.65069],[-8.74764,42.65046],[-8.74718,42.65029]]],[[[-8.01395,43.71093],[-8.01392,43.7113],[-8.01435,43.71127],[-8.01431,43.71101],[-8.01395,43.71093]]],[[[-9.13804,42.78965],[-9.13847,42.78989],[-9.13865,42.78977],[-9.13812,42.78946],[-9.13804,42.78965]]],[[[-8.06552,43.70123],[-8.06544,43.7015],[-8.06577,43.70159],[-8.06592,43.70128],[-8.06552,43.70123]]],[[[-8.98492,43.26757],[-8.98452,43.26769],[-8.98454,43.26775],[-8.98532,43.26763],[-8.98492,43.26757]]],[[[-9.0035,42.73569],[-9.00347,42.73605],[-9.00407,42.73598],[-9.0039,42.73575],[-9.0035,42.73569]]],[[[-9.18745,42.88312],[-9.18733,42.88338],[-9.18792,42.88342],[-9.18767,42.88316],[-9.18745,42.88312]]],[[[-8.32713,43.40433],[-8.32719,43.40472],[-8.32754,43.40454],[-8.32737,43.40429],[-8.32713,43.40433]]],[[[-7.77144,43.74087],[-7.77116,43.74126],[-7.77121,43.74144],[-7.77161,43.74114],[-7.77144,43.74087]]],[[[-9.01429,42.4869],[-9.01454,42.48724],[-9.01476,42.48718],[-9.0147,42.48685],[-9.01429,42.4869]]],[[[-8.33283,43.51094],[-8.33268,43.51121],[-8.33298,43.51136],[-8.33313,43.51097],[-8.33283,43.51094]]],[[[-9.1459,42.85947],[-9.14549,42.85981],[-9.14551,42.85989],[-9.14611,42.85978],[-9.1459,42.85947]]],[[[-8.83281,43.35625],[-8.83335,43.35623],[-8.83341,43.35614],[-8.83296,43.35596],[-8.83281,43.35625]]],[[[-9.14245,42.85601],[-9.1432,42.85605],[-9.14329,42.85589],[-9.14285,42.85579],[-9.14245,42.85601]]],[[[-7.75162,43.74693],[-7.75193,43.74756],[-7.75215,43.74758],[-7.75212,43.74737],[-7.75162,43.74693]]],[[[-8.33465,43.51081],[-8.33481,43.51107],[-8.33525,43.51082],[-8.33503,43.51069],[-8.33465,43.51081]]],[[[-9.08263,42.7333],[-9.08276,42.73366],[-9.0831,42.73336],[-9.08297,42.73329],[-9.08263,42.7333]]],[[[-7.86861,43.77938],[-7.86859,43.77958],[-7.86922,43.77972],[-7.86908,43.7795],[-7.86861,43.77938]]],[[[-8.79605,43.31256],[-8.79602,43.31293],[-8.79632,43.31305],[-8.79637,43.31267],[-8.79605,43.31256]]],[[[-9.25713,43.08876],[-9.25714,43.08895],[-9.25758,43.08934],[-9.25741,43.08884],[-9.25713,43.08876]]],[[[-8.06714,43.69692],[-8.06737,43.69726],[-8.06773,43.69712],[-8.06765,43.69694],[-8.06714,43.69692]]],[[[-9.15035,42.79603],[-9.15038,42.79638],[-9.1507,42.79635],[-9.15053,42.79592],[-9.15035,42.79603]]],[[[-9.19227,43.17307],[-9.19219,43.17326],[-9.19256,43.17355],[-9.1926,43.17314],[-9.19227,43.17307]]],[[[-8.55475,43.31382],[-8.55453,43.31391],[-8.55441,43.31415],[-8.55502,43.31395],[-8.55475,43.31382]]],[[[-9.14585,42.86525],[-9.14563,42.86582],[-9.14572,42.86602],[-9.14599,42.86538],[-9.14585,42.86525]]],[[[-9.18248,42.87848],[-9.1827,42.87918],[-9.18284,42.87927],[-9.18272,42.87864],[-9.18248,42.87848]]],[[[-8.98148,42.53995],[-8.98162,42.54015],[-8.98177,42.53975],[-8.98143,42.53962],[-8.98148,42.53995]]],[[[-8.21466,43.59361],[-8.21514,43.59402],[-8.21536,43.59393],[-8.21522,43.59378],[-8.21466,43.59361]]],[[[-9.04333,42.53446],[-9.04335,42.53488],[-9.04371,42.53511],[-9.04349,42.53447],[-9.04333,42.53446]]],[[[-8.04684,43.71412],[-8.04721,43.71442],[-8.04752,43.71435],[-8.04725,43.71411],[-8.04684,43.71412]]],[[[-8.03181,43.71483],[-8.03179,43.71511],[-8.03222,43.71514],[-8.03204,43.71485],[-8.03181,43.71483]]],[[[-8.56708,43.31545],[-8.56672,43.31551],[-8.56655,43.31572],[-8.56732,43.31554],[-8.56708,43.31545]]],[[[-9.13141,42.77731],[-9.13108,42.77749],[-9.13179,42.77743],[-9.13166,42.77729],[-9.13141,42.77731]]],[[[-8.41123,43.38754],[-8.41161,43.38787],[-8.41173,43.38784],[-8.41174,43.38752],[-8.41123,43.38754]]],[[[-7.86642,43.77073],[-7.86629,43.77085],[-7.86627,43.77111],[-7.86672,43.77096],[-7.86642,43.77073]]],[[[-8.21078,43.59489],[-8.21101,43.59523],[-8.2113,43.59532],[-8.21127,43.59509],[-8.21078,43.59489]]],[[[-9.06248,42.61924],[-9.06242,42.61956],[-9.06297,42.61937],[-9.06294,42.61926],[-9.06248,42.61924]]],[[[-7.73724,43.74804],[-7.73731,43.74835],[-7.73759,43.74796],[-7.73744,43.74777],[-7.73724,43.74804]]],[[[-9.11132,43.19217],[-9.11138,43.19258],[-9.11161,43.19273],[-9.11171,43.19217],[-9.11132,43.19217]]],[[[-8.09197,43.66671],[-8.09196,43.66703],[-8.09234,43.66714],[-8.09227,43.66688],[-8.09197,43.66671]]],[[[-9.07621,42.59872],[-9.07628,42.599],[-9.07662,42.59903],[-9.07659,42.59874],[-9.07621,42.59872]]],[[[-8.12104,43.64396],[-8.12093,43.64417],[-8.12102,43.64459],[-8.12123,43.64426],[-8.12104,43.64396]]],[[[-8.9863,42.55522],[-8.98655,42.55535],[-8.98659,42.55504],[-8.98598,42.55522],[-8.9863,42.55522]]],[[[-8.60718,43.32274],[-8.60687,43.32289],[-8.6069,43.3231],[-8.6074,43.32294],[-8.60718,43.32274]]],[[[-9.18879,43.18327],[-9.18874,43.18355],[-9.18917,43.18384],[-9.18927,43.18367],[-9.18879,43.18327]]],[[[-8.01669,43.71268],[-8.01691,43.7131],[-8.01713,43.71318],[-8.01711,43.71286],[-8.01669,43.71268]]],[[[-8.20973,43.595],[-8.21012,43.5953],[-8.21051,43.59537],[-8.21001,43.595],[-8.20973,43.595]]],[[[-9.09112,42.73739],[-9.09108,42.73764],[-9.09151,42.73758],[-9.09146,42.73739],[-9.09112,42.73739]]],[[[-8.01011,43.7091],[-8.01015,43.70934],[-8.0106,43.70942],[-8.01041,43.70912],[-8.01011,43.7091]]],[[[-9.04218,42.52551],[-9.04263,42.52553],[-9.04285,42.52539],[-9.04246,42.52525],[-9.04218,42.52551]]],[[[-9.14918,42.80694],[-9.14904,42.80701],[-9.1491,42.80733],[-9.14956,42.80705],[-9.14918,42.80694]]],[[[-8.20189,43.59776],[-8.20228,43.59827],[-8.20243,43.59831],[-8.20233,43.59795],[-8.20189,43.59776]]],[[[-9.14363,42.81548],[-9.14345,42.81564],[-9.14353,42.81583],[-9.1439,42.81562],[-9.14363,42.81548]]],[[[-9.14672,42.73774],[-9.14678,42.73796],[-9.14717,42.73804],[-9.14705,42.73765],[-9.14672,42.73774]]],[[[-8.99884,42.49387],[-8.99877,42.49407],[-8.99928,42.4943],[-8.99911,42.49395],[-8.99884,42.49387]]],[[[-9.04848,42.518],[-9.04889,42.518],[-9.04894,42.51793],[-9.0486,42.5177],[-9.04848,42.518]]],[[[-9.1471,42.8656],[-9.14704,42.86572],[-9.14772,42.86611],[-9.14768,42.86596],[-9.1471,42.8656]]],[[[-7.79029,43.73498],[-7.79017,43.73563],[-7.79023,43.73576],[-7.79037,43.73557],[-7.79029,43.73498]]],[[[-9.14599,42.7925],[-9.14589,42.79296],[-9.14599,42.7931],[-9.14618,42.79257],[-9.14599,42.7925]]],[[[-9.01949,42.45905],[-9.01941,42.45931],[-9.0198,42.45931],[-9.0198,42.45909],[-9.01949,42.45905]]],[[[-8.9913,42.52799],[-8.99141,42.52846],[-8.99168,42.52835],[-8.99155,42.528],[-8.9913,42.52799]]],[[[-7.86988,43.77657],[-7.86994,43.77676],[-7.8705,43.77692],[-7.87044,43.77678],[-7.86988,43.77657]]],[[[-8.34125,43.51059],[-8.34157,43.51053],[-8.34063,43.5104],[-8.34077,43.51049],[-8.34125,43.51059]]],[[[-9.00043,42.49104],[-9.00069,42.49121],[-9.00106,42.49095],[-9.00051,42.49095],[-9.00043,42.49104]]],[[[-9.02154,42.47388],[-9.02139,42.47404],[-9.0215,42.47436],[-9.02171,42.47403],[-9.02154,42.47388]]],[[[-8.03036,43.71367],[-8.0303,43.7139],[-8.03059,43.71405],[-8.03071,43.71385],[-8.03036,43.71367]]],[[[-8.33647,43.40666],[-8.33624,43.40688],[-8.33626,43.40708],[-8.33667,43.40681],[-8.33647,43.40666]]],[[[-9.14716,42.73739],[-9.14699,42.73755],[-9.14754,42.73745],[-9.14742,42.73734],[-9.14716,42.73739]]],[[[-9.09262,43.18939],[-9.09258,43.18976],[-9.09285,43.18991],[-9.09286,43.18962],[-9.09262,43.18939]]],[[[-8.95848,42.57287],[-8.95833,42.57328],[-8.95847,42.57339],[-8.95878,42.5732],[-8.95848,42.57287]]],[[[-8.14242,43.63024],[-8.14264,43.63012],[-8.14306,43.63014],[-8.14272,43.62991],[-8.14242,43.63024]]],[[[-9.14957,42.79656],[-9.14963,42.79688],[-9.14987,42.79691],[-9.14992,42.79668],[-9.14957,42.79656]]],[[[-8.33877,43.40081],[-8.33901,43.40098],[-8.33942,43.40069],[-8.33881,43.40063],[-8.33877,43.40081]]],[[[-9.02025,42.47366],[-9.02044,42.47404],[-9.02057,42.47397],[-9.02054,42.47355],[-9.02025,42.47366]]],[[[-9.04715,42.5177],[-9.0472,42.51806],[-9.04757,42.51775],[-9.04722,42.51756],[-9.04715,42.5177]]],[[[-9.04825,42.51824],[-9.04847,42.51857],[-9.04877,42.51841],[-9.04856,42.51818],[-9.04825,42.51824]]],[[[-8.13653,43.63521],[-8.13671,43.63558],[-8.13705,43.63546],[-8.13686,43.63528],[-8.13653,43.63521]]],[[[-9.14078,42.79286],[-9.14054,42.79331],[-9.14056,42.79343],[-9.14095,42.79312],[-9.14078,42.79286]]],[[[-9.19636,43.16138],[-9.19633,43.16162],[-9.19652,43.16171],[-9.19662,43.16127],[-9.19636,43.16138]]],[[[-9.00471,42.51072],[-9.00505,42.511],[-9.00534,42.51095],[-9.00507,42.51073],[-9.00471,42.51072]]],[[[-8.02292,43.71235],[-8.02282,43.71267],[-8.02302,43.71274],[-8.02313,43.71241],[-8.02292,43.71235]]],[[[-7.79749,43.73266],[-7.79745,43.73282],[-7.79769,43.73313],[-7.79783,43.73271],[-7.79749,43.73266]]],[[[-8.34384,43.39863],[-8.34369,43.39889],[-8.34398,43.39896],[-8.34413,43.39871],[-8.34384,43.39863]]],[[[-8.83596,43.34468],[-8.83607,43.34477],[-8.83637,43.34459],[-8.83604,43.34436],[-8.83596,43.34468]]],[[[-9.00743,42.49889],[-9.00715,42.49915],[-9.00717,42.49928],[-9.00757,42.49911],[-9.00743,42.49889]]],[[[-8.95444,43.25769],[-8.9543,43.2579],[-8.95434,43.25818],[-8.95466,43.25771],[-8.95444,43.25769]]],[[[-9.14344,42.85759],[-9.14344,42.85803],[-9.14364,42.85807],[-9.14376,42.85774],[-9.14344,42.85759]]],[[[-8.21009,43.59459],[-8.21018,43.59484],[-8.21057,43.59483],[-8.2104,43.59467],[-8.21009,43.59459]]],[[[-9.04248,42.52566],[-9.04278,42.52592],[-9.04302,42.52582],[-9.043,42.52572],[-9.04248,42.52566]]],[[[-9.08154,42.73347],[-9.08154,42.73367],[-9.08203,42.7337],[-9.08173,42.73341],[-9.08154,42.73347]]],[[[-9.01449,42.48955],[-9.01441,42.48979],[-9.01468,42.48995],[-9.01478,42.4898],[-9.01449,42.48955]]],[[[-9.1723,42.79972],[-9.17222,42.80007],[-9.17247,42.80042],[-9.17243,42.79975],[-9.1723,42.79972]]],[[[-8.06426,43.70218],[-8.06425,43.70236],[-8.06474,43.70241],[-8.06466,43.70226],[-8.06426,43.70218]]],[[[-9.04205,42.53287],[-9.04235,42.5332],[-9.04252,42.53319],[-9.0425,42.53295],[-9.04205,42.53287]]],[[[-9.01389,43.23517],[-9.01419,43.23519],[-9.0144,43.23483],[-9.01402,43.2348],[-9.01389,43.23517]]],[[[-8.01445,43.71157],[-8.01436,43.71178],[-8.01477,43.71186],[-8.01476,43.71173],[-8.01445,43.71157]]],[[[-9.00106,42.46704],[-9.00137,42.46732],[-9.00159,42.46692],[-9.00155,42.4669],[-9.00106,42.46704]]],[[[-9.13167,42.84487],[-9.13166,42.84506],[-9.13207,42.84538],[-9.13192,42.84497],[-9.13167,42.84487]]],[[[-9.0706,42.57187],[-9.07067,42.57212],[-9.07109,42.57197],[-9.07099,42.57188],[-9.0706,42.57187]]],[[[-9.1453,42.81649],[-9.14527,42.8167],[-9.14571,42.81668],[-9.14551,42.81651],[-9.1453,42.81649]]],[[[-9.02486,42.49267],[-9.02496,42.49298],[-9.02524,42.49295],[-9.02515,42.49268],[-9.02486,42.49267]]],[[[-9.14704,42.86291],[-9.14729,42.86311],[-9.14755,42.86293],[-9.14719,42.8628],[-9.14704,42.86291]]],[[[-9.15121,42.87004],[-9.15105,42.87028],[-9.15113,42.87044],[-9.15144,42.87014],[-9.15121,42.87004]]],[[[-8.59173,43.32151],[-8.59161,43.32179],[-8.59201,43.32166],[-8.59187,43.32151],[-8.59173,43.32151]]],[[[-9.01901,42.49267],[-9.0191,42.49288],[-9.01961,42.49292],[-9.01912,42.49263],[-9.01901,42.49267]]],[[[-9.0468,42.5088],[-9.04705,42.50895],[-9.04732,42.50879],[-9.04722,42.50864],[-9.0468,42.5088]]],[[[-8.33276,43.51251],[-8.3328,43.51277],[-8.33312,43.51279],[-8.33303,43.51257],[-8.33276,43.51251]]],[[[-9.0469,42.51154],[-9.0471,42.51189],[-9.04739,42.51194],[-9.04734,42.51179],[-9.0469,42.51154]]],[[[-9.141,42.78726],[-9.14096,42.78755],[-9.14132,42.78743],[-9.14122,42.78725],[-9.141,42.78726]]],[[[-9.01085,42.48593],[-9.0108,42.48636],[-9.01087,42.48647],[-9.01104,42.48615],[-9.01085,42.48593]]],[[[-9.18955,43.1846],[-9.18956,43.18488],[-9.18983,43.185],[-9.18986,43.18481],[-9.18955,43.1846]]],[[[-8.91782,42.59565],[-8.91771,42.59578],[-8.91812,42.59613],[-8.91799,42.59561],[-8.91782,42.59565]]],[[[-9.16886,42.86208],[-9.16903,42.86229],[-9.16926,42.86218],[-9.16918,42.86192],[-9.16886,42.86208]]],[[[-9.0917,42.57419],[-9.09172,42.57436],[-9.09217,42.57432],[-9.09196,42.57417],[-9.0917,42.57419]]],[[[-8.18993,43.61792],[-8.18983,43.61805],[-8.18994,43.61852],[-8.19005,43.61825],[-8.18993,43.61792]]],[[[-8.58392,43.31723],[-8.58369,43.31739],[-8.58374,43.3175],[-8.58416,43.31741],[-8.58392,43.31723]]],[[[-9.16172,42.91217],[-9.1617,42.91242],[-9.16191,42.9128],[-9.16189,42.91238],[-9.16172,42.91217]]],[[[-9.04756,42.50782],[-9.04761,42.50821],[-9.04783,42.50819],[-9.04773,42.50783],[-9.04756,42.50782]]],[[[-9.04775,42.505],[-9.04779,42.5052],[-9.04817,42.50521],[-9.04801,42.50497],[-9.04775,42.505]]],[[[-9.18381,42.87929],[-9.1838,42.87956],[-9.18413,42.87976],[-9.18412,42.87962],[-9.18381,42.87929]]],[[[-8.04742,43.71562],[-8.04768,43.71582],[-8.04785,43.71569],[-8.04771,43.71549],[-8.04742,43.71562]]],[[[-9.05961,42.6117],[-9.0596,42.61183],[-9.06004,42.61198],[-9.05988,42.61169],[-9.05961,42.6117]]],[[[-9.12479,43.19766],[-9.12502,43.19794],[-9.12529,43.19783],[-9.12494,43.19765],[-9.12479,43.19766]]],[[[-7.9048,43.77323],[-7.90473,43.77344],[-7.905,43.77356],[-7.90504,43.7733],[-7.9048,43.77323]]],[[[-8.84983,43.36138],[-8.8496,43.36167],[-8.8496,43.3617],[-8.84992,43.36169],[-8.84983,43.36138]]],[[[-9.11967,42.83989],[-9.11975,42.84033],[-9.11992,42.84038],[-9.11981,42.83995],[-9.11967,42.83989]]],[[[-8.14164,43.63203],[-8.14147,43.63217],[-8.14147,43.63235],[-8.14185,43.63209],[-8.14164,43.63203]]],[[[-8.31116,43.54498],[-8.31088,43.54517],[-8.31076,43.54534],[-8.31131,43.5451],[-8.31116,43.54498]]],[[[-9.09006,42.73833],[-9.09011,42.73863],[-9.09037,42.7385],[-9.09034,42.73837],[-9.09006,42.73833]]],[[[-9.01525,42.464],[-9.01509,42.46419],[-9.01536,42.4644],[-9.01538,42.46416],[-9.01525,42.464]]],[[[-9.04757,42.5121],[-9.04759,42.51237],[-9.0479,42.51226],[-9.04772,42.51204],[-9.04757,42.5121]]],[[[-8.99914,42.77846],[-8.99922,42.77866],[-8.99962,42.77861],[-8.99935,42.77844],[-8.99914,42.77846]]],[[[-9.1199,42.8386],[-9.11996,42.83879],[-9.12035,42.83869],[-9.12025,42.83859],[-9.1199,42.8386]]],[[[-9.17559,43.18974],[-9.17581,43.18998],[-9.17605,43.18991],[-9.17577,43.18969],[-9.17559,43.18974]]],[[[-9.19514,43.16282],[-9.19503,43.16295],[-9.19524,43.16311],[-9.19537,43.16279],[-9.19514,43.16282]]],[[[-9.1875,43.17127],[-9.18755,43.17153],[-9.1878,43.17154],[-9.18782,43.17132],[-9.1875,43.17127]]],[[[-9.14397,42.79483],[-9.14404,42.7951],[-9.1442,42.79519],[-9.14411,42.79471],[-9.14397,42.79483]]],[[[-9.00212,42.48984],[-9.00254,42.49014],[-9.00277,42.49015],[-9.0023,42.4898],[-9.00212,42.48984]]],[[[-9.15171,42.80569],[-9.15194,42.806],[-9.15213,42.80606],[-9.15199,42.80575],[-9.15171,42.80569]]],[[[-8.43642,43.38273],[-8.43659,43.38306],[-8.43679,43.3829],[-8.43662,43.38271],[-8.43642,43.38273]]],[[[-9.13497,43.19709],[-9.13498,43.19727],[-9.13536,43.19735],[-9.13531,43.19718],[-9.13497,43.19709]]],[[[-9.08168,42.59726],[-9.08166,42.5974],[-9.08216,42.59752],[-9.08196,42.59728],[-9.08168,42.59726]]],[[[-8.33939,43.40121],[-8.33947,43.40129],[-8.33996,43.40109],[-8.33947,43.40102],[-8.33939,43.40121]]],[[[-9.13522,43.19916],[-9.13551,43.19917],[-9.1358,43.199],[-9.13561,43.19889],[-9.13522,43.19916]]],[[[-9.06408,42.60975],[-9.06432,42.60989],[-9.06466,42.60983],[-9.06461,42.60972],[-9.06408,42.60975]]],[[[-9.15066,42.79702],[-9.15082,42.7972],[-9.15102,42.79715],[-9.15093,42.79694],[-9.15066,42.79702]]],[[[-9.13075,42.77768],[-9.13062,42.7778],[-9.13064,42.77798],[-9.13103,42.77771],[-9.13075,42.77768]]],[[[-8.01455,43.71219],[-8.01447,43.71247],[-8.01484,43.71244],[-8.01475,43.71225],[-8.01455,43.71219]]],[[[-9.09476,42.5767],[-9.09478,42.57697],[-9.09502,42.57692],[-9.095,42.57669],[-9.09476,42.5767]]],[[[-8.96518,42.56726],[-8.96527,42.56745],[-8.96544,42.56745],[-8.96541,42.56708],[-8.96518,42.56726]]],[[[-9.01768,42.48732],[-9.0177,42.48759],[-9.01785,42.48765],[-9.01791,42.48731],[-9.01768,42.48732]]],[[[-9.10023,43.18817],[-9.10014,43.18833],[-9.10026,43.18853],[-9.10046,43.18833],[-9.10023,43.18817]]],[[[-8.85141,43.32539],[-8.85151,43.32565],[-8.85176,43.32549],[-8.85169,43.32535],[-8.85141,43.32539]]],[[[-8.12136,43.64526],[-8.12131,43.64552],[-8.12156,43.64552],[-8.12166,43.64529],[-8.12136,43.64526]]],[[[-8.95228,43.29376],[-8.95207,43.29393],[-8.9526,43.29383],[-8.95237,43.29376],[-8.95228,43.29376]]],[[[-9.15697,42.91073],[-9.15733,42.91087],[-9.15754,42.91076],[-9.1573,42.91067],[-9.15697,42.91073]]],[[[-9.16304,42.91276],[-9.16305,42.9131],[-9.16316,42.9134],[-9.16321,42.91298],[-9.16304,42.91276]]],[[[-9.01507,42.4877],[-9.015,42.48793],[-9.01522,42.48808],[-9.01532,42.48788],[-9.01507,42.4877]]],[[[-9.13121,42.84446],[-9.13124,42.84469],[-9.13155,42.84476],[-9.13139,42.84447],[-9.13121,42.84446]]],[[[-9.12771,42.84312],[-9.12765,42.8434],[-9.12782,42.84349],[-9.12792,42.84325],[-9.12771,42.84312]]],[[[-8.19975,43.60364],[-8.19963,43.6039],[-8.19979,43.60404],[-8.19995,43.6039],[-8.19975,43.60364]]],[[[-8.33408,43.40167],[-8.33433,43.40181],[-8.3346,43.40152],[-8.3341,43.40158],[-8.33408,43.40167]]],[[[-9.04169,42.52465],[-9.04186,42.52497],[-9.04207,42.52488],[-9.042,42.52466],[-9.04169,42.52465]]],[[[-8.59594,43.32054],[-8.59578,43.32071],[-8.59621,43.32067],[-8.59616,43.32058],[-8.59594,43.32054]]],[[[-8.99045,43.27348],[-8.99081,43.27356],[-8.99112,43.27343],[-8.99058,43.27338],[-8.99045,43.27348]]],[[[-9.2046,43.1372],[-9.20477,43.13746],[-9.20503,43.13734],[-9.205,43.13729],[-9.2046,43.1372]]],[[[-9.06268,42.60957],[-9.0626,42.60978],[-9.06291,42.60981],[-9.06289,42.60958],[-9.06268,42.60957]]],[[[-8.19681,43.61387],[-8.19673,43.61416],[-8.19682,43.61424],[-8.197,43.61405],[-8.19681,43.61387]]],[[[-9.19781,43.16127],[-9.19785,43.1615],[-9.19813,43.16138],[-9.19799,43.16121],[-9.19781,43.16127]]],[[[-9.15201,42.80547],[-9.1523,42.80557],[-9.15244,42.8055],[-9.15225,42.80535],[-9.15201,42.80547]]],[[[-9.15167,42.87125],[-9.15154,42.8714],[-9.15167,42.87161],[-9.15184,42.87142],[-9.15167,42.87125]]],[[[-9.02332,42.48139],[-9.02365,42.4815],[-9.02377,42.48138],[-9.02347,42.48127],[-9.02332,42.48139]]],[[[-8.12127,43.64466],[-8.12109,43.64485],[-8.1211,43.64497],[-8.12149,43.64475],[-8.12127,43.64466]]],[[[-9.00878,42.51515],[-9.00857,42.51543],[-9.0086,42.5155],[-9.00896,42.51519],[-9.00878,42.51515]]],[[[-8.99869,42.4684],[-8.99874,42.46866],[-8.99901,42.46867],[-8.99903,42.46856],[-8.99869,42.4684]]],[[[-9.28416,42.95318],[-9.28426,42.9534],[-9.28451,42.95342],[-9.28441,42.9532],[-9.28416,42.95318]]],[[[-9.0026,42.49763],[-9.00239,42.49772],[-9.00241,42.49781],[-9.00276,42.49775],[-9.0026,42.49763]]],[[[-8.04003,43.71401],[-8.04029,43.7142],[-8.04051,43.71411],[-8.04042,43.71402],[-8.04003,43.71401]]],[[[-9.1484,42.81039],[-9.14842,42.81059],[-9.14871,42.81062],[-9.1486,42.8104],[-9.1484,42.81039]]],[[[-9.08244,42.57975],[-9.08243,42.5799],[-9.08271,42.58006],[-9.08269,42.57983],[-9.08244,42.57975]]],[[[-7.76816,43.73979],[-7.76823,43.74007],[-7.76848,43.73988],[-7.76837,43.73977],[-7.76816,43.73979]]],[[[-7.76697,43.73953],[-7.76686,43.73984],[-7.76717,43.73965],[-7.76697,43.73953]]],[[[-9.00003,42.47134],[-9.00012,42.47151],[-9.00048,42.47136],[-9.00009,42.47129],[-9.00003,42.47134]]],[[[-9.01885,42.47069],[-9.01865,42.47076],[-9.0186,42.47079],[-9.01906,42.47066],[-9.01885,42.47069]]],[[[-9.26152,43.00007],[-9.26142,43.00032],[-9.2616,43.00041],[-9.26171,43.00013],[-9.26152,43.00007]]],[[[-9.01541,42.4915],[-9.01544,42.49178],[-9.01557,42.49184],[-9.01557,42.49148],[-9.01541,42.4915]]],[[[-9.13733,43.19875],[-9.1375,43.19886],[-9.13766,43.19876],[-9.13744,43.19855],[-9.13733,43.19875]]],[[[-9.07773,43.18529],[-9.07769,43.18557],[-9.07801,43.18542],[-9.07789,43.18529],[-9.07773,43.18529]]],[[[-8.99147,42.53385],[-8.99144,42.53417],[-8.99153,42.53422],[-8.99171,42.53404],[-8.99147,42.53385]]],[[[-9.14647,42.86163],[-9.14651,42.86196],[-9.14681,42.86193],[-9.14657,42.86165],[-9.14647,42.86163]]],[[[-8.01585,43.71267],[-8.01566,43.71286],[-8.01572,43.71301],[-8.01595,43.71292],[-8.01585,43.71267]]],[[[-8.19855,43.61042],[-8.19842,43.61064],[-8.19862,43.61086],[-8.19863,43.61043],[-8.19855,43.61042]]],[[[-8.95098,43.24594],[-8.95087,43.24607],[-8.95098,43.2463],[-8.95115,43.246],[-8.95098,43.24594]]],[[[-9.02281,42.48204],[-9.02284,42.48233],[-9.0229,42.48236],[-9.02306,42.48203],[-9.02281,42.48204]]],[[[-8.05697,43.70932],[-8.05694,43.7095],[-8.05725,43.70955],[-8.05722,43.70934],[-8.05697,43.70932]]],[[[-8.60522,43.3228],[-8.60513,43.323],[-8.60523,43.32314],[-8.60539,43.32292],[-8.60522,43.3228]]],[[[-8.87821,43.3203],[-8.87811,43.32045],[-8.87822,43.32064],[-8.87839,43.32034],[-8.87821,43.3203]]],[[[-9.04279,42.53316],[-9.04282,42.53338],[-9.0431,42.53343],[-9.04298,42.5332],[-9.04279,42.53316]]],[[[-9.09727,43.19386],[-9.09714,43.19408],[-9.09724,43.19433],[-9.09735,43.19382],[-9.09727,43.19386]]],[[[-8.99941,42.48952],[-8.99944,42.4897],[-8.99978,42.48963],[-8.99964,42.48948],[-8.99941,42.48952]]],[[[-8.01486,43.71215],[-8.01491,43.71242],[-8.01508,43.71248],[-8.01509,43.71229],[-8.01486,43.71215]]],[[[-9.14031,42.84978],[-9.14019,42.8499],[-9.14029,42.85009],[-9.1405,42.84996],[-9.14031,42.84978]]],[[[-8.44953,43.38178],[-8.44967,43.38194],[-8.44998,43.38197],[-8.44989,43.38182],[-8.44953,43.38178]]],[[[-7.77112,43.73986],[-7.77114,43.74012],[-7.77135,43.74015],[-7.77132,43.7398],[-7.77112,43.73986]]],[[[-9.1291,42.80881],[-9.12911,42.809],[-9.12941,42.80897],[-9.12933,42.80883],[-9.1291,42.80881]]],[[[-9.0868,42.57895],[-9.08677,42.5791],[-9.08707,42.57917],[-9.08706,42.57897],[-9.0868,42.57895]]],[[[-9.18015,43.18033],[-9.18017,43.18059],[-9.18031,43.1807],[-9.18039,43.18052],[-9.18015,43.18033]]],[[[-9.13765,42.84863],[-9.13757,42.84888],[-9.13771,42.849],[-9.13781,42.84878],[-9.13765,42.84863]]],[[[-8.06866,43.68906],[-8.0688,43.68928],[-8.06907,43.68923],[-8.06892,43.68909],[-8.06866,43.68906]]],[[[-9.00391,42.51126],[-9.00389,42.51159],[-9.00404,42.51159],[-9.00411,42.51135],[-9.00391,42.51126]]],[[[-9.0167,42.48499],[-9.01658,42.48507],[-9.01673,42.48534],[-9.01684,42.4852],[-9.0167,42.48499]]],[[[-9.0451,42.53307],[-9.04493,42.53319],[-9.04539,42.53316],[-9.04537,42.53306],[-9.0451,42.53307]]],[[[-8.01625,43.7125],[-8.01652,43.71274],[-8.01661,43.71272],[-8.01658,43.71253],[-8.01625,43.7125]]],[[[-9.15168,42.79887],[-9.1519,42.79901],[-9.15213,42.79897],[-9.15174,42.79878],[-9.15168,42.79887]]],[[[-8.01613,43.71261],[-8.01605,43.71282],[-8.01624,43.71286],[-8.01635,43.71273],[-8.01613,43.71261]]],[[[-9.16873,42.79771],[-9.16865,42.79792],[-9.16882,42.798],[-9.16889,42.79774],[-9.16873,42.79771]]],[[[-7.76262,43.7414],[-7.76282,43.74146],[-7.76301,43.74134],[-7.7626,43.74124],[-7.76262,43.7414]]],[[[-7.77315,43.74012],[-7.77318,43.74029],[-7.77354,43.74019],[-7.77337,43.74009],[-7.77315,43.74012]]],[[[-9.04747,42.53457],[-9.04745,42.5347],[-9.04772,42.53484],[-9.04777,42.53462],[-9.04747,42.53457]]],[[[-8.59044,43.31844],[-8.59038,43.31868],[-8.59067,43.31858],[-8.59059,43.31841],[-8.59044,43.31844]]],[[[-9.09601,43.19377],[-9.09595,43.19383],[-9.09582,43.19398],[-9.09609,43.19403],[-9.09601,43.19377]]],[[[-7.86151,43.76578],[-7.86147,43.76598],[-7.86184,43.76586],[-7.86168,43.76577],[-7.86151,43.76578]]],[[[-8.51839,43.32822],[-8.51845,43.3284],[-8.51864,43.32846],[-8.51864,43.32823],[-8.51839,43.32822]]],[[[-9.14888,42.81186],[-9.14886,42.81203],[-9.14916,42.81206],[-9.14908,42.81187],[-9.14888,42.81186]]],[[[-9.00867,43.23504],[-9.00888,43.23505],[-9.00929,43.23481],[-9.00863,43.2349],[-9.00867,43.23504]]],[[[-9.00753,42.51299],[-9.00746,42.51313],[-9.00767,42.51329],[-9.0077,42.51307],[-9.00753,42.51299]]],[[[-9.01929,42.48422],[-9.01945,42.48441],[-9.01961,42.48428],[-9.01941,42.48414],[-9.01929,42.48422]]],[[[-7.75025,43.74727],[-7.75013,43.74748],[-7.75049,43.7475],[-7.75038,43.7473],[-7.75025,43.74727]]],[[[-7.73504,43.74808],[-7.73513,43.74823],[-7.73529,43.74812],[-7.7351,43.7479],[-7.73504,43.74808]]],[[[-8.84252,43.34465],[-8.84231,43.34479],[-8.84241,43.34497],[-8.84263,43.34472],[-8.84252,43.34465]]],[[[-8.21688,43.59211],[-8.217,43.59233],[-8.21724,43.59222],[-8.21707,43.59212],[-8.21688,43.59211]]],[[[-8.21256,43.41857],[-8.21247,43.41877],[-8.21283,43.41861],[-8.21277,43.41855],[-8.21256,43.41857]]],[[[-8.99996,42.48936],[-8.99978,42.4895],[-8.99999,42.4896],[-9.00013,42.48937],[-8.99996,42.48936]]],[[[-9.11991,42.83936],[-9.11999,42.83955],[-9.12025,42.83952],[-9.12011,42.83937],[-9.11991,42.83936]]],[[[-8.03817,43.7143],[-8.03801,43.71445],[-8.03826,43.71455],[-8.0383,43.71433],[-8.03817,43.7143]]],[[[-8.59988,43.31985],[-8.59983,43.32005],[-8.59992,43.32015],[-8.60012,43.31992],[-8.59988,43.31985]]],[[[-8.57367,43.31636],[-8.57358,43.31656],[-8.57395,43.31649],[-8.57382,43.31639],[-8.57367,43.31636]]],[[[-9.01198,42.4873],[-9.01184,42.48745],[-9.01191,42.4876],[-9.01212,42.48745],[-9.01198,42.4873]]],[[[-8.1951,43.6087],[-8.19497,43.60886],[-8.1952,43.60895],[-8.19528,43.60888],[-8.1951,43.6087]]],[[[-9.15151,42.79575],[-9.15165,42.79588],[-9.15185,42.79576],[-9.15158,42.79565],[-9.15151,42.79575]]],[[[-8.95104,43.24559],[-8.95105,43.24576],[-8.95123,43.2458],[-8.95125,43.24558],[-8.95104,43.24559]]],[[[-8.91929,42.58748],[-8.91945,42.58774],[-8.91968,42.5877],[-8.91962,42.58762],[-8.91929,42.58748]]],[[[-9.17532,43.18854],[-9.17541,43.18862],[-9.17536,43.18895],[-9.17557,43.18876],[-9.17532,43.18854]]],[[[-8.92228,42.59636],[-8.92227,42.59648],[-8.92262,42.59658],[-8.92257,42.59642],[-8.92228,42.59636]]],[[[-8.90355,43.32191],[-8.9036,43.32199],[-8.90384,43.32183],[-8.90357,43.32171],[-8.90355,43.32191]]],[[[-8.83443,43.34496],[-8.83433,43.34514],[-8.83459,43.34518],[-8.8346,43.34504],[-8.83443,43.34496]]],[[[-7.75106,43.74699],[-7.75097,43.74708],[-7.75091,43.74724],[-7.75132,43.74697],[-7.75106,43.74699]]],[[[-8.90332,43.32241],[-8.90348,43.3224],[-8.9035,43.32226],[-8.90313,43.32237],[-8.90332,43.32241]]],[[[-8.14411,43.62775],[-8.14433,43.62765],[-8.14436,43.62757],[-8.14412,43.62751],[-8.14411,43.62775]]],[[[-8.97186,42.56854],[-8.97189,42.56873],[-8.97217,42.5687],[-8.97207,42.56858],[-8.97186,42.56854]]],[[[-9.29253,42.93992],[-9.29246,42.94005],[-9.29256,42.94022],[-9.29277,42.94002],[-9.29253,42.93992]]],[[[-9.05271,42.50765],[-9.05248,42.50748],[-9.05229,42.50759],[-9.05246,42.50764],[-9.05271,42.50765]]],[[[-8.30498,43.54213],[-8.30496,43.5423],[-8.30528,43.54225],[-8.30525,43.54214],[-8.30498,43.54213]]],[[[-9.04995,42.53617],[-9.05007,42.53634],[-9.05026,42.53628],[-9.05021,42.53616],[-9.04995,42.53617]]],[[[-8.833,43.34507],[-8.83283,43.34516],[-8.83285,43.34528],[-8.83317,43.34514],[-8.833,43.34507]]],[[[-7.7507,43.74837],[-7.75056,43.7485],[-7.75058,43.74858],[-7.75094,43.74839],[-7.7507,43.74837]]],[[[-9.08261,42.73302],[-9.08282,42.73318],[-9.08299,42.73308],[-9.08281,42.73299],[-9.08261,42.73302]]],[[[-9.02233,42.48175],[-9.02235,42.48194],[-9.0225,42.48197],[-9.02257,42.48177],[-9.02233,42.48175]]],[[[-8.01907,43.71248],[-8.01913,43.71274],[-8.01928,43.71273],[-8.01933,43.71252],[-8.01907,43.71248]]],[[[-9.12904,42.84321],[-9.12913,42.84338],[-9.12946,42.84347],[-9.12921,42.84325],[-9.12904,42.84321]]],[[[-9.03882,42.56342],[-9.03885,42.5635],[-9.03905,42.56341],[-9.03861,42.56339],[-9.03882,42.56342]]],[[[-9.09651,43.19336],[-9.09638,43.1936],[-9.09644,43.19367],[-9.09669,43.19335],[-9.09651,43.19336]]],[[[-9.01306,42.48448],[-9.01319,42.48448],[-9.01326,42.48436],[-9.01286,42.48439],[-9.01306,42.48448]]],[[[-9.16818,42.79859],[-9.16816,42.79875],[-9.16834,42.79884],[-9.16832,42.79855],[-9.16818,42.79859]]],[[[-9.1438,42.89185],[-9.14365,42.89196],[-9.1439,42.89207],[-9.14394,42.89189],[-9.1438,42.89185]]],[[[-9.14413,42.81585],[-9.14405,42.81598],[-9.14414,42.81613],[-9.14428,42.81595],[-9.14413,42.81585]]],[[[-8.0165,43.71284],[-8.01635,43.71291],[-8.01644,43.71309],[-8.01665,43.71285],[-8.0165,43.71284]]],[[[-8.21707,43.59146],[-8.2169,43.59155],[-8.21684,43.59167],[-8.2171,43.59166],[-8.21707,43.59146]]],[[[-9.02332,42.48103],[-9.02359,42.48119],[-9.0237,42.4811],[-9.02342,42.48096],[-9.02332,42.48103]]],[[[-9.02216,42.48135],[-9.02226,42.48151],[-9.02243,42.48143],[-9.02233,42.48128],[-9.02216,42.48135]]],[[[-9.01879,42.47125],[-9.01868,42.47142],[-9.01883,42.47154],[-9.01892,42.47132],[-9.01879,42.47125]]],[[[-7.76439,43.74021],[-7.76449,43.74043],[-7.76468,43.74019],[-7.76454,43.74013],[-7.76439,43.74021]]],[[[-9.05204,42.50835],[-9.05182,42.50853],[-9.05181,42.50861],[-9.05207,42.50854],[-9.05204,42.50835]]],[[[-7.73731,43.74678],[-7.73733,43.74692],[-7.73749,43.74697],[-7.73752,43.74668],[-7.73731,43.74678]]],[[[-9.09187,42.57793],[-9.09187,42.57814],[-9.09206,42.57813],[-9.09203,42.57793],[-9.09187,42.57793]]],[[[-9.01778,42.78009],[-9.0179,42.78029],[-9.01804,42.78024],[-9.01795,42.78007],[-9.01778,42.78009]]],[[[-9.14028,42.79133],[-9.14025,42.79152],[-9.14048,42.79148],[-9.14046,42.79135],[-9.14028,42.79133]]],[[[-9.14853,42.88062],[-9.14839,42.88075],[-9.14842,42.88088],[-9.14867,42.88069],[-9.14853,42.88062]]],[[[-9.13743,43.19909],[-9.13758,43.19919],[-9.13785,43.19915],[-9.13777,43.19906],[-9.13743,43.19909]]],[[[-8.01742,43.71226],[-8.01739,43.7124],[-8.01771,43.71247],[-8.01761,43.71232],[-8.01742,43.71226]]],[[[-8.07594,43.67364],[-8.07605,43.67377],[-8.07632,43.67374],[-8.07624,43.67364],[-8.07594,43.67364]]],[[[-8.32737,43.40371],[-8.3274,43.40389],[-8.32766,43.40381],[-8.32763,43.40371],[-8.32737,43.40371]]],[[[-9.05746,42.69303],[-9.05727,42.69315],[-9.0573,42.69323],[-9.05758,42.69316],[-9.05746,42.69303]]],[[[-9.28466,42.95283],[-9.28463,42.95302],[-9.28479,42.95307],[-9.28482,42.95287],[-9.28466,42.95283]]],[[[-9.13507,42.79013],[-9.13515,42.79028],[-9.13537,42.7902],[-9.13525,42.79007],[-9.13507,42.79013]]],[[[-9.28328,42.95533],[-9.28311,42.95543],[-9.28352,42.95543],[-9.28341,42.95534],[-9.28328,42.95533]]],[[[-9.14632,42.86114],[-9.14627,42.86131],[-9.14638,42.86143],[-9.14649,42.86122],[-9.14632,42.86114]]],[[[-9.1875,43.18409],[-9.18771,43.18442],[-9.18786,43.18444],[-9.18763,43.18413],[-9.1875,43.18409]]],[[[-8.99928,42.77899],[-8.99945,42.77912],[-8.99961,42.77903],[-8.99939,42.77891],[-8.99928,42.77899]]],[[[-9.0207,42.47537],[-9.02085,42.47548],[-9.02113,42.47541],[-9.02106,42.47535],[-9.0207,42.47537]]],[[[-8.96653,43.22966],[-8.96633,43.22972],[-8.96639,43.22988],[-8.9667,43.22971],[-8.96653,43.22966]]],[[[-8.99812,42.48743],[-8.99808,42.48765],[-8.99827,42.48766],[-8.99828,42.48747],[-8.99812,42.48743]]],[[[-9.19839,43.16178],[-9.19853,43.16198],[-9.19866,43.16191],[-9.19853,43.1617],[-9.19839,43.16178]]],[[[-9.1474,42.88352],[-9.14721,42.8837],[-9.1472,42.88381],[-9.14749,42.88359],[-9.1474,42.88352]]],[[[-7.87054,43.78125],[-7.87053,43.78145],[-7.87077,43.78136],[-7.87072,43.78126],[-7.87054,43.78125]]],[[[-9.1429,42.85777],[-9.14284,42.85791],[-9.14311,42.85793],[-9.14311,42.85779],[-9.1429,42.85777]]],[[[-9.00615,42.4944],[-9.00625,42.49458],[-9.00645,42.49452],[-9.00628,42.49435],[-9.00615,42.4944]]],[[[-8.98565,42.5553],[-8.98543,42.55538],[-8.9854,42.55546],[-8.9858,42.55531],[-8.98565,42.5553]]],[[[-9.05276,42.52486],[-9.05279,42.52506],[-9.05303,42.52499],[-9.05291,42.52485],[-9.05276,42.52486]]],[[[-9.09331,43.1896],[-9.0931,43.18969],[-9.09306,43.1898],[-9.09326,43.18984],[-9.09331,43.1896]]],[[[-9.01325,42.49823],[-9.01326,42.49845],[-9.01348,42.49832],[-9.01348,42.49825],[-9.01325,42.49823]]],[[[-7.76313,43.74148],[-7.76313,43.74155],[-7.76334,43.74166],[-7.76325,43.74129],[-7.76313,43.74148]]],[[[-9.00169,42.46711],[-9.00176,42.4673],[-9.00195,42.46717],[-9.00192,42.4671],[-9.00169,42.46711]]],[[[-9.09208,42.57686],[-9.09218,42.57699],[-9.09236,42.577],[-9.09227,42.57682],[-9.09208,42.57686]]],[[[-8.99862,42.48764],[-8.99856,42.48784],[-8.99879,42.48782],[-8.99872,42.48761],[-8.99862,42.48764]]],[[[-9.14281,42.78841],[-9.14285,42.78858],[-9.14308,42.78852],[-9.14299,42.78842],[-9.14281,42.78841]]],[[[-8.80399,42.63689],[-8.80394,42.63706],[-8.80423,42.63701],[-8.80412,42.63684],[-8.80399,42.63689]]],[[[-9.1479,42.88274],[-9.14785,42.8829],[-9.14792,42.88309],[-9.14804,42.88279],[-9.1479,42.88274]]],[[[-8.93089,42.80148],[-8.93101,42.80163],[-8.93117,42.80163],[-8.93114,42.80145],[-8.93089,42.80148]]],[[[-7.92344,43.74452],[-7.92334,43.74469],[-7.92357,43.74468],[-7.92359,43.74456],[-7.92344,43.74452]]],[[[-8.21967,43.58543],[-8.21959,43.58564],[-8.21971,43.58567],[-8.21982,43.58546],[-8.21967,43.58543]]],[[[-9.08046,42.5922],[-9.08063,42.59237],[-9.08075,42.59229],[-9.0807,42.5922],[-9.08046,42.5922]]],[[[-9.1423,42.78795],[-9.14232,42.78807],[-9.1426,42.78801],[-9.14248,42.78791],[-9.1423,42.78795]]],[[[-9.1295,42.84238],[-9.12955,42.84258],[-9.12972,42.84251],[-9.12969,42.8424],[-9.1295,42.84238]]],[[[-9.00824,42.4973],[-9.00811,42.49746],[-9.00815,42.49754],[-9.00834,42.49752],[-9.00824,42.4973]]],[[[-9.14778,42.73723],[-9.14794,42.73742],[-9.14814,42.73734],[-9.14794,42.73721],[-9.14778,42.73723]]],[[[-9.28213,43.02614],[-9.2821,43.02626],[-9.28241,43.02638],[-9.28231,43.02617],[-9.28213,43.02614]]],[[[-8.01544,43.71223],[-8.01551,43.71211],[-8.01514,43.71216],[-8.01519,43.71223],[-8.01544,43.71223]]],[[[-9.14809,42.86695],[-9.14805,42.86714],[-9.14815,42.86722],[-9.14826,42.86705],[-9.14809,42.86695]]],[[[-9.09248,42.5737],[-9.09252,42.57389],[-9.09268,42.57388],[-9.09265,42.57372],[-9.09248,42.5737]]],[[[-9.14686,42.87746],[-9.14677,42.87763],[-9.1469,42.8777],[-9.14701,42.87758],[-9.14686,42.87746]]],[[[-9.09282,42.55848],[-9.09277,42.5586],[-9.093,42.55863],[-9.09297,42.55844],[-9.09282,42.55848]]],[[[-9.0229,42.48176],[-9.02293,42.48192],[-9.02318,42.48187],[-9.02303,42.48176],[-9.0229,42.48176]]],[[[-9.14539,42.81586],[-9.14547,42.81603],[-9.1456,42.81599],[-9.14555,42.81577],[-9.14539,42.81586]]],[[[-9.14855,42.81008],[-9.1485,42.81021],[-9.14882,42.81014],[-9.14875,42.81005],[-9.14855,42.81008]]],[[[-9.08014,42.56618],[-9.08013,42.56635],[-9.08034,42.56634],[-9.08033,42.56617],[-9.08014,42.56618]]],[[[-9.14288,42.85547],[-9.1428,42.85562],[-9.14307,42.85563],[-9.14302,42.85552],[-9.14288,42.85547]]],[[[-8.19526,43.6091],[-8.19528,43.60929],[-8.19535,43.60937],[-8.19544,43.60916],[-8.19526,43.6091]]],[[[-8.77859,43.30256],[-8.77857,43.30274],[-8.77878,43.3027],[-8.77874,43.30256],[-8.77859,43.30256]]],[[[-9.04818,42.56679],[-9.0482,42.56694],[-9.04842,42.56688],[-9.04841,42.56675],[-9.04818,42.56679]]],[[[-8.83547,43.35246],[-8.83538,43.35258],[-8.83569,43.35258],[-8.83566,43.35248],[-8.83547,43.35246]]],[[[-9.02046,42.47958],[-9.02038,42.47973],[-9.02065,42.47972],[-9.02061,42.4796],[-9.02046,42.47958]]],[[[-9.15201,42.80501],[-9.15202,42.80519],[-9.15217,42.80521],[-9.1522,42.80502],[-9.15201,42.80501]]],[[[-7.85038,43.72573],[-7.85025,43.72589],[-7.85036,43.72596],[-7.85057,43.72581],[-7.85038,43.72573]]],[[[-9.18048,43.17778],[-9.18062,43.178],[-9.18075,43.17799],[-9.18074,43.17788],[-9.18048,43.17778]]],[[[-8.21676,43.59184],[-8.217,43.59203],[-8.21709,43.59195],[-8.21692,43.59182],[-8.21676,43.59184]]],[[[-8.95742,42.57435],[-8.95733,42.57442],[-8.95734,42.57458],[-8.95757,42.57444],[-8.95742,42.57435]]],[[[-9.01871,42.48475],[-9.01875,42.48496],[-9.01888,42.48492],[-9.01887,42.48474],[-9.01871,42.48475]]],[[[-8.6036,43.32074],[-8.60346,43.32085],[-8.60351,43.32094],[-8.60372,43.32086],[-8.6036,43.32074]]],[[[-8.09259,43.66676],[-8.09263,43.6669],[-8.09287,43.66689],[-8.09269,43.66672],[-8.09259,43.66676]]],[[[-9.01896,42.45961],[-9.01891,42.45974],[-9.01913,42.4598],[-9.01919,42.45968],[-9.01896,42.45961]]],[[[-7.75088,43.74678],[-7.75061,43.74693],[-7.75059,43.74702],[-7.75083,43.747],[-7.75088,43.74678]]],[[[-9.08154,42.57943],[-9.0815,42.57952],[-9.08185,42.57957],[-9.08182,42.57946],[-9.08154,42.57943]]],[[[-7.85554,43.7275],[-7.85566,43.72771],[-7.85579,43.7277],[-7.8557,43.72751],[-7.85554,43.7275]]],[[[-9.04785,42.50943],[-9.04776,42.50953],[-9.04784,42.5097],[-9.04797,42.50961],[-9.04785,42.50943]]],[[[-8.09267,43.66743],[-8.09268,43.66756],[-8.09296,43.66766],[-8.09287,43.66746],[-8.09267,43.66743]]],[[[-8.99896,42.52634],[-8.99885,42.52648],[-8.99907,42.52656],[-8.99907,42.52634],[-8.99896,42.52634]]],[[[-9.08775,43.18824],[-9.08768,43.18839],[-9.08788,43.18843],[-9.08792,43.18826],[-9.08775,43.18824]]],[[[-8.19206,43.60614],[-8.19192,43.60638],[-8.19195,43.60645],[-8.19208,43.60637],[-8.19206,43.60614]]],[[[-9.14696,42.86322],[-9.14682,42.86342],[-9.14685,42.86349],[-9.147,42.86343],[-9.14696,42.86322]]],[[[-8.83378,43.35283],[-8.83378,43.35301],[-8.83401,43.35295],[-8.83392,43.35284],[-8.83378,43.35283]]],[[[-9.0509,42.50792],[-9.05087,42.5081],[-9.0511,42.50803],[-9.05107,42.50793],[-9.0509,42.50792]]],[[[-9.08449,43.18633],[-9.08444,43.18638],[-9.08457,43.18656],[-9.08469,43.18632],[-9.08449,43.18633]]],[[[-9.14301,42.79343],[-9.14299,42.79356],[-9.14315,42.7936],[-9.14318,42.79339],[-9.14301,42.79343]]],[[[-8.01581,43.71239],[-8.01573,43.71254],[-8.01596,43.71255],[-8.01597,43.71239],[-8.01581,43.71239]]],[[[-8.1963,43.60333],[-8.19632,43.60346],[-8.1966,43.60348],[-8.19647,43.60335],[-8.1963,43.60333]]],[[[-8.03006,43.71344],[-8.02997,43.71355],[-8.0301,43.71365],[-8.03021,43.7135],[-8.03006,43.71344]]],[[[-8.3117,43.54499],[-8.3115,43.5451],[-8.31151,43.54516],[-8.31182,43.54506],[-8.3117,43.54499]]],[[[-9.09014,42.57278],[-9.09013,42.57296],[-9.09033,42.57292],[-9.0903,42.5728],[-9.09014,42.57278]]],[[[-9.08688,42.7378],[-9.08689,42.73793],[-9.08708,42.73795],[-9.08709,42.73783],[-9.08688,42.7378]]],[[[-9.05735,42.6928],[-9.05737,42.69291],[-9.05761,42.69279],[-9.05746,42.69271],[-9.05735,42.6928]]],[[[-8.99712,42.49393],[-8.99717,42.49406],[-8.99742,42.49395],[-8.99723,42.4939],[-8.99712,42.49393]]],[[[-8.00867,43.7074],[-8.0087,43.70753],[-8.00889,43.70746],[-8.00889,43.70737],[-8.00867,43.7074]]],[[[-8.97194,42.56693],[-8.97187,42.567],[-8.97202,42.56722],[-8.97204,42.56701],[-8.97194,42.56693]]],[[[-9.04415,42.51774],[-9.04407,42.51789],[-9.04412,42.51797],[-9.04431,42.51777],[-9.04415,42.51774]]],[[[-9.08921,43.19004],[-9.08915,43.19013],[-9.08944,43.19021],[-9.08936,43.19007],[-9.08921,43.19004]]],[[[-9.01453,42.48921],[-9.01458,42.48937],[-9.01478,42.48932],[-9.01471,42.48922],[-9.01453,42.48921]]],[[[-9.09862,43.19224],[-9.09857,43.19242],[-9.09857,43.19249],[-9.09877,43.19241],[-9.09862,43.19224]]],[[[-8.96681,43.22862],[-8.96672,43.22877],[-8.96682,43.22883],[-8.96697,43.22869],[-8.96681,43.22862]]],[[[-9.02424,42.70906],[-9.02427,42.70922],[-9.02449,42.70913],[-9.02436,42.70905],[-9.02424,42.70906]]],[[[-9.01862,42.49292],[-9.01863,42.49304],[-9.01876,42.49307],[-9.0188,42.49285],[-9.01862,42.49292]]],[[[-9.07994,42.59207],[-9.08002,42.59219],[-9.08018,42.5921],[-9.08016,42.59201],[-9.07994,42.59207]]],[[[-8.60468,43.322],[-8.6046,43.32212],[-8.60476,43.32219],[-8.60482,43.32202],[-8.60468,43.322]]],[[[-9.04397,42.51123],[-9.04398,42.51136],[-9.04413,42.51148],[-9.04412,42.51129],[-9.04397,42.51123]]],[[[-8.9702,42.5662],[-8.97019,42.56636],[-8.97041,42.56632],[-8.97031,42.56616],[-8.9702,42.5662]]],[[[-9.08204,42.57881],[-9.08205,42.57895],[-9.08225,42.57899],[-9.08221,42.57885],[-9.08204,42.57881]]],[[[-9.14648,42.73655],[-9.14648,42.73672],[-9.14659,42.73675],[-9.14667,42.73658],[-9.14648,42.73655]]],[[[-9.0355,42.50814],[-9.03562,42.50832],[-9.03581,42.50833],[-9.03559,42.50814],[-9.0355,42.50814]]],[[[-8.6041,43.3224],[-8.60408,43.32257],[-8.60427,43.32256],[-8.6042,43.32241],[-8.6041,43.3224]]],[[[-9.03518,42.51909],[-9.03528,42.51925],[-9.03543,42.51922],[-9.03526,42.51905],[-9.03518,42.51909]]],[[[-7.73642,43.74715],[-7.73653,43.74708],[-7.73642,43.7467],[-7.73642,43.74715]]],[[[-9.13867,42.84924],[-9.13872,42.84944],[-9.13888,42.84937],[-9.13875,42.84924],[-9.13867,42.84924]]],[[[-9.00523,42.5105],[-9.00533,42.51064],[-9.00549,42.51063],[-9.00538,42.51046],[-9.00523,42.5105]]],[[[-9.00002,42.46753],[-9.00017,42.46763],[-9.00032,42.46754],[-9.00007,42.46746],[-9.00002,42.46753]]],[[[-9.08034,42.56652],[-9.08037,42.56665],[-9.08057,42.56659],[-9.08055,42.56652],[-9.08034,42.56652]]],[[[-7.81766,43.72315],[-7.81766,43.7232],[-7.81786,43.72323],[-7.81759,43.72302],[-7.81766,43.72315]]],[[[-8.09293,43.66742],[-8.09299,43.66756],[-8.09319,43.66762],[-8.0931,43.66741],[-8.09293,43.66742]]],[[[-8.85043,43.32536],[-8.85048,43.32557],[-8.85057,43.3256],[-8.8506,43.32537],[-8.85043,43.32536]]],[[[-9.02245,42.4812],[-9.02256,42.48135],[-9.02273,42.48132],[-9.02267,42.48118],[-9.02245,42.4812]]],[[[-9.14187,42.88436],[-9.14183,42.88455],[-9.14193,42.8846],[-9.142,42.88447],[-9.14187,42.88436]]],[[[-9.18755,43.18366],[-9.18767,43.18383],[-9.18778,43.18386],[-9.1878,43.18373],[-9.18755,43.18366]]],[[[-9.02063,42.47937],[-9.02052,42.47945],[-9.02075,42.47954],[-9.02077,42.47942],[-9.02063,42.47937]]],[[[-9.14615,42.73897],[-9.14606,42.73917],[-9.1463,42.73916],[-9.14626,42.73902],[-9.14615,42.73897]]],[[[-9.00181,42.46671],[-9.00184,42.46686],[-9.00205,42.46678],[-9.00204,42.4667],[-9.00181,42.46671]]],[[[-9.00063,42.46784],[-9.00078,42.46781],[-9.00058,42.46758],[-9.00063,42.46784]]],[[[-9.01645,42.46431],[-9.01653,42.46443],[-9.01672,42.46446],[-9.01666,42.46434],[-9.01645,42.46431]]],[[[-8.81903,42.65695],[-8.81902,42.65703],[-8.81923,42.65704],[-8.81919,42.65687],[-8.81903,42.65695]]],[[[-7.76795,43.73991],[-7.7678,43.7401],[-7.76804,43.74007],[-7.76795,43.73991]]],[[[-8.30661,43.54382],[-8.30655,43.54396],[-8.30677,43.54392],[-8.30675,43.54382],[-8.30661,43.54382]]],[[[-9.00795,42.49783],[-9.00796,42.49799],[-9.00815,42.4979],[-9.00805,42.49778],[-9.00795,42.49783]]],[[[-9.00929,42.48328],[-9.0093,42.48344],[-9.00945,42.4834],[-9.00945,42.48324],[-9.00929,42.48328]]],[[[-9.04444,42.52465],[-9.04451,42.52482],[-9.04462,42.52477],[-9.0446,42.52462],[-9.04444,42.52465]]],[[[-8.18951,43.61692],[-8.18946,43.61707],[-8.18954,43.61717],[-8.18962,43.61697],[-8.18951,43.61692]]],[[[-9.13778,43.1986],[-9.13784,43.19877],[-9.13797,43.19875],[-9.13789,43.19852],[-9.13778,43.1986]]],[[[-8.9174,43.29388],[-8.91732,43.29397],[-8.91765,43.29396],[-8.91753,43.29387],[-8.9174,43.29388]]],[[[-9.19903,43.16142],[-9.1989,43.16144],[-9.19925,43.16148],[-9.19917,43.16142],[-9.19903,43.16142]]],[[[-8.92005,43.29582],[-8.9201,43.29584],[-8.92033,43.29574],[-8.92017,43.29566],[-8.92005,43.29582]]],[[[-9.19709,43.16085],[-9.19711,43.16103],[-9.1973,43.16103],[-9.1972,43.16087],[-9.19709,43.16085]]],[[[-9.0458,42.51173],[-9.04584,42.51191],[-9.046,42.51179],[-9.04588,42.5117],[-9.0458,42.51173]]],[[[-9.01431,42.4901],[-9.01436,42.49024],[-9.01451,42.49014],[-9.01441,42.49004],[-9.01431,42.4901]]],[[[-9.04854,42.50737],[-9.04849,42.50751],[-9.04856,42.50757],[-9.04868,42.50735],[-9.04854,42.50737]]],[[[-9.14166,42.78912],[-9.14166,42.78924],[-9.14184,42.78932],[-9.14178,42.78911],[-9.14166,42.78912]]],[[[-8.09236,43.66687],[-8.0924,43.66708],[-8.09251,43.66714],[-8.09248,43.66685],[-8.09236,43.66687]]],[[[-9.02505,42.70788],[-9.02499,42.70801],[-9.02506,42.70813],[-9.02517,42.70799],[-9.02505,42.70788]]],[[[-8.91384,43.30647],[-8.91403,43.30663],[-8.9141,43.30654],[-8.91405,43.3065],[-8.91384,43.30647]]],[[[-9.03701,42.50703],[-9.0369,42.50715],[-9.03698,42.50726],[-9.03709,42.50714],[-9.03701,42.50703]]],[[[-9.14504,42.81136],[-9.14499,42.81146],[-9.14516,42.81154],[-9.14519,42.81143],[-9.14504,42.81136]]],[[[-9.00165,42.4902],[-9.00164,42.49033],[-9.00184,42.49027],[-9.00177,42.49014],[-9.00165,42.4902]]],[[[-8.19688,43.60846],[-8.19693,43.6086],[-8.19714,43.6085],[-8.197,43.60846],[-8.19688,43.60846]]],[[[-9.11131,43.19346],[-9.11123,43.19354],[-9.11143,43.1937],[-9.11143,43.19349],[-9.11131,43.19346]]],[[[-9.01511,43.23152],[-9.01525,43.23162],[-9.01543,43.23164],[-9.01511,43.23133],[-9.01511,43.23152]]],[[[-9.01068,43.23371],[-9.01074,43.2339],[-9.01088,43.23386],[-9.01079,43.23373],[-9.01068,43.23371]]],[[[-9.08312,43.18634],[-9.08324,43.18633],[-9.08322,43.18618],[-9.08299,43.18625],[-9.08312,43.18634]]],[[[-9.00875,42.4999],[-9.0088,42.50006],[-9.00897,42.50007],[-9.00885,42.49988],[-9.00875,42.4999]]],[[[-7.87019,43.77436],[-7.87018,43.77452],[-7.87035,43.77446],[-7.87032,43.77436],[-7.87019,43.77436]]],[[[-9.0481,42.5119],[-9.04824,42.51202],[-9.04839,42.51194],[-9.04833,42.51187],[-9.0481,42.5119]]],[[[-9.18362,42.87702],[-9.18362,42.87715],[-9.18375,42.8772],[-9.18381,42.87712],[-9.18362,42.87702]]],[[[-9.09303,42.57555],[-9.09303,42.57572],[-9.09318,42.57572],[-9.09317,42.57558],[-9.09303,42.57555]]],[[[-9.01783,42.49248],[-9.01784,42.49258],[-9.018,42.49262],[-9.01799,42.49245],[-9.01783,42.49248]]],[[[-9.00946,42.50551],[-9.0094,42.50566],[-9.00954,42.50568],[-9.00962,42.50551],[-9.00946,42.50551]]],[[[-9.16879,42.8003],[-9.16886,42.80016],[-9.1687,42.80013],[-9.16863,42.80026],[-9.16879,42.8003]]],[[[-9.03022,43.21639],[-9.0302,43.21653],[-9.03031,43.21657],[-9.03039,43.21639],[-9.03022,43.21639]]],[[[-9.09179,42.57712],[-9.09188,42.57728],[-9.09197,42.57721],[-9.09194,42.57708],[-9.09179,42.57712]]],[[[-8.84942,43.32857],[-8.84935,43.3287],[-8.84936,43.32879],[-8.84955,43.32865],[-8.84942,43.32857]]],[[[-9.14876,42.79714],[-9.14878,42.79726],[-9.14897,42.79723],[-9.14887,42.79708],[-9.14876,42.79714]]],[[[-9.0356,42.50883],[-9.03558,42.50896],[-9.03579,42.50898],[-9.03576,42.50888],[-9.0356,42.50883]]],[[[-9.0372,42.50661],[-9.03718,42.50672],[-9.03734,42.50684],[-9.03735,42.5067],[-9.0372,42.50661]]],[[[-7.81698,43.72378],[-7.81685,43.72365],[-7.8167,43.72368],[-7.81669,43.72376],[-7.81698,43.72378]]],[[[-9.16234,42.91232],[-9.16234,42.9125],[-9.16243,42.91255],[-9.16245,42.91232],[-9.16234,42.91232]]],[[[-7.76898,43.74068],[-7.76891,43.74088],[-7.76913,43.74075],[-7.76898,43.74068]]],[[[-9.01739,42.49177],[-9.01741,42.49189],[-9.01754,42.49193],[-9.0175,42.49174],[-9.01739,42.49177]]],[[[-8.96551,42.56769],[-8.96544,42.56779],[-8.96557,42.56792],[-8.9656,42.56771],[-8.96551,42.56769]]],[[[-9.0016,42.4665],[-9.00152,42.46663],[-9.00157,42.46673],[-9.00172,42.46652],[-9.0016,42.4665]]],[[[-9.04424,42.53115],[-9.04427,42.53131],[-9.04443,42.5313],[-9.04437,42.53116],[-9.04424,42.53115]]],[[[-9.14307,42.79303],[-9.14301,42.79319],[-9.14322,42.7931],[-9.14323,42.79306],[-9.14307,42.79303]]],[[[-9.15175,42.79228],[-9.15185,42.79243],[-9.15198,42.79237],[-9.15189,42.79227],[-9.15175,42.79228]]],[[[-7.75337,43.74508],[-7.75335,43.74514],[-7.75362,43.74507],[-7.7534,43.74497],[-7.75337,43.74508]]],[[[-8.83314,43.34537],[-8.83311,43.34548],[-8.83332,43.34549],[-8.8333,43.34539],[-8.83314,43.34537]]],[[[-8.22006,43.58659],[-8.21994,43.58675],[-8.21997,43.5868],[-8.22012,43.58672],[-8.22006,43.58659]]],[[[-9.04476,42.52481],[-9.04467,42.52492],[-9.04475,42.52498],[-9.04492,42.52487],[-9.04476,42.52481]]],[[[-9.02494,42.48168],[-9.02495,42.48179],[-9.02518,42.48171],[-9.02511,42.48163],[-9.02494,42.48168]]],[[[-8.98386,43.28299],[-8.98374,43.28301],[-8.98372,43.28311],[-8.98399,43.28303],[-8.98386,43.28299]]],[[[-9.18031,43.1764],[-9.18053,43.17655],[-9.18059,43.17649],[-9.18042,43.17638],[-9.18031,43.1764]]],[[[-9.0415,42.51488],[-9.04165,42.515],[-9.04172,42.5149],[-9.04159,42.51483],[-9.0415,42.51488]]],[[[-9.00905,42.49876],[-9.00907,42.49886],[-9.00925,42.49884],[-9.00923,42.49876],[-9.00905,42.49876]]],[[[-9.15198,42.80455],[-9.15207,42.80462],[-9.1522,42.80457],[-9.15203,42.80446],[-9.15198,42.80455]]],[[[-9.15051,42.80709],[-9.15057,42.80723],[-9.15068,42.80718],[-9.15068,42.80709],[-9.15051,42.80709]]],[[[-8.95902,42.56951],[-8.95891,42.56963],[-8.95893,42.5697],[-8.95912,42.56954],[-8.95902,42.56951]]],[[[-9.14499,42.81467],[-9.1451,42.81478],[-9.14523,42.81477],[-9.14521,42.81467],[-9.14499,42.81467]]],[[[-9.18476,42.87728],[-9.18479,42.87744],[-9.18495,42.87738],[-9.18488,42.87729],[-9.18476,42.87728]]],[[[-9.0076,42.4981],[-9.00765,42.49827],[-9.00776,42.49826],[-9.00773,42.49809],[-9.0076,42.4981]]],[[[-8.96572,42.56707],[-8.96575,42.56718],[-8.96589,42.56706],[-8.96579,42.567],[-8.96572,42.56707]]],[[[-9.09005,43.19091],[-9.09016,43.19087],[-9.08999,43.19071],[-9.08989,43.19083],[-9.09005,43.19091]]],[[[-9.15098,42.80134],[-9.15098,42.80152],[-9.15106,42.80157],[-9.15109,42.80144],[-9.15098,42.80134]]],[[[-9.02265,42.48154],[-9.0225,42.48155],[-9.02246,42.48157],[-9.02282,42.48156],[-9.02265,42.48154]]],[[[-8.92557,43.2937],[-8.92546,43.29383],[-8.92548,43.29385],[-8.92573,43.29378],[-8.92557,43.2937]]],[[[-8.19603,43.60841],[-8.19594,43.60859],[-8.19607,43.60862],[-8.19611,43.60845],[-8.19603,43.60841]]],[[[-9.07735,42.60002],[-9.07747,42.60014],[-9.07756,42.60007],[-9.07752,42.59998],[-9.07735,42.60002]]],[[[-9.051,42.50821],[-9.05104,42.50832],[-9.05119,42.50829],[-9.05106,42.50816],[-9.051,42.50821]]],[[[-9.14578,42.8209],[-9.14578,42.82104],[-9.14591,42.82102],[-9.14588,42.82087],[-9.14578,42.8209]]],[[[-8.9994,42.47091],[-8.9994,42.47102],[-8.99959,42.47099],[-8.99958,42.47089],[-8.9994,42.47091]]],[[[-8.21347,43.59237],[-8.21343,43.59247],[-8.21361,43.59249],[-8.21362,43.59238],[-8.21347,43.59237]]],[[[-9.08902,43.18725],[-9.08905,43.18732],[-9.08924,43.18735],[-9.08919,43.18722],[-9.08902,43.18725]]],[[[-9.16824,42.79919],[-9.1683,42.79928],[-9.16844,42.79925],[-9.16841,42.79913],[-9.16824,42.79919]]],[[[-8.98316,42.53291],[-8.98318,42.53301],[-8.98336,42.53301],[-8.98325,42.5329],[-8.98316,42.53291]]],[[[-8.01358,43.71084],[-8.01358,43.71098],[-8.01373,43.71094],[-8.01371,43.71085],[-8.01358,43.71084]]],[[[-9.00804,42.4999],[-9.00803,42.50007],[-9.00815,42.50009],[-9.00814,42.49993],[-9.00804,42.4999]]],[[[-9.00798,42.50544],[-9.00802,42.50557],[-9.00821,42.50547],[-9.00814,42.50543],[-9.00798,42.50544]]],[[[-8.91858,42.59183],[-8.91848,42.59194],[-8.91874,42.59182],[-8.91872,42.5918],[-8.91858,42.59183]]],[[[-9.01981,42.49329],[-9.01969,42.49332],[-9.01971,42.49346],[-9.01989,42.49336],[-9.01981,42.49329]]],[[[-9.08139,42.59752],[-9.0814,42.59766],[-9.08155,42.59763],[-9.08156,42.59752],[-9.08139,42.59752]]],[[[-8.84248,42.62745],[-8.84248,42.62758],[-8.84262,42.62741],[-8.84253,42.62737],[-8.84248,42.62745]]],[[[-8.9288,43.29346],[-8.92879,43.29358],[-8.92895,43.29359],[-8.92895,43.29348],[-8.9288,43.29346]]],[[[-7.73971,43.74666],[-7.73982,43.74649],[-7.73964,43.74639],[-7.73971,43.74666]]],[[[-7.79608,43.73453],[-7.79609,43.73462],[-7.79623,43.73465],[-7.79625,43.73451],[-7.79608,43.73453]]],[[[-9.0058,42.47675],[-9.00577,42.4769],[-9.00587,42.47695],[-9.0059,42.4768],[-9.0058,42.47675]]],[[[-9.06308,42.60982],[-9.06308,42.60993],[-9.06328,42.60988],[-9.06319,42.60981],[-9.06308,42.60982]]],[[[-9.02896,42.70247],[-9.02899,42.70256],[-9.02921,42.70254],[-9.02914,42.70247],[-9.02896,42.70247]]],[[[-9.14964,42.79644],[-9.14966,42.79651],[-9.14989,42.79645],[-9.14972,42.79639],[-9.14964,42.79644]]],[[[-9.28438,42.95298],[-9.28436,42.95306],[-9.28455,42.95312],[-9.28449,42.953],[-9.28438,42.95298]]],[[[-9.27248,43.00909],[-9.27236,43.00918],[-9.27245,43.00925],[-9.27258,43.00918],[-9.27248,43.00909]]],[[[-9.14593,42.79416],[-9.14589,42.79425],[-9.14617,42.79418],[-9.14612,42.79414],[-9.14593,42.79416]]],[[[-9.08826,43.18947],[-9.08832,43.18965],[-9.08844,43.18957],[-9.08831,43.18941],[-9.08826,43.18947]]],[[[-8.96405,42.56832],[-8.96407,42.56844],[-8.96418,42.56847],[-8.96417,42.5683],[-8.96405,42.56832]]],[[[-9.01021,42.51417],[-9.01018,42.51433],[-9.01027,42.51437],[-9.0103,42.51425],[-9.01021,42.51417]]],[[[-8.22023,43.58624],[-8.22022,43.58636],[-8.22039,43.58638],[-8.22031,43.58623],[-8.22023,43.58624]]],[[[-9.14128,42.78913],[-9.14124,42.78921],[-9.14141,42.78925],[-9.14136,42.78911],[-9.14128,42.78913]]],[[[-9.00596,42.47704],[-9.00606,42.47719],[-9.00613,42.47715],[-9.00613,42.47703],[-9.00596,42.47704]]],[[[-8.99045,43.2732],[-8.9903,43.27324],[-8.9906,43.27324],[-8.99053,43.27319],[-8.99045,43.2732]]],[[[-8.84946,43.32891],[-8.84946,43.32907],[-8.84961,43.329],[-8.84962,43.32891],[-8.84946,43.32891]]],[[[-9.04672,42.51169],[-9.04669,42.51177],[-9.04689,42.51184],[-9.0468,42.51171],[-9.04672,42.51169]]],[[[-9.00892,42.50545],[-9.00901,42.50557],[-9.0091,42.50551],[-9.00904,42.50543],[-9.00892,42.50545]]],[[[-7.77315,43.73978],[-7.77328,43.73989],[-7.77334,43.73978],[-7.77314,43.73967],[-7.77315,43.73978]]],[[[-9.14074,42.79342],[-9.14075,42.79364],[-9.14078,42.79367],[-9.14085,42.7935],[-9.14074,42.79342]]],[[[-9.04119,42.56035],[-9.04123,42.5605],[-9.04132,42.56055],[-9.04132,42.56038],[-9.04119,42.56035]]],[[[-8.91521,43.30664],[-8.91533,43.30676],[-8.91541,43.30669],[-8.91534,43.30661],[-8.91521,43.30664]]],[[[-7.77412,43.73973],[-7.77427,43.73976],[-7.77427,43.73963],[-7.77418,43.73956],[-7.77412,43.73973]]],[[[-8.96267,42.56861],[-8.96259,42.56867],[-8.96277,42.56875],[-8.96281,42.56863],[-8.96267,42.56861]]],[[[-8.84232,43.34528],[-8.84235,43.34539],[-8.84251,43.34524],[-8.84245,43.34522],[-8.84232,43.34528]]],[[[-9.00484,42.51201],[-9.00488,42.51212],[-9.00508,42.51206],[-9.0049,42.512],[-9.00484,42.51201]]],[[[-7.78981,43.73557],[-7.78975,43.7357],[-7.78976,43.73578],[-7.78989,43.73563],[-7.78981,43.73557]]],[[[-9.00251,42.51113],[-9.0024,42.51124],[-9.00241,42.51127],[-9.00262,42.51119],[-9.00251,42.51113]]],[[[-7.74852,43.74686],[-7.7485,43.74699],[-7.74867,43.74695],[-7.74865,43.74685],[-7.74852,43.74686]]],[[[-7.73758,43.74749],[-7.73769,43.74762],[-7.73768,43.74735],[-7.73758,43.74749]]],[[[-8.13223,43.63791],[-8.13222,43.63803],[-8.1323,43.63808],[-8.13235,43.63787],[-8.13223,43.63791]]],[[[-9.14715,42.81647],[-9.14732,42.81655],[-9.14737,42.81647],[-9.14718,42.81644],[-9.14715,42.81647]]],[[[-8.15356,43.61838],[-8.15373,43.61837],[-8.15381,43.61833],[-8.1536,43.61826],[-8.15356,43.61838]]],[[[-9.07711,42.60012],[-9.07712,42.60021],[-9.07729,42.60016],[-9.07726,42.6001],[-9.07711,42.60012]]],[[[-9.04594,42.51226],[-9.04595,42.51235],[-9.0461,42.51226],[-9.04604,42.51221],[-9.04594,42.51226]]],[[[-8.09233,43.66655],[-8.09232,43.66669],[-8.09243,43.66676],[-8.09241,43.66656],[-8.09233,43.66655]]],[[[-9.15212,42.79278],[-9.15211,42.79288],[-9.15228,42.79288],[-9.15217,42.79276],[-9.15212,42.79278]]],[[[-8.84914,43.32989],[-8.84904,43.32996],[-8.84909,43.33006],[-8.84925,43.32989],[-8.84914,43.32989]]],[[[-9.01565,43.2329],[-9.01574,43.23305],[-9.01586,43.23303],[-9.01572,43.23288],[-9.01565,43.2329]]],[[[-9.0123,43.23398],[-9.01233,43.23408],[-9.01254,43.23407],[-9.01237,43.23398],[-9.0123,43.23398]]],[[[-9.14277,42.80423],[-9.14289,42.80433],[-9.14295,42.80426],[-9.14289,42.80417],[-9.14277,42.80423]]],[[[-7.77326,43.73887],[-7.77335,43.73897],[-7.77345,43.73887],[-7.77338,43.73877],[-7.77326,43.73887]]],[[[-8.25376,43.56345],[-8.25369,43.56355],[-8.25391,43.56351],[-8.25391,43.56346],[-8.25376,43.56345]]],[[[-9.04125,42.5607],[-9.04131,42.56079],[-9.04144,42.56078],[-9.04137,42.56065],[-9.04125,42.5607]]],[[[-8.98282,42.53623],[-8.98291,42.53633],[-8.98304,42.53631],[-8.98294,42.53622],[-8.98282,42.53623]]],[[[-8.96631,43.22955],[-8.96645,43.22964],[-8.96656,43.22958],[-8.96644,43.22952],[-8.96631,43.22955]]],[[[-9.03892,42.51805],[-9.03904,42.51813],[-9.03915,42.51812],[-9.03902,42.51801],[-9.03892,42.51805]]],[[[-7.75056,43.74711],[-7.75075,43.74719],[-7.75082,43.7471],[-7.75056,43.74711]]],[[[-8.75491,42.64753],[-8.75499,42.64764],[-8.75508,42.64757],[-8.75498,42.64751],[-8.75491,42.64753]]],[[[-9.16785,42.79879],[-9.16786,42.79884],[-9.168,42.79887],[-9.16796,42.79874],[-9.16785,42.79879]]],[[[-9.01157,43.23385],[-9.01161,43.23402],[-9.01172,43.23395],[-9.01168,43.23384],[-9.01157,43.23385]]],[[[-9.14602,42.73694],[-9.14614,42.73699],[-9.14621,42.7369],[-9.14611,42.73685],[-9.14602,42.73694]]],[[[-9.08175,42.73418],[-9.08176,42.73405],[-9.0816,42.73412],[-9.08162,42.73418],[-9.08175,42.73418]]],[[[-8.19008,43.61854],[-8.19005,43.61866],[-8.19012,43.61871],[-8.19019,43.6186],[-8.19008,43.61854]]],[[[-8.98485,42.53765],[-8.98494,42.53776],[-8.98505,42.53767],[-8.98488,42.53761],[-8.98485,42.53765]]],[[[-9.11415,43.19369],[-9.1141,43.19382],[-9.11424,43.1938],[-9.11423,43.19368],[-9.11415,43.19369]]],[[[-8.98693,42.53123],[-8.98701,42.53133],[-8.98705,42.53117],[-8.987,42.53116],[-8.98693,42.53123]]],[[[-9.04696,42.51104],[-9.04706,42.51108],[-9.04714,42.51101],[-9.04698,42.51094],[-9.04696,42.51104]]],[[[-9.04665,42.53196],[-9.04663,42.53205],[-9.04681,42.53203],[-9.04678,42.53195],[-9.04665,42.53196]]],[[[-9.0476,42.51868],[-9.04758,42.5188],[-9.04772,42.51879],[-9.04767,42.51867],[-9.0476,42.51868]]],[[[-8.85572,43.32188],[-8.85579,43.32196],[-8.85586,43.3218],[-8.85578,43.32179],[-8.85572,43.32188]]],[[[-9.09355,43.18951],[-9.0935,43.1896],[-9.09371,43.18958],[-9.09369,43.18951],[-9.09355,43.18951]]],[[[-7.79615,43.73486],[-7.79617,43.73499],[-7.79626,43.735],[-7.79627,43.73484],[-7.79615,43.73486]]],[[[-9.03959,42.51739],[-9.03957,42.51746],[-9.03978,42.51742],[-9.03971,42.51738],[-9.03959,42.51739]]],[[[-8.19407,43.61302],[-8.19399,43.61309],[-8.19396,43.61316],[-8.19417,43.61306],[-8.19407,43.61302]]],[[[-9.10241,43.19062],[-9.10243,43.19074],[-9.10254,43.19061],[-9.10248,43.19058],[-9.10241,43.19062]]],[[[-9.14645,42.79174],[-9.14641,42.79185],[-9.14655,42.79185],[-9.14656,42.79175],[-9.14645,42.79174]]],[[[-9.06371,42.60972],[-9.06374,42.60981],[-9.06388,42.60982],[-9.06385,42.60972],[-9.06371,42.60972]]],[[[-9.28291,43.02411],[-9.28301,43.02421],[-9.28309,43.02412],[-9.28302,43.02408],[-9.28291,43.02411]]],[[[-8.60362,43.32198],[-8.6036,43.32207],[-8.60377,43.32202],[-8.60375,43.32197],[-8.60362,43.32198]]],[[[-9.27961,43.01308],[-9.27977,43.01318],[-9.27982,43.01316],[-9.27971,43.01304],[-9.27961,43.01308]]],[[[-9.15081,42.79247],[-9.15087,42.79257],[-9.151,42.79251],[-9.1509,42.79245],[-9.15081,42.79247]]],[[[-9.28007,43.01565],[-9.28013,43.01574],[-9.28022,43.01564],[-9.28009,43.01559],[-9.28007,43.01565]]],[[[-9.00847,42.50516],[-9.00848,42.50525],[-9.00864,42.50516],[-9.00857,42.50512],[-9.00847,42.50516]]],[[[-9.17238,42.79917],[-9.17235,42.79926],[-9.17249,42.79926],[-9.1725,42.79916],[-9.17238,42.79917]]],[[[-9.28288,43.02213],[-9.28292,43.02217],[-9.28304,43.02214],[-9.28287,43.02204],[-9.28288,43.02213]]],[[[-9.00447,42.51226],[-9.00458,42.51233],[-9.00467,42.51225],[-9.00457,42.51222],[-9.00447,42.51226]]],[[[-9.15195,42.79937],[-9.15191,42.79947],[-9.15206,42.79948],[-9.15206,42.79938],[-9.15195,42.79937]]],[[[-9.03932,42.50693],[-9.0394,42.50699],[-9.03948,42.50691],[-9.0394,42.50688],[-9.03932,42.50693]]],[[[-9.04151,42.56112],[-9.04146,42.56121],[-9.04159,42.56125],[-9.04157,42.56111],[-9.04151,42.56112]]],[[[-9.01164,42.51506],[-9.01167,42.51518],[-9.01177,42.51507],[-9.01169,42.51503],[-9.01164,42.51506]]],[[[-9.04118,42.5612],[-9.04115,42.56129],[-9.04132,42.5612],[-9.04125,42.56115],[-9.04118,42.5612]]],[[[-8.9833,42.53249],[-8.98338,42.53256],[-8.98348,42.53253],[-8.98338,42.53245],[-8.9833,42.53249]]],[[[-9.08911,43.19037],[-9.08917,43.19053],[-9.08922,43.19058],[-9.08924,43.19043],[-9.08911,43.19037]]],[[[-8.96261,42.5688],[-8.96267,42.56892],[-8.96277,42.56887],[-8.96273,42.56882],[-8.96261,42.5688]]],[[[-9.14618,42.73818],[-9.14619,42.7383],[-9.14631,42.73825],[-9.14624,42.73817],[-9.14618,42.73818]]],[[[-9.0089,43.23422],[-9.00878,43.2343],[-9.00881,43.23434],[-9.00897,43.23421],[-9.0089,43.23422]]],[[[-7.76858,43.74033],[-7.76868,43.74043],[-7.76876,43.74034],[-7.76867,43.7403],[-7.76858,43.74033]]],[[[-9.03726,42.51148],[-9.03718,42.51151],[-9.03744,42.51151],[-9.03738,42.51147],[-9.03726,42.51148]]],[[[-8.19599,43.60318],[-8.19593,43.60325],[-8.19594,43.6033],[-8.19608,43.60321],[-8.19599,43.60318]]],[[[-9.14717,42.81571],[-9.14721,42.81582],[-9.14732,42.81576],[-9.14724,42.8157],[-9.14717,42.81571]]],[[[-9.00825,43.23413],[-9.00822,43.2342],[-9.0084,43.23416],[-9.00831,43.2341],[-9.00825,43.23413]]],[[[-9.04511,42.50928],[-9.0451,42.50941],[-9.04523,42.50936],[-9.04519,42.50928],[-9.04511,42.50928]]],[[[-9.03961,42.51588],[-9.03961,42.51597],[-9.03976,42.51588],[-9.03973,42.51585],[-9.03961,42.51588]]],[[[-9.04094,42.56082],[-9.04096,42.56092],[-9.04111,42.5608],[-9.04105,42.56078],[-9.04094,42.56082]]],[[[-9.00739,42.4982],[-9.00747,42.49827],[-9.00753,42.49827],[-9.00751,42.49815],[-9.00739,42.4982]]],[[[-8.96602,43.22947],[-8.96609,43.22957],[-8.96617,43.22951],[-8.96616,43.22946],[-8.96602,43.22947]]],[[[-8.60409,43.32151],[-8.60408,43.32161],[-8.60417,43.32161],[-8.60421,43.32156],[-8.60409,43.32151]]],[[[-9.15248,42.80255],[-9.15256,42.80261],[-9.15262,42.80256],[-9.15257,42.80247],[-9.15248,42.80255]]],[[[-7.79759,43.73325],[-7.79753,43.73336],[-7.79762,43.73339],[-7.79766,43.73324],[-7.79759,43.73325]]],[[[-8.9843,42.53342],[-8.98433,42.5335],[-8.98447,42.53349],[-8.98438,42.53341],[-8.9843,42.53342]]],[[[-8.20237,43.59766],[-8.20251,43.59778],[-8.20256,43.59777],[-8.20253,43.5977],[-8.20237,43.59766]]],[[[-8.9584,43.22874],[-8.9584,43.22884],[-8.95852,43.2288],[-8.95847,43.22872],[-8.9584,43.22874]]],[[[-8.79037,43.31043],[-8.79037,43.31053],[-8.79044,43.31053],[-8.79047,43.31043],[-8.79037,43.31043]]],[[[-9.15123,42.80219],[-9.15126,42.80226],[-9.15136,42.80225],[-9.15134,42.80215],[-9.15123,42.80219]]],[[[-8.31008,43.54525],[-8.3102,43.54529],[-8.31021,43.5452],[-8.31009,43.54518],[-8.31008,43.54525]]],[[[-9.1198,43.19622],[-9.11987,43.19632],[-9.11993,43.1963],[-9.1199,43.19621],[-9.1198,43.19622]]],[[[-7.81682,43.72327],[-7.81686,43.72333],[-7.81697,43.72324],[-7.81692,43.7232],[-7.81682,43.72327]]],[[[-9.0449,42.51026],[-9.04486,42.51035],[-9.04495,42.51037],[-9.04498,42.51029],[-9.0449,42.51026]]],[[[-9.11771,43.20005],[-9.11761,43.20011],[-9.11783,43.20009],[-9.11777,43.20005],[-9.11771,43.20005]]],[[[-9.03842,42.56339],[-9.03841,42.56347],[-9.03855,42.56341],[-9.03849,42.56336],[-9.03842,42.56339]]],[[[-7.75235,43.74663],[-7.75239,43.74673],[-7.75247,43.74671],[-7.75242,43.74659],[-7.75235,43.74663]]],[[[-7.75242,43.74783],[-7.75234,43.74796],[-7.75237,43.748],[-7.75246,43.74792],[-7.75242,43.74783]]],[[[-9.02814,42.51996],[-9.02817,42.52002],[-9.02831,42.51999],[-9.02829,42.51996],[-9.02814,42.51996]]],[[[-8.95366,43.25645],[-8.95383,43.2565],[-8.95385,43.25646],[-8.95371,43.25641],[-8.95366,43.25645]]],[[[-9.14265,42.78907],[-9.14271,42.78912],[-9.14279,42.78908],[-9.14273,42.789],[-9.14265,42.78907]]],[[[-7.75288,43.74616],[-7.75297,43.74615],[-7.75288,43.74599],[-7.75288,43.74616]]],[[[-9.04418,42.53456],[-9.0442,42.53465],[-9.04431,42.53464],[-9.04428,42.53455],[-9.04418,42.53456]]],[[[-9.04135,42.56083],[-9.04134,42.56089],[-9.04144,42.5609],[-9.04144,42.56082],[-9.04135,42.56083]]],[[[-9.09897,43.19177],[-9.09898,43.19185],[-9.09909,43.19179],[-9.09908,43.19174],[-9.09897,43.19177]]],[[[-9.15221,42.80229],[-9.15222,42.80232],[-9.15234,42.80232],[-9.15224,42.80222],[-9.15221,42.80229]]],[[[-9.0419,42.56119],[-9.04198,42.56116],[-9.04192,42.56109],[-9.04184,42.56113],[-9.0419,42.56119]]],[[[-9.27592,43.00944],[-9.27595,43.00953],[-9.27604,43.00949],[-9.27598,43.00944],[-9.27592,43.00944]]],[[[-9.08095,43.18471],[-9.08101,43.1848],[-9.08112,43.18484],[-9.08102,43.18469],[-9.08095,43.18471]]],[[[-8.94821,42.55982],[-8.94832,42.55982],[-8.94832,42.55975],[-8.94824,42.55973],[-8.94821,42.55982]]],[[[-9.08898,43.19051],[-9.08899,43.19055],[-9.08908,43.19058],[-9.08907,43.19048],[-9.08898,43.19051]]],[[[-9.07651,43.18619],[-9.07648,43.18626],[-9.07667,43.18619],[-9.0766,43.18616],[-9.07651,43.18619]]],[[[-9.14483,42.81489],[-9.14485,42.81495],[-9.14494,42.81498],[-9.14489,42.81487],[-9.14483,42.81489]]],[[[-9.18816,43.18508],[-9.18814,43.18513],[-9.18827,43.1852],[-9.18823,43.18506],[-9.18816,43.18508]]],[[[-8.84246,43.34538],[-8.8424,43.34539],[-8.84237,43.34543],[-8.84251,43.34545],[-8.84246,43.34538]]],[[[-7.77343,43.73866],[-7.77348,43.73875],[-7.77358,43.73872],[-7.77353,43.73864],[-7.77343,43.73866]]],[[[-9.07896,43.18415],[-9.07897,43.18424],[-9.07902,43.18427],[-9.07902,43.18415],[-9.07896,43.18415]]],[[[-9.1455,42.79402],[-9.14555,42.79409],[-9.14564,42.79404],[-9.14561,42.79401],[-9.1455,42.79402]]],[[[-8.94879,42.55985],[-8.94887,42.55977],[-8.94874,42.55975],[-8.94879,42.55985]]],[[[-9.04333,42.51202],[-9.04334,42.5121],[-9.04344,42.51204],[-9.04342,42.51199],[-9.04333,42.51202]]],[[[-9.1535,42.80188],[-9.15353,42.80195],[-9.15362,42.80191],[-9.15354,42.80184],[-9.1535,42.80188]]],[[[-8.18929,43.62],[-8.18936,43.62008],[-8.18939,43.62007],[-8.18936,43.61997],[-8.18929,43.62]]],[[[-9.02587,42.70809],[-9.02585,42.70816],[-9.02596,42.70818],[-9.02595,42.70809],[-9.02587,42.70809]]],[[[-8.96704,42.56752],[-8.96715,42.56757],[-8.96717,42.56752],[-8.96708,42.56749],[-8.96704,42.56752]]],[[[-9.11794,43.19685],[-9.11809,43.19687],[-9.11811,43.19682],[-9.11804,43.19681],[-9.11794,43.19685]]],[[[-9.03556,42.51891],[-9.03563,42.51898],[-9.03571,42.51893],[-9.0356,42.51889],[-9.03556,42.51891]]],[[[-9.28135,43.02495],[-9.28139,43.02499],[-9.28153,43.02494],[-9.2814,43.02491],[-9.28135,43.02495]]],[[[-7.76538,43.73995],[-7.76545,43.74001],[-7.7655,43.73991],[-7.76544,43.73989],[-7.76538,43.73995]]],[[[-9.04057,42.51402],[-9.04062,42.5141],[-9.0407,42.51406],[-9.04069,42.51403],[-9.04057,42.51402]]],[[[-7.77157,43.74145],[-7.77163,43.74162],[-7.77166,43.74144],[-7.77157,43.74145]]],[[[-9.07556,43.18674],[-9.07563,43.18681],[-9.07567,43.18676],[-9.07562,43.18668],[-9.07556,43.18674]]],[[[-8.81899,42.65687],[-8.81902,42.6568],[-8.81886,42.65679],[-8.81894,42.65686],[-8.81899,42.65687]]],[[[-9.0447,42.53213],[-9.04472,42.53221],[-9.04481,42.5322],[-9.04475,42.53211],[-9.0447,42.53213]]],[[[-9.03221,42.51761],[-9.03226,42.51768],[-9.03236,42.51763],[-9.03233,42.5176],[-9.03221,42.51761]]],[[[-9.00412,42.5119],[-9.00411,42.51198],[-9.00421,42.51199],[-9.00418,42.5119],[-9.00412,42.5119]]],[[[-7.77272,43.73982],[-7.77276,43.73987],[-7.77283,43.73978],[-7.77278,43.73974],[-7.77272,43.73982]]],[[[-8.84933,43.32884],[-8.84938,43.32893],[-8.84944,43.32885],[-8.84939,43.32882],[-8.84933,43.32884]]],[[[-9.09609,43.19322],[-9.09605,43.19327],[-9.09609,43.19332],[-9.09615,43.19321],[-9.09609,43.19322]]],[[[-8.91738,42.62067],[-8.91738,42.62057],[-8.91732,42.62058],[-8.9173,42.62064],[-8.91738,42.62067]]],[[[-9.08379,43.1857],[-9.08375,43.18575],[-9.08387,43.18579],[-9.08383,43.18569],[-9.08379,43.1857]]],[[[-8.98956,42.52237],[-8.98961,42.52245],[-8.98967,42.5224],[-8.98964,42.52236],[-8.98956,42.52237]]],[[[-7.77351,43.73902],[-7.77352,43.73909],[-7.7736,43.73907],[-7.77357,43.73899],[-7.77351,43.73902]]],[[[-9.08237,43.18499],[-9.08241,43.18509],[-9.08244,43.1851],[-9.08243,43.18498],[-9.08237,43.18499]]],[[[-8.97177,42.56712],[-8.9718,42.56721],[-8.97187,42.56721],[-8.97181,42.56712],[-8.97177,42.56712]]],[[[-7.77162,43.7401],[-7.77177,43.7401],[-7.77178,43.74003],[-7.77162,43.7401]]],[[[-8.972,42.56818],[-8.97207,42.56822],[-8.97212,42.56819],[-8.97202,42.56814],[-8.972,42.56818]]],[[[-9.09045,43.1902],[-9.09054,43.19027],[-9.09057,43.19026],[-9.09051,43.19018],[-9.09045,43.1902]]],[[[-7.75303,43.74589],[-7.75311,43.74589],[-7.75309,43.74577],[-7.75303,43.74589]]],[[[-9.00363,43.23009],[-9.00374,43.23012],[-9.00375,43.23008],[-9.00368,43.23007],[-9.00363,43.23009]]],[[[-9.10263,43.19075],[-9.10264,43.19081],[-9.1027,43.19082],[-9.10271,43.19075],[-9.10263,43.19075]]],[[[-8.91719,42.62067],[-8.91722,42.6207],[-8.91727,42.6207],[-8.91723,42.62063],[-8.91719,42.62067]]],[[[-9.08353,43.18608],[-9.08355,43.18615],[-9.08362,43.18612],[-9.08359,43.18608],[-9.08353,43.18608]]],[[[-9.10194,43.19081],[-9.10194,43.19085],[-9.10198,43.19087],[-9.10201,43.19078],[-9.10194,43.19081]]],[[[-7.76435,43.74078],[-7.76435,43.74095],[-7.76436,43.74095],[-7.76438,43.74077],[-7.76435,43.74078]]],[[[-9.00282,43.22868],[-9.00282,43.22871],[-9.00292,43.22873],[-9.0029,43.22869],[-9.00282,43.22868]]],[[[-9.00793,42.4982],[-9.0079,42.49825],[-9.00798,42.4982],[-9.00793,42.4982]]],[[[-9.0823,43.18553],[-9.08233,43.18557],[-9.08237,43.1856],[-9.08236,43.18552],[-9.0823,43.18553]]]]},"properties":{"code":"ES-15","nom":"A Coru\u00f1a","country":"ES"}},{"type":"Feature","geometry":{"type":"MultiPolygon","coordinates":[[[[1.74871,42.49482],[1.72427,42.48696],[1.73192,42.44038],[1.80154,42.42492],[1.80604,42.37009],[1.82999,42.38141],[1.85506,42.36965],[1.8347,42.35515],[1.84233,42.30634],[1.90312,42.3233],[2.0699,42.2916],[2.01673,42.23298],[2.03018,42.21587],[2.0533,42.21953],[2.06051,42.17789],[2.00483,42.1621],[1.99554,42.1723],[2.0073,42.19407],[1.96521,42.19909],[1.96589,42.17879],[1.99149,42.18259],[2.00398,42.14952],[2.06038,42.13536],[2.09232,42.1443],[2.12592,42.11311],[2.1447,42.13141],[2.20107,42.12429],[2.21512,42.14209],[2.27002,42.14521],[2.29955,42.1342],[2.29492,42.10268],[2.36603,42.12135],[2.40018,42.10276],[2.3945,42.08676],[2.41753,42.06497],[2.45804,42.07928],[2.49035,42.06732],[2.48222,42.04925],[2.50616,42.03227],[2.4989,42.00152],[2.46878,41.99383],[2.48802,41.98467],[2.47431,41.96934],[2.4291,41.96893],[2.48118,41.91602],[2.4427,41.88749],[2.40712,41.89572],[2.38261,41.87152],[2.36966,41.8855],[2.32798,41.88305],[2.32599,41.85566],[2.35293,41.80794],[2.47218,41.7896],[2.46915,41.77779],[2.51597,41.7619],[2.54731,41.71907],[2.6576,41.74769],[2.77686,41.73549],[2.75787,41.67913],[2.77778,41.65],[2.78912,41.66998],[2.81947,41.68886],[2.85365,41.69961],[2.88769,41.70127],[2.90257,41.70997],[2.93477,41.71519],[2.93487,41.72036],[2.97755,41.75766],[3.01113,41.77218],[3.03016,41.77081],[3.02968,41.77948],[3.04363,41.77849],[3.04368,41.78166],[3.04871,41.78268],[3.0462,41.78879],[3.05632,41.78757],[3.10216,41.84491],[3.13194,41.84196],[3.1769,41.86643],[3.1783,41.879],[3.18333,41.88779],[3.20301,41.89164],[3.20743,41.91733],[3.22038,41.92227],[3.22056,41.93481],[3.2142,41.93638],[3.21815,41.94266],[3.23361,41.95055],[3.19571,42.01377],[3.199,42.04924],[3.2147,42.06119],[3.16954,42.10533],[3.17681,42.11154],[3.12387,42.12847],[3.11174,42.2059],[3.16262,42.26423],[3.21814,42.23232],[3.22952,42.25153],[3.26437,42.23787],[3.25371,42.2525],[3.28786,42.26573],[3.2769,42.27987],[3.2762,42.28709],[3.29056,42.28201],[3.29929,42.28451],[3.28627,42.29326],[3.28691,42.30367],[3.32226,42.3194],[3.26769,42.34044],[3.24976,42.32977],[3.23822,42.34898],[3.22927,42.35156],[3.19463,42.33581],[3.16295,42.36046],[3.1551,42.3787],[3.16714,42.38891],[3.16336,42.39173],[3.15343,42.39143],[3.16502,42.40066],[3.15587,42.40689],[3.17098,42.41638],[3.16055,42.42798],[3.17462,42.43534],[3.08519,42.42585],[3.03324,42.47487],[2.96741,42.46542],[2.94709,42.48212],[2.91842,42.4562],[2.83962,42.45926],[2.79931,42.41848],[2.73354,42.42482],[2.67209,42.40346],[2.67093,42.38717],[2.65138,42.3863],[2.67165,42.34075],[2.57101,42.35806],[2.53089,42.33293],[2.48091,42.34096],[2.4334,42.37762],[2.43272,42.39375],[2.25693,42.43874],[2.20667,42.41738],[2.14825,42.42043],[2.08459,42.36174],[2.01519,42.34738],[1.96543,42.38092],[1.93668,42.45441],[1.89195,42.44772],[1.82355,42.48655],[1.74871,42.49482]],[[3.28661,42.33311],[3.28686,42.33223],[3.28608,42.33216],[3.28579,42.33344],[3.28661,42.33311]],[[3.24227,42.34012],[3.24309,42.33982],[3.24335,42.33931],[3.24177,42.33976],[3.24227,42.34012]],[[3.21783,41.92494],[3.21833,41.92488],[3.217,41.92456],[3.21724,41.92479],[3.21783,41.92494]],[[3.08097,41.82419],[3.08139,41.82407],[3.08145,41.82394],[3.08088,41.82386],[3.08097,41.82419]],[[3.04706,41.78338],[3.04732,41.78333],[3.04673,41.7832],[3.04674,41.78349],[3.04706,41.78338]],[[3.16656,42.11384],[3.16651,42.11347],[3.16631,42.11352],[3.16628,42.11404],[3.16656,42.11384]],[[3.15326,41.86109],[3.15357,41.86107],[3.15376,41.86097],[3.15301,41.86106],[3.15326,41.86109]],[[3.29796,42.32834],[3.29836,42.32827],[3.29869,42.32834],[3.29846,42.32812],[3.29796,42.32834]],[[3.21065,42.06281],[3.21041,42.06271],[3.21018,42.06293],[3.21042,42.06299],[3.21065,42.06281]],[[2.88689,41.70154],[2.88661,41.70134],[2.88623,41.70142],[2.88658,41.70152],[2.88689,41.70154]],[[3.21829,41.92429],[3.21764,41.92404],[3.21727,41.92414],[3.21826,41.92435],[3.21829,41.92429]],[[3.27084,42.33868],[3.27119,42.33865],[3.27126,42.33861],[3.27068,42.33846],[3.27084,42.33868]],[[3.0474,41.78424],[3.04757,41.78413],[3.04697,41.78412],[3.04716,41.78427],[3.0474,41.78424]],[[3.29898,42.32741],[3.29881,42.32733],[3.29851,42.32757],[3.2989,42.32761],[3.29898,42.32741]],[[3.05962,41.79205],[3.05947,41.79172],[3.05933,41.79165],[3.05928,41.79198],[3.05962,41.79205]],[[3.29754,42.28477],[3.29772,42.28451],[3.29787,42.28445],[3.29755,42.28452],[3.29731,42.28478],[3.29754,42.28477]],[[3.28511,42.33234],[3.28485,42.33233],[3.28474,42.33255],[3.28515,42.33239],[3.28511,42.33234]],[[3.29865,42.328],[3.29882,42.32804],[3.29888,42.32789],[3.29849,42.32791],[3.29865,42.328]],[[3.20959,42.06565],[3.20973,42.06536],[3.20965,42.06527],[3.20942,42.06549],[3.20959,42.06565]],[[3.04761,41.78315],[3.04718,41.78311],[3.04714,41.78314],[3.04771,41.78325],[3.04761,41.78315]],[[3.21964,41.92545],[3.21918,41.92525],[3.21891,41.92533],[3.21914,41.9254],[3.21964,41.92545]],[[3.14095,41.84836],[3.14109,41.84824],[3.14094,41.84814],[3.14075,41.84829],[3.14095,41.84836]],[[3.14081,41.84847],[3.14073,41.84846],[3.14048,41.84854],[3.14067,41.8487],[3.14081,41.84847]],[[3.08465,41.8261],[3.08495,41.82596],[3.08434,41.82597],[3.08459,41.82614],[3.08465,41.8261]],[[3.26112,42.33502],[3.26096,42.33497],[3.26091,42.33524],[3.26105,42.33525],[3.26112,42.33502]],[[3.06006,41.79277],[3.0601,41.79308],[3.06025,41.79312],[3.06031,41.79306],[3.06006,41.79277]],[[3.15438,42.39134],[3.15414,42.39114],[3.15405,42.39121],[3.15431,42.3914],[3.15438,42.39134]],[[3.0945,41.83584],[3.09439,41.83599],[3.09465,41.83598],[3.09459,41.83589],[3.0945,41.83584]],[[3.21784,41.92176],[3.21809,41.92168],[3.21813,41.92154],[3.21762,41.92175],[3.21784,41.92176]],[[3.14182,41.84866],[3.14163,41.84868],[3.1416,41.84877],[3.14183,41.8488],[3.14182,41.84866]],[[3.19306,41.89222],[3.19325,41.8922],[3.19328,41.89216],[3.19297,41.89207],[3.19306,41.89222]],[[3.16214,42.11531],[3.16207,42.11523],[3.16182,42.11526],[3.1623,42.11547],[3.16214,42.11531]],[[3.29714,42.28408],[3.29703,42.2841],[3.2968,42.28442],[3.29698,42.28433],[3.29714,42.28408]],[[3.16574,41.86212],[3.16555,41.86215],[3.16561,41.86239],[3.16568,41.86241],[3.16574,41.86212]],[[3.04564,41.78678],[3.04563,41.7867],[3.04542,41.78661],[3.04545,41.78681],[3.04564,41.78678]],[[3.07906,41.82226],[3.07903,41.8224],[3.07919,41.82243],[3.0792,41.82236],[3.07906,41.82226]],[[3.21887,41.92619],[3.219,41.92617],[3.21877,41.92607],[3.21877,41.92627],[3.21887,41.92619]],[[3.19344,41.89231],[3.19325,41.89229],[3.19319,41.89234],[3.19339,41.89243],[3.19344,41.89231]],[[3.08012,41.82384],[3.07996,41.82383],[3.0798,41.82397],[3.08009,41.82395],[3.08012,41.82384]],[[3.04612,41.78723],[3.04606,41.78729],[3.04614,41.78746],[3.04623,41.78735],[3.04612,41.78723]],[[3.24181,42.33798],[3.24199,42.33791],[3.24147,42.33791],[3.24152,42.33797],[3.24181,42.33798]],[[3.30125,42.327],[3.30105,42.32687],[3.30092,42.32698],[3.30104,42.32702],[3.30125,42.327]],[[3.19784,41.89207],[3.19773,41.89219],[3.19778,41.89229],[3.19791,41.89218],[3.19784,41.89207]],[[3.04738,41.7845],[3.0474,41.78464],[3.04756,41.78458],[3.04756,41.78454],[3.04738,41.7845]],[[3.21851,41.97398],[3.2183,41.97396],[3.21826,41.97412],[3.21844,41.97406],[3.21851,41.97398]],[[3.15191,41.86109],[3.15177,41.86109],[3.15176,41.86119],[3.15194,41.86123],[3.15191,41.86109]],[[3.07823,41.82245],[3.07817,41.8225],[3.07833,41.82264],[3.07838,41.82252],[3.07823,41.82245]],[[3.29784,42.28469],[3.29768,42.28475],[3.29747,42.28493],[3.29757,42.28491],[3.29784,42.28469]],[[3.27989,42.33315],[3.2801,42.33304],[3.28009,42.33302],[3.27974,42.33314],[3.27989,42.33315]],[[3.08466,41.82747],[3.08459,41.82761],[3.08468,41.82768],[3.08477,41.82756],[3.08466,41.82747]],[[3.0794,41.82361],[3.0794,41.82351],[3.07915,41.82346],[3.07917,41.82354],[3.0794,41.82361]],[[3.1435,41.8548],[3.14337,41.85482],[3.14334,41.8549],[3.14353,41.85492],[3.1435,41.8548]],[[3.31292,42.31646],[3.31303,42.31643],[3.31305,42.31635],[3.31279,42.3165],[3.31292,42.31646]],[[3.15485,42.39101],[3.15477,42.39099],[3.15469,42.39109],[3.15492,42.39106],[3.15485,42.39101]],[[3.04577,41.78634],[3.04576,41.7863],[3.04549,41.78619],[3.04562,41.78633],[3.04577,41.78634]],[[3.19334,41.89027],[3.19343,41.89024],[3.19346,41.89012],[3.19325,41.89025],[3.19334,41.89027]],[[3.21671,41.92116],[3.21663,41.92116],[3.21688,41.92135],[3.21682,41.92119],[3.21671,41.92116]],[[3.16189,42.39855],[3.16204,42.39855],[3.16204,42.3985],[3.16182,42.39847],[3.16189,42.39855]],[[3.02968,41.77782],[3.02944,41.77786],[3.02942,41.77791],[3.02974,41.77785],[3.02968,41.77782]],[[3.17573,42.1116],[3.17559,42.11159],[3.17551,42.11167],[3.17567,42.1117],[3.17573,42.1116]],[[3.27158,42.33885],[3.2716,42.33876],[3.27133,42.33883],[3.27141,42.33888],[3.27158,42.33885]],[[3.08601,41.82561],[3.08592,41.8257],[3.08598,41.82581],[3.08605,41.82565],[3.08601,41.82561]],[[3.04684,41.78356],[3.0468,41.78367],[3.04695,41.78364],[3.0469,41.78358],[3.04684,41.78356]],[[3.0461,41.78703],[3.04598,41.78702],[3.04592,41.78705],[3.04606,41.78712],[3.0461,41.78703]],[[3.14315,41.85517],[3.14308,41.85516],[3.14285,41.85532],[3.14292,41.85532],[3.14315,41.85517]],[[3.29934,42.32719],[3.2992,42.32718],[3.29905,42.32731],[3.29924,42.32725],[3.29934,42.32719]],[[3.16747,41.86315],[3.16738,41.86314],[3.16742,41.86328],[3.1675,41.86322],[3.16747,41.86315]],[[3.2398,42.34033],[3.23975,42.34032],[3.23962,42.34035],[3.23973,42.34044],[3.2398,42.34033]],[[2.88578,41.70204],[2.88571,41.70204],[2.88567,41.70209],[2.88578,41.70216],[2.88578,41.70204]],[[3.16708,41.86319],[3.16698,41.86317],[3.16701,41.86332],[3.16706,41.86329],[3.16708,41.86319]],[[3.1672,42.41451],[3.16711,42.4145],[3.16696,42.41465],[3.16719,42.41456],[3.1672,42.41451]],[[3.21625,41.9302],[3.2161,41.93016],[3.21586,41.93021],[3.21623,41.93024],[3.21625,41.9302]],[[3.16547,42.41319],[3.16548,42.41313],[3.16532,42.41311],[3.1654,42.41323],[3.16547,42.41319]],[[3.19948,41.89156],[3.19933,41.8916],[3.19927,41.89171],[3.19939,41.89166],[3.19948,41.89156]],[[3.16142,42.39808],[3.16126,42.39804],[3.1612,42.39799],[3.16121,42.39806],[3.16141,42.39814],[3.16142,42.39808]],[[3.1695,41.86287],[3.16944,41.86287],[3.16937,41.86303],[3.16943,41.86302],[3.1695,41.86287]],[[3.0903,41.83229],[3.0903,41.83219],[3.09021,41.83223],[3.09021,41.83229],[3.0903,41.83229]],[[3.23958,42.34044],[3.2395,42.34045],[3.23951,42.34052],[3.23964,42.34052],[3.23958,42.34044]],[[3.1698,41.86276],[3.1698,41.8627],[3.16963,41.86283],[3.16969,41.86286],[3.1698,41.86276]],[[3.16621,42.414],[3.16614,42.41395],[3.16602,42.414],[3.1661,42.41406],[3.16621,42.414]],[[3.23,41.95455],[3.23004,41.95452],[3.23005,41.95445],[3.22992,41.95451],[3.23,41.95455]],[[3.16734,41.86312],[3.16724,41.86317],[3.16732,41.86326],[3.16734,41.86321],[3.16734,41.86312]],[[3.09405,41.83596],[3.09402,41.83589],[3.09391,41.83593],[3.09395,41.83596],[3.09405,41.83596]],[[3.16551,41.86238],[3.16546,41.86227],[3.1654,41.86228],[3.16542,41.86237],[3.16551,41.86238]],[[3.19174,41.88969],[3.1917,41.88969],[3.19175,41.88983],[3.1918,41.88976],[3.19174,41.88969]],[[3.16939,41.86281],[3.16935,41.86277],[3.16924,41.86285],[3.16928,41.86287],[3.16939,41.86281]],[[3.09475,41.83584],[3.09465,41.83589],[3.09474,41.83595],[3.09477,41.83593],[3.09475,41.83584]],[[3.22753,42.24969],[3.22743,42.24962],[3.22736,42.24964],[3.22738,42.24969],[3.22753,42.24969]],[[3.157,42.39077],[3.15688,42.3908],[3.15686,42.39088],[3.15699,42.39081],[3.157,42.39077]],[[3.15285,41.86137],[3.15278,41.86137],[3.15278,41.86151],[3.15282,41.86148],[3.15285,41.86137]],[[3.08254,41.8257],[3.08244,41.8257],[3.08241,41.82572],[3.08252,41.82577],[3.08254,41.8257]],[[3.21599,41.93574],[3.21604,41.93569],[3.21587,41.93571],[3.21598,41.93575],[3.21599,41.93574]],[[3.21935,41.93495],[3.21928,41.93494],[3.21935,41.93505],[3.21938,41.93502],[3.21935,41.93495]],[[3.22878,41.9485],[3.22874,41.94849],[3.22865,41.94856],[3.22871,41.9486],[3.22878,41.9485]],[[3.24023,42.33947],[3.24015,42.33946],[3.24008,42.33953],[3.24014,42.33954],[3.24023,42.33947]],[[3.16557,41.86195],[3.16548,41.8619],[3.16543,41.86193],[3.16555,41.86199],[3.16557,41.86195]],[[3.19356,41.89029],[3.19353,41.89033],[3.19365,41.89041],[3.19357,41.89033],[3.19356,41.89029]],[[3.13867,41.84847],[3.13859,41.84847],[3.13856,41.84848],[3.1386,41.84855],[3.13867,41.84847]],[[3.15643,42.11771],[3.15635,42.1177],[3.15638,42.1178],[3.15642,42.11777],[3.15643,42.11771]],[[3.12243,42.13644],[3.12242,42.13642],[3.12231,42.13644],[3.12234,42.13649],[3.12243,42.13644]],[[3.19342,41.89206],[3.19334,41.89205],[3.19344,41.89215],[3.19344,41.89208],[3.19342,41.89206]],[[3.22876,41.94836],[3.22871,41.94841],[3.22878,41.94846],[3.2288,41.94842],[3.22876,41.94836]],[[3.16153,42.39834],[3.16147,42.39833],[3.16151,42.39843],[3.16156,42.39841],[3.16153,42.39834]],[[3.23844,42.34422],[3.23848,42.3442],[3.23848,42.34414],[3.23838,42.34419],[3.23844,42.34422]],[[3.09155,41.83196],[3.09149,41.83198],[3.09152,41.83204],[3.09157,41.83204],[3.09155,41.83196]],[[3.21703,41.93013],[3.21688,41.93008],[3.21686,41.93009],[3.21693,41.93016],[3.21703,41.93013]],[[3.19335,41.88993],[3.19332,41.88992],[3.19336,41.89002],[3.1934,41.88995],[3.19335,41.88993]],[[3.09188,41.83226],[3.09182,41.83229],[3.09192,41.83233],[3.09192,41.83228],[3.09188,41.83226]],[[3.1661,42.41385],[3.16603,42.41385],[3.166,42.4139],[3.16608,42.4139],[3.1661,42.41385]],[[3.19311,41.89227],[3.19305,41.89229],[3.19312,41.89236],[3.19314,41.89234],[3.19311,41.89227]],[[3.29065,42.30674],[3.29068,42.3067],[3.29062,42.30667],[3.29057,42.30674],[3.29065,42.30674]],[[3.09411,41.83691],[3.09405,41.83687],[3.09402,41.83692],[3.09406,41.83695],[3.09411,41.83691]],[[3.16252,42.11548],[3.16242,42.11546],[3.1624,42.11549],[3.16249,42.11551],[3.16252,42.11548]],[[3.16781,41.86318],[3.16774,41.86316],[3.16776,41.86326],[3.16781,41.86318]],[[3.29802,42.28439],[3.29795,42.28441],[3.29794,42.28445],[3.298,42.28445],[3.29802,42.28439]],[[3.16673,41.86323],[3.16663,41.8632],[3.16661,41.86324],[3.16668,41.86327],[3.16673,41.86323]],[[3.16395,41.86165],[3.16396,41.86156],[3.16388,41.86164],[3.16395,41.86165]],[[3.16392,41.86153],[3.16389,41.86145],[3.16385,41.86154],[3.16392,41.86153]],[[3.31114,42.32082],[3.31108,42.32086],[3.31109,42.32092],[3.31113,42.32087],[3.31114,42.32082]],[[3.09457,41.83578],[3.09457,41.83574],[3.09449,41.83576],[3.09451,41.83577],[3.09457,41.83578]],[[3.29897,42.32774],[3.29889,42.32772],[3.29887,42.32778],[3.29892,42.32777],[3.29897,42.32774]],[[3.09428,41.83655],[3.09424,41.83658],[3.09425,41.83664],[3.09429,41.8366],[3.09428,41.83655]],[[3.2162,41.93543],[3.21614,41.93543],[3.21615,41.93547],[3.21618,41.93548],[3.2162,41.93543]],[[3.18226,41.88636],[3.18223,41.88641],[3.1823,41.88641],[3.1823,41.88638],[3.18226,41.88636]],[[3.08573,41.82831],[3.08568,41.82831],[3.08567,41.82834],[3.08572,41.82836],[3.08573,41.82831]],[[3.23002,41.95519],[3.23002,41.95517],[3.22996,41.95516],[3.23,41.95523],[3.23002,41.95519]],[[3.09409,41.83655],[3.09405,41.83659],[3.0941,41.83664],[3.09411,41.83659],[3.09409,41.83655]],[[3.11366,41.8482],[3.11362,41.84822],[3.11363,41.84825],[3.11368,41.84825],[3.11366,41.8482]],[[3.27976,42.33319],[3.27971,42.33318],[3.27966,42.33321],[3.2798,42.33321],[3.27976,42.33319]],[[3.23017,41.95441],[3.23015,41.95446],[3.23021,41.95445],[3.23021,41.95443],[3.23017,41.95441]],[[3.08483,41.82758],[3.08478,41.82759],[3.08479,41.82762],[3.08484,41.82762],[3.08483,41.82758]],[[3.23016,41.95552],[3.23012,41.95553],[3.23009,41.95555],[3.23013,41.95557],[3.23016,41.95552]],[[3.21605,41.93002],[3.21599,41.93001],[3.21598,41.93005],[3.21604,41.93005],[3.21605,41.93002]],[[3.19307,41.8918],[3.19305,41.89179],[3.19298,41.89181],[3.19304,41.89183],[3.19307,41.8918]],[[3.1822,41.88625],[3.18213,41.88624],[3.18214,41.8863],[3.1822,41.88625]],[[3.1614,42.39827],[3.1614,42.39822],[3.16136,42.39821],[3.16135,42.39825],[3.1614,42.39827]],[[3.29769,42.32847],[3.29765,42.32845],[3.29764,42.32847],[3.29772,42.32849],[3.29769,42.32847]],[[3.16581,41.86237],[3.16577,41.86234],[3.16575,41.8624],[3.16581,41.86237]],[[3.25918,42.33521],[3.25915,42.33519],[3.25921,42.33525],[3.25921,42.33523],[3.25918,42.33521]],[[3.1625,42.11599],[3.16244,42.11598],[3.16243,42.11601],[3.16245,42.11601],[3.1625,42.11599]],[[3.16177,41.86063],[3.16174,41.86056],[3.16172,41.8606],[3.16177,41.86063]],[[3.30018,42.32683],[3.30022,42.32683],[3.30022,42.32681],[3.30017,42.32681],[3.30018,42.32683]],[[3.1615,42.39821],[3.16149,42.39819],[3.16147,42.39819],[3.16148,42.39824],[3.1615,42.39821]],[[3.16169,42.39834],[3.1617,42.39832],[3.16165,42.39836],[3.16169,42.39836],[3.16169,42.39834]],[[3.14737,41.85775],[3.14731,41.85775],[3.1473,41.85775],[3.14732,41.85778],[3.14737,41.85775]],[[3.2856,42.33216],[3.28559,42.33216],[3.28557,42.33217],[3.28559,42.33218],[3.2856,42.33216]],[[3.16002,42.11651],[3.15997,42.1165],[3.15996,42.11651],[3.16002,42.11651]]],[[[1.99713,42.48637],[1.97884,42.49477],[1.95675,42.45769],[2.01277,42.44835],[1.98666,42.47146],[1.99713,42.48637]]],[[[2.03043,42.1272],[2.00253,42.12557],[2.00754,42.10725],[2.01703,42.10967],[2.03043,42.1272]]],[[[3.22512,42.04922],[3.22005,42.04923],[3.21923,42.04719],[3.22334,42.04486],[3.22512,42.04922]],[[3.21962,42.04718],[3.21958,42.04717],[3.21955,42.04718],[3.21965,42.04722],[3.21962,42.04718]]],[[[3.29533,42.29434],[3.2931,42.29289],[3.29656,42.28989],[3.29733,42.29325],[3.29533,42.29434]],[[3.29711,42.29283],[3.29702,42.29283],[3.29696,42.29291],[3.29711,42.29289],[3.29711,42.29283]]],[[[3.31929,42.32489],[3.31845,42.32383],[3.32151,42.32215],[3.32137,42.32151],[3.3245,42.32129],[3.32025,42.3231],[3.31929,42.32489]]],[[[3.22709,42.0448],[3.22377,42.04367],[3.22525,42.04258],[3.22505,42.04292],[3.2254,42.04336],[3.22715,42.04393],[3.22709,42.0448]]],[[[3.29252,42.28248],[3.29175,42.28118],[3.29337,42.27987],[3.29366,42.28152],[3.29252,42.28248]]],[[[3.30533,42.32817],[3.3042,42.32768],[3.30405,42.3272],[3.30667,42.32759],[3.30533,42.32817]]],[[[3.1659,42.40188],[3.16518,42.40165],[3.16527,42.40071],[3.16656,42.40117],[3.1659,42.40188]]],[[[3.29535,42.29551],[3.29531,42.2948],[3.29669,42.29386],[3.29682,42.29447],[3.29535,42.29551]]],[[[3.20485,42.07438],[3.20503,42.07342],[3.2061,42.07336],[3.20573,42.07423],[3.20485,42.07438]]],[[[3.33191,42.32016],[3.33137,42.31982],[3.33193,42.31902],[3.33255,42.31993],[3.33191,42.32016]]],[[[3.30831,42.29241],[3.30853,42.29132],[3.30931,42.29131],[3.30896,42.29209],[3.30831,42.29241]]],[[[3.05662,41.78731],[3.0555,41.78735],[3.05494,41.78714],[3.05621,41.78667],[3.05662,41.78731]]],[[[3.22851,42.04199],[3.22801,42.04196],[3.22789,42.04176],[3.22833,42.04144],[3.22851,42.04199]]],[[[2.94016,41.71977],[2.94035,41.72015],[2.93989,41.72049],[2.93964,41.72009],[2.94016,41.71977]]],[[[3.30921,42.29228],[3.30883,42.29257],[3.3098,42.29154],[3.30941,42.29221],[3.30921,42.29228]]],[[[3.21799,41.93821],[3.21767,41.93787],[3.21787,41.93756],[3.21843,41.93773],[3.21799,41.93821]]],[[[3.19776,42.08446],[3.19768,42.085],[3.19731,42.08486],[3.19742,42.08431],[3.19776,42.08446]]],[[[3.26425,42.23747],[3.26399,42.23754],[3.26334,42.23727],[3.26435,42.23729],[3.26425,42.23747]]],[[[3.2273,42.04225],[3.22694,42.04192],[3.22763,42.04186],[3.2277,42.04215],[3.2273,42.04225]]],[[[3.17914,41.86803],[3.17883,41.86821],[3.17853,41.86749],[3.17915,41.86772],[3.17914,41.86803]]],[[[3.17896,41.86752],[3.17853,41.86736],[3.17852,41.86712],[3.1793,41.86732],[3.17896,41.86752]]],[[[3.03256,41.77242],[3.03257,41.77266],[3.03206,41.77169],[3.0326,41.77219],[3.03256,41.77242]]],[[[3.18533,41.86282],[3.18525,41.8626],[3.18644,41.86249],[3.186,41.86274],[3.18533,41.86282]]],[[[2.91198,41.70769],[2.91153,41.70774],[2.91242,41.70741],[2.91234,41.70763],[2.91198,41.70769]]],[[[2.82717,41.68995],[2.82695,41.69029],[2.82663,41.68989],[2.82694,41.68988],[2.82717,41.68995]]],[[[3.18739,41.86274],[3.18704,41.86278],[3.18716,41.86227],[3.18753,41.86241],[3.18739,41.86274]]],[[[3.32422,42.32235],[3.32397,42.32236],[3.32348,42.322],[3.3238,42.32185],[3.32422,42.32235]]],[[[2.89637,41.70386],[2.89588,41.70381],[2.89573,41.70359],[2.89609,41.70352],[2.89637,41.70386]]],[[[2.946,41.72584],[2.94582,41.72563],[2.94631,41.72555],[2.94624,41.72584],[2.946,41.72584]]],[[[3.2917,42.30317],[3.29153,42.30289],[3.29216,42.30276],[3.29169,42.30297],[3.2917,42.30317]]],[[[3.29157,42.2797],[3.29115,42.27966],[3.29119,42.27936],[3.29169,42.27943],[3.29157,42.2797]]],[[[3.13157,42.12886],[3.13134,42.12895],[3.13163,42.12852],[3.13196,42.12858],[3.1318,42.12883],[3.13157,42.12886]]],[[[3.28368,42.27392],[3.28327,42.27383],[3.28337,42.27357],[3.28377,42.27376],[3.28368,42.27392]]],[[[3.23421,41.96234],[3.23349,41.96229],[3.23358,41.96221],[3.23406,41.96211],[3.23421,41.96234]]],[[[2.96523,41.74504],[2.96549,41.74515],[2.9655,41.74532],[2.96505,41.74529],[2.96523,41.74504]]],[[[2.80366,41.67332],[2.8032,41.67324],[2.80311,41.67311],[2.8038,41.67316],[2.80366,41.67332]]],[[[3.16556,42.36183],[3.16559,42.36194],[3.16471,42.36251],[3.1654,42.36183],[3.16556,42.36183]]],[[[3.09454,41.83495],[3.09429,41.83498],[3.09413,41.83474],[3.09462,41.83476],[3.09454,41.83495]]],[[[3.32214,42.3188],[3.32171,42.31868],[3.32216,42.31852],[3.32252,42.3186],[3.32214,42.3188]]],[[[2.79239,41.67036],[2.79246,41.67045],[2.79238,41.67077],[2.79214,41.67019],[2.79239,41.67036]]],[[[3.19263,42.24096],[3.19239,42.24088],[3.19246,42.24063],[3.19284,42.24087],[3.19263,42.24096]]],[[[3.28713,42.28109],[3.28692,42.2814],[3.28666,42.28129],[3.28696,42.28108],[3.28713,42.28109]]],[[[3.31076,42.31186],[3.31065,42.31204],[3.3098,42.31236],[3.31011,42.31209],[3.31076,42.31186]]],[[[3.30079,42.30543],[3.30082,42.3051],[3.30118,42.30518],[3.30107,42.3054],[3.30079,42.30543]]],[[[3.29118,42.29843],[3.29074,42.29855],[3.29067,42.29854],[3.29086,42.29829],[3.29118,42.29843]]],[[[3.26046,42.33665],[3.2606,42.33635],[3.26086,42.33663],[3.2606,42.33659],[3.26046,42.33665]]],[[[3.2776,42.33753],[3.27731,42.33754],[3.27726,42.33745],[3.27781,42.33734],[3.2776,42.33753]]],[[[3.04609,41.77959],[3.04626,41.77968],[3.04544,41.77956],[3.0455,41.7795],[3.04609,41.77959]]],[[[3.29192,42.27963],[3.29168,42.27954],[3.29209,42.27938],[3.29208,42.27955],[3.29192,42.27963]]],[[[3.16519,42.40011],[3.16484,42.40014],[3.16464,42.39993],[3.16524,42.40001],[3.16519,42.40011]]],[[[3.3098,42.29053],[3.30973,42.29056],[3.30933,42.29045],[3.30983,42.29026],[3.3098,42.29053]]],[[[3.12392,42.13635],[3.12385,42.13674],[3.12358,42.13666],[3.12375,42.13638],[3.12392,42.13635]]],[[[3.31622,42.31382],[3.316,42.31374],[3.3167,42.31371],[3.31634,42.31382],[3.31622,42.31382]]],[[[3.23458,42.35041],[3.23438,42.3504],[3.23432,42.35021],[3.2348,42.35029],[3.23458,42.35041]]],[[[3.22195,42.05165],[3.22199,42.05183],[3.22171,42.05203],[3.22177,42.05167],[3.22195,42.05165]]],[[[3.12379,42.13258],[3.1237,42.13276],[3.12355,42.13249],[3.12378,42.13234],[3.12379,42.13258]]],[[[3.02837,41.77057],[3.02829,41.77082],[3.02794,41.77075],[3.028,41.77066],[3.02837,41.77057]]],[[[2.94583,41.72607],[2.94581,41.72627],[2.94531,41.72602],[2.9454,41.72597],[2.94583,41.72607]]],[[[3.12969,41.84072],[3.12969,41.84092],[3.1295,41.8411],[3.12947,41.84085],[3.12969,41.84072]]],[[[3.16575,42.41187],[3.16561,42.4116],[3.16576,42.41145],[3.16595,42.41159],[3.16575,42.41187]]],[[[3.04425,41.77888],[3.04422,41.77895],[3.04379,41.77884],[3.04411,41.77871],[3.04425,41.77888]]],[[[3.20908,41.9056],[3.20915,41.90585],[3.20879,41.90583],[3.20893,41.90563],[3.20908,41.9056]]],[[[2.87026,41.69947],[2.87006,41.69956],[2.8698,41.69935],[2.86995,41.69923],[2.87026,41.69947]]],[[[3.22725,41.9446],[3.2271,41.94463],[3.22681,41.94455],[3.2274,41.94444],[3.22725,41.9446]]],[[[3.1678,42.36883],[3.16766,42.36889],[3.16731,42.36879],[3.16784,42.36868],[3.1678,42.36883]]],[[[3.31654,42.31349],[3.31625,42.31346],[3.31681,42.31331],[3.3166,42.3134],[3.31654,42.31349]]],[[[2.98242,41.75904],[2.98223,41.75912],[2.98203,41.75916],[2.98262,41.75891],[2.98242,41.75904]]],[[[3.04517,41.77987],[3.04522,41.78002],[3.04476,41.77986],[3.04513,41.77981],[3.04517,41.77987]]],[[[3.04879,41.78225],[3.0486,41.78229],[3.04904,41.78205],[3.0489,41.78223],[3.04879,41.78225]]],[[[3.19668,42.08467],[3.1966,42.0847],[3.19639,42.08454],[3.19685,42.08462],[3.19668,42.08467]]],[[[3.30916,42.31222],[3.309,42.31219],[3.30935,42.31195],[3.30935,42.31209],[3.30916,42.31222]]],[[[3.20995,41.90303],[3.20986,41.90305],[3.20939,41.9029],[3.20993,41.90291],[3.20995,41.90303]]],[[[3.17102,42.42417],[3.17116,42.42423],[3.17073,42.42449],[3.17084,42.42421],[3.17102,42.42417]]],[[[3.19371,42.24038],[3.19358,42.24054],[3.19332,42.24035],[3.19339,42.24033],[3.19371,42.24038]]],[[[3.04098,41.77827],[3.04075,41.77829],[3.04044,41.77818],[3.04118,41.77822],[3.04098,41.77827]]],[[[3.09288,41.83204],[3.09287,41.83219],[3.09273,41.83221],[3.09286,41.83189],[3.09288,41.83204]]],[[[3.19781,42.24254],[3.19774,42.24232],[3.19807,42.24233],[3.19796,42.24248],[3.19781,42.24254]]],[[[3.16745,42.38946],[3.16736,42.38973],[3.16722,42.38966],[3.16729,42.38934],[3.16745,42.38946]]],[[[3.19824,42.24195],[3.19813,42.2421],[3.19776,42.24221],[3.19787,42.24206],[3.19824,42.24195]]],[[[2.84219,41.69329],[2.84243,41.69339],[2.84246,41.69354],[2.84206,41.69332],[2.84219,41.69329]]],[[[3.22679,42.04133],[3.2267,42.04119],[3.22702,42.04123],[3.22692,42.04133],[3.22679,42.04133]]],[[[3.18007,41.87713],[3.17981,41.87704],[3.17961,41.87703],[3.17984,41.87693],[3.18007,41.87713]]],[[[2.81394,41.68184],[2.81413,41.68198],[2.81412,41.68203],[2.81382,41.68199],[2.81394,41.68184]]],[[[3.17603,42.35487],[3.17604,42.35511],[3.17591,42.35512],[3.1758,42.35488],[3.17603,42.35487]]],[[[2.83872,41.69247],[2.83891,41.69261],[2.83897,41.69286],[2.83857,41.69249],[2.83872,41.69247]]],[[[3.22991,41.9703],[3.22981,41.9702],[3.22963,41.97017],[3.23016,41.97018],[3.22991,41.9703]]],[[[2.97547,41.75368],[2.97554,41.75381],[2.97526,41.7538],[2.97533,41.75364],[2.97547,41.75368]]],[[[2.81674,41.68179],[2.81655,41.68192],[2.81636,41.68188],[2.81645,41.68177],[2.81674,41.68179]]],[[[3.20869,41.90686],[3.20866,41.90698],[3.20838,41.90699],[3.20855,41.90682],[3.20869,41.90686]]],[[[2.80725,41.67664],[2.80732,41.6768],[2.80708,41.67677],[2.80708,41.67663],[2.80725,41.67664]]],[[[3.19009,41.88756],[3.19014,41.88766],[3.19009,41.88784],[3.18989,41.8875],[3.19009,41.88756]]],[[[3.1696,42.41938],[3.16947,42.41929],[3.16985,42.41905],[3.16961,42.41926],[3.1696,42.41938]]],[[[3.19061,41.88745],[3.19069,41.88752],[3.19066,41.88769],[3.19043,41.88748],[3.19061,41.88745]]],[[[3.22583,42.04217],[3.22576,42.04236],[3.22561,42.04238],[3.22565,42.04219],[3.22583,42.04217]]],[[[3.30932,42.29075],[3.30919,42.29086],[3.30898,42.29085],[3.30909,42.2907],[3.30932,42.29075]]],[[[3.22641,41.9462],[3.2262,41.94615],[3.22618,41.9461],[3.22645,41.94604],[3.22641,41.9462]]],[[[3.29484,42.28092],[3.29463,42.28101],[3.29457,42.28091],[3.29505,42.28079],[3.29484,42.28092]]],[[[3.16492,42.36313],[3.16471,42.36321],[3.16466,42.36301],[3.1649,42.36306],[3.16492,42.36313]]],[[[3.20657,41.89961],[3.20633,41.89982],[3.20615,41.89979],[3.2063,41.89968],[3.20657,41.89961]]],[[[2.96725,41.74699],[2.96715,41.74704],[2.96685,41.74691],[2.96718,41.74686],[2.96725,41.74699]]],[[[3.21817,42.35026],[3.21813,42.35027],[3.218,42.3501],[3.21831,42.35012],[3.21817,42.35026]]],[[[2.80377,41.67397],[2.80378,41.67426],[2.80369,41.67427],[2.80358,41.67403],[2.80377,41.67397]]],[[[3.21825,41.93897],[3.2181,41.93907],[3.2179,41.93894],[3.21811,41.93887],[3.21825,41.93897]]],[[[3.29106,42.27928],[3.29105,42.27943],[3.29087,42.27958],[3.29097,42.27927],[3.29106,42.27928]]],[[[3.28001,42.27748],[3.27996,42.27765],[3.27971,42.27769],[3.27987,42.27754],[3.28001,42.27748]]],[[[3.17123,42.43265],[3.17113,42.43251],[3.17139,42.43243],[3.17135,42.43252],[3.17123,42.43265]]],[[[2.96643,41.74652],[2.96645,41.74667],[2.96663,41.74677],[2.9663,41.74659],[2.96643,41.74652]]],[[[3.18322,41.88132],[3.18307,41.88137],[3.18295,41.88121],[3.18306,41.88115],[3.18322,41.88132]]],[[[2.98102,41.75776],[2.98093,41.75788],[2.98068,41.75782],[2.98079,41.75776],[2.98102,41.75776]]],[[[3.20495,42.34752],[3.20457,42.34742],[3.20482,42.34738],[3.20497,42.34742],[3.20495,42.34752]]],[[[3.1795,41.87782],[3.17941,41.87793],[3.17923,41.87781],[3.17941,41.87776],[3.1795,41.87782]]],[[[3.16501,42.36284],[3.16487,42.3629],[3.16464,42.36279],[3.16473,42.36272],[3.16501,42.36284]]],[[[2.8229,41.68947],[2.82291,41.68959],[2.82269,41.6895],[2.82277,41.68944],[2.8229,41.68947]]],[[[3.32452,42.32279],[3.32441,42.32268],[3.32454,42.32259],[3.32468,42.32272],[3.32452,42.32279]]],[[[3.19786,42.24194],[3.19756,42.24199],[3.1975,42.24195],[3.19785,42.24183],[3.19786,42.24194]]],[[[3.12499,42.13051],[3.12496,42.13066],[3.12485,42.13072],[3.1249,42.13037],[3.12499,42.13051]]],[[[3.19209,42.33879],[3.19191,42.33873],[3.19228,42.33872],[3.1922,42.33878],[3.19209,42.33879]]],[[[3.23218,41.95713],[3.23204,41.95719],[3.2319,41.95706],[3.23213,41.957],[3.23218,41.95713]]],[[[3.19239,42.24113],[3.19217,42.24113],[3.19213,42.24108],[3.1924,42.24101],[3.19239,42.24113]]],[[[2.82746,41.69045],[2.82728,41.69055],[2.82718,41.69043],[2.82753,41.69035],[2.82746,41.69045]]],[[[3.20847,41.90823],[3.20857,41.90812],[3.20892,41.90812],[3.20865,41.90822],[3.20847,41.90823]]],[[[3.17529,42.43496],[3.17523,42.43511],[3.17504,42.43514],[3.17503,42.43508],[3.17529,42.43496]]],[[[3.21781,41.9387],[3.21767,41.93881],[3.21756,41.93874],[3.21764,41.93862],[3.21781,41.9387]]],[[[2.98076,41.75845],[2.98069,41.75841],[2.98068,41.75824],[2.98089,41.75828],[2.98076,41.75845]]],[[[2.80841,41.67692],[2.80826,41.67703],[2.80816,41.677],[2.80822,41.67689],[2.80841,41.67692]]],[[[3.29422,42.28063],[3.29402,42.28079],[3.29395,42.28059],[3.294,42.28056],[3.29422,42.28063]]],[[[2.82609,41.69004],[2.82626,41.69011],[2.82628,41.69021],[2.82605,41.69013],[2.82609,41.69004]]],[[[3.28607,42.28159],[3.28595,42.28153],[3.28614,42.28139],[3.28619,42.28153],[3.28607,42.28159]]],[[[2.94319,41.72519],[2.94325,41.72523],[2.94329,41.72535],[2.94306,41.72526],[2.94319,41.72519]]],[[[3.22665,41.94634],[3.22648,41.9463],[3.22678,41.94622],[3.2268,41.94628],[3.22665,41.94634]]],[[[3.17003,42.41801],[3.16965,42.41816],[3.16953,42.41817],[3.16979,42.41802],[3.17003,42.41801]]],[[[2.95921,41.74074],[2.95928,41.7408],[2.95925,41.74094],[2.95911,41.74086],[2.95921,41.74074]]],[[[3.18765,41.86192],[3.18764,41.86205],[3.18741,41.86207],[3.18757,41.86192],[3.18765,41.86192]]],[[[3.2208,41.97434],[3.22072,41.97445],[3.22047,41.9742],[3.22053,41.97425],[3.2208,41.97434]]],[[[3.30101,42.30499],[3.30109,42.30511],[3.30084,42.30503],[3.3009,42.30497],[3.30101,42.30499]]],[[[2.86503,41.699],[2.8649,41.699],[2.86482,41.69888],[2.86504,41.69891],[2.86503,41.699]]],[[[3.18346,41.88134],[3.18353,41.88145],[3.18347,41.88156],[3.18336,41.88129],[3.18346,41.88134]]],[[[3.18293,42.35388],[3.18259,42.35385],[3.18251,42.3537],[3.18272,42.35385],[3.18293,42.35388]]],[[[3.19026,42.3413],[3.19028,42.34152],[3.19015,42.34151],[3.19015,42.34136],[3.19026,42.3413]]],[[[3.21222,42.05405],[3.21205,42.054],[3.21233,42.05389],[3.21232,42.05405],[3.21222,42.05405]]],[[[3.17944,41.87749],[3.17936,41.87756],[3.17913,41.87754],[3.1793,41.87745],[3.17944,41.87749]]],[[[2.84558,41.69535],[2.84555,41.69544],[2.84538,41.69547],[2.8454,41.69534],[2.84558,41.69535]]],[[[3.30967,42.29083],[3.30944,42.29082],[3.30937,42.29076],[3.30966,42.29075],[3.30967,42.29083]]],[[[3.28965,42.30403],[3.28968,42.30414],[3.28952,42.3042],[3.28949,42.30413],[3.28965,42.30403]]],[[[3.23099,41.96834],[3.23088,41.96832],[3.23085,41.96827],[3.23112,41.96827],[3.23099,41.96834]]],[[[3.04579,41.77992],[3.04576,41.78002],[3.04558,41.77991],[3.04563,41.77988],[3.04579,41.77992]]],[[[3.22544,41.97293],[3.22538,41.97299],[3.22529,41.97288],[3.22538,41.97281],[3.22544,41.97293]]],[[[2.82214,41.68886],[2.82209,41.68899],[2.82192,41.68894],[2.82203,41.68885],[2.82214,41.68886]]],[[[3.1694,42.4203],[3.16911,42.4203],[3.16905,42.42028],[3.16923,42.4202],[3.1694,42.4203]]],[[[2.80967,41.6766],[2.80964,41.67671],[2.8095,41.6767],[2.80951,41.6766],[2.80967,41.6766]]],[[[3.21319,42.05871],[3.21313,42.05872],[3.21296,42.05864],[3.21315,42.05859],[3.21319,42.05871]]],[[[3.18629,42.3446],[3.18588,42.34462],[3.18587,42.34453],[3.18594,42.34452],[3.18629,42.3446]]],[[[3.20972,41.90353],[3.20953,41.90352],[3.20945,41.90346],[3.20965,41.90342],[3.20972,41.90353]]],[[[3.17946,42.10297],[3.17941,42.10308],[3.17925,42.10315],[3.17931,42.10299],[3.17946,42.10297]]],[[[2.97209,41.75282],[2.97204,41.75274],[2.97229,41.75274],[2.97226,41.75281],[2.97209,41.75282]]],[[[2.80341,41.67399],[2.80348,41.6741],[2.80349,41.6742],[2.80332,41.67406],[2.80341,41.67399]]],[[[2.82864,41.69049],[2.82872,41.69061],[2.82853,41.69066],[2.82857,41.69051],[2.82864,41.69049]]],[[[3.20973,41.90522],[3.20945,41.9053],[3.20963,41.90519],[3.20986,41.90518],[3.20973,41.90522]]],[[[2.98089,41.75793],[2.98098,41.75801],[2.98093,41.75809],[2.98079,41.75797],[2.98089,41.75793]]],[[[3.18656,41.86274],[3.1866,41.86284],[3.18646,41.86287],[3.18643,41.86272],[3.18656,41.86274]]],[[[3.15618,42.37811],[3.1561,42.37811],[3.15625,42.37798],[3.15629,42.37811],[3.15618,42.37811]]],[[[3.18321,41.88107],[3.18332,41.88108],[3.1834,41.88119],[3.18313,41.88104],[3.18321,41.88107]]],[[[2.94566,41.72586],[2.94565,41.72599],[2.94553,41.72592],[2.94559,41.72585],[2.94566,41.72586]]],[[[3.16453,42.36277],[3.16454,42.36285],[3.16429,42.36292],[3.16445,42.36277],[3.16453,42.36277]]],[[[3.32087,42.32208],[3.32077,42.32207],[3.32082,42.32193],[3.32102,42.32208],[3.32087,42.32208]]],[[[3.00203,41.76553],[3.00182,41.76556],[3.00174,41.76544],[3.00186,41.76551],[3.00203,41.76553]]],[[[3.00391,41.76729],[3.00393,41.7674],[3.00375,41.7674],[3.00386,41.76728],[3.00391,41.76729]]],[[[3.00207,41.76486],[3.00188,41.76485],[3.00186,41.76478],[3.00205,41.76476],[3.00207,41.76486]]],[[[3.23173,41.95712],[3.23164,41.95708],[3.23183,41.95709],[3.23182,41.95714],[3.23173,41.95712]]],[[[3.19045,41.88781],[3.19036,41.88777],[3.19039,41.88769],[3.19054,41.88776],[3.19045,41.88781]]],[[[3.17203,42.35646],[3.17194,42.3565],[3.17211,42.35637],[3.17213,42.35643],[3.17203,42.35646]]],[[[3.29247,42.3002],[3.29237,42.30013],[3.29262,42.30006],[3.29263,42.30007],[3.29247,42.3002]]],[[[3.22975,41.96294],[3.22975,41.96301],[3.22948,41.96301],[3.22971,41.96293],[3.22975,41.96294]]],[[[3.28164,42.27416],[3.28165,42.27403],[3.28173,42.27402],[3.28177,42.27414],[3.28164,42.27416]]],[[[3.22633,41.94554],[3.22623,41.94548],[3.22614,41.94551],[3.2263,41.94541],[3.22633,41.94554]]],[[[3.20802,41.90819],[3.20778,41.90819],[3.20777,41.90818],[3.20817,41.9081],[3.20802,41.90819]]],[[[3.21625,41.93785],[3.21626,41.93775],[3.21651,41.93779],[3.21647,41.93783],[3.21625,41.93785]]],[[[2.95289,41.73149],[2.95284,41.73162],[2.95274,41.73156],[2.95282,41.73147],[2.95289,41.73149]]],[[[3.1832,42.35293],[3.18313,42.35294],[3.18306,42.35294],[3.18333,42.35289],[3.1832,42.35293]]],[[[3.3089,42.29048],[3.30891,42.29056],[3.30881,42.29059],[3.30879,42.29046],[3.3089,42.29048]]],[[[3.16722,42.36636],[3.16709,42.36643],[3.16701,42.36631],[3.16715,42.36632],[3.16722,42.36636]]],[[[3.29202,42.29959],[3.2921,42.29951],[3.29236,42.29947],[3.29222,42.29955],[3.29202,42.29959]]],[[[3.09317,41.83257],[3.09316,41.83265],[3.09311,41.8327],[3.09311,41.83249],[3.09317,41.83257]]],[[[3.17853,41.87129],[3.17861,41.87134],[3.17849,41.87143],[3.1784,41.8713],[3.17853,41.87129]]],[[[3.00278,41.76678],[3.00274,41.76682],[3.00251,41.76673],[3.00256,41.76669],[3.00278,41.76678]]],[[[3.22494,41.94477],[3.22501,41.94485],[3.22484,41.94488],[3.22481,41.94482],[3.22494,41.94477]]],[[[3.16779,42.38891],[3.16775,42.389],[3.16762,42.38897],[3.16765,42.3889],[3.16779,42.38891]]],[[[3.20424,41.8962],[3.20411,41.89619],[3.20408,41.89614],[3.20424,41.89608],[3.20424,41.8962]]],[[[3.185,42.10077],[3.18492,42.10085],[3.1848,42.1008],[3.18493,42.10072],[3.185,42.10077]]],[[[2.93992,41.72054],[2.93992,41.72066],[2.9398,41.72061],[2.93983,41.72054],[2.93992,41.72054]]],[[[2.82663,41.69019],[2.82671,41.69024],[2.82673,41.69032],[2.82654,41.69023],[2.82663,41.69019]]],[[[3.23155,41.96875],[3.23159,41.9688],[3.23127,41.9686],[3.23142,41.96865],[3.23155,41.96875]]],[[[3.22217,41.94418],[3.22205,41.94419],[3.22207,41.94411],[3.22221,41.94409],[3.22217,41.94418]]],[[[3.29813,42.33019],[3.29813,42.33029],[3.29796,42.3302],[3.29804,42.33014],[3.29813,42.33019]]],[[[3.29239,42.2999],[3.29217,42.29995],[3.29213,42.2999],[3.29242,42.29984],[3.29239,42.2999]]],[[[2.86056,41.69877],[2.86057,41.69886],[2.8605,41.69891],[2.86047,41.69875],[2.86056,41.69877]]],[[[3.21118,42.34606],[3.2111,42.34606],[3.21138,42.34593],[3.21127,42.34604],[3.21118,42.34606]]],[[[3.21165,42.05446],[3.21166,42.05456],[3.21157,42.05457],[3.21156,42.05447],[3.21165,42.05446]]],[[[3.16448,42.36299],[3.16451,42.36315],[3.16446,42.36315],[3.16441,42.36301],[3.16448,42.36299]]],[[[3.1784,41.8722],[3.17841,41.87229],[3.17826,41.87225],[3.17828,41.87219],[3.1784,41.8722]]],[[[3.29802,42.28839],[3.29794,42.28855],[3.29787,42.28855],[3.29791,42.28842],[3.29802,42.28839]]],[[[3.21789,42.35041],[3.21791,42.3505],[3.21775,42.35047],[3.21781,42.35041],[3.21789,42.35041]]],[[[3.20604,41.90007],[3.2061,41.89995],[3.20623,41.89997],[3.20615,41.90003],[3.20604,41.90007]]],[[[3.187,42.09994],[3.18694,42.09985],[3.18707,42.09982],[3.187,42.09989],[3.187,42.09994]]],[[[3.12363,42.13674],[3.12374,42.13679],[3.12371,42.13684],[3.12354,42.13679],[3.12363,42.13674]]],[[[3.22583,41.94475],[3.22579,41.94481],[3.22573,41.9447],[3.22588,41.94469],[3.22583,41.94475]]],[[[3.1885,42.34978],[3.18837,42.34983],[3.18834,42.34975],[3.1885,42.34973],[3.1885,42.34978]]],[[[3.23477,41.95773],[3.23461,41.95775],[3.23459,41.95771],[3.23472,41.95763],[3.23477,41.95773]]],[[[3.16679,42.36661],[3.16684,42.36664],[3.16664,42.36666],[3.16667,42.3666],[3.16679,42.36661]]],[[[3.16663,42.42515],[3.16664,42.42529],[3.1666,42.42531],[3.16656,42.42515],[3.16663,42.42515]]],[[[3.16633,42.38999],[3.16635,42.39011],[3.1663,42.39016],[3.16627,42.39002],[3.16633,42.38999]]],[[[3.17833,42.35356],[3.17833,42.35362],[3.17814,42.35354],[3.17831,42.35351],[3.17833,42.35356]]],[[[3.22311,41.94411],[3.22306,41.94419],[3.22299,41.94417],[3.22305,41.94407],[3.22311,41.94411]]],[[[2.93997,41.7207],[2.93997,41.72079],[2.93985,41.72069],[2.93986,41.72068],[2.93997,41.7207]]],[[[3.22224,42.04519],[3.2222,42.04528],[3.22215,42.04529],[3.22214,42.04517],[3.22224,42.04519]]],[[[3.18662,41.88748],[3.18659,41.8876],[3.1865,41.8876],[3.18658,41.88749],[3.18662,41.88748]]],[[[3.16944,42.42304],[3.16938,42.42305],[3.16931,42.42304],[3.16946,42.42296],[3.16944,42.42304]]],[[[3.17774,41.86923],[3.1777,41.8693],[3.17763,41.8693],[3.17762,41.86921],[3.17774,41.86923]]],[[[3.3011,42.30449],[3.30106,42.30456],[3.30095,42.30454],[3.30104,42.30447],[3.3011,42.30449]]],[[[2.86138,41.69911],[2.86133,41.69915],[2.86123,41.6991],[2.86139,41.69906],[2.86138,41.69911]]],[[[2.84508,41.69467],[2.84513,41.69476],[2.84508,41.69479],[2.84499,41.69467],[2.84508,41.69467]]],[[[2.94832,41.72854],[2.94826,41.72849],[2.94836,41.72842],[2.94839,41.72845],[2.94832,41.72854]]],[[[3.16642,42.36978],[3.16644,42.36986],[3.16635,42.36988],[3.16632,42.36983],[3.16642,42.36978]]],[[[3.22384,42.04454],[3.22391,42.04461],[3.2239,42.04465],[3.2238,42.04462],[3.22384,42.04454]]],[[[3.17925,41.87188],[3.17927,41.87193],[3.17916,41.87197],[3.17914,41.87187],[3.17925,41.87188]]],[[[3.18996,41.88775],[3.19003,41.88781],[3.18995,41.88786],[3.18989,41.88779],[3.18996,41.88775]]],[[[3.18243,41.88564],[3.1825,41.88567],[3.18249,41.88575],[3.18242,41.88573],[3.18243,41.88564]]],[[[3.1367,42.12548],[3.13673,42.12552],[3.13655,42.12558],[3.13666,42.12546],[3.1367,42.12548]]],[[[3.16188,42.41029],[3.16174,42.41029],[3.16173,42.41025],[3.16183,42.41023],[3.16188,42.41029]]],[[[3.16964,42.42331],[3.16965,42.42323],[3.16975,42.42323],[3.16974,42.42329],[3.16964,42.42331]]],[[[3.23157,41.96885],[3.23154,41.96889],[3.23138,41.9688],[3.23146,41.96879],[3.23157,41.96885]]],[[[3.17946,41.87938],[3.17941,41.87943],[3.17926,41.87939],[3.17939,41.87933],[3.17946,41.87938]]],[[[3.22907,42.24358],[3.22909,42.24363],[3.22893,42.24361],[3.22895,42.24356],[3.22907,42.24358]]],[[[3.2295,41.9627],[3.22963,41.96274],[3.2297,41.96279],[3.22944,41.96269],[3.2295,41.9627]]],[[[3.16535,42.39036],[3.16536,42.39044],[3.16524,42.39038],[3.16531,42.39034],[3.16535,42.39036]]],[[[3.17796,41.86901],[3.17797,41.8691],[3.17792,41.86914],[3.17788,41.86906],[3.17796,41.86901]]],[[[3.17857,41.8687],[3.17862,41.86878],[3.17857,41.86881],[3.17849,41.86874],[3.17857,41.8687]]],[[[2.97628,41.75593],[2.97618,41.75593],[2.97609,41.75587],[2.97624,41.75588],[2.97628,41.75593]]],[[[3.22552,42.04274],[3.22545,42.04282],[3.2254,42.04281],[3.22547,42.04273],[3.22552,42.04274]]],[[[2.86215,41.69884],[2.86212,41.69891],[2.86205,41.69886],[2.86205,41.69881],[2.86215,41.69884]]],[[[3.16954,42.42372],[3.16949,42.42369],[3.16964,42.42361],[3.16964,42.42365],[3.16954,42.42372]]],[[[3.22655,41.94562],[3.22651,41.9457],[3.22642,41.94565],[3.22648,41.94562],[3.22655,41.94562]]],[[[3.22545,42.04289],[3.22546,42.04295],[3.22535,42.04295],[3.2254,42.04287],[3.22545,42.04289]]],[[[3.20451,41.89574],[3.20453,41.89581],[3.2045,41.89587],[3.20445,41.89577],[3.20451,41.89574]]],[[[3.30389,42.32764],[3.30391,42.32776],[3.30388,42.32777],[3.30382,42.32768],[3.30389,42.32764]]],[[[3.31838,42.31542],[3.31844,42.31546],[3.31824,42.31546],[3.31828,42.31541],[3.31838,42.31542]]],[[[3.29712,42.29381],[3.29702,42.29381],[3.29701,42.2938],[3.29711,42.29372],[3.29712,42.29381]]],[[[3.20477,41.89641],[3.2048,41.89644],[3.20478,41.89656],[3.20472,41.89643],[3.20477,41.89641]]],[[[3.17242,41.8638],[3.17236,41.86383],[3.17227,41.86375],[3.17233,41.86373],[3.17242,41.8638]]],[[[3.23174,41.96836],[3.23173,41.96844],[3.23163,41.9684],[3.23171,41.96836],[3.23174,41.96836]]],[[[3.22554,41.94472],[3.22552,41.94478],[3.22537,41.94475],[3.22551,41.94471],[3.22554,41.94472]]],[[[3.16757,42.36914],[3.16763,42.36918],[3.16761,42.36922],[3.1675,42.36913],[3.16757,42.36914]]],[[[3.22545,42.04325],[3.22548,42.04332],[3.22545,42.04334],[3.22538,42.04327],[3.22545,42.04325]]],[[[3.23132,41.9564],[3.23129,41.95645],[3.2312,41.95638],[3.23133,41.95636],[3.23132,41.9564]]],[[[3.15948,42.37336],[3.15947,42.37341],[3.15935,42.37341],[3.15943,42.37334],[3.15948,42.37336]]],[[[3.17076,42.10475],[3.17073,42.10478],[3.17064,42.10475],[3.17069,42.10468],[3.17076,42.10475]]],[[[3.13631,42.12708],[3.13621,42.12714],[3.13615,42.12715],[3.1363,42.12704],[3.13631,42.12708]]],[[[3.2269,41.94544],[3.22676,41.94549],[3.22672,41.94549],[3.22676,41.94543],[3.2269,41.94544]]],[[[3.17874,41.87128],[3.1788,41.87131],[3.1787,41.87135],[3.17868,41.87126],[3.17874,41.87128]]],[[[3.16363,42.36449],[3.16352,42.36456],[3.16349,42.36449],[3.16363,42.36449]]],[[[3.22492,41.94517],[3.22487,41.94514],[3.22501,41.94513],[3.225,41.94516],[3.22492,41.94517]]],[[[3.17925,41.87863],[3.17913,41.87863],[3.17908,41.87859],[3.17926,41.87859],[3.17925,41.87863]]],[[[3.16659,42.36989],[3.1666,42.36993],[3.1665,42.36999],[3.16652,42.36988],[3.16659,42.36989]]],[[[3.16599,42.3619],[3.16599,42.36193],[3.16589,42.36196],[3.16588,42.36191],[3.16599,42.3619]]],[[[3.21766,41.93802],[3.21758,41.93809],[3.21754,41.93799],[3.21765,41.938],[3.21766,41.93802]]],[[[3.18297,41.88334],[3.18304,41.88336],[3.18304,41.88347],[3.18294,41.88336],[3.18297,41.88334]]],[[[3.22462,41.94483],[3.22462,41.94492],[3.22455,41.94488],[3.22456,41.94482],[3.22462,41.94483]]],[[[3.22871,41.96978],[3.2287,41.9699],[3.22862,41.96988],[3.22867,41.96977],[3.22871,41.96978]]],[[[3.21912,41.94281],[3.21906,41.94282],[3.21902,41.94282],[3.21919,41.94277],[3.21912,41.94281]]],[[[3.16894,42.41989],[3.169,42.41994],[3.16887,42.41992],[3.16888,42.41987],[3.16894,42.41989]]],[[[3.23021,42.24454],[3.23026,42.24456],[3.23012,42.24457],[3.23012,42.24454],[3.23021,42.24454]]],[[[3.18448,42.09981],[3.18453,42.09985],[3.18451,42.09989],[3.18444,42.09985],[3.18448,42.09981]]],[[[3.23167,41.95689],[3.23169,41.95694],[3.23163,41.95699],[3.23161,41.9569],[3.23167,41.95689]]],[[[3.18064,41.87694],[3.18064,41.87703],[3.18056,41.87702],[3.18059,41.87693],[3.18064,41.87694]]],[[[3.2317,41.96934],[3.23176,41.96936],[3.23176,41.9694],[3.23163,41.96933],[3.2317,41.96934]]],[[[3.22656,41.97113],[3.22647,41.97113],[3.22644,41.97109],[3.22652,41.97107],[3.22656,41.97113]]],[[[3.23156,41.96861],[3.23147,41.9686],[3.23145,41.96858],[3.23156,41.96855],[3.23156,41.96861]]],[[[3.22116,41.94333],[3.22105,41.94332],[3.22103,41.94329],[3.22114,41.94327],[3.22116,41.94333]]],[[[3.20466,41.89716],[3.20456,41.89715],[3.20457,41.89711],[3.20466,41.89711],[3.20466,41.89716]]],[[[3.23083,41.96817],[3.23075,41.96814],[3.23073,41.9681],[3.23079,41.96809],[3.23083,41.96817]]],[[[3.15609,42.3782],[3.15612,42.37826],[3.15599,42.37823],[3.15603,42.3782],[3.15609,42.3782]]],[[[3.18455,42.10005],[3.18457,42.1001],[3.18454,42.10013],[3.18449,42.10008],[3.18455,42.10005]]],[[[3.23132,41.96954],[3.23126,41.9696],[3.23121,41.96954],[3.23124,41.96952],[3.23132,41.96954]]],[[[3.23075,41.95628],[3.23081,41.95633],[3.23079,41.95636],[3.23069,41.95629],[3.23075,41.95628]]],[[[3.23137,41.96935],[3.23139,41.9694],[3.23128,41.96933],[3.23133,41.96932],[3.23137,41.96935]]],[[[3.22664,41.94561],[3.22669,41.94565],[3.22658,41.94566],[3.22659,41.9456],[3.22664,41.94561]]],[[[3.19081,41.88779],[3.1908,41.88784],[3.19072,41.88787],[3.19071,41.88784],[3.19081,41.88779]]],[[[3.31168,42.32543],[3.31171,42.32546],[3.31174,42.32548],[3.3116,42.32542],[3.31168,42.32543]]],[[[3.22474,41.94517],[3.22473,41.94522],[3.22467,41.94523],[3.22467,41.94517],[3.22474,41.94517]]],[[[3.16548,42.3627],[3.16544,42.36274],[3.16536,42.36272],[3.1654,42.36269],[3.16548,42.3627]]],[[[3.32403,42.32259],[3.32398,42.32256],[3.32412,42.32256],[3.32408,42.3226],[3.32403,42.32259]]],[[[3.32074,42.32382],[3.32078,42.32386],[3.32066,42.32386],[3.3207,42.32382],[3.32074,42.32382]]],[[[3.21749,41.93798],[3.2175,41.93805],[3.21743,41.93802],[3.21744,41.93796],[3.21749,41.93798]]],[[[3.2129,42.05865],[3.21284,42.0587],[3.21275,42.05867],[3.21282,42.05865],[3.2129,42.05865]]],[[[3.23159,41.95666],[3.23162,41.95669],[3.2316,41.95674],[3.23154,41.95665],[3.23159,41.95666]]],[[[3.20853,41.91279],[3.20846,41.91286],[3.20841,41.91284],[3.2085,41.91277],[3.20853,41.91279]]],[[[3.15916,42.11815],[3.15915,42.11809],[3.15924,42.11815],[3.15918,42.11814],[3.15916,42.11815]]],[[[3.22499,41.94507],[3.22492,41.94507],[3.22491,41.94504],[3.225,41.94502],[3.22499,41.94507]]],[[[3.2115,42.05455],[3.21155,42.05459],[3.21149,42.05463],[3.21145,42.05457],[3.2115,42.05455]]],[[[3.20735,41.9081],[3.20739,41.90814],[3.20728,41.90815],[3.2073,41.9081],[3.20735,41.9081]]],[[[3.261,42.34044],[3.26095,42.34047],[3.26086,42.34049],[3.2609,42.34043],[3.261,42.34044]]],[[[3.32165,42.31841],[3.32166,42.31844],[3.32156,42.31845],[3.32158,42.3184],[3.32165,42.31841]]],[[[3.16485,42.36552],[3.16476,42.36555],[3.16475,42.36551],[3.16482,42.3655],[3.16485,42.36552]]],[[[3.23073,41.96819],[3.23068,41.96823],[3.2306,41.96817],[3.23071,41.96818],[3.23073,41.96819]]],[[[3.19771,42.24285],[3.1977,42.2429],[3.19764,42.24289],[3.19766,42.24284],[3.19771,42.24285]]],[[[3.18305,41.8829],[3.18298,41.88293],[3.1829,41.88291],[3.18308,41.88288],[3.18305,41.8829]]],[[[3.29673,42.33047],[3.29673,42.33052],[3.29668,42.33054],[3.29665,42.33048],[3.29673,42.33047]]],[[[3.21123,42.05526],[3.21117,42.05526],[3.21114,42.0552],[3.21123,42.05521],[3.21123,42.05526]]],[[[3.22642,41.97098],[3.22636,41.97103],[3.22634,41.97102],[3.22635,41.97097],[3.22642,41.97098]]],[[[3.23201,41.95692],[3.23204,41.95697],[3.23194,41.95694],[3.232,41.9569],[3.23201,41.95692]]],[[[3.20878,41.90671],[3.2087,41.90672],[3.20884,41.90666],[3.20878,41.90671]]],[[[3.18335,41.88145],[3.1833,41.88146],[3.18325,41.88142],[3.18331,41.88139],[3.18335,41.88145]]],[[[3.26092,42.34056],[3.26083,42.3406],[3.2608,42.34056],[3.26092,42.34055],[3.26092,42.34056]]],[[[3.23164,41.96941],[3.23168,41.96944],[3.23158,41.96945],[3.23159,41.96941],[3.23164,41.96941]]],[[[3.2318,41.95723],[3.2318,41.95726],[3.23175,41.9573],[3.23174,41.95724],[3.2318,41.95723]]],[[[3.17882,41.87182],[3.17877,41.87183],[3.17872,41.87179],[3.17878,41.87176],[3.17882,41.87182]]],[[[3.18361,41.88729],[3.18363,41.88732],[3.18361,41.88737],[3.18357,41.88727],[3.18361,41.88729]]],[[[3.23122,41.96937],[3.23125,41.96944],[3.23117,41.96936],[3.23122,41.96937]]],[[[3.17862,41.8715],[3.17858,41.87154],[3.17853,41.8715],[3.17857,41.87147],[3.17862,41.8715]]],[[[3.17848,41.86863],[3.17839,41.86865],[3.17839,41.86861],[3.17845,41.86858],[3.17848,41.86863]]],[[[3.28769,42.28234],[3.2877,42.28238],[3.28766,42.28241],[3.28764,42.28234],[3.28769,42.28234]]],[[[3.21132,42.05523],[3.21134,42.05527],[3.21127,42.05528],[3.2113,42.05521],[3.21132,42.05523]]],[[[3.2225,41.94422],[3.22249,41.94427],[3.22243,41.94422],[3.22244,41.94421],[3.2225,41.94422]]],[[[3.21044,42.0532],[3.21044,42.05314],[3.21052,42.05317],[3.21051,42.05319],[3.21044,42.0532]]],[[[3.22685,41.9468],[3.22683,41.9468],[3.22681,41.94675],[3.2269,41.94677],[3.22685,41.9468]]],[[[3.23212,41.9569],[3.23211,41.95695],[3.23205,41.95693],[3.23206,41.9569],[3.23212,41.9569]]],[[[3.21828,41.9424],[3.21826,41.94243],[3.21818,41.94244],[3.21818,41.94241],[3.21828,41.9424]]],[[[3.17948,41.872],[3.17935,41.87196],[3.1794,41.87193],[3.17948,41.872]]],[[[3.27931,42.33713],[3.27932,42.33714],[3.27921,42.33715],[3.27928,42.3371],[3.27931,42.33713]]],[[[3.21157,42.05438],[3.21154,42.05443],[3.21151,42.05443],[3.21149,42.05437],[3.21157,42.05438]]],[[[3.21913,42.04847],[3.21907,42.04845],[3.21906,42.04841],[3.21914,42.04843],[3.21913,42.04847]]],[[[3.23192,41.95697],[3.23191,41.95703],[3.23186,41.95705],[3.23192,41.95696],[3.23192,41.95697]]],[[[3.18374,41.88763],[3.1837,41.88769],[3.18366,41.88765],[3.18369,41.88763],[3.18374,41.88763]]],[[[3.17225,41.86352],[3.17217,41.86353],[3.17213,41.86349],[3.17219,41.86348],[3.17225,41.86352]]],[[[3.21069,42.05324],[3.2107,42.05328],[3.21062,42.05325],[3.21066,42.05323],[3.21069,42.05324]]],[[[3.22862,41.97],[3.22863,41.97002],[3.22853,41.97003],[3.22854,41.96999],[3.22862,41.97]]],[[[3.26188,42.33969],[3.26184,42.33971],[3.26182,42.33969],[3.26186,42.33963],[3.26188,42.33969]]],[[[3.31142,42.3252],[3.31142,42.32524],[3.31135,42.32523],[3.3114,42.32519],[3.31142,42.3252]]],[[[3.21789,41.93905],[3.21785,41.93907],[3.21781,41.93901],[3.21786,41.93902],[3.21789,41.93905]]],[[[3.18232,41.88497],[3.1823,41.885],[3.18223,41.88502],[3.18225,41.88497],[3.18232,41.88497]]],[[[3.25082,42.33188],[3.25086,42.33191],[3.25085,42.33193],[3.2508,42.33192],[3.25082,42.33188]]],[[[3.18313,41.88203],[3.1831,41.88206],[3.18302,41.88203],[3.18306,41.88202],[3.18313,41.88203]]],[[[3.179,41.87849],[3.17889,41.87852],[3.17897,41.87845],[3.179,41.87849]]],[[[3.21114,42.05351],[3.21112,42.05356],[3.21108,42.05351],[3.21112,42.0535],[3.21114,42.05351]]],[[[3.23133,41.9567],[3.23134,41.95674],[3.23128,41.95673],[3.2313,41.95669],[3.23133,41.9567]]],[[[3.23174,41.95672],[3.23172,41.95676],[3.23167,41.95671],[3.2317,41.95671],[3.23174,41.95672]]],[[[3.21942,41.94266],[3.21942,41.94269],[3.21937,41.94272],[3.21938,41.94265],[3.21942,41.94266]]],[[[3.29367,42.30639],[3.29364,42.30644],[3.2936,42.30642],[3.29365,42.30637],[3.29367,42.30639]]],[[[3.16649,42.37014],[3.16645,42.37016],[3.16642,42.37015],[3.16648,42.3701],[3.16649,42.37014]]],[[[3.22685,41.97064],[3.22683,41.97068],[3.22676,41.97069],[3.22682,41.97065],[3.22685,41.97064]]],[[[3.20997,42.05314],[3.20991,42.05314],[3.20991,42.0531],[3.20997,42.0531],[3.20997,42.05314]]],[[[3.22703,41.97073],[3.22706,41.9708],[3.22703,41.97082],[3.22701,41.97073],[3.22703,41.97073]]],[[[3.22702,41.94708],[3.22698,41.94705],[3.22704,41.94702],[3.22704,41.94705],[3.22702,41.94708]]],[[[3.23137,41.96946],[3.23136,41.96949],[3.2313,41.96948],[3.23133,41.96944],[3.23137,41.96946]]],[[[3.17876,41.87147],[3.17875,41.87151],[3.1787,41.87149],[3.17874,41.87144],[3.17876,41.87147]]],[[[3.31302,42.32458],[3.31297,42.32456],[3.31297,42.32453],[3.31301,42.32452],[3.31302,42.32458]]],[[[3.22166,42.04541],[3.22165,42.04546],[3.22162,42.04547],[3.22161,42.04543],[3.22166,42.04541]]],[[[3.23118,41.96963],[3.23113,41.96962],[3.23113,41.96958],[3.23116,41.96957],[3.23118,41.96963]]],[[[3.26087,42.34034],[3.26086,42.34036],[3.26079,42.34035],[3.26082,42.34033],[3.26087,42.34034]]],[[[3.23259,41.95854],[3.23254,41.95853],[3.23251,41.95847],[3.23258,41.95851],[3.23259,41.95854]]],[[[3.18303,41.88363],[3.18305,41.88368],[3.18297,41.88362],[3.18301,41.88361],[3.18303,41.88363]]],[[[3.2166,41.91835],[3.21659,41.91838],[3.21654,41.91838],[3.21656,41.91834],[3.2166,41.91835]]],[[[3.18133,41.8809],[3.18128,41.88091],[3.18123,41.88087],[3.18126,41.88086],[3.18133,41.8809]]],[[[3.29303,42.30187],[3.29299,42.30192],[3.29297,42.30191],[3.29298,42.30188],[3.29303,42.30187]]],[[[3.21087,42.05333],[3.21086,42.05334],[3.2108,42.05332],[3.21081,42.05329],[3.21087,42.05333]]],[[[3.21954,42.04691],[3.21952,42.04694],[3.21948,42.04691],[3.21952,42.0469],[3.21954,42.04691]]],[[[3.18289,41.88337],[3.18284,41.88339],[3.18282,41.88336],[3.18288,41.88335],[3.18289,41.88337]]],[[[3.21298,42.05872],[3.21298,42.05868],[3.21304,42.05872],[3.21303,42.05873],[3.21298,42.05872]]],[[[3.21507,41.93663],[3.21503,41.93663],[3.21499,41.93662],[3.21504,41.9366],[3.21507,41.93663]]],[[[3.18311,41.8824],[3.18307,41.88242],[3.183,41.88242],[3.18309,41.88238],[3.18311,41.8824]]],[[[3.09313,41.83215],[3.09311,41.83218],[3.09307,41.83215],[3.09308,41.83214],[3.09313,41.83215]]],[[[3.21132,42.05496],[3.21134,42.05499],[3.2113,42.05499],[3.21129,42.05496],[3.21132,42.05496]]],[[[3.29296,42.30115],[3.29299,42.30117],[3.29301,42.30118],[3.29292,42.30115],[3.29296,42.30115]]],[[[3.1807,41.88056],[3.18067,41.88057],[3.1806,41.88055],[3.1807,41.88054],[3.1807,41.88056]]],[[[3.22508,41.94512],[3.22508,41.94514],[3.22504,41.94515],[3.22505,41.94511],[3.22508,41.94512]]],[[[3.18646,41.86232],[3.1864,41.86233],[3.18642,41.86227],[3.18646,41.86232]]],[[[3.22047,42.04638],[3.22044,42.0464],[3.22041,42.04638],[3.22047,42.04635],[3.22047,42.04638]]],[[[3.18321,41.882],[3.18315,41.88198],[3.18327,41.88202],[3.18321,41.882]]],[[[3.17868,41.87171],[3.17862,41.87169],[3.17866,41.87166],[3.17868,41.87171]]],[[[3.18623,41.86238],[3.18614,41.86238],[3.18618,41.86235],[3.18623,41.86238]]],[[[3.17839,41.8712],[3.17835,41.87123],[3.17834,41.87119],[3.17839,41.8712]]],[[[3.18183,41.88114],[3.18177,41.88112],[3.18184,41.88112],[3.18183,41.88114]]],[[[3.18298,41.88348],[3.183,41.8835],[3.18294,41.88347],[3.18298,41.88348]]],[[[3.22898,41.96978],[3.22892,41.96981],[3.22897,41.96976],[3.22898,41.96978]]],[[[3.20895,41.90675],[3.20893,41.90675],[3.20889,41.90674],[3.20895,41.90675]]]]},"properties":{"code":"ES-17","nom":"Girona","country":"ES"}},{"type":"Feature","geometry":{"type":"MultiPolygon","coordinates":[[[[-8.18101,42.85828],[-8.2208,42.84429],[-8.20727,42.82516],[-8.25457,42.8367],[-8.27947,42.8109],[-8.3151,42.84585],[-8.32529,42.83119],[-8.33968,42.84064],[-8.33163,42.79443],[-8.35472,42.77882],[-8.39208,42.78936],[-8.41466,42.7666],[-8.407,42.75421],[-8.43115,42.74618],[-8.55345,42.7613],[-8.55628,42.74599],[-8.59993,42.74312],[-8.60664,42.71515],[-8.65094,42.72915],[-8.7183,42.706],[-8.72827,42.66767],[-8.779,42.61415],[-8.77221,42.59324],[-8.78529,42.59959],[-8.79518,42.58007],[-8.83487,42.56479],[-8.8186,42.55927],[-8.83635,42.55867],[-8.8255,42.53884],[-8.82892,42.51845],[-8.81347,42.52894],[-8.81641,42.52018],[-8.82629,42.51533],[-8.80532,42.5008],[-8.83089,42.48433],[-8.81964,42.45177],[-8.8481,42.46033],[-8.85593,42.45076],[-8.86943,42.44805],[-8.87275,42.46161],[-8.85551,42.47275],[-8.87162,42.5012],[-8.88192,42.49937],[-8.8843,42.49686],[-8.89111,42.49481],[-8.88984,42.48099],[-8.89083,42.48654],[-8.93747,42.4792],[-8.9333,42.45299],[-8.88257,42.45481],[-8.87119,42.43526],[-8.88094,42.41485],[-8.8389,42.38427],[-8.81332,42.40117],[-8.77471,42.38766],[-8.77039,42.39436],[-8.76167,42.3944],[-8.75726,42.40235],[-8.74874,42.40323],[-8.74139,42.41365],[-8.70359,42.42696],[-8.69518,42.43768],[-8.68116,42.42107],[-8.65193,42.42837],[-8.6536,42.42577],[-8.65636,42.4233],[-8.68496,42.40747],[-8.68666,42.40277],[-8.69799,42.40261],[-8.69675,42.39353],[-8.73686,42.3766],[-8.75502,42.33992],[-8.79113,42.32704],[-8.83916,42.33913],[-8.81844,42.31352],[-8.81687,42.27869],[-8.8316,42.27809],[-8.85585,42.3098],[-8.86253,42.26895],[-8.86856,42.25605],[-8.87395,42.25414],[-8.87302,42.24998],[-8.85519,42.26141],[-8.81385,42.25944],[-8.79256,42.24634],[-8.73148,42.28669],[-8.68967,42.28],[-8.65181,42.29775],[-8.66227,42.31114],[-8.63625,42.32651],[-8.63678,42.34749],[-8.61187,42.34521],[-8.62373,42.30987],[-8.61087,42.28751],[-8.66119,42.28488],[-8.71274,42.24105],[-8.77523,42.22213],[-8.77782,42.21994],[-8.77942,42.20362],[-8.79704,42.19788],[-8.81595,42.18746],[-8.82251,42.15708],[-8.8502,42.15651],[-8.82013,42.14138],[-8.82604,42.11508],[-8.85164,42.12828],[-8.90068,42.11229],[-8.89159,42.08225],[-8.89675,42.06681],[-8.88595,42.05041],[-8.88396,42.03829],[-8.88978,42.02616],[-8.87683,42.00244],[-8.8881,41.93635],[-8.87416,41.89905],[-8.88194,41.88126],[-8.87576,41.8741],[-8.87158,41.86633],[-8.75536,41.93482],[-8.74412,41.96526],[-8.6635,42.00221],[-8.63704,42.04707],[-8.55674,42.0514],[-8.52355,42.07845],[-8.3319,42.0842],[-8.32243,42.10195],[-8.25922,42.12102],[-8.25077,42.13769],[-8.20809,42.14048],[-8.16127,42.17863],[-8.19226,42.20912],[-8.16405,42.22209],[-8.16268,42.24489],[-8.22946,42.23293],[-8.26458,42.25286],[-8.26196,42.31538],[-8.3247,42.34505],[-8.3147,42.38098],[-8.34202,42.4657],[-8.36634,42.48735],[-8.30273,42.49021],[-8.17386,42.57197],[-8.14683,42.54867],[-8.0905,42.55776],[-8.01863,42.54222],[-7.99249,42.5725],[-7.93006,42.57883],[-7.89255,42.62963],[-7.88971,42.68371],[-7.86143,42.7062],[-7.86639,42.72064],[-7.93537,42.73974],[-7.97841,42.7787],[-7.98048,42.81134],[-7.95641,42.83975],[-7.9686,42.84961],[-8.01359,42.85021],[-8.04682,42.83148],[-8.07508,42.85331],[-8.11637,42.84116],[-8.18101,42.85828]],[[-8.82467,42.55586],[-8.82349,42.55587],[-8.8227,42.55434],[-8.82441,42.55465],[-8.82467,42.55586]],[[-8.82303,42.55905],[-8.82259,42.55785],[-8.8238,42.55733],[-8.82364,42.5584],[-8.82303,42.55905]],[[-8.81815,42.51175],[-8.81854,42.51238],[-8.81776,42.51297],[-8.81758,42.51265],[-8.81815,42.51175]],[[-8.8598,42.40292],[-8.86047,42.40358],[-8.86019,42.404],[-8.85942,42.40324],[-8.8598,42.40292]],[[-8.9033,42.45903],[-8.904,42.45917],[-8.90398,42.45972],[-8.90322,42.45954],[-8.9033,42.45903]],[[-8.90718,42.46085],[-8.90623,42.46103],[-8.9057,42.46055],[-8.90594,42.46047],[-8.90718,42.46085]],[[-8.61451,42.34596],[-8.61497,42.34625],[-8.61389,42.34637],[-8.61419,42.34609],[-8.61451,42.34596]],[[-8.92632,42.47906],[-8.92671,42.4791],[-8.92713,42.47983],[-8.92611,42.4794],[-8.92632,42.47906]],[[-8.68852,42.43326],[-8.68891,42.43341],[-8.6883,42.43378],[-8.6883,42.43351],[-8.68852,42.43326]],[[-8.77745,42.21374],[-8.77772,42.21413],[-8.77727,42.21431],[-8.77711,42.21396],[-8.77745,42.21374]],[[-8.88819,42.48703],[-8.88799,42.48672],[-8.88865,42.48693],[-8.8885,42.48718],[-8.88819,42.48703]],[[-8.91356,42.47603],[-8.91376,42.47604],[-8.91411,42.47656],[-8.91373,42.47646],[-8.91356,42.47603]],[[-8.8744,42.11552],[-8.87436,42.11573],[-8.8738,42.11591],[-8.8738,42.11581],[-8.8744,42.11552]],[[-8.86787,42.11871],[-8.8683,42.11878],[-8.86842,42.11897],[-8.86819,42.11901],[-8.86787,42.11871]],[[-8.87479,42.11512],[-8.87513,42.11513],[-8.87527,42.11544],[-8.87475,42.11526],[-8.87479,42.11512]],[[-8.875,42.11459],[-8.87545,42.11457],[-8.87547,42.11471],[-8.87514,42.11484],[-8.875,42.11459]],[[-8.912,42.47565],[-8.91216,42.47561],[-8.91233,42.47582],[-8.91179,42.47588],[-8.912,42.47565]],[[-8.68875,42.43266],[-8.68822,42.43265],[-8.68815,42.43241],[-8.68852,42.43233],[-8.68875,42.43266]],[[-8.85608,42.12253],[-8.85633,42.12268],[-8.85588,42.12286],[-8.85584,42.12266],[-8.85608,42.12253]],[[-8.91431,42.47857],[-8.91446,42.47852],[-8.91464,42.47859],[-8.91407,42.47872],[-8.91431,42.47857]],[[-8.90275,42.45817],[-8.90298,42.45831],[-8.90268,42.45854],[-8.90263,42.45836],[-8.90275,42.45817]],[[-8.87705,42.11267],[-8.87731,42.11267],[-8.87735,42.11288],[-8.87697,42.11289],[-8.87705,42.11267]],[[-8.80619,42.19134],[-8.80639,42.19143],[-8.8062,42.19179],[-8.80607,42.19153],[-8.80619,42.19134]],[[-8.88591,42.11317],[-8.88601,42.11315],[-8.88627,42.11351],[-8.88598,42.11358],[-8.88591,42.11317]],[[-8.80695,42.1908],[-8.80715,42.19084],[-8.80717,42.19114],[-8.80696,42.19112],[-8.80695,42.1908]],[[-8.91553,42.47655],[-8.91578,42.47649],[-8.91583,42.47676],[-8.91559,42.47677],[-8.91553,42.47655]],[[-8.88901,42.48772],[-8.88913,42.48786],[-8.88877,42.48801],[-8.88881,42.48779],[-8.88901,42.48772]],[[-8.92447,42.47985],[-8.92466,42.47987],[-8.92468,42.48007],[-8.92437,42.48005],[-8.92447,42.47985]],[[-8.87563,42.11581],[-8.87577,42.11577],[-8.87576,42.11604],[-8.87541,42.11594],[-8.87563,42.11581]],[[-8.89983,42.48108],[-8.90013,42.48112],[-8.9001,42.48134],[-8.89993,42.48133],[-8.89983,42.48108]],[[-8.87571,42.11544],[-8.87595,42.11541],[-8.87593,42.11568],[-8.87575,42.11568],[-8.87571,42.11544]],[[-8.93354,42.47914],[-8.93374,42.47916],[-8.93379,42.47932],[-8.93344,42.47934],[-8.93354,42.47914]],[[-8.88942,42.11359],[-8.88963,42.11366],[-8.88961,42.11397],[-8.88944,42.1139],[-8.88942,42.11359]],[[-8.92615,42.4805],[-8.92629,42.48058],[-8.92579,42.48062],[-8.92583,42.48052],[-8.92615,42.4805]],[[-8.90084,42.47977],[-8.90109,42.47979],[-8.90096,42.48002],[-8.90084,42.48],[-8.90084,42.47977]],[[-8.82697,42.32531],[-8.82711,42.32547],[-8.8268,42.32553],[-8.82681,42.32537],[-8.82697,42.32531]],[[-8.91793,42.45445],[-8.91809,42.45437],[-8.91825,42.45464],[-8.91799,42.45459],[-8.91793,42.45445]],[[-8.91538,42.4767],[-8.91506,42.47678],[-8.91504,42.47667],[-8.91526,42.47652],[-8.91538,42.4767]],[[-8.91872,42.45792],[-8.91877,42.45812],[-8.9185,42.45825],[-8.91851,42.45815],[-8.91872,42.45792]],[[-8.91505,42.46008],[-8.91528,42.46004],[-8.91539,42.46017],[-8.91519,42.46028],[-8.91505,42.46008]],[[-8.82822,42.32754],[-8.82846,42.32755],[-8.82855,42.32765],[-8.82819,42.32769],[-8.82822,42.32754]],[[-8.86246,42.12176],[-8.86273,42.12185],[-8.86276,42.12197],[-8.86242,42.12188],[-8.86246,42.12176]],[[-8.86103,42.40372],[-8.86116,42.4038],[-8.86083,42.40395],[-8.86082,42.40381],[-8.86103,42.40372]],[[-8.91975,42.45591],[-8.91968,42.45571],[-8.9199,42.45565],[-8.91994,42.45584],[-8.91975,42.45591]],[[-8.9143,42.4764],[-8.91442,42.47638],[-8.91474,42.47653],[-8.91441,42.47655],[-8.9143,42.4764]],[[-8.81641,42.17287],[-8.81663,42.17284],[-8.81671,42.17288],[-8.81633,42.17305],[-8.81641,42.17287]],[[-8.86136,42.40452],[-8.86122,42.40435],[-8.86146,42.40429],[-8.8615,42.40444],[-8.86136,42.40452]],[[-8.90168,42.45837],[-8.90146,42.45835],[-8.90143,42.45824],[-8.90168,42.45818],[-8.90168,42.45837]],[[-8.91613,42.45899],[-8.9163,42.45908],[-8.91628,42.4592],[-8.91605,42.4592],[-8.91613,42.45899]],[[-8.89187,42.45629],[-8.89205,42.45626],[-8.89213,42.4564],[-8.89189,42.45644],[-8.89187,42.45629]],[[-8.90314,42.45882],[-8.90299,42.45876],[-8.90309,42.45855],[-8.90322,42.45865],[-8.90314,42.45882]],[[-8.91602,42.47738],[-8.91618,42.47732],[-8.91632,42.47747],[-8.9161,42.47754],[-8.91602,42.47738]],[[-8.79296,42.39646],[-8.79313,42.39644],[-8.79319,42.39667],[-8.79305,42.39671],[-8.79296,42.39646]],[[-8.82687,42.32495],[-8.82712,42.32494],[-8.82711,42.32507],[-8.82687,42.32512],[-8.82687,42.32495]],[[-8.93405,42.47942],[-8.93424,42.47945],[-8.93424,42.47958],[-8.93401,42.47956],[-8.93405,42.47942]],[[-8.91482,42.46054],[-8.91499,42.46057],[-8.91504,42.46069],[-8.91474,42.46066],[-8.91482,42.46054]],[[-8.81803,42.1692],[-8.81823,42.16922],[-8.81815,42.16941],[-8.81804,42.1694],[-8.81803,42.1692]],[[-8.91972,42.45451],[-8.91987,42.45448],[-8.91996,42.45458],[-8.91976,42.45467],[-8.91972,42.45451]],[[-8.91618,42.47763],[-8.91638,42.47763],[-8.91646,42.47775],[-8.91613,42.47775],[-8.91618,42.47763]],[[-8.92882,42.4785],[-8.92868,42.47839],[-8.92867,42.47833],[-8.9289,42.47831],[-8.92882,42.4785]],[[-8.9029,42.45796],[-8.90321,42.45802],[-8.90329,42.45814],[-8.90287,42.45801],[-8.9029,42.45796]],[[-8.89306,42.45688],[-8.89331,42.4569],[-8.8934,42.45701],[-8.89316,42.45702],[-8.89306,42.45688]],[[-8.81629,42.17261],[-8.81634,42.17254],[-8.81657,42.17265],[-8.81634,42.17274],[-8.81629,42.17261]],[[-8.91873,42.45459],[-8.91895,42.45462],[-8.91895,42.45473],[-8.91869,42.45473],[-8.91873,42.45459]],[[-8.91087,42.47617],[-8.91074,42.47614],[-8.91066,42.47597],[-8.91088,42.47599],[-8.91087,42.47617]],[[-8.81597,42.17158],[-8.81582,42.17155],[-8.81578,42.17141],[-8.81605,42.17144],[-8.81597,42.17158]],[[-8.9229,42.47847],[-8.923,42.47845],[-8.92309,42.47862],[-8.92292,42.47864],[-8.9229,42.47847]],[[-8.91699,42.45826],[-8.9171,42.45824],[-8.9172,42.45837],[-8.91701,42.45844],[-8.91699,42.45826]],[[-8.9161,42.47677],[-8.91622,42.47671],[-8.91635,42.47678],[-8.91611,42.47691],[-8.9161,42.47677]],[[-8.82626,42.32551],[-8.82639,42.32563],[-8.82617,42.32568],[-8.82614,42.32557],[-8.82626,42.32551]],[[-8.9262,42.48045],[-8.92603,42.48037],[-8.92607,42.48026],[-8.92635,42.48039],[-8.9262,42.48045]],[[-8.90205,42.45833],[-8.90221,42.45832],[-8.90227,42.45838],[-8.90208,42.45847],[-8.90205,42.45833]],[[-8.8785,42.11132],[-8.87872,42.11135],[-8.87875,42.11142],[-8.87857,42.11148],[-8.8785,42.11132]],[[-8.80746,42.19099],[-8.80736,42.19083],[-8.80749,42.19076],[-8.80758,42.19088],[-8.80746,42.19099]],[[-8.91555,42.47848],[-8.91543,42.47833],[-8.91544,42.47821],[-8.91564,42.47836],[-8.91555,42.47848]],[[-8.81845,42.16848],[-8.81829,42.16833],[-8.81829,42.16825],[-8.81852,42.16833],[-8.81845,42.16848]],[[-8.91479,42.47725],[-8.9146,42.47724],[-8.91457,42.47712],[-8.91478,42.4771],[-8.91479,42.47725]],[[-8.93266,42.47951],[-8.93293,42.47951],[-8.93294,42.47957],[-8.93268,42.47965],[-8.93266,42.47951]],[[-8.76447,42.22519],[-8.76465,42.22512],[-8.76479,42.22525],[-8.76461,42.22528],[-8.76447,42.22519]],[[-8.77695,42.21446],[-8.77703,42.21442],[-8.77721,42.21456],[-8.77704,42.2146],[-8.77695,42.21446]],[[-8.91374,42.47672],[-8.91387,42.47667],[-8.91394,42.47678],[-8.91374,42.47685],[-8.91374,42.47672]],[[-8.86112,42.40402],[-8.86125,42.404],[-8.86131,42.40407],[-8.86112,42.40416],[-8.86112,42.40402]],[[-8.90378,42.45873],[-8.90399,42.45874],[-8.90397,42.45888],[-8.9038,42.45883],[-8.90378,42.45873]],[[-8.8934,42.45674],[-8.89366,42.45673],[-8.89365,42.45681],[-8.89341,42.45685],[-8.8934,42.45674]],[[-8.8924,42.45649],[-8.89247,42.45664],[-8.89231,42.45666],[-8.89226,42.45656],[-8.8924,42.45649]],[[-8.91435,42.47695],[-8.9144,42.47688],[-8.91452,42.47695],[-8.91427,42.47706],[-8.91435,42.47695]],[[-8.87927,42.11126],[-8.87944,42.11126],[-8.87946,42.11134],[-8.87915,42.11133],[-8.87927,42.11126]],[[-8.8273,42.32491],[-8.82729,42.32478],[-8.82748,42.3248],[-8.82745,42.32491],[-8.8273,42.32491]],[[-8.91579,42.47748],[-8.91565,42.47738],[-8.91583,42.47732],[-8.91588,42.47745],[-8.91579,42.47748]],[[-8.77681,42.21461],[-8.77699,42.21464],[-8.77701,42.21471],[-8.77684,42.21477],[-8.77681,42.21461]],[[-8.89173,42.45591],[-8.89189,42.45594],[-8.8919,42.45606],[-8.8917,42.456],[-8.89173,42.45591]],[[-8.89438,42.45701],[-8.89454,42.45702],[-8.89449,42.45713],[-8.89433,42.45715],[-8.89438,42.45701]],[[-8.92829,42.47852],[-8.92813,42.47849],[-8.92813,42.47836],[-8.92827,42.47837],[-8.92829,42.47852]],[[-8.91842,42.45491],[-8.91821,42.45493],[-8.91818,42.4548],[-8.91841,42.45484],[-8.91842,42.45491]],[[-8.88557,42.11315],[-8.88568,42.11323],[-8.88544,42.11328],[-8.88548,42.11318],[-8.88557,42.11315]],[[-8.89422,42.45691],[-8.89415,42.45676],[-8.8943,42.45676],[-8.89431,42.45685],[-8.89422,42.45691]],[[-8.90434,42.45899],[-8.90449,42.45903],[-8.90451,42.45913],[-8.90434,42.45914],[-8.90434,42.45899]],[[-8.92851,42.47838],[-8.92861,42.47841],[-8.92864,42.47851],[-8.92849,42.47855],[-8.92851,42.47838]],[[-8.8763,42.11363],[-8.87617,42.11366],[-8.87612,42.11351],[-8.87629,42.11353],[-8.8763,42.11363]],[[-8.91842,42.45459],[-8.91837,42.45445],[-8.9184,42.45435],[-8.91851,42.45457],[-8.91842,42.45459]],[[-8.90465,42.45853],[-8.9048,42.45851],[-8.90484,42.45857],[-8.90465,42.45862],[-8.90465,42.45853]],[[-8.8925,42.45672],[-8.89267,42.45672],[-8.89269,42.45678],[-8.89251,42.45684],[-8.8925,42.45672]],[[-8.91882,42.45499],[-8.91868,42.45501],[-8.91863,42.45488],[-8.91877,42.45485],[-8.91882,42.45499]],[[-8.91686,42.45825],[-8.91678,42.45827],[-8.91674,42.45815],[-8.91689,42.45813],[-8.91686,42.45825]],[[-8.89411,42.45723],[-8.89421,42.45726],[-8.89398,42.45733],[-8.89397,42.45729],[-8.89411,42.45723]],[[-8.87866,42.49881],[-8.87878,42.49881],[-8.87879,42.49891],[-8.87866,42.49895],[-8.87866,42.49881]],[[-8.82724,42.33232],[-8.82738,42.33232],[-8.82739,42.33242],[-8.82727,42.33241],[-8.82724,42.33232]],[[-8.82715,42.3325],[-8.82717,42.33244],[-8.82729,42.33247],[-8.82722,42.33259],[-8.82715,42.3325]],[[-8.78218,42.39513],[-8.78228,42.39516],[-8.78226,42.39527],[-8.78218,42.39525],[-8.78218,42.39513]],[[-8.90513,42.45943],[-8.90525,42.45942],[-8.9053,42.4595],[-8.90522,42.45952],[-8.90513,42.45943]],[[-8.89397,42.45703],[-8.89406,42.45703],[-8.89408,42.45707],[-8.8939,42.45712],[-8.89397,42.45703]],[[-8.87917,42.11154],[-8.87912,42.1116],[-8.87902,42.11155],[-8.87907,42.11147],[-8.87917,42.11154]],[[-8.86056,42.40372],[-8.86065,42.4037],[-8.86068,42.40374],[-8.86057,42.40382],[-8.86056,42.40372]],[[-8.82705,42.32518],[-8.82713,42.32517],[-8.82716,42.32522],[-8.82701,42.32526],[-8.82705,42.32518]]],[[[-8.87672,42.57487],[-8.89191,42.56847],[-8.88074,42.55768],[-8.87448,42.56332],[-8.87001,42.56091],[-8.8818,42.53019],[-8.87534,42.52979],[-8.87175,42.52414],[-8.85588,42.56599],[-8.87672,42.57487]],[[-8.87442,42.535],[-8.87542,42.53496],[-8.87425,42.53626],[-8.87418,42.5356],[-8.87442,42.535]],[[-8.87718,42.53589],[-8.87753,42.53661],[-8.87721,42.53748],[-8.87684,42.53681],[-8.87718,42.53589]],[[-8.87155,42.5349],[-8.87197,42.53537],[-8.87173,42.53565],[-8.87111,42.53526],[-8.87155,42.5349]],[[-8.8739,42.54769],[-8.87401,42.54769],[-8.87432,42.54843],[-8.87386,42.5485],[-8.8739,42.54769]],[[-8.87458,42.54761],[-8.87502,42.54778],[-8.87485,42.54816],[-8.87464,42.5481],[-8.87458,42.54761]],[[-8.86525,42.54374],[-8.86538,42.54404],[-8.86481,42.54393],[-8.86489,42.54382],[-8.86525,42.54374]]],[[[-8.92171,42.3997],[-8.93211,42.39824],[-8.94507,42.3804],[-8.94422,42.35509],[-8.93655,42.3568],[-8.92171,42.3997]],[[-8.9342,42.38999],[-8.93468,42.39014],[-8.93466,42.39075],[-8.93417,42.39054],[-8.9342,42.38999]],[[-8.93093,42.37333],[-8.9313,42.37343],[-8.93135,42.37368],[-8.93085,42.37353],[-8.93093,42.37333]],[[-8.93993,42.36937],[-8.94023,42.36949],[-8.93997,42.36986],[-8.93981,42.36972],[-8.93993,42.36937]],[[-8.93007,42.37681],[-8.92984,42.37668],[-8.92996,42.37647],[-8.93026,42.37666],[-8.93007,42.37681]],[[-8.93269,42.36798],[-8.93289,42.36788],[-8.93301,42.36801],[-8.93277,42.36824],[-8.93269,42.36798]],[[-8.94383,42.37437],[-8.94401,42.37455],[-8.94379,42.37473],[-8.94376,42.37465],[-8.94383,42.37437]],[[-8.93412,42.38944],[-8.93435,42.38947],[-8.93436,42.38959],[-8.93409,42.38962],[-8.93412,42.38944]],[[-8.92989,42.37792],[-8.93007,42.37799],[-8.93001,42.37819],[-8.92985,42.37812],[-8.92989,42.37792]],[[-8.93026,42.37735],[-8.93041,42.37744],[-8.93022,42.37756],[-8.93012,42.37745],[-8.93026,42.37735]]],[[[-8.91397,42.25146],[-8.9176,42.24843],[-8.90351,42.22434],[-8.91392,42.21134],[-8.89547,42.2274],[-8.91397,42.25146]],[[-8.9117,42.24329],[-8.91199,42.24353],[-8.91199,42.24364],[-8.91144,42.24359],[-8.9117,42.24329]],[[-8.90895,42.23942],[-8.9094,42.23953],[-8.90941,42.23962],[-8.90913,42.23968],[-8.90895,42.23942]],[[-8.90671,42.23751],[-8.90692,42.2376],[-8.90687,42.23772],[-8.90672,42.23772],[-8.90671,42.23751]],[[-8.91015,42.24279],[-8.91027,42.24275],[-8.91035,42.2429],[-8.9102,42.24294],[-8.91015,42.24279]]],[[[-8.9074,42.20539],[-8.91268,42.19555],[-8.88965,42.19113],[-8.89202,42.19633],[-8.9074,42.20539]],[[-8.91123,42.19647],[-8.91146,42.19647],[-8.91157,42.1965],[-8.91125,42.19666],[-8.91123,42.19647]],[[-8.91178,42.19663],[-8.91184,42.19654],[-8.91199,42.1966],[-8.91182,42.19679],[-8.91178,42.19663]],[[-8.91014,42.19703],[-8.91033,42.19703],[-8.91033,42.19716],[-8.91016,42.19721],[-8.91014,42.19703]],[[-8.91085,42.1967],[-8.91101,42.19669],[-8.911,42.19687],[-8.91087,42.19688],[-8.91085,42.1967]]],[[[-8.84195,42.50083],[-8.8529,42.48929],[-8.8524,42.48297],[-8.84412,42.48548],[-8.84195,42.50083]]],[[[-8.77882,42.62069],[-8.787,42.62096],[-8.79044,42.61657],[-8.7863,42.61407],[-8.77882,42.62069]]],[[[-8.70626,42.41004],[-8.70805,42.4147],[-8.71242,42.41262],[-8.70818,42.40764],[-8.70626,42.41004]]],[[[-8.93556,42.34899],[-8.93806,42.34292],[-8.93272,42.34516],[-8.93314,42.3488],[-8.93556,42.34899]]],[[[-8.89742,42.54359],[-8.90415,42.54118],[-8.90292,42.53796],[-8.90076,42.53738],[-8.89742,42.54359]]],[[[-8.83394,42.49133],[-8.83372,42.4972],[-8.83696,42.48989],[-8.83383,42.4894],[-8.83394,42.49133]]],[[[-8.85562,42.14858],[-8.85725,42.14616],[-8.85334,42.14505],[-8.85372,42.1468],[-8.85562,42.14858]]],[[[-8.79975,42.20168],[-8.80026,42.20301],[-8.80484,42.2003],[-8.80173,42.19937],[-8.79975,42.20168]]],[[[-8.91552,42.54759],[-8.91705,42.54549],[-8.9146,42.54456],[-8.91406,42.54357],[-8.91335,42.54565],[-8.91552,42.54759]]],[[[-8.86402,42.14771],[-8.86652,42.14699],[-8.86605,42.14497],[-8.86276,42.1454],[-8.86402,42.14771]]],[[[-8.85693,42.46373],[-8.85851,42.46538],[-8.86059,42.46597],[-8.8558,42.46179],[-8.85693,42.46373]]],[[[-8.90696,42.54522],[-8.90714,42.54646],[-8.90819,42.54666],[-8.90599,42.54377],[-8.90696,42.54522]]],[[[-8.83766,42.55194],[-8.83889,42.55233],[-8.83941,42.5506],[-8.8378,42.5502],[-8.83766,42.55194]]],[[[-8.9071,42.53427],[-8.90949,42.53378],[-8.90908,42.53243],[-8.90727,42.53309],[-8.9071,42.53427]]],[[[-8.85092,42.45795],[-8.85511,42.45717],[-8.85495,42.45576],[-8.85442,42.45546],[-8.85092,42.45795]]],[[[-8.83575,42.48279],[-8.83806,42.48312],[-8.83875,42.48262],[-8.83679,42.48057],[-8.83575,42.48279]]],[[[-8.62805,42.30793],[-8.62927,42.3083],[-8.62899,42.30608],[-8.62791,42.30691],[-8.62805,42.30793]]],[[[-8.8185,42.49809],[-8.81948,42.49851],[-8.82041,42.49658],[-8.81872,42.49724],[-8.8185,42.49809]]],[[[-8.81601,42.49735],[-8.81591,42.4959],[-8.81415,42.4969],[-8.81481,42.49755],[-8.81601,42.49735]]],[[[-8.79624,42.60982],[-8.79572,42.61022],[-8.79716,42.61158],[-8.79785,42.60967],[-8.79624,42.60982]]],[[[-8.94842,42.36629],[-8.94776,42.36752],[-8.9493,42.36765],[-8.94931,42.3667],[-8.94842,42.36629]]],[[[-8.73301,42.66597],[-8.73102,42.66701],[-8.73068,42.66883],[-8.73326,42.66619],[-8.73301,42.66597]]],[[[-8.90592,42.54219],[-8.90693,42.54153],[-8.90578,42.53993],[-8.90543,42.54117],[-8.90592,42.54219]]],[[[-8.94286,42.46431],[-8.9442,42.46343],[-8.94288,42.46265],[-8.94207,42.46386],[-8.94286,42.46431]]],[[[-8.94399,42.47713],[-8.94383,42.47794],[-8.94462,42.47851],[-8.94543,42.47675],[-8.94399,42.47713]]],[[[-8.83121,42.5417],[-8.83151,42.54253],[-8.83283,42.54192],[-8.83159,42.54118],[-8.83121,42.5417]]],[[[-8.88856,42.04293],[-8.89129,42.04254],[-8.89135,42.0423],[-8.88906,42.0422],[-8.88856,42.04293]]],[[[-8.91201,42.54382],[-8.9118,42.54533],[-8.91262,42.54558],[-8.91283,42.54415],[-8.91201,42.54382]]],[[[-8.75342,42.3506],[-8.75431,42.35052],[-8.75442,42.34895],[-8.75309,42.34999],[-8.75342,42.3506]]],[[[-8.79316,42.61279],[-8.79388,42.61254],[-8.79219,42.61149],[-8.79246,42.61242],[-8.79316,42.61279]]],[[[-8.87799,42.14742],[-8.87727,42.14613],[-8.87585,42.14666],[-8.876,42.14709],[-8.87799,42.14742]]],[[[-8.8508,42.46439],[-8.85128,42.46609],[-8.85161,42.46556],[-8.85076,42.46368],[-8.84947,42.46496],[-8.8508,42.46439]]],[[[-8.82905,42.53709],[-8.82886,42.53758],[-8.82949,42.53854],[-8.83007,42.53701],[-8.82905,42.53709]]],[[[-8.91602,42.21717],[-8.91653,42.21729],[-8.91734,42.21698],[-8.91552,42.21626],[-8.91602,42.21717]]],[[[-8.87361,42.55462],[-8.87431,42.55564],[-8.87465,42.55557],[-8.87464,42.55447],[-8.87361,42.55462]]],[[[-8.89846,42.11382],[-8.89818,42.11477],[-8.89946,42.11427],[-8.89945,42.11373],[-8.89846,42.11382]]],[[[-8.84995,42.46721],[-8.85189,42.46693],[-8.84765,42.46543],[-8.84868,42.46672],[-8.84995,42.46721]]],[[[-8.89835,42.21503],[-8.899,42.21525],[-8.89822,42.21362],[-8.89746,42.21417],[-8.89835,42.21503]]],[[[-8.82727,42.53363],[-8.82705,42.53496],[-8.82721,42.53524],[-8.828,42.53451],[-8.82727,42.53363]]],[[[-8.8873,42.49652],[-8.88665,42.49712],[-8.88654,42.49819],[-8.88761,42.49691],[-8.8873,42.49652]]],[[[-8.62905,42.30927],[-8.62932,42.30994],[-8.63014,42.3099],[-8.63008,42.30911],[-8.62905,42.30927]]],[[[-8.82743,42.53048],[-8.82724,42.5314],[-8.82727,42.53208],[-8.82798,42.53165],[-8.82743,42.53048]]],[[[-8.73614,42.66437],[-8.73715,42.6643],[-8.73808,42.66334],[-8.73618,42.6641],[-8.73614,42.66437]]],[[[-8.87953,42.43015],[-8.88039,42.43008],[-8.88048,42.4295],[-8.87906,42.4297],[-8.87953,42.43015]]],[[[-8.82938,42.12369],[-8.8294,42.12297],[-8.82822,42.12286],[-8.82844,42.12348],[-8.82938,42.12369]]],[[[-8.872,42.55983],[-8.8718,42.56084],[-8.87235,42.56101],[-8.87276,42.56065],[-8.872,42.55983]]],[[[-8.90313,42.11744],[-8.90343,42.11708],[-8.90166,42.11627],[-8.90222,42.11712],[-8.90313,42.11744]]],[[[-8.83731,42.49325],[-8.837,42.49383],[-8.83769,42.49443],[-8.8378,42.49314],[-8.83731,42.49325]]],[[[-8.89734,42.08771],[-8.89715,42.08866],[-8.89757,42.0888],[-8.8981,42.088],[-8.89734,42.08771]]],[[[-8.87751,42.52715],[-8.87712,42.52754],[-8.87776,42.52822],[-8.87815,42.52762],[-8.87751,42.52715]]],[[[-8.9372,42.34236],[-8.93666,42.34257],[-8.93617,42.34323],[-8.93784,42.34243],[-8.9372,42.34236]]],[[[-8.83125,42.46995],[-8.83069,42.47048],[-8.8322,42.47038],[-8.83208,42.46997],[-8.83125,42.46995]]],[[[-8.92082,42.40019],[-8.92049,42.40082],[-8.92116,42.40111],[-8.92132,42.40044],[-8.92082,42.40019]]],[[[-8.77766,42.22333],[-8.77722,42.2239],[-8.77798,42.22415],[-8.77829,42.22348],[-8.77766,42.22333]]],[[[-8.6249,42.34028],[-8.62473,42.34104],[-8.62512,42.34144],[-8.62548,42.34057],[-8.6249,42.34028]]],[[[-8.8275,42.32314],[-8.82775,42.32391],[-8.82858,42.32288],[-8.82803,42.32281],[-8.8275,42.32314]]],[[[-8.9455,42.37942],[-8.9454,42.38041],[-8.94491,42.38094],[-8.94586,42.38024],[-8.9455,42.37942]]],[[[-8.87543,41.86887],[-8.87491,41.86997],[-8.87519,41.87019],[-8.87592,41.86907],[-8.87543,41.86887]]],[[[-8.90383,42.11611],[-8.90358,42.11688],[-8.90371,42.11767],[-8.90433,42.11664],[-8.90383,42.11611]]],[[[-8.82493,42.4958],[-8.82565,42.49533],[-8.82545,42.49479],[-8.82487,42.49491],[-8.82493,42.4958]]],[[[-8.75172,42.35208],[-8.75167,42.35142],[-8.75111,42.35131],[-8.75091,42.35211],[-8.75172,42.35208]]],[[[-8.82806,42.2507],[-8.82852,42.25049],[-8.82841,42.24978],[-8.82768,42.2501],[-8.82806,42.2507]]],[[[-8.62297,42.33926],[-8.62314,42.34015],[-8.62342,42.34031],[-8.62356,42.33944],[-8.62297,42.33926]]],[[[-8.89531,42.4902],[-8.89503,42.49077],[-8.89503,42.49121],[-8.89585,42.49046],[-8.89531,42.4902]]],[[[-8.88744,42.5443],[-8.88722,42.5449],[-8.88734,42.5454],[-8.88793,42.5446],[-8.88744,42.5443]]],[[[-8.86583,42.51844],[-8.86574,42.5188],[-8.86494,42.51946],[-8.86612,42.51919],[-8.86583,42.51844]]],[[[-8.90977,42.1782],[-8.90928,42.17884],[-8.90987,42.17913],[-8.91022,42.17859],[-8.90977,42.1782]]],[[[-8.87526,42.14784],[-8.87566,42.1473],[-8.87444,42.14755],[-8.87508,42.14794],[-8.87526,42.14784]]],[[[-8.83309,42.54477],[-8.83381,42.54458],[-8.83363,42.5439],[-8.83317,42.54393],[-8.83309,42.54477]]],[[[-8.8941,42.05897],[-8.8938,42.05927],[-8.89505,42.05971],[-8.89486,42.05941],[-8.8941,42.05897]]],[[[-8.88996,42.02696],[-8.89049,42.02728],[-8.89082,42.02698],[-8.88978,42.02659],[-8.88996,42.02696]]],[[[-8.9006,42.11536],[-8.90097,42.11598],[-8.90101,42.11478],[-8.90027,42.11477],[-8.9006,42.11536]]],[[[-8.86841,42.14588],[-8.86794,42.14622],[-8.8681,42.14668],[-8.86889,42.14605],[-8.86841,42.14588]]],[[[-8.83626,42.54987],[-8.83598,42.55028],[-8.83655,42.55063],[-8.83662,42.55],[-8.83626,42.54987]]],[[[-8.90544,42.11834],[-8.9049,42.11754],[-8.90441,42.11754],[-8.90478,42.11812],[-8.90544,42.11834]]],[[[-8.83976,42.54697],[-8.83948,42.54739],[-8.84043,42.54742],[-8.84038,42.54718],[-8.83976,42.54697]]],[[[-8.8848,41.8824],[-8.88479,41.88299],[-8.88524,41.8833],[-8.88545,41.88263],[-8.8848,41.8824]]],[[[-8.85182,42.47119],[-8.85174,42.47188],[-8.85215,42.47203],[-8.85256,42.47136],[-8.85182,42.47119]]],[[[-8.90532,42.11751],[-8.9057,42.11698],[-8.90485,42.11693],[-8.90484,42.11713],[-8.90532,42.11751]]],[[[-8.87024,42.52124],[-8.86966,42.5214],[-8.8696,42.52151],[-8.87033,42.52182],[-8.87024,42.52124]]],[[[-8.8445,42.48296],[-8.84409,42.48327],[-8.84467,42.48374],[-8.84479,42.48301],[-8.8445,42.48296]]],[[[-8.64757,42.31697],[-8.64706,42.31772],[-8.64717,42.3178],[-8.64796,42.31749],[-8.64757,42.31697]]],[[[-8.91487,42.54369],[-8.91475,42.54437],[-8.91544,42.54416],[-8.91518,42.54376],[-8.91487,42.54369]]],[[[-8.77804,42.22162],[-8.77793,42.22101],[-8.77751,42.22097],[-8.77728,42.22156],[-8.77804,42.22162]]],[[[-8.79084,42.61082],[-8.79097,42.61138],[-8.79164,42.61133],[-8.79159,42.61109],[-8.79084,42.61082]]],[[[-8.88575,42.03556],[-8.88529,42.03601],[-8.88547,42.03624],[-8.88609,42.03578],[-8.88575,42.03556]]],[[[-8.76619,42.2264],[-8.76596,42.22678],[-8.76622,42.22723],[-8.7665,42.22644],[-8.76619,42.2264]]],[[[-8.92952,42.44932],[-8.92906,42.44943],[-8.92924,42.44992],[-8.92981,42.44958],[-8.92952,42.44932]]],[[[-8.87776,42.43676],[-8.87742,42.43698],[-8.87759,42.43735],[-8.87819,42.43706],[-8.87776,42.43676]]],[[[-8.89272,42.49014],[-8.89272,42.48975],[-8.89196,42.48997],[-8.89208,42.49016],[-8.89272,42.49014]]],[[[-8.89927,42.11473],[-8.89935,42.11527],[-8.89977,42.11534],[-8.89987,42.11504],[-8.89927,42.11473]]],[[[-8.80261,42.61417],[-8.80244,42.61458],[-8.80304,42.61479],[-8.80296,42.61427],[-8.80261,42.61417]]],[[[-8.87592,42.50072],[-8.87561,42.5014],[-8.87581,42.50165],[-8.87622,42.50088],[-8.87592,42.50072]]],[[[-8.89951,42.09507],[-8.90004,42.09489],[-8.89988,42.09445],[-8.8993,42.09477],[-8.89951,42.09507]]],[[[-8.80834,42.58315],[-8.80794,42.58347],[-8.80813,42.58383],[-8.80864,42.5835],[-8.80834,42.58315]]],[[[-8.8781,41.87494],[-8.87755,41.87421],[-8.87714,41.87427],[-8.87752,41.87487],[-8.8781,41.87494]]],[[[-8.91285,42.20347],[-8.91319,42.20242],[-8.91294,42.20205],[-8.91267,42.20314],[-8.91285,42.20347]]],[[[-8.92318,42.45136],[-8.92301,42.45204],[-8.92357,42.45217],[-8.9236,42.45202],[-8.92318,42.45136]]],[[[-8.87983,41.87632],[-8.88013,41.87582],[-8.88004,41.8757],[-8.87921,41.87614],[-8.87983,41.87632]]],[[[-8.6262,42.30439],[-8.62613,42.30489],[-8.62641,42.30497],[-8.62662,42.30446],[-8.6262,42.30439]]],[[[-8.86351,42.24604],[-8.86335,42.24613],[-8.86311,42.24682],[-8.8638,42.2463],[-8.86351,42.24604]]],[[[-8.93523,42.48],[-8.93552,42.48077],[-8.93564,42.48078],[-8.93587,42.48028],[-8.93523,42.48]]],[[[-8.84252,42.25884],[-8.84254,42.25825],[-8.8421,42.25842],[-8.8423,42.25892],[-8.84252,42.25884]]],[[[-8.76021,42.25816],[-8.75993,42.25854],[-8.76031,42.25883],[-8.76052,42.25849],[-8.76021,42.25816]]],[[[-8.81303,42.25821],[-8.81294,42.25848],[-8.81317,42.259],[-8.81344,42.25876],[-8.81303,42.25821]]],[[[-8.90061,42.10428],[-8.9008,42.10478],[-8.90123,42.1048],[-8.90104,42.10441],[-8.90061,42.10428]]],[[[-8.7385,42.3754],[-8.73824,42.37574],[-8.73861,42.37598],[-8.73877,42.37542],[-8.7385,42.3754]]],[[[-8.81643,42.49478],[-8.81649,42.49522],[-8.81696,42.49516],[-8.81697,42.49488],[-8.81643,42.49478]]],[[[-8.89105,42.02581],[-8.89076,42.0262],[-8.89077,42.02637],[-8.89132,42.02612],[-8.89105,42.02581]]],[[[-8.93393,42.45217],[-8.9336,42.45235],[-8.9336,42.45261],[-8.93431,42.4524],[-8.93393,42.45217]]],[[[-8.83974,42.46534],[-8.83957,42.46569],[-8.8398,42.46585],[-8.84019,42.46555],[-8.83974,42.46534]]],[[[-8.94544,42.35483],[-8.94537,42.35532],[-8.9459,42.35524],[-8.9459,42.35501],[-8.94544,42.35483]]],[[[-8.88116,42.42322],[-8.88123,42.42383],[-8.88182,42.42352],[-8.88179,42.42346],[-8.88116,42.42322]]],[[[-8.87741,41.87499],[-8.87741,41.87542],[-8.87783,41.87563],[-8.87779,41.8751],[-8.87741,41.87499]]],[[[-8.89137,42.057],[-8.89183,42.05741],[-8.89226,42.05718],[-8.89195,42.057],[-8.89137,42.057]]],[[[-8.93052,42.45065],[-8.93032,42.45109],[-8.93058,42.45134],[-8.93083,42.45095],[-8.93052,42.45065]]],[[[-8.88961,42.56482],[-8.89001,42.56467],[-8.88951,42.56425],[-8.8895,42.56468],[-8.88961,42.56482]]],[[[-8.8778,42.5544],[-8.87743,42.55467],[-8.87787,42.55508],[-8.87798,42.55477],[-8.8778,42.5544]]],[[[-8.81736,42.18908],[-8.81711,42.18926],[-8.81774,42.1896],[-8.81757,42.18901],[-8.81736,42.18908]]],[[[-8.83319,42.47006],[-8.83293,42.4704],[-8.8332,42.47056],[-8.83358,42.47022],[-8.83319,42.47006]]],[[[-8.94197,42.46158],[-8.94177,42.46188],[-8.94211,42.46224],[-8.9422,42.46174],[-8.94197,42.46158]]],[[[-8.81761,42.49313],[-8.8175,42.49342],[-8.81771,42.49379],[-8.81793,42.49353],[-8.81761,42.49313]]],[[[-8.8914,42.4918],[-8.89126,42.4921],[-8.89173,42.49221],[-8.89179,42.49191],[-8.8914,42.4918]]],[[[-8.91885,42.25028],[-8.91864,42.25052],[-8.91922,42.2507],[-8.91914,42.25038],[-8.91885,42.25028]]],[[[-8.938,42.34167],[-8.93782,42.34198],[-8.93803,42.34216],[-8.93833,42.34177],[-8.938,42.34167]]],[[[-8.8268,42.58123],[-8.82685,42.58104],[-8.8263,42.58071],[-8.82617,42.58102],[-8.8268,42.58123]]],[[[-8.92587,42.44798],[-8.92562,42.44828],[-8.9257,42.44865],[-8.92596,42.44857],[-8.92587,42.44798]]],[[[-8.90285,42.53599],[-8.90283,42.53623],[-8.90262,42.53655],[-8.90316,42.53631],[-8.90285,42.53599]]],[[[-8.87309,42.43792],[-8.87343,42.4383],[-8.87369,42.43821],[-8.87347,42.43784],[-8.87309,42.43792]]],[[[-8.87276,42.55532],[-8.8728,42.5558],[-8.87316,42.55576],[-8.873,42.55535],[-8.87276,42.55532]]],[[[-8.77999,42.21926],[-8.7803,42.2195],[-8.78055,42.21919],[-8.7804,42.21907],[-8.77999,42.21926]]],[[[-8.87395,42.14791],[-8.87392,42.14746],[-8.87345,42.14789],[-8.87369,42.14802],[-8.87395,42.14791]]],[[[-8.83356,42.28626],[-8.83388,42.28649],[-8.83435,42.28638],[-8.83398,42.2862],[-8.83356,42.28626]]],[[[-8.90129,42.111],[-8.90129,42.11135],[-8.9018,42.11134],[-8.90155,42.11105],[-8.90129,42.111]]],[[[-8.82721,42.38583],[-8.82721,42.38637],[-8.82751,42.38638],[-8.82753,42.38605],[-8.82721,42.38583]]],[[[-8.90179,42.11196],[-8.90172,42.11215],[-8.90247,42.11228],[-8.90239,42.11208],[-8.90179,42.11196]]],[[[-8.94483,42.35475],[-8.94467,42.35509],[-8.94481,42.3556],[-8.945,42.35478],[-8.94483,42.35475]]],[[[-8.88928,41.97099],[-8.8895,41.97122],[-8.88995,41.97084],[-8.88941,41.97079],[-8.88928,41.97099]]],[[[-8.89179,42.04355],[-8.89174,42.04384],[-8.89229,42.04386],[-8.89218,42.04359],[-8.89179,42.04355]]],[[[-8.88233,42.55746],[-8.88227,42.55762],[-8.88284,42.55801],[-8.88278,42.55768],[-8.88233,42.55746]]],[[[-8.86417,42.30693],[-8.86455,42.30676],[-8.86374,42.3068],[-8.86387,42.30696],[-8.86417,42.30693]]],[[[-8.88988,42.04572],[-8.88976,42.04591],[-8.89034,42.0461],[-8.89039,42.04592],[-8.88988,42.04572]]],[[[-8.88466,42.00987],[-8.88456,42.01015],[-8.8849,42.01027],[-8.88506,42.00997],[-8.88466,42.00987]]],[[[-8.88823,42.54426],[-8.88817,42.5446],[-8.88842,42.54477],[-8.88857,42.54447],[-8.88823,42.54426]]],[[[-8.94626,42.37962],[-8.94644,42.38007],[-8.94662,42.38011],[-8.9466,42.3796],[-8.94626,42.37962]]],[[[-8.76788,42.33722],[-8.76796,42.33702],[-8.76753,42.33668],[-8.76734,42.33708],[-8.76788,42.33722]]],[[[-8.82504,42.46135],[-8.82505,42.46164],[-8.82556,42.46144],[-8.82523,42.46124],[-8.82504,42.46135]]],[[[-8.82788,42.3241],[-8.82748,42.32424],[-8.82747,42.32429],[-8.82794,42.32451],[-8.82788,42.3241]]],[[[-8.92222,42.45066],[-8.92247,42.45094],[-8.92262,42.45141],[-8.92267,42.45079],[-8.92222,42.45066]]],[[[-8.70863,42.27463],[-8.70862,42.27513],[-8.70871,42.2753],[-8.70891,42.27484],[-8.70863,42.27463]]],[[[-8.89208,42.49049],[-8.89234,42.4908],[-8.8926,42.49074],[-8.89261,42.4905],[-8.89208,42.49049]]],[[[-8.94275,42.46526],[-8.94242,42.46557],[-8.94243,42.46569],[-8.94281,42.4657],[-8.94275,42.46526]]],[[[-8.80758,42.50069],[-8.80681,42.50126],[-8.80678,42.50133],[-8.80771,42.5008],[-8.80758,42.50069]]],[[[-8.79826,42.33808],[-8.79844,42.33778],[-8.79798,42.33781],[-8.7981,42.33817],[-8.79826,42.33808]]],[[[-8.9433,42.46551],[-8.94324,42.46573],[-8.94346,42.46597],[-8.94362,42.46556],[-8.9433,42.46551]]],[[[-8.86851,42.52014],[-8.8683,42.5203],[-8.86858,42.52062],[-8.86873,42.5203],[-8.86851,42.52014]]],[[[-8.90193,42.10417],[-8.9021,42.10449],[-8.90248,42.10442],[-8.90226,42.1042],[-8.90193,42.10417]]],[[[-8.76431,42.25733],[-8.76386,42.25773],[-8.76394,42.25788],[-8.7644,42.2577],[-8.76431,42.25733]]],[[[-8.76335,42.2579],[-8.7631,42.2582],[-8.76325,42.25851],[-8.76351,42.25806],[-8.76335,42.2579]]],[[[-8.88772,42.54535],[-8.88789,42.54566],[-8.8882,42.54564],[-8.88816,42.54542],[-8.88772,42.54535]]],[[[-8.76521,42.22571],[-8.765,42.22605],[-8.7653,42.22614],[-8.76548,42.22577],[-8.76521,42.22571]]],[[[-8.88535,42.007],[-8.88575,42.00705],[-8.88582,42.00699],[-8.88533,42.00662],[-8.88535,42.007]]],[[[-8.94043,42.47669],[-8.94001,42.47644],[-8.93983,42.4767],[-8.9403,42.47686],[-8.94043,42.47669]]],[[[-8.82126,42.28019],[-8.82099,42.28045],[-8.82113,42.28075],[-8.8215,42.28031],[-8.82126,42.28019]]],[[[-8.7268,42.67888],[-8.7267,42.67858],[-8.72629,42.67867],[-8.72658,42.67894],[-8.7268,42.67888]]],[[[-8.91326,42.20416],[-8.91354,42.20462],[-8.91379,42.20463],[-8.91374,42.20439],[-8.91326,42.20416]]],[[[-8.90656,42.54265],[-8.90651,42.54304],[-8.90665,42.54315],[-8.90686,42.54287],[-8.90656,42.54265]]],[[[-8.89102,42.56676],[-8.89119,42.56709],[-8.89152,42.56696],[-8.89148,42.56683],[-8.89102,42.56676]]],[[[-8.91864,42.24829],[-8.91829,42.24805],[-8.91811,42.2481],[-8.91816,42.24837],[-8.91864,42.24829]]],[[[-8.89848,42.11554],[-8.89884,42.11533],[-8.89884,42.11514],[-8.89854,42.11516],[-8.89848,42.11554]]],[[[-8.82284,42.30262],[-8.82303,42.30233],[-8.82258,42.30223],[-8.82263,42.3025],[-8.82284,42.30262]]],[[[-8.90363,42.11813],[-8.90385,42.11851],[-8.90408,42.11856],[-8.90407,42.11821],[-8.90363,42.11813]]],[[[-8.81991,42.52306],[-8.81966,42.52336],[-8.8197,42.52355],[-8.82005,42.52329],[-8.81991,42.52306]]],[[[-8.84913,42.49485],[-8.849,42.49521],[-8.84901,42.49531],[-8.84936,42.49515],[-8.84913,42.49485]]],[[[-8.91221,42.19647],[-8.9121,42.19672],[-8.91248,42.19676],[-8.91247,42.19645],[-8.91221,42.19647]]],[[[-8.86762,42.14576],[-8.86767,42.14605],[-8.86806,42.14577],[-8.86784,42.14569],[-8.86762,42.14576]]],[[[-8.94029,42.46758],[-8.94022,42.4679],[-8.9406,42.46793],[-8.94055,42.46766],[-8.94029,42.46758]]],[[[-8.89987,42.09983],[-8.89984,42.10012],[-8.90018,42.10005],[-8.90012,42.09982],[-8.89987,42.09983]]],[[[-8.81286,42.49599],[-8.81249,42.49652],[-8.81249,42.49657],[-8.81279,42.49648],[-8.81286,42.49599]]],[[[-8.92145,42.45298],[-8.92145,42.45325],[-8.92183,42.45311],[-8.92182,42.45294],[-8.92145,42.45298]]],[[[-8.92119,42.39981],[-8.92092,42.39992],[-8.9209,42.39997],[-8.92138,42.40008],[-8.92119,42.39981]]],[[[-8.90642,42.17787],[-8.9062,42.17812],[-8.90658,42.17816],[-8.90663,42.1779],[-8.90642,42.17787]]],[[[-8.93941,42.45961],[-8.93941,42.45998],[-8.93959,42.46014],[-8.93971,42.45969],[-8.93941,42.45961]]],[[[-8.91168,42.20638],[-8.91162,42.20662],[-8.91195,42.2068],[-8.91188,42.2064],[-8.91168,42.20638]]],[[[-8.85809,42.56724],[-8.85795,42.5673],[-8.85798,42.56766],[-8.85826,42.56754],[-8.85809,42.56724]]],[[[-8.90472,42.11014],[-8.9048,42.10986],[-8.90439,42.10994],[-8.90451,42.11013],[-8.90472,42.11014]]],[[[-8.86131,42.30583],[-8.8613,42.3061],[-8.8616,42.3062],[-8.86159,42.30593],[-8.86131,42.30583]]],[[[-8.87593,42.55886],[-8.87616,42.55866],[-8.87597,42.55845],[-8.87574,42.55862],[-8.87593,42.55886]]],[[[-8.82612,42.34211],[-8.82621,42.34203],[-8.8268,42.3419],[-8.82599,42.34189],[-8.82612,42.34211]]],[[[-8.89742,42.09495],[-8.89721,42.09514],[-8.89722,42.09531],[-8.89766,42.09491],[-8.89742,42.09495]]],[[[-8.86841,42.49927],[-8.86863,42.49952],[-8.86893,42.49937],[-8.86887,42.49929],[-8.86841,42.49927]]],[[[-8.85659,42.30944],[-8.85632,42.30953],[-8.85634,42.30965],[-8.85684,42.30962],[-8.85659,42.30944]]],[[[-8.91298,42.19396],[-8.91273,42.19406],[-8.91276,42.19431],[-8.91309,42.19418],[-8.91298,42.19396]]],[[[-8.94555,42.38147],[-8.94532,42.3817],[-8.94596,42.38153],[-8.9459,42.38146],[-8.94555,42.38147]]],[[[-8.77183,42.22456],[-8.77206,42.22472],[-8.77219,42.22457],[-8.77157,42.22434],[-8.77183,42.22456]]],[[[-8.93622,42.48022],[-8.93624,42.48057],[-8.93645,42.48062],[-8.93648,42.48032],[-8.93622,42.48022]]],[[[-8.9033,42.11548],[-8.90316,42.11574],[-8.90336,42.11589],[-8.90348,42.11554],[-8.9033,42.11548]]],[[[-8.92589,42.44957],[-8.92587,42.44987],[-8.92606,42.44998],[-8.92612,42.44962],[-8.92589,42.44957]]],[[[-8.93931,42.45564],[-8.93913,42.4559],[-8.93917,42.45597],[-8.93956,42.45582],[-8.93931,42.45564]]],[[[-8.90156,42.11272],[-8.90145,42.1129],[-8.90194,42.1129],[-8.90188,42.11272],[-8.90156,42.11272]]],[[[-8.94709,42.38154],[-8.94697,42.38171],[-8.94705,42.38207],[-8.94724,42.38158],[-8.94709,42.38154]]],[[[-8.76167,42.25616],[-8.76186,42.25639],[-8.76209,42.25639],[-8.76208,42.25618],[-8.76167,42.25616]]],[[[-8.90161,42.1146],[-8.90193,42.11475],[-8.9021,42.11459],[-8.90189,42.11449],[-8.90161,42.1146]]],[[[-8.80909,42.19303],[-8.80915,42.19333],[-8.80956,42.19327],[-8.80923,42.19304],[-8.80909,42.19303]]],[[[-8.93576,42.45162],[-8.93562,42.4518],[-8.93618,42.45174],[-8.93613,42.45162],[-8.93576,42.45162]]],[[[-8.77486,42.22284],[-8.77497,42.22263],[-8.77465,42.22259],[-8.77456,42.22288],[-8.77486,42.22284]]],[[[-8.88216,41.88006],[-8.88216,41.87981],[-8.88178,41.87986],[-8.88179,41.88008],[-8.88216,41.88006]]],[[[-8.82364,42.29727],[-8.82365,42.29759],[-8.8239,42.2976],[-8.82387,42.29728],[-8.82364,42.29727]]],[[[-8.79872,42.33593],[-8.7986,42.33614],[-8.79908,42.33613],[-8.79894,42.33595],[-8.79872,42.33593]]],[[[-8.89111,42.49555],[-8.89087,42.49575],[-8.89095,42.49587],[-8.89137,42.49562],[-8.89111,42.49555]]],[[[-8.8169,42.18749],[-8.8168,42.1877],[-8.81706,42.1878],[-8.81713,42.18749],[-8.8169,42.18749]]],[[[-8.94292,42.47575],[-8.94281,42.4759],[-8.94287,42.47608],[-8.94314,42.47589],[-8.94292,42.47575]]],[[[-8.86221,42.30543],[-8.86211,42.30569],[-8.86243,42.30573],[-8.86239,42.30546],[-8.86221,42.30543]]],[[[-8.88485,42.00404],[-8.88466,42.00378],[-8.88432,42.00379],[-8.88436,42.00385],[-8.88485,42.00404]]],[[[-8.88048,41.99835],[-8.88036,41.99868],[-8.8807,41.99877],[-8.88058,41.99838],[-8.88048,41.99835]]],[[[-8.91002,42.17934],[-8.91012,42.17954],[-8.91054,42.17952],[-8.91024,42.17936],[-8.91002,42.17934]]],[[[-8.84136,42.49828],[-8.8412,42.49843],[-8.84128,42.49857],[-8.8416,42.49843],[-8.84136,42.49828]]],[[[-8.7523,42.34817],[-8.75246,42.34793],[-8.75227,42.34782],[-8.75214,42.34799],[-8.7523,42.34817]]],[[[-8.84186,42.15815],[-8.84184,42.15845],[-8.84202,42.1585],[-8.84207,42.15822],[-8.84186,42.15815]]],[[[-8.89881,42.10219],[-8.89874,42.10249],[-8.89891,42.10263],[-8.89897,42.10233],[-8.89881,42.10219]]],[[[-8.92563,42.45015],[-8.92566,42.45037],[-8.92595,42.45023],[-8.92589,42.4501],[-8.92563,42.45015]]],[[[-8.88692,42.04878],[-8.887,42.04892],[-8.8874,42.04887],[-8.88712,42.0487],[-8.88692,42.04878]]],[[[-8.89606,42.49292],[-8.89595,42.49298],[-8.89607,42.49333],[-8.89624,42.49318],[-8.89606,42.49292]]],[[[-8.88909,41.98001],[-8.88906,41.98022],[-8.88941,41.9802],[-8.88931,41.98001],[-8.88909,41.98001]]],[[[-8.89345,42.49199],[-8.89341,42.49222],[-8.89378,42.49211],[-8.89373,42.49201],[-8.89345,42.49199]]],[[[-8.83943,42.338],[-8.83937,42.33817],[-8.83968,42.33825],[-8.83971,42.33803],[-8.83943,42.338]]],[[[-8.8745,42.43786],[-8.87457,42.43815],[-8.87483,42.43806],[-8.8747,42.43787],[-8.8745,42.43786]]],[[[-8.93375,42.48096],[-8.93359,42.48105],[-8.93352,42.48125],[-8.93395,42.48095],[-8.93375,42.48096]]],[[[-8.87529,41.86508],[-8.8754,41.8653],[-8.87571,41.86533],[-8.87572,41.86519],[-8.87529,41.86508]]],[[[-8.9167,42.45049],[-8.9169,42.4507],[-8.91714,42.45066],[-8.91693,42.45043],[-8.9167,42.45049]]],[[[-8.94304,42.46612],[-8.94316,42.46638],[-8.94337,42.46633],[-8.94328,42.46611],[-8.94304,42.46612]]],[[[-8.82415,42.31379],[-8.82408,42.31411],[-8.82429,42.31414],[-8.82432,42.31381],[-8.82415,42.31379]]],[[[-8.89597,42.09335],[-8.89578,42.09347],[-8.89624,42.09355],[-8.89616,42.09339],[-8.89597,42.09335]]],[[[-8.90132,42.11424],[-8.90134,42.11439],[-8.90169,42.11424],[-8.90151,42.11413],[-8.90132,42.11424]]],[[[-8.77891,42.21858],[-8.77871,42.21882],[-8.77874,42.21892],[-8.7791,42.21867],[-8.77891,42.21858]]],[[[-8.9206,42.40128],[-8.92046,42.40149],[-8.92066,42.40161],[-8.92075,42.40136],[-8.9206,42.40128]]],[[[-8.88781,42.02172],[-8.88777,42.02189],[-8.88806,42.02193],[-8.88809,42.02176],[-8.88781,42.02172]]],[[[-8.88868,41.96575],[-8.88866,41.96595],[-8.88899,41.96595],[-8.88893,41.96576],[-8.88868,41.96575]]],[[[-8.93827,42.45648],[-8.93812,42.45654],[-8.93814,42.45677],[-8.93838,42.45668],[-8.93827,42.45648]]],[[[-8.89025,42.56591],[-8.89038,42.56612],[-8.89067,42.56601],[-8.8906,42.56593],[-8.89025,42.56591]]],[[[-8.8084,42.33973],[-8.80846,42.33952],[-8.8081,42.33957],[-8.80816,42.33974],[-8.8084,42.33973]]],[[[-8.86408,42.49901],[-8.86401,42.4992],[-8.86417,42.49932],[-8.86431,42.49901],[-8.86408,42.49901]]],[[[-8.86645,42.14615],[-8.86658,42.14633],[-8.86689,42.14628],[-8.86661,42.14612],[-8.86645,42.14615]]],[[[-8.74005,42.26985],[-8.74009,42.27014],[-8.74033,42.27005],[-8.74023,42.26988],[-8.74005,42.26985]]],[[[-8.76567,42.25789],[-8.76564,42.25814],[-8.76579,42.25823],[-8.76588,42.258],[-8.76567,42.25789]]],[[[-8.92534,42.44712],[-8.92538,42.4473],[-8.9256,42.44732],[-8.92566,42.4471],[-8.92534,42.44712]]],[[[-8.94293,42.47707],[-8.94273,42.47688],[-8.94255,42.47696],[-8.94269,42.47718],[-8.94293,42.47707]]],[[[-8.90021,42.1099],[-8.90028,42.11007],[-8.90061,42.11001],[-8.90054,42.10991],[-8.90021,42.1099]]],[[[-8.88828,42.4984],[-8.88816,42.49871],[-8.8882,42.49873],[-8.88853,42.4984],[-8.88828,42.4984]]],[[[-8.82405,42.31432],[-8.82407,42.31464],[-8.82429,42.31465],[-8.82421,42.31436],[-8.82405,42.31432]]],[[[-8.93074,42.4523],[-8.93061,42.45237],[-8.9306,42.45255],[-8.93093,42.45248],[-8.93074,42.4523]]],[[[-8.86577,42.2643],[-8.86579,42.26454],[-8.86602,42.26446],[-8.86602,42.26432],[-8.86577,42.2643]]],[[[-8.90704,42.17907],[-8.90704,42.17926],[-8.90741,42.17915],[-8.90725,42.17905],[-8.90704,42.17907]]],[[[-8.89092,42.4046],[-8.89094,42.4044],[-8.89065,42.40441],[-8.89072,42.40458],[-8.89092,42.4046]]],[[[-8.88534,41.88191],[-8.88534,41.88179],[-8.88497,41.88163],[-8.88505,41.88184],[-8.88534,41.88191]]],[[[-8.90076,42.11002],[-8.90094,42.11022],[-8.90114,42.11024],[-8.90107,42.11005],[-8.90076,42.11002]]],[[[-8.8246,42.29993],[-8.82462,42.30019],[-8.82482,42.30023],[-8.82481,42.3],[-8.8246,42.29993]]],[[[-8.92365,42.45143],[-8.92381,42.45124],[-8.92346,42.45121],[-8.92353,42.45134],[-8.92365,42.45143]]],[[[-8.8388,42.34089],[-8.83903,42.34079],[-8.8385,42.34072],[-8.83851,42.34082],[-8.8388,42.34089]]],[[[-8.83377,42.55067],[-8.83391,42.5506],[-8.83381,42.55037],[-8.83358,42.5506],[-8.83377,42.55067]]],[[[-8.93622,42.45134],[-8.93622,42.45152],[-8.93654,42.45141],[-8.93647,42.45135],[-8.93622,42.45134]]],[[[-8.85909,42.29712],[-8.85906,42.29727],[-8.85932,42.29735],[-8.85934,42.29714],[-8.85909,42.29712]]],[[[-8.91768,42.45019],[-8.91756,42.4504],[-8.91761,42.45047],[-8.91787,42.45025],[-8.91768,42.45019]]],[[[-8.77401,42.38817],[-8.77411,42.38839],[-8.7743,42.3882],[-8.77414,42.38808],[-8.77401,42.38817]]],[[[-8.8585,42.30691],[-8.85821,42.3068],[-8.85805,42.30689],[-8.85826,42.30698],[-8.8585,42.30691]]],[[[-8.82697,42.34063],[-8.82708,42.34081],[-8.82728,42.34077],[-8.82723,42.34057],[-8.82697,42.34063]]],[[[-8.87832,42.50055],[-8.87822,42.50077],[-8.87831,42.50091],[-8.87852,42.50059],[-8.87832,42.50055]]],[[[-8.94185,42.46032],[-8.94178,42.46052],[-8.94191,42.46057],[-8.94206,42.46037],[-8.94185,42.46032]]],[[[-8.90153,42.10979],[-8.90152,42.11],[-8.9018,42.11004],[-8.9017,42.10985],[-8.90153,42.10979]]],[[[-8.86058,42.29359],[-8.86044,42.29371],[-8.8605,42.29383],[-8.86073,42.29377],[-8.86058,42.29359]]],[[[-8.87798,42.14595],[-8.87798,42.14616],[-8.8782,42.1462],[-8.87821,42.14601],[-8.87798,42.14595]]],[[[-8.89785,42.23825],[-8.89792,42.23848],[-8.89812,42.23841],[-8.89806,42.23822],[-8.89785,42.23825]]],[[[-8.83685,42.25705],[-8.8368,42.25727],[-8.83713,42.25709],[-8.83712,42.25701],[-8.83685,42.25705]]],[[[-8.76509,42.22521],[-8.7649,42.22538],[-8.76495,42.2255],[-8.76519,42.22543],[-8.76509,42.22521]]],[[[-8.94126,42.46079],[-8.94121,42.46094],[-8.9416,42.46089],[-8.94148,42.46077],[-8.94126,42.46079]]],[[[-8.80226,42.60971],[-8.80224,42.60988],[-8.80253,42.60985],[-8.80249,42.60973],[-8.80226,42.60971]]],[[[-8.81077,42.1967],[-8.81062,42.19679],[-8.81057,42.19699],[-8.81086,42.19687],[-8.81077,42.1967]]],[[[-8.82623,42.34137],[-8.82635,42.34158],[-8.82665,42.34155],[-8.82664,42.34146],[-8.82623,42.34137]]],[[[-8.93672,42.34132],[-8.93666,42.34151],[-8.93684,42.34159],[-8.93689,42.34137],[-8.93672,42.34132]]],[[[-8.7684,42.33627],[-8.76839,42.33652],[-8.76853,42.33657],[-8.76857,42.33631],[-8.7684,42.33627]]],[[[-8.83888,42.34028],[-8.83886,42.34045],[-8.83913,42.34049],[-8.83906,42.34028],[-8.83888,42.34028]]],[[[-8.92901,42.45104],[-8.92884,42.4512],[-8.92888,42.45128],[-8.92915,42.45122],[-8.92901,42.45104]]],[[[-8.92633,42.44812],[-8.9264,42.44831],[-8.92665,42.4482],[-8.92661,42.44811],[-8.92633,42.44812]]],[[[-8.88767,41.98573],[-8.88767,41.98584],[-8.88796,41.98594],[-8.88785,41.98573],[-8.88767,41.98573]]],[[[-8.91902,42.45101],[-8.91891,42.45111],[-8.91901,42.45125],[-8.91921,42.45097],[-8.91902,42.45101]]],[[[-8.81005,42.19134],[-8.81008,42.19156],[-8.81019,42.19161],[-8.81022,42.19124],[-8.81005,42.19134]]],[[[-8.94267,42.46056],[-8.9426,42.46073],[-8.94291,42.46065],[-8.94287,42.4605],[-8.94267,42.46056]]],[[[-8.91954,42.45203],[-8.9196,42.45222],[-8.91985,42.45214],[-8.9198,42.45205],[-8.91954,42.45203]]],[[[-8.87603,41.87243],[-8.87603,41.87265],[-8.87622,41.87261],[-8.8762,41.87245],[-8.87603,41.87243]]],[[[-8.86469,42.49909],[-8.86485,42.49906],[-8.86487,42.49891],[-8.86452,42.49895],[-8.86469,42.49909]]],[[[-8.8589,42.30768],[-8.85879,42.30783],[-8.85916,42.30778],[-8.85909,42.30767],[-8.8589,42.30768]]],[[[-8.93684,42.45219],[-8.93681,42.45238],[-8.93711,42.45225],[-8.9371,42.45218],[-8.93684,42.45219]]],[[[-8.76005,42.25782],[-8.76004,42.258],[-8.76015,42.25814],[-8.76027,42.25795],[-8.76005,42.25782]]],[[[-8.79217,42.24105],[-8.79219,42.24124],[-8.79242,42.2412],[-8.79235,42.24102],[-8.79217,42.24105]]],[[[-8.90216,42.53603],[-8.90214,42.5362],[-8.9024,42.53618],[-8.90238,42.53606],[-8.90216,42.53603]]],[[[-8.94,42.46003],[-8.9399,42.46019],[-8.94028,42.46011],[-8.94027,42.46001],[-8.94,42.46003]]],[[[-8.90217,42.11498],[-8.90209,42.11517],[-8.90239,42.11505],[-8.90229,42.11498],[-8.90217,42.11498]]],[[[-8.87401,42.4374],[-8.87408,42.43756],[-8.87427,42.43744],[-8.8741,42.4373],[-8.87401,42.4374]]],[[[-8.84026,42.33877],[-8.84011,42.33889],[-8.84046,42.33889],[-8.84047,42.33879],[-8.84026,42.33877]]],[[[-8.92074,42.45126],[-8.92087,42.45139],[-8.92114,42.4513],[-8.92095,42.45123],[-8.92074,42.45126]]],[[[-8.83439,42.57071],[-8.83423,42.57084],[-8.83463,42.5707],[-8.83449,42.57067],[-8.83439,42.57071]]],[[[-8.8874,42.04767],[-8.8874,42.04789],[-8.8876,42.04785],[-8.88753,42.04765],[-8.8874,42.04767]]],[[[-8.88774,42.04702],[-8.88777,42.04718],[-8.88801,42.0472],[-8.88793,42.04703],[-8.88774,42.04702]]],[[[-8.93767,42.45669],[-8.93771,42.45687],[-8.93791,42.45689],[-8.9379,42.45669],[-8.93767,42.45669]]],[[[-8.83167,42.25105],[-8.83149,42.25115],[-8.83176,42.25125],[-8.83182,42.25108],[-8.83167,42.25105]]],[[[-8.9396,42.46838],[-8.93965,42.46819],[-8.93938,42.46827],[-8.93947,42.46837],[-8.9396,42.46838]]],[[[-8.93878,42.45506],[-8.93878,42.45525],[-8.93894,42.45529],[-8.939,42.45507],[-8.93878,42.45506]]],[[[-8.86511,42.49972],[-8.86523,42.49988],[-8.86544,42.49978],[-8.86531,42.49971],[-8.86511,42.49972]]],[[[-8.85028,42.15428],[-8.85038,42.15426],[-8.85044,42.15398],[-8.8502,42.15399],[-8.85028,42.15428]]],[[[-8.82578,42.14184],[-8.82583,42.14207],[-8.82605,42.14204],[-8.82606,42.14198],[-8.82578,42.14184]]],[[[-8.74628,42.26395],[-8.74628,42.26413],[-8.74656,42.26402],[-8.74639,42.26393],[-8.74628,42.26395]]],[[[-8.91104,42.20062],[-8.91106,42.20077],[-8.9113,42.20076],[-8.91126,42.20058],[-8.91104,42.20062]]],[[[-8.85939,42.29456],[-8.85941,42.29481],[-8.85956,42.29474],[-8.85961,42.29463],[-8.85939,42.29456]]],[[[-8.91066,42.17903],[-8.91039,42.17895],[-8.91027,42.17903],[-8.91059,42.17912],[-8.91066,42.17903]]],[[[-8.89839,42.10242],[-8.89835,42.10256],[-8.89863,42.10263],[-8.89854,42.10243],[-8.89839,42.10242]]],[[[-8.85926,42.14727],[-8.85922,42.1471],[-8.859,42.14719],[-8.85907,42.1473],[-8.85926,42.14727]]],[[[-8.93534,42.45381],[-8.9354,42.45364],[-8.93523,42.45351],[-8.93521,42.45376],[-8.93534,42.45381]]],[[[-8.87457,42.14778],[-8.87451,42.14798],[-8.87466,42.148],[-8.87477,42.1478],[-8.87457,42.14778]]],[[[-8.92816,42.44768],[-8.92805,42.44772],[-8.92809,42.44789],[-8.92835,42.44769],[-8.92816,42.44768]]],[[[-8.90075,42.10881],[-8.90085,42.10899],[-8.90104,42.10889],[-8.90092,42.10878],[-8.90075,42.10881]]],[[[-8.81296,42.49645],[-8.81295,42.49663],[-8.81317,42.49658],[-8.81316,42.49645],[-8.81296,42.49645]]],[[[-8.83477,42.28705],[-8.83467,42.28711],[-8.83467,42.28729],[-8.83487,42.28723],[-8.83477,42.28705]]],[[[-8.87542,42.14693],[-8.8755,42.14708],[-8.87574,42.14705],[-8.87566,42.14695],[-8.87542,42.14693]]],[[[-8.82389,42.57961],[-8.82371,42.57966],[-8.82414,42.57976],[-8.82409,42.57963],[-8.82389,42.57961]]],[[[-8.79754,42.33675],[-8.79754,42.33694],[-8.79775,42.3369],[-8.79772,42.33673],[-8.79754,42.33675]]],[[[-8.77417,42.22273],[-8.77417,42.22294],[-8.77436,42.22295],[-8.77429,42.2227],[-8.77417,42.22273]]],[[[-8.85838,42.29879],[-8.85831,42.29899],[-8.85857,42.29896],[-8.85852,42.29882],[-8.85838,42.29879]]],[[[-8.89237,42.49643],[-8.89223,42.49628],[-8.89206,42.49632],[-8.89218,42.49648],[-8.89237,42.49643]]],[[[-8.88284,41.88009],[-8.88289,41.88024],[-8.88312,41.8802],[-8.88307,41.88009],[-8.88284,41.88009]]],[[[-8.89818,42.10032],[-8.89804,42.10041],[-8.89833,42.10049],[-8.89834,42.10034],[-8.89818,42.10032]]],[[[-8.86279,42.30632],[-8.86276,42.3065],[-8.86293,42.30657],[-8.86296,42.30638],[-8.86279,42.30632]]],[[[-8.91742,42.44988],[-8.91755,42.45009],[-8.91771,42.45003],[-8.91758,42.44991],[-8.91742,42.44988]]],[[[-8.91193,42.19479],[-8.91201,42.19459],[-8.91174,42.19468],[-8.9118,42.1948],[-8.91193,42.19479]]],[[[-8.94517,42.38512],[-8.94512,42.38529],[-8.94529,42.3853],[-8.94536,42.38512],[-8.94517,42.38512]]],[[[-8.89267,42.49477],[-8.89254,42.49481],[-8.89256,42.49497],[-8.89281,42.49484],[-8.89267,42.49477]]],[[[-8.86359,42.30612],[-8.86357,42.30629],[-8.86381,42.30624],[-8.86381,42.30613],[-8.86359,42.30612]]],[[[-8.93898,42.45691],[-8.93886,42.45701],[-8.93911,42.45713],[-8.9391,42.45693],[-8.93898,42.45691]]],[[[-8.9474,42.37994],[-8.94736,42.38011],[-8.94748,42.38018],[-8.94755,42.37995],[-8.9474,42.37994]]],[[[-8.93987,42.47482],[-8.93984,42.47496],[-8.94009,42.47495],[-8.94006,42.47481],[-8.93987,42.47482]]],[[[-8.8285,42.30559],[-8.82842,42.30573],[-8.8287,42.3057],[-8.82867,42.30562],[-8.8285,42.30559]]],[[[-8.85889,42.29739],[-8.85886,42.29762],[-8.85897,42.29764],[-8.85902,42.29742],[-8.85889,42.29739]]],[[[-8.8618,42.28382],[-8.86179,42.28401],[-8.86196,42.28401],[-8.86198,42.28386],[-8.8618,42.28382]]],[[[-8.88521,41.88135],[-8.88514,41.8815],[-8.88541,41.88147],[-8.8854,41.88137],[-8.88521,41.88135]]],[[[-8.88867,41.9825],[-8.88875,41.98267],[-8.88895,41.98263],[-8.88885,41.98252],[-8.88867,41.9825]]],[[[-8.89631,42.4911],[-8.89636,42.49093],[-8.89613,42.49097],[-8.89619,42.49111],[-8.89631,42.4911]]],[[[-8.865,42.49871],[-8.86509,42.49887],[-8.86527,42.49876],[-8.86522,42.49869],[-8.865,42.49871]]],[[[-8.92154,42.40164],[-8.92146,42.40181],[-8.92162,42.40186],[-8.92171,42.40175],[-8.92154,42.40164]]],[[[-8.91258,42.39474],[-8.91246,42.39482],[-8.91248,42.39495],[-8.91271,42.39483],[-8.91258,42.39474]]],[[[-8.9201,42.45187],[-8.91996,42.45193],[-8.92001,42.45205],[-8.92024,42.45198],[-8.9201,42.45187]]],[[[-8.89438,42.49454],[-8.89432,42.4947],[-8.8946,42.49466],[-8.89461,42.49453],[-8.89438,42.49454]]],[[[-8.89754,42.08714],[-8.89761,42.08693],[-8.89743,42.08692],[-8.8974,42.08707],[-8.89754,42.08714]]],[[[-8.9355,42.45465],[-8.93554,42.45449],[-8.93532,42.45442],[-8.93527,42.45447],[-8.9355,42.45465]]],[[[-8.86856,42.14737],[-8.86865,42.14727],[-8.8684,42.14714],[-8.86844,42.1473],[-8.86856,42.14737]]],[[[-8.92861,42.4475],[-8.92864,42.44735],[-8.92839,42.44731],[-8.92846,42.44743],[-8.92861,42.4475]]],[[[-8.93969,42.47697],[-8.9398,42.4771],[-8.93998,42.47694],[-8.93992,42.47688],[-8.93969,42.47697]]],[[[-8.81787,42.18962],[-8.81795,42.18975],[-8.81823,42.18971],[-8.81805,42.18961],[-8.81787,42.18962]]],[[[-8.82624,42.34107],[-8.82618,42.34123],[-8.82643,42.34125],[-8.82639,42.34111],[-8.82624,42.34107]]],[[[-8.91742,42.45044],[-8.91738,42.45026],[-8.91725,42.45023],[-8.91723,42.45042],[-8.91742,42.45044]]],[[[-8.83288,42.56976],[-8.83299,42.56967],[-8.83262,42.56976],[-8.83263,42.56979],[-8.83288,42.56976]]],[[[-8.93991,42.45957],[-8.93997,42.45976],[-8.94007,42.45977],[-8.9401,42.45958],[-8.93991,42.45957]]],[[[-8.80387,42.19929],[-8.80379,42.19934],[-8.80395,42.1995],[-8.80405,42.19929],[-8.80387,42.19929]]],[[[-8.842,42.15873],[-8.84211,42.15897],[-8.84221,42.15894],[-8.84214,42.15872],[-8.842,42.15873]]],[[[-8.8736,42.14876],[-8.87378,42.14873],[-8.87352,42.14854],[-8.87349,42.14862],[-8.8736,42.14876]]],[[[-8.89775,42.23799],[-8.89762,42.23808],[-8.89798,42.23807],[-8.89798,42.23802],[-8.89775,42.23799]]],[[[-8.87733,41.8736],[-8.87735,41.87349],[-8.87707,41.87346],[-8.87713,41.87358],[-8.87733,41.8736]]],[[[-8.86366,42.30734],[-8.86372,42.30749],[-8.86391,42.30748],[-8.86388,42.30736],[-8.86366,42.30734]]],[[[-8.89887,42.11489],[-8.89886,42.11501],[-8.89912,42.11496],[-8.89904,42.11486],[-8.89887,42.11489]]],[[[-8.80276,42.34183],[-8.80274,42.34197],[-8.80287,42.34204],[-8.80292,42.34181],[-8.80276,42.34183]]],[[[-8.90185,42.11548],[-8.90181,42.1156],[-8.90208,42.11562],[-8.90203,42.11547],[-8.90185,42.11548]]],[[[-8.90396,42.24385],[-8.9038,42.24394],[-8.90384,42.24406],[-8.904,42.24404],[-8.90396,42.24385]]],[[[-8.82666,42.30397],[-8.82656,42.30406],[-8.82685,42.30403],[-8.82675,42.30392],[-8.82666,42.30397]]],[[[-8.88709,41.94376],[-8.88708,41.94385],[-8.88738,41.94385],[-8.88725,41.94374],[-8.88709,41.94376]]],[[[-8.88777,41.93491],[-8.88772,41.93509],[-8.88784,41.93512],[-8.88797,41.93499],[-8.88777,41.93491]]],[[[-8.81071,42.1916],[-8.81089,42.19166],[-8.81072,42.19136],[-8.81068,42.19141],[-8.81071,42.1916]]],[[[-8.89668,42.48986],[-8.89668,42.48969],[-8.89646,42.4897],[-8.89655,42.48987],[-8.89668,42.48986]]],[[[-8.90558,42.12054],[-8.90555,42.12065],[-8.90574,42.12069],[-8.90576,42.12049],[-8.90558,42.12054]]],[[[-8.93733,42.45619],[-8.93733,42.4563],[-8.93755,42.45629],[-8.93747,42.45612],[-8.93733,42.45619]]],[[[-8.89626,42.09732],[-8.89625,42.09748],[-8.89643,42.09751],[-8.89642,42.09736],[-8.89626,42.09732]]],[[[-8.94534,42.384],[-8.94537,42.38417],[-8.94554,42.38411],[-8.94552,42.38399],[-8.94534,42.384]]],[[[-8.93928,42.45518],[-8.93923,42.45534],[-8.93942,42.45529],[-8.93945,42.4552],[-8.93928,42.45518]]],[[[-8.81361,42.57864],[-8.81359,42.57876],[-8.81385,42.57872],[-8.81377,42.57863],[-8.81361,42.57864]]],[[[-8.85868,42.29863],[-8.85859,42.29877],[-8.85882,42.29878],[-8.85884,42.29865],[-8.85868,42.29863]]],[[[-8.87758,42.55743],[-8.87754,42.55759],[-8.87774,42.55758],[-8.87771,42.55744],[-8.87758,42.55743]]],[[[-8.8673,42.26151],[-8.86731,42.26173],[-8.86743,42.26176],[-8.86745,42.2616],[-8.8673,42.26151]]],[[[-8.77677,42.22091],[-8.77677,42.22099],[-8.77694,42.2211],[-8.77693,42.22089],[-8.77677,42.22091]]],[[[-8.93335,42.48058],[-8.93333,42.48069],[-8.9336,42.48066],[-8.93346,42.48053],[-8.93335,42.48058]]],[[[-8.84973,42.15775],[-8.84967,42.1579],[-8.84989,42.15788],[-8.84985,42.15774],[-8.84973,42.15775]]],[[[-8.93592,42.45503],[-8.93594,42.45518],[-8.93616,42.45509],[-8.93608,42.45499],[-8.93592,42.45503]]],[[[-8.8869,41.94707],[-8.88686,41.94718],[-8.88707,41.94725],[-8.88702,41.94705],[-8.8869,41.94707]]],[[[-8.93677,42.48104],[-8.93694,42.48113],[-8.93708,42.48104],[-8.93702,42.48098],[-8.93677,42.48104]]],[[[-8.90233,42.23998],[-8.90215,42.24004],[-8.90214,42.24013],[-8.90236,42.2401],[-8.90233,42.23998]]],[[[-8.94157,42.46575],[-8.94151,42.46589],[-8.94159,42.46595],[-8.94172,42.46587],[-8.94157,42.46575]]],[[[-8.86082,42.29426],[-8.86078,42.29439],[-8.861,42.29438],[-8.86101,42.29427],[-8.86082,42.29426]]],[[[-8.74293,42.27022],[-8.74302,42.27007],[-8.74291,42.26998],[-8.74282,42.27],[-8.74293,42.27022]]],[[[-8.87355,42.14728],[-8.87349,42.1474],[-8.8736,42.14747],[-8.87372,42.14735],[-8.87355,42.14728]]],[[[-8.84984,42.15757],[-8.84982,42.15743],[-8.84959,42.15743],[-8.84974,42.1576],[-8.84984,42.15757]]],[[[-8.74026,42.27043],[-8.74032,42.27054],[-8.74052,42.27051],[-8.74046,42.27041],[-8.74026,42.27043]]],[[[-8.80294,42.61021],[-8.80308,42.61022],[-8.80293,42.60995],[-8.80288,42.60996],[-8.80294,42.61021]]],[[[-8.82882,42.32302],[-8.82886,42.32316],[-8.82904,42.3231],[-8.82904,42.32302],[-8.82882,42.32302]]],[[[-8.94568,42.38289],[-8.94574,42.38273],[-8.94556,42.38271],[-8.94556,42.38285],[-8.94568,42.38289]]],[[[-8.76334,42.25507],[-8.76337,42.25493],[-8.76314,42.25494],[-8.76315,42.25502],[-8.76334,42.25507]]],[[[-8.93483,42.48186],[-8.93483,42.48203],[-8.93497,42.48205],[-8.93498,42.48185],[-8.93483,42.48186]]],[[[-8.93778,42.47753],[-8.93775,42.47771],[-8.93794,42.47763],[-8.93788,42.47751],[-8.93778,42.47753]]],[[[-8.91327,42.20394],[-8.91333,42.20406],[-8.91348,42.20401],[-8.91345,42.2039],[-8.91327,42.20394]]],[[[-8.90319,42.11265],[-8.90318,42.11282],[-8.90336,42.1127],[-8.9033,42.11256],[-8.90319,42.11265]]],[[[-8.80033,42.33868],[-8.80035,42.33881],[-8.80055,42.33879],[-8.80054,42.33868],[-8.80033,42.33868]]],[[[-8.93848,42.4783],[-8.93852,42.47819],[-8.93834,42.4781],[-8.93835,42.47829],[-8.93848,42.4783]]],[[[-8.80754,42.19561],[-8.80753,42.19583],[-8.80762,42.19584],[-8.80767,42.19566],[-8.80754,42.19561]]],[[[-8.93956,42.47645],[-8.93953,42.47661],[-8.93969,42.47658],[-8.9397,42.4764],[-8.93956,42.47645]]],[[[-8.7777,42.22614],[-8.77759,42.22617],[-8.7776,42.22629],[-8.77781,42.22625],[-8.7777,42.22614]]],[[[-8.74837,42.2678],[-8.74842,42.26766],[-8.74815,42.26768],[-8.74816,42.26777],[-8.74837,42.2678]]],[[[-8.77848,42.22834],[-8.77837,42.22841],[-8.77846,42.22852],[-8.7786,42.22844],[-8.77848,42.22834]]],[[[-8.8293,42.32319],[-8.82943,42.3231],[-8.82912,42.32304],[-8.82914,42.32311],[-8.8293,42.32319]]],[[[-8.86265,42.28278],[-8.86262,42.28293],[-8.86279,42.28291],[-8.86278,42.2828],[-8.86265,42.28278]]],[[[-8.94603,42.3828],[-8.94607,42.38293],[-8.94621,42.38292],[-8.94619,42.38277],[-8.94603,42.3828]]],[[[-8.77841,42.21713],[-8.77839,42.21727],[-8.77853,42.21729],[-8.77857,42.21716],[-8.77841,42.21713]]],[[[-8.91002,42.17782],[-8.91,42.1779],[-8.91028,42.17795],[-8.91024,42.17784],[-8.91002,42.17782]]],[[[-8.63165,42.31055],[-8.63169,42.31046],[-8.63145,42.31037],[-8.63145,42.31048],[-8.63165,42.31055]]],[[[-8.83451,42.34151],[-8.83446,42.34162],[-8.83469,42.34162],[-8.83466,42.34152],[-8.83451,42.34151]]],[[[-8.89164,42.49587],[-8.89149,42.49596],[-8.89151,42.49601],[-8.89177,42.49595],[-8.89164,42.49587]]],[[[-8.93664,42.48076],[-8.93661,42.48089],[-8.93687,42.48078],[-8.93682,42.48074],[-8.93664,42.48076]]],[[[-8.93879,42.45566],[-8.93883,42.45557],[-8.93875,42.45547],[-8.93862,42.45564],[-8.93879,42.45566]]],[[[-8.89678,42.4938],[-8.89664,42.49367],[-8.89656,42.49378],[-8.89663,42.49387],[-8.89678,42.4938]]],[[[-8.93812,42.4783],[-8.93809,42.47841],[-8.93825,42.47843],[-8.93822,42.47825],[-8.93812,42.4783]]],[[[-8.9393,42.47639],[-8.93939,42.4765],[-8.93946,42.47632],[-8.93939,42.4763],[-8.9393,42.47639]]],[[[-8.83328,42.28643],[-8.83343,42.2864],[-8.83342,42.28631],[-8.8332,42.2863],[-8.83328,42.28643]]],[[[-8.93312,42.48001],[-8.93321,42.48015],[-8.93343,42.48006],[-8.93321,42.48001],[-8.93312,42.48001]]],[[[-8.80424,42.19959],[-8.80436,42.19958],[-8.80439,42.19943],[-8.80418,42.19946],[-8.80424,42.19959]]],[[[-8.86698,42.26086],[-8.86688,42.26097],[-8.86707,42.26101],[-8.8671,42.26093],[-8.86698,42.26086]]],[[[-8.8987,42.08519],[-8.89878,42.08517],[-8.8988,42.08501],[-8.89864,42.08501],[-8.8987,42.08519]]],[[[-8.83559,42.34134],[-8.83555,42.3415],[-8.83572,42.34149],[-8.83574,42.34137],[-8.83559,42.34134]]],[[[-8.91752,42.4496],[-8.91765,42.44971],[-8.91776,42.4496],[-8.9176,42.44956],[-8.91752,42.4496]]],[[[-8.93909,42.47632],[-8.93908,42.47648],[-8.93924,42.47626],[-8.93915,42.47625],[-8.93909,42.47632]]],[[[-8.92159,42.45093],[-8.92158,42.45079],[-8.92139,42.45081],[-8.92147,42.45094],[-8.92159,42.45093]]],[[[-8.86707,42.26128],[-8.86719,42.26125],[-8.86721,42.26117],[-8.86694,42.2612],[-8.86707,42.26128]]],[[[-8.75466,42.35055],[-8.7546,42.35065],[-8.75484,42.35063],[-8.75476,42.35054],[-8.75466,42.35055]]],[[[-8.93855,42.47873],[-8.93868,42.47861],[-8.93847,42.47857],[-8.93848,42.47866],[-8.93855,42.47873]]],[[[-8.86046,42.29072],[-8.86032,42.29074],[-8.86033,42.29082],[-8.86055,42.2908],[-8.86046,42.29072]]],[[[-8.80733,42.19562],[-8.80731,42.19576],[-8.8074,42.19582],[-8.80744,42.19562],[-8.80733,42.19562]]],[[[-8.93903,42.45549],[-8.939,42.45565],[-8.93905,42.45566],[-8.93919,42.45548],[-8.93903,42.45549]]],[[[-8.8477,42.14858],[-8.84759,42.14865],[-8.84763,42.14872],[-8.84783,42.14865],[-8.8477,42.14858]]],[[[-8.82597,42.34225],[-8.826,42.34233],[-8.82619,42.34228],[-8.82602,42.34216],[-8.82597,42.34225]]],[[[-8.91052,42.17828],[-8.91049,42.17845],[-8.9106,42.1785],[-8.9106,42.17822],[-8.91052,42.17828]]],[[[-8.79996,42.33853],[-8.7999,42.33865],[-8.79997,42.33872],[-8.80009,42.33859],[-8.79996,42.33853]]],[[[-8.89551,42.08362],[-8.89563,42.08371],[-8.89574,42.08364],[-8.8957,42.08357],[-8.89551,42.08362]]],[[[-8.77905,42.21896],[-8.77909,42.21906],[-8.77924,42.21897],[-8.77912,42.21888],[-8.77905,42.21896]]],[[[-8.89685,42.0957],[-8.8969,42.09585],[-8.89702,42.09583],[-8.89701,42.09571],[-8.89685,42.0957]]],[[[-8.70425,42.2591],[-8.70426,42.25923],[-8.70445,42.25917],[-8.70437,42.25909],[-8.70425,42.2591]]],[[[-8.89666,42.49019],[-8.8965,42.49015],[-8.8964,42.49023],[-8.89663,42.4903],[-8.89666,42.49019]]],[[[-8.86878,42.14825],[-8.86869,42.14836],[-8.86892,42.14833],[-8.86894,42.14824],[-8.86878,42.14825]]],[[[-8.7384,42.37606],[-8.73845,42.37618],[-8.73862,42.37617],[-8.73861,42.37612],[-8.7384,42.37606]]],[[[-8.93815,42.47894],[-8.93815,42.47888],[-8.93791,42.47891],[-8.93792,42.47898],[-8.93815,42.47894]]],[[[-8.8075,42.33905],[-8.8075,42.33917],[-8.80766,42.33917],[-8.80768,42.33906],[-8.8075,42.33905]]],[[[-8.85303,42.14527],[-8.85302,42.14513],[-8.85286,42.14515],[-8.85292,42.14526],[-8.85303,42.14527]]],[[[-8.85825,42.30775],[-8.8582,42.30788],[-8.85838,42.30788],[-8.85839,42.30775],[-8.85825,42.30775]]],[[[-8.93993,42.46768],[-8.93989,42.46781],[-8.94002,42.46783],[-8.94006,42.46767],[-8.93993,42.46768]]],[[[-8.86484,42.49937],[-8.8646,42.49934],[-8.86458,42.49943],[-8.86484,42.49944],[-8.86484,42.49937]]],[[[-8.87863,42.50048],[-8.87868,42.50037],[-8.87855,42.50026],[-8.87854,42.50042],[-8.87863,42.50048]]],[[[-8.79825,42.33848],[-8.79824,42.33864],[-8.79837,42.33864],[-8.79839,42.33852],[-8.79825,42.33848]]],[[[-8.85014,42.15706],[-8.85019,42.15693],[-8.85001,42.15694],[-8.85008,42.15705],[-8.85014,42.15706]]],[[[-8.8609,42.28508],[-8.86091,42.28521],[-8.86103,42.2852],[-8.861,42.28504],[-8.8609,42.28508]]],[[[-8.90088,42.09442],[-8.90089,42.09434],[-8.90067,42.09438],[-8.90068,42.09448],[-8.90088,42.09442]]],[[[-8.82409,42.57935],[-8.82408,42.57954],[-8.82416,42.57959],[-8.82418,42.57943],[-8.82409,42.57935]]],[[[-8.93754,42.47813],[-8.93751,42.47802],[-8.93735,42.47807],[-8.93746,42.47818],[-8.93754,42.47813]]],[[[-8.85013,42.15348],[-8.8502,42.15362],[-8.85034,42.15357],[-8.85026,42.15348],[-8.85013,42.15348]]],[[[-8.83586,42.34122],[-8.83584,42.34137],[-8.83597,42.34136],[-8.83599,42.34125],[-8.83586,42.34122]]],[[[-8.84271,42.15812],[-8.84265,42.15797],[-8.84255,42.15796],[-8.8426,42.15812],[-8.84271,42.15812]]],[[[-8.84026,42.33854],[-8.84028,42.33845],[-8.84006,42.33851],[-8.84013,42.33856],[-8.84026,42.33854]]],[[[-8.75483,42.35011],[-8.75483,42.35023],[-8.75488,42.35029],[-8.75496,42.3501],[-8.75483,42.35011]]],[[[-8.79448,42.24602],[-8.79442,42.24609],[-8.79457,42.24616],[-8.79459,42.24605],[-8.79448,42.24602]]],[[[-8.85836,42.29997],[-8.85836,42.29984],[-8.85821,42.29989],[-8.85822,42.29995],[-8.85836,42.29997]]],[[[-8.77293,42.22353],[-8.7729,42.22363],[-8.77302,42.22368],[-8.77305,42.22354],[-8.77293,42.22353]]],[[[-8.86042,42.29096],[-8.86045,42.29105],[-8.86063,42.29105],[-8.86059,42.29096],[-8.86042,42.29096]]],[[[-8.82195,42.34208],[-8.822,42.3422],[-8.82214,42.34211],[-8.82211,42.34207],[-8.82195,42.34208]]],[[[-8.93781,42.47786],[-8.93777,42.47798],[-8.93795,42.47794],[-8.93793,42.47784],[-8.93781,42.47786]]],[[[-8.90293,42.11606],[-8.90296,42.1162],[-8.90306,42.11617],[-8.90303,42.11603],[-8.90293,42.11606]]],[[[-8.8593,42.29672],[-8.85923,42.29665],[-8.85907,42.29665],[-8.8591,42.29675],[-8.8593,42.29672]]],[[[-8.76407,42.25817],[-8.76416,42.25809],[-8.76395,42.25805],[-8.76396,42.25813],[-8.76407,42.25817]]],[[[-8.81033,42.19194],[-8.81019,42.19209],[-8.81021,42.19215],[-8.81041,42.19199],[-8.81033,42.19194]]],[[[-8.80068,42.33882],[-8.8006,42.33893],[-8.80076,42.33895],[-8.80081,42.33885],[-8.80068,42.33882]]],[[[-8.8603,42.2911],[-8.86029,42.29122],[-8.86046,42.29121],[-8.86045,42.29114],[-8.8603,42.2911]]],[[[-8.85826,42.3002],[-8.85824,42.30029],[-8.8584,42.30031],[-8.85838,42.30018],[-8.85826,42.3002]]],[[[-8.81019,42.19187],[-8.81022,42.19173],[-8.81006,42.19179],[-8.81011,42.19188],[-8.81019,42.19187]]],[[[-8.81057,42.1919],[-8.81057,42.19199],[-8.81067,42.19197],[-8.81067,42.19182],[-8.81057,42.1919]]],[[[-8.82424,42.57957],[-8.82423,42.57969],[-8.82433,42.57973],[-8.82435,42.57961],[-8.82424,42.57957]]],[[[-8.77282,42.22405],[-8.77288,42.22418],[-8.77299,42.22412],[-8.77294,42.22404],[-8.77282,42.22405]]],[[[-8.89502,42.08488],[-8.89507,42.08485],[-8.895,42.08468],[-8.89494,42.08482],[-8.89502,42.08488]]],[[[-8.83844,42.2929],[-8.83833,42.29291],[-8.83824,42.29298],[-8.83837,42.29301],[-8.83844,42.2929]]],[[[-8.77609,42.38775],[-8.77604,42.38784],[-8.77613,42.3879],[-8.77623,42.38775],[-8.77609,42.38775]]],[[[-8.94549,42.38439],[-8.94539,42.38449],[-8.94543,42.38452],[-8.94562,42.38438],[-8.94549,42.38439]]],[[[-8.93425,42.47999],[-8.93425,42.48006],[-8.93445,42.48007],[-8.93445,42.48001],[-8.93425,42.47999]]],[[[-8.82634,42.30383],[-8.82628,42.30393],[-8.82629,42.30399],[-8.82642,42.30393],[-8.82634,42.30383]]],[[[-8.8664,42.49929],[-8.86641,42.49943],[-8.86652,42.49941],[-8.86653,42.49933],[-8.8664,42.49929]]],[[[-8.81051,42.19647],[-8.81044,42.19652],[-8.81044,42.1967],[-8.81053,42.19664],[-8.81051,42.19647]]],[[[-8.91012,42.24961],[-8.91009,42.24975],[-8.91013,42.2498],[-8.9102,42.24961],[-8.91012,42.24961]]],[[[-8.773,42.22388],[-8.77307,42.22384],[-8.77282,42.2238],[-8.7729,42.22389],[-8.773,42.22388]]],[[[-8.81303,42.33854],[-8.81308,42.33845],[-8.813,42.3384],[-8.81292,42.33846],[-8.81303,42.33854]]],[[[-8.80861,42.33988],[-8.80863,42.33978],[-8.80846,42.33978],[-8.80851,42.33987],[-8.80861,42.33988]]],[[[-8.85801,42.30006],[-8.85797,42.30014],[-8.85809,42.30019],[-8.85815,42.30008],[-8.85801,42.30006]]],[[[-8.94389,42.4661],[-8.94385,42.46618],[-8.94409,42.46615],[-8.94401,42.46608],[-8.94389,42.4661]]],[[[-8.86015,42.29123],[-8.86006,42.29133],[-8.8602,42.29137],[-8.86021,42.29124],[-8.86015,42.29123]]],[[[-8.83352,42.34249],[-8.83359,42.34259],[-8.83363,42.34245],[-8.83361,42.34242],[-8.83352,42.34249]]],[[[-8.93791,42.47844],[-8.93788,42.47853],[-8.9379,42.4786],[-8.938,42.47847],[-8.93791,42.47844]]],[[[-8.81915,42.30509],[-8.81921,42.305],[-8.81904,42.30498],[-8.81909,42.3051],[-8.81915,42.30509]]],[[[-8.82656,42.58122],[-8.82652,42.58129],[-8.82669,42.58129],[-8.82661,42.58119],[-8.82656,42.58122]]],[[[-8.90901,42.21856],[-8.90898,42.21864],[-8.90911,42.21869],[-8.90914,42.21862],[-8.90901,42.21856]]],[[[-8.83657,42.29142],[-8.8365,42.2915],[-8.83671,42.29149],[-8.83671,42.29145],[-8.83657,42.29142]]],[[[-8.77278,42.38885],[-8.77273,42.38894],[-8.77283,42.38898],[-8.77287,42.38885],[-8.77278,42.38885]]],[[[-8.83655,42.2917],[-8.83648,42.29173],[-8.83646,42.29179],[-8.83665,42.29171],[-8.83655,42.2917]]],[[[-8.82295,42.30108],[-8.82291,42.30118],[-8.82297,42.30121],[-8.82305,42.30111],[-8.82295,42.30108]]],[[[-8.79752,42.33664],[-8.7974,42.33656],[-8.79738,42.33665],[-8.79748,42.3367],[-8.79752,42.33664]]],[[[-8.88145,41.99838],[-8.88137,41.99828],[-8.88129,41.9983],[-8.88136,41.99839],[-8.88145,41.99838]]],[[[-8.93993,42.46792],[-8.93996,42.468],[-8.94008,42.46792],[-8.94001,42.46787],[-8.93993,42.46792]]],[[[-8.74821,42.26806],[-8.74823,42.26815],[-8.74835,42.26815],[-8.74833,42.26806],[-8.74821,42.26806]]],[[[-8.86009,42.2908],[-8.86005,42.29089],[-8.86014,42.29093],[-8.86018,42.29087],[-8.86009,42.2908]]],[[[-8.9111,42.17957],[-8.91113,42.17965],[-8.91128,42.17962],[-8.91118,42.17955],[-8.9111,42.17957]]],[[[-8.80356,42.60972],[-8.80356,42.60982],[-8.8037,42.60977],[-8.80369,42.60973],[-8.80356,42.60972]]],[[[-8.85978,42.14771],[-8.85972,42.14764],[-8.8596,42.14767],[-8.85963,42.14774],[-8.85978,42.14771]]],[[[-8.86013,42.29587],[-8.86018,42.29595],[-8.86029,42.29592],[-8.86025,42.29585],[-8.86013,42.29587]]],[[[-8.91102,42.17838],[-8.91091,42.17833],[-8.91086,42.17843],[-8.91093,42.17845],[-8.91102,42.17838]]],[[[-8.8297,42.32252],[-8.82967,42.32261],[-8.82982,42.32256],[-8.82982,42.32253],[-8.8297,42.32252]]],[[[-8.82931,42.34081],[-8.82924,42.34087],[-8.82945,42.34086],[-8.82934,42.34081],[-8.82931,42.34081]]],[[[-8.81055,42.19165],[-8.81058,42.19154],[-8.81048,42.19146],[-8.81051,42.19164],[-8.81055,42.19165]]],[[[-8.83911,42.15883],[-8.83908,42.15872],[-8.83898,42.15875],[-8.839,42.15881],[-8.83911,42.15883]]],[[[-8.91147,42.17908],[-8.91141,42.17901],[-8.9113,42.17909],[-8.91138,42.17913],[-8.91147,42.17908]]],[[[-8.93972,42.46756],[-8.93972,42.46764],[-8.93985,42.46763],[-8.9398,42.46753],[-8.93972,42.46756]]],[[[-8.80325,42.61001],[-8.80321,42.60991],[-8.80315,42.6099],[-8.80314,42.60999],[-8.80325,42.61001]]],[[[-8.77251,42.38895],[-8.77248,42.38905],[-8.77254,42.38908],[-8.7726,42.38896],[-8.77251,42.38895]]],[[[-8.82565,42.34237],[-8.82564,42.34244],[-8.8258,42.3424],[-8.82578,42.34236],[-8.82565,42.34237]]],[[[-8.8589,42.2937],[-8.85894,42.29364],[-8.85891,42.29357],[-8.85882,42.29363],[-8.8589,42.2937]]],[[[-8.83689,42.29146],[-8.83682,42.29148],[-8.83684,42.29154],[-8.83694,42.29154],[-8.83689,42.29146]]],[[[-8.83862,42.29309],[-8.83859,42.29303],[-8.83847,42.29304],[-8.83848,42.29309],[-8.83862,42.29309]]],[[[-8.82367,42.57895],[-8.82364,42.57904],[-8.82368,42.57906],[-8.82376,42.57899],[-8.82367,42.57895]]],[[[-8.81922,42.3048],[-8.8193,42.30472],[-8.81927,42.30471],[-8.81916,42.30473],[-8.81922,42.3048]]],[[[-8.81031,42.19146],[-8.81031,42.19153],[-8.81036,42.19156],[-8.81039,42.19147],[-8.81031,42.19146]]],[[[-8.83682,42.29166],[-8.83681,42.29174],[-8.83689,42.29174],[-8.83687,42.29166],[-8.83682,42.29166]]],[[[-8.77204,42.38898],[-8.77203,42.38901],[-8.77216,42.38904],[-8.77215,42.38898],[-8.77204,42.38898]]],[[[-8.77234,42.38895],[-8.77232,42.38897],[-8.77239,42.38905],[-8.7724,42.38895],[-8.77234,42.38895]]],[[[-8.83035,42.34469],[-8.83028,42.34466],[-8.83025,42.34473],[-8.8303,42.34474],[-8.83035,42.34469]]],[[[-8.8773,41.87361],[-8.87728,41.87362],[-8.87732,41.87361],[-8.8773,41.87361]]]]},"properties":{"code":"ES-36","nom":"Pontevedra","country":"ES"}},{"type":"Feature","geometry":{"type":"MultiPolygon","coordinates":[[[[-3.59024,43.51356],[-3.73462,43.45928],[-3.77718,43.45822],[-3.74613,43.45153],[-3.76526,43.44628],[-3.77611,43.44941],[-3.79128,43.43221],[-3.77914,43.42097],[-3.81602,43.40181],[-3.82271,43.41358],[-3.80372,43.42661],[-3.83069,43.43516],[-3.81515,43.43701],[-3.82534,43.45167],[-3.81433,43.44947],[-3.76329,43.4672],[-3.7852,43.49177],[-3.89493,43.47083],[-3.94555,43.47115],[-3.9571,43.45582],[-3.97869,43.44087],[-4.08123,43.43832],[-4.17523,43.40105],[-4.28025,43.388],[-4.32802,43.39125],[-4.34067,43.40587],[-4.38936,43.38992],[-4.5115,43.39366],[-4.53881,43.35593],[-4.52235,43.33578],[-4.52351,43.27817],[-4.54777,43.26869],[-4.55524,43.2881],[-4.60655,43.30055],[-4.63188,43.26765],[-4.73095,43.25734],[-4.7196,43.23645],[-4.73416,43.18988],[-4.84807,43.17814],[-4.83457,43.15746],[-4.85143,43.12595],[-4.8169,43.09266],[-4.7665,43.07455],[-4.76611,43.05563],[-4.74399,43.05645],[-4.74326,43.02816],[-4.72282,43.01724],[-4.63813,43.01667],[-4.60608,43.03577],[-4.55845,43.01951],[-4.52093,43.04737],[-4.47571,43.0387],[-4.46275,43.06054],[-4.44755,43.05854],[-4.39811,43.03487],[-4.34849,42.97258],[-4.24025,42.95653],[-4.21423,42.84717],[-4.1499,42.87113],[-4.12612,42.85664],[-4.14045,42.829],[-4.15809,42.83766],[-4.18543,42.8173],[-4.14992,42.78931],[-4.10517,42.79303],[-4.08134,42.76146],[-4.05469,42.76303],[-4.00356,42.83141],[-3.99965,42.76898],[-3.97729,42.75805],[-3.91095,42.76839],[-3.89445,42.80454],[-3.86204,42.78652],[-3.81603,42.81056],[-3.83479,42.87736],[-3.86374,42.88981],[-3.87982,42.85133],[-3.91483,42.86008],[-3.89747,42.88029],[-3.92435,42.88922],[-3.89293,42.88736],[-3.90782,42.91452],[-3.86681,42.89923],[-3.83057,42.9292],[-3.86709,42.95483],[-3.93354,42.8996],[-3.92964,42.9147],[-3.97372,42.91192],[-3.99098,42.93109],[-3.953,43.0001],[-3.90926,43.0161],[-3.89075,43.04183],[-3.84987,43.04022],[-3.83177,43.06383],[-3.84696,43.0844],[-3.76457,43.08103],[-3.75488,43.10055],[-3.70468,43.11628],[-3.65102,43.18104],[-3.61245,43.16952],[-3.60354,43.14964],[-3.41765,43.13343],[-3.44906,43.23591],[-3.34013,43.27803],[-3.33241,43.30188],[-3.27945,43.29005],[-3.22523,43.30894],[-3.20951,43.28354],[-3.15152,43.30685],[-3.15329,43.35332],[-3.21189,43.37484],[-3.22589,43.38761],[-3.22129,43.3939],[-3.32076,43.40279],[-3.32379,43.41916],[-3.42524,43.41325],[-3.45005,43.43606],[-3.46472,43.40394],[-3.46357,43.43128],[-3.49168,43.4248],[-3.46497,43.4446],[-3.42978,43.44101],[-3.43088,43.462],[-3.49783,43.47224],[-3.54634,43.50771],[-3.59024,43.51356]],[[-4.1106,42.82385],[-4.08852,42.81849],[-4.08906,42.79989],[-4.10438,42.7972],[-4.1106,42.82385]],[[-4.17462,42.82308],[-4.16308,42.82095],[-4.1611,42.81312],[-4.17456,42.81162],[-4.17462,42.82308]],[[-3.77083,43.46516],[-3.7716,43.46487],[-3.77201,43.4652],[-3.77023,43.46592],[-3.77083,43.46516]],[[-3.94254,43.47098],[-3.94203,43.47099],[-3.94185,43.47058],[-3.94329,43.47074],[-3.94254,43.47098]],[[-3.53084,43.49271],[-3.53117,43.49309],[-3.53105,43.49324],[-3.53059,43.49302],[-3.53084,43.49271]],[[-3.33469,43.41519],[-3.33501,43.41518],[-3.33528,43.4152],[-3.33476,43.41537],[-3.33469,43.41519]],[[-3.509,43.47812],[-3.50909,43.478],[-3.50939,43.47823],[-3.50917,43.47839],[-3.509,43.47812]],[[-3.62377,43.49824],[-3.624,43.49825],[-3.62385,43.4986],[-3.62373,43.49846],[-3.62377,43.49824]],[[-3.50834,43.47867],[-3.50842,43.47851],[-3.50869,43.47869],[-3.50854,43.47879],[-3.50834,43.47867]],[[-3.63041,43.49771],[-3.6302,43.49815],[-3.63006,43.49809],[-3.63008,43.49803],[-3.63041,43.49771]],[[-3.77697,43.47276],[-3.77718,43.47273],[-3.77755,43.4728],[-3.77701,43.47284],[-3.77697,43.47276]],[[-3.50971,43.47819],[-3.50985,43.47803],[-3.50994,43.47831],[-3.50976,43.47834],[-3.50971,43.47819]],[[-3.57389,43.50748],[-3.57401,43.50764],[-3.57375,43.50769],[-3.57383,43.50757],[-3.57389,43.50748]],[[-3.63093,43.49739],[-3.63102,43.49737],[-3.6306,43.49772],[-3.63068,43.49752],[-3.63093,43.49739]],[[-3.63101,43.4977],[-3.63114,43.49768],[-3.63091,43.49802],[-3.63089,43.49791],[-3.63101,43.4977]],[[-3.6283,43.49764],[-3.62861,43.49751],[-3.62846,43.49768],[-3.6283,43.49764]]],[[[-3.26022,43.26358],[-3.3046,43.25869],[-3.28581,43.1979],[-3.26519,43.20577],[-3.26977,43.23205],[-3.24942,43.25966],[-3.26022,43.26358]]],[[[-3.72911,43.47631],[-3.73178,43.47287],[-3.73047,43.47007],[-3.72746,43.47134],[-3.72911,43.47631]]],[[[-4.02514,43.45329],[-4.02644,43.45307],[-4.02096,43.45282],[-4.022,43.45318],[-4.02514,43.45329]]],[[[-4.50026,43.39616],[-4.49939,43.39734],[-4.50144,43.39719],[-4.50081,43.39618],[-4.50026,43.39616]]],[[[-3.52765,43.49656],[-3.52829,43.49702],[-3.52925,43.49616],[-3.52757,43.4952],[-3.52765,43.49656]]],[[[-3.75548,43.47355],[-3.75685,43.47291],[-3.75542,43.47227],[-3.75461,43.47318],[-3.75548,43.47355]]],[[[-4.48299,43.39607],[-4.48271,43.39633],[-4.48442,43.39554],[-4.48204,43.39571],[-4.48299,43.39607]]],[[[-3.31329,43.40504],[-3.31298,43.40658],[-3.31386,43.40589],[-3.3137,43.40499],[-3.31329,43.40504]]],[[[-3.9334,43.47328],[-3.93414,43.47312],[-3.93283,43.47271],[-3.93287,43.47327],[-3.9334,43.47328]]],[[[-4.02147,43.45118],[-4.02233,43.45115],[-4.02265,43.45119],[-4.02083,43.45057],[-4.02147,43.45118]]],[[[-3.91621,43.47488],[-3.91486,43.47542],[-3.91458,43.47579],[-3.91606,43.47541],[-3.91621,43.47488]]],[[[-3.25529,43.40289],[-3.25685,43.40338],[-3.25744,43.40334],[-3.256,43.40287],[-3.25529,43.40289]]],[[[-3.91961,43.47371],[-3.91892,43.47393],[-3.91831,43.47422],[-3.92016,43.47366],[-3.91961,43.47371]]],[[[-3.7942,43.4181],[-3.7946,43.41846],[-3.79542,43.41828],[-3.79524,43.41802],[-3.7942,43.4181]]],[[[-3.93163,43.47348],[-3.93264,43.47355],[-3.93274,43.47319],[-3.93203,43.47287],[-3.93163,43.47348]]],[[[-3.91752,43.47443],[-3.91688,43.47463],[-3.91661,43.47485],[-3.91722,43.47498],[-3.91752,43.47443]]],[[[-4.01319,43.45235],[-4.01309,43.45296],[-4.01391,43.45272],[-4.0139,43.45255],[-4.01319,43.45235]]],[[[-3.926,43.47427],[-3.92658,43.47412],[-3.92652,43.47382],[-3.92561,43.47395],[-3.926,43.47427]]],[[[-3.79142,43.42999],[-3.79206,43.43032],[-3.79239,43.43028],[-3.79189,43.42988],[-3.79142,43.42999]]],[[[-3.21838,43.38654],[-3.21777,43.38667],[-3.21766,43.38674],[-3.21909,43.38667],[-3.21838,43.38654]]],[[[-3.93922,43.47204],[-3.93922,43.47256],[-3.93947,43.47255],[-3.93967,43.47214],[-3.93922,43.47204]]],[[[-3.40471,43.41755],[-3.40556,43.4176],[-3.40577,43.41736],[-3.40515,43.41733],[-3.40471,43.41755]]],[[[-3.91757,43.47664],[-3.91735,43.47678],[-3.91712,43.47697],[-3.91773,43.47703],[-3.91757,43.47664]]],[[[-4.01554,43.45272],[-4.01594,43.45318],[-4.01617,43.45312],[-4.01614,43.45279],[-4.01554,43.45272]]],[[[-3.52154,43.49595],[-3.52195,43.49585],[-3.5217,43.49523],[-3.52124,43.49569],[-3.52154,43.49595]]],[[[-3.52483,43.49652],[-3.52484,43.49693],[-3.52522,43.49686],[-3.52504,43.49644],[-3.52483,43.49652]]],[[[-3.315,43.40642],[-3.31535,43.40673],[-3.31552,43.40637],[-3.31524,43.4062],[-3.315,43.40642]]],[[[-3.94619,43.47042],[-3.9461,43.47073],[-3.94643,43.47093],[-3.9466,43.4705],[-3.94619,43.47042]]],[[[-4.47604,43.39572],[-4.47577,43.39582],[-4.47633,43.39604],[-4.47634,43.39573],[-4.47604,43.39572]]],[[[-3.40865,43.41696],[-3.40864,43.41719],[-3.40916,43.41745],[-3.40885,43.41691],[-3.40865,43.41696]]],[[[-3.91391,43.47608],[-3.91384,43.47641],[-3.91419,43.47631],[-3.91419,43.47609],[-3.91391,43.47608]]],[[[-3.49941,43.47634],[-3.49984,43.4763],[-3.49989,43.47616],[-3.49951,43.47601],[-3.49941,43.47634]]],[[[-4.02136,43.45232],[-4.02103,43.45238],[-4.02214,43.45235],[-4.0217,43.45229],[-4.02136,43.45232]]],[[[-3.65373,43.49438],[-3.65397,43.49459],[-3.65402,43.49405],[-3.65379,43.49416],[-3.65373,43.49438]]],[[[-3.9384,43.47147],[-3.93862,43.47168],[-3.93884,43.47162],[-3.93872,43.47138],[-3.9384,43.47147]]],[[[-3.41007,43.41806],[-3.41017,43.41851],[-3.41034,43.41851],[-3.4105,43.41822],[-3.41007,43.41806]]],[[[-4.0157,43.4523],[-4.01614,43.45235],[-4.01619,43.4522],[-4.01574,43.45214],[-4.0157,43.4523]]],[[[-3.82979,43.48778],[-3.8295,43.4879],[-3.82962,43.48807],[-3.82995,43.48787],[-3.82979,43.48778]]],[[[-3.7967,43.4336],[-3.7967,43.43377],[-3.79707,43.43362],[-3.79682,43.4335],[-3.7967,43.4336]]],[[[-3.40916,43.41758],[-3.40973,43.41791],[-3.40982,43.41785],[-3.40934,43.41756],[-3.40916,43.41758]]],[[[-3.81307,43.49449],[-3.81287,43.49467],[-3.8129,43.49475],[-3.81332,43.49448],[-3.81307,43.49449]]],[[[-3.67473,43.48476],[-3.67484,43.48484],[-3.67522,43.4848],[-3.67492,43.48458],[-3.67473,43.48476]]],[[[-3.29302,43.40731],[-3.29305,43.40747],[-3.29338,43.40752],[-3.29331,43.40736],[-3.29302,43.40731]]],[[[-3.95226,43.46265],[-3.95205,43.46279],[-3.95244,43.46285],[-3.95247,43.46265],[-3.95226,43.46265]]],[[[-3.24687,43.39889],[-3.24705,43.39911],[-3.24722,43.39904],[-3.24718,43.3989],[-3.24687,43.39889]]],[[[-4.38907,43.3949],[-4.38916,43.39503],[-4.38949,43.39476],[-4.38907,43.3949]]],[[[-3.94768,43.46994],[-3.94758,43.47005],[-3.94774,43.47025],[-3.94793,43.46999],[-3.94768,43.46994]]],[[[-3.41969,43.41404],[-3.4198,43.4144],[-3.41991,43.41439],[-3.41985,43.41399],[-3.41969,43.41404]]],[[[-3.77959,43.48579],[-3.77934,43.48594],[-3.77932,43.48601],[-3.77978,43.48588],[-3.77959,43.48579]]],[[[-3.92445,43.47415],[-3.92436,43.47428],[-3.9246,43.47437],[-3.92465,43.47416],[-3.92445,43.47415]]],[[[-3.65508,43.49331],[-3.65532,43.49347],[-3.65542,43.49349],[-3.65538,43.49325],[-3.65508,43.49331]]],[[[-3.50285,43.47722],[-3.50302,43.47731],[-3.5034,43.47721],[-3.50316,43.47718],[-3.50285,43.47722]]],[[[-4.38976,43.39479],[-4.38974,43.39495],[-4.39004,43.39478],[-4.38985,43.39473],[-4.38976,43.39479]]],[[[-3.50076,43.47488],[-3.50057,43.475],[-3.50061,43.47508],[-3.50093,43.47492],[-3.50076,43.47488]]],[[[-3.52463,43.49795],[-3.52456,43.49806],[-3.52479,43.49814],[-3.52476,43.49787],[-3.52463,43.49795]]],[[[-3.31461,43.40681],[-3.31468,43.40696],[-3.31491,43.40696],[-3.31476,43.40677],[-3.31461,43.40681]]],[[[-3.6723,43.48638],[-3.67243,43.48644],[-3.67263,43.4863],[-3.67245,43.48624],[-3.6723,43.48638]]],[[[-3.65505,43.49428],[-3.65507,43.49442],[-3.65517,43.49444],[-3.65514,43.49417],[-3.65505,43.49428]]],[[[-3.75361,43.47359],[-3.75374,43.47371],[-3.75386,43.47371],[-3.75377,43.47355],[-3.75361,43.47359]]],[[[-3.52358,43.49576],[-3.52379,43.49573],[-3.52374,43.49562],[-3.52363,43.49561],[-3.52358,43.49576]]],[[[-3.67267,43.48607],[-3.67285,43.48614],[-3.6729,43.48604],[-3.6728,43.48595],[-3.67267,43.48607]]],[[[-3.24742,43.39916],[-3.24762,43.39927],[-3.24766,43.39916],[-3.24758,43.39914],[-3.24742,43.39916]]],[[[-3.76831,43.46442],[-3.76843,43.46446],[-3.7685,43.46431],[-3.76831,43.46442]]],[[[-4.46373,43.39335],[-4.46377,43.3935],[-4.46394,43.3933],[-4.46373,43.39335]]],[[[-3.67581,43.48367],[-3.6758,43.48374],[-3.67598,43.48374],[-3.6759,43.48366],[-3.67581,43.48367]]]]},"properties":{"code":"ES-39","nom":"Cantabria","country":"ES"}},{"type":"Feature","geometry":{"type":"MultiPolygon","coordinates":[[[[-4.40658,37.27412],[-4.445,37.27759],[-4.46414,37.25208],[-4.48572,37.25198],[-4.47755,37.24473],[-4.49808,37.22333],[-4.57621,37.20916],[-4.6023,37.20924],[-4.61419,37.25542],[-4.71969,37.2597],[-4.73574,37.24484],[-4.71795,37.23989],[-4.73231,37.22615],[-4.70861,37.1977],[-4.79371,37.15356],[-4.82591,37.2007],[-4.85386,37.19859],[-4.8755,37.15819],[-4.89762,37.15603],[-4.90511,37.18187],[-4.9396,37.1757],[-4.94266,37.15759],[-4.90331,37.13879],[-4.90837,37.11465],[-5.05309,37.0306],[-5.12075,37.02847],[-5.14231,37.00583],[-5.09558,36.96829],[-5.11012,36.95933],[-5.08677,36.90509],[-5.10508,36.89794],[-5.13329,36.8391],[-5.17226,36.82351],[-5.26978,36.88421],[-5.30158,36.86964],[-5.34071,36.81942],[-5.31982,36.78673],[-5.29094,36.77517],[-5.32463,36.72401],[-5.32403,36.67334],[-5.38072,36.63178],[-5.45591,36.61958],[-5.46082,36.58878],[-5.52332,36.53112],[-5.60417,36.54892],[-5.60829,36.51229],[-5.52425,36.49771],[-5.4924,36.53647],[-5.42962,36.53334],[-5.34716,36.41865],[-5.32008,36.32507],[-5.27783,36.33712],[-5.24801,36.31042],[-5.22004,36.37541],[-5.17694,36.41427],[-5.08098,36.45056],[-5.0049,36.45974],[-4.93497,36.49981],[-4.86093,36.50763],[-4.74054,36.48263],[-4.63813,36.50708],[-4.60281,36.56296],[-4.51166,36.59314],[-4.41745,36.70891],[-4.41852,36.71711],[-4.41325,36.7177],[-4.4153,36.70699],[-4.39375,36.72234],[-4.18078,36.71468],[-4.10847,36.72534],[-4.06735,36.74874],[-3.95726,36.72609],[-3.84471,36.75355],[-3.77744,36.73792],[-3.76814,36.80195],[-3.8267,36.85533],[-3.86761,36.85068],[-3.92952,36.88288],[-4.04569,36.90286],[-4.09989,36.95271],[-4.16664,36.95708],[-4.23133,37.01694],[-4.27251,37.0149],[-4.28707,37.11952],[-4.33221,37.19116],[-4.32245,37.20423],[-4.37201,37.21539],[-4.38502,37.23801],[-4.37894,37.2742],[-4.40658,37.27412]]]]},"properties":{"code":"ES-29","nom":"M\u00e1laga","country":"ES"}},{"type":"Feature","geometry":{"type":"MultiPolygon","coordinates":[[[[-2.18191,37.89882],[-2.20767,37.91657],[-2.29495,37.87632],[-2.28939,37.83148],[-2.30178,37.80828],[-2.27678,37.77622],[-2.32334,37.69387],[-2.30894,37.63343],[-2.35956,37.62127],[-2.39127,37.63249],[-2.3679,37.59158],[-2.3743,37.55735],[-2.35573,37.54699],[-2.35851,37.52229],[-2.45632,37.50943],[-2.45752,37.49083],[-2.51415,37.47953],[-2.64164,37.38779],[-2.63729,37.34333],[-2.6546,37.34061],[-2.66565,37.28533],[-2.66011,37.21199],[-2.73302,37.23732],[-2.75903,37.22671],[-2.779,37.26266],[-2.84538,37.27922],[-2.87496,37.23145],[-2.88099,37.1871],[-2.92915,37.15657],[-2.94896,37.09655],[-3.00026,37.09498],[-3.02958,37.11325],[-3.00571,37.02334],[-2.97621,36.97812],[-2.9905,36.95819],[-3.02934,36.94753],[-3.03132,36.92459],[-3.07193,36.91929],[-3.02901,36.84444],[-3.14019,36.78779],[-3.12868,36.75087],[-2.97768,36.73833],[-2.92537,36.7517],[-2.84948,36.69547],[-2.8156,36.70629],[-2.77154,36.68143],[-2.70033,36.683],[-2.61965,36.72696],[-2.56193,36.81613],[-2.48195,36.83558],[-2.46412,36.82585],[-2.47512,36.83703],[-2.42655,36.81074],[-2.36143,36.8416],[-2.29123,36.82007],[-2.1842,36.71925],[-2.12428,36.732],[-2.1062,36.76265],[-2.06041,36.77768],[-2.06002,36.80972],[-1.99961,36.84002],[-1.99208,36.89373],[-1.9673,36.89886],[-1.94053,36.93652],[-1.90374,36.93737],[-1.90076,36.98776],[-1.84948,37.06835],[-1.79756,37.22961],[-1.77517,37.23949],[-1.77478,37.24319],[-1.77348,37.24585],[-1.75881,37.26308],[-1.7083,37.30411],[-1.68901,37.33924],[-1.67708,37.35285],[-1.63012,37.37523],[-1.73707,37.44263],[-1.81176,37.45156],[-1.80895,37.43347],[-1.84526,37.45483],[-1.97681,37.61873],[-2.01181,37.67225],[-2.01265,37.7006],[-1.99583,37.72805],[-2.00884,37.77495],[-1.99564,37.84023],[-1.9745,37.86847],[-1.9947,37.88048],[-2.02182,37.86822],[-2.10039,37.8772],[-2.1232,37.90055],[-2.17201,37.88869],[-2.18191,37.89882]],[[-1.81972,37.17776],[-1.81986,37.17813],[-1.81954,37.17873],[-1.81961,37.17853],[-1.81972,37.17776]],[[-1.82026,37.17486],[-1.82035,37.17528],[-1.82014,37.1758],[-1.82013,37.1757],[-1.82026,37.17486]],[[-2.56703,36.81113],[-2.56727,36.81101],[-2.56648,36.81168],[-2.56667,36.81145],[-2.56703,36.81113]],[[-1.71828,37.29651],[-1.71853,37.2965],[-1.71862,37.29658],[-1.71831,37.29671],[-1.71828,37.29651]],[[-2.17476,36.72237],[-2.17494,36.72232],[-2.17509,36.72263],[-2.17496,36.72266],[-2.17476,36.72237]],[[-1.71914,37.29626],[-1.7193,37.29632],[-1.71906,37.29642],[-1.71905,37.29634],[-1.71914,37.29626]],[[-1.72057,37.29564],[-1.72067,37.2956],[-1.72081,37.2957],[-1.7206,37.29573],[-1.72057,37.29564]],[[-1.70905,37.30362],[-1.70918,37.30357],[-1.70924,37.30366],[-1.70917,37.30371],[-1.70905,37.30362]],[[-1.7194,37.29638],[-1.71944,37.29631],[-1.71955,37.29631],[-1.71953,37.29641],[-1.7194,37.29638]],[[-1.71779,37.2971],[-1.71792,37.29709],[-1.71791,37.29716],[-1.71779,37.29716],[-1.71779,37.2971]],[[-1.71929,37.29615],[-1.71933,37.29613],[-1.7194,37.29616],[-1.71934,37.29623],[-1.71929,37.29615]]],[[[-3.03454,35.9381],[-3.03369,35.93985],[-3.03108,35.94143],[-3.03749,35.93894],[-3.03454,35.9381]]],[[[-1.88571,36.99326],[-1.8863,36.9925],[-1.88505,36.99206],[-1.88527,36.99299],[-1.88571,36.99326]]],[[[-1.65136,37.34705],[-1.65216,37.34781],[-1.65301,37.34705],[-1.6518,37.34683],[-1.65136,37.34705]]],[[[-1.64784,37.35982],[-1.64896,37.35974],[-1.64908,37.35933],[-1.64831,37.35932],[-1.64784,37.35982]]],[[[-2.04892,36.81209],[-2.04904,36.81267],[-2.0496,36.81243],[-2.0491,36.81197],[-2.04892,36.81209]]],[[[-2.19377,36.72179],[-2.19357,36.72223],[-2.19389,36.72234],[-2.19403,36.72208],[-2.19377,36.72179]]],[[[-2.19075,36.72027],[-2.19062,36.72072],[-2.19069,36.72088],[-2.19103,36.72054],[-2.19075,36.72027]]],[[[-2.00233,36.83646],[-2.00246,36.83671],[-2.00288,36.83667],[-2.00274,36.83641],[-2.00233,36.83646]]],[[[-1.69978,37.31721],[-1.69983,37.31746],[-1.70019,37.31735],[-1.70013,37.31723],[-1.69978,37.31721]]],[[[-1.6977,37.32184],[-1.69755,37.32201],[-1.69758,37.32241],[-1.69782,37.32192],[-1.6977,37.32184]]],[[[-1.71261,37.29978],[-1.71245,37.29997],[-1.7126,37.30009],[-1.71278,37.29981],[-1.71261,37.29978]]],[[[-3.02998,35.94205],[-3.03017,35.94225],[-3.03036,35.94202],[-3.03027,35.94198],[-3.02998,35.94205]]],[[[-1.72378,37.29021],[-1.72384,37.29047],[-1.72407,37.29029],[-1.72402,37.29018],[-1.72378,37.29021]]],[[[-1.7732,37.24511],[-1.77328,37.24535],[-1.7735,37.24529],[-1.77337,37.24507],[-1.7732,37.24511]]],[[[-2.19104,36.72004],[-2.19101,36.72022],[-2.19129,36.72013],[-2.1912,36.72],[-2.19104,36.72004]]],[[[-1.72517,37.28862],[-1.72531,37.28884],[-1.72545,37.2887],[-1.72529,37.28857],[-1.72517,37.28862]]],[[[-1.69888,37.32008],[-1.69902,37.32023],[-1.69917,37.32012],[-1.69912,37.32003],[-1.69888,37.32008]]],[[[-1.77288,37.2448],[-1.77275,37.24496],[-1.77275,37.24503],[-1.77307,37.24481],[-1.77288,37.2448]]],[[[-1.77385,37.2438],[-1.77396,37.24365],[-1.77375,37.24358],[-1.7737,37.24376],[-1.77385,37.2438]]],[[[-1.77327,37.24434],[-1.77331,37.24445],[-1.77357,37.24433],[-1.77352,37.24425],[-1.77327,37.24434]]],[[[-1.72321,37.29076],[-1.72315,37.29085],[-1.72317,37.291],[-1.72337,37.29082],[-1.72321,37.29076]]],[[[-1.69828,37.32167],[-1.69822,37.32181],[-1.69841,37.32183],[-1.6984,37.32164],[-1.69828,37.32167]]],[[[-1.76932,37.24856],[-1.76933,37.24872],[-1.76952,37.24864],[-1.76944,37.24853],[-1.76932,37.24856]]],[[[-1.69875,37.32025],[-1.69877,37.32041],[-1.69894,37.32042],[-1.69887,37.32024],[-1.69875,37.32025]]],[[[-1.77328,37.24452],[-1.77324,37.24468],[-1.7735,37.24453],[-1.77339,37.2445],[-1.77328,37.24452]]],[[[-1.69951,37.31736],[-1.69965,37.31752],[-1.69972,37.31751],[-1.69973,37.31733],[-1.69951,37.31736]]],[[[-1.69842,37.32023],[-1.69839,37.32035],[-1.69866,37.32028],[-1.69866,37.32021],[-1.69842,37.32023]]],[[[-1.76592,37.25173],[-1.76596,37.25163],[-1.76572,37.25155],[-1.7657,37.25172],[-1.76592,37.25173]]],[[[-1.69715,37.32304],[-1.69729,37.323],[-1.69719,37.32283],[-1.69706,37.32286],[-1.69715,37.32304]]],[[[-1.7638,37.25404],[-1.76363,37.25422],[-1.76404,37.25397],[-1.76399,37.25395],[-1.7638,37.25404]]],[[[-1.6988,37.31939],[-1.6989,37.31942],[-1.69905,37.3194],[-1.69887,37.3193],[-1.6988,37.31939]]],[[[-1.70419,37.31089],[-1.70413,37.31099],[-1.70412,37.31106],[-1.70431,37.31096],[-1.70419,37.31089]]],[[[-1.7446,37.2723],[-1.74455,37.27242],[-1.74472,37.2722],[-1.74466,37.27218],[-1.7446,37.2723]]],[[[-1.76897,37.24925],[-1.76893,37.24941],[-1.76913,37.24922],[-1.76907,37.2492],[-1.76897,37.24925]]],[[[-1.70395,37.31119],[-1.70397,37.31132],[-1.70411,37.31131],[-1.704,37.31117],[-1.70395,37.31119]]],[[[-1.7638,37.25382],[-1.76371,37.25388],[-1.76368,37.25396],[-1.76394,37.25381],[-1.7638,37.25382]]],[[[-1.75061,37.26624],[-1.75072,37.26638],[-1.75077,37.26632],[-1.75072,37.26623],[-1.75061,37.26624]]],[[[-1.74136,37.27554],[-1.7414,37.27568],[-1.74152,37.27568],[-1.74148,37.27553],[-1.74136,37.27554]]],[[[-1.73922,37.27833],[-1.73913,37.27841],[-1.739,37.27845],[-1.73928,37.27839],[-1.73922,37.27833]]],[[[-1.77397,37.2438],[-1.77388,37.24386],[-1.77392,37.24393],[-1.77406,37.24383],[-1.77397,37.2438]]],[[[-1.72243,37.2917],[-1.72261,37.29172],[-1.72263,37.29164],[-1.72251,37.29163],[-1.72243,37.2917]]],[[[-1.72365,37.29006],[-1.72361,37.29016],[-1.72376,37.29014],[-1.72378,37.29005],[-1.72365,37.29006]]],[[[-1.77295,37.24526],[-1.77305,37.24531],[-1.77314,37.24526],[-1.77293,37.2452],[-1.77295,37.24526]]],[[[-1.72506,37.28933],[-1.72509,37.28943],[-1.72514,37.28946],[-1.72515,37.2893],[-1.72506,37.28933]]],[[[-1.76528,37.25185],[-1.76517,37.25189],[-1.7654,37.25189],[-1.76536,37.2518],[-1.76528,37.25185]]],[[[-1.76949,37.24768],[-1.76963,37.24771],[-1.76962,37.24761],[-1.76951,37.2476],[-1.76949,37.24768]]],[[[-1.72338,37.29059],[-1.7234,37.29067],[-1.7235,37.29061],[-1.72351,37.29052],[-1.72341,37.29052],[-1.72338,37.29059]]],[[[-1.73215,37.28301],[-1.73226,37.28307],[-1.73228,37.28296],[-1.73222,37.28295],[-1.73215,37.28301]]],[[[-1.76449,37.25326],[-1.7645,37.25332],[-1.76468,37.25321],[-1.76458,37.2532],[-1.76449,37.25326]]],[[[-1.76311,37.25485],[-1.76314,37.25494],[-1.7633,37.25479],[-1.76319,37.25479],[-1.76311,37.25485]]],[[[-1.69787,37.32202],[-1.69784,37.32213],[-1.69802,37.32199],[-1.69797,37.32196],[-1.69787,37.32202]]],[[[-1.72849,37.28668],[-1.72853,37.2868],[-1.72858,37.28679],[-1.72852,37.28661],[-1.72849,37.28668]]],[[[-1.73198,37.28291],[-1.73198,37.28296],[-1.7322,37.28289],[-1.73209,37.28287],[-1.73198,37.28291]]],[[[-1.72393,37.28984],[-1.72399,37.28996],[-1.72404,37.28992],[-1.72404,37.28982],[-1.72393,37.28984]]],[[[-1.69952,37.31949],[-1.69959,37.31961],[-1.69963,37.3196],[-1.69964,37.3195],[-1.69952,37.31949]]],[[[-1.69662,37.32503],[-1.69672,37.32509],[-1.69674,37.32499],[-1.69667,37.32493],[-1.69662,37.32503]]],[[[-1.76137,37.25697],[-1.7613,37.25704],[-1.76135,37.25709],[-1.76147,37.25699],[-1.76137,37.25697]]],[[[-1.69967,37.31781],[-1.69975,37.31789],[-1.69978,37.31779],[-1.69967,37.31781]]],[[[-1.76303,37.25473],[-1.76296,37.2548],[-1.76313,37.25474],[-1.7631,37.2547],[-1.76303,37.25473]]],[[[-1.76569,37.25196],[-1.76578,37.25198],[-1.76588,37.25193],[-1.76573,37.25189],[-1.76569,37.25196]]],[[[-1.74559,37.27147],[-1.74551,37.27153],[-1.74571,37.27145],[-1.74569,37.27143],[-1.74559,37.27147]]],[[[-1.69858,37.32076],[-1.69859,37.32084],[-1.69869,37.32081],[-1.69867,37.32074],[-1.69858,37.32076]]],[[[-1.73045,37.28368],[-1.73054,37.28372],[-1.73059,37.28367],[-1.73052,37.28363],[-1.73045,37.28368]]],[[[-1.76497,37.25282],[-1.76507,37.25285],[-1.76515,37.25279],[-1.76507,37.25276],[-1.76497,37.25282]]],[[[-1.69854,37.31993],[-1.69858,37.32001],[-1.69865,37.31992],[-1.69854,37.31993]]],[[[-1.71327,37.29991],[-1.7133,37.29998],[-1.71339,37.29993],[-1.71335,37.29987],[-1.71327,37.29991]]],[[[-1.69959,37.31888],[-1.69962,37.31894],[-1.69973,37.31892],[-1.69973,37.31887],[-1.69959,37.31888]]],[[[-1.76966,37.24847],[-1.76969,37.24856],[-1.76976,37.2485],[-1.7697,37.24842],[-1.76966,37.24847]]],[[[-1.77324,37.24544],[-1.77334,37.2455],[-1.77339,37.24545],[-1.77332,37.2454],[-1.77324,37.24544]]],[[[-1.70754,37.30421],[-1.70758,37.30429],[-1.70765,37.30428],[-1.70764,37.30421],[-1.70754,37.30421]]],[[[-1.70314,37.31226],[-1.70316,37.31234],[-1.70323,37.31231],[-1.70321,37.31225],[-1.70314,37.31226]]],[[[-1.72318,37.29066],[-1.72325,37.29068],[-1.72332,37.29062],[-1.72322,37.29059],[-1.72318,37.29066]]],[[[-1.69741,37.32284],[-1.69746,37.32275],[-1.69739,37.32274],[-1.69741,37.32284]]],[[[-1.70433,37.31065],[-1.70435,37.31073],[-1.7044,37.31073],[-1.70441,37.31064],[-1.70433,37.31065]]],[[[-1.70128,37.31518],[-1.70137,37.3152],[-1.70143,37.31518],[-1.70141,37.31514],[-1.70128,37.31518]]],[[[-1.76512,37.25227],[-1.76517,37.25232],[-1.76525,37.25229],[-1.76523,37.25224],[-1.76512,37.25227]]],[[[-1.70732,37.30469],[-1.7074,37.30472],[-1.70744,37.30465],[-1.70735,37.30464],[-1.70732,37.30469]]],[[[-1.74151,37.27584],[-1.74161,37.27587],[-1.74166,37.27583],[-1.74162,37.2758],[-1.74151,37.27584]]],[[[-1.73996,37.27796],[-1.74001,37.27796],[-1.74001,37.2779],[-1.73992,37.2779],[-1.73996,37.27796]]],[[[-1.69898,37.32077],[-1.69903,37.32077],[-1.69905,37.3207],[-1.69897,37.3207],[-1.69898,37.32077]]],[[[-1.70327,37.31231],[-1.70329,37.31237],[-1.70336,37.31235],[-1.70335,37.31231],[-1.70327,37.31231]]],[[[-1.7743,37.24339],[-1.77437,37.24339],[-1.77436,37.24331],[-1.7743,37.24339]]]]},"properties":{"code":"ES-04","nom":"Almer\u00eda","country":"ES"}},{"type":"Feature","geometry":{"type":"MultiPolygon","coordinates":[[[[-1.14985,38.74607],[-1.18363,38.75509],[-1.24959,38.73869],[-1.34407,38.6771],[-1.36667,38.704],[-1.42166,38.67699],[-1.4477,38.64952],[-1.452,38.58146],[-1.48769,38.56331],[-1.49873,38.53206],[-1.47987,38.47984],[-1.47855,38.37638],[-1.5582,38.3252],[-1.58954,38.30999],[-1.67025,38.31165],[-1.69273,38.33782],[-1.68756,38.36583],[-1.74512,38.38123],[-1.77135,38.37855],[-1.77114,38.36486],[-1.79575,38.37027],[-1.7843,38.35615],[-1.90754,38.29796],[-1.98263,38.28137],[-2.04899,38.30578],[-2.11373,38.2382],[-2.21294,38.20302],[-2.26165,38.11296],[-2.3299,38.0654],[-2.34163,38.026],[-2.29847,38.00212],[-2.24716,37.93443],[-2.17201,37.88869],[-2.1232,37.90055],[-2.10039,37.8772],[-2.02182,37.86822],[-1.9947,37.88048],[-1.9745,37.86847],[-1.99528,37.84139],[-2.00884,37.77495],[-1.99583,37.72805],[-2.01181,37.67225],[-1.84526,37.45483],[-1.80895,37.43347],[-1.81176,37.45156],[-1.73707,37.44263],[-1.62676,37.3739],[-1.51901,37.43178],[-1.48622,37.42292],[-1.45968,37.48657],[-1.40159,37.50722],[-1.32618,37.56273],[-1.25575,37.55758],[-1.24623,37.57609],[-1.21348,37.57534],[-1.17393,37.56297],[-1.16647,37.54207],[-1.11106,37.53408],[-1.12714,37.55212],[-1.10866,37.56937],[-1.07402,37.58415],[-1.03117,37.57912],[-1.01799,37.57275],[-0.98413,37.5843],[-0.992,37.60153],[-0.94976,37.56762],[-0.9674,37.56929],[-0.96041,37.55867],[-0.91925,37.55394],[-0.87635,37.57736],[-0.82,37.57502],[-0.73185,37.6015],[-0.70222,37.63026],[-0.68829,37.63276],[-0.70972,37.64131],[-0.73146,37.67849],[-0.73824,37.73461],[-0.73306,37.74692],[-0.72719,37.74674],[-0.72142,37.74003],[-0.72783,37.75009],[-0.74506,37.7588],[-0.74647,37.78075],[-0.75795,37.77987],[-0.74548,37.74897],[-0.73354,37.74654],[-0.74165,37.74318],[-0.74562,37.74825],[-0.74574,37.70599],[-0.72992,37.66201],[-0.74027,37.65952],[-0.71979,37.64882],[-0.72767,37.63479],[-0.80277,37.6582],[-0.85703,37.71336],[-0.84483,37.74804],[-0.79802,37.78479],[-0.79627,37.8105],[-0.77576,37.81911],[-0.75221,37.7882],[-0.75086,37.82181],[-0.76239,37.84695],[-0.83073,37.86442],[-0.90018,37.92313],[-1.0226,38.07569],[-1.03676,38.13772],[-0.98855,38.19953],[-0.96768,38.27564],[-0.98915,38.32088],[-1.08438,38.34622],[-1.07721,38.43147],[-1.09416,38.43793],[-1.01364,38.49673],[-1.02606,38.52282],[-1.00157,38.57267],[-1.02607,38.65453],[-1.1156,38.71139],[-1.11967,38.73772],[-1.14985,38.74607]],[[-1.4684,37.47044],[-1.46856,37.47095],[-1.46788,37.47165],[-1.4678,37.47116],[-1.4684,37.47044]],[[-1.11859,37.56183],[-1.11879,37.56166],[-1.11896,37.56176],[-1.11888,37.56182],[-1.11859,37.56183]],[[-1.62312,37.37813],[-1.62332,37.37816],[-1.62329,37.37835],[-1.62308,37.37826],[-1.62312,37.37813]],[[-1.01169,37.57638],[-1.01181,37.57639],[-1.01184,37.57653],[-1.01162,37.57649],[-1.01169,37.57638]],[[-1.46823,37.47287],[-1.46849,37.4729],[-1.4685,37.473],[-1.46825,37.47296],[-1.46823,37.47287]],[[-1.50208,37.42953],[-1.50216,37.42953],[-1.50198,37.42972],[-1.50202,37.42954],[-1.50208,37.42953]],[[-0.99934,37.58417],[-0.99947,37.58418],[-0.99929,37.58433],[-0.99925,37.58425],[-0.99934,37.58417]],[[-1.01468,37.57421],[-1.01478,37.57429],[-1.01467,37.5744],[-1.01462,37.57428],[-1.01468,37.57421]]],[[[-0.7705,37.70244],[-0.77615,37.69568],[-0.76849,37.69024],[-0.7646,37.69371],[-0.7705,37.70244]]],[[[-0.79636,37.70104],[-0.79996,37.70372],[-0.80437,37.70152],[-0.79755,37.69601],[-0.79636,37.70104]]],[[[-0.70612,37.73045],[-0.70927,37.73028],[-0.70854,37.72537],[-0.70477,37.72823],[-0.70612,37.73045]]],[[[-0.7576,37.7886],[-0.75672,37.7836],[-0.75362,37.78359],[-0.75604,37.78762],[-0.7576,37.7886]]],[[[-1.26629,37.55729],[-1.26909,37.5571],[-1.27001,37.55514],[-1.26659,37.55476],[-1.26629,37.55729]]],[[[-1.54575,37.40959],[-1.54731,37.4096],[-1.54841,37.40767],[-1.54367,37.40885],[-1.54575,37.40959]]],[[[-0.96759,37.55995],[-0.96956,37.56002],[-0.97175,37.55934],[-0.96773,37.55855],[-0.96759,37.55995]]],[[[-0.75919,37.78881],[-0.76051,37.7848],[-0.75736,37.78482],[-0.75987,37.78607],[-0.75919,37.78881]]],[[[-0.76173,37.79055],[-0.76147,37.78871],[-0.75902,37.79028],[-0.75913,37.79044],[-0.76173,37.79055]]],[[[-0.75914,37.78435],[-0.75957,37.78249],[-0.7587,37.78302],[-0.75765,37.78413],[-0.75914,37.78435]]],[[[-0.75743,37.7823],[-0.7595,37.78226],[-0.75908,37.78085],[-0.75689,37.78036],[-0.75743,37.7823]]],[[[-0.73898,37.66939],[-0.74033,37.6705],[-0.74135,37.66942],[-0.74092,37.66851],[-0.73898,37.66939]]],[[[-0.74861,37.66502],[-0.74765,37.66569],[-0.75006,37.66569],[-0.7497,37.66495],[-0.74861,37.66502]]],[[[-1.042,37.57096],[-1.04202,37.57014],[-1.04064,37.57037],[-1.0409,37.57101],[-1.042,37.57096]]],[[[-1.20775,37.57144],[-1.20794,37.57235],[-1.20874,37.5709],[-1.20756,37.57083],[-1.20775,37.57144]]],[[[-0.64808,37.65653],[-0.64907,37.65605],[-0.64955,37.65501],[-0.64821,37.65597],[-0.64808,37.65653]]],[[[-0.74533,37.78232],[-0.74589,37.78272],[-0.74613,37.78173],[-0.7454,37.78179],[-0.74533,37.78232]]],[[[-0.74783,37.78853],[-0.74767,37.78873],[-0.748,37.78935],[-0.74785,37.78789],[-0.74783,37.78853]]],[[[-0.75847,37.78732],[-0.75919,37.78728],[-0.75813,37.78642],[-0.75786,37.78673],[-0.75847,37.78732]]],[[[-0.7454,37.78386],[-0.74572,37.78432],[-0.74618,37.78406],[-0.74566,37.78325],[-0.7454,37.78386]]],[[[-0.75744,37.78566],[-0.75833,37.78608],[-0.75849,37.78586],[-0.75713,37.78512],[-0.75744,37.78566]]],[[[-1.32786,37.55637],[-1.32774,37.55686],[-1.32796,37.55719],[-1.32839,37.55654],[-1.32786,37.55637]]],[[[-0.74505,37.78175],[-0.74559,37.78161],[-0.74566,37.78138],[-0.74469,37.78131],[-0.74505,37.78175]]],[[[-0.70867,37.61899],[-0.70841,37.61923],[-0.70916,37.61965],[-0.70932,37.61933],[-0.70867,37.61899]]],[[[-0.75856,37.78663],[-0.75915,37.78706],[-0.75931,37.78687],[-0.75921,37.78658],[-0.75856,37.78663]]],[[[-0.71854,37.6645],[-0.71833,37.66462],[-0.71824,37.66502],[-0.71891,37.66461],[-0.71854,37.6645]]],[[[-0.74438,37.77953],[-0.74406,37.77988],[-0.74431,37.78045],[-0.74452,37.77962],[-0.74438,37.77953]]],[[[-0.69806,37.73146],[-0.69761,37.73168],[-0.69761,37.73172],[-0.69828,37.73192],[-0.69806,37.73146]]],[[[-0.75861,37.77972],[-0.75878,37.77939],[-0.75807,37.77943],[-0.75832,37.77948],[-0.75861,37.77972]]],[[[-0.75793,37.79276],[-0.75843,37.79291],[-0.75855,37.79287],[-0.75832,37.79239],[-0.75793,37.79276]]],[[[-0.74683,37.78602],[-0.7466,37.7864],[-0.74721,37.78633],[-0.74713,37.78601],[-0.74683,37.78602]]],[[[-0.70294,37.62454],[-0.7033,37.62433],[-0.70253,37.62439],[-0.70263,37.62452],[-0.70294,37.62454]]],[[[-0.74417,37.78077],[-0.7443,37.78112],[-0.74477,37.78101],[-0.74459,37.78067],[-0.74417,37.78077]]],[[[-0.69421,37.62938],[-0.69403,37.62976],[-0.69409,37.62989],[-0.69452,37.62966],[-0.69421,37.62938]]],[[[-1.04183,37.5697],[-1.04142,37.57001],[-1.0414,37.57014],[-1.04205,37.56984],[-1.04183,37.5697]]],[[[-0.69331,37.62958],[-0.69305,37.62972],[-0.69311,37.63005],[-0.69347,37.62986],[-0.69331,37.62958]]],[[[-0.76235,37.79322],[-0.76219,37.7936],[-0.76234,37.79403],[-0.76248,37.79332],[-0.76235,37.79322]]],[[[-1.5292,37.4221],[-1.52921,37.42242],[-1.52974,37.42241],[-1.52929,37.42205],[-1.5292,37.4221]]],[[[-0.7605,37.84576],[-0.7606,37.84607],[-0.76084,37.84609],[-0.76074,37.84555],[-0.7605,37.84576]]],[[[-0.76129,37.79186],[-0.76189,37.79223],[-0.76197,37.79219],[-0.76155,37.79168],[-0.76129,37.79186]]],[[[-0.70548,37.62394],[-0.70557,37.62402],[-0.70587,37.62392],[-0.70561,37.62363],[-0.70548,37.62394]]],[[[-0.65357,37.65199],[-0.65329,37.65212],[-0.65317,37.65221],[-0.65347,37.65234],[-0.65357,37.65199]]],[[[-0.68756,37.63281],[-0.68763,37.63307],[-0.68792,37.63285],[-0.68791,37.63275],[-0.68756,37.63281]]],[[[-0.68795,37.63576],[-0.68785,37.63598],[-0.68824,37.63592],[-0.68827,37.63576],[-0.68795,37.63576]]],[[[-0.74747,37.78748],[-0.74782,37.78746],[-0.74792,37.7873],[-0.7476,37.78729],[-0.74747,37.78748]]],[[[-0.70838,37.61822],[-0.70838,37.61837],[-0.70851,37.6185],[-0.70864,37.61818],[-0.70838,37.61822]]],[[[-0.75879,37.78646],[-0.75894,37.78652],[-0.75935,37.78647],[-0.75914,37.7863],[-0.75879,37.78646]]],[[[-0.75541,37.72202],[-0.75531,37.72219],[-0.75568,37.7222],[-0.75568,37.72202],[-0.75541,37.72202]]],[[[-0.75933,37.79222],[-0.75918,37.79247],[-0.75926,37.79263],[-0.75939,37.79255],[-0.75933,37.79222]]],[[[-0.75683,37.79162],[-0.75694,37.79177],[-0.75726,37.79172],[-0.757,37.7916],[-0.75683,37.79162]]],[[[-0.74401,37.7785],[-0.74394,37.77867],[-0.74423,37.77864],[-0.74425,37.77847],[-0.74401,37.7785]]],[[[-0.70276,37.62557],[-0.70258,37.62582],[-0.70264,37.6259],[-0.70293,37.62567],[-0.70276,37.62557]]],[[[-0.75781,37.79228],[-0.75792,37.79244],[-0.75818,37.79242],[-0.75799,37.79226],[-0.75781,37.79228]]],[[[-0.76224,37.7926],[-0.76235,37.79299],[-0.76244,37.79305],[-0.76223,37.79247],[-0.76224,37.7926]]],[[[-0.68884,37.63642],[-0.68896,37.63655],[-0.6891,37.63642],[-0.68892,37.63638],[-0.68884,37.63642]]],[[[-1.09436,37.56981],[-1.09423,37.56989],[-1.09448,37.56994],[-1.09447,37.56981],[-1.09436,37.56981]]],[[[-0.68909,37.6319],[-0.68928,37.63199],[-0.68942,37.63192],[-0.68931,37.63184],[-0.68909,37.6319]]],[[[-0.97196,37.57501],[-0.97189,37.57514],[-0.97211,37.57513],[-0.97206,37.57498],[-0.97196,37.57501]]],[[[-0.688,37.63317],[-0.68797,37.63338],[-0.68808,37.63338],[-0.68814,37.63329],[-0.688,37.63317]]],[[[-1.02249,37.57294],[-1.02236,37.57303],[-1.02238,37.57311],[-1.02261,37.57305],[-1.02249,37.57294]]],[[[-0.70182,37.62398],[-0.70201,37.62395],[-0.70206,37.62391],[-0.70172,37.62388],[-0.70182,37.62398]]],[[[-0.7019,37.62406],[-0.70185,37.62414],[-0.70197,37.62426],[-0.70205,37.62411],[-0.7019,37.62406]]],[[[-0.68966,37.63122],[-0.68948,37.63135],[-0.68948,37.63139],[-0.68978,37.63123],[-0.68966,37.63122]]],[[[-0.68932,37.63145],[-0.68923,37.63156],[-0.68949,37.63152],[-0.68944,37.63144],[-0.68932,37.63145]]],[[[-0.69092,37.63176],[-0.691,37.63184],[-0.69114,37.63174],[-0.69098,37.63166],[-0.69092,37.63176]]],[[[-1.49481,37.42225],[-1.49489,37.42231],[-1.49506,37.42225],[-1.49487,37.42216],[-1.49481,37.42225]]],[[[-0.68853,37.6338],[-0.68846,37.63392],[-0.68868,37.63381],[-0.68859,37.63377],[-0.68853,37.6338]]],[[[-1.0226,37.57311],[-1.02264,37.57325],[-1.02278,37.57316],[-1.0227,37.57309],[-1.0226,37.57311]]],[[[-0.97728,37.58073],[-0.97725,37.58085],[-0.97743,37.58083],[-0.9774,37.58073],[-0.97728,37.58073]]],[[[-0.97796,37.58125],[-0.97795,37.58136],[-0.97806,37.58136],[-0.97806,37.58127],[-0.97796,37.58125]]],[[[-0.75858,37.78631],[-0.75865,37.78639],[-0.75876,37.7863],[-0.75868,37.78626],[-0.75858,37.78631]]],[[[-0.74633,37.78552],[-0.74634,37.78561],[-0.74648,37.78558],[-0.74648,37.78551],[-0.74633,37.78552]]],[[[-0.6869,37.63339],[-0.68686,37.63353],[-0.68688,37.63354],[-0.68701,37.63346],[-0.6869,37.63339]]],[[[-0.76077,37.84704],[-0.76089,37.84716],[-0.76097,37.84714],[-0.76086,37.847],[-0.76077,37.84704]]],[[[-0.68729,37.63346],[-0.68724,37.63355],[-0.68724,37.63361],[-0.68739,37.63345],[-0.68729,37.63346]]],[[[-0.68876,37.63203],[-0.68871,37.63205],[-0.68868,37.63215],[-0.68882,37.63209],[-0.68876,37.63203]]],[[[-0.68949,37.632],[-0.68949,37.63208],[-0.68965,37.63203],[-0.68961,37.63197],[-0.68949,37.632]]],[[[-0.6897,37.63212],[-0.68975,37.63224],[-0.6898,37.63222],[-0.68981,37.63213],[-0.6897,37.63212]]],[[[-1.02194,37.57348],[-1.02198,37.57357],[-1.02208,37.57353],[-1.02205,37.57345],[-1.02194,37.57348]]],[[[-0.75757,37.79207],[-0.75756,37.79216],[-0.75768,37.79216],[-0.75766,37.79206],[-0.75757,37.79207]]],[[[-0.68852,37.63671],[-0.6886,37.63677],[-0.68867,37.63667],[-0.68855,37.63666],[-0.68852,37.63671]]],[[[-0.96716,37.5596],[-0.96718,37.5597],[-0.9673,37.55969],[-0.96722,37.55959],[-0.96716,37.5596]]],[[[-0.97645,37.58075],[-0.97642,37.58084],[-0.97654,37.58083],[-0.9765,37.58074],[-0.97645,37.58075]]],[[[-0.75924,37.78626],[-0.75931,37.78632],[-0.7594,37.78628],[-0.75937,37.78624],[-0.75924,37.78626]]],[[[-0.68859,37.63225],[-0.68864,37.63233],[-0.68869,37.63229],[-0.68866,37.6322],[-0.68859,37.63225]]],[[[-0.97773,37.58107],[-0.97786,37.58109],[-0.97786,37.58104],[-0.97775,37.58103],[-0.97773,37.58107]]],[[[-0.69082,37.63129],[-0.69089,37.63137],[-0.69092,37.63137],[-0.69085,37.63125],[-0.69082,37.63129]]],[[[-0.68827,37.63227],[-0.68833,37.63232],[-0.6884,37.63224],[-0.68827,37.63227]]],[[[-1.02246,37.57323],[-1.02252,37.57323],[-1.02256,37.57321],[-1.02249,37.57317],[-1.02246,37.57323]]],[[[-0.75789,37.78731],[-0.75795,37.78729],[-0.75785,37.78728],[-0.75789,37.78731]]],[[[-0.75672,37.79154],[-0.75677,37.79155],[-0.75679,37.79151],[-0.75672,37.79154]]]]},"properties":{"code":"ES-30","nom":"Murcia","country":"ES"}},{"type":"Feature","geometry":{"type":"MultiPolygon","coordinates":[[[[-1.48366,39.41824],[-1.55568,39.40185],[-1.73928,39.32116],[-1.76985,39.28051],[-1.88708,39.30479],[-1.9898,39.29368],[-2.02843,39.33681],[-2.02033,39.35182],[-2.09563,39.35943],[-2.05096,39.26668],[-2.16868,39.28107],[-2.28868,39.22666],[-2.32119,39.28374],[-2.34989,39.27854],[-2.37408,39.23278],[-2.51105,39.34215],[-2.54878,39.32346],[-2.61926,39.34014],[-2.63497,39.32676],[-2.74337,39.31702],[-2.72319,39.26479],[-2.84266,39.13449],[-2.80501,39.07894],[-2.80993,39.02383],[-2.83226,39.02324],[-2.88289,38.93849],[-2.76231,38.88077],[-2.73224,38.78185],[-2.69628,38.78293],[-2.63807,38.73535],[-2.66886,38.64922],[-2.72825,38.61608],[-2.76369,38.62789],[-2.7501,38.61556],[-2.7655,38.57385],[-2.74679,38.54681],[-2.7641,38.53498],[-2.67969,38.49692],[-2.5927,38.51082],[-2.56662,38.49047],[-2.57188,38.41413],[-2.48236,38.39619],[-2.48521,38.30026],[-2.4366,38.27213],[-2.45434,38.21549],[-2.44628,38.18519],[-2.54749,38.07983],[-2.42212,38.03336],[-2.34163,38.026],[-2.3299,38.0654],[-2.26165,38.11296],[-2.21294,38.20302],[-2.11373,38.2382],[-2.06377,38.29759],[-2.02264,38.30074],[-1.98263,38.28137],[-1.90754,38.29796],[-1.7843,38.35615],[-1.79575,38.37027],[-1.77114,38.36486],[-1.76907,38.37941],[-1.68912,38.367],[-1.69273,38.33782],[-1.67025,38.31165],[-1.58954,38.30999],[-1.5582,38.3252],[-1.47855,38.37638],[-1.47987,38.47984],[-1.49721,38.53807],[-1.48769,38.56331],[-1.452,38.58146],[-1.4477,38.64952],[-1.38377,38.69918],[-1.36667,38.704],[-1.34407,38.6771],[-1.24976,38.73861],[-1.18363,38.75509],[-1.11967,38.73772],[-1.1156,38.71139],[-1.0341,38.65657],[-0.96247,38.65693],[-0.91579,38.69597],[-0.96143,38.77479],[-0.92894,38.78383],[-0.92488,38.82336],[-0.9357,38.85594],[-0.92454,38.89175],[-0.95652,38.92012],[-0.95941,38.94458],[-1.14665,38.92935],[-1.22654,39.02467],[-1.26675,39.05102],[-1.25572,39.10617],[-1.18083,39.21182],[-1.165,39.31051],[-1.31274,39.34317],[-1.33665,39.334],[-1.41468,39.3803],[-1.42603,39.36276],[-1.43229,39.37758],[-1.4551,39.36085],[-1.44879,39.37819],[-1.46819,39.38333],[-1.45218,39.39759],[-1.47674,39.39306],[-1.46667,39.4023],[-1.48814,39.40063],[-1.48366,39.41824]]]]},"properties":{"code":"ES-02","nom":"Albacete","country":"ES"}},{"type":"Feature","geometry":{"type":"MultiPolygon","coordinates":[[[[-5.01386,41.16425],[-5.05986,41.13862],[-5.10013,41.1471],[-5.12404,41.1356],[-5.12917,41.10538],[-5.14859,41.09215],[-5.14654,41.04364],[-5.10661,41.0295],[-5.08984,40.99663],[-5.10484,40.96025],[-5.1276,40.95412],[-5.11505,40.90281],[-5.16381,40.86838],[-5.16151,40.814],[-5.21899,40.77297],[-5.21444,40.75783],[-5.38546,40.67145],[-5.36589,40.64877],[-5.38295,40.62076],[-5.44765,40.57959],[-5.49966,40.58159],[-5.50086,40.59735],[-5.51622,40.58538],[-5.52469,40.54073],[-5.42851,40.56447],[-5.46555,40.46592],[-5.50983,40.46366],[-5.51147,40.42629],[-5.52593,40.42236],[-5.5746,40.44425],[-5.56092,40.4771],[-5.63417,40.46045],[-5.69119,40.42199],[-5.67844,40.38702],[-5.68636,40.35537],[-5.67303,40.34853],[-5.73714,40.29375],[-5.69266,40.29211],[-5.6492,40.24972],[-5.622,40.24588],[-5.61004,40.21548],[-5.53096,40.19472],[-5.47091,40.20785],[-5.4291,40.25261],[-5.34441,40.26476],[-5.36967,40.21831],[-5.36799,40.16411],[-5.33598,40.11582],[-5.21531,40.10785],[-5.19979,40.08245],[-5.14141,40.09175],[-5.06813,40.15029],[-5.02705,40.15838],[-5.00667,40.12994],[-5.01334,40.11106],[-4.95455,40.12113],[-4.95629,40.13335],[-4.92545,40.13604],[-4.92467,40.16998],[-4.80767,40.23532],[-4.81825,40.25477],[-4.80347,40.27526],[-4.76159,40.2609],[-4.69814,40.28219],[-4.68726,40.212],[-4.65423,40.19807],[-4.56568,40.21819],[-4.56948,40.2573],[-4.52938,40.29313],[-4.54622,40.34183],[-4.52679,40.34487],[-4.5029,40.31489],[-4.45576,40.31935],[-4.4606,40.34138],[-4.43864,40.35275],[-4.44373,40.3857],[-4.42173,40.40623],[-4.32109,40.41031],[-4.34125,40.42868],[-4.31568,40.46477],[-4.32822,40.53376],[-4.28926,40.56419],[-4.27857,40.60317],[-4.29071,40.62782],[-4.2711,40.62902],[-4.26214,40.60518],[-4.24544,40.60245],[-4.16118,40.62347],[-4.17352,40.67398],[-4.16023,40.68982],[-4.2529,40.68953],[-4.27399,40.67994],[-4.25604,40.65146],[-4.41962,40.63343],[-4.43113,40.74238],[-4.47384,40.77465],[-4.49377,40.83352],[-4.54639,40.82555],[-4.55671,40.83633],[-4.53157,40.85864],[-4.55957,40.88585],[-4.56635,40.9562],[-4.60675,40.9708],[-4.63829,41.03131],[-4.71272,41.0621],[-4.7221,41.14932],[-4.78619,41.14356],[-4.81352,41.12938],[-4.81497,41.10345],[-4.86368,41.09401],[-5.01386,41.16425]]]]},"properties":{"code":"ES-05","nom":"\u00c1vila","country":"ES"}},{"type":"Feature","geometry":{"type":"MultiPolygon","coordinates":[[[[-3.0269,43.21657],[-3.04007,43.20988],[-3.0165,43.20283],[-3.0269,43.16137],[-3.11134,43.1435],[-3.13829,43.16318],[-3.16185,43.15426],[-3.18171,43.12031],[-3.13394,43.09723],[-3.15819,43.07402],[-3.14031,43.06715],[-3.14186,43.02981],[-3.1778,43.02198],[-3.08899,43.00164],[-3.04974,43.04722],[-3.02863,43.04658],[-3.01855,43.03766],[-3.0329,43.02033],[-2.98601,43.0121],[-2.98572,42.99213],[-2.9557,42.99885],[-3.04478,42.97393],[-2.98147,42.93881],[-3.01891,42.90851],[-3.0921,42.89878],[-3.14927,42.91706],[-3.14473,42.93468],[-3.22473,42.94969],[-3.24855,42.91215],[-3.27724,42.90158],[-3.28261,42.87551],[-3.20553,42.8274],[-3.22218,42.83864],[-3.19069,42.86946],[-3.16282,42.85674],[-3.11494,42.88925],[-3.11315,42.86106],[-3.15923,42.80459],[-3.12325,42.78933],[-3.14791,42.7567],[-3.04965,42.76561],[-3.04201,42.73952],[-3.01695,42.74108],[-2.98063,42.70382],[-2.93136,42.7084],[-2.9025,42.6936],[-2.89572,42.65464],[-2.84289,42.6296],[-2.8418,42.6086],[-2.81877,42.61272],[-2.8199,42.59147],[-2.84085,42.58119],[-2.82499,42.55494],[-2.77795,42.58134],[-2.76372,42.62284],[-2.74077,42.62255],[-2.68054,42.59452],[-2.70569,42.51716],[-2.67578,42.52573],[-2.64775,42.48326],[-2.60543,42.50352],[-2.59699,42.47294],[-2.56826,42.49415],[-2.53048,42.48357],[-2.53735,42.49524],[-2.51059,42.52004],[-2.51472,42.49012],[-2.42058,42.48924],[-2.42312,42.51071],[-2.3922,42.51695],[-2.39675,42.5991],[-2.42112,42.60712],[-2.45324,42.56711],[-2.4622,42.58739],[-2.49063,42.58535],[-2.50008,42.61648],[-2.48307,42.61216],[-2.4158,42.66268],[-2.37626,42.65071],[-2.38195,42.6343],[-2.28848,42.65507],[-2.29358,42.67794],[-2.31686,42.6825],[-2.32401,42.72377],[-2.31685,42.73935],[-2.26217,42.74846],[-2.28101,42.78513],[-2.23541,42.8353],[-2.24115,42.88603],[-2.3548,42.95003],[-2.5353,42.97344],[-2.5425,42.95016],[-2.58102,42.96426],[-2.60268,42.98223],[-2.59653,43.00925],[-2.54958,43.01979],[-2.52485,43.04533],[-2.54665,43.08818],[-2.66167,43.07427],[-2.6337,43.04482],[-2.63362,43.01991],[-2.89416,43.04642],[-2.97548,43.09947],[-2.93581,43.13621],[-2.95417,43.15971],[-2.94639,43.17087],[-2.98004,43.20186],[-3.00678,43.19659],[-3.0269,43.21657]],[[-2.83547,42.79627],[-2.82681,42.78445],[-2.73155,42.79451],[-2.64371,42.76472],[-2.60235,42.77063],[-2.58937,42.75032],[-2.5583,42.76273],[-2.57263,42.72517],[-2.60898,42.69596],[-2.57777,42.66821],[-2.52202,42.68403],[-2.5174,42.64633],[-2.63485,42.6478],[-2.65917,42.67246],[-2.7679,42.66601],[-2.7845,42.69894],[-2.86846,42.73992],[-2.83547,42.79627]]]]},"properties":{"code":"ES-01","nom":"Araba/\u00c1lava","country":"ES"}},{"type":"Feature","geometry":{"type":"MultiPolygon","coordinates":[[[[-4.67789,39.43485],[-4.69028,39.45179],[-4.77461,39.39719],[-4.87094,39.36831],[-4.93647,39.3961],[-4.97403,39.39468],[-4.98464,39.37161],[-5.05384,39.36243],[-5.08987,39.39036],[-5.11358,39.38747],[-5.12355,39.3365],[-5.24762,39.30182],[-5.34001,39.33331],[-5.34905,39.23356],[-5.38402,39.17419],[-5.41267,39.15696],[-5.45984,39.15837],[-5.51458,39.20971],[-5.52815,39.19147],[-5.55101,39.21588],[-5.61324,39.18822],[-5.57656,39.15091],[-5.60088,39.13435],[-5.58362,39.11811],[-5.6044,39.10039],[-5.64594,39.10232],[-5.68705,39.08206],[-5.75518,39.1323],[-5.81037,39.14458],[-5.83345,39.11033],[-5.92469,39.08318],[-5.93764,39.08378],[-5.92666,39.10464],[-5.94229,39.10851],[-6.00931,39.05253],[-6.0186,39.12912],[-6.1421,39.03158],[-6.15745,39.05547],[-6.20314,39.0565],[-6.23086,39.0898],[-6.3116,39.11161],[-6.32411,39.18643],[-6.3791,39.16277],[-6.54036,39.18169],[-6.53995,39.15526],[-6.57425,39.15836],[-6.5801,39.17979],[-6.63337,39.19684],[-6.65974,39.19907],[-6.681,39.17715],[-6.7675,39.18837],[-6.80086,39.23942],[-6.76117,39.27661],[-6.74675,39.32175],[-6.79701,39.34451],[-6.80207,39.3895],[-6.88323,39.38276],[-7.04939,39.43667],[-7.06703,39.4143],[-7.00927,39.38849],[-7.03261,39.36764],[-7.04413,39.32693],[-7.07717,39.31018],[-7.1021,39.34637],[-7.09859,39.35912],[-7.07912,39.35142],[-7.06297,39.37227],[-7.07388,39.38122],[-7.1543,39.36751],[-7.17783,39.33122],[-7.16851,39.32015],[-7.15542,39.32966],[-7.1552,39.31445],[-7.20386,39.2657],[-7.2314,39.27836],[-7.24778,39.25395],[-7.24135,39.20854],[-7.13459,39.1711],[-7.14381,39.10925],[-7.1058,39.09932],[-7.0391,39.11838],[-6.99587,39.09926],[-6.95132,39.024],[-7.05204,38.90716],[-7.03314,38.87918],[-7.03934,38.86478],[-7.06832,38.85382],[-7.08917,38.81887],[-7.12855,38.81385],[-7.2553,38.72589],[-7.26969,38.63879],[-7.24413,38.62363],[-7.30304,38.54491],[-7.32262,38.47823],[-7.29558,38.47777],[-7.33594,38.43494],[-7.28052,38.42035],[-7.16961,38.27927],[-7.15056,38.27574],[-7.14287,38.24048],[-7.08561,38.1694],[-7.06639,38.18657],[-7.02857,38.18264],[-7.01121,38.20455],[-6.97185,38.20236],[-6.93647,38.22052],[-6.93781,38.20693],[-6.85534,38.17903],[-6.79509,38.17854],[-6.80834,38.11124],[-6.77006,38.11211],[-6.77009,38.09946],[-6.73282,38.08995],[-6.6221,38.09701],[-6.58053,38.05277],[-6.58233,38.02085],[-6.54569,38.02812],[-6.47656,38.00783],[-6.44361,38.04696],[-6.45244,38.05596],[-6.4139,38.05856],[-6.36725,38.04892],[-6.35271,38.0074],[-6.30363,37.97834],[-6.20152,37.96206],[-6.18024,37.94103],[-6.11531,37.98177],[-5.95369,37.99535],[-5.93422,38.04688],[-5.90898,38.06285],[-5.92638,38.10501],[-5.88066,38.13228],[-5.87468,38.15834],[-5.72816,38.19742],[-5.68861,38.18188],[-5.68406,38.15798],[-5.70579,38.16938],[-5.69526,38.14971],[-5.73882,38.13282],[-5.7349,38.08626],[-5.69363,38.08374],[-5.63343,38.13812],[-5.58479,38.13171],[-5.57586,38.14964],[-5.53967,38.16069],[-5.53871,38.20061],[-5.52043,38.20757],[-5.52596,38.26412],[-5.57565,38.32911],[-5.55925,38.36689],[-5.58449,38.40028],[-5.56813,38.43339],[-5.51921,38.46347],[-5.48445,38.46339],[-5.47949,38.48468],[-5.41862,38.51273],[-5.40693,38.54369],[-5.38317,38.54048],[-5.39272,38.55348],[-5.37175,38.58357],[-5.30851,38.57762],[-5.29224,38.61081],[-5.22377,38.65671],[-5.21474,38.64857],[-5.20848,38.6677],[-5.18423,38.65973],[-5.18576,38.67417],[-5.16732,38.68047],[-5.1845,38.7197],[-5.09919,38.70765],[-4.98999,38.73976],[-4.94348,38.85438],[-4.91494,38.88744],[-4.84732,38.8824],[-4.83242,38.93891],[-4.91822,38.95705],[-4.9625,39.05873],[-4.87999,39.03243],[-4.83279,39.04616],[-4.82693,39.06412],[-4.8744,39.10043],[-4.85317,39.15244],[-4.81027,39.19942],[-4.64897,39.1649],[-4.70823,39.20987],[-4.76101,39.32079],[-4.70666,39.32773],[-4.70421,39.36445],[-4.6717,39.41355],[-4.67789,39.43485]]]]},"properties":{"code":"ES-06","nom":"Badajoz","country":"ES"}},{"type":"Feature","geometry":{"type":"MultiPolygon","coordinates":[[[[-0.15968,38.88351],[-0.23054,38.85349],[-0.31081,38.88151],[-0.38144,38.8349],[-0.40339,38.83971],[-0.46188,38.80765],[-0.59129,38.79682],[-0.56564,38.75543],[-0.52963,38.76709],[-0.50711,38.74298],[-0.61805,38.68665],[-0.64247,38.70414],[-0.64403,38.72814],[-0.70719,38.73382],[-0.73493,38.75944],[-0.83462,38.73243],[-0.86169,38.77089],[-0.90499,38.76708],[-0.92894,38.78383],[-0.96143,38.77479],[-0.91579,38.69597],[-0.96247,38.65693],[-1.02693,38.65552],[-1.00157,38.57267],[-1.02606,38.52282],[-1.01364,38.49673],[-1.09416,38.43793],[-1.07721,38.43147],[-1.08806,38.36777],[-1.08438,38.34622],[-0.98915,38.32088],[-0.96768,38.27564],[-0.98855,38.19953],[-1.03676,38.13772],[-1.0226,38.07569],[-0.92119,37.94424],[-0.83191,37.86513],[-0.76239,37.84695],[-0.74906,37.89973],[-0.71983,37.91138],[-0.69674,37.96947],[-0.66598,37.97622],[-0.64764,37.99999],[-0.63085,38.14894],[-0.59527,38.18788],[-0.51371,38.19746],[-0.51063,38.3259],[-0.44426,38.36325],[-0.40384,38.35248],[-0.40457,38.40145],[-0.37501,38.44304],[-0.15198,38.53504],[-0.09756,38.52347],[-0.04958,38.56219],[-0.06174,38.58205],[-0.01588,38.62666],[0.03055,38.62592],[0.05137,38.64131],[0.08386,38.63103],[0.07359,38.6447],[0.09846,38.67284],[0.14861,38.67926],[0.18241,38.72078],[0.23392,38.73693],[0.224,38.74896],[0.22165,38.75825],[0.22477,38.76428],[0.19024,38.77347],[0.18206,38.79385],[0.19752,38.80405],[0.1095,38.84553],[0.1258,38.8486],[0.01527,38.86379],[-0.03751,38.88693],[-0.0248,38.87255],[-0.03468,38.85689],[-0.07062,38.88572],[-0.14808,38.85843],[-0.15968,38.88351]],[[-0.72111,37.92103],[-0.72155,37.92096],[-0.72134,37.92154],[-0.72107,37.9215],[-0.72111,37.92103]],[[0.08646,38.65956],[0.08627,38.65949],[0.08608,38.65955],[0.08654,38.65986],[0.08646,38.65956]],[[-0.72081,37.92024],[-0.72101,37.92005],[-0.7211,37.92027],[-0.72074,37.92049],[-0.72081,37.92024]],[[0.2319,38.7365],[0.23162,38.73666],[0.23164,38.73671],[0.23176,38.73669],[0.2319,38.7365]],[[0.15589,38.69175],[0.15577,38.69181],[0.15589,38.69192],[0.15594,38.6919],[0.15589,38.69175]]],[[[-0.4802,38.16696],[-0.48434,38.16642],[-0.46489,38.16323],[-0.47203,38.16647],[-0.4802,38.16696]],[[-0.47642,38.16608],[-0.47661,38.16603],[-0.47677,38.16618],[-0.47647,38.16626],[-0.47642,38.16608]]],[[[0.23072,38.75692],[0.22889,38.75684],[0.2282,38.75386],[0.23046,38.75361],[0.23072,38.75692]]],[[[-0.12963,38.50334],[-0.13122,38.50408],[-0.13302,38.50216],[-0.12903,38.5012],[-0.12963,38.50334]]],[[[0.21863,38.72623],[0.21628,38.7277],[0.21507,38.72741],[0.21813,38.72622],[0.21863,38.72623]]],[[[-0.48584,38.16671],[-0.48659,38.16689],[-0.48458,38.16636],[-0.48512,38.1667],[-0.48584,38.16671]]],[[[-0.07179,38.53732],[-0.07295,38.53714],[-0.07344,38.53662],[-0.07258,38.53634],[-0.07179,38.53732]]],[[[-0.47353,38.16125],[-0.47439,38.16176],[-0.47474,38.16168],[-0.47456,38.16107],[-0.47353,38.16125]]],[[[-0.01934,38.61663],[-0.01918,38.61716],[-0.01969,38.61728],[-0.01997,38.61659],[-0.01934,38.61663]]],[[[-0.45928,38.16147],[-0.45919,38.16194],[-0.45986,38.16181],[-0.45961,38.16136],[-0.45928,38.16147]]],[[[-0.53887,38.18563],[-0.5383,38.1862],[-0.53825,38.18647],[-0.53846,38.18647],[-0.53887,38.18563]]],[[[-0.48446,38.16458],[-0.48457,38.1649],[-0.48496,38.16481],[-0.48476,38.16451],[-0.48446,38.16458]]],[[[0.23417,38.74247],[0.23417,38.74281],[0.23387,38.74285],[0.23383,38.74248],[0.23417,38.74247]]],[[[0.22447,38.76123],[0.2245,38.76157],[0.22412,38.76145],[0.22413,38.76131],[0.22447,38.76123]]],[[[-0.46422,38.16291],[-0.46441,38.16315],[-0.46466,38.1631],[-0.46445,38.1628],[-0.46422,38.16291]]],[[[-0.45465,38.16188],[-0.45463,38.16211],[-0.45494,38.16217],[-0.45495,38.1619],[-0.45465,38.16188]]],[[[0.2315,38.75217],[0.23169,38.75237],[0.23169,38.75249],[0.2312,38.75227],[0.2315,38.75217]]],[[[-0.75343,37.87166],[-0.7533,37.87212],[-0.75347,37.87214],[-0.75355,37.87179],[-0.75343,37.87166]]],[[[-0.45668,38.16174],[-0.45666,38.16199],[-0.4569,38.16196],[-0.45696,38.16179],[-0.45668,38.16174]]],[[[-0.01402,38.6239],[-0.01388,38.62411],[-0.01421,38.62407],[-0.01422,38.62394],[-0.01402,38.6239]]],[[[-0.45592,38.16175],[-0.45616,38.16189],[-0.45624,38.1618],[-0.45604,38.16163],[-0.45592,38.16175]]],[[[0.19775,38.80019],[0.19751,38.80022],[0.19747,38.80003],[0.19771,38.8],[0.19775,38.80019]]],[[[-0.76112,37.84924],[-0.76115,37.84936],[-0.7613,37.84924],[-0.76119,37.84919],[-0.76112,37.84924]]],[[[-0.76104,37.84793],[-0.76106,37.84809],[-0.76114,37.84806],[-0.76115,37.84795],[-0.76104,37.84793]]],[[[-0.76098,37.84886],[-0.76105,37.84895],[-0.76112,37.84889],[-0.76102,37.84879],[-0.76098,37.84886]]],[[[-0.76113,37.84861],[-0.7612,37.84869],[-0.76126,37.84867],[-0.76122,37.84853],[-0.76113,37.84861]]]]},"properties":{"code":"ES-03","nom":"Alacant/Alicante","country":"ES"}},{"type":"Feature","geometry":{"type":"MultiPolygon","coordinates":[[[[-7.92018,42.56666],[-7.928,42.57853],[-7.99249,42.5725],[-8.01863,42.54222],[-8.0905,42.55776],[-8.14683,42.54867],[-8.17386,42.57197],[-8.30273,42.49021],[-8.36634,42.48735],[-8.34202,42.4657],[-8.3147,42.38098],[-8.3247,42.34505],[-8.26196,42.31538],[-8.26458,42.25286],[-8.22946,42.23293],[-8.16184,42.24412],[-8.16461,42.22144],[-8.19226,42.20912],[-8.16117,42.17915],[-8.19904,42.15441],[-8.1873,42.07463],[-8.11852,42.08211],[-8.08429,42.04737],[-8.08546,42.01698],[-8.16348,41.98271],[-8.21702,41.91363],[-8.19972,41.87402],[-8.17061,41.87905],[-8.16511,41.81827],[-8.09387,41.80895],[-8.01326,41.82882],[-7.98086,41.87237],[-7.92098,41.87902],[-7.90578,41.92737],[-7.88438,41.92443],[-7.89193,41.85993],[-7.87648,41.84947],[-7.84561,41.86394],[-7.84498,41.88153],[-7.70116,41.90805],[-7.65385,41.88137],[-7.58627,41.88203],[-7.61359,41.82928],[-7.52109,41.84192],[-7.50214,41.86963],[-7.4528,41.86514],[-7.42564,41.83106],[-7.42729,41.80748],[-7.36728,41.85168],[-7.31581,41.84284],[-7.23266,41.86722],[-7.19729,41.88006],[-7.1735,41.91954],[-7.18992,41.94176],[-7.17818,41.97965],[-7.14057,41.99083],[-7.08756,41.97391],[-7.07352,41.95031],[-7.00623,41.95051],[-6.9611,42.02791],[-6.97479,42.05516],[-7.01183,42.05242],[-7.03359,42.07424],[-7.00269,42.08417],[-6.98982,42.12131],[-6.94455,42.14168],[-6.94279,42.17334],[-6.90108,42.18962],[-6.87824,42.21952],[-6.8436,42.2283],[-6.78714,42.21572],[-6.80318,42.23867],[-6.767,42.25746],[-6.73429,42.31869],[-6.73395,42.35911],[-6.84351,42.40585],[-6.81427,42.42735],[-6.82277,42.45291],[-6.80832,42.46861],[-6.82278,42.49086],[-6.86006,42.48876],[-6.92505,42.51944],[-6.96009,42.51776],[-6.97854,42.49325],[-7.07705,42.50819],[-7.09974,42.45878],[-7.14927,42.43616],[-7.20267,42.3257],[-7.23093,42.35914],[-7.22007,42.38719],[-7.30694,42.42945],[-7.3699,42.42136],[-7.39925,42.43556],[-7.50758,42.38678],[-7.54197,42.38444],[-7.57612,42.40487],[-7.61907,42.38489],[-7.63141,42.40705],[-7.69787,42.42954],[-7.71317,42.45238],[-7.7889,42.466],[-7.78835,42.47348],[-7.74831,42.47999],[-7.76503,42.49396],[-7.80131,42.48002],[-7.87541,42.51095],[-7.91318,42.50839],[-7.9016,42.52136],[-7.92401,42.52504],[-7.88852,42.54147],[-7.92018,42.56666]]]]},"properties":{"code":"ES-32","nom":"Ourense","country":"ES"}},{"type":"Feature","geometry":{"type":"MultiPolygon","coordinates":[[[[1.91821,42.31778],[1.67031,42.2817],[1.69014,42.2771],[1.6846,42.25644],[1.70456,42.23882],[1.68039,42.22436],[1.68035,42.20624],[1.73804,42.18942],[1.73907,42.17653],[1.69856,42.13572],[1.72205,42.09109],[1.6913,42.0871],[1.67023,42.04442],[1.69248,42.04613],[1.69928,42.0289],[1.66597,42.0035],[1.65586,42.02092],[1.64786,42.00015],[1.69744,41.98518],[1.69774,42.01469],[1.71923,41.98447],[1.68275,41.96738],[1.66945,41.96991],[1.67529,41.98253],[1.65007,41.97966],[1.65301,41.9288],[1.56893,41.88002],[1.61912,41.88153],[1.63031,41.85878],[1.61146,41.81777],[1.58881,41.80472],[1.5936,41.77793],[1.57258,41.78219],[1.53072,41.75256],[1.50483,41.78789],[1.48245,41.79101],[1.48259,41.77113],[1.46112,41.77669],[1.47108,41.80093],[1.41701,41.79463],[1.40302,41.7453],[1.42485,41.73277],[1.38192,41.70576],[1.42339,41.68412],[1.41504,41.67458],[1.44832,41.6361],[1.39167,41.63409],[1.35962,41.61354],[1.40664,41.60048],[1.39285,41.57509],[1.41968,41.58261],[1.45448,41.56919],[1.43103,41.55566],[1.44858,41.53707],[1.40872,41.53493],[1.39635,41.51289],[1.48456,41.47492],[1.46848,41.44396],[1.4952,41.43561],[1.4751,41.42945],[1.49016,41.40148],[1.47304,41.38076],[1.50929,41.39444],[1.53682,41.38536],[1.57796,41.36246],[1.55866,41.34315],[1.5955,41.30885],[1.58822,41.29356],[1.63679,41.29595],[1.6197,41.2537],[1.57016,41.26073],[1.58311,41.23608],[1.62401,41.22294],[1.64098,41.23537],[1.64735,41.19275],[2.11585,41.29048],[2.18475,41.38082],[2.18664,41.36695],[2.17181,41.33499],[2.19831,41.38689],[2.26647,41.45914],[2.36904,41.49045],[2.55544,41.57937],[2.77778,41.65],[2.75787,41.67913],[2.77686,41.73549],[2.6576,41.74769],[2.54731,41.71907],[2.51597,41.7619],[2.46915,41.77779],[2.47218,41.7896],[2.35155,41.80967],[2.32599,41.85566],[2.32798,41.88305],[2.36966,41.8855],[2.38261,41.87152],[2.40712,41.89572],[2.4427,41.88749],[2.48118,41.91602],[2.4291,41.96893],[2.47431,41.96934],[2.48802,41.98467],[2.46878,41.99383],[2.4989,42.00152],[2.50616,42.03227],[2.48222,42.04925],[2.49035,42.06732],[2.45804,42.07928],[2.41753,42.06497],[2.3945,42.08676],[2.40018,42.10276],[2.36603,42.12135],[2.29492,42.10268],[2.29955,42.1342],[2.27002,42.14521],[2.21512,42.14209],[2.20107,42.12429],[2.1447,42.13141],[2.12592,42.11311],[2.09232,42.1443],[2.06038,42.13536],[2.00398,42.14952],[1.99149,42.18259],[1.96589,42.17879],[1.96521,42.19909],[2.0073,42.19407],[1.99554,42.1723],[2.00483,42.1621],[2.06051,42.17789],[2.0533,42.21953],[2.03018,42.21587],[2.01673,42.23298],[2.0699,42.2916],[1.91821,42.31778]],[[2.02179,42.12768],[2.02978,42.12124],[2.00754,42.10725],[2.00253,42.12557],[2.02179,42.12768]],[[1.71109,41.89039],[1.70939,41.89711],[1.72491,41.89303],[1.71875,41.8824],[1.71109,41.89039]],[[1.62897,41.31065],[1.63323,41.31349],[1.6425,41.31296],[1.63748,41.30968],[1.62897,41.31065]]],[[[1.65671,42.11444],[1.64487,42.11262],[1.69187,42.11028],[1.68315,42.11443],[1.65671,42.11444]]],[[[2.63982,41.60482],[2.63984,41.6049],[2.63961,41.60488],[2.63962,41.60482],[2.63982,41.60482]]]]},"properties":{"code":"ES-08","nom":"Barcelona","country":"ES"}},{"type":"Feature","geometry":{"type":"MultiPolygon","coordinates":[[[[-3.24918,43.196],[-3.43456,43.13165],[-3.60354,43.14964],[-3.61245,43.16952],[-3.65175,43.18079],[-3.70468,43.11628],[-3.75488,43.10055],[-3.76457,43.08103],[-3.84696,43.0844],[-3.83177,43.06383],[-3.85079,43.03925],[-3.89075,43.04183],[-3.90926,43.0161],[-3.94546,43.00577],[-3.98717,42.94054],[-3.97462,42.91235],[-3.92999,42.91485],[-3.93354,42.8996],[-3.89128,42.92549],[-3.88738,42.94877],[-3.83954,42.93978],[-3.83355,42.91799],[-3.86861,42.89908],[-3.90782,42.91452],[-3.91058,42.91093],[-3.89293,42.88736],[-3.92435,42.88922],[-3.89747,42.88029],[-3.91483,42.86008],[-3.88019,42.85139],[-3.86374,42.88981],[-3.82674,42.87086],[-3.82291,42.79907],[-3.86338,42.78646],[-3.89445,42.80454],[-3.91095,42.76839],[-3.96569,42.7586],[-3.99066,42.77098],[-4.08526,42.76408],[-4.10955,42.73388],[-4.14497,42.75252],[-4.25704,42.68811],[-4.26669,42.7053],[-4.29317,42.6909],[-4.26387,42.61796],[-4.2939,42.60526],[-4.28543,42.58198],[-4.27081,42.58139],[-4.30535,42.57081],[-4.30333,42.55536],[-4.27769,42.54469],[-4.27215,42.51998],[-4.2862,42.51197],[-4.24704,42.49472],[-4.25439,42.46792],[-4.24259,42.45624],[-4.31709,42.45893],[-4.33534,42.43061],[-4.31623,42.40998],[-4.33096,42.39095],[-4.32159,42.3799],[-4.27273,42.38572],[-4.28052,42.36379],[-4.26482,42.35251],[-4.24411,42.2594],[-4.22876,42.25037],[-4.23144,42.20845],[-4.18864,42.17638],[-4.20501,42.13361],[-4.12022,42.12813],[-4.10378,42.10969],[-4.05621,42.10091],[-4.07749,42.08268],[-4.10304,42.08704],[-4.10411,42.06163],[-4.07989,42.03678],[-4.03925,42.05335],[-3.98168,42.05105],[-3.97107,42.03321],[-4.01478,41.99858],[-4.03298,41.95408],[-3.9102,41.99697],[-3.88975,41.99091],[-3.89198,41.95794],[-3.92914,41.95936],[-3.98134,41.9307],[-3.9807,41.90062],[-4.03758,41.87277],[-4.08882,41.87065],[-4.07932,41.84845],[-4.09007,41.83086],[-4.038,41.78985],[-4.05579,41.74068],[-4.0767,41.73356],[-4.02604,41.69238],[-4.03528,41.62062],[-4.00593,41.61936],[-3.98163,41.58366],[-3.89455,41.55215],[-3.82388,41.48113],[-3.78764,41.48586],[-3.80379,41.52458],[-3.76619,41.53793],[-3.76975,41.46015],[-3.73948,41.45078],[-3.72372,41.47921],[-3.72831,41.51764],[-3.66105,41.56608],[-3.61684,41.57716],[-3.57262,41.5654],[-3.56651,41.57996],[-3.54157,41.57761],[-3.55044,41.59659],[-3.52915,41.61263],[-3.45916,41.58963],[-3.3934,41.69061],[-3.3584,41.69342],[-3.35439,41.73725],[-3.27545,41.76867],[-3.28376,41.88381],[-3.24334,41.864],[-3.23439,41.84064],[-3.1945,41.82893],[-3.17135,41.79301],[-3.1362,41.81194],[-3.09716,41.88106],[-3.01677,41.88691],[-3.00807,41.92222],[-2.97079,41.92927],[-2.95052,41.9939],[-2.91362,42.02285],[-2.93118,42.08678],[-3.03437,42.08596],[-3.12906,42.19765],[-3.08859,42.24573],[-3.10967,42.35145],[-3.06346,42.3567],[-3.08481,42.38539],[-3.10527,42.38637],[-3.10135,42.41678],[-3.07818,42.41575],[-3.08265,42.39738],[-3.05688,42.37027],[-3.0633,42.42491],[-3.046,42.44515],[-3.0947,42.48807],[-3.07257,42.52892],[-3.13427,42.54205],[-3.05983,42.58919],[-3.08415,42.64069],[-2.94645,42.63932],[-2.91601,42.61952],[-2.85809,42.6382],[-2.89606,42.65503],[-2.9025,42.6936],[-2.93136,42.7084],[-2.98063,42.70382],[-3.01695,42.74108],[-3.04201,42.73952],[-3.04965,42.76561],[-3.14791,42.7567],[-3.12325,42.78933],[-3.15923,42.80459],[-3.11315,42.86106],[-3.11494,42.88925],[-3.16282,42.85674],[-3.19069,42.86946],[-3.22218,42.83864],[-3.20553,42.8274],[-3.28261,42.87551],[-3.27724,42.90158],[-3.24855,42.91215],[-3.22473,42.94969],[-3.14473,42.93468],[-3.14927,42.91706],[-3.0921,42.89878],[-3.01891,42.90851],[-2.98119,42.93944],[-3.04148,42.96992],[-3.06026,43.00351],[-3.1778,43.02198],[-3.14196,43.02941],[-3.14031,43.06715],[-3.15819,43.07402],[-3.13394,43.09723],[-3.18179,43.12088],[-3.14117,43.16541],[-3.15863,43.17813],[-3.22409,43.17013],[-3.24918,43.196]],[[-4.0896,42.16057],[-4.06564,42.1635],[-4.06214,42.13158],[-4.11004,42.14319],[-4.11184,42.15858],[-4.0896,42.16057]],[[-4.03455,42.10658],[-4.02437,42.08355],[-4.03194,42.07864],[-4.0276,42.08785],[-4.03455,42.10658]]],[[[-2.82771,42.78797],[-2.83547,42.79627],[-2.86846,42.73992],[-2.7845,42.69894],[-2.7679,42.66601],[-2.65917,42.67246],[-2.63485,42.6478],[-2.5174,42.64633],[-2.52202,42.68403],[-2.57777,42.66821],[-2.60898,42.69596],[-2.57263,42.72517],[-2.5583,42.76273],[-2.58937,42.75032],[-2.60235,42.77063],[-2.64371,42.76472],[-2.73155,42.79451],[-2.82771,42.78797]]],[[[-2.93489,42.59441],[-2.92263,42.60083],[-2.9345,42.61407],[-2.94521,42.60389],[-2.93489,42.59441]]],[[[-4.24781,42.73604],[-4.26063,42.73889],[-4.26315,42.73048],[-4.25133,42.72655],[-4.24781,42.73604]]],[[[-2.99194,42.60456],[-2.98286,42.6108],[-2.98522,42.61422],[-2.99452,42.61549],[-2.99194,42.60456]]]]},"properties":{"code":"ES-09","nom":"Burgos","country":"ES"}},{"type":"Feature","geometry":{"type":"MultiPolygon","coordinates":[[[[-6.23048,40.4866],[-6.27533,40.45852],[-6.34464,40.44278],[-6.3714,40.40187],[-6.41883,40.39929],[-6.43832,40.37277],[-6.53628,40.34724],[-6.56041,40.32905],[-6.55617,40.29078],[-6.58702,40.27072],[-6.67175,40.26323],[-6.69014,40.24266],[-6.71858,40.2692],[-6.7556,40.23892],[-6.83452,40.24758],[-6.86509,40.27063],[-6.95054,40.25825],[-6.96456,40.23758],[-7.01216,40.22648],[-7.02887,40.18531],[-7.01565,40.17806],[-7.0119,40.12687],[-6.99344,40.11272],[-6.94164,40.11287],[-6.86409,40.01245],[-6.88563,39.98041],[-6.88577,39.94044],[-6.90894,39.91916],[-6.90353,39.87131],[-6.98691,39.8101],[-6.97672,39.7727],[-7.01534,39.67079],[-7.1493,39.6529],[-7.25014,39.6672],[-7.33284,39.64117],[-7.54483,39.66375],[-7.49589,39.58644],[-7.46088,39.57263],[-7.42974,39.53451],[-7.39112,39.52988],[-7.38127,39.49181],[-7.2965,39.4589],[-7.32348,39.38193],[-7.30831,39.33683],[-7.20386,39.2657],[-7.15202,39.32148],[-7.17781,39.33079],[-7.16123,39.36134],[-7.12574,39.38117],[-7.06297,39.37227],[-7.07912,39.35142],[-7.10304,39.35456],[-7.07957,39.31139],[-7.04591,39.32493],[-7.00927,39.38849],[-7.06703,39.4143],[-7.04939,39.43667],[-6.88323,39.38276],[-6.80441,39.39039],[-6.79701,39.34451],[-6.74675,39.32175],[-6.76117,39.27661],[-6.80086,39.23942],[-6.7675,39.18837],[-6.681,39.17715],[-6.65974,39.19907],[-6.63337,39.19684],[-6.5801,39.17979],[-6.57425,39.15836],[-6.53995,39.15526],[-6.54036,39.18169],[-6.3791,39.16277],[-6.32411,39.18643],[-6.3116,39.11161],[-6.23086,39.0898],[-6.20314,39.0565],[-6.15745,39.05547],[-6.1421,39.03158],[-6.0186,39.12912],[-6.00931,39.05253],[-5.94229,39.10851],[-5.92666,39.10464],[-5.93764,39.08378],[-5.92469,39.08318],[-5.83345,39.11033],[-5.81037,39.14458],[-5.75518,39.1323],[-5.68705,39.08206],[-5.64594,39.10232],[-5.6044,39.10039],[-5.58362,39.11811],[-5.60088,39.13435],[-5.57656,39.15091],[-5.61324,39.18822],[-5.55101,39.21588],[-5.52815,39.19147],[-5.51458,39.20971],[-5.45984,39.15837],[-5.41267,39.15696],[-5.38402,39.17419],[-5.34905,39.23356],[-5.34001,39.33331],[-5.24762,39.30182],[-5.12355,39.3365],[-5.11358,39.38747],[-5.08987,39.39036],[-5.05384,39.36243],[-4.98418,39.37174],[-4.97464,39.39433],[-4.95251,39.39499],[-5.20662,39.59723],[-5.16176,39.64244],[-5.13779,39.715],[-5.17396,39.75126],[-5.15846,39.75966],[-5.1669,39.79988],[-5.20646,39.79756],[-5.25482,39.75234],[-5.30808,39.76002],[-5.31259,39.82428],[-5.28405,39.86388],[-5.32361,39.89173],[-5.40611,39.87773],[-5.36514,39.98292],[-5.36901,40.10008],[-5.33598,40.11582],[-5.36799,40.16411],[-5.36967,40.21831],[-5.34321,40.26405],[-5.4291,40.25261],[-5.47091,40.20785],[-5.54812,40.19724],[-5.61452,40.2183],[-5.622,40.24588],[-5.6492,40.24972],[-5.69266,40.29211],[-5.79314,40.2867],[-5.80274,40.29763],[-5.78199,40.31246],[-5.79934,40.35375],[-5.88424,40.3266],[-5.91717,40.2777],[-5.93778,40.28107],[-6.00594,40.3058],[-6.01602,40.34029],[-6.10572,40.35679],[-6.08238,40.36321],[-6.07216,40.387],[-6.08517,40.39049],[-6.06513,40.39693],[-6.12948,40.42079],[-6.11613,40.44159],[-6.14702,40.43612],[-6.15705,40.45661],[-6.23048,40.4866]]]]},"properties":{"code":"ES-10","nom":"C\u00e1ceres","country":"ES"}},{"type":"Feature","geometry":{"type":"MultiPolygon","coordinates":[[[[-5.43132,37.05039],[-5.51099,37.0336],[-5.46973,36.98395],[-5.54612,36.93018],[-5.53382,36.89345],[-5.5834,36.91509],[-5.58711,36.94701],[-5.61809,36.94016],[-5.66757,36.97599],[-5.71377,36.92039],[-5.84551,36.91521],[-5.87652,36.89471],[-5.89105,36.84219],[-6.10445,36.85726],[-6.15615,36.88565],[-6.25379,36.89391],[-6.27829,36.91085],[-6.33101,36.8988],[-6.35321,36.85504],[-6.34236,36.79442],[-6.44278,36.73775],[-6.38826,36.62899],[-6.35372,36.61421],[-6.33736,36.62528],[-6.32617,36.61038],[-6.33014,36.62437],[-6.31124,36.61784],[-6.3201,36.61197],[-6.29982,36.61786],[-6.26593,36.57983],[-6.23822,36.58448],[-6.24938,36.57228],[-6.23282,36.58492],[-6.22912,36.52507],[-6.25797,36.52919],[-6.24563,36.50896],[-6.20787,36.50958],[-6.20053,36.52873],[-6.17324,36.52141],[-6.22984,36.4626],[-6.2576,36.47311],[-6.25643,36.50782],[-6.28193,36.52748],[-6.26863,36.532],[-6.27684,36.54074],[-6.29229,36.53287],[-6.27936,36.543],[-6.28729,36.54284],[-6.2905,36.53771],[-6.30505,36.53674],[-6.3096,36.5286],[-6.28883,36.52342],[-6.21875,36.39255],[-6.18221,36.36857],[-6.15109,36.30653],[-6.10276,36.28411],[-6.03447,36.18117],[-5.9149,36.18477],[-5.79724,36.07827],[-5.77634,36.08776],[-5.72382,36.06005],[-5.68929,36.06736],[-5.6525,36.05316],[-5.61108,36.00013],[-5.42954,36.07096],[-5.44354,36.08964],[-5.43108,36.10559],[-5.44257,36.1196],[-5.43001,36.14075],[-5.44045,36.12401],[-5.4436,36.12744],[-5.43591,36.14071],[-5.44312,36.12873],[-5.44727,36.1391],[-5.44065,36.16206],[-5.39142,36.18093],[-5.35215,36.15621],[-5.36503,36.15501],[-5.33865,36.15346],[-5.31705,36.22919],[-5.25235,36.31122],[-5.27783,36.33712],[-5.32008,36.32507],[-5.34716,36.41865],[-5.42932,36.53316],[-5.4924,36.53647],[-5.52425,36.49771],[-5.60829,36.51229],[-5.61048,36.54423],[-5.52332,36.53112],[-5.46082,36.58878],[-5.45591,36.61958],[-5.38072,36.63178],[-5.32403,36.67334],[-5.32463,36.72401],[-5.29094,36.77517],[-5.31982,36.78673],[-5.34071,36.81942],[-5.30158,36.86964],[-5.26978,36.88421],[-5.22201,36.84272],[-5.1704,36.82355],[-5.13329,36.8391],[-5.10508,36.89794],[-5.08677,36.90509],[-5.11012,36.95933],[-5.09558,36.96829],[-5.11515,36.98896],[-5.14238,37.00386],[-5.23453,36.94105],[-5.30022,37.01374],[-5.30211,37.03736],[-5.39239,36.97328],[-5.41285,36.94066],[-5.43895,36.93529],[-5.46029,36.9753],[-5.42011,37.01321],[-5.43132,37.05039]]],[[[-6.46916,36.73804],[-6.47205,36.73725],[-6.4685,36.73225],[-6.46831,36.73707],[-6.46916,36.73804]]],[[[-6.22078,36.38114],[-6.22534,36.39618],[-6.22127,36.38026],[-6.21979,36.37895],[-6.22078,36.38114]]],[[[-6.31543,36.52864],[-6.3178,36.52787],[-6.31232,36.52783],[-6.31278,36.52821],[-6.31543,36.52864]]],[[[-6.21921,36.38602],[-6.22033,36.38698],[-6.21893,36.3838],[-6.21913,36.38454],[-6.21921,36.38602]]],[[[-6.22089,36.38733],[-6.2207,36.38798],[-6.22149,36.39005],[-6.2213,36.38725],[-6.22089,36.38733]]],[[[-6.21582,36.38244],[-6.2148,36.38321],[-6.21544,36.38396],[-6.21634,36.38248],[-6.21582,36.38244]]],[[[-5.29309,36.2455],[-5.29428,36.24599],[-5.29542,36.24553],[-5.29503,36.24527],[-5.29309,36.2455]]],[[[-5.43464,36.06523],[-5.43511,36.06528],[-5.43521,36.06483],[-5.43428,36.06489],[-5.43464,36.06523]]],[[[-6.45732,36.73556],[-6.45723,36.73586],[-6.45811,36.73564],[-6.4581,36.73541],[-6.45732,36.73556]]],[[[-6.00792,36.18142],[-6.00891,36.1816],[-6.00925,36.18149],[-6.00847,36.18138],[-6.00792,36.18142]]],[[[-6.00578,36.18127],[-6.00593,36.18145],[-6.00666,36.18143],[-6.0062,36.18129],[-6.00578,36.18127]]],[[[-5.42362,36.07703],[-5.42397,36.07741],[-5.42408,36.07735],[-5.42396,36.07707],[-5.42362,36.07703]]],[[[-5.42335,36.07617],[-5.42377,36.07651],[-5.4239,36.07654],[-5.42366,36.07623],[-5.42335,36.07617]]],[[[-5.43604,36.06549],[-5.43603,36.0656],[-5.43621,36.06565],[-5.4362,36.06546],[-5.43604,36.06549]]],[[[-5.43631,36.0656],[-5.43631,36.06573],[-5.43643,36.06577],[-5.43636,36.0655],[-5.43631,36.0656]]],[[[-5.43647,36.06528],[-5.43654,36.06536],[-5.4366,36.0652],[-5.43646,36.06517],[-5.43647,36.06528]]],[[[-5.43722,36.06446],[-5.43733,36.06449],[-5.43741,36.06441],[-5.43729,36.06439],[-5.43722,36.06446]]],[[[-5.43733,36.06423],[-5.43747,36.06424],[-5.43753,36.06417],[-5.4374,36.06416],[-5.43733,36.06423]]]]},"properties":{"code":"ES-11","nom":"C\u00e1diz","country":"ES"}},{"type":"Feature","geometry":{"type":"MultiPolygon","coordinates":[[[[-0.16496,40.78863],[-0.19718,40.78446],[-0.22403,40.75416],[-0.23599,40.69111],[-0.307,40.6595],[-0.32882,40.68028],[-0.38113,40.66423],[-0.37048,40.61359],[-0.29329,40.61104],[-0.30184,40.5154],[-0.27764,40.50153],[-0.27264,40.47376],[-0.34736,40.44394],[-0.28524,40.38632],[-0.28203,40.36529],[-0.34062,40.33999],[-0.36627,40.30505],[-0.38864,40.30694],[-0.40041,40.29485],[-0.38363,40.26485],[-0.42807,40.2438],[-0.49451,40.22873],[-0.54419,40.25166],[-0.57864,40.13734],[-0.62853,40.10258],[-0.61359,40.07001],[-0.62722,40.0762],[-0.68294,40.04422],[-0.75362,40.04661],[-0.77765,39.99841],[-0.83794,39.97655],[-0.8463,39.9477],[-0.8329,39.911],[-0.77356,39.8698],[-0.73046,39.81483],[-0.71255,39.81685],[-0.69111,39.85246],[-0.65615,39.83596],[-0.65235,39.75408],[-0.58822,39.74169],[-0.57705,39.7732],[-0.53059,39.79598],[-0.45618,39.7147],[-0.39609,39.75861],[-0.37792,39.79988],[-0.32826,39.80148],[-0.27653,39.77054],[-0.26418,39.7455],[-0.18827,39.72191],[-0.08887,39.85398],[-0.06699,39.85736],[-0.00516,39.91517],[0.04967,40.03544],[0.14755,40.08291],[0.19051,40.17043],[0.264,40.20855],[0.27836,40.24415],[0.40845,40.35735],[0.41783,40.40059],[0.51316,40.51601],[0.43796,40.54706],[0.44394,40.57822],[0.40196,40.60238],[0.27883,40.63006],[0.26783,40.659],[0.29184,40.68855],[0.26243,40.70585],[0.23652,40.70168],[0.22612,40.73316],[0.14392,40.71825],[0.1125,40.72714],[0.04217,40.69101],[0.02644,40.69495],[0.01574,40.72843],[-0.0647,40.72741],[-0.12684,40.75332],[-0.14453,40.78544],[-0.16496,40.78863]]],[[[0.68762,39.90063],[0.68373,39.89729],[0.68617,39.89344],[0.68447,39.89684],[0.68762,39.90063]]],[[[0.67124,39.87598],[0.67053,39.8748],[0.67181,39.87425],[0.67244,39.87537],[0.67124,39.87598]]],[[[0.66951,39.89052],[0.66901,39.89197],[0.66807,39.89198],[0.66819,39.89128],[0.66951,39.89052]]],[[[0.69054,39.89547],[0.69108,39.89567],[0.69096,39.89637],[0.69053,39.8959],[0.69054,39.89547]]],[[[0.67198,39.85229],[0.67184,39.85194],[0.67221,39.85149],[0.67245,39.85209],[0.67198,39.85229]]],[[[0.68954,39.89462],[0.68954,39.89513],[0.68915,39.89512],[0.68908,39.8947],[0.68954,39.89462]]],[[[0.67298,39.87449],[0.67285,39.87497],[0.67239,39.87447],[0.67256,39.87432],[0.67298,39.87449]]],[[[0.6708,39.89194],[0.67028,39.8918],[0.67066,39.89136],[0.67111,39.89179],[0.6708,39.89194]]],[[[0.66732,39.88945],[0.6676,39.88912],[0.66794,39.88924],[0.66785,39.88956],[0.66732,39.88945]]],[[[0.67914,39.85124],[0.67946,39.85079],[0.67969,39.85113],[0.67923,39.85134],[0.67914,39.85124]]],[[[0.6706,39.89019],[0.67032,39.89043],[0.67011,39.89033],[0.67026,39.89003],[0.6706,39.89019]]],[[[0.67948,39.85014],[0.67937,39.85047],[0.67904,39.8503],[0.67913,39.85012],[0.67948,39.85014]]],[[[0.67029,39.87882],[0.67014,39.87909],[0.66991,39.87894],[0.67008,39.87873],[0.67029,39.87882]]],[[[0.67412,39.85084],[0.67407,39.8512],[0.67391,39.85118],[0.6739,39.85083],[0.67412,39.85084]]],[[[0.67335,39.8509],[0.67348,39.8508],[0.67368,39.85113],[0.67344,39.85114],[0.67335,39.8509]]],[[[0.67111,39.89179],[0.67133,39.89166],[0.67143,39.89183],[0.67127,39.89198],[0.67111,39.89179]]],[[[0.69019,39.8954],[0.69032,39.89518],[0.69054,39.89547],[0.69019,39.8954]]],[[[0.67372,39.85129],[0.67402,39.85137],[0.67388,39.8515],[0.67372,39.85129]]],[[[0.67437,39.85114],[0.67449,39.8509],[0.67458,39.85114],[0.67437,39.85114]]],[[[0.67259,39.85185],[0.67274,39.85166],[0.6728,39.8519],[0.67259,39.85185]]],[[[0.67419,39.85131],[0.67444,39.85126],[0.67433,39.85144],[0.67419,39.85131]]]]},"properties":{"code":"ES-12","nom":"Castell\u00f3/Castell\u00f3n","country":"ES"}},{"type":"Feature","geometry":{"type":"MultiPolygon","coordinates":[[[[-4.13897,39.56645],[-4.15873,39.57676],[-4.19323,39.49538],[-4.24209,39.4779],[-4.37721,39.49598],[-4.44191,39.52313],[-4.46159,39.47855],[-4.51122,39.52213],[-4.48219,39.5388],[-4.52495,39.56162],[-4.53109,39.5316],[-4.54268,39.544],[-4.56144,39.53314],[-4.55463,39.51078],[-4.56792,39.49728],[-4.61843,39.48465],[-4.61813,39.4544],[-4.6877,39.45029],[-4.6695,39.42454],[-4.70421,39.36445],[-4.70666,39.32773],[-4.76101,39.32079],[-4.70823,39.20987],[-4.64789,39.16687],[-4.81027,39.19942],[-4.85317,39.15244],[-4.8744,39.10043],[-4.82693,39.06412],[-4.83279,39.04616],[-4.87999,39.03243],[-4.9625,39.05873],[-4.91822,38.95705],[-4.83113,38.93561],[-4.84732,38.8824],[-4.91494,38.88744],[-4.94348,38.85438],[-4.98999,38.73976],[-5.04695,38.72909],[-5.00802,38.71523],[-5.0046,38.6951],[-4.87697,38.68609],[-4.86017,38.61398],[-4.70737,38.57195],[-4.70395,38.55317],[-4.62278,38.52379],[-4.59369,38.48638],[-4.5663,38.49094],[-4.51269,38.46385],[-4.45299,38.40087],[-4.28733,38.34276],[-4.26887,38.34717],[-4.2768,38.39021],[-4.25778,38.40158],[-4.15656,38.38132],[-3.91512,38.36881],[-3.85428,38.37514],[-3.83056,38.3929],[-3.83006,38.4128],[-3.78561,38.42527],[-3.59824,38.39847],[-3.58308,38.45147],[-3.54189,38.44539],[-3.52844,38.40864],[-3.4517,38.40032],[-3.37668,38.4396],[-3.37501,38.47523],[-3.32649,38.48212],[-3.27942,38.46024],[-3.13829,38.43858],[-3.06497,38.47825],[-3.00171,38.40832],[-2.99351,38.45012],[-2.96359,38.47145],[-2.90579,38.46991],[-2.88149,38.45264],[-2.77996,38.50971],[-2.74679,38.54681],[-2.7655,38.57385],[-2.7501,38.61556],[-2.76369,38.62789],[-2.72825,38.61608],[-2.66886,38.64922],[-2.64099,38.7431],[-2.69628,38.78293],[-2.73224,38.78185],[-2.75268,38.81473],[-2.76155,38.87981],[-2.79246,38.90555],[-2.83581,38.90597],[-2.88289,38.93849],[-2.83226,39.02324],[-2.80881,39.02869],[-2.80501,39.07894],[-2.84266,39.13449],[-2.72219,39.26719],[-2.77603,39.39476],[-2.79315,39.39774],[-2.83409,39.35347],[-2.88238,39.35088],[-2.89656,39.36677],[-2.86992,39.39048],[-2.93181,39.45282],[-2.9277,39.47076],[-2.95679,39.44721],[-2.99955,39.44164],[-3.02259,39.457],[-3.0696,39.45027],[-3.15731,39.49611],[-3.18452,39.48796],[-3.18517,39.47415],[-3.2942,39.47084],[-3.31589,39.43453],[-3.30913,39.39915],[-3.41028,39.40459],[-3.47048,39.37214],[-3.47688,39.34314],[-3.53259,39.30416],[-3.68019,39.29828],[-3.72252,39.26961],[-3.79121,39.2929],[-3.85736,39.2585],[-3.96686,39.29855],[-3.9722,39.35218],[-4.07337,39.36533],[-4.10445,39.34111],[-4.12054,39.36262],[-4.14807,39.36277],[-4.11807,39.45688],[-4.06813,39.45705],[-4.06008,39.52144],[-4.03008,39.52197],[-4.04178,39.57535],[-4.13897,39.56645]]],[[[-4.76776,39.51561],[-4.86312,39.55615],[-4.90821,39.49369],[-4.94074,39.39512],[-4.87094,39.36831],[-4.77315,39.39788],[-4.75537,39.41571],[-4.76698,39.43353],[-4.74051,39.45616],[-4.74285,39.48755],[-4.76776,39.51561]]]]},"properties":{"code":"ES-13","nom":"Ciudad Real","country":"ES"}},{"type":"Feature","geometry":{"type":"MultiPolygon","coordinates":[[[[-2.76683,38.53297],[-2.77996,38.50971],[-2.88149,38.45264],[-2.90579,38.46991],[-2.96359,38.47145],[-2.99351,38.45012],[-3.00171,38.40832],[-3.06497,38.47825],[-3.13829,38.43858],[-3.27942,38.46024],[-3.32649,38.48212],[-3.37501,38.47523],[-3.37668,38.4396],[-3.42482,38.4068],[-3.47101,38.398],[-3.52844,38.40864],[-3.53516,38.43941],[-3.56736,38.45203],[-3.58308,38.45147],[-3.59824,38.39847],[-3.78561,38.42527],[-3.83006,38.4128],[-3.83056,38.3929],[-3.85428,38.37514],[-3.91512,38.36881],[-4.26823,38.39801],[-4.27866,38.37749],[-4.26927,38.34773],[-4.23744,38.34154],[-4.23854,38.31511],[-4.21022,38.30145],[-4.21669,38.24695],[-4.196,38.23785],[-4.20118,38.21408],[-4.16786,38.18079],[-4.16118,38.14554],[-4.21795,38.11077],[-4.21408,38.08948],[-4.25195,38.06352],[-4.24009,38.04703],[-4.26875,38.04005],[-4.25996,38.02223],[-4.28248,38.02197],[-4.25805,37.93932],[-4.28674,37.79654],[-4.20793,37.78005],[-4.23861,37.72009],[-4.18351,37.70704],[-4.16437,37.68151],[-4.2281,37.63954],[-4.22014,37.62024],[-4.17384,37.61008],[-4.16071,37.57511],[-4.12098,37.5543],[-4.09806,37.51153],[-4.05999,37.50581],[-4.08765,37.48607],[-4.04814,37.46797],[-3.98368,37.38853],[-3.95089,37.37835],[-3.84122,37.38624],[-3.78558,37.4909],[-3.77624,37.47648],[-3.62707,37.52854],[-3.53643,37.58082],[-3.53616,37.59734],[-3.50654,37.61723],[-3.3993,37.56405],[-3.29623,37.58826],[-3.26248,37.63921],[-3.21574,37.64419],[-3.17205,37.64287],[-3.0882,37.59554],[-3.05097,37.61836],[-2.97818,37.60275],[-2.97792,37.63398],[-2.88404,37.68132],[-2.90152,37.68929],[-2.90378,37.75117],[-2.88029,37.75994],[-2.87315,37.79149],[-2.78461,37.91764],[-2.70267,37.97152],[-2.66982,37.96143],[-2.60512,37.99815],[-2.59585,38.05319],[-2.60632,38.06186],[-2.53967,38.09261],[-2.44628,38.18519],[-2.45434,38.21549],[-2.4366,38.27213],[-2.48521,38.30026],[-2.48236,38.39619],[-2.57188,38.41413],[-2.57021,38.4948],[-2.59974,38.51292],[-2.70251,38.50109],[-2.76683,38.53297]]]]},"properties":{"code":"ES-23","nom":"Ja\u00e9n","country":"ES"}},{"type":"Feature","geometry":{"type":"MultiPolygon","coordinates":[[[[-5.03541,38.72619],[-5.09919,38.70765],[-5.1845,38.7197],[-5.16732,38.68047],[-5.18576,38.67417],[-5.18423,38.65973],[-5.20848,38.6677],[-5.21474,38.64857],[-5.22377,38.65671],[-5.29224,38.61081],[-5.30851,38.57762],[-5.37175,38.58357],[-5.39272,38.55348],[-5.38366,38.53985],[-5.40693,38.54369],[-5.41,38.52022],[-5.47949,38.48468],[-5.48445,38.46339],[-5.55279,38.44562],[-5.58428,38.40097],[-5.55925,38.36689],[-5.57565,38.32911],[-5.52596,38.26412],[-5.52038,38.20844],[-5.53871,38.20061],[-5.53967,38.16069],[-5.58564,38.14035],[-5.58168,38.11547],[-5.53878,38.09381],[-5.49512,38.04184],[-5.49375,37.99695],[-5.47429,37.97535],[-5.41561,37.94367],[-5.41471,37.86946],[-5.34451,37.83987],[-5.34992,37.79427],[-5.30975,37.77359],[-5.3076,37.69924],[-5.3271,37.69162],[-5.34484,37.70534],[-5.37634,37.67756],[-5.38681,37.69731],[-5.40369,37.69302],[-5.4129,37.665],[-5.39366,37.65535],[-5.41402,37.64527],[-5.35186,37.58429],[-5.3233,37.61425],[-5.27452,37.62528],[-5.17677,37.68058],[-5.15005,37.66092],[-5.10792,37.66258],[-5.12971,37.69875],[-5.10861,37.70067],[-5.09788,37.67029],[-5.06988,37.65935],[-5.07001,37.66183],[-5.0768,37.66466],[-5.07644,37.6689],[-5.09151,37.67995],[-5.07258,37.7077],[-5.04723,37.71829],[-4.99982,37.70659],[-4.95377,37.65244],[-4.97428,37.60016],[-4.93171,37.61733],[-4.93203,37.54591],[-4.94867,37.52148],[-4.90602,37.49984],[-4.9152,37.48416],[-4.90447,37.48949],[-4.90409,37.4674],[-4.87534,37.45045],[-4.88474,37.43798],[-4.84063,37.43602],[-4.84981,37.41066],[-4.81469,37.37753],[-4.82213,37.3582],[-4.78222,37.3285],[-4.72922,37.33533],[-4.71867,37.3585],[-4.68566,37.33027],[-4.67191,37.33499],[-4.66844,37.31981],[-4.68407,37.31536],[-4.65847,37.30429],[-4.68109,37.29005],[-4.66212,37.28374],[-4.64533,37.24685],[-4.61377,37.25508],[-4.6023,37.20924],[-4.49808,37.22333],[-4.47755,37.24473],[-4.48518,37.25248],[-4.41796,37.2824],[-4.3797,37.27523],[-4.38258,37.23154],[-4.37164,37.2152],[-4.32263,37.20452],[-4.32762,37.18433],[-4.29556,37.19939],[-4.25531,37.22957],[-4.26325,37.26038],[-4.23651,37.29722],[-4.23642,37.33585],[-4.20404,37.35291],[-4.15784,37.34225],[-4.08594,37.40375],[-4.00082,37.40209],[-4.04814,37.46797],[-4.08765,37.48607],[-4.05999,37.50581],[-4.09806,37.51153],[-4.12098,37.5543],[-4.16071,37.57511],[-4.17384,37.61008],[-4.22014,37.62024],[-4.2281,37.63954],[-4.16437,37.68151],[-4.18351,37.70704],[-4.23861,37.72009],[-4.20658,37.77873],[-4.28674,37.79654],[-4.25805,37.93932],[-4.28225,38.02281],[-4.25996,38.02223],[-4.26894,38.03976],[-4.24009,38.04703],[-4.25195,38.06352],[-4.21408,38.08948],[-4.21795,38.11077],[-4.1612,38.145],[-4.16786,38.18079],[-4.20118,38.21408],[-4.196,38.23785],[-4.21669,38.24695],[-4.21022,38.30145],[-4.23854,38.31511],[-4.23744,38.34154],[-4.28733,38.34276],[-4.45299,38.40087],[-4.51269,38.46385],[-4.5663,38.49094],[-4.59369,38.48638],[-4.62278,38.52379],[-4.70395,38.55317],[-4.70737,38.57195],[-4.86017,38.61398],[-4.87697,38.68609],[-5.0046,38.6951],[-5.00447,38.71183],[-5.03541,38.72619]]],[[[-5.08114,37.64655],[-5.0404,37.6262],[-5.04791,37.60814],[-5.01778,37.59246],[-5.03119,37.64152],[-5.0468,37.63194],[-5.08114,37.64655]]]]},"properties":{"code":"ES-14","nom":"C\u00f3rdoba","country":"ES"}},{"type":"Feature","geometry":{"type":"MultiPolygon","coordinates":[[[[-2.15211,40.65769],[-2.16925,40.63023],[-2.21381,40.61918],[-2.2746,40.64475],[-2.29425,40.62465],[-2.28604,40.59222],[-2.29766,40.57285],[-2.34344,40.56938],[-2.35903,40.59684],[-2.39951,40.61351],[-2.41728,40.58345],[-2.38,40.54359],[-2.41182,40.52563],[-2.42674,40.54075],[-2.49597,40.50881],[-2.52724,40.54427],[-2.54627,40.51896],[-2.52873,40.49838],[-2.54445,40.47463],[-2.50453,40.44865],[-2.51546,40.42428],[-2.58624,40.45026],[-2.66384,40.43605],[-2.67316,40.44861],[-2.70345,40.42538],[-2.68513,40.398],[-2.71743,40.41983],[-2.7229,40.39712],[-2.76002,40.41233],[-2.76007,40.44199],[-2.77951,40.44533],[-2.81697,40.36402],[-2.80263,40.26403],[-2.82153,40.20518],[-2.86313,40.20011],[-2.87374,40.17357],[-2.91148,40.15708],[-3.00507,40.20912],[-3.02107,40.18749],[-3.01597,40.15271],[-3.06377,40.16825],[-3.09737,40.15435],[-3.05619,40.11374],[-3.06071,40.09056],[-3.11819,40.06143],[-3.16158,40.06493],[-3.1655,40.0282],[-3.14257,39.98497],[-3.0966,39.98694],[-3.09706,39.93347],[-3.12723,39.87468],[-3.07629,39.85571],[-2.99775,39.71887],[-2.90823,39.64233],[-2.92551,39.6018],[-2.93229,39.45385],[-2.87016,39.39111],[-2.89656,39.36677],[-2.88238,39.35088],[-2.83057,39.35512],[-2.79315,39.39774],[-2.77603,39.39476],[-2.74225,39.31815],[-2.63497,39.32676],[-2.61926,39.34014],[-2.54878,39.32346],[-2.51105,39.34215],[-2.37408,39.23278],[-2.34989,39.27854],[-2.32119,39.28374],[-2.28868,39.22666],[-2.16868,39.28107],[-2.05096,39.26668],[-2.09563,39.35943],[-2.02033,39.35182],[-2.02843,39.33681],[-1.9898,39.29368],[-1.88708,39.30479],[-1.76985,39.28051],[-1.73928,39.32116],[-1.50517,39.418],[-1.49665,39.42932],[-1.52085,39.43152],[-1.52892,39.4546],[-1.51339,39.45827],[-1.51245,39.49627],[-1.49915,39.50045],[-1.5026,39.54562],[-1.52066,39.54997],[-1.4618,39.57691],[-1.41793,39.65494],[-1.36854,39.68962],[-1.30785,39.67082],[-1.26199,39.69891],[-1.27541,39.73864],[-1.215,39.80877],[-1.20004,39.85871],[-1.20818,39.94381],[-1.1424,39.97184],[-1.16519,40.0101],[-1.24946,39.9951],[-1.37686,40.0165],[-1.42029,40.09351],[-1.4076,40.1014],[-1.45621,40.13095],[-1.43921,40.19701],[-1.47442,40.18504],[-1.5109,40.20372],[-1.54048,40.1908],[-1.69035,40.30966],[-1.71927,40.2771],[-1.72946,40.30291],[-1.69768,40.32129],[-1.77777,40.39188],[-1.81189,40.40011],[-1.83672,40.42766],[-1.85329,40.42368],[-1.882,40.51882],[-1.90947,40.54165],[-1.92342,40.59188],[-1.96446,40.61153],[-1.96591,40.59198],[-1.98553,40.58543],[-2.0358,40.60157],[-2.0912,40.64637],[-2.15211,40.65769]]]]},"properties":{"code":"ES-16","nom":"Cuenca","country":"ES"}},{"type":"Feature","geometry":{"type":"MultiPolygon","coordinates":[[[[-2.54975,38.08289],[-2.60663,38.06144],[-2.59585,38.05319],[-2.6057,37.99772],[-2.66982,37.96143],[-2.70267,37.97152],[-2.78461,37.91764],[-2.87315,37.79149],[-2.88029,37.75994],[-2.90378,37.75117],[-2.90152,37.68929],[-2.88404,37.68132],[-2.97792,37.63398],[-2.97818,37.60275],[-3.05097,37.61836],[-3.0882,37.59554],[-3.17205,37.64287],[-3.21574,37.64419],[-3.26248,37.63921],[-3.29623,37.58826],[-3.3993,37.56405],[-3.50654,37.61723],[-3.53616,37.59734],[-3.53643,37.58082],[-3.62707,37.52854],[-3.77624,37.47648],[-3.78558,37.4909],[-3.84225,37.38575],[-3.95089,37.37835],[-4.00082,37.40209],[-4.08594,37.40375],[-4.15784,37.34225],[-4.20404,37.35291],[-4.23642,37.33585],[-4.23651,37.29722],[-4.26325,37.26038],[-4.25531,37.22957],[-4.32762,37.18433],[-4.28707,37.11952],[-4.27251,37.0149],[-4.23133,37.01694],[-4.16664,36.95708],[-4.09989,36.95271],[-4.04569,36.90286],[-3.92952,36.88288],[-3.86761,36.85068],[-3.8267,36.85533],[-3.76814,36.80195],[-3.77744,36.73792],[-3.74881,36.7376],[-3.73434,36.71964],[-3.65772,36.74656],[-3.60227,36.74468],[-3.5537,36.71495],[-3.52587,36.72413],[-3.48267,36.69727],[-3.41991,36.69389],[-3.33733,36.73872],[-3.25,36.75435],[-3.12868,36.75087],[-3.14019,36.78779],[-3.02901,36.84444],[-3.07193,36.91929],[-3.03132,36.92459],[-3.02934,36.94753],[-2.9905,36.95819],[-2.97621,36.97812],[-3.00571,37.02334],[-3.02958,37.11325],[-3.00026,37.09498],[-2.94896,37.09655],[-2.92915,37.15657],[-2.88099,37.1871],[-2.87496,37.23145],[-2.84538,37.27922],[-2.779,37.26266],[-2.75903,37.22671],[-2.73302,37.23732],[-2.66011,37.21199],[-2.66565,37.28533],[-2.6546,37.34061],[-2.63729,37.34333],[-2.64164,37.38779],[-2.51415,37.47953],[-2.45752,37.49083],[-2.45632,37.50943],[-2.35851,37.52229],[-2.35573,37.54699],[-2.3743,37.55735],[-2.3679,37.59158],[-2.39127,37.63249],[-2.35956,37.62127],[-2.31042,37.63001],[-2.32334,37.69387],[-2.27678,37.77622],[-2.30178,37.80828],[-2.28939,37.83148],[-2.29495,37.87632],[-2.20767,37.91657],[-2.24716,37.93443],[-2.29847,38.00212],[-2.34163,38.026],[-2.42341,38.0337],[-2.54975,38.08289]]],[[[-3.38957,36.70814],[-3.38945,36.70836],[-3.38967,36.70868],[-3.38985,36.7084],[-3.38957,36.70814]]]]},"properties":{"code":"ES-18","nom":"Granada","country":"ES"}},{"type":"Feature","geometry":{"type":"MultiPolygon","coordinates":[[[[-2.90102,41.32556],[-2.94119,41.31394],[-2.95013,41.29264],[-3.0619,41.27343],[-3.19976,41.30443],[-3.23124,41.29487],[-3.25426,41.25838],[-3.27427,41.26026],[-3.27576,41.27503],[-3.29017,41.25793],[-3.33635,41.25303],[-3.40978,41.26062],[-3.41515,41.2732],[-3.41564,41.27211],[-3.41459,41.26558],[-3.41152,41.26071],[-3.3995,41.25454],[-3.40249,41.21362],[-3.44415,41.21534],[-3.46692,41.18326],[-3.53972,41.16504],[-3.5411,41.14967],[-3.50926,41.1364],[-3.48875,41.09429],[-3.4258,41.0829],[-3.43893,41.04267],[-3.39445,41.00028],[-3.4183,40.98756],[-3.44406,40.90685],[-3.46058,40.90666],[-3.44049,40.87535],[-3.47257,40.86422],[-3.47739,40.82356],[-3.51157,40.7885],[-3.45901,40.78132],[-3.44434,40.76158],[-3.45042,40.73489],[-3.43494,40.72799],[-3.46855,40.68994],[-3.40474,40.66964],[-3.39335,40.69246],[-3.3456,40.63774],[-3.3165,40.65518],[-3.31386,40.64974],[-3.32368,40.62969],[-3.33852,40.62585],[-3.32164,40.61219],[-3.32828,40.59484],[-3.28407,40.56898],[-3.29713,40.53752],[-3.24992,40.54432],[-3.19996,40.51445],[-3.1986,40.44225],[-3.15551,40.43942],[-3.13056,40.40519],[-3.15343,40.3677],[-3.14121,40.35054],[-3.18286,40.30827],[-3.19445,40.24804],[-3.1734,40.23417],[-3.15372,40.26371],[-3.10944,40.28519],[-3.0797,40.22777],[-3.08823,40.20032],[-3.06785,40.15791],[-3.06377,40.16825],[-3.01597,40.15271],[-3.02107,40.18749],[-3.00507,40.20912],[-2.91148,40.15708],[-2.87374,40.17357],[-2.86313,40.20011],[-2.82376,40.20317],[-2.80263,40.26403],[-2.81697,40.36402],[-2.78095,40.44417],[-2.76007,40.44199],[-2.76002,40.41233],[-2.7229,40.39712],[-2.71743,40.41983],[-2.68513,40.398],[-2.70345,40.42538],[-2.67316,40.44861],[-2.66384,40.43605],[-2.58624,40.45026],[-2.51546,40.42428],[-2.50453,40.44865],[-2.54445,40.47463],[-2.52873,40.49838],[-2.54627,40.51896],[-2.53871,40.53402],[-2.52724,40.54427],[-2.49597,40.50881],[-2.42674,40.54075],[-2.41182,40.52563],[-2.38345,40.54087],[-2.41728,40.58345],[-2.39904,40.61371],[-2.33351,40.56719],[-2.29277,40.57809],[-2.29478,40.62291],[-2.2746,40.64475],[-2.21381,40.61918],[-2.16925,40.63023],[-2.15694,40.65869],[-2.11012,40.65139],[-1.98553,40.58543],[-1.96591,40.59198],[-1.96178,40.61155],[-1.91649,40.58282],[-1.85329,40.42368],[-1.83672,40.42766],[-1.80636,40.39823],[-1.7486,40.4629],[-1.69251,40.48682],[-1.70162,40.5411],[-1.6781,40.59095],[-1.59875,40.56205],[-1.54551,40.59519],[-1.56486,40.61474],[-1.53564,40.68702],[-1.56202,40.73975],[-1.53991,40.76073],[-1.54468,40.81619],[-1.62139,40.8804],[-1.6079,40.92762],[-1.61745,40.94373],[-1.80329,41.08989],[-1.93245,41.13859],[-1.95902,41.17249],[-2.04762,41.15265],[-2.06562,41.09579],[-2.04818,41.07838],[-2.05643,41.06969],[-2.13185,41.1181],[-2.1753,41.08375],[-2.23215,41.09701],[-2.26354,41.06753],[-2.32341,41.05651],[-2.35533,41.08645],[-2.41891,41.05771],[-2.46947,41.07811],[-2.48226,41.11627],[-2.50885,41.11886],[-2.53651,41.16253],[-2.57558,41.13947],[-2.59531,41.15025],[-2.57749,41.17866],[-2.62207,41.18799],[-2.59374,41.2002],[-2.58949,41.22454],[-2.6292,41.21522],[-2.64601,41.24021],[-2.70955,41.25198],[-2.71677,41.27567],[-2.76095,41.27402],[-2.77551,41.25008],[-2.82225,41.25661],[-2.86689,41.27446],[-2.86899,41.31706],[-2.90102,41.32556]]],[[[-3.37405,40.64025],[-3.38213,40.63047],[-3.37173,40.62577],[-3.36361,40.63842],[-3.37405,40.64025]]]]},"properties":{"code":"ES-19","nom":"Guadalajara","country":"ES"}},{"type":"Feature","geometry":{"type":"MultiPolygon","coordinates":[[[[-1.79086,43.39537],[-1.86497,43.37238],[-1.92378,43.33203],[-1.9624,43.33815],[-1.99094,43.31587],[-2.03047,43.321],[-2.1305,43.28746],[-2.18957,43.29236],[-2.20245,43.31173],[-2.35293,43.2987],[-2.41173,43.32418],[-2.439,43.29491],[-2.41806,43.2676],[-2.43658,43.24371],[-2.49795,43.21992],[-2.48411,43.1709],[-2.50972,43.16144],[-2.50114,43.09654],[-2.54726,43.08468],[-2.52485,43.04533],[-2.54958,43.01979],[-2.59653,43.00925],[-2.60268,42.98223],[-2.54431,42.95027],[-2.5353,42.97344],[-2.3548,42.95003],[-2.30232,42.92595],[-2.28954,42.90231],[-2.23992,42.89525],[-2.23557,42.92661],[-2.21026,42.94991],[-2.18096,42.93513],[-2.1295,42.93937],[-2.1039,42.94904],[-2.09524,42.97255],[-2.03834,42.98099],[-2.02831,42.99884],[-2.0414,43.0297],[-2.02044,43.04673],[-2.02282,43.06519],[-1.94752,43.09753],[-1.90195,43.13585],[-1.92069,43.15063],[-1.91415,43.22517],[-1.88191,43.20679],[-1.88093,43.22878],[-1.86769,43.2305],[-1.86058,43.21209],[-1.79497,43.24693],[-1.78324,43.28682],[-1.72937,43.29382],[-1.73738,43.33015],[-1.78924,43.35298],[-1.77901,43.36341],[-1.79695,43.38249],[-1.79086,43.39537]],[[-2.26876,43.30055],[-2.26903,43.30052],[-2.26916,43.30072],[-2.26899,43.30072],[-2.26876,43.30055]],[[-1.79897,43.39196],[-1.79915,43.39199],[-1.79878,43.39207],[-1.79887,43.39203],[-1.79897,43.39196]],[[-1.80958,43.38855],[-1.80968,43.38854],[-1.80975,43.38857],[-1.80955,43.38866],[-1.80958,43.38855]]],[[[-1.99801,43.32244],[-2.00077,43.32197],[-2.00105,43.32075],[-1.99843,43.32108],[-1.99801,43.32244]]],[[[-2.1497,43.29622],[-2.14984,43.29667],[-2.1509,43.29737],[-2.15029,43.29642],[-2.1497,43.29622]]],[[[-2.40842,43.32371],[-2.40838,43.3241],[-2.40881,43.32426],[-2.40869,43.32389],[-2.40842,43.32371]]],[[[-2.40077,43.32223],[-2.40073,43.32249],[-2.40089,43.32248],[-2.4009,43.32223],[-2.40077,43.32223]]],[[[-2.35774,43.30424],[-2.35752,43.3044],[-2.35753,43.30452],[-2.35769,43.30451],[-2.35774,43.30424]]],[[[-2.40934,43.32321],[-2.40939,43.32356],[-2.40955,43.32357],[-2.40938,43.32319],[-2.40934,43.32321]]],[[[-2.40741,43.32306],[-2.40734,43.32342],[-2.40743,43.32351],[-2.40749,43.32303],[-2.40741,43.32306]]]]},"properties":{"code":"ES-20","nom":"Gipuzkoa/Guip\u00fazcoa","country":"ES"}},{"type":"Feature","geometry":{"type":"MultiPolygon","coordinates":[[[[-6.9269,38.20444],[-6.96888,38.16619],[-6.95211,38.15278],[-6.98736,38.1039],[-7.0024,38.02266],[-7.0593,38.01744],[-7.09878,38.04384],[-7.12813,38.02987],[-7.1207,38.00521],[-7.13285,37.99995],[-7.20222,38.00348],[-7.26319,37.97985],[-7.2485,37.95448],[-7.28346,37.86908],[-7.32413,37.81577],[-7.42111,37.75912],[-7.4525,37.67812],[-7.44415,37.66473],[-7.48904,37.60364],[-7.50385,37.60446],[-7.50675,37.55751],[-7.52285,37.5534],[-7.51149,37.52444],[-7.46377,37.48691],[-7.44557,37.41926],[-7.4628,37.40979],[-7.44023,37.3903],[-7.44214,37.31085],[-7.42194,37.27417],[-7.43378,37.24969],[-7.40747,37.18341],[-7.37635,37.17124],[-7.27089,37.20178],[-7.05965,37.21079],[-6.92413,37.16485],[-6.83214,37.108],[-6.83943,37.11902],[-6.84937,37.1274],[-6.91585,37.16335],[-6.91668,37.1763],[-6.52188,36.97716],[-6.44926,36.90779],[-6.39719,36.80728],[-6.3455,36.79872],[-6.3529,36.85738],[-6.33101,36.8988],[-6.37889,36.93471],[-6.35394,36.98849],[-6.38639,37.07629],[-6.34236,37.12298],[-6.35967,37.13843],[-6.33612,37.16962],[-6.35056,37.18056],[-6.34525,37.21828],[-6.35985,37.2381],[-6.333,37.2991],[-6.38457,37.33749],[-6.34604,37.36573],[-6.36208,37.37588],[-6.35626,37.41217],[-6.31263,37.41872],[-6.30605,37.43301],[-6.35618,37.49617],[-6.36648,37.53576],[-6.3924,37.55405],[-6.39526,37.61119],[-6.44327,37.62335],[-6.52862,37.61579],[-6.53609,37.65098],[-6.50134,37.66796],[-6.47512,37.72514],[-6.44999,37.7189],[-6.31102,37.76487],[-6.25232,37.76315],[-6.25242,37.74278],[-6.22223,37.73965],[-6.2024,37.80553],[-6.13402,37.78783],[-6.12166,37.81659],[-6.14216,37.85567],[-6.16429,37.86201],[-6.12503,37.90479],[-6.14521,37.9205],[-6.16997,37.90982],[-6.20152,37.96206],[-6.23924,37.95893],[-6.34704,38.00282],[-6.36725,38.04892],[-6.44432,38.0596],[-6.47656,38.00783],[-6.54569,38.02812],[-6.58358,38.02128],[-6.58053,38.05277],[-6.6221,38.09701],[-6.75822,38.09271],[-6.77006,38.11211],[-6.81581,38.12014],[-6.79509,38.17854],[-6.84843,38.17724],[-6.9269,38.20444]]]]},"properties":{"code":"ES-21","nom":"Huelva","country":"ES"}},{"type":"Feature","geometry":{"type":"MultiPolygon","coordinates":[[[[-0.74727,42.92237],[-0.8191,42.90067],[-0.81853,42.86937],[-0.85683,42.84689],[-0.86001,42.79856],[-0.84753,42.78592],[-0.87331,42.75898],[-0.90053,42.76047],[-0.90435,42.71219],[-0.92246,42.7008],[-0.87995,42.68814],[-0.89309,42.66235],[-0.92764,42.65624],[-0.90471,42.59905],[-0.93417,42.57265],[-0.89505,42.54906],[-0.93342,42.50588],[-0.89299,42.50985],[-0.89702,42.47908],[-0.87772,42.46164],[-0.90376,42.45324],[-0.90441,42.43476],[-0.81531,42.39523],[-0.84418,42.38464],[-0.85566,42.33992],[-0.91891,42.25732],[-0.89055,42.24003],[-0.87696,42.28165],[-0.80653,42.27055],[-0.77181,42.34671],[-0.77794,42.39126],[-0.73643,42.36988],[-0.74459,42.33868],[-0.72893,42.29774],[-0.75938,42.26365],[-0.7598,42.17023],[-0.74739,42.15592],[-0.76086,42.12985],[-0.75492,42.0906],[-0.77016,42.08723],[-0.76314,42.06748],[-0.79355,42.0544],[-0.81294,42.0925],[-0.85701,42.05099],[-0.85074,42.02615],[-0.88493,42.00358],[-0.77821,41.9574],[-0.65783,41.9575],[-0.63058,41.91291],[-0.59547,41.89959],[-0.60331,41.88283],[-0.55521,41.87133],[-0.51675,41.83678],[-0.50069,41.76132],[-0.51869,41.72882],[-0.48942,41.73167],[-0.44492,41.70368],[-0.3745,41.68812],[-0.35952,41.63522],[-0.31259,41.6241],[-0.24479,41.57312],[-0.20574,41.60226],[-0.15645,41.58997],[-0.16736,41.58111],[-0.15666,41.53529],[-0.10497,41.48548],[-0.07271,41.37716],[-0.04944,41.36046],[-0.00793,41.34781],[-0.02928,41.37782],[-0.0234,41.39699],[0.00969,41.36043],[0.09336,41.34997],[0.16365,41.4065],[0.18264,41.39441],[0.21909,41.40357],[0.24059,41.42835],[0.33585,41.40746],[0.35533,41.45176],[0.34202,41.484],[0.39671,41.4903],[0.44692,41.54224],[0.42849,41.60238],[0.34961,41.59946],[0.35798,41.63172],[0.32624,41.6622],[0.32821,41.68107],[0.38474,41.74031],[0.39544,41.73198],[0.39868,41.75781],[0.4686,41.76498],[0.48323,41.80146],[0.51546,41.82235],[0.54387,41.82088],[0.55491,41.85279],[0.58005,41.85091],[0.60668,41.87114],[0.59278,41.88441],[0.59466,41.9174],[0.60749,41.91931],[0.56188,41.93822],[0.58693,41.96678],[0.60436,41.96066],[0.61795,41.98893],[0.63854,41.9946],[0.64193,41.98207],[0.66389,42.01453],[0.65675,42.04037],[0.69955,42.10696],[0.69583,42.152],[0.71397,42.16342],[0.69873,42.1723],[0.70262,42.19004],[0.76462,42.32248],[0.74036,42.33687],[0.77131,42.35064],[0.72327,42.36563],[0.7461,42.38478],[0.69049,42.48762],[0.73976,42.50515],[0.72116,42.52454],[0.74955,42.53488],[0.74106,42.54483],[0.76753,42.61124],[0.70778,42.62109],[0.6959,42.65893],[0.66007,42.69085],[0.59709,42.70552],[0.58736,42.69449],[0.42209,42.69046],[0.36023,42.72435],[0.29527,42.67319],[0.2637,42.69324],[0.26,42.71601],[0.1758,42.73704],[0.11695,42.71115],[0.07798,42.71483],[0.05843,42.69756],[0.01581,42.70183],[0.00026,42.68532],[-0.05638,42.69231],[-0.06846,42.71807],[-0.10641,42.72062],[-0.15999,42.79803],[-0.18866,42.78694],[-0.31326,42.84937],[-0.39475,42.79897],[-0.4417,42.79537],[-0.50527,42.82743],[-0.52965,42.79156],[-0.56759,42.78063],[-0.56914,42.80686],[-0.60047,42.80243],[-0.60202,42.83215],[-0.67875,42.88454],[-0.71758,42.88584],[-0.73635,42.91302],[-0.72449,42.92023],[-0.74727,42.92237]]]]},"properties":{"code":"ES-22","nom":"Huesca","country":"ES"}},{"type":"Feature","geometry":{"type":"MultiPolygon","coordinates":[[[[-4.89358,43.23848],[-4.96392,43.21244],[-4.99686,43.1731],[-5.07586,43.18153],[-5.10173,43.10185],[-5.1478,43.11512],[-5.2166,43.08449],[-5.28212,43.07743],[-5.36914,43.09458],[-5.39045,43.04934],[-5.47852,43.05491],[-5.49375,43.02135],[-5.57014,43.02273],[-5.69335,43.05648],[-5.72838,43.04251],[-5.76386,42.97013],[-5.80401,42.96261],[-5.91462,42.9927],[-5.95674,43.01859],[-5.97504,43.06542],[-6.02021,43.05488],[-6.08188,43.07572],[-6.0969,43.03064],[-6.13667,43.02099],[-6.1784,43.0478],[-6.21556,43.0472],[-6.22681,43.00891],[-6.28519,43.03637],[-6.32649,43.03133],[-6.35909,43.05958],[-6.39705,43.03832],[-6.39435,43.01661],[-6.41111,43.01693],[-6.40758,42.99949],[-6.42408,42.98788],[-6.47814,42.99121],[-6.47301,42.96775],[-6.43364,42.96416],[-6.4331,42.93976],[-6.48977,42.92025],[-6.68991,42.92246],[-6.72319,42.91738],[-6.77151,42.88255],[-6.77693,42.90143],[-6.84799,42.91432],[-6.81489,42.87082],[-6.83541,42.87363],[-6.83374,42.88206],[-6.87128,42.87384],[-6.84032,42.82337],[-6.86743,42.78717],[-6.9356,42.74086],[-6.95948,42.75503],[-6.97288,42.72501],[-7.01089,42.72366],[-7.04519,42.69476],[-7.00436,42.64287],[-7.04701,42.6327],[-7.05017,42.59731],[-7.03356,42.58409],[-7.06967,42.55395],[-7.05985,42.52932],[-7.07705,42.50819],[-6.97854,42.49325],[-6.96009,42.51776],[-6.9322,42.52054],[-6.86006,42.48876],[-6.82325,42.49128],[-6.80832,42.46861],[-6.82277,42.45291],[-6.81427,42.42735],[-6.84351,42.40585],[-6.73395,42.35911],[-6.74115,42.29866],[-6.78432,42.25362],[-6.73484,42.2356],[-6.7197,42.21335],[-6.526,42.20336],[-6.49756,42.18203],[-6.4279,42.20194],[-6.31259,42.20658],[-6.29373,42.17803],[-6.21239,42.14808],[-6.16021,42.16577],[-6.04931,42.15986],[-5.95347,42.12368],[-5.94812,42.14192],[-5.9116,42.14059],[-5.89743,42.1561],[-5.84485,42.11072],[-5.77671,42.13581],[-5.75519,42.13663],[-5.74295,42.11334],[-5.67677,42.12034],[-5.68718,42.13792],[-5.66756,42.14207],[-5.62014,42.10666],[-5.63504,42.08199],[-5.5885,42.07733],[-5.58661,42.05091],[-5.57772,42.06545],[-5.5607,42.05597],[-5.54336,42.09938],[-5.527,42.1043],[-5.48092,42.05242],[-5.43868,42.0315],[-5.37629,42.04147],[-5.39012,42.08981],[-5.37152,42.13006],[-5.3881,42.22144],[-5.36123,42.22515],[-5.30746,42.19927],[-5.28693,42.22993],[-5.26564,42.2109],[-5.24148,42.21452],[-5.22599,42.22672],[-5.254,42.23978],[-5.2365,42.27335],[-5.18272,42.26421],[-5.112,42.31184],[-5.09375,42.30929],[-5.05327,42.25793],[-5.03835,42.29713],[-4.95345,42.29716],[-4.94116,42.34174],[-4.98421,42.33787],[-4.97255,42.37438],[-4.9034,42.38565],[-4.91432,42.40119],[-4.90498,42.42455],[-4.92399,42.43614],[-4.9,42.45068],[-4.88799,42.53703],[-4.91595,42.55475],[-4.89466,42.62386],[-4.90029,42.67012],[-4.87167,42.70799],[-4.91589,42.72056],[-4.93556,42.75646],[-4.89588,42.78517],[-4.89837,42.86313],[-4.86559,42.86055],[-4.8555,42.89171],[-4.80923,42.93034],[-4.79481,42.98665],[-4.73808,43.01901],[-4.73422,43.04707],[-4.83281,43.10266],[-4.85143,43.12595],[-4.83457,43.15746],[-4.85178,43.17307],[-4.8392,43.18976],[-4.89358,43.23848]],[[-5.34137,42.26876],[-5.30644,42.27159],[-5.30332,42.252],[-5.33961,42.23189],[-5.34137,42.26876]]]]},"properties":{"code":"ES-24","nom":"Le\u00f3n","country":"ES"}},{"type":"Feature","geometry":{"type":"MultiPolygon","coordinates":[[[[0.71604,42.85832],[0.65975,42.83898],[0.67007,42.80194],[0.64504,42.78297],[0.66701,42.77532],[0.64258,42.75375],[0.68016,42.72325],[0.67616,42.69087],[0.65987,42.68864],[0.6959,42.65893],[0.69895,42.62857],[0.76753,42.61124],[0.74106,42.54483],[0.74955,42.53488],[0.72116,42.52454],[0.73976,42.50515],[0.69049,42.48762],[0.7461,42.38478],[0.72327,42.36563],[0.77131,42.35064],[0.74036,42.33687],[0.76462,42.32248],[0.70262,42.19004],[0.69873,42.1723],[0.71397,42.16342],[0.69583,42.152],[0.69955,42.10696],[0.65171,42.02625],[0.66287,42.01223],[0.64193,41.98207],[0.63854,41.9946],[0.61795,41.98893],[0.60436,41.96066],[0.58693,41.96678],[0.56188,41.93822],[0.60749,41.91931],[0.59466,41.9174],[0.59278,41.88441],[0.60716,41.8718],[0.58005,41.85091],[0.55491,41.85279],[0.54387,41.82088],[0.51546,41.82235],[0.48323,41.80146],[0.4686,41.76498],[0.39868,41.75781],[0.39544,41.73198],[0.38474,41.74031],[0.32702,41.67817],[0.35798,41.63172],[0.34961,41.59946],[0.42849,41.60238],[0.44692,41.54224],[0.39671,41.4903],[0.34202,41.484],[0.35533,41.45176],[0.32004,41.39418],[0.37291,41.35348],[0.34844,41.32887],[0.38566,41.27884],[0.43315,41.27604],[0.43444,41.32021],[0.46126,41.3349],[0.50327,41.28973],[0.52581,41.29046],[0.55443,41.32667],[0.58078,41.32006],[0.59706,41.29345],[0.62819,41.29086],[0.75152,41.31784],[0.76248,41.33425],[0.8195,41.32883],[0.845,41.36231],[0.86327,41.33811],[0.94523,41.34976],[1.07493,41.4584],[1.03746,41.47999],[1.0485,41.48754],[1.03975,41.50111],[1.11218,41.46701],[1.18095,41.48811],[1.16465,41.53446],[1.21076,41.5486],[1.21986,41.56958],[1.40345,41.55816],[1.39232,41.57832],[1.40664,41.60048],[1.35962,41.61354],[1.39167,41.63409],[1.44832,41.6361],[1.41504,41.67458],[1.42339,41.68412],[1.38192,41.70576],[1.42485,41.73277],[1.40302,41.7453],[1.41701,41.79463],[1.47108,41.80093],[1.46112,41.77669],[1.48259,41.77113],[1.48245,41.79101],[1.50483,41.78789],[1.53072,41.75256],[1.57258,41.78219],[1.5936,41.77793],[1.58881,41.80472],[1.61146,41.81777],[1.63031,41.85878],[1.61912,41.88153],[1.56893,41.88002],[1.65301,41.9288],[1.65007,41.97966],[1.67529,41.98253],[1.66945,41.96991],[1.68275,41.96738],[1.71923,41.98447],[1.69774,42.01469],[1.69744,41.98518],[1.64786,42.00015],[1.65586,42.02092],[1.66597,42.0035],[1.69928,42.0289],[1.69248,42.04613],[1.67023,42.04442],[1.6913,42.0871],[1.72205,42.09109],[1.69856,42.13572],[1.73907,42.17653],[1.73804,42.18942],[1.68035,42.20624],[1.68039,42.22436],[1.70456,42.23882],[1.6846,42.25644],[1.69014,42.2771],[1.67031,42.2817],[1.84248,42.30631],[1.8347,42.35515],[1.85506,42.36965],[1.82999,42.38141],[1.80604,42.37009],[1.80154,42.42492],[1.73192,42.44038],[1.72562,42.50437],[1.70361,42.4898],[1.66998,42.50419],[1.65702,42.46822],[1.59737,42.46632],[1.57919,42.44972],[1.56107,42.45865],[1.55167,42.43251],[1.44439,42.44142],[1.44119,42.47536],[1.41919,42.48419],[1.46837,42.51002],[1.45054,42.53989],[1.41361,42.53662],[1.44495,42.56801],[1.42648,42.5828],[1.44302,42.60276],[1.41366,42.6556],[1.38744,42.66869],[1.38924,42.68702],[1.35108,42.70272],[1.35732,42.71972],[1.25272,42.71446],[1.2291,42.72776],[1.16614,42.70892],[1.07889,42.78834],[0.9839,42.7867],[0.96016,42.8059],[0.92641,42.78931],[0.85552,42.82684],[0.71604,42.85832]],[[1.65526,42.11509],[1.68315,42.11443],[1.69187,42.11028],[1.64487,42.11262],[1.65526,42.11509]]],[[[1.71428,41.89235],[1.70598,41.88939],[1.71875,41.8824],[1.72491,41.89303],[1.71428,41.89235]]]]},"properties":{"code":"ES-25","nom":"Lleida","country":"ES"}},{"type":"Feature","geometry":{"type":"MultiPolygon","coordinates":[[[[-2.99723,42.64214],[-3.08415,42.64069],[-3.05983,42.58919],[-3.13427,42.54205],[-3.07257,42.52892],[-3.0947,42.48807],[-3.046,42.44515],[-3.0633,42.42491],[-3.05688,42.37027],[-3.08265,42.39738],[-3.07818,42.41575],[-3.10135,42.41678],[-3.10527,42.38637],[-3.08481,42.38539],[-3.06346,42.3567],[-3.10967,42.35145],[-3.08859,42.24573],[-3.12945,42.19896],[-3.03437,42.08596],[-2.93118,42.08678],[-2.91362,42.02285],[-2.88951,42.0104],[-2.79799,42.04684],[-2.79161,42.10875],[-2.73467,42.12495],[-2.70595,42.10356],[-2.75738,42.0331],[-2.74696,42.00928],[-2.57991,41.99626],[-2.54907,42.05151],[-2.51488,42.06886],[-2.51468,42.11454],[-2.48437,42.10635],[-2.43846,42.13727],[-2.3182,42.14518],[-2.28216,42.1317],[-2.26959,42.08855],[-2.23648,42.10251],[-2.13338,42.10114],[-2.12724,42.08046],[-2.16191,42.06673],[-2.10763,42.00277],[-2.12407,41.99531],[-2.11436,41.96114],[-2.03639,41.9394],[-2.02831,41.95339],[-1.9703,41.91914],[-1.85654,41.9664],[-1.86519,41.9776],[-1.84404,41.98733],[-1.84719,42.008],[-1.90158,42.02968],[-1.90924,42.05912],[-1.83242,42.14823],[-1.779,42.1377],[-1.73974,42.14974],[-1.71989,42.13344],[-1.67966,42.15169],[-1.7009,42.17312],[-1.68012,42.19157],[-1.70424,42.19203],[-1.72534,42.21454],[-1.80233,42.22343],[-1.84979,42.25925],[-1.87228,42.25267],[-1.87066,42.28897],[-1.91382,42.30011],[-1.91851,42.32697],[-1.96575,42.33441],[-1.97106,42.35347],[-2.01601,42.3693],[-2.06998,42.34252],[-2.08996,42.34697],[-2.07864,42.36813],[-2.11551,42.39908],[-2.1119,42.41996],[-2.17504,42.40777],[-2.27448,42.44547],[-2.28801,42.46736],[-2.29872,42.45741],[-2.32999,42.4688],[-2.34584,42.45137],[-2.41562,42.49057],[-2.51472,42.49012],[-2.50974,42.52006],[-2.53735,42.49524],[-2.53048,42.48357],[-2.56826,42.49415],[-2.59699,42.47294],[-2.60543,42.50352],[-2.64775,42.48326],[-2.67578,42.52573],[-2.70569,42.51716],[-2.68054,42.59452],[-2.74077,42.62255],[-2.76372,42.62284],[-2.77795,42.58134],[-2.82297,42.55474],[-2.84085,42.58119],[-2.8199,42.59147],[-2.81877,42.61272],[-2.8418,42.6086],[-2.85297,42.63618],[-2.91601,42.61952],[-2.94645,42.63932],[-2.99723,42.64214]],[[-2.94521,42.60389],[-2.9345,42.61407],[-2.92263,42.60083],[-2.93918,42.59429],[-2.94521,42.60389]],[[-2.99898,42.60177],[-2.99452,42.61549],[-2.98522,42.61422],[-2.98625,42.60705],[-2.99898,42.60177]]]]},"properties":{"code":"ES-26","nom":"La Rioja","country":"ES"}},{"type":"Feature","geometry":{"type":"MultiPolygon","coordinates":[[[[-2.344,42.1455],[-2.4405,42.13678],[-2.48437,42.10635],[-2.51468,42.11454],[-2.51488,42.06886],[-2.54907,42.05151],[-2.57991,41.99626],[-2.74617,42.00868],[-2.75758,42.03262],[-2.70595,42.10356],[-2.73467,42.12495],[-2.77485,42.12354],[-2.80334,42.08048],[-2.79799,42.04684],[-2.88383,42.00949],[-2.93217,42.01797],[-2.9658,41.96604],[-2.97079,41.92927],[-2.99944,41.93182],[-3.01677,41.88691],[-3.09716,41.88106],[-3.1362,41.81194],[-3.17135,41.79301],[-3.1945,41.82893],[-3.23439,41.84064],[-3.24334,41.864],[-3.28376,41.88381],[-3.27545,41.76867],[-3.35439,41.73725],[-3.3584,41.69342],[-3.3934,41.69061],[-3.45968,41.58927],[-3.54144,41.60817],[-3.53833,41.55202],[-3.47968,41.52091],[-3.45152,41.53386],[-3.42141,41.51387],[-3.4133,41.47612],[-3.33038,41.46072],[-3.35053,41.39487],[-3.20735,41.30424],[-3.0619,41.27343],[-2.95013,41.29264],[-2.94119,41.31394],[-2.88842,41.32524],[-2.86685,41.31307],[-2.86689,41.27446],[-2.82225,41.25661],[-2.77551,41.25008],[-2.76095,41.27402],[-2.71677,41.27567],[-2.70955,41.25198],[-2.64601,41.24021],[-2.6292,41.21522],[-2.58949,41.22454],[-2.59374,41.2002],[-2.62207,41.18799],[-2.57749,41.17866],[-2.59531,41.15025],[-2.57558,41.13947],[-2.53651,41.16253],[-2.50885,41.11886],[-2.48226,41.11627],[-2.46947,41.07811],[-2.41891,41.05771],[-2.35533,41.08645],[-2.32341,41.05651],[-2.26354,41.06753],[-2.23215,41.09701],[-2.1753,41.08375],[-2.13185,41.1181],[-2.05643,41.06969],[-2.04818,41.07838],[-2.06562,41.09579],[-2.05169,41.14685],[-2.0799,41.17098],[-2.14624,41.1844],[-2.17367,41.28809],[-2.16314,41.35535],[-2.11603,41.38205],[-2.11677,41.42495],[-2.10152,41.44579],[-2.03562,41.42689],[-2.04358,41.39715],[-2.02927,41.38416],[-1.93729,41.40785],[-1.95369,41.42426],[-1.95328,41.46245],[-1.98111,41.48644],[-1.96734,41.54607],[-1.99369,41.57709],[-1.99324,41.60051],[-1.9231,41.59833],[-1.85899,41.66153],[-1.80622,41.66426],[-1.81207,41.68645],[-1.77537,41.72479],[-1.80921,41.73666],[-1.80585,41.75508],[-1.85271,41.78888],[-1.81905,41.82875],[-1.8176,41.85338],[-1.85728,41.90951],[-1.85592,41.9663],[-1.9703,41.91914],[-2.02831,41.95339],[-2.03639,41.9394],[-2.10996,41.95787],[-2.12407,41.99531],[-2.10763,42.00277],[-2.16191,42.06673],[-2.12724,42.08046],[-2.12732,42.09717],[-2.20888,42.10466],[-2.26959,42.08855],[-2.28216,42.1317],[-2.344,42.1455]]]]},"properties":{"code":"ES-42","nom":"Soria","country":"ES"}},{"type":"Feature","geometry":{"type":"MultiPolygon","coordinates":[[[[-1.6523,43.31024],[-1.78324,43.28682],[-1.79497,43.24693],[-1.86058,43.21209],[-1.86769,43.2305],[-1.88093,43.22878],[-1.88191,43.20679],[-1.91415,43.22517],[-1.92069,43.15063],[-1.90195,43.13585],[-1.94752,43.09753],[-2.02282,43.06519],[-2.02044,43.04673],[-2.0414,43.0297],[-2.02831,42.99884],[-2.03834,42.98099],[-2.09524,42.97255],[-2.11763,42.94225],[-2.18096,42.93513],[-2.21026,42.94991],[-2.23557,42.92661],[-2.23776,42.896],[-2.25307,42.89277],[-2.23371,42.84051],[-2.28101,42.78513],[-2.26217,42.74846],[-2.31685,42.73935],[-2.32401,42.72377],[-2.31686,42.6825],[-2.29358,42.67794],[-2.28848,42.65507],[-2.38195,42.6343],[-2.37626,42.65071],[-2.4158,42.66268],[-2.49931,42.61048],[-2.49063,42.58535],[-2.4622,42.58739],[-2.45324,42.56711],[-2.42112,42.60712],[-2.39675,42.5991],[-2.3922,42.51695],[-2.42375,42.50963],[-2.40017,42.47178],[-2.35224,42.46563],[-2.34504,42.4513],[-2.32999,42.4688],[-2.29872,42.45741],[-2.28801,42.46736],[-2.27448,42.44547],[-2.17504,42.40777],[-2.1119,42.41996],[-2.11551,42.39908],[-2.07864,42.36813],[-2.08996,42.34697],[-1.99552,42.36361],[-1.96452,42.33382],[-1.91851,42.32697],[-1.91382,42.30011],[-1.87066,42.28897],[-1.87228,42.25267],[-1.84979,42.25925],[-1.80233,42.22343],[-1.72534,42.21454],[-1.70424,42.19203],[-1.67953,42.19114],[-1.7009,42.17312],[-1.67966,42.15169],[-1.71989,42.13344],[-1.73974,42.14974],[-1.779,42.1377],[-1.83242,42.14823],[-1.9023,42.07386],[-1.90158,42.02968],[-1.8337,41.99506],[-1.7669,41.99579],[-1.71522,41.95696],[-1.65415,41.96535],[-1.55926,41.91394],[-1.4776,41.92491],[-1.41824,41.91358],[-1.30482,42.04295],[-1.31059,42.07231],[-1.35228,42.07307],[-1.36676,42.10696],[-1.39888,42.12622],[-1.39191,42.18142],[-1.41753,42.21237],[-1.39137,42.27212],[-1.39908,42.2913],[-1.32908,42.35538],[-1.3599,42.37804],[-1.34151,42.42394],[-1.27278,42.4819],[-1.29348,42.51096],[-1.27071,42.54894],[-1.20279,42.54966],[-1.20192,42.57824],[-1.15803,42.59915],[-1.17978,42.61062],[-1.15712,42.61089],[-1.15205,42.64788],[-1.05193,42.64259],[-1.03681,42.65164],[-1.02798,42.70006],[-0.94868,42.71145],[-0.92299,42.744],[-0.9005,42.74309],[-0.90053,42.76047],[-0.86555,42.76285],[-0.84753,42.78592],[-0.86001,42.79856],[-0.85683,42.84689],[-0.81853,42.86937],[-0.8191,42.90067],[-0.78321,42.92173],[-0.72395,42.92236],[-0.75593,42.96805],[-0.80958,42.95137],[-0.90851,42.96448],[-0.9451,42.95345],[-1.01212,42.99258],[-1.08127,43.00064],[-1.11468,43.02393],[-1.14186,43.00737],[-1.1456,43.02582],[-1.21259,43.05169],[-1.26275,43.04402],[-1.30897,43.07117],[-1.27004,43.11826],[-1.33257,43.10762],[-1.35417,43.02812],[-1.44121,43.04635],[-1.47341,43.08664],[-1.41408,43.1283],[-1.40223,43.1779],[-1.38141,43.18968],[-1.38432,43.25367],[-1.41365,43.27367],[-1.43783,43.26686],[-1.53553,43.29493],[-1.56408,43.28878],[-1.55636,43.27938],[-1.57566,43.24994],[-1.60871,43.25199],[-1.63002,43.28504],[-1.62446,43.30577],[-1.6523,43.31024]]],[[[-1.09623,42.48566],[-1.12936,42.44672],[-1.05645,42.43432],[-1.05436,42.4488],[-1.09623,42.48566]]],[[[-1.14859,42.44104],[-1.18283,42.42459],[-1.1878,42.40303],[-1.15836,42.41002],[-1.14859,42.44104]]]]},"properties":{"code":"ES-31","nom":"Navarra","country":"ES"}},{"type":"Feature","geometry":{"type":"MultiPolygon","coordinates":[[[[-7.63622,43.7528],[-7.6998,43.73515],[-7.6986,43.69566],[-7.71927,43.68665],[-7.691,43.65405],[-7.73548,43.62214],[-7.71793,43.58341],[-7.74876,43.57767],[-7.76031,43.54803],[-7.74443,43.5119],[-7.75878,43.50847],[-7.78029,43.44859],[-7.80727,43.43734],[-7.82307,43.40075],[-7.88194,43.40753],[-7.89891,43.3898],[-7.88514,43.37537],[-7.88695,43.33718],[-7.94711,43.28602],[-7.92185,43.26946],[-7.96139,43.18984],[-7.91683,43.08827],[-7.94299,43.06762],[-7.90531,42.9854],[-7.90817,42.95126],[-7.94332,42.91735],[-7.93551,42.90346],[-7.99973,42.84889],[-7.95641,42.83975],[-7.98048,42.81134],[-7.97841,42.7787],[-7.93537,42.73974],[-7.86639,42.72064],[-7.86143,42.7062],[-7.88971,42.68371],[-7.89255,42.62963],[-7.93075,42.5786],[-7.88873,42.53813],[-7.92401,42.52504],[-7.9016,42.52136],[-7.91318,42.50839],[-7.87541,42.51095],[-7.80271,42.48027],[-7.76503,42.49396],[-7.74831,42.47999],[-7.7889,42.466],[-7.71317,42.45238],[-7.69787,42.42954],[-7.63141,42.40705],[-7.61665,42.38422],[-7.57612,42.40487],[-7.54197,42.38444],[-7.50758,42.38678],[-7.39925,42.43556],[-7.3699,42.42136],[-7.30449,42.42887],[-7.22007,42.38719],[-7.23093,42.35914],[-7.20267,42.3257],[-7.14927,42.43616],[-7.09974,42.45878],[-7.07619,42.49675],[-7.05985,42.52932],[-7.06967,42.55395],[-7.03356,42.58409],[-7.05017,42.59731],[-7.04701,42.6327],[-7.00436,42.64287],[-7.04519,42.69476],[-7.01089,42.72366],[-6.97288,42.72501],[-6.95948,42.75503],[-6.9356,42.74086],[-6.86743,42.78717],[-6.84032,42.82337],[-6.87128,42.87384],[-6.83374,42.88206],[-6.81489,42.87082],[-6.84799,42.91432],[-6.82419,42.91506],[-6.84187,42.9282],[-6.83609,42.95776],[-6.8643,42.98348],[-6.91032,42.99014],[-6.9571,43.03678],[-6.96196,42.99072],[-6.99717,43.01948],[-6.98191,43.04137],[-6.96464,43.03467],[-6.96859,43.05721],[-6.93869,43.08651],[-6.91559,43.07342],[-6.87135,43.09121],[-6.82155,43.14324],[-6.86825,43.19002],[-6.88541,43.1568],[-6.95736,43.13548],[-6.98077,43.16655],[-6.9649,43.18755],[-6.97102,43.20425],[-7.00145,43.20728],[-7.00958,43.22288],[-7.02005,43.21324],[-7.06159,43.24405],[-7.07151,43.27122],[-7.05978,43.30533],[-7.10093,43.30381],[-7.13121,43.33135],[-7.12753,43.3726],[-7.18249,43.39246],[-7.16855,43.40359],[-7.17299,43.43041],[-7.10166,43.42748],[-7.08915,43.45512],[-7.04827,43.47708],[-7.03718,43.55228],[-7.2361,43.56915],[-7.2558,43.54691],[-7.2711,43.56258],[-7.24553,43.57517],[-7.2944,43.59234],[-7.3571,43.67121],[-7.43643,43.7011],[-7.44894,43.69265],[-7.45986,43.71275],[-7.47841,43.70879],[-7.45911,43.71652],[-7.46824,43.72421],[-7.51453,43.71893],[-7.52434,43.7368],[-7.55707,43.72995],[-7.56043,43.71024],[-7.5845,43.71184],[-7.57628,43.693],[-7.60067,43.68179],[-7.59432,43.67942],[-7.59667,43.66265],[-7.59975,43.66517],[-7.59668,43.67426],[-7.61437,43.68127],[-7.60609,43.71777],[-7.62959,43.72213],[-7.63622,43.7528]],[[-7.13909,43.55712],[-7.13903,43.55802],[-7.13858,43.55814],[-7.13855,43.55754],[-7.13909,43.55712]],[[-7.60901,43.67618],[-7.60975,43.67601],[-7.60977,43.67631],[-7.60903,43.67663],[-7.60901,43.67618]],[[-7.43561,43.69442],[-7.43599,43.69442],[-7.43607,43.69454],[-7.43539,43.69459],[-7.43561,43.69442]],[[-7.17911,43.56217],[-7.17906,43.56245],[-7.17879,43.56247],[-7.17888,43.56226],[-7.17911,43.56217]],[[-7.38004,43.67729],[-7.38039,43.6774],[-7.38047,43.67764],[-7.38006,43.67744],[-7.38004,43.67729]],[[-7.1632,43.55554],[-7.16338,43.55556],[-7.16343,43.55565],[-7.16314,43.55574],[-7.1632,43.55554]],[[-7.14523,43.55633],[-7.14543,43.55631],[-7.14554,43.5564],[-7.14521,43.55648],[-7.14523,43.55633]],[[-7.11935,43.55608],[-7.11944,43.55608],[-7.11955,43.55622],[-7.11937,43.55624],[-7.11935,43.55608]]],[[[-7.62954,43.76118],[-7.6345,43.75888],[-7.63308,43.75656],[-7.62799,43.75861],[-7.62954,43.76118]]],[[[-7.48872,43.73188],[-7.49166,43.73279],[-7.49417,43.73135],[-7.49043,43.7296],[-7.48872,43.73188]]],[[[-7.43791,43.71839],[-7.44113,43.71795],[-7.44247,43.71703],[-7.44075,43.71659],[-7.43791,43.71839]]],[[[-7.4415,43.70126],[-7.44254,43.70174],[-7.44442,43.70119],[-7.44334,43.7001],[-7.4415,43.70126]]],[[[-7.04841,43.55536],[-7.04836,43.55689],[-7.05005,43.5575],[-7.04966,43.5562],[-7.04841,43.55536]]],[[[-7.43936,43.71526],[-7.44166,43.71495],[-7.43698,43.71499],[-7.43785,43.71517],[-7.43936,43.71526]]],[[[-7.0427,43.5572],[-7.04166,43.55574],[-7.0407,43.55593],[-7.04105,43.55681],[-7.0427,43.5572]]],[[[-7.60418,43.71198],[-7.60346,43.71236],[-7.60304,43.71361],[-7.60372,43.71333],[-7.60418,43.71198]]],[[[-7.51712,43.73024],[-7.51652,43.73033],[-7.51678,43.73148],[-7.51758,43.73108],[-7.51712,43.73024]]],[[[-7.58371,43.69819],[-7.58348,43.69878],[-7.5849,43.69882],[-7.58434,43.6982],[-7.58371,43.69819]]],[[[-7.49105,43.72815],[-7.49039,43.72898],[-7.49199,43.72886],[-7.49138,43.72818],[-7.49105,43.72815]]],[[[-7.60426,43.69808],[-7.60485,43.69816],[-7.60527,43.6975],[-7.60473,43.69732],[-7.60426,43.69808]]],[[[-7.43663,43.71875],[-7.43629,43.71921],[-7.43648,43.7195],[-7.43705,43.71873],[-7.43663,43.71875]]],[[[-7.54691,43.73327],[-7.54678,43.73371],[-7.54714,43.73386],[-7.54724,43.73337],[-7.54691,43.73327]]],[[[-7.06334,43.55897],[-7.06335,43.55949],[-7.06362,43.55963],[-7.06378,43.55914],[-7.06334,43.55897]]],[[[-7.11777,43.5622],[-7.1184,43.56156],[-7.11837,43.56148],[-7.1178,43.56163],[-7.11777,43.5622]]],[[[-7.51307,43.7247],[-7.51309,43.725],[-7.51269,43.72522],[-7.51342,43.72494],[-7.51307,43.7247]]],[[[-7.06051,43.55951],[-7.06075,43.55968],[-7.06104,43.55951],[-7.06057,43.55937],[-7.06051,43.55951]]],[[[-7.54762,43.73465],[-7.54771,43.73487],[-7.54801,43.73486],[-7.54797,43.73468],[-7.54762,43.73465]]],[[[-7.34557,43.66354],[-7.346,43.66363],[-7.34605,43.66348],[-7.34574,43.66342],[-7.34557,43.66354]]],[[[-7.05481,43.55784],[-7.05502,43.55803],[-7.05522,43.55797],[-7.05497,43.55765],[-7.05481,43.55784]]],[[[-7.31808,43.62577],[-7.3184,43.62586],[-7.3185,43.62571],[-7.31838,43.62563],[-7.31808,43.62577]]]]},"properties":{"code":"ES-27","nom":"Lugo","country":"ES"}},{"type":"Feature","geometry":{"type":"MultiPolygon","coordinates":[[[[-3.5367,41.16058],[-3.6137,41.14905],[-3.67606,41.0867],[-3.74045,41.05364],[-3.78137,41.00031],[-3.9072,40.9553],[-3.95228,40.89363],[-3.94711,40.86297],[-3.97968,40.78455],[-4.0767,40.78888],[-4.09699,40.74774],[-4.17157,40.68063],[-4.17285,40.63036],[-4.16118,40.62347],[-4.24544,40.60245],[-4.26214,40.60518],[-4.2711,40.62902],[-4.29071,40.62782],[-4.27857,40.60317],[-4.28926,40.56419],[-4.32822,40.53376],[-4.31568,40.46477],[-4.34125,40.42868],[-4.32109,40.41031],[-4.42173,40.40623],[-4.44373,40.3857],[-4.43864,40.35275],[-4.4606,40.34138],[-4.45576,40.31935],[-4.5029,40.31489],[-4.52679,40.34487],[-4.54622,40.34183],[-4.52938,40.29313],[-4.56879,40.25871],[-4.55933,40.23127],[-4.57499,40.20664],[-4.52791,40.20009],[-4.50979,40.21919],[-4.43743,40.2367],[-4.43525,40.25913],[-4.38348,40.28905],[-4.38011,40.31834],[-4.35639,40.30862],[-4.34849,40.23675],[-4.30799,40.23388],[-4.30611,40.22178],[-4.26996,40.23568],[-4.248,40.27348],[-4.20323,40.26882],[-4.19087,40.29736],[-4.14399,40.26462],[-4.14577,40.24518],[-4.10427,40.24183],[-4.07289,40.26545],[-4.02403,40.24897],[-4.02616,40.23561],[-3.991,40.20948],[-3.95287,40.2128],[-3.95089,40.19033],[-3.93114,40.20398],[-3.87202,40.19015],[-3.83419,40.16135],[-3.8046,40.17684],[-3.77045,40.1394],[-3.74437,40.13222],[-3.72222,40.14771],[-3.68372,40.13227],[-3.66731,40.14329],[-3.65573,40.12491],[-3.60763,40.10897],[-3.63609,40.04163],[-3.69989,40.01954],[-3.72009,39.98444],[-3.74621,39.98109],[-3.72794,39.96455],[-3.75882,39.96889],[-3.75437,39.95044],[-3.77049,39.95055],[-3.7636,39.96752],[-3.78335,39.9448],[-3.80955,39.95396],[-3.83204,39.93156],[-3.84004,39.94196],[-3.87519,39.92874],[-3.86833,39.90486],[-3.8044,39.88472],[-3.74387,39.9408],[-3.6345,39.96589],[-3.63794,39.98835],[-3.59,40.01317],[-3.51969,40.02107],[-3.50686,40.04867],[-3.40107,40.03418],[-3.37578,40.05125],[-3.37529,40.07539],[-3.33224,40.08048],[-3.27576,40.04728],[-3.20096,40.06049],[-3.17814,40.09221],[-3.16158,40.06493],[-3.11819,40.06143],[-3.06071,40.09056],[-3.05619,40.11374],[-3.09675,40.14239],[-3.08928,40.16297],[-3.06785,40.15791],[-3.10153,40.27809],[-3.11267,40.28548],[-3.15372,40.26371],[-3.1734,40.23417],[-3.19445,40.24804],[-3.18286,40.30827],[-3.14121,40.35054],[-3.15343,40.3677],[-3.13056,40.40519],[-3.15551,40.43942],[-3.1986,40.44225],[-3.19996,40.51445],[-3.24992,40.54432],[-3.29713,40.53752],[-3.28407,40.56898],[-3.32828,40.59484],[-3.32164,40.61219],[-3.33852,40.62585],[-3.3165,40.65518],[-3.3456,40.63774],[-3.39335,40.69246],[-3.40474,40.66964],[-3.46855,40.68994],[-3.43494,40.72799],[-3.45042,40.73489],[-3.44434,40.76158],[-3.45901,40.78132],[-3.51157,40.7885],[-3.47739,40.82356],[-3.47257,40.86422],[-3.44049,40.87535],[-3.46058,40.90666],[-3.44406,40.90685],[-3.4183,40.98756],[-3.39445,41.00028],[-3.43893,41.04267],[-3.4258,41.0829],[-3.48875,41.09429],[-3.5367,41.16058]],[[-3.37226,40.63561],[-3.36367,40.6316],[-3.38213,40.63047],[-3.38026,40.63285],[-3.37226,40.63561]]],[[[-4.25573,40.65317],[-4.28482,40.68122],[-4.32412,40.65803],[-4.31951,40.64764],[-4.25573,40.65317]]]]},"properties":{"code":"ES-28","nom":"Madrid","country":"ES"}},{"type":"Feature","geometry":{"type":"MultiPolygon","coordinates":[[[[-4.45676,43.05705],[-4.47571,43.0387],[-4.52093,43.04737],[-4.55845,43.01951],[-4.60608,43.03577],[-4.63813,43.01667],[-4.69951,43.02666],[-4.75699,43.0155],[-4.79481,42.98665],[-4.80923,42.93034],[-4.8555,42.89171],[-4.86559,42.86055],[-4.90032,42.85999],[-4.88856,42.84113],[-4.90286,42.80997],[-4.89588,42.78517],[-4.93636,42.74447],[-4.91589,42.72056],[-4.87167,42.70799],[-4.90029,42.67012],[-4.89466,42.62386],[-4.91595,42.55475],[-4.88799,42.53703],[-4.9,42.45068],[-4.92399,42.43614],[-4.90498,42.42455],[-4.91432,42.40119],[-4.9034,42.38565],[-4.97255,42.37438],[-4.98421,42.33787],[-4.9425,42.34655],[-4.94243,42.3275],[-4.95345,42.29716],[-5.00214,42.28913],[-5.01881,42.25386],[-5.00916,42.23103],[-5.02467,42.21989],[-5.01239,42.18976],[-5.03189,42.17363],[-5.02697,42.15391],[-4.99431,42.1449],[-4.9275,42.15022],[-4.92871,42.11831],[-4.90418,42.07839],[-4.94763,42.05431],[-4.93601,42.01792],[-4.96554,42.00706],[-5.00485,41.93795],[-4.98368,41.91003],[-4.94959,41.93383],[-4.92794,41.91503],[-4.86909,41.93173],[-4.78925,41.81802],[-4.75842,41.82579],[-4.72825,41.86883],[-4.66968,41.90051],[-4.6373,41.88811],[-4.6319,41.86173],[-4.56608,41.81257],[-4.54915,41.83102],[-4.51212,41.8233],[-4.4733,41.84303],[-4.47831,41.82859],[-4.46115,41.82036],[-4.48734,41.8201],[-4.50118,41.77141],[-4.45424,41.75917],[-4.3893,41.78777],[-4.31764,41.76344],[-4.23602,41.81397],[-4.21395,41.79941],[-4.12319,41.80731],[-4.10027,41.77471],[-4.04088,41.76835],[-4.038,41.78985],[-4.09007,41.83086],[-4.07932,41.84845],[-4.08882,41.87065],[-4.03758,41.87277],[-3.9807,41.90062],[-3.98134,41.9307],[-3.92914,41.95936],[-3.89198,41.95794],[-3.89147,41.99665],[-4.03298,41.95408],[-4.01478,41.99858],[-3.97107,42.03321],[-3.98141,42.05064],[-4.03925,42.05335],[-4.07989,42.03678],[-4.10411,42.06163],[-4.10304,42.08704],[-4.07749,42.08268],[-4.05621,42.10091],[-4.10378,42.10969],[-4.12022,42.12813],[-4.20501,42.13361],[-4.18864,42.17638],[-4.23144,42.20845],[-4.22876,42.25037],[-4.24411,42.2594],[-4.26482,42.35251],[-4.28052,42.36379],[-4.27273,42.38572],[-4.32159,42.3799],[-4.33007,42.40443],[-4.31623,42.40998],[-4.33502,42.41991],[-4.31709,42.45893],[-4.24259,42.45624],[-4.25439,42.46792],[-4.24704,42.49472],[-4.2862,42.51197],[-4.27215,42.51998],[-4.27769,42.54469],[-4.30333,42.55536],[-4.30535,42.57081],[-4.27081,42.58139],[-4.28543,42.58198],[-4.2939,42.60526],[-4.26387,42.61796],[-4.29317,42.6909],[-4.26669,42.7053],[-4.25704,42.68811],[-4.14497,42.75252],[-4.10955,42.73388],[-4.0819,42.76526],[-4.09849,42.79118],[-4.14992,42.78931],[-4.18385,42.81207],[-4.18241,42.8226],[-4.16,42.83694],[-4.14045,42.829],[-4.1255,42.85429],[-4.14426,42.86861],[-4.1812,42.85869],[-4.19969,42.84457],[-4.22468,42.85677],[-4.22257,42.91098],[-4.2367,42.91711],[-4.24025,42.95653],[-4.34849,42.97258],[-4.39811,43.03487],[-4.45676,43.05705]],[[-4.2567,42.72797],[-4.26063,42.73889],[-4.24506,42.73597],[-4.25133,42.72655],[-4.2567,42.72797]]],[[[-4.00087,42.8098],[-4.01104,42.83038],[-4.01418,42.80638],[-4.05022,42.7798],[-4.04591,42.76661],[-4.00309,42.76336],[-4.00087,42.8098]]],[[[-4.07199,42.16534],[-4.11184,42.15858],[-4.11004,42.14319],[-4.06214,42.13158],[-4.07199,42.16534]]],[[[-4.09801,42.82367],[-4.11308,42.81669],[-4.10104,42.79397],[-4.08771,42.80559],[-4.09801,42.82367]]],[[[-4.16859,42.81153],[-4.16308,42.82095],[-4.18234,42.82035],[-4.17456,42.81162],[-4.16859,42.81153]]],[[[-4.03057,42.07912],[-4.02437,42.08355],[-4.03344,42.10697],[-4.03769,42.10259],[-4.03057,42.07912]]]]},"properties":{"code":"ES-34","nom":"Palencia","country":"ES"}},{"type":"Feature","geometry":{"type":"MultiPolygon","coordinates":[[[[-6.47592,41.28734],[-6.49,41.28874],[-6.47869,41.27496],[-6.49704,41.26561],[-6.52182,41.276],[-6.57126,41.23903],[-6.59139,41.25546],[-6.59912,41.24424],[-6.64777,41.24757],[-6.69195,41.20832],[-6.70132,41.18039],[-6.76742,41.13521],[-6.75399,41.10278],[-6.80836,41.03648],[-6.93009,41.03007],[-6.92157,41.00333],[-6.86017,40.9489],[-6.84848,40.90083],[-6.80875,40.88204],[-6.8003,40.84827],[-6.82612,40.84324],[-6.81698,40.80117],[-6.8312,40.75264],[-6.79389,40.66168],[-6.84482,40.56588],[-6.80083,40.55063],[-6.79503,40.51192],[-6.84969,40.45258],[-6.8348,40.40815],[-6.781,40.36467],[-6.79418,40.32879],[-6.86294,40.29744],[-6.86509,40.27063],[-6.83452,40.24758],[-6.7556,40.23892],[-6.71823,40.26924],[-6.69014,40.24266],[-6.67175,40.26323],[-6.58702,40.27072],[-6.55617,40.29078],[-6.56041,40.32905],[-6.53628,40.34724],[-6.43832,40.37277],[-6.41883,40.39929],[-6.3714,40.40187],[-6.34464,40.44278],[-6.27533,40.45852],[-6.23464,40.48661],[-6.1991,40.48184],[-6.14702,40.43612],[-6.11613,40.44159],[-6.12948,40.42079],[-6.06496,40.39661],[-6.08517,40.39049],[-6.07216,40.387],[-6.08238,40.36321],[-6.10572,40.35679],[-6.01602,40.34029],[-6.01643,40.31652],[-5.99214,40.29901],[-5.91717,40.2777],[-5.88505,40.32613],[-5.79934,40.35375],[-5.78199,40.31246],[-5.80224,40.29655],[-5.75791,40.28245],[-5.67303,40.34853],[-5.68636,40.35537],[-5.67844,40.38702],[-5.69141,40.42157],[-5.63417,40.46045],[-5.56092,40.4771],[-5.5746,40.44425],[-5.52593,40.42236],[-5.51147,40.42629],[-5.50983,40.46366],[-5.46713,40.46401],[-5.42851,40.56447],[-5.52469,40.54073],[-5.51622,40.58538],[-5.50086,40.59735],[-5.49966,40.58159],[-5.44765,40.57959],[-5.38295,40.62076],[-5.36589,40.64877],[-5.38581,40.66334],[-5.3777,40.67783],[-5.21444,40.75783],[-5.21899,40.77297],[-5.15745,40.82129],[-5.16381,40.86838],[-5.11505,40.90281],[-5.1276,40.95412],[-5.10484,40.96025],[-5.08984,40.99663],[-5.10661,41.0295],[-5.14079,41.03725],[-5.15255,41.06196],[-5.12493,41.13204],[-5.17966,41.16729],[-5.21822,41.15958],[-5.2296,41.19053],[-5.25297,41.19978],[-5.28847,41.19562],[-5.29786,41.12588],[-5.32895,41.11717],[-5.35699,41.14082],[-5.40019,41.14543],[-5.40759,41.18559],[-5.47688,41.17832],[-5.46983,41.15795],[-5.48434,41.1455],[-5.48526,41.17885],[-5.56507,41.21704],[-5.58793,41.20244],[-5.62833,41.21446],[-5.65696,41.24555],[-5.76731,41.2157],[-5.89767,41.23859],[-5.92133,41.21815],[-5.91313,41.17834],[-5.95324,41.1401],[-5.97922,41.17457],[-6.02183,41.15526],[-6.0275,41.17912],[-6.00884,41.2005],[-6.06201,41.22105],[-6.10931,41.21261],[-6.1345,41.19039],[-6.31768,41.27089],[-6.47592,41.28734]]]]},"properties":{"code":"ES-37","nom":"Salamanca","country":"ES"}},{"type":"Feature","geometry":{"type":"MultiPolygon","coordinates":[[[[-3.96383,41.58608],[-3.98067,41.58337],[-3.9999,41.5161],[-4.0274,41.5178],[-4.14248,41.46994],[-4.15832,41.4821],[-4.2611,41.45059],[-4.27013,41.46127],[-4.36239,41.44993],[-4.36491,41.436],[-4.41062,41.44165],[-4.46816,41.41308],[-4.51496,41.40966],[-4.484,41.3668],[-4.50447,41.3472],[-4.47055,41.31846],[-4.46779,41.29589],[-4.52863,41.3211],[-4.55954,41.30217],[-4.59685,41.32059],[-4.60198,41.30265],[-4.57388,41.2752],[-4.65086,41.22142],[-4.62775,41.17079],[-4.68056,41.18574],[-4.72134,41.15697],[-4.71272,41.0621],[-4.63829,41.03131],[-4.60675,40.9708],[-4.56635,40.9562],[-4.55957,40.88585],[-4.53157,40.85864],[-4.55671,40.83633],[-4.54639,40.82555],[-4.49377,40.83352],[-4.47384,40.77465],[-4.43113,40.74238],[-4.41962,40.63343],[-4.33263,40.63713],[-4.31619,40.66675],[-4.2529,40.68953],[-4.14711,40.69397],[-4.07009,40.79391],[-3.97968,40.78455],[-3.93795,40.92718],[-3.89046,40.96903],[-3.78137,41.00031],[-3.74045,41.05364],[-3.67606,41.0867],[-3.6137,41.14905],[-3.51622,41.1623],[-3.46692,41.18326],[-3.44415,41.21534],[-3.40249,41.21362],[-3.3995,41.25454],[-3.41152,41.26071],[-3.41515,41.2732],[-3.40978,41.26062],[-3.33635,41.25303],[-3.29017,41.25793],[-3.27576,41.27503],[-3.27427,41.26026],[-3.25426,41.25838],[-3.23894,41.28794],[-3.20735,41.30424],[-3.35053,41.39487],[-3.33038,41.46072],[-3.4133,41.47612],[-3.42367,41.51628],[-3.45806,41.53685],[-3.47968,41.52091],[-3.50194,41.52918],[-3.53833,41.55202],[-3.54642,41.58009],[-3.57262,41.5654],[-3.61684,41.57716],[-3.67172,41.56043],[-3.72831,41.51764],[-3.72372,41.47921],[-3.73948,41.45078],[-3.76975,41.46015],[-3.76619,41.53793],[-3.80379,41.52458],[-3.78764,41.48586],[-3.82388,41.48113],[-3.86795,41.53248],[-3.96383,41.58608]]]]},"properties":{"code":"ES-40","nom":"Segovia","country":"ES"}},{"type":"Feature","geometry":{"type":"MultiPolygon","coordinates":[[[[-5.72508,38.19578],[-5.87468,38.15834],[-5.88066,38.13228],[-5.92638,38.10501],[-5.90898,38.06285],[-5.93422,38.04688],[-5.95369,37.99535],[-6.05171,37.99684],[-6.16782,37.95582],[-6.18407,37.92899],[-6.17499,37.91509],[-6.14521,37.9205],[-6.1249,37.90442],[-6.16429,37.86201],[-6.14216,37.85567],[-6.12166,37.81659],[-6.13402,37.78783],[-6.2024,37.80553],[-6.22223,37.73965],[-6.25242,37.74278],[-6.25232,37.76315],[-6.31102,37.76487],[-6.44999,37.7189],[-6.47512,37.72514],[-6.50134,37.66796],[-6.53609,37.65098],[-6.52862,37.61579],[-6.44327,37.62335],[-6.39526,37.61119],[-6.3924,37.55405],[-6.36648,37.53576],[-6.35618,37.49617],[-6.30605,37.43301],[-6.31263,37.41872],[-6.35626,37.41217],[-6.36208,37.37588],[-6.34604,37.36573],[-6.38457,37.33749],[-6.333,37.2991],[-6.35985,37.2381],[-6.34525,37.21828],[-6.35056,37.18056],[-6.33612,37.16962],[-6.35967,37.13843],[-6.34236,37.12298],[-6.38639,37.07443],[-6.35394,36.98849],[-6.37889,36.93471],[-6.33101,36.8988],[-6.27829,36.91085],[-6.25379,36.89391],[-6.15615,36.88565],[-6.10445,36.85726],[-5.89105,36.84219],[-5.87652,36.89471],[-5.84551,36.91521],[-5.71377,36.92039],[-5.66757,36.97599],[-5.61809,36.94016],[-5.58711,36.94701],[-5.5834,36.91509],[-5.53382,36.89345],[-5.54612,36.93018],[-5.46973,36.98395],[-5.51099,37.0336],[-5.43369,37.05244],[-5.42011,37.01321],[-5.46029,36.9753],[-5.43895,36.93529],[-5.41285,36.94066],[-5.39239,36.97328],[-5.30211,37.03736],[-5.30022,37.01374],[-5.2259,36.94184],[-5.16264,36.98142],[-5.12284,37.02769],[-5.05309,37.0306],[-4.90837,37.11465],[-4.90331,37.13879],[-4.94266,37.15759],[-4.9396,37.1757],[-4.90511,37.18187],[-4.89762,37.15603],[-4.8755,37.15819],[-4.85386,37.19859],[-4.82591,37.2007],[-4.79263,37.15385],[-4.70861,37.1977],[-4.72721,37.21111],[-4.71795,37.23989],[-4.73574,37.24484],[-4.73003,37.25346],[-4.65335,37.25583],[-4.66212,37.28374],[-4.68109,37.29005],[-4.67525,37.30178],[-4.66061,37.29445],[-4.68407,37.31536],[-4.66844,37.31981],[-4.67118,37.33449],[-4.68566,37.33027],[-4.71867,37.3585],[-4.72922,37.33533],[-4.78222,37.3285],[-4.82213,37.3582],[-4.81469,37.37753],[-4.84981,37.41066],[-4.84063,37.43602],[-4.88474,37.43798],[-4.87534,37.45045],[-4.90409,37.4674],[-4.90447,37.48949],[-4.9152,37.48416],[-4.90602,37.49984],[-4.94893,37.52195],[-4.93203,37.54591],[-4.93171,37.61733],[-4.97428,37.60016],[-4.95377,37.65244],[-4.99982,37.70659],[-5.04723,37.71829],[-5.07258,37.7077],[-5.09151,37.67995],[-5.06988,37.65935],[-5.09788,37.67029],[-5.10861,37.70067],[-5.12971,37.69875],[-5.10792,37.66258],[-5.15005,37.66092],[-5.17677,37.68058],[-5.35796,37.58484],[-5.35993,37.60545],[-5.41402,37.64527],[-5.3936,37.65602],[-5.4142,37.67446],[-5.38908,37.69778],[-5.37634,37.67756],[-5.34484,37.70534],[-5.3271,37.69162],[-5.30706,37.70016],[-5.31004,37.77423],[-5.35004,37.79471],[-5.33932,37.83301],[-5.41471,37.86946],[-5.41561,37.94367],[-5.49315,37.99576],[-5.49512,38.04184],[-5.58479,38.13171],[-5.6325,38.13856],[-5.69363,38.08374],[-5.7349,38.08626],[-5.73882,38.13282],[-5.69526,38.14971],[-5.70579,38.16938],[-5.68406,38.15798],[-5.68861,38.18188],[-5.72508,38.19578]],[[-5.026,37.59957],[-5.01778,37.59246],[-5.0266,37.59542],[-5.03101,37.6106],[-5.04791,37.60814],[-5.0404,37.6262],[-5.08432,37.64808],[-5.0468,37.63194],[-5.03119,37.64152],[-5.026,37.59957]]]]},"properties":{"code":"ES-41","nom":"Sevilla","country":"ES"}},{"type":"Feature","geometry":{"type":"MultiPolygon","coordinates":[[[[-4.37514,40.31426],[-4.38348,40.28905],[-4.43525,40.25913],[-4.43743,40.2367],[-4.50979,40.21919],[-4.52791,40.20009],[-4.57908,40.2172],[-4.65423,40.19807],[-4.68726,40.212],[-4.69814,40.28219],[-4.76159,40.2609],[-4.80347,40.27526],[-4.81825,40.25477],[-4.80767,40.23532],[-4.92467,40.16998],[-4.92545,40.13604],[-4.95629,40.13335],[-4.95455,40.12113],[-5.01334,40.11106],[-5.01854,40.15905],[-5.06698,40.15092],[-5.08777,40.12432],[-5.17162,40.08482],[-5.20352,40.08343],[-5.21637,40.10801],[-5.35945,40.10841],[-5.37386,40.05932],[-5.36514,39.98292],[-5.40611,39.87773],[-5.32361,39.89173],[-5.28405,39.86388],[-5.31259,39.82428],[-5.30808,39.76002],[-5.25482,39.75234],[-5.20646,39.79756],[-5.1669,39.79988],[-5.15846,39.75966],[-5.17396,39.75126],[-5.13779,39.715],[-5.16176,39.64244],[-5.20662,39.59723],[-4.94967,39.39311],[-4.903,39.5037],[-4.86312,39.55615],[-4.75171,39.50183],[-4.74051,39.45616],[-4.7681,39.42992],[-4.75537,39.41571],[-4.69028,39.45179],[-4.61813,39.4544],[-4.61843,39.48465],[-4.56792,39.49728],[-4.55463,39.51078],[-4.56144,39.53314],[-4.54268,39.544],[-4.53109,39.5316],[-4.52495,39.56162],[-4.48219,39.5388],[-4.51122,39.52213],[-4.46159,39.47855],[-4.44191,39.52313],[-4.37721,39.49598],[-4.24209,39.4779],[-4.19323,39.49538],[-4.15873,39.57676],[-4.12434,39.56356],[-4.04178,39.57535],[-4.03008,39.52197],[-4.06008,39.52144],[-4.06813,39.45705],[-4.11807,39.45688],[-4.14807,39.36277],[-4.12054,39.36262],[-4.10445,39.34111],[-4.07337,39.36533],[-3.9722,39.35218],[-3.96686,39.29855],[-3.85428,39.25842],[-3.79121,39.2929],[-3.72252,39.26961],[-3.68019,39.29828],[-3.53259,39.30416],[-3.47688,39.34314],[-3.47048,39.37214],[-3.41028,39.40459],[-3.30913,39.39915],[-3.31589,39.43453],[-3.2942,39.47084],[-3.18517,39.47415],[-3.18452,39.48796],[-3.14342,39.49553],[-3.0696,39.45027],[-3.02259,39.457],[-2.99955,39.44164],[-2.95679,39.44721],[-2.93128,39.47087],[-2.92551,39.6018],[-2.90823,39.64233],[-2.99775,39.71887],[-3.07629,39.85571],[-3.12723,39.87468],[-3.09706,39.93347],[-3.0966,39.98694],[-3.14257,39.98497],[-3.17023,40.04814],[-3.16645,40.09111],[-3.20096,40.06049],[-3.27516,40.04731],[-3.33442,40.08105],[-3.37771,40.07477],[-3.37578,40.05125],[-3.40107,40.03418],[-3.50686,40.04867],[-3.51969,40.02107],[-3.59,40.01317],[-3.63794,39.98835],[-3.6345,39.96589],[-3.74387,39.9408],[-3.81489,39.88574],[-3.86894,39.90524],[-3.87519,39.92874],[-3.84004,39.94196],[-3.83204,39.93156],[-3.80955,39.95396],[-3.78335,39.9448],[-3.7636,39.96752],[-3.75797,39.95832],[-3.77049,39.95055],[-3.75437,39.95044],[-3.75882,39.96889],[-3.72794,39.96455],[-3.74621,39.98109],[-3.72009,39.98444],[-3.69989,40.01954],[-3.63609,40.04163],[-3.60763,40.10897],[-3.65573,40.12491],[-3.66731,40.14329],[-3.68372,40.13227],[-3.72222,40.14771],[-3.74437,40.13222],[-3.77045,40.1394],[-3.8046,40.17684],[-3.83419,40.16135],[-3.87202,40.19015],[-3.93114,40.20398],[-3.95089,40.19033],[-3.95287,40.2128],[-3.991,40.20948],[-4.02616,40.23561],[-4.02403,40.24897],[-4.07289,40.26545],[-4.10427,40.24183],[-4.14577,40.24518],[-4.14399,40.26462],[-4.19087,40.29736],[-4.20323,40.26882],[-4.248,40.27348],[-4.26996,40.23568],[-4.30611,40.22178],[-4.30799,40.23388],[-4.34849,40.23675],[-4.35639,40.30862],[-4.37514,40.31426]]]]},"properties":{"code":"ES-45","nom":"Toledo","country":"ES"}},{"type":"Feature","geometry":{"type":"MultiPolygon","coordinates":[[[[1.43856,41.57568],[1.39547,41.57749],[1.40345,41.55816],[1.39191,41.55644],[1.21986,41.56958],[1.21076,41.5486],[1.16465,41.53446],[1.18095,41.48811],[1.11218,41.46701],[1.03975,41.50111],[1.0485,41.48754],[1.03746,41.47999],[1.07493,41.4584],[0.94523,41.34976],[0.86327,41.33811],[0.845,41.36231],[0.8195,41.32883],[0.76248,41.33425],[0.75152,41.31784],[0.62819,41.29086],[0.59706,41.29345],[0.58078,41.32006],[0.55443,41.32667],[0.52581,41.29046],[0.50327,41.28973],[0.46915,41.33104],[0.44174,41.32561],[0.43315,41.27604],[0.38566,41.27884],[0.38131,41.23643],[0.3224,41.22524],[0.30332,41.16438],[0.25299,41.15015],[0.24788,41.13014],[0.20122,41.12678],[0.2012,41.08468],[0.22008,41.08291],[0.23045,41.0553],[0.21774,41.04366],[0.27966,41.02017],[0.25864,41.01463],[0.2935,40.97056],[0.23891,40.8847],[0.27819,40.8209],[0.23357,40.78699],[0.22997,40.76743],[0.17522,40.75494],[0.17536,40.74113],[0.15918,40.75061],[0.16449,40.74012],[0.19729,40.72417],[0.22612,40.73316],[0.23652,40.70168],[0.26243,40.70585],[0.29184,40.68855],[0.26767,40.65816],[0.28227,40.62759],[0.40196,40.60238],[0.44394,40.57822],[0.43796,40.54706],[0.5147,40.52305],[0.53792,40.56723],[0.59044,40.61284],[0.60459,40.6091],[0.60133,40.6221],[0.74523,40.63611],[0.70868,40.59089],[0.66033,40.59147],[0.65704,40.57826],[0.64894,40.57294],[0.59499,40.57809],[0.61764,40.55355],[0.66136,40.55733],[0.70207,40.58044],[0.75829,40.64146],[0.86357,40.68987],[0.8806,40.71847],[0.87199,40.73493],[0.82857,40.73427],[0.76587,40.79228],[0.73025,40.78921],[0.78055,40.76828],[0.73035,40.76949],[0.69972,40.80452],[0.74134,40.82332],[0.86223,40.94708],[0.96665,41.02835],[1.04914,41.06412],[1.12336,41.07471],[1.17034,41.05463],[1.21504,41.10423],[1.24911,41.10864],[1.22077,41.08357],[1.29793,41.12777],[1.3949,41.13162],[1.51333,41.17799],[1.64474,41.19344],[1.64098,41.23537],[1.62401,41.22294],[1.58311,41.23608],[1.57016,41.26073],[1.6197,41.2537],[1.63679,41.29595],[1.58822,41.29356],[1.5955,41.30885],[1.55866,41.34315],[1.57796,41.36246],[1.53682,41.38536],[1.50929,41.39444],[1.47304,41.38076],[1.48246,41.39861],[1.49016,41.40148],[1.4751,41.42945],[1.4952,41.43561],[1.46848,41.44396],[1.48456,41.47492],[1.39635,41.51289],[1.40872,41.53493],[1.44858,41.53707],[1.43103,41.55566],[1.45448,41.56919],[1.43856,41.57568]],[[0.73764,40.63792],[0.73567,40.63783],[0.73471,40.63932],[0.73628,40.63886],[0.73764,40.63792]],[[0.70763,40.63523],[0.70732,40.63523],[0.70728,40.63534],[0.70753,40.63557],[0.70763,40.63523]]],[[[1.63323,41.31349],[1.62897,41.31065],[1.63748,41.30968],[1.6425,41.31296],[1.64091,41.31256],[1.63323,41.31349]]],[[[0.65151,40.58533],[0.64897,40.58435],[0.65573,40.5813],[0.65429,40.58437],[0.65151,40.58533]]],[[[0.63547,40.57989],[0.6335,40.57991],[0.63488,40.57739],[0.63416,40.57891],[0.63547,40.57989]]],[[[0.64841,40.58445],[0.64611,40.58467],[0.64587,40.5837],[0.64798,40.58328],[0.64841,40.58445]]],[[[0.64627,40.57672],[0.6445,40.57679],[0.64393,40.57655],[0.64738,40.5756],[0.64627,40.57672]]],[[[0.64889,40.57852],[0.64933,40.58003],[0.64813,40.58027],[0.64831,40.57891],[0.64889,40.57852]]],[[[0.64911,40.57515],[0.64857,40.57635],[0.64763,40.5761],[0.64833,40.57507],[0.64911,40.57515]]],[[[0.65024,40.57616],[0.64969,40.57726],[0.64898,40.57706],[0.64905,40.57627],[0.65024,40.57616]]],[[[0.64251,40.57596],[0.64163,40.5772],[0.64126,40.57659],[0.64289,40.57507],[0.64251,40.57596]]],[[[0.64583,40.58219],[0.64639,40.58259],[0.64495,40.58319],[0.64502,40.58241],[0.64583,40.58219]]],[[[0.64351,40.57691],[0.64259,40.5781],[0.64187,40.57862],[0.64381,40.57613],[0.64351,40.57691]]],[[[0.64697,40.57824],[0.64661,40.57885],[0.64538,40.5793],[0.64551,40.57857],[0.64697,40.57824]]],[[[0.63488,40.58254],[0.63506,40.58174],[0.63596,40.58183],[0.63578,40.58232],[0.63488,40.58254]]],[[[0.61569,40.57656],[0.61584,40.5773],[0.61465,40.57697],[0.61494,40.57654],[0.61569,40.57656]]],[[[0.64485,40.57532],[0.64463,40.57498],[0.64648,40.57402],[0.64556,40.57528],[0.64485,40.57532]]],[[[0.63911,40.5815],[0.63919,40.58213],[0.63857,40.58246],[0.63812,40.58168],[0.63911,40.5815]]],[[[0.64347,40.58277],[0.64372,40.5836],[0.64272,40.5836],[0.64278,40.58322],[0.64347,40.58277]]],[[[0.64884,40.5744],[0.64819,40.57495],[0.64717,40.57477],[0.6478,40.57414],[0.64884,40.5744]]],[[[0.64234,40.58161],[0.64235,40.58264],[0.64172,40.58294],[0.64141,40.58248],[0.64234,40.58161]]],[[[0.63338,40.58108],[0.63391,40.58123],[0.63391,40.58181],[0.63304,40.58159],[0.63338,40.58108]]],[[[0.64296,40.57939],[0.64362,40.57849],[0.64421,40.57815],[0.64375,40.57905],[0.64296,40.57939]]],[[[0.64325,40.57992],[0.64252,40.58063],[0.64239,40.58081],[0.64268,40.57977],[0.64325,40.57992]]],[[[0.63853,40.57944],[0.63852,40.57984],[0.63797,40.58009],[0.63803,40.5794],[0.63853,40.57944]]],[[[0.85987,40.73563],[0.85929,40.73574],[0.85883,40.73543],[0.85981,40.73533],[0.85987,40.73563]]],[[[0.64511,40.58427],[0.64437,40.5842],[0.6441,40.58404],[0.64509,40.5839],[0.64511,40.58427]]],[[[0.64668,40.57456],[0.64636,40.5751],[0.64613,40.57534],[0.64631,40.5745],[0.64668,40.57456]]],[[[0.65001,40.58311],[0.64934,40.5834],[0.64927,40.58319],[0.64951,40.58291],[0.65001,40.58311]]],[[[0.63702,40.58145],[0.63693,40.58196],[0.6366,40.58211],[0.6367,40.58163],[0.63702,40.58145]]],[[[0.64179,40.58146],[0.64136,40.58173],[0.64105,40.58191],[0.64197,40.58125],[0.64179,40.58146]]],[[[0.64498,40.58039],[0.64483,40.58104],[0.6446,40.58118],[0.6447,40.58066],[0.64498,40.58039]]],[[[1.3606,41.12898],[1.36087,41.12916],[1.36064,41.1294],[1.36044,41.12911],[1.3606,41.12898]]],[[[0.64007,40.57718],[0.63982,40.57736],[0.63972,40.57734],[0.64023,40.57695],[0.64007,40.57718]]]]},"properties":{"code":"ES-43","nom":"Tarragona","country":"ES"}},{"type":"Feature","geometry":{"type":"MultiPolygon","coordinates":[[[[-0.50256,41.35439],[-0.58179,41.34812],[-0.5773,41.31395],[-0.52715,41.28822],[-0.50816,41.25582],[-0.50969,41.23828],[-0.53158,41.22781],[-0.54849,41.26774],[-0.59981,41.31889],[-0.62972,41.31176],[-0.62546,41.24818],[-0.66922,41.23685],[-0.6099,41.19168],[-0.69397,41.11229],[-0.76141,41.16966],[-0.79282,41.1056],[-0.82853,41.09642],[-0.85989,41.10801],[-0.88326,41.14876],[-0.91255,41.09301],[-0.95292,41.07544],[-0.9986,41.09523],[-0.97242,41.15346],[-1.00086,41.13401],[-1.03931,41.13472],[-1.10567,41.16759],[-1.1216,41.13493],[-1.17399,41.12369],[-1.20998,41.1388],[-1.2544,41.12294],[-1.27137,41.10328],[-1.2533,41.07733],[-1.28743,41.04886],[-1.35417,41.05753],[-1.3558,41.08853],[-1.40522,41.06631],[-1.41752,41.02975],[-1.4764,41.01494],[-1.4466,40.98456],[-1.47299,40.9488],[-1.50534,40.96412],[-1.56163,40.93862],[-1.61745,40.94373],[-1.6079,40.92762],[-1.62139,40.8804],[-1.54233,40.81122],[-1.53991,40.76073],[-1.56202,40.73975],[-1.53564,40.68702],[-1.56486,40.61474],[-1.54551,40.59519],[-1.59875,40.56205],[-1.6781,40.59095],[-1.70162,40.5411],[-1.69251,40.48682],[-1.73504,40.47203],[-1.78543,40.41318],[-1.80064,40.41422],[-1.80636,40.39823],[-1.77777,40.39188],[-1.69768,40.32129],[-1.72946,40.30291],[-1.72122,40.2787],[-1.69035,40.30966],[-1.54048,40.1908],[-1.5109,40.20372],[-1.47442,40.18504],[-1.43921,40.19701],[-1.44886,40.14534],[-1.43332,40.13947],[-1.3571,40.12889],[-1.31972,40.14639],[-1.32299,40.18486],[-1.29778,40.21153],[-1.29308,40.20692],[-1.28434,40.1715],[-1.2443,40.14597],[-1.24459,40.1158],[-1.14803,40.1145],[-1.07213,40.06048],[-1.08423,40.03621],[-1.16519,40.0101],[-1.1424,39.97184],[-1.12175,39.96085],[-1.10502,39.97498],[-0.98938,39.98183],[-0.93189,39.95608],[-0.92045,39.9644],[-0.90266,39.93185],[-0.91256,39.87235],[-0.86355,39.84741],[-0.7977,39.88107],[-0.84042,39.92495],[-0.83779,39.97681],[-0.77765,39.99841],[-0.75362,40.04661],[-0.68294,40.04422],[-0.62722,40.0762],[-0.61359,40.07001],[-0.62853,40.10258],[-0.57864,40.13734],[-0.54419,40.25166],[-0.49451,40.22873],[-0.42807,40.2438],[-0.38363,40.26485],[-0.40041,40.29485],[-0.38864,40.30694],[-0.36627,40.30505],[-0.34062,40.33999],[-0.28176,40.3657],[-0.28539,40.38649],[-0.34736,40.44394],[-0.27264,40.47376],[-0.27764,40.50153],[-0.30184,40.5154],[-0.29329,40.61104],[-0.37048,40.61359],[-0.37796,40.66754],[-0.32882,40.68028],[-0.307,40.6595],[-0.23599,40.69111],[-0.22403,40.75416],[-0.19718,40.78446],[-0.16496,40.78863],[-0.14453,40.78544],[-0.12684,40.75332],[-0.0647,40.72741],[0.01574,40.72843],[0.02644,40.69495],[0.04217,40.69101],[0.1125,40.72714],[0.16381,40.72361],[0.15918,40.75061],[0.17536,40.74113],[0.17522,40.75494],[0.22997,40.76743],[0.23357,40.78699],[0.27819,40.8209],[0.23891,40.8847],[0.2935,40.97056],[0.25864,41.01463],[0.27966,41.02017],[0.21774,41.04366],[0.23043,41.05462],[0.22035,41.07143],[0.14586,41.06304],[0.07863,41.08034],[0.03692,41.04657],[-0.01588,41.12272],[-0.18095,41.18814],[-0.22419,41.18948],[-0.31747,41.25751],[-0.33721,41.24138],[-0.40586,41.27236],[-0.42875,41.29407],[-0.42076,41.31174],[-0.47016,41.31825],[-0.47993,41.34593],[-0.50256,41.35439]]]]},"properties":{"code":"ES-44","nom":"Teruel","country":"ES"}},{"type":"Feature","geometry":{"type":"MultiPolygon","coordinates":[[[[-0.98714,39.98072],[-1.10502,39.97498],[-1.12175,39.96085],[-1.1424,39.97184],[-1.20398,39.94934],[-1.20004,39.85871],[-1.215,39.80877],[-1.27541,39.73864],[-1.2679,39.69115],[-1.31283,39.67048],[-1.36854,39.68962],[-1.41793,39.65494],[-1.46208,39.57662],[-1.52066,39.54997],[-1.5026,39.54562],[-1.49915,39.50045],[-1.51245,39.49627],[-1.51339,39.45827],[-1.52887,39.45527],[-1.52172,39.43268],[-1.49665,39.42932],[-1.49899,39.41536],[-1.48325,39.42246],[-1.48881,39.40165],[-1.47057,39.40751],[-1.47331,39.39115],[-1.45274,39.39867],[-1.45288,39.38374],[-1.46819,39.38333],[-1.44879,39.37819],[-1.4551,39.36085],[-1.43229,39.37758],[-1.42603,39.36276],[-1.41468,39.3803],[-1.33665,39.334],[-1.31274,39.34317],[-1.22333,39.31611],[-1.20791,39.32624],[-1.16189,39.30542],[-1.18083,39.21182],[-1.25572,39.10617],[-1.2639,39.04509],[-1.22654,39.02467],[-1.14665,38.92935],[-0.95941,38.94458],[-0.95652,38.92012],[-0.92454,38.89175],[-0.93385,38.79398],[-0.91322,38.76961],[-0.86169,38.77089],[-0.83462,38.73243],[-0.73493,38.75944],[-0.70719,38.73382],[-0.64344,38.72777],[-0.6287,38.68655],[-0.50711,38.74298],[-0.52963,38.76709],[-0.56564,38.75543],[-0.59522,38.7951],[-0.46188,38.80765],[-0.40339,38.83971],[-0.38144,38.8349],[-0.31081,38.88151],[-0.23054,38.85349],[-0.16083,38.88739],[-0.14808,38.85843],[-0.07062,38.88572],[-0.04215,38.85645],[-0.0274,38.8616],[-0.14678,38.99443],[-0.16114,38.99237],[-0.15629,38.99811],[-0.14429,38.99528],[-0.20346,39.066],[-0.23948,39.14692],[-0.23832,39.17671],[-0.21628,39.18634],[-0.27852,39.27848],[-0.33572,39.42469],[-0.3101,39.42802],[-0.33443,39.43366],[-0.3283,39.44443],[-0.31662,39.44334],[-0.32976,39.46159],[-0.30213,39.43418],[-0.30197,39.44931],[-0.32126,39.4634],[-0.31596,39.52344],[-0.25433,39.62082],[-0.21574,39.65512],[-0.20815,39.6433],[-0.1885,39.72194],[-0.26418,39.7455],[-0.27653,39.77054],[-0.32826,39.80148],[-0.37792,39.79988],[-0.39609,39.75861],[-0.45618,39.7147],[-0.53059,39.79598],[-0.57705,39.7732],[-0.58822,39.74169],[-0.63586,39.74787],[-0.65235,39.75408],[-0.65615,39.83596],[-0.69111,39.85246],[-0.71255,39.81685],[-0.73046,39.81483],[-0.79377,39.88143],[-0.86355,39.84741],[-0.88857,39.85211],[-0.91279,39.87305],[-0.90266,39.93185],[-0.91851,39.96267],[-0.98714,39.98072]]],[[[-1.29308,40.20692],[-1.32299,40.18486],[-1.31659,40.14966],[-1.3546,40.12947],[-1.44886,40.14534],[-1.45724,40.13506],[-1.4076,40.1014],[-1.42029,40.09351],[-1.37686,40.0165],[-1.24683,39.99518],[-1.13408,40.01575],[-1.07177,40.05111],[-1.14803,40.1145],[-1.24459,40.1158],[-1.2443,40.14597],[-1.28434,40.1715],[-1.29308,40.20692]]],[[[-0.23015,39.15984],[-0.23048,39.16007],[-0.23105,39.15992],[-0.23098,39.15978],[-0.23015,39.15984]]]]},"properties":{"code":"ES-46","nom":"Val\u00e8ncia/Valencia","country":"ES"}},{"type":"Feature","geometry":{"type":"MultiPolygon","coordinates":[[[[-5.112,42.31184],[-5.18272,42.26421],[-5.2365,42.27335],[-5.254,42.23978],[-5.22599,42.22672],[-5.24148,42.21452],[-5.26564,42.2109],[-5.28693,42.22993],[-5.30746,42.19927],[-5.36123,42.22515],[-5.38899,42.21794],[-5.37152,42.13006],[-5.39012,42.08981],[-5.37639,42.03965],[-5.32552,42.0204],[-5.28065,41.9788],[-5.2544,41.98094],[-5.33521,41.93747],[-5.29373,41.91994],[-5.31106,41.89159],[-5.30647,41.85784],[-5.33043,41.8318],[-5.27861,41.8148],[-5.37018,41.77785],[-5.39069,41.75257],[-5.3752,41.71979],[-5.36016,41.72713],[-5.35814,41.69969],[-5.32735,41.68053],[-5.32889,41.61592],[-5.27054,41.60114],[-5.29307,41.57437],[-5.22887,41.52843],[-5.34474,41.47926],[-5.32479,41.45534],[-5.33924,41.4256],[-5.30754,41.41405],[-5.33462,41.37064],[-5.29174,41.26919],[-5.30221,41.25927],[-5.29365,41.22625],[-5.3403,41.19411],[-5.33251,41.17827],[-5.25297,41.19978],[-5.2296,41.19053],[-5.21822,41.15958],[-5.17966,41.16729],[-5.12493,41.13204],[-4.98973,41.16081],[-4.86368,41.09401],[-4.82796,41.09915],[-4.80584,41.13516],[-4.7221,41.14932],[-4.68056,41.18574],[-4.62775,41.17079],[-4.65086,41.22142],[-4.57388,41.2752],[-4.60198,41.30265],[-4.59685,41.32059],[-4.55954,41.30217],[-4.52863,41.3211],[-4.47146,41.29156],[-4.47055,41.31846],[-4.50447,41.3472],[-4.484,41.3668],[-4.51496,41.40966],[-4.46816,41.41308],[-4.41062,41.44165],[-4.36491,41.436],[-4.36239,41.44993],[-4.27013,41.46127],[-4.2611,41.45059],[-4.15832,41.4821],[-4.14248,41.46994],[-3.99579,41.52115],[-3.98441,41.59749],[-4.00593,41.61936],[-4.03528,41.62062],[-4.02604,41.69238],[-4.07636,41.72608],[-4.04088,41.76835],[-4.10027,41.77471],[-4.12319,41.80731],[-4.21395,41.79941],[-4.23602,41.81397],[-4.31764,41.76344],[-4.3893,41.78777],[-4.45007,41.75836],[-4.50118,41.77141],[-4.48734,41.8201],[-4.46115,41.82036],[-4.47831,41.82859],[-4.4733,41.84303],[-4.51212,41.8233],[-4.54915,41.83102],[-4.56608,41.81257],[-4.66477,41.89947],[-4.72825,41.86883],[-4.75842,41.82579],[-4.78925,41.81802],[-4.86909,41.93173],[-4.92794,41.91503],[-4.94959,41.93383],[-4.98532,41.91074],[-5.0051,41.94723],[-4.96554,42.00706],[-4.93601,42.01792],[-4.94763,42.05431],[-4.90418,42.07839],[-4.92871,42.11831],[-4.9275,42.15022],[-5.02697,42.15391],[-5.03189,42.17363],[-5.01239,42.18976],[-5.01881,42.25386],[-5.00214,42.28913],[-5.03835,42.29713],[-5.05481,42.25752],[-5.09375,42.30929],[-5.112,42.31184]]],[[[-5.51673,42.09345],[-5.47142,42.0101],[-5.48527,41.98512],[-5.43828,41.96739],[-5.43145,42.00432],[-5.44744,42.01365],[-5.42159,42.03068],[-5.48092,42.05242],[-5.51673,42.09345]]],[[[-5.32206,42.26773],[-5.34534,42.26777],[-5.34132,42.23275],[-5.30332,42.252],[-5.30176,42.26924],[-5.32206,42.26773]]]]},"properties":{"code":"ES-47","nom":"Valladolid","country":"ES"}},{"type":"Feature","geometry":{"type":"MultiPolygon","coordinates":[[[[-2.75149,43.45665],[-2.80698,43.43049],[-2.94691,43.43603],[-2.94688,43.41214],[-2.97047,43.41338],[-3.0396,43.37331],[-3.01259,43.34774],[-3.02781,43.34195],[-3.01025,43.33724],[-3.02072,43.32554],[-3.04378,43.33913],[-3.03184,43.34663],[-3.0749,43.35416],[-3.04785,43.35935],[-3.05954,43.36183],[-3.07229,43.36271],[-3.0755,43.3548],[-3.08122,43.35186],[-3.10446,43.36467],[-3.08413,43.37793],[-3.10936,43.36467],[-3.11477,43.35048],[-3.15329,43.35332],[-3.15152,43.30685],[-3.20871,43.28364],[-3.22523,43.30894],[-3.27945,43.29005],[-3.33241,43.30188],[-3.34013,43.27803],[-3.44906,43.23591],[-3.41765,43.13343],[-3.25342,43.19858],[-3.22409,43.17013],[-3.15797,43.17803],[-3.11134,43.1435],[-3.07471,43.14635],[-3.0269,43.16137],[-3.0165,43.20283],[-3.04007,43.20988],[-3.02725,43.21697],[-3.00678,43.19659],[-2.98004,43.20186],[-2.94639,43.17087],[-2.95417,43.15971],[-2.93581,43.13621],[-2.97548,43.09947],[-2.89416,43.04642],[-2.63362,43.01991],[-2.6337,43.04482],[-2.66167,43.07427],[-2.50114,43.09654],[-2.50972,43.16144],[-2.48411,43.1709],[-2.49795,43.21992],[-2.43658,43.24371],[-2.41806,43.2676],[-2.439,43.29491],[-2.4126,43.32127],[-2.45974,43.33557],[-2.50261,43.36422],[-2.50973,43.37737],[-2.61863,43.39186],[-2.64631,43.41594],[-2.69568,43.40676],[-2.73871,43.42969],[-2.75149,43.45665]],[[-3.27478,43.26454],[-3.24942,43.25966],[-3.25106,43.24868],[-3.26977,43.23205],[-3.26519,43.20577],[-3.28505,43.1977],[-3.30584,43.25348],[-3.27478,43.26454]]],[[[-3.04896,43.04609],[-3.08899,43.00164],[-3.06026,43.00351],[-3.03848,42.98192],[-3.0045,42.98269],[-2.9557,42.99885],[-2.98572,42.99213],[-2.98601,43.0121],[-3.0329,43.02033],[-3.01855,43.03766],[-3.04896,43.04609]]],[[[-2.68422,43.42608],[-2.68726,43.42752],[-2.68144,43.42292],[-2.68141,43.42574],[-2.68422,43.42608]]],[[[-2.49367,43.36825],[-2.49696,43.36686],[-2.49659,43.36532],[-2.49424,43.36652],[-2.49367,43.36825]]],[[[-2.77435,43.45053],[-2.77473,43.45191],[-2.77587,43.453],[-2.77661,43.45133],[-2.77435,43.45053]]],[[[-2.93484,43.44111],[-2.9357,43.44006],[-2.93503,43.43882],[-2.93485,43.43925],[-2.93484,43.44111]]],[[[-3.07855,43.35407],[-3.07806,43.35463],[-3.07934,43.35468],[-3.07929,43.35432],[-3.07855,43.35407]]],[[[-2.81532,43.43324],[-2.81514,43.43368],[-2.81541,43.43401],[-2.81557,43.43334],[-2.81532,43.43324]]],[[[-2.57162,43.39109],[-2.57147,43.39148],[-2.57172,43.39158],[-2.57185,43.39107],[-2.57162,43.39109]]],[[[-2.41848,43.32671],[-2.4184,43.32681],[-2.41971,43.32709],[-2.41865,43.3267],[-2.41848,43.32671]]],[[[-2.78998,43.44363],[-2.7902,43.44386],[-2.7905,43.44369],[-2.79044,43.44358],[-2.78998,43.44363]]],[[[-2.41924,43.32769],[-2.41947,43.32789],[-2.41966,43.32754],[-2.41929,43.32757],[-2.41924,43.32769]]],[[[-2.84464,43.4326],[-2.84472,43.43289],[-2.84503,43.43304],[-2.84477,43.43254],[-2.84464,43.4326]]],[[[-2.42204,43.32949],[-2.42217,43.32972],[-2.42244,43.32977],[-2.42229,43.32948],[-2.42204,43.32949]]],[[[-2.44519,43.33371],[-2.44523,43.33347],[-2.44486,43.33351],[-2.4451,43.3336],[-2.44519,43.33371]]],[[[-2.75311,43.45695],[-2.7532,43.45718],[-2.75351,43.45721],[-2.75332,43.457],[-2.75311,43.45695]]],[[[-2.43958,43.33338],[-2.43964,43.33362],[-2.44002,43.33345],[-2.43992,43.33337],[-2.43958,43.33338]]],[[[-2.78987,43.44261],[-2.79,43.44279],[-2.79016,43.44272],[-2.79011,43.44256],[-2.78987,43.44261]]],[[[-2.45156,43.33565],[-2.45156,43.33584],[-2.45177,43.33565],[-2.45162,43.3356],[-2.45156,43.33565]]],[[[-2.44933,43.33498],[-2.44944,43.33508],[-2.44962,43.33489],[-2.44946,43.33488],[-2.44933,43.33498]]],[[[-2.44992,43.33505],[-2.44992,43.33518],[-2.45015,43.33507],[-2.45006,43.33498],[-2.44992,43.33505]]],[[[-2.4396,43.33304],[-2.43976,43.33309],[-2.43978,43.33298],[-2.43959,43.33297],[-2.4396,43.33304]]],[[[-2.41902,43.32748],[-2.41918,43.32749],[-2.41919,43.32743],[-2.41907,43.32737],[-2.41902,43.32748]]],[[[-2.43961,43.33318],[-2.43974,43.33326],[-2.43979,43.33315],[-2.43961,43.33318]]],[[[-2.45236,43.33594],[-2.45248,43.33601],[-2.45238,43.33592],[-2.45236,43.33594]]]]},"properties":{"code":"ES-48","nom":"Bizkaia/Vizcaya","country":"ES"}},{"type":"Feature","geometry":{"type":"MultiPolygon","coordinates":[[[[-6.76114,42.23987],[-6.79149,42.25216],[-6.79671,42.20905],[-6.8436,42.2283],[-6.88689,42.21435],[-6.90108,42.18962],[-6.94279,42.17334],[-6.94901,42.13574],[-6.98982,42.12131],[-7.00269,42.08417],[-7.03359,42.07424],[-7.01183,42.05242],[-6.97479,42.05516],[-6.9611,42.02791],[-6.99111,41.98834],[-6.98454,41.97363],[-6.95786,41.96929],[-6.94169,41.94429],[-6.84442,41.9423],[-6.82115,41.94631],[-6.81148,41.99252],[-6.78561,41.9889],[-6.7687,41.9839],[-6.75062,41.94339],[-6.69927,41.93333],[-6.62121,41.93995],[-6.58847,41.96775],[-6.5738,41.96067],[-6.54585,41.93593],[-6.57118,41.88362],[-6.51577,41.87073],[-6.56899,41.7435],[-6.54906,41.7254],[-6.54824,41.68562],[-6.49852,41.65713],[-6.44449,41.68483],[-6.30217,41.66274],[-6.18935,41.57502],[-6.25591,41.51389],[-6.26238,41.48647],[-6.28511,41.47839],[-6.30582,41.44953],[-6.29808,41.43118],[-6.33281,41.4115],[-6.3183,41.38612],[-6.38993,41.38537],[-6.37957,41.35723],[-6.41615,41.34796],[-6.43757,41.30571],[-6.47907,41.28839],[-6.31768,41.27089],[-6.1345,41.19039],[-6.10931,41.21261],[-6.06201,41.22105],[-6.00884,41.2005],[-6.0275,41.17912],[-6.02183,41.15526],[-5.97922,41.17457],[-5.95324,41.1401],[-5.91313,41.17834],[-5.92133,41.21815],[-5.89767,41.23859],[-5.76731,41.2157],[-5.66279,41.24581],[-5.62833,41.21446],[-5.58793,41.20244],[-5.56507,41.21704],[-5.48526,41.17885],[-5.48434,41.1455],[-5.46983,41.15795],[-5.47688,41.17832],[-5.4181,41.18766],[-5.38696,41.13585],[-5.35699,41.14082],[-5.32895,41.11717],[-5.29786,41.12588],[-5.28874,41.18199],[-5.33027,41.17762],[-5.3403,41.19411],[-5.29365,41.22625],[-5.30221,41.25927],[-5.29174,41.26919],[-5.33462,41.37064],[-5.30754,41.41405],[-5.33924,41.4256],[-5.32479,41.45534],[-5.34474,41.47926],[-5.22887,41.52843],[-5.29307,41.57437],[-5.27054,41.60114],[-5.32889,41.61592],[-5.32735,41.68053],[-5.35814,41.69969],[-5.36169,41.72885],[-5.3752,41.71979],[-5.39138,41.76051],[-5.27861,41.8148],[-5.33043,41.8318],[-5.30647,41.85784],[-5.31106,41.89159],[-5.29373,41.91994],[-5.33521,41.93747],[-5.25468,41.98165],[-5.26051,41.98461],[-5.28065,41.9788],[-5.32552,42.0204],[-5.38441,42.04211],[-5.44744,42.01365],[-5.43145,42.00432],[-5.43828,41.96739],[-5.46312,41.97546],[-5.48565,41.98583],[-5.47142,42.0101],[-5.52609,42.10377],[-5.54336,42.09938],[-5.5607,42.05597],[-5.57772,42.06545],[-5.58661,42.05091],[-5.5885,42.07733],[-5.63504,42.08199],[-5.62014,42.10666],[-5.66756,42.14207],[-5.68718,42.13792],[-5.67677,42.12034],[-5.74295,42.11334],[-5.75519,42.13663],[-5.77671,42.13581],[-5.84485,42.11072],[-5.89743,42.1561],[-5.9116,42.14059],[-5.94812,42.14192],[-5.95347,42.12368],[-6.04931,42.15986],[-6.16021,42.16577],[-6.21239,42.14808],[-6.29373,42.17803],[-6.31259,42.20658],[-6.4279,42.20194],[-6.49756,42.18203],[-6.526,42.20336],[-6.61327,42.20322],[-6.63865,42.2173],[-6.70379,42.20937],[-6.76114,42.23987]]]]},"properties":{"code":"ES-49","nom":"Zamora","country":"ES"}},{"type":"Feature","geometry":{"type":"MultiPolygon","coordinates":[[[[-0.90911,42.74404],[-0.96921,42.7037],[-1.02798,42.70006],[-1.03681,42.65164],[-1.05193,42.64259],[-1.15205,42.64788],[-1.15712,42.61089],[-1.17978,42.61062],[-1.15803,42.59915],[-1.20192,42.57824],[-1.20279,42.54966],[-1.22617,42.54224],[-1.26477,42.5568],[-1.28814,42.52279],[-1.27278,42.4819],[-1.34151,42.42394],[-1.3599,42.37804],[-1.32908,42.35538],[-1.39908,42.2913],[-1.39137,42.27212],[-1.41753,42.21237],[-1.39191,42.18142],[-1.39888,42.12622],[-1.36676,42.10696],[-1.35228,42.07307],[-1.31059,42.07231],[-1.30482,42.04295],[-1.33952,42.01801],[-1.41076,41.91895],[-1.55926,41.91394],[-1.65415,41.96535],[-1.71522,41.95696],[-1.7669,41.99579],[-1.8337,41.99506],[-1.84719,42.008],[-1.84404,41.98733],[-1.86519,41.9776],[-1.85728,41.90951],[-1.8176,41.85338],[-1.81905,41.82875],[-1.85292,41.78956],[-1.80585,41.75508],[-1.80921,41.73666],[-1.77537,41.72479],[-1.81207,41.68645],[-1.80622,41.66426],[-1.85899,41.66153],[-1.9231,41.59833],[-1.99324,41.60051],[-1.99369,41.57709],[-1.96734,41.54607],[-1.98111,41.48644],[-1.95328,41.46245],[-1.95369,41.42426],[-1.93729,41.40785],[-2.02927,41.38416],[-2.04236,41.389],[-2.03562,41.42689],[-2.0471,41.43433],[-2.10152,41.44579],[-2.11177,41.43419],[-2.11603,41.38205],[-2.16314,41.35535],[-2.15711,41.33397],[-2.17049,41.31883],[-2.14624,41.1844],[-2.0799,41.17098],[-2.05169,41.14685],[-1.95902,41.17249],[-1.93245,41.13859],[-1.80329,41.08989],[-1.63104,40.95],[-1.56163,40.93862],[-1.50534,40.96412],[-1.47299,40.9488],[-1.4466,40.98456],[-1.4764,41.01494],[-1.41752,41.02975],[-1.40522,41.06631],[-1.3558,41.08853],[-1.35417,41.05753],[-1.28743,41.04886],[-1.2533,41.07733],[-1.27137,41.10328],[-1.2544,41.12294],[-1.20998,41.1388],[-1.17399,41.12369],[-1.1216,41.13493],[-1.10567,41.16759],[-1.03931,41.13472],[-1.00086,41.13401],[-0.97242,41.15346],[-0.9986,41.09523],[-0.95292,41.07544],[-0.91255,41.09301],[-0.88326,41.14876],[-0.85989,41.10801],[-0.82853,41.09642],[-0.79282,41.1056],[-0.76141,41.16966],[-0.69397,41.11229],[-0.6099,41.19168],[-0.66922,41.23685],[-0.62546,41.24818],[-0.62972,41.31176],[-0.59981,41.31889],[-0.54849,41.26774],[-0.53158,41.22781],[-0.50969,41.23828],[-0.50816,41.25582],[-0.52715,41.28822],[-0.5773,41.31395],[-0.58179,41.34812],[-0.50256,41.35439],[-0.47993,41.34593],[-0.47016,41.31825],[-0.42076,41.31174],[-0.42875,41.29407],[-0.40586,41.27236],[-0.33721,41.24138],[-0.31747,41.25751],[-0.22419,41.18948],[-0.18095,41.18814],[-0.01588,41.12272],[0.03692,41.04657],[0.07863,41.08034],[0.14586,41.06304],[0.22035,41.07143],[0.2012,41.08468],[0.20122,41.12678],[0.24788,41.13014],[0.25299,41.15015],[0.29199,41.15636],[0.3224,41.22524],[0.38131,41.23643],[0.38566,41.27884],[0.34844,41.32887],[0.37397,41.35154],[0.32004,41.39418],[0.33371,41.40942],[0.24059,41.42835],[0.21909,41.40357],[0.18264,41.39441],[0.16365,41.4065],[0.09336,41.34997],[0.00969,41.36043],[-0.0234,41.39699],[-0.02928,41.37782],[-0.00793,41.34781],[-0.04944,41.36046],[-0.07271,41.37716],[-0.10497,41.48548],[-0.15666,41.53529],[-0.16736,41.58111],[-0.15645,41.58997],[-0.20574,41.60226],[-0.24479,41.57312],[-0.31259,41.6241],[-0.35952,41.63522],[-0.3745,41.68812],[-0.44492,41.70368],[-0.48942,41.73167],[-0.51869,41.72882],[-0.50069,41.76132],[-0.51675,41.83678],[-0.55521,41.87133],[-0.60331,41.88283],[-0.59547,41.89959],[-0.63058,41.91291],[-0.65783,41.9575],[-0.77821,41.9574],[-0.88493,42.00358],[-0.85074,42.02615],[-0.85701,42.05099],[-0.81294,42.0925],[-0.79355,42.0544],[-0.76314,42.06748],[-0.77016,42.08723],[-0.75492,42.0906],[-0.76086,42.12985],[-0.74739,42.15592],[-0.7598,42.17023],[-0.75938,42.26365],[-0.72886,42.29632],[-0.74459,42.33868],[-0.73643,42.36988],[-0.77794,42.39126],[-0.77181,42.34671],[-0.80653,42.27055],[-0.87696,42.28165],[-0.89055,42.24003],[-0.91891,42.25732],[-0.85566,42.33992],[-0.84418,42.38464],[-0.81531,42.39523],[-0.90441,42.43476],[-0.90376,42.45324],[-0.87772,42.46164],[-0.89702,42.47908],[-0.89299,42.50985],[-0.93342,42.50588],[-0.89505,42.54906],[-0.93417,42.57265],[-0.90471,42.59905],[-0.92764,42.65624],[-0.89309,42.66235],[-0.87995,42.68814],[-0.92246,42.7008],[-0.89687,42.73566],[-0.90911,42.74404]],[[-1.12558,42.45586],[-1.09166,42.48573],[-1.05101,42.44146],[-1.10802,42.44132],[-1.12558,42.45586]],[[-1.14898,42.43285],[-1.15877,42.40966],[-1.1878,42.40303],[-1.18283,42.42459],[-1.14898,42.43285]]]]},"properties":{"code":"ES-50","nom":"Zaragoza","country":"ES"}}]}