{"type":"FeatureCollection","features":[{"type":"Feature","geometry":{"type":"MultiPolygon","coordinates":[[[[14.43716,60.02616],[14.31963,60.0639],[14.21883,60.09626],[14.18559,60.18002],[14.14586,60.2276],[14.0354,60.22908],[14.01108,60.24369],[13.97116,60.24804],[14.00517,60.19407],[13.96116,60.17962],[13.83046,60.25455],[13.71562,60.35988],[13.67203,60.39985],[13.5453,60.42322],[13.47576,60.45646],[13.42363,60.51979],[13.3982,60.54137],[13.28394,60.63834],[13.25167,60.67879],[13.19822,60.69098],[13.15127,60.76022],[13.07562,60.80851],[12.70993,60.99292],[12.67018,61.05598],[12.60254,61.04707],[12.44453,61.04965],[12.23084,61.01039],[12.32768,60.89387],[12.34059,60.84024],[12.39516,60.73722],[12.50283,60.64805],[12.52089,60.59866],[12.57793,60.55254],[12.58558,60.54137],[12.59608,60.52602],[12.60549,60.5054],[12.60375,60.41392],[12.55209,60.3546],[12.50257,60.31876],[12.50793,60.2733],[12.53788,60.18961],[12.50181,60.10388],[12.4751,60.06792],[12.44712,60.04017],[12.39314,60.01197],[12.33969,59.967],[12.23538,59.92842],[12.16537,59.88996],[12.05196,59.88672],[11.97989,59.89895],[11.8896,59.87098],[11.88095,59.85619],[11.84559,59.84296],[11.92697,59.79048],[11.93069,59.74279],[11.93437,59.6957],[11.88675,59.6898],[11.8545,59.64971],[11.84559,59.64885],[11.77975,59.6425],[11.7215,59.62449],[11.70005,59.60898],[11.69339,59.59302],[11.72536,59.51826],[11.74981,59.48338],[11.7757,59.40325],[11.7815,59.38528],[11.81554,59.34229],[11.8262,59.23785],[11.84559,59.23465],[11.91104,59.22387],[11.93475,59.23036],[11.95191,59.246],[12.08268,59.1793],[12.10236,59.19436],[12.08487,59.23005],[12.085,59.25485],[12.16537,59.25121],[12.22846,59.25673],[12.26744,59.19559],[12.30867,59.19459],[12.34531,59.17682],[12.45244,59.19071],[12.45533,59.17897],[12.43034,59.16618],[12.47405,59.13065],[12.57204,59.11646],[12.61391,59.14276],[12.63898,59.17843],[12.69212,59.17003],[12.75173,59.12808],[12.77683,59.03128],[12.83996,58.92149],[12.89919,58.81849],[13.18209,58.75391],[13.25825,58.7275],[13.4093,58.74762],[13.34583,58.81357],[13.34692,58.8263],[13.40709,58.92149],[13.43318,58.96276],[13.58994,59.05669],[13.71562,59.0487],[14.01965,59.02935],[14.06982,59.04776],[14.14691,59.05042],[14.21896,59.04203],[14.2438,59.02585],[14.29599,59.01278],[14.33805,59.08774],[14.30645,59.11826],[14.29972,59.12476],[14.29004,59.16153],[14.28989,59.22535],[14.30555,59.24902],[14.30869,59.28734],[14.33176,59.32667],[14.35668,59.33665],[14.36664,59.35623],[14.40234,59.40462],[14.46067,59.44088],[14.3985,59.51325],[14.43445,59.53767],[14.47252,59.53884],[14.45989,59.59759],[14.43,59.66069],[14.42925,59.69004],[14.40336,59.74279],[14.40642,59.75547],[14.43219,59.77473],[14.41679,59.82136],[14.41832,59.90143],[14.36647,59.91349],[14.33883,59.94863],[14.4518,59.97341],[14.43716,60.02616]]]]},"properties":{"code":"SE311","nom":"V\u00e4rmlands l\u00e4n","country":"SE"}},{"type":"Feature","geometry":{"type":"MultiPolygon","coordinates":[[[[16.6814,60.21664],[16.6316,60.24104],[16.61145,60.278],[16.53319,60.34529],[16.48216,60.36474],[16.41279,60.37667],[16.39472,60.37978],[16.34628,60.4134],[16.27704,60.48161],[16.18918,60.53845],[16.14761,60.59557],[16.13978,60.60633],[16.24259,60.6272],[16.31109,60.68498],[16.31334,60.70551],[16.32646,60.71917],[16.37522,60.74695],[16.3853,60.76932],[16.38196,60.78813],[16.2585,60.86093],[16.13009,60.99073],[15.92111,61.00803],[15.76193,61.05153],[15.68166,61.11422],[15.6535,61.21806],[15.5052,61.29749],[15.49703,61.30186],[15.44792,61.32816],[15.35056,61.39261],[15.32765,61.41003],[15.21781,61.49405],[15.15315,61.57303],[15.08226,61.48532],[14.89497,61.49608],[14.73396,61.4954],[14.68054,61.48762],[14.65967,61.50224],[14.67226,61.53074],[14.65695,61.55866],[14.67331,61.5752],[14.67121,61.59004],[14.44756,61.59495],[14.39431,61.56792],[14.32722,61.60033],[14.31963,61.60136],[14.22226,61.61457],[13.98344,61.62158],[13.83192,61.64052],[13.71562,61.64776],[13.58924,61.65287],[13.54823,61.65453],[13.50501,61.68298],[13.48838,61.73246],[13.38802,61.82751],[13.23615,61.92231],[13.35025,61.99334],[13.3037,62.01597],[13.27862,62.04869],[13.15649,62.02611],[13.01154,62.07094],[12.95325,62.1258],[12.90034,62.14746],[12.80053,62.21667],[12.60497,62.21603],[12.29937,62.26749],[12.28513,62.22064],[12.2719,62.1761],[12.16537,61.81719],[12.15744,61.79045],[12.13804,61.72458],[12.16537,61.70782],[12.25503,61.65287],[12.27563,61.64024],[12.34122,61.61454],[12.35463,61.60581],[12.41971,61.56339],[12.44857,61.56713],[12.56958,61.56828],[12.6382,61.52054],[12.66469,61.5021],[12.71471,61.46712],[12.79528,61.41003],[12.85843,61.36529],[12.86831,61.35088],[12.84935,61.30186],[12.83071,61.25544],[12.79091,61.20013],[12.70977,61.14167],[12.68554,61.07267],[12.67018,61.05598],[12.70993,60.99292],[13.07562,60.80851],[13.15127,60.76022],[13.19822,60.69098],[13.25167,60.67879],[13.28394,60.63834],[13.3982,60.54137],[13.42363,60.51979],[13.47576,60.45646],[13.5453,60.42322],[13.67203,60.39985],[13.71562,60.35988],[13.83046,60.25455],[13.96116,60.17962],[14.00517,60.19407],[13.97116,60.24804],[14.01108,60.24369],[14.0354,60.22908],[14.14586,60.2276],[14.18559,60.18002],[14.21883,60.09626],[14.31963,60.0639],[14.43716,60.02616],[14.74794,59.99812],[14.74189,60.06094],[14.74315,60.08244],[14.81265,60.10918],[14.83631,60.10507],[14.84298,60.08625],[14.88894,60.06094],[14.93775,60.04934],[15.00726,60.05591],[15.03408,60.04164],[15.05752,60.04684],[15.08226,60.03331],[15.12598,60.00941],[15.20395,60.0008],[15.3641,59.88115],[15.42209,59.85475],[15.45554,59.88796],[15.48021,59.89951],[15.49537,59.93309],[15.52507,59.95217],[15.5907,59.9484],[15.63307,59.93571],[15.67227,59.93918],[15.69538,59.95221],[15.71593,59.97368],[15.70611,60.01097],[15.72312,60.02523],[15.70884,60.03495],[15.6956,60.04396],[15.71804,60.06143],[15.72204,60.08714],[15.75797,60.12166],[15.73334,60.13081],[15.73054,60.13903],[15.77109,60.15213],[15.80599,60.17619],[15.8839,60.16795],[15.95536,60.18459],[16.01249,60.18145],[16.05738,60.15016],[16.12621,60.13864],[16.15194,60.12645],[16.15881,60.11606],[16.14972,60.09479],[16.15431,60.08922],[16.19842,60.07499],[16.26302,60.07369],[16.37909,60.08311],[16.44344,60.12483],[16.5274,60.13946],[16.53319,60.16681],[16.53931,60.17139],[16.64183,60.18437],[16.65891,60.1902],[16.6814,60.19297],[16.70383,60.19572],[16.68926,60.21279],[16.6814,60.21664]]]]},"properties":{"code":"SE312","nom":"Dalarnas l\u00e4n","country":"SE"}},{"type":"Feature","geometry":{"type":"MultiPolygon","coordinates":[[[[16.70383,60.19572],[16.77526,60.19212],[16.81225,60.21302],[16.89332,60.23486],[16.89379,60.25752],[16.93266,60.28713],[16.97662,60.293],[17.00716,60.27596],[17.08531,60.26244],[17.10528,60.26849],[17.11841,60.2834],[17.1871,60.30176],[17.20544,60.35977],[17.19574,60.37681],[17.19642,60.40618],[17.21979,60.42981],[17.26331,60.43211],[17.28719,60.44995],[17.30573,60.51293],[17.35243,60.59557],[17.37022,60.65446],[17.31414,60.66403],[17.25097,60.69052],[17.32175,60.75025],[17.31021,60.7842],[17.33838,60.79553],[17.32154,60.80632],[17.28412,60.79894],[17.26831,60.82073],[17.28428,60.8775],[17.18902,60.9212],[17.16734,60.95029],[17.18911,60.99691],[17.17145,61.03452],[17.18011,61.08694],[17.16392,61.20487],[17.1838,61.23732],[17.17407,61.27148],[17.20289,61.28589],[17.2135,61.30186],[17.21891,61.31204],[17.19115,61.3404],[17.12927,61.36754],[17.10801,61.39095],[17.11055,61.41003],[17.18215,61.42998],[17.1535,61.4548],[17.15024,61.48938],[17.12204,61.53454],[17.12552,61.55794],[17.11082,61.57878],[17.13498,61.60332],[17.18824,61.61304],[17.17919,61.62317],[17.1443,61.62512],[17.14019,61.63369],[17.21126,61.64465],[17.23459,61.6656],[17.22012,61.68523],[17.13824,61.71043],[17.1374,61.71656],[17.24178,61.71598],[17.31776,61.66713],[17.34176,61.69686],[17.44227,61.62999],[17.49568,61.65192],[17.50166,61.70072],[17.45664,61.72473],[17.39595,61.7329],[17.38333,61.76882],[17.39236,61.80483],[17.35079,61.82423],[17.33266,61.85106],[17.35071,61.87929],[17.34699,61.91243],[17.35376,61.93807],[17.39873,61.98394],[17.43588,62.0026],[17.4512,62.04196],[17.45316,62.07497],[17.4893,62.13695],[17.31609,62.156],[17.22835,62.1505],[17.19621,62.16186],[17.10744,62.15663],[16.96149,62.16361],[16.90767,62.1761],[16.7962,62.20195],[16.6814,62.21345],[16.57009,62.22459],[16.4404,62.23601],[16.41279,62.23585],[16.23022,62.23478],[16.02493,62.25794],[15.61153,62.34295],[15.50232,62.33649],[15.32734,62.27208],[15.35528,62.21796],[15.39686,62.19526],[15.40953,62.1761],[15.4257,62.15163],[15.41894,62.11733],[15.09756,61.99754],[15.11224,61.96032],[15.1319,61.95047],[15.11453,61.93316],[15.11394,61.89796],[15.08893,61.89276],[15.10757,61.84685],[15.09214,61.82084],[15.08226,61.82153],[15.05018,61.82374],[15.04481,61.86165],[15.03497,61.86722],[14.91107,61.87866],[14.92611,61.82389],[14.87292,61.81137],[14.80691,61.88253],[14.76436,61.86344],[14.80377,61.82147],[14.84435,61.79949],[14.84961,61.78911],[14.84095,61.78734],[14.77338,61.81397],[14.68982,61.89531],[14.67445,61.89577],[14.5262,61.78182],[14.50268,61.65287],[14.49843,61.62959],[14.44756,61.59495],[14.67121,61.59004],[14.67331,61.5752],[14.65695,61.55866],[14.67226,61.53074],[14.65967,61.50224],[14.68054,61.48762],[14.73396,61.4954],[14.89497,61.49608],[15.08226,61.48532],[15.15315,61.57303],[15.21781,61.49405],[15.32765,61.41003],[15.35056,61.39261],[15.44792,61.32816],[15.49703,61.30186],[15.5052,61.29749],[15.6535,61.21806],[15.68166,61.11422],[15.76193,61.05153],[15.92111,61.00803],[16.13009,60.99073],[16.2585,60.86093],[16.38196,60.78813],[16.3853,60.76932],[16.37522,60.74695],[16.32646,60.71917],[16.31334,60.70551],[16.31109,60.68498],[16.24259,60.6272],[16.13978,60.60633],[16.14761,60.59557],[16.18918,60.53845],[16.27704,60.48161],[16.34628,60.4134],[16.39472,60.37978],[16.41279,60.37667],[16.48216,60.36474],[16.53319,60.34529],[16.61145,60.278],[16.6316,60.24104],[16.6814,60.21664],[16.68926,60.21279],[16.70383,60.19572]],[[15.36343,62.02544],[15.38109,62.03195],[15.41063,62.01462],[15.39799,62.00823],[15.36633,62.01981],[15.36343,62.02544]]],[[[17.36101,61.55791],[17.36997,61.53623],[17.3828,61.53716],[17.37847,61.54208],[17.38993,61.55121],[17.39172,61.5375],[17.4147,61.53954],[17.42616,61.53755],[17.46178,61.53731],[17.46856,61.54152],[17.45675,61.55084],[17.43204,61.55474],[17.39824,61.55636],[17.3724,61.56219],[17.36101,61.55791]]],[[[17.20362,61.02884],[17.2105,61.0227],[17.23744,61.02082],[17.24602,61.02619],[17.255,61.0399],[17.22169,61.0464],[17.20362,61.02884]]],[[[17.26201,61.56659],[17.26443,61.55402],[17.28055,61.5515],[17.3006,61.5553],[17.29664,61.57263],[17.2687,61.57578],[17.26201,61.56659]]],[[[17.35264,61.63738],[17.36698,61.62745],[17.36211,61.61963],[17.38373,61.60996],[17.38336,61.63738],[17.36805,61.64216],[17.36314,61.64931],[17.35264,61.63738]]],[[[17.51597,61.72445],[17.51769,61.71845],[17.53801,61.7124],[17.54193,61.72213],[17.55795,61.72246],[17.55332,61.73241],[17.52947,61.73314],[17.51597,61.72445]]],[[[17.30324,61.1628],[17.30535,61.15298],[17.32065,61.14136],[17.32783,61.1611],[17.33521,61.17025],[17.32331,61.17274],[17.30324,61.1628]]],[[[17.16863,61.59242],[17.17587,61.57766],[17.1859,61.57571],[17.18507,61.58439],[17.2009,61.58527],[17.2018,61.59513],[17.17654,61.59787],[17.16863,61.59242]]],[[[17.49347,61.9591],[17.49836,61.95387],[17.52217,61.94582],[17.53705,61.95055],[17.53019,61.95772],[17.51134,61.95823],[17.49836,61.96347],[17.49347,61.9591]]],[[[17.30684,60.7148],[17.33177,60.70733],[17.35162,60.71191],[17.35106,60.71722],[17.32861,60.71468],[17.33187,60.72202],[17.31398,60.72248],[17.30684,60.7148]]],[[[17.30095,60.67636],[17.30377,60.6736],[17.32805,60.6744],[17.33157,60.6837],[17.31516,60.6957],[17.31108,60.68453],[17.30095,60.67636]]],[[[17.31289,61.56599],[17.31616,61.55356],[17.32692,61.54786],[17.33567,61.56],[17.32692,61.56875],[17.31289,61.56599]]],[[[17.46969,61.95519],[17.4755,61.94265],[17.49211,61.94572],[17.49079,61.95678],[17.47936,61.96008],[17.46969,61.95519]]],[[[17.18655,61.5762],[17.18702,61.57021],[17.21291,61.56827],[17.20571,61.58106],[17.18655,61.5762]]],[[[17.25655,61.24087],[17.2639,61.23331],[17.28088,61.23269],[17.27522,61.24493],[17.25655,61.24087]]],[[[17.24443,61.01272],[17.2529,61.0033],[17.2706,61.0064],[17.26111,61.01519],[17.24443,61.01272]]],[[[17.15787,61.51839],[17.17254,61.51162],[17.17454,61.52994],[17.1623,61.5263],[17.15787,61.51839]]],[[[17.17574,61.53398],[17.19521,61.52366],[17.19865,61.53424],[17.18114,61.53935],[17.17574,61.53398]]],[[[17.31588,61.34939],[17.32684,61.34072],[17.33934,61.34883],[17.33197,61.35608],[17.31588,61.34939]]],[[[17.22804,61.22926],[17.23278,61.22268],[17.24572,61.22687],[17.24603,61.23463],[17.23595,61.2383],[17.22804,61.22926]]],[[[17.29315,60.8411],[17.29763,60.83458],[17.3165,60.84322],[17.3044,60.85075],[17.29315,60.8411]]],[[[17.2163,61.36751],[17.22234,61.35679],[17.23334,61.35297],[17.23094,61.3667],[17.22464,61.37178],[17.2163,61.36751]]],[[[17.25936,61.06382],[17.2669,61.05336],[17.27828,61.0542],[17.27473,61.06858],[17.25936,61.06382]]],[[[17.61939,62.01408],[17.63004,62.00331],[17.64023,62.01524],[17.63718,62.02113],[17.61939,62.01408]]],[[[17.43057,60.74436],[17.45135,60.7406],[17.45629,60.74791],[17.44979,60.75174],[17.43404,60.7494],[17.43057,60.74436]]],[[[17.33692,61.5585],[17.35044,61.55156],[17.35605,61.55989],[17.34432,61.56327],[17.33692,61.5585]]]]},"properties":{"code":"SE313","nom":"G\u00e4vleborgs l\u00e4n","country":"SE"}},{"type":"Feature","geometry":{"type":"MultiPolygon","coordinates":[[[[14.44756,61.59495],[14.49843,61.62959],[14.50268,61.65287],[14.5262,61.78182],[14.67445,61.89577],[14.68982,61.89531],[14.77338,61.81397],[14.84095,61.78734],[14.84961,61.78911],[14.84435,61.79949],[14.80377,61.82147],[14.76436,61.86344],[14.80691,61.88253],[14.87292,61.81137],[14.92611,61.82389],[14.91107,61.87866],[15.03497,61.86722],[15.04481,61.86165],[15.05018,61.82374],[15.08226,61.82153],[15.09214,61.82084],[15.10757,61.84685],[15.08893,61.89276],[15.11394,61.89796],[15.11453,61.93316],[15.1319,61.95047],[15.11224,61.96032],[15.09756,61.99754],[15.41894,62.11733],[15.4257,62.15163],[15.40953,62.1761],[15.39686,62.19526],[15.35528,62.21796],[15.32734,62.27208],[15.27321,62.28632],[15.14286,62.25498],[15.08226,62.27559],[14.93909,62.3243],[14.86335,62.39695],[14.80479,62.41668],[14.80378,62.45207],[14.81346,62.45811],[14.8358,62.47663],[14.80821,62.53396],[14.80007,62.57589],[14.80512,62.58263],[14.97652,62.59751],[15.08226,62.57896],[15.14196,62.56848],[15.26519,62.6005],[15.63377,62.63364],[15.95759,62.70825],[16.12031,62.69457],[16.24527,62.70779],[16.35257,62.70124],[16.4413,62.78037],[16.66089,62.90646],[16.6814,62.90999],[16.94784,62.95591],[16.87715,63.02103],[16.6814,63.12532],[16.58383,63.17731],[16.27287,63.30914],[16.12945,63.36109],[16.12021,63.3743],[16.12717,63.40597],[16.11406,63.42334],[16.06656,63.43912],[15.99155,63.44346],[15.98141,63.55239],[15.8327,63.65298],[15.88584,63.6737],[15.98313,63.66039],[16.09193,63.69596],[16.25364,63.66459],[16.33953,63.69503],[16.59322,63.71506],[16.59878,63.74269],[16.57065,63.81018],[16.57732,63.85403],[16.6814,63.98178],[16.71895,64.02788],[16.6814,64.04537],[16.61495,64.07633],[16.38239,64.18467],[16.36459,64.19297],[16.22556,64.25774],[16.14709,64.2649],[16.03718,64.25836],[16.02371,64.27403],[16.01919,64.28845],[16.0046,64.33499],[15.74746,64.41],[15.69489,64.52824],[15.64479,64.51217],[15.63445,64.45333],[15.58659,64.45061],[15.52019,64.52892],[15.45498,64.55394],[15.42205,64.57814],[15.36948,64.58809],[15.29042,64.62534],[15.29067,64.63258],[15.32625,64.65075],[15.30815,64.67986],[15.18281,64.73807],[15.04682,64.76016],[15.02281,64.80036],[14.9763,64.83964],[14.86941,64.86926],[14.79042,64.90954],[14.77001,64.93914],[14.7212,64.96051],[14.69417,64.98808],[14.60503,65.00733],[14.4194,65.08156],[14.38161,65.09667],[14.32598,65.11892],[14.27336,65.08156],[14.26671,65.07683],[14.21858,65.04261],[14.16545,65.00367],[14.07755,64.93912],[14.06205,64.92674],[14.05089,64.91783],[13.95958,64.8448],[13.94754,64.83516],[13.93127,64.82212],[13.91321,64.80757],[13.77232,64.69399],[13.70608,64.64042],[13.66324,64.59017],[13.65503,64.58054],[13.66324,64.578],[13.70226,64.56589],[13.77232,64.54415],[13.89091,64.5073],[13.94754,64.49875],[14.06205,64.48145],[14.08565,64.47788],[14.11391,64.46173],[14.12677,64.38697],[14.14059,64.30774],[14.14395,64.28845],[14.1528,64.19209],[14.14516,64.18467],[14.03359,64.07633],[13.96572,64.01043],[13.67258,64.0509],[13.3861,64.07633],[13.19839,64.09299],[13.07398,64.07633],[12.92782,64.05676],[12.6786,63.96977],[12.42673,63.78507],[12.34111,63.72228],[12.29431,63.6706],[12.15694,63.5948],[12.20527,63.4738],[12.08714,63.35891],[11.98105,63.27011],[12.05246,63.18344],[12.16537,63.05711],[12.21431,63.00236],[12.16537,62.96663],[12.07755,62.90252],[12.13449,62.75006],[12.10442,62.69325],[12.05663,62.6115],[12.16493,62.45811],[12.25466,62.33102],[12.29937,62.26749],[12.60497,62.21603],[12.80053,62.21667],[12.90034,62.14746],[12.95325,62.1258],[13.01154,62.07094],[13.15649,62.02611],[13.27862,62.04869],[13.3037,62.01597],[13.35025,61.99334],[13.23615,61.92231],[13.38802,61.82751],[13.48838,61.73246],[13.50501,61.68298],[13.54823,61.65453],[13.58924,61.65287],[13.71562,61.64776],[13.83192,61.64052],[13.98344,61.62158],[14.22226,61.61457],[14.31963,61.60136],[14.32722,61.60033],[14.39431,61.56792],[14.44756,61.59495]]],[[[15.36343,62.02544],[15.36633,62.01981],[15.39799,62.00823],[15.41063,62.01462],[15.38109,62.03195],[15.36343,62.02544]]]]},"properties":{"code":"SE322","nom":"J\u00e4mtlands l\u00e4n","country":"SE"}},{"type":"Feature","geometry":{"type":"MultiPolygon","coordinates":[[[[14.21593,55.70664],[14.20198,55.71629],[14.19997,55.76738],[14.22026,55.82682],[14.24734,55.86553],[14.26264,55.88649],[14.31821,55.91826],[14.33819,55.95385],[14.36664,55.96269],[14.40956,55.97602],[14.45819,56.0097],[14.47402,56.03173],[14.52257,56.04011],[14.5464,56.06132],[14.55938,56.08439],[14.57673,56.09875],[14.58373,56.12884],[14.57901,56.17786],[14.56398,56.22163],[14.51222,56.21915],[14.47163,56.23515],[14.46041,56.22722],[14.44385,56.2295],[14.43161,56.24521],[14.42631,56.2871],[14.40523,56.29859],[14.39283,56.30535],[14.4187,56.37255],[14.41766,56.39793],[14.47447,56.41185],[14.51467,56.46004],[14.36664,56.4864],[14.27241,56.50318],[14.23123,56.49324],[14.17576,56.49615],[14.13245,56.50752],[14.11161,56.52544],[14.09128,56.53056],[14.06612,56.52382],[14.0491,56.49551],[14.01948,56.47058],[13.90739,56.45647],[13.86837,56.44001],[13.77898,56.44604],[13.71562,56.43116],[13.70163,56.42787],[13.69617,56.42475],[13.6472,56.41866],[13.62803,56.41789],[13.60313,56.41249],[13.59634,56.41536],[13.58035,56.40941],[13.57047,56.41008],[13.55214,56.40529],[13.54165,56.40434],[13.53247,56.40648],[13.52673,56.41035],[13.51774,56.41158],[13.51213,56.41102],[13.50045,56.40629],[13.47362,56.42156],[13.46936,56.42611],[13.46264,56.42819],[13.38587,56.41286],[13.34508,56.39106],[13.29785,56.3819],[13.25832,56.36109],[13.22915,56.33341],[13.19688,56.32463],[13.17585,56.34205],[13.14368,56.35272],[12.99174,56.35797],[12.95489,56.3695],[12.96431,56.38773],[12.96213,56.42692],[12.94989,56.44021],[12.89931,56.449],[12.84357,56.43649],[12.75279,56.4646],[12.71366,56.46822],[12.66059,56.45235],[12.63095,56.42526],[12.63953,56.39358],[12.72472,56.36179],[12.77001,56.30691],[12.78407,56.29859],[12.82325,56.27543],[12.82017,56.24974],[12.78753,56.22568],[12.70208,56.22681],[12.63008,56.2624],[12.52263,56.29152],[12.48929,56.28704],[12.53124,56.23917],[12.5729,56.14796],[12.66696,56.07041],[12.70426,56.01576],[12.74817,55.9821],[12.80545,55.8952],[12.81707,55.86553],[12.87094,55.85616],[12.90734,55.83375],[12.92686,55.79269],[12.91721,55.75146],[13.0021,55.72066],[13.02059,55.70664],[13.05062,55.68387],[13.05612,55.67019],[13.04203,55.64339],[12.93227,55.59447],[12.90423,55.56803],[12.91023,55.52322],[12.95956,55.45879],[12.94165,55.42421],[12.90365,55.41308],[12.85122,55.42701],[12.83305,55.41413],[12.825,55.38993],[12.96894,55.39719],[13.06811,55.37226],[13.15419,55.36998],[13.27374,55.34505],[13.3489,55.33906],[13.4863,55.37983],[13.58456,55.38837],[13.64096,55.41518],[13.71553,55.42594],[13.83218,55.42188],[13.92115,55.43264],[13.97521,55.41993],[14.06079,55.38325],[14.1594,55.37905],[14.20012,55.39167],[14.24608,55.43911],[14.33896,55.50657],[14.35491,55.54361],[14.33084,55.58367],[14.28684,55.62272],[14.26811,55.67054],[14.21593,55.70664]]],[[[12.66564,55.91863],[12.66779,55.91366],[12.69241,55.89866],[12.69803,55.89144],[12.71874,55.89266],[12.72509,55.90989],[12.70253,55.91976],[12.68675,55.92198],[12.66564,55.91863]]],[[[12.54009,56.4514],[12.55502,56.44155],[12.56412,56.42931],[12.5844,56.438],[12.57656,56.44525],[12.56621,56.4429],[12.55648,56.4566],[12.54009,56.4514]]]]},"properties":{"code":"SE224","nom":"Sk\u00e5ne l\u00e4n","country":"SE"}},{"type":"Feature","geometry":{"type":"MultiPolygon","coordinates":[[[[13.10076,57.14552],[13.09098,57.15752],[13.05658,57.14879],[13.02744,57.15669],[13.02455,57.18039],[12.92,57.17811],[12.91414,57.18571],[12.91969,57.22055],[12.94997,57.24145],[12.92909,57.26295],[12.84028,57.26977],[12.80758,57.29844],[12.75855,57.27634],[12.69851,57.32759],[12.66486,57.33941],[12.63673,57.33099],[12.60094,57.34383],[12.53986,57.31765],[12.50758,57.28446],[12.43453,57.2716],[12.42384,57.30116],[12.42738,57.31876],[12.40002,57.32865],[12.38679,57.34416],[12.396,57.37753],[12.41645,57.39949],[12.39838,57.4366],[12.3763,57.44761],[12.35513,57.45132],[12.32775,57.46054],[12.34228,57.48802],[12.3158,57.51897],[12.33582,57.56248],[12.27791,57.59439],[12.20348,57.57251],[12.16537,57.56616],[12.07603,57.55127],[12.01562,57.54701],[11.98377,57.564],[11.9229,57.56222],[11.92301,57.53617],[11.93706,57.49871],[11.92221,57.476],[11.91314,57.4326],[11.93734,57.37719],[11.99999,57.3597],[12.05875,57.44942],[12.07289,57.45126],[12.09301,57.43726],[12.10986,57.38371],[12.08239,57.34729],[12.13795,57.33144],[12.15865,57.30215],[12.14996,57.28628],[12.11081,57.26274],[12.11294,57.23487],[12.1431,57.21861],[12.19575,57.21476],[12.17983,57.19191],[12.21205,57.1658],[12.21603,57.1269],[12.27778,57.05156],[12.34078,57.00463],[12.36889,56.9264],[12.41357,56.90451],[12.50503,56.87834],[12.58703,56.8302],[12.60968,56.8028],[12.63722,56.73886],[12.72843,56.65516],[12.77861,56.64601],[12.83835,56.65437],[12.91094,56.61254],[12.93169,56.58357],[12.94124,56.54026],[12.93032,56.49509],[12.89931,56.449],[12.94989,56.44021],[12.96213,56.42692],[12.96431,56.38773],[12.95489,56.3695],[12.99174,56.35797],[13.14368,56.35272],[13.17585,56.34205],[13.19688,56.32463],[13.22915,56.33341],[13.25832,56.36109],[13.29785,56.3819],[13.34508,56.39106],[13.38587,56.41286],[13.46264,56.42819],[13.46449,56.44412],[13.45073,56.47195],[13.4612,56.51763],[13.43694,56.569],[13.40595,56.5902],[13.36132,56.66637],[13.31729,56.69045],[13.31736,56.71319],[13.31757,56.78219],[13.30066,56.82179],[13.33518,56.83932],[13.34006,56.87054],[13.36046,56.85926],[13.44759,56.87764],[13.48431,56.8721],[13.52746,56.88854],[13.58428,56.89125],[13.65858,56.91324],[13.68708,56.92977],[13.69192,56.95988],[13.6812,56.97211],[13.63241,56.98888],[13.60371,57.01008],[13.59267,57.03228],[13.60509,57.04263],[13.60135,57.0604],[13.52549,57.08583],[13.49953,57.07782],[13.49787,57.10483],[13.4895,57.11066],[13.45754,57.10042],[13.42698,57.11192],[13.35881,57.1129],[13.26426,57.09133],[13.23206,57.09531],[13.22581,57.07735],[13.18038,57.06131],[13.19128,57.05059],[13.12584,57.02964],[13.1164,57.05911],[13.08997,57.07862],[13.08326,57.09659],[13.08836,57.1231],[13.08446,57.1269],[13.10076,57.14552]]],[[[12.07149,57.29005],[12.0817,57.28521],[12.09249,57.29991],[12.10385,57.30196],[12.10618,57.2958],[12.12535,57.29824],[12.12755,57.31401],[12.10655,57.30663],[12.09726,57.31319],[12.0899,57.31144],[12.07149,57.29005]]],[[[12.15438,57.15988],[12.16537,57.15765],[12.17414,57.15588],[12.18207,57.16887],[12.16537,57.16967],[12.15917,57.16997],[12.15438,57.15988]]],[[[12.03951,57.36975],[12.04245,57.36205],[12.05301,57.35934],[12.06171,57.36337],[12.05997,57.37109],[12.05252,57.36636],[12.04647,57.37342],[12.03951,57.36975]]],[[[12.08378,57.22223],[12.08534,57.21609],[12.106,57.21843],[12.106,57.22326],[12.08809,57.22806],[12.08378,57.22223]]],[[[12.0522,57.42273],[12.05952,57.4147],[12.07154,57.42002],[12.07271,57.43163],[12.0522,57.42273]]],[[[11.94983,57.33924],[11.96672,57.33346],[11.97271,57.34455],[11.9532,57.34619],[11.94983,57.33924]]],[[[11.86723,57.52325],[11.87489,57.50932],[11.88983,57.51685],[11.87112,57.52645],[11.86723,57.52325]]],[[[12.05651,57.38215],[12.06364,57.3782],[12.06382,57.3868],[12.05944,57.38795],[12.05651,57.38215]]],[[[12.04689,57.38397],[12.04824,57.38054],[12.05292,57.3781],[12.0563,57.38305],[12.05388,57.38507],[12.0477,57.38573],[12.04689,57.38397]]]]},"properties":{"code":"SE231","nom":"Hallands l\u00e4n","country":"SE"}},{"type":"Feature","geometry":{"type":"MultiPolygon","coordinates":[[[[15.76159,59.19795],[15.88895,59.23005],[15.87134,59.2726],[15.88142,59.29756],[15.9054,59.29951],[15.91574,59.3152],[15.93905,59.3246],[15.9426,59.34121],[15.9536,59.34841],[16.03362,59.36725],[16.07725,59.3534],[16.15411,59.34745],[16.26309,59.36441],[16.28773,59.39783],[16.27696,59.40325],[16.2506,59.41652],[16.25036,59.43879],[16.25914,59.452],[16.41279,59.46521],[16.53319,59.47556],[16.64183,59.48489],[16.6814,59.48713],[16.71521,59.48904],[16.76726,59.50143],[16.83357,59.49771],[16.90974,59.48095],[16.94518,59.4919],[16.96491,59.52132],[16.92269,59.54957],[16.85148,59.66815],[16.81278,59.70842],[16.7858,59.71996],[16.77602,59.74279],[16.73977,59.7766],[16.80073,59.81955],[16.8059,59.84492],[16.82267,59.86004],[16.80121,59.87746],[16.77996,59.8947],[16.79779,59.91547],[16.7915,59.94208],[16.76798,59.95476],[16.77018,59.97081],[16.74187,59.98302],[16.72125,60.00684],[16.72305,60.03495],[16.72345,60.0411],[16.69879,60.08152],[16.74078,60.14112],[16.72982,60.16897],[16.70383,60.19572],[16.6814,60.19297],[16.65891,60.1902],[16.64183,60.18437],[16.53931,60.17139],[16.53319,60.16681],[16.5274,60.13946],[16.44344,60.12483],[16.37909,60.08311],[16.26302,60.07369],[16.19842,60.07499],[16.15431,60.08922],[16.14972,60.09479],[16.15881,60.11606],[16.15194,60.12645],[16.12621,60.13864],[16.05738,60.15016],[16.01249,60.18145],[15.95536,60.18459],[15.8839,60.16795],[15.80599,60.17619],[15.77109,60.15213],[15.73054,60.13903],[15.73334,60.13081],[15.75797,60.12166],[15.72204,60.08714],[15.71804,60.06143],[15.6956,60.04396],[15.70884,60.03495],[15.72312,60.02523],[15.70611,60.01097],[15.71593,59.97368],[15.69538,59.95221],[15.67227,59.93918],[15.63307,59.93571],[15.5907,59.9484],[15.52507,59.95217],[15.49537,59.93309],[15.48021,59.89951],[15.45554,59.88796],[15.42209,59.85475],[15.44986,59.83213],[15.4375,59.79954],[15.50551,59.79241],[15.53718,59.74279],[15.54376,59.73249],[15.54661,59.70116],[15.51882,59.65806],[15.52165,59.63935],[15.55118,59.62904],[15.6126,59.62451],[15.63301,59.59014],[15.62762,59.55928],[15.63471,59.52757],[15.69552,59.53598],[15.71244,59.52048],[15.71312,59.50863],[15.69092,59.48547],[15.71252,59.46702],[15.7267,59.41548],[15.6661,59.40325],[15.60609,59.3896],[15.60431,59.36794],[15.63124,59.32729],[15.61565,59.29154],[15.68848,59.26827],[15.72966,59.22735],[15.77792,59.22531],[15.76159,59.19795]]]]},"properties":{"code":"SE125","nom":"V\u00e4stmanlands l\u00e4n","country":"SE"}},{"type":"Feature","geometry":{"type":"MultiPolygon","coordinates":[[[[13.6812,56.97211],[13.71562,57.01384],[13.7316,57.03322],[13.75177,57.03517],[13.78144,57.02442],[13.80224,57.02545],[13.85011,56.9994],[13.87688,57.01654],[13.91322,57.02126],[13.93115,57.03925],[13.99195,57.0326],[14.02148,57.04932],[14.07461,57.04383],[14.09566,57.03538],[14.10365,57.02164],[14.14987,57.02647],[14.15808,57.00024],[14.1793,56.98519],[14.19218,56.96075],[14.21229,56.95218],[14.23102,56.90675],[14.25841,56.88705],[14.3041,56.88],[14.32369,56.8851],[14.36664,56.92495],[14.37708,56.93463],[14.39227,56.96108],[14.36922,56.98441],[14.37297,57.00205],[14.36664,57.00351],[14.33226,57.02949],[14.33742,57.04935],[14.35677,57.06678],[14.34705,57.1091],[14.35661,57.1269],[14.35208,57.1431],[14.36114,57.14917],[14.36664,57.14973],[14.4082,57.15399],[14.42596,57.14804],[14.45377,57.16152],[14.49077,57.15432],[14.53214,57.16116],[14.56219,57.18654],[14.60522,57.18107],[14.61215,57.20348],[14.65025,57.20404],[14.75524,57.2266],[14.80674,57.22054],[14.86984,57.19618],[14.88674,57.17904],[14.89967,57.1418],[14.91392,57.13486],[14.97373,57.1383],[14.98873,57.13916],[15.0122,57.16248],[15.02794,57.16448],[15.03573,57.16547],[15.08524,57.19454],[15.14807,57.18026],[15.15195,57.20195],[15.12739,57.22984],[15.13433,57.23558],[15.17569,57.2246],[15.19668,57.21009],[15.23225,57.22588],[15.3139,57.22023],[15.37843,57.22686],[15.51653,57.20145],[15.52272,57.2368],[15.46781,57.26534],[15.47745,57.28118],[15.47139,57.30292],[15.50943,57.31039],[15.51763,57.338],[15.51359,57.36273],[15.50093,57.37324],[15.52003,57.38603],[15.52365,57.40616],[15.49363,57.42078],[15.50456,57.45223],[15.54808,57.4652],[15.59744,57.43902],[15.61241,57.44406],[15.62309,57.48343],[15.64863,57.50306],[15.62654,57.53243],[15.58449,57.55214],[15.6541,57.59879],[15.58,57.6373],[15.49025,57.66853],[15.44306,57.68494],[15.42105,57.70488],[15.33344,57.70167],[15.28304,57.71329],[15.16837,57.70643],[15.13206,57.71916],[15.08662,57.78003],[15.07036,57.84155],[15.03681,57.86396],[15.00005,57.90438],[15.00621,57.92385],[14.99999,57.94175],[15.01484,57.96171],[15.01628,57.9842],[15.06373,57.98792],[15.07672,58.00323],[15.03556,58.04712],[15.0287,58.07135],[14.97373,58.14802],[14.93275,58.13529],[14.89347,58.13405],[14.89513,58.12484],[14.9135,58.11652],[14.89332,58.1055],[14.89043,58.08871],[14.81142,58.08348],[14.77079,58.08663],[14.75289,58.10145],[14.63953,58.09616],[14.54993,58.10728],[14.47005,58.13188],[14.41671,58.18724],[14.36664,58.16215],[14.30953,58.13353],[14.17318,58.13011],[14.13365,58.14039],[14.10776,58.06899],[14.04263,58.02045],[13.97195,58.00984],[13.92782,58.03805],[13.77919,58.04939],[13.76925,58.03592],[13.76812,58.00976],[13.70283,57.97273],[13.72738,57.9385],[13.76264,57.93558],[13.78868,57.91374],[13.73787,57.849],[13.74864,57.77407],[13.70692,57.7048],[13.72047,57.68551],[13.71853,57.65972],[13.67039,57.61318],[13.68124,57.55346],[13.60649,57.50638],[13.51475,57.42227],[13.50717,57.39988],[13.43999,57.36677],[13.42401,57.34788],[13.36069,57.32143],[13.29122,57.30692],[13.26702,57.2591],[13.20159,57.24659],[13.15278,57.18201],[13.10076,57.14552],[13.08446,57.1269],[13.08836,57.1231],[13.08326,57.09659],[13.08997,57.07862],[13.1164,57.05911],[13.12584,57.02964],[13.19128,57.05059],[13.18038,57.06131],[13.22581,57.07735],[13.23206,57.09531],[13.26426,57.09133],[13.35881,57.1129],[13.42698,57.11192],[13.45754,57.10042],[13.4895,57.11066],[13.49787,57.10483],[13.49953,57.07782],[13.52549,57.08583],[13.60135,57.0604],[13.60509,57.04263],[13.59267,57.03228],[13.60371,57.01008],[13.63241,56.98888],[13.6812,56.97211]]],[[[13.64028,57.59517],[13.64793,57.59238],[13.66435,57.6082],[13.65323,57.61033],[13.64028,57.59517]]]]},"properties":{"code":"SE211","nom":"J\u00f6nk\u00f6pings l\u00e4n","country":"SE"}},{"type":"Feature","geometry":{"type":"MultiPolygon","coordinates":[[[[15.3635,56.48238],[15.34604,56.49019],[15.34394,56.49961],[15.36111,56.55909],[15.37762,56.55869],[15.38566,56.57245],[15.37357,56.6035],[15.41033,56.63928],[15.41503,56.71319],[15.39357,56.72233],[15.36405,56.75878],[15.36899,56.77808],[15.44007,56.78063],[15.44987,56.79544],[15.53974,56.8088],[15.55242,56.82855],[15.54086,56.85957],[15.55326,56.87631],[15.52094,56.90509],[15.54114,56.92579],[15.60012,56.92274],[15.6636,56.90416],[15.70112,56.91357],[15.79667,56.91215],[15.83377,56.94966],[15.83333,56.983],[15.81295,57.00712],[15.71908,57.07392],[15.66979,57.09153],[15.64513,57.10908],[15.63529,57.1269],[15.55972,57.14885],[15.55294,57.18355],[15.51653,57.20145],[15.37843,57.22686],[15.3139,57.22023],[15.23225,57.22588],[15.19668,57.21009],[15.17569,57.2246],[15.13433,57.23558],[15.12739,57.22984],[15.15195,57.20195],[15.14807,57.18026],[15.08524,57.19454],[15.03573,57.16547],[15.02794,57.16448],[15.0122,57.16248],[14.98873,57.13916],[14.97373,57.1383],[14.91392,57.13486],[14.89967,57.1418],[14.88674,57.17904],[14.86984,57.19618],[14.80674,57.22054],[14.75524,57.2266],[14.65025,57.20404],[14.61215,57.20348],[14.60522,57.18107],[14.56219,57.18654],[14.53214,57.16116],[14.49077,57.15432],[14.45377,57.16152],[14.42596,57.14804],[14.4082,57.15399],[14.36664,57.14973],[14.36114,57.14917],[14.35208,57.1431],[14.35661,57.1269],[14.34705,57.1091],[14.35677,57.06678],[14.33742,57.04935],[14.33226,57.02949],[14.36664,57.00351],[14.37297,57.00205],[14.36922,56.98441],[14.39227,56.96108],[14.37708,56.93463],[14.36664,56.92495],[14.32369,56.8851],[14.3041,56.88],[14.25841,56.88705],[14.23102,56.90675],[14.21229,56.95218],[14.19218,56.96075],[14.1793,56.98519],[14.15808,57.00024],[14.14987,57.02647],[14.10365,57.02164],[14.09566,57.03538],[14.07461,57.04383],[14.02148,57.04932],[13.99195,57.0326],[13.93115,57.03925],[13.91322,57.02126],[13.87688,57.01654],[13.85011,56.9994],[13.80224,57.02545],[13.78144,57.02442],[13.75177,57.03517],[13.7316,57.03322],[13.71562,57.01384],[13.6812,56.97211],[13.69192,56.95988],[13.68708,56.92977],[13.65858,56.91324],[13.58428,56.89125],[13.52746,56.88854],[13.48431,56.8721],[13.44759,56.87764],[13.36046,56.85926],[13.34006,56.87054],[13.33518,56.83932],[13.30066,56.82179],[13.31757,56.78219],[13.31736,56.71319],[13.31729,56.69045],[13.36132,56.66637],[13.40595,56.5902],[13.43694,56.569],[13.4612,56.51763],[13.45073,56.47195],[13.46449,56.44412],[13.46264,56.42819],[13.46936,56.42611],[13.47362,56.42156],[13.50045,56.40629],[13.51213,56.41102],[13.51774,56.41158],[13.52673,56.41035],[13.53247,56.40648],[13.54165,56.40434],[13.55214,56.40529],[13.57047,56.41008],[13.58035,56.40941],[13.59634,56.41536],[13.60313,56.41249],[13.62803,56.41789],[13.6472,56.41866],[13.69617,56.42475],[13.70163,56.42787],[13.71562,56.43116],[13.77898,56.44604],[13.86837,56.44001],[13.90739,56.45647],[14.01948,56.47058],[14.0491,56.49551],[14.06612,56.52382],[14.09128,56.53056],[14.11161,56.52544],[14.13245,56.50752],[14.17576,56.49615],[14.23123,56.49324],[14.27241,56.50318],[14.36664,56.4864],[14.51467,56.46004],[14.60765,56.43966],[14.63274,56.41613],[14.68736,56.38703],[14.77808,56.38139],[14.86375,56.36009],[14.90723,56.36477],[14.96369,56.40213],[14.97373,56.41817],[15.0055,56.44454],[15.04535,56.44297],[15.0683,56.45212],[15.12012,56.45311],[15.15292,56.4358],[15.18977,56.4309],[15.20743,56.43822],[15.22665,56.46136],[15.26527,56.4678],[15.31784,56.45858],[15.3635,56.48238]]]]},"properties":{"code":"SE212","nom":"Kronobergs l\u00e4n","country":"SE"}},{"type":"Feature","geometry":{"type":"MultiPolygon","coordinates":[[[[24.15513,65.81603],[24.1322,65.85022],[24.14298,65.86983],[24.11755,65.90108],[24.11183,65.92401],[24.04909,65.96171],[24.039,66.00521],[23.94373,66.07782],[23.94003,66.10629],[23.91765,66.15605],[23.73975,66.19411],[23.69875,66.22845],[23.69737,66.244],[23.67158,66.2595],[23.66925,66.27737],[23.64917,66.30081],[23.65928,66.35229],[23.68699,66.38471],[23.64655,66.42374],[23.65086,66.4518],[23.68392,66.47093],[23.71446,66.47686],[23.73112,66.50588],[23.7901,66.51695],[23.79072,66.5367],[23.85777,66.56068],[23.87573,66.58204],[23.88154,66.61341],[23.86809,66.6582],[23.90428,66.72123],[23.88078,66.76158],[23.91162,66.77276],[23.9144,66.7943],[23.97528,66.78545],[23.99153,66.82328],[23.93396,66.88218],[23.86842,66.91837],[23.85689,66.95522],[23.83046,66.96271],[23.79036,66.9938],[23.74052,67.01742],[23.67155,67.06733],[23.65355,67.10262],[23.57126,67.15957],[23.55461,67.17109],[23.57126,67.1824],[23.58443,67.19134],[23.59116,67.20726],[23.57126,67.2174],[23.55422,67.22704],[23.56622,67.26149],[23.57126,67.26356],[23.72206,67.28442],[23.77067,67.33734],[23.74142,67.35208],[23.72115,67.38629],[23.7483,67.40681],[23.76015,67.43082],[23.71354,67.44443],[23.66718,67.44356],[23.57126,67.45738],[23.54841,67.46067],[23.49116,67.44753],[23.41509,67.46732],[23.39741,67.4848],[23.40511,67.49746],[23.47422,67.53345],[23.46542,67.56076],[23.50972,67.56625],[23.53863,67.58423],[23.55063,67.62034],[23.49971,67.66097],[23.48115,67.70556],[23.47958,67.73745],[23.4911,67.78238],[23.47678,67.81885],[23.48261,67.84278],[23.5164,67.88195],[23.57126,67.89553],[23.6362,67.91588],[23.65817,67.94143],[23.64337,67.96043],[23.57126,67.97448],[23.52948,68.00609],[23.39197,68.04785],[23.33582,68.10305],[23.32448,68.13051],[23.30506,68.14797],[23.26619,68.15578],[23.15714,68.13727],[23.14315,68.1558],[23.14471,68.18074],[23.15506,68.19694],[23.14399,68.20879],[23.14815,68.2331],[23.14169,68.24436],[23.07741,68.26902],[23.06033,68.30349],[22.96673,68.33127],[22.93781,68.33442],[22.91356,68.33705],[22.84715,68.36251],[22.83583,68.38429],[22.79919,68.39158],[22.73717,68.38674],[22.64993,68.41781],[22.63555,68.43136],[22.5747,68.42453],[22.46813,68.44407],[22.42676,68.46384],[22.35022,68.44721],[22.3457,68.4777],[22.33848,68.48137],[22.14511,68.47145],[22.11148,68.48062],[22.10241,68.4808],[22.0419,68.48203],[22.01109,68.50272],[21.99988,68.53241],[21.89552,68.58092],[21.84274,68.58987],[21.71577,68.59231],[21.70171,68.60303],[21.70318,68.62744],[21.65507,68.64722],[21.61655,68.66304],[21.42987,68.69289],[21.41812,68.70468],[21.40768,68.74909],[21.38843,68.76295],[21.30181,68.76305],[21.28911,68.77243],[21.23151,68.8133],[21.00956,68.89144],[20.8979,68.89379],[20.8912,68.90761],[20.85605,68.93295],[20.90057,68.95023],[20.90814,68.96069],[20.90384,68.96972],[20.86633,68.98474],[20.83749,68.99629],[20.79576,69.02356],[20.67057,69.04687],[20.54864,69.05997],[20.14931,69.03884],[20.12888,69.03753],[20.12504,69.03333],[20.14931,69.01788],[20.29586,68.92459],[20.3244,68.80394],[20.19225,68.6634],[20.14931,68.64237],[19.97863,68.55875],[20.0268,68.53249],[20.14931,68.50601],[20.18295,68.49874],[20.19754,68.48377],[20.14931,68.46244],[19.9279,68.36451],[19.71702,68.39754],[18.97176,68.51425],[18.62341,68.50918],[18.40639,68.57851],[18.12592,68.53652],[18.10199,68.40448],[18.12484,68.30513],[18.14921,68.19917],[18.00019,68.06021],[17.8974,67.9708],[17.87622,67.97695],[17.66726,68.03759],[17.56334,68.06021],[17.55017,68.06304],[17.2981,68.11475],[17.28466,68.11751],[17.21364,68.07249],[17.19426,68.06021],[16.94531,67.97985],[16.89945,67.96505],[16.74064,67.91379],[16.60224,67.71407],[16.55676,67.64843],[16.49995,67.60488],[16.41167,67.5372],[16.40542,67.53675],[16.36459,67.53381],[16.16696,67.51957],[16.15859,67.51898],[16.14094,67.49746],[16.13622,67.49171],[16.09041,67.43577],[16.13622,67.40265],[16.16696,67.38034],[16.32998,67.26205],[16.36459,67.23536],[16.40334,67.20547],[16.40246,67.19024],[16.39843,67.15119],[16.38763,67.04601],[16.36459,67.0383],[16.30539,67.01846],[16.29752,67.01592],[16.24639,66.99937],[16.19287,66.98206],[16.16696,66.97035],[16.15371,66.96428],[16.03964,66.91203],[15.84175,66.76171],[15.70548,66.6582],[15.67005,66.6317],[15.62066,66.59477],[15.45333,66.52472],[15.38181,66.48526],[15.45399,66.34523],[15.77058,66.29044],[15.96831,66.22845],[16.07081,66.19631],[16.36459,66.1042],[16.40542,66.0914],[16.51966,66.05558],[16.77682,66.02964],[16.98507,65.95065],[17.21364,65.85351],[17.67455,65.65764],[17.84745,65.62477],[17.87622,65.62121],[18.02203,65.60316],[18.05578,65.58216],[18.07874,65.58126],[18.10582,65.5932],[18.13918,65.58933],[18.14932,65.57688],[18.17553,65.57514],[18.19487,65.55624],[18.33875,65.49588],[18.43153,65.4956],[18.50041,65.47567],[18.52755,65.45154],[18.58201,65.44071],[18.7196,65.43663],[18.76893,65.39723],[18.8371,65.37229],[18.87244,65.37106],[18.96397,65.34278],[18.97751,65.34107],[18.99032,65.33666],[19.01195,65.3319],[19.01772,65.32834],[19.02101,65.3195],[19.0203,65.31242],[19.03339,65.30744],[19.06149,65.30625],[19.07232,65.30721],[19.09748,65.30468],[19.12573,65.29412],[19.25601,65.2552],[19.26911,65.24326],[19.24808,65.23409],[19.24996,65.2153],[19.3341,65.18747],[19.39462,65.14463],[19.4469,65.1517],[19.60798,65.19936],[19.70718,65.25459],[19.71702,65.26214],[19.74153,65.28094],[19.75871,65.29412],[19.89807,65.37954],[20.00251,65.36333],[20.02278,65.36878],[20.03997,65.35721],[20.14931,65.3363],[20.36985,65.29412],[20.70464,65.22905],[20.80546,65.20945],[21.25952,65.16454],[21.32454,65.1347],[21.48704,65.08156],[21.53487,65.06592],[21.53147,65.12052],[21.56824,65.15586],[21.54632,65.19937],[21.54543,65.21937],[21.60515,65.23664],[21.67724,65.22413],[21.66018,65.2527],[21.68588,65.3031],[21.64722,65.30396],[21.59656,65.32957],[21.51818,65.33622],[21.48158,65.35396],[21.48079,65.3728],[21.53837,65.38814],[21.60329,65.36362],[21.57894,65.40345],[21.59297,65.41298],[21.65909,65.40792],[21.69838,65.38422],[21.7923,65.36422],[21.80801,65.38261],[21.84534,65.39973],[21.90158,65.40879],[21.93025,65.43079],[21.97978,65.4297],[21.99765,65.44439],[21.9269,65.49731],[21.88173,65.51296],[21.87933,65.52172],[21.93193,65.52078],[21.95331,65.51043],[21.98259,65.51395],[22.01681,65.50467],[22.06542,65.51288],[22.07877,65.48862],[22.10241,65.49656],[22.11312,65.50457],[22.10882,65.51676],[22.14966,65.53368],[22.14364,65.56207],[22.15134,65.5701],[22.17938,65.56194],[22.20573,65.52232],[22.25643,65.49265],[22.29394,65.50457],[22.34828,65.50707],[22.2815,65.54354],[22.30392,65.55542],[22.37355,65.5549],[22.37023,65.57028],[22.34854,65.59303],[22.37853,65.59862],[22.38023,65.60667],[22.34429,65.60999],[22.34095,65.6348],[22.29614,65.65662],[22.26491,65.65025],[22.25376,65.66482],[22.27568,65.68665],[22.32297,65.67435],[22.346,65.68256],[22.32587,65.76412],[22.34905,65.79906],[22.35942,65.83671],[22.37641,65.85277],[22.46673,65.84326],[22.50265,65.81994],[22.52342,65.78932],[22.6137,65.79758],[22.67638,65.77019],[22.69537,65.78658],[22.70117,65.81032],[22.68263,65.85829],[22.66182,65.88589],[22.67504,65.89282],[22.79249,65.84857],[22.85594,65.80214],[22.98834,65.76228],[23.04502,65.7552],[23.10322,65.7156],[23.15235,65.73975],[23.19347,65.74169],[23.24233,65.7251],[23.27283,65.7297],[23.26651,65.75418],[23.21226,65.785],[23.20904,65.8007],[23.22033,65.80905],[23.28742,65.79965],[23.33665,65.8058],[23.37641,65.77142],[23.40455,65.7616],[23.42071,65.77245],[23.43675,65.80985],[23.44609,65.80693],[23.4409,65.79005],[23.44956,65.78612],[23.46351,65.80827],[23.45653,65.81972],[23.46243,65.82352],[23.49457,65.81051],[23.59098,65.79368],[23.64207,65.80287],[23.70357,65.82824],[23.79246,65.78356],[23.84844,65.79279],[23.91338,65.78031],[24.04385,65.81272],[24.15513,65.81603]]],[[[22.87701,65.72341],[22.88145,65.71147],[22.93781,65.67545],[22.94883,65.66842],[22.9719,65.67159],[22.95959,65.68534],[22.96446,65.69771],[22.98479,65.69419],[22.98844,65.70018],[22.94089,65.72381],[22.94106,65.72859],[22.96593,65.7265],[22.96796,65.73092],[22.94883,65.74073],[22.93781,65.74084],[22.88939,65.74135],[22.87701,65.72341]]],[[[23.67751,65.74577],[23.68142,65.73405],[23.67921,65.71888],[23.68955,65.70789],[23.72491,65.70484],[23.74317,65.69772],[23.76241,65.70435],[23.76421,65.71168],[23.78301,65.71695],[23.78348,65.72718],[23.79751,65.72948],[23.80597,65.7453],[23.79719,65.75256],[23.78837,65.74075],[23.77443,65.74956],[23.75542,65.73744],[23.72564,65.7436],[23.72608,65.75762],[23.71809,65.76312],[23.71,65.75762],[23.71816,65.74312],[23.71329,65.73646],[23.69826,65.73423],[23.68918,65.75218],[23.67751,65.74577]]],[[[22.52756,65.57765],[22.53069,65.56841],[22.54169,65.56208],[22.56493,65.55534],[22.56714,65.56165],[22.59768,65.55276],[22.6176,65.56694],[22.61402,65.57636],[22.63997,65.5769],[22.65346,65.58593],[22.63165,65.59934],[22.61477,65.58745],[22.60019,65.58784],[22.60507,65.59893],[22.61683,65.59774],[22.61158,65.60661],[22.59489,65.61723],[22.57851,65.6209],[22.55054,65.60661],[22.55151,65.60196],[22.58114,65.59299],[22.57592,65.58521],[22.57996,65.57946],[22.5692,65.57698],[22.54615,65.58326],[22.52756,65.57765]]],[[[22.72764,65.72655],[22.73375,65.71522],[22.75748,65.70885],[22.80099,65.70834],[22.81251,65.705],[22.79665,65.74887],[22.78111,65.75784],[22.75775,65.75927],[22.74924,65.77199],[22.73461,65.77035],[22.73374,65.76039],[22.73926,65.74866],[22.73171,65.73808],[22.73879,65.73255],[22.72764,65.72655]]],[[[22.14331,65.43418],[22.23158,65.42071],[22.23025,65.43612],[22.20524,65.4494],[22.21161,65.46431],[22.16958,65.47729],[22.14331,65.47211],[22.14331,65.46657],[22.15581,65.46179],[22.15569,65.45645],[22.14331,65.45506],[22.14331,65.43418]]],[[[22.28445,65.43263],[22.28729,65.42989],[22.32681,65.43224],[22.37277,65.43121],[22.41881,65.44579],[22.42291,65.45259],[22.40196,65.45426],[22.39197,65.46082],[22.37165,65.46476],[22.35931,65.45661],[22.35375,65.44495],[22.34379,65.43867],[22.32058,65.44004],[22.32043,65.45081],[22.2911,65.45811],[22.29353,65.44987],[22.28512,65.44319],[22.28445,65.43263]]],[[[21.75447,65.26485],[21.78842,65.25255],[21.80917,65.25314],[21.81816,65.2485],[21.8343,65.25538],[21.84427,65.25145],[21.84334,65.24583],[21.8577,65.24229],[21.86743,65.24837],[21.86052,65.25921],[21.82355,65.26669],[21.79731,65.28222],[21.77404,65.28595],[21.75822,65.28594],[21.75447,65.26485]]],[[[22.50111,65.50236],[22.5053,65.49788],[22.50255,65.48381],[22.51464,65.47901],[22.51998,65.47689],[22.56073,65.47456],[22.57878,65.47741],[22.57143,65.49102],[22.55515,65.503],[22.53003,65.50888],[22.51464,65.50743],[22.50413,65.50644],[22.50111,65.50236]]],[[[21.76109,65.23304],[21.77039,65.22258],[21.79394,65.21227],[21.82006,65.2089],[21.83365,65.19645],[21.85137,65.19189],[21.84545,65.20774],[21.8519,65.21009],[21.8269,65.22647],[21.80943,65.23233],[21.78926,65.23336],[21.78254,65.23712],[21.76109,65.23304]]],[[[22.74484,65.55441],[22.76252,65.54437],[22.77992,65.5522],[22.78511,65.53575],[22.79698,65.53112],[22.80016,65.51637],[22.81301,65.51548],[22.80667,65.55464],[22.79637,65.56503],[22.76859,65.5672],[22.74484,65.55441]]],[[[21.96952,65.39136],[21.97238,65.38336],[21.99082,65.37262],[21.98788,65.36473],[22.0016,65.36128],[22.00462,65.36856],[22.02539,65.37136],[22.02429,65.3818],[22.01506,65.38931],[22.00152,65.39136],[21.99237,65.39843],[21.97737,65.39925],[21.96952,65.39136]]],[[[22.54449,65.52625],[22.54955,65.5231],[22.56082,65.51705],[22.60905,65.50983],[22.61933,65.5169],[22.61333,65.5231],[22.59496,65.52852],[22.57119,65.53278],[22.55356,65.54154],[22.55429,65.53308],[22.54449,65.52625]]],[[[23.72095,65.57197],[23.74203,65.56961],[23.75651,65.56192],[23.77648,65.56322],[23.77755,65.56681],[23.74727,65.58544],[23.75039,65.59738],[23.7422,65.59794],[23.74254,65.58632],[23.72417,65.58036],[23.72095,65.57197]]],[[[22.6415,65.54207],[22.65289,65.53758],[22.66117,65.5454],[22.68102,65.54455],[22.69766,65.547],[22.68844,65.55893],[22.66653,65.564],[22.64409,65.55363],[22.64921,65.5465],[22.6415,65.54207]]],[[[22.60295,65.66184],[22.62508,65.65465],[22.63794,65.65729],[22.64099,65.67759],[22.62708,65.68894],[22.61198,65.67752],[22.61777,65.67368],[22.60295,65.66184]]],[[[22.69483,65.47304],[22.70843,65.46632],[22.71808,65.47281],[22.73619,65.47142],[22.75511,65.47834],[22.75274,65.48432],[22.742,65.48459],[22.74236,65.49085],[22.71876,65.4881],[22.71172,65.47739],[22.70727,65.48402],[22.69483,65.47304]]],[[[21.74737,65.3307],[21.75046,65.32445],[21.77892,65.31573],[21.80628,65.31729],[21.80382,65.32593],[21.77248,65.33389],[21.75501,65.3346],[21.74737,65.3307]]],[[[23.48676,65.74006],[23.49417,65.72942],[23.49043,65.72345],[23.50695,65.71586],[23.51414,65.70833],[23.51762,65.72054],[23.51464,65.73153],[23.52727,65.74077],[23.51396,65.74938],[23.50394,65.73536],[23.48771,65.74615],[23.48676,65.74006]]],[[[22.815,65.73212],[22.8247,65.72611],[22.82358,65.71433],[22.83811,65.71336],[22.83554,65.72125],[22.84916,65.74731],[22.83131,65.74684],[22.82778,65.73811],[22.82107,65.74029],[22.815,65.73212]]],[[[22.66439,65.50755],[22.67347,65.49944],[22.6655,65.4915],[22.67885,65.48779],[22.68239,65.49479],[22.71209,65.49558],[22.71127,65.50063],[22.69695,65.50628],[22.66856,65.51094],[22.66439,65.50755]]],[[[21.6555,65.13903],[21.67685,65.13002],[21.69463,65.13168],[21.69257,65.13951],[21.68233,65.13994],[21.6789,65.14822],[21.6555,65.15108],[21.6555,65.13903]]],[[[22.68581,65.52217],[22.6961,65.51678],[22.71628,65.5141],[22.73062,65.51978],[22.72148,65.53001],[22.6961,65.52965],[22.68581,65.52217]]],[[[21.56994,65.10058],[21.57387,65.08765],[21.58004,65.08699],[21.60266,65.08749],[21.60683,65.09306],[21.59969,65.10219],[21.58004,65.10278],[21.56994,65.10058]]],[[[23.95626,65.69672],[23.96065,65.68865],[23.98124,65.68144],[24.00036,65.68766],[24.00163,65.69413],[23.9848,65.69712],[23.96838,65.69321],[23.96354,65.70098],[23.95626,65.69672]]],[[[22.61229,65.64152],[22.61786,65.63485],[22.64757,65.6314],[22.65386,65.63878],[22.64458,65.64595],[22.62868,65.64863],[22.61229,65.64152]]],[[[22.03263,65.40699],[22.04123,65.39955],[22.05542,65.39738],[22.06746,65.39981],[22.0688,65.40943],[22.03951,65.41604],[22.03263,65.40699]]],[[[22.45889,65.8103],[22.46394,65.79989],[22.48093,65.79419],[22.49449,65.8077],[22.48808,65.81754],[22.47601,65.80856],[22.47339,65.81395],[22.45889,65.8103]]],[[[22.40258,65.37517],[22.41116,65.36124],[22.43129,65.35972],[22.42895,65.3643],[22.43979,65.37112],[22.43666,65.37553],[22.40828,65.37712],[22.40258,65.37517]]],[[[23.76724,65.64533],[23.78025,65.63686],[23.80109,65.64019],[23.80233,65.64505],[23.78552,65.65803],[23.76724,65.64533]]],[[[22.39401,65.70817],[22.41183,65.70082],[22.42264,65.70009],[22.42213,65.71991],[22.3966,65.71677],[22.39401,65.70817]]],[[[22.48895,65.41055],[22.50548,65.39899],[22.51464,65.39859],[22.52667,65.39807],[22.53504,65.40321],[22.5203,65.40989],[22.51464,65.41076],[22.49574,65.41368],[22.48895,65.41055]]],[[[23.06029,65.66959],[23.07465,65.66131],[23.08891,65.66212],[23.09097,65.67418],[23.06479,65.67936],[23.06029,65.66959]]],[[[22.76207,65.66093],[22.77592,65.65278],[22.79581,65.65348],[22.788,65.66922],[22.7807,65.6653],[22.77059,65.66934],[22.76207,65.66093]]],[[[22.44838,65.38741],[22.46078,65.37591],[22.47809,65.37425],[22.48118,65.37846],[22.46836,65.38911],[22.45494,65.39342],[22.44838,65.38741]]],[[[23.00016,65.67203],[23.0118,65.6635],[23.03094,65.6645],[23.03432,65.6734],[23.01091,65.67727],[23.00016,65.67203]]],[[[24.12821,65.71754],[24.12896,65.70671],[24.13936,65.70344],[24.15638,65.7083],[24.15291,65.71735],[24.12821,65.71754]]],[[[22.46616,65.63429],[22.48274,65.62427],[22.50044,65.62577],[22.49329,65.63323],[22.46989,65.64042],[22.46616,65.63429]]],[[[21.5388,65.3669],[21.55022,65.35392],[21.5689,65.36339],[21.562,65.37079],[21.5388,65.3669]]],[[[22.1036,65.42432],[22.13224,65.42891],[22.13068,65.43456],[22.1118,65.44112],[22.1036,65.42432]]],[[[22.69323,65.67541],[22.71126,65.66714],[22.7229,65.67276],[22.71733,65.67984],[22.70174,65.68284],[22.69323,65.67541]]],[[[23.21469,65.79363],[23.22969,65.78384],[23.24508,65.78805],[23.24479,65.79384],[23.22154,65.79843],[23.21469,65.79363]]],[[[22.96088,65.65049],[22.971,65.64198],[22.98898,65.63603],[22.99061,65.64173],[22.96972,65.65595],[22.96088,65.65049]]],[[[22.60861,65.78341],[22.61595,65.77316],[22.62424,65.7715],[22.63793,65.77839],[22.63337,65.78445],[22.60861,65.78341]]],[[[24.10018,65.79465],[24.11346,65.79277],[24.13345,65.80083],[24.12909,65.80752],[24.1051,65.79945],[24.10018,65.79465]]],[[[22.38556,65.79828],[22.38837,65.78966],[22.39969,65.78582],[22.41203,65.79322],[22.39395,65.80086],[22.38556,65.79828]]],[[[23.83697,65.76676],[23.86066,65.76421],[23.86385,65.77009],[23.84761,65.77923],[23.83697,65.76676]]],[[[22.72635,65.80789],[22.73781,65.79928],[22.75455,65.79438],[22.75474,65.79981],[22.73451,65.81273],[22.72635,65.80789]]],[[[22.59921,65.45561],[22.60437,65.45027],[22.62145,65.45029],[22.62674,65.45693],[22.6177,65.4616],[22.59921,65.45561]]],[[[21.86939,65.20288],[21.87078,65.19853],[21.88998,65.1868],[21.89597,65.19433],[21.8798,65.20241],[21.86939,65.20288]]],[[[22.45091,65.36496],[22.45734,65.35176],[22.47407,65.35621],[22.47376,65.36161],[22.45091,65.36496]]],[[[22.45307,65.6753],[22.45955,65.66917],[22.4783,65.66902],[22.47283,65.68026],[22.45307,65.6753]]],[[[24.11148,65.67338],[24.11574,65.66795],[24.13242,65.66241],[24.13468,65.67079],[24.11574,65.67703],[24.11148,65.67338]]],[[[22.79627,65.77381],[22.81048,65.76927],[22.8222,65.77924],[22.80968,65.78311],[22.79627,65.77381]]],[[[22.39056,65.59602],[22.39918,65.59059],[22.41139,65.59862],[22.40209,65.60471],[22.39224,65.60394],[22.39056,65.59602]]],[[[22.75932,65.81298],[22.76915,65.80044],[22.78109,65.7968],[22.78195,65.80191],[22.76734,65.81455],[22.75932,65.81298]]],[[[23.54468,65.52032],[23.56135,65.51891],[23.56662,65.52883],[23.54943,65.53083],[23.54468,65.52032]]],[[[23.24895,65.78015],[23.25556,65.7705],[23.26789,65.77375],[23.26396,65.78684],[23.24895,65.78015]]],[[[24.03835,65.75939],[24.05496,65.75221],[24.05594,65.7657],[24.04575,65.76956],[24.03835,65.75939]]],[[[22.62943,65.47346],[22.63138,65.47074],[22.6544,65.4636],[22.65165,65.47505],[22.63237,65.47618],[22.62943,65.47346]]],[[[21.88559,65.34812],[21.9029,65.33905],[21.90909,65.34694],[21.89638,65.35483],[21.88559,65.34812]]],[[[22.46937,65.77041],[22.47131,65.76337],[22.4793,65.76184],[22.48737,65.76337],[22.48965,65.7693],[22.47805,65.77501],[22.46937,65.77041]]],[[[23.80896,65.75043],[23.82801,65.7485],[23.82938,65.75748],[23.82214,65.76426],[23.80896,65.75043]]],[[[23.45044,65.77633],[23.46535,65.76987],[23.4748,65.77893],[23.46161,65.78438],[23.45044,65.77633]]],[[[22.40362,65.54529],[22.40378,65.53938],[22.42082,65.53296],[22.42574,65.54084],[22.40875,65.5473],[22.40362,65.54529]]],[[[22.53757,65.72108],[22.54724,65.71331],[22.55764,65.71407],[22.55371,65.72914],[22.53757,65.72108]]],[[[22.7995,65.62459],[22.81506,65.62504],[22.82201,65.63903],[22.80712,65.63608],[22.7995,65.62459]]],[[[22.4128,65.62023],[22.43192,65.61315],[22.43565,65.62006],[22.41656,65.62915],[22.4128,65.62023]]],[[[24.02422,65.65479],[24.03108,65.64722],[24.04151,65.64564],[24.04106,65.65948],[24.02871,65.6596],[24.02422,65.65479]]],[[[22.36925,65.38794],[22.38939,65.38227],[22.38683,65.3951],[22.37229,65.39596],[22.36925,65.38794]]],[[[22.35749,65.31764],[22.36853,65.30744],[22.37729,65.31583],[22.36606,65.326],[22.35749,65.31764]]],[[[21.92706,65.18707],[21.93566,65.18057],[21.95186,65.18016],[21.95274,65.18531],[21.93364,65.19158],[21.92706,65.18707]]],[[[23.87979,65.76183],[23.89588,65.751],[23.90329,65.76293],[23.88777,65.76606],[23.87979,65.76183]]],[[[24.13625,65.67265],[24.1535,65.6651],[24.1629,65.67258],[24.14456,65.67875],[24.13625,65.67265]]],[[[22.8811,65.6797],[22.89926,65.66848],[22.9026,65.67921],[22.8906,65.68557],[22.8811,65.6797]]],[[[22.90729,65.64228],[22.91522,65.63466],[22.92667,65.63473],[22.91794,65.65233],[22.90729,65.64228]]],[[[21.80302,65.30164],[21.81839,65.2938],[21.82658,65.29636],[21.82281,65.30413],[21.80778,65.30711],[21.80302,65.30164]]],[[[22.68567,65.6616],[22.68884,65.65537],[22.70349,65.65081],[22.70727,65.66024],[22.69561,65.66456],[22.68567,65.6616]]],[[[23.81849,65.66741],[23.82362,65.65474],[23.83762,65.65392],[23.8326,65.66739],[23.81849,65.66741]]],[[[22.844,65.71957],[22.85567,65.70854],[22.86767,65.70779],[22.86767,65.71431],[22.84782,65.72233],[22.844,65.71957]]],[[[23.96463,65.66412],[23.98483,65.65243],[23.99075,65.6618],[23.96986,65.66766],[23.96463,65.66412]]],[[[24.0525,65.74455],[24.07193,65.74034],[24.07328,65.75357],[24.05964,65.75248],[24.0525,65.74455]]],[[[24.09091,65.70907],[24.10138,65.6978],[24.10928,65.6978],[24.11254,65.71073],[24.09091,65.70907]]],[[[21.54079,65.0972],[21.55997,65.09012],[21.56422,65.10174],[21.54632,65.10297],[21.54079,65.0972]]],[[[22.72777,65.85102],[22.73432,65.84557],[22.7449,65.84809],[22.74206,65.85797],[22.72903,65.86058],[22.72777,65.85102]]],[[[22.38728,65.66049],[22.39085,65.65625],[22.41021,65.65469],[22.40625,65.66819],[22.38728,65.66049]]],[[[23.58135,65.75289],[23.5836,65.74398],[23.59659,65.74333],[23.59583,65.76015],[23.58135,65.75289]]],[[[21.71764,65.12977],[21.74062,65.12536],[21.74196,65.13453],[21.72355,65.13695],[21.71764,65.12977]]],[[[22.44093,65.60972],[22.44273,65.60345],[22.45946,65.60121],[22.45913,65.61144],[22.44382,65.61414],[22.44093,65.60972]]],[[[23.03071,65.6451],[23.03671,65.63053],[23.04588,65.63379],[23.04469,65.64853],[23.03071,65.6451]]],[[[22.27714,65.39948],[22.28434,65.39075],[22.29569,65.39075],[22.29844,65.39844],[22.28361,65.40374],[22.27714,65.39948]]],[[[22.58762,65.5358],[22.6061,65.53117],[22.60951,65.53757],[22.5996,65.54723],[22.58762,65.5358]]],[[[23.53524,65.73766],[23.53624,65.73523],[23.54696,65.72665],[23.55189,65.72904],[23.54585,65.74098],[23.53763,65.74005],[23.53524,65.73766]]],[[[24.02597,65.61644],[24.02739,65.60671],[24.03983,65.61007],[24.03844,65.61841],[24.02597,65.61644]]],[[[23.54961,65.72643],[23.55027,65.71986],[23.55718,65.71998],[23.55931,65.72108],[23.55985,65.72261],[23.55888,65.72479],[23.55409,65.72829],[23.55168,65.72887],[23.54961,65.72643]]],[[[24.025,65.6034],[24.02798,65.59958],[24.03208,65.60196],[24.02826,65.60661],[24.025,65.6034]]]]},"properties":{"code":"SE332","nom":"Norrbottens l\u00e4n","country":"SE"}},{"type":"Feature","geometry":{"type":"MultiPolygon","coordinates":[[[[18.19494,59.82635],[18.24489,59.83383],[18.28022,59.85057],[18.36533,59.87005],[18.37478,59.87746],[18.39651,59.89448],[18.38912,59.93357],[18.38694,59.94507],[18.42104,59.95968],[18.43438,59.98321],[18.46719,60.00227],[18.41561,60.03495],[18.40509,60.04161],[18.44369,60.06052],[18.48569,60.09999],[18.49763,60.13439],[18.51327,60.14809],[18.44806,60.18398],[18.44822,60.19505],[18.46743,60.20722],[18.46788,60.22486],[18.49435,60.20994],[18.49288,60.18463],[18.51625,60.16741],[18.52916,60.18901],[18.54587,60.19803],[18.54607,60.21868],[18.60189,60.22835],[18.60164,60.24893],[18.55699,60.26534],[18.54909,60.27568],[18.54367,60.28277],[18.50077,60.2925],[18.44478,60.33615],[18.3913,60.3382],[18.32106,60.35899],[18.25019,60.34089],[18.26254,60.37776],[18.19935,60.39231],[18.12877,60.42776],[18.06514,60.4922],[18.00332,60.51114],[18.01434,60.53791],[18.00876,60.57119],[17.98721,60.59557],[17.98236,60.59948],[17.937,60.60684],[17.89134,60.59557],[17.78296,60.56829],[17.77051,60.56281],[17.73154,60.54564],[17.7256,60.50914],[17.71494,60.51167],[17.7029,60.53439],[17.67601,60.51147],[17.66156,60.5206],[17.6319,60.53934],[17.62855,60.56021],[17.59644,60.58381],[17.61527,60.59557],[17.65096,60.61788],[17.65099,60.62561],[17.54918,60.65693],[17.44312,60.63346],[17.42142,60.64756],[17.37022,60.65446],[17.35243,60.59557],[17.30573,60.51293],[17.28719,60.44995],[17.26331,60.43211],[17.21979,60.42981],[17.19642,60.40618],[17.19574,60.37681],[17.20544,60.35977],[17.1871,60.30176],[17.11841,60.2834],[17.10528,60.26849],[17.08531,60.26244],[17.00716,60.27596],[16.97662,60.293],[16.93266,60.28713],[16.89379,60.25752],[16.89332,60.23486],[16.81225,60.21302],[16.77526,60.19212],[16.70383,60.19572],[16.72982,60.16897],[16.74078,60.14112],[16.69879,60.08152],[16.72345,60.0411],[16.72305,60.03495],[16.72125,60.00684],[16.74187,59.98302],[16.77018,59.97081],[16.76798,59.95476],[16.7915,59.94208],[16.79779,59.91547],[16.77996,59.8947],[16.80121,59.87746],[16.82267,59.86004],[16.8059,59.84492],[16.80073,59.81955],[16.73977,59.7766],[16.77602,59.74279],[16.7858,59.71996],[16.81278,59.70842],[16.85148,59.66815],[16.92269,59.54957],[16.96491,59.52132],[17.0244,59.51009],[17.06511,59.51434],[17.08618,59.52867],[17.11996,59.52512],[17.1423,59.51531],[17.15159,59.50351],[17.15568,59.49097],[17.1601,59.48637],[17.18276,59.47933],[17.20908,59.46251],[17.26016,59.45268],[17.2906,59.44682],[17.31207,59.4383],[17.33714,59.44133],[17.35362,59.43811],[17.3606,59.42591],[17.36564,59.41711],[17.389,59.41362],[17.38637,59.40325],[17.38484,59.39721],[17.41613,59.38414],[17.42937,59.39793],[17.429,59.42645],[17.4424,59.43995],[17.50145,59.44852],[17.47414,59.50719],[17.57631,59.55195],[17.57244,59.5642],[17.52935,59.59215],[17.5195,59.6213],[17.57474,59.64185],[17.58359,59.66132],[17.61823,59.67385],[17.63331,59.68951],[17.709,59.68403],[17.74733,59.66315],[17.77051,59.67866],[17.78148,59.686],[17.82373,59.68332],[18.01405,59.73838],[18.08347,59.74279],[18.10383,59.75882],[18.12103,59.80173],[18.13687,59.81765],[18.19494,59.82635]]],[[[18.37166,60.49368],[18.39451,60.46374],[18.38478,60.417],[18.40668,60.36961],[18.51206,60.3265],[18.53073,60.31061],[18.53235,60.29865],[18.54409,60.30621],[18.58053,60.30371],[18.57615,60.31762],[18.55918,60.32749],[18.58506,60.34094],[18.54776,60.36337],[18.51667,60.35208],[18.47454,60.39113],[18.46628,60.42425],[18.47941,60.43545],[18.49081,60.43647],[18.49115,60.44787],[18.48086,60.45123],[18.47253,60.43916],[18.45413,60.45432],[18.43771,60.48689],[18.39571,60.50459],[18.37166,60.49368]]],[[[18.60313,60.27567],[18.62401,60.26387],[18.62963,60.27567],[18.62751,60.28481],[18.6381,60.2836],[18.63961,60.26798],[18.66906,60.25393],[18.6719,60.27567],[18.64841,60.29159],[18.62232,60.29589],[18.60349,60.28577],[18.60313,60.27567]]],[[[18.56752,60.20762],[18.588,60.1919],[18.61299,60.19019],[18.62699,60.19539],[18.62739,60.20135],[18.58858,60.21428],[18.56752,60.20762]]],[[[18.36292,60.52254],[18.36952,60.5159],[18.39468,60.51114],[18.40906,60.51149],[18.40976,60.52879],[18.39442,60.53289],[18.36292,60.52254]]],[[[18.61934,60.22913],[18.63517,60.22418],[18.64713,60.21316],[18.64595,60.20752],[18.66043,60.21051],[18.65127,60.22378],[18.63695,60.23433],[18.6238,60.23796],[18.61934,60.22913]]],[[[18.68131,60.24924],[18.70223,60.24819],[18.70889,60.26065],[18.69056,60.26608],[18.68131,60.24924]]],[[[18.54358,60.40565],[18.55458,60.40531],[18.55241,60.39403],[18.56554,60.39609],[18.5548,60.41905],[18.54467,60.42138],[18.54358,60.40565]]],[[[18.63677,60.19094],[18.66279,60.17974],[18.66942,60.18347],[18.66275,60.18944],[18.64429,60.19624],[18.63677,60.19094]]],[[[18.5879,60.31175],[18.61441,60.30702],[18.61537,60.31326],[18.59601,60.32074],[18.5879,60.31175]]],[[[18.60837,60.1766],[18.63216,60.16456],[18.63571,60.17231],[18.61414,60.18066],[18.60837,60.1766]]],[[[18.17275,60.42868],[18.18455,60.42283],[18.19452,60.43467],[18.18932,60.44082],[18.17275,60.42868]]],[[[18.71473,60.27083],[18.71951,60.2634],[18.73344,60.26535],[18.7356,60.2759],[18.72752,60.2759],[18.71473,60.27083]]],[[[18.84769,60.29159],[18.86228,60.28732],[18.86478,60.29952],[18.85382,60.30464],[18.84769,60.29159]]],[[[18.66392,60.21649],[18.67407,60.20922],[18.68444,60.21637],[18.67325,60.22693],[18.66392,60.21649]]],[[[18.52797,60.37395],[18.52985,60.36777],[18.54207,60.36589],[18.54638,60.37604],[18.5348,60.38088],[18.52797,60.37395]]],[[[18.60693,60.42283],[18.61265,60.41403],[18.62634,60.41782],[18.62212,60.42592],[18.61121,60.42929],[18.60693,60.42283]]],[[[18.45091,60.48472],[18.45548,60.47779],[18.46527,60.47977],[18.4656,60.49006],[18.4519,60.4944],[18.45091,60.48472]]],[[[17.67586,60.53021],[17.69107,60.53294],[17.69343,60.54551],[17.67984,60.54384],[17.67586,60.53021]]],[[[18.53507,60.18054],[18.55007,60.1704],[18.56035,60.17793],[18.53732,60.18608],[18.53507,60.18054]]],[[[17.65327,60.54652],[17.65528,60.53882],[17.66156,60.53926],[17.67237,60.54002],[17.66833,60.5534],[17.66156,60.5503],[17.65327,60.54652]]]]},"properties":{"code":"SE121","nom":"Uppsala l\u00e4n","country":"SE"}},{"type":"Feature","geometry":{"type":"MultiPolygon","coordinates":[[[[16.75066,58.62693],[16.92794,58.61419],[16.99538,58.62435],[17.01767,58.63718],[17.01578,58.65451],[16.96445,58.66924],[16.96937,58.67465],[17.02287,58.67429],[17.08878,58.6574],[17.11996,58.66318],[17.13269,58.68058],[17.13906,58.68929],[17.11996,58.69168],[17.08332,58.69626],[17.0937,58.72602],[17.0695,58.73974],[17.09105,58.75824],[17.11996,58.74121],[17.1439,58.72711],[17.20434,58.73206],[17.26994,58.72227],[17.30199,58.73174],[17.31911,58.75052],[17.37901,58.75056],[17.39718,58.78865],[17.47586,58.79189],[17.47178,58.81279],[17.49226,58.84039],[17.48965,58.86586],[17.52707,58.85499],[17.56004,58.84542],[17.56562,58.85474],[17.56003,58.88048],[17.59604,58.88658],[17.61869,58.87903],[17.61491,58.90432],[17.59922,58.92149],[17.5724,58.95085],[17.53859,58.98221],[17.45659,58.99125],[17.42671,58.98262],[17.37571,58.98791],[17.32684,59.04453],[17.31446,59.08632],[17.31694,59.11826],[17.31873,59.1413],[17.26999,59.18528],[17.24817,59.20498],[17.24858,59.2174],[17.27707,59.24301],[17.29042,59.25003],[17.34553,59.27899],[17.34961,59.32433],[17.34049,59.35059],[17.41614,59.35298],[17.41613,59.38414],[17.38484,59.39721],[17.38637,59.40325],[17.389,59.41362],[17.36564,59.41711],[17.3606,59.42591],[17.35362,59.43811],[17.33714,59.44133],[17.31207,59.4383],[17.2906,59.44682],[17.26016,59.45268],[17.20908,59.46251],[17.18276,59.47933],[17.1601,59.48637],[17.15568,59.49097],[17.15159,59.50351],[17.1423,59.51531],[17.11996,59.52512],[17.08618,59.52867],[17.06511,59.51434],[17.0244,59.51009],[16.96491,59.52132],[16.94518,59.4919],[16.90974,59.48095],[16.83357,59.49771],[16.76726,59.50143],[16.71521,59.48904],[16.6814,59.48713],[16.64183,59.48489],[16.53319,59.47556],[16.41279,59.46521],[16.25914,59.452],[16.25036,59.43879],[16.2506,59.41652],[16.27696,59.40325],[16.28773,59.39783],[16.26309,59.36441],[16.15411,59.34745],[16.07725,59.3534],[16.03362,59.36725],[15.9536,59.34841],[15.9426,59.34121],[15.93905,59.3246],[15.91574,59.3152],[15.9054,59.29951],[15.88142,59.29756],[15.87134,59.2726],[15.88895,59.23005],[15.76159,59.19795],[15.79383,59.14263],[15.79115,59.11826],[15.79031,59.11067],[15.70577,59.09935],[15.70892,59.07857],[15.64452,59.05452],[15.62203,59.02223],[15.65094,59.00967],[15.66522,58.98502],[15.68675,58.98192],[15.72069,58.98665],[15.74129,58.95598],[15.75355,58.95535],[15.77864,58.97115],[15.81076,59.01638],[15.84298,59.01381],[15.90775,58.96489],[16.0726,58.92149],[16.10573,58.88818],[16.16879,58.86288],[16.19435,58.84112],[16.26532,58.82703],[16.30096,58.79468],[16.30557,58.77547],[16.3321,58.77386],[16.36215,58.75524],[16.38768,58.70492],[16.5415,58.69999],[16.65465,58.68058],[16.6814,58.676],[16.68763,58.67336],[16.75066,58.62693]]],[[[17.42822,58.74949],[17.44631,58.74107],[17.43856,58.72872],[17.46752,58.70303],[17.48607,58.71404],[17.47058,58.72892],[17.47238,58.73358],[17.5172,58.73485],[17.51322,58.74802],[17.48378,58.76309],[17.47022,58.77883],[17.46054,58.75796],[17.43804,58.75778],[17.42822,58.74949]]],[[[17.61079,58.83176],[17.61475,58.82519],[17.63634,58.82303],[17.64946,58.80986],[17.66486,58.80371],[17.67481,58.80586],[17.69288,58.79658],[17.70561,58.79854],[17.70222,58.80377],[17.63763,58.82764],[17.63114,58.83448],[17.61079,58.83176]]],[[[17.1511,58.66982],[17.16696,58.66231],[17.16371,58.65382],[17.1708,58.65137],[17.17273,58.66903],[17.15547,58.67495],[17.1511,58.66982]]],[[[17.49746,58.81786],[17.50107,58.80361],[17.51556,58.80071],[17.51204,58.81403],[17.49746,58.81786]]],[[[17.52018,58.80721],[17.53555,58.79682],[17.54084,58.81115],[17.52681,58.81273],[17.52018,58.80721]]],[[[17.46108,58.68717],[17.46836,58.68027],[17.47709,58.68027],[17.48245,58.6864],[17.46931,58.69472],[17.46108,58.68717]]],[[[17.60561,58.84869],[17.61959,58.83959],[17.62725,58.85249],[17.61836,58.85615],[17.60561,58.84869]]],[[[17.13028,58.65605],[17.14192,58.64885],[17.1534,58.65549],[17.14483,58.66449],[17.13028,58.65605]]],[[[17.57843,58.86232],[17.58629,58.85641],[17.6025,58.85539],[17.60682,58.86182],[17.58164,58.86546],[17.57843,58.86232]]],[[[17.5604,58.7469],[17.57197,58.74048],[17.58132,58.75503],[17.57417,58.75869],[17.5604,58.7469]]],[[[17.38895,58.73449],[17.40219,58.72957],[17.4114,58.74143],[17.40132,58.74548],[17.38895,58.73449]]]]},"properties":{"code":"SE122","nom":"S\u00f6dermanlands l\u00e4n","country":"SE"}},{"type":"Feature","geometry":{"type":"MultiPolygon","coordinates":[[[[16.66668,57.99608],[16.67649,58.01113],[16.71585,58.00442],[16.74629,58.01717],[16.75421,58.05513],[16.78177,58.06463],[16.74274,58.11249],[16.78662,58.1098],[16.80781,58.10666],[16.83253,58.18415],[16.80377,58.22586],[16.78662,58.23653],[16.75754,58.25463],[16.78662,58.27976],[16.79947,58.29086],[16.7954,58.31108],[16.78662,58.31363],[16.74931,58.32714],[16.77205,58.34154],[16.77113,58.35372],[16.72788,58.36835],[16.65325,58.42379],[16.78662,58.43936],[16.82077,58.4425],[16.91443,58.4897],[16.90685,58.49519],[16.83691,58.54582],[16.79283,58.56503],[16.78104,58.59087],[16.76788,58.59854],[16.69991,58.60283],[16.6814,58.60647],[16.57834,58.62672],[16.52892,58.62018],[16.45264,58.63077],[16.40657,58.595],[16.35655,58.6238],[16.28687,58.61013],[16.26061,58.61459],[16.24247,58.62844],[16.25375,58.64113],[16.25351,58.65989],[16.28201,58.66475],[16.6814,58.63252],[16.75066,58.62693],[16.68763,58.67336],[16.6814,58.676],[16.65465,58.68058],[16.5415,58.69999],[16.38768,58.70492],[16.36215,58.75524],[16.3321,58.77386],[16.30557,58.77547],[16.30096,58.79468],[16.26532,58.82703],[16.19435,58.84112],[16.16879,58.86288],[16.10573,58.88818],[16.0726,58.92149],[15.90775,58.96489],[15.84298,59.01381],[15.81076,59.01638],[15.77864,58.97115],[15.75355,58.95535],[15.74129,58.95598],[15.72069,58.98665],[15.68675,58.98192],[15.66323,58.97457],[15.62597,58.98023],[15.59052,58.96056],[15.56336,58.95591],[15.56266,58.93863],[15.58041,58.92149],[15.58916,58.91305],[15.58816,58.90067],[15.56468,58.89251],[15.5501,58.87029],[15.44585,58.86247],[15.45285,58.82599],[15.42275,58.81165],[15.40283,58.84209],[15.38028,58.84476],[15.34676,58.83191],[15.32316,58.85629],[15.29525,58.85187],[15.26727,58.86312],[15.24339,58.84142],[15.22022,58.83995],[15.19819,58.81556],[15.13884,58.81643],[15.11704,58.77868],[15.08226,58.76183],[15.06977,58.75579],[15.03386,58.70675],[15.02794,58.70468],[14.97379,58.68577],[14.9196,58.69392],[14.8682,58.68058],[14.81007,58.6655],[14.77894,58.64599],[14.71198,58.55992],[14.67305,58.50987],[14.65858,58.49519],[14.60048,58.43626],[14.52301,58.35767],[14.41671,58.18724],[14.47005,58.13188],[14.54993,58.10728],[14.63953,58.09616],[14.75289,58.10145],[14.77079,58.08663],[14.81142,58.08348],[14.89043,58.08871],[14.89332,58.1055],[14.9135,58.11652],[14.89513,58.12484],[14.89347,58.13405],[14.93275,58.13529],[14.97373,58.14802],[15.0287,58.07135],[15.03556,58.04712],[15.07672,58.00323],[15.06373,57.98792],[15.01628,57.9842],[15.01484,57.96171],[14.99999,57.94175],[15.00621,57.92385],[15.00005,57.90438],[15.03681,57.86396],[15.07036,57.84155],[15.08662,57.78003],[15.13206,57.71916],[15.16837,57.70643],[15.28304,57.71329],[15.33344,57.70167],[15.42105,57.70488],[15.44132,57.71763],[15.44353,57.7471],[15.54931,57.77367],[15.54813,57.79101],[15.60142,57.82543],[15.60689,57.85358],[15.68166,57.85867],[15.76313,57.85096],[15.82336,57.81828],[15.88878,57.82878],[15.93994,57.80597],[16.0601,57.87279],[16.05777,57.90246],[16.03008,57.92279],[16.02123,57.94244],[16.03465,57.95722],[16.07853,57.97807],[15.99784,58.02237],[16.01275,58.05344],[15.99497,58.07196],[16.00229,58.08141],[16.06662,58.07105],[16.12032,58.08307],[16.14762,58.06531],[16.16599,58.06409],[16.17532,58.10333],[16.20558,58.10803],[16.26228,58.13896],[16.29685,58.12909],[16.32903,58.11991],[16.37577,58.13106],[16.40421,58.12909],[16.48606,58.09391],[16.53319,58.10709],[16.54321,58.10989],[16.56341,58.10011],[16.6022,58.05344],[16.60458,58.03488],[16.63052,58.00357],[16.66668,57.99608]]],[[[16.78662,58.38026],[16.80202,58.36855],[16.81292,58.33076],[16.87659,58.3174],[16.90396,58.32428],[16.91316,58.3362],[16.91239,58.34651],[16.88466,58.32952],[16.85645,58.33994],[16.82471,58.364],[16.84888,58.37108],[16.85732,58.40079],[16.81911,58.3955],[16.80894,58.41538],[16.78662,58.40477],[16.78537,58.40417],[16.78383,58.38238],[16.78662,58.38026]]],[[[16.82442,58.28413],[16.83058,58.26511],[16.84918,58.26511],[16.87938,58.27801],[16.8865,58.29689],[16.83168,58.31501],[16.82442,58.28413]]],[[[16.99346,58.49519],[16.91799,58.52657],[16.89597,58.52657],[16.90168,58.5166],[16.93847,58.50592],[16.94816,58.49519],[16.96352,58.48466],[16.98325,58.48685],[16.99397,58.49166],[16.99346,58.49519]]],[[[16.86907,58.25185],[16.88472,58.24854],[16.91328,58.26641],[16.91652,58.2622],[16.90339,58.24984],[16.91218,58.24685],[16.92859,58.25612],[16.93189,58.26525],[16.92004,58.2675],[16.92415,58.28129],[16.92082,58.28461],[16.87281,58.26509],[16.86907,58.25185]]],[[[16.86127,58.38269],[16.87414,58.38069],[16.8796,58.38688],[16.87437,58.3985],[16.88701,58.40229],[16.89135,58.39727],[16.88568,58.38667],[16.90179,58.38419],[16.90126,58.39971],[16.8869,58.41258],[16.88909,58.41933],[16.87114,58.42032],[16.86938,58.39843],[16.86127,58.38269]]],[[[16.91246,58.19423],[16.91355,58.18517],[16.93284,58.17967],[16.94782,58.18488],[16.93773,58.20158],[16.92108,58.2027],[16.91246,58.19423]]],[[[16.86543,58.34871],[16.87998,58.34485],[16.89131,58.35852],[16.88528,58.36313],[16.89978,58.3728],[16.89053,58.37765],[16.87464,58.37147],[16.883,58.36422],[16.86543,58.34871]]],[[[16.93405,58.31095],[16.95763,58.30533],[16.96586,58.3165],[16.94941,58.32213],[16.94284,58.33005],[16.93405,58.31095]]],[[[16.82926,58.23886],[16.848,58.23901],[16.85301,58.23335],[16.86849,58.23508],[16.86686,58.24249],[16.84915,58.24458],[16.84877,58.25162],[16.83878,58.25367],[16.82926,58.23886]]],[[[16.95142,58.42305],[16.9549,58.41504],[16.96893,58.41403],[16.97436,58.4319],[16.96902,58.43517],[16.95142,58.42305]]],[[[16.8171,58.42071],[16.82773,58.40746],[16.83875,58.41506],[16.83879,58.41939],[16.82195,58.42254],[16.8171,58.42071]]],[[[16.73003,58.40999],[16.73277,58.39387],[16.74282,58.39539],[16.7441,58.40933],[16.73003,58.40999]]],[[[17.00005,58.25002],[17.02732,58.26008],[17.02131,58.26607],[17.00071,58.25708],[17.00005,58.25002]]],[[[16.3916,58.62961],[16.39975,58.61966],[16.41298,58.62291],[16.41107,58.6331],[16.3916,58.62961]]],[[[16.84545,58.10277],[16.86249,58.09867],[16.87011,58.10983],[16.85021,58.10988],[16.84545,58.10277]]],[[[16.9266,58.16908],[16.93653,58.15955],[16.94978,58.16389],[16.94022,58.17439],[16.9266,58.16908]]],[[[16.87755,58.18885],[16.88238,58.18274],[16.89512,58.19229],[16.892,58.20128],[16.88091,58.19662],[16.87755,58.18885]]],[[[16.91098,58.21798],[16.92943,58.21918],[16.92941,58.23038],[16.92082,58.23309],[16.91098,58.21798]]],[[[16.93744,58.22835],[16.94394,58.21639],[16.95886,58.22421],[16.94688,58.23278],[16.93744,58.22835]]],[[[16.96587,58.27458],[16.98507,58.27133],[16.98857,58.2794],[16.97869,58.28597],[16.96587,58.27458]]],[[[16.82536,58.09497],[16.83746,58.08564],[16.84309,58.08882],[16.84073,58.09966],[16.83318,58.10351],[16.82536,58.09497]]],[[[16.83271,58.13876],[16.83564,58.12399],[16.84338,58.12713],[16.85192,58.14027],[16.83271,58.13876]]],[[[16.31383,58.64824],[16.32851,58.63961],[16.33889,58.64777],[16.32303,58.65421],[16.31383,58.64824]]],[[[16.78662,58.01324],[16.80355,58.00021],[16.80902,58.01097],[16.78851,58.01747],[16.78662,58.01607],[16.78662,58.01324]]]]},"properties":{"code":"SE123","nom":"\u00d6sterg\u00f6tlands l\u00e4n","country":"SE"}},{"type":"Feature","geometry":{"type":"MultiPolygon","coordinates":[[[[14.29599,59.01278],[14.29651,58.94231],[14.32966,58.90493],[14.38351,58.87851],[14.38689,58.8664],[14.37571,58.84561],[14.41003,58.8074],[14.46632,58.77725],[14.48003,58.72081],[14.54019,58.71349],[14.55518,58.6823],[14.61536,58.6961],[14.63283,58.73404],[14.67636,58.73714],[14.70709,58.69393],[14.77894,58.64599],[14.81007,58.6655],[14.8682,58.68058],[14.9196,58.69392],[14.97379,58.68577],[15.02794,58.70468],[15.03386,58.70675],[15.06977,58.75579],[15.08226,58.76183],[15.11704,58.77868],[15.13884,58.81643],[15.19819,58.81556],[15.22022,58.83995],[15.24339,58.84142],[15.26727,58.86312],[15.29525,58.85187],[15.32316,58.85629],[15.34676,58.83191],[15.38028,58.84476],[15.40283,58.84209],[15.42275,58.81165],[15.45285,58.82599],[15.44585,58.86247],[15.5501,58.87029],[15.56468,58.89251],[15.58816,58.90067],[15.58916,58.91305],[15.58041,58.92149],[15.56266,58.93863],[15.56336,58.95591],[15.59052,58.96056],[15.62597,58.98023],[15.66323,58.97457],[15.68675,58.98192],[15.66522,58.98502],[15.65094,59.00967],[15.62203,59.02223],[15.64452,59.05452],[15.70892,59.07857],[15.70577,59.09935],[15.79031,59.11067],[15.79115,59.11826],[15.79383,59.14263],[15.76159,59.19795],[15.77792,59.22531],[15.72966,59.22735],[15.68848,59.26827],[15.61565,59.29154],[15.63124,59.32729],[15.60431,59.36794],[15.60609,59.3896],[15.6661,59.40325],[15.7267,59.41548],[15.71252,59.46702],[15.69092,59.48547],[15.71312,59.50863],[15.71244,59.52048],[15.69552,59.53598],[15.63471,59.52757],[15.62762,59.55928],[15.63301,59.59014],[15.6126,59.62451],[15.55118,59.62904],[15.52165,59.63935],[15.51882,59.65806],[15.54661,59.70116],[15.54376,59.73249],[15.53718,59.74279],[15.50551,59.79241],[15.4375,59.79954],[15.44986,59.83213],[15.42209,59.85475],[15.3641,59.88115],[15.20395,60.0008],[15.12598,60.00941],[15.08226,60.03331],[15.05752,60.04684],[15.03408,60.04164],[15.00726,60.05591],[14.93775,60.04934],[14.88894,60.06094],[14.84298,60.08625],[14.83631,60.10507],[14.81265,60.10918],[14.74315,60.08244],[14.74189,60.06094],[14.74794,59.99812],[14.43716,60.02616],[14.4518,59.97341],[14.33883,59.94863],[14.36647,59.91349],[14.41832,59.90143],[14.41679,59.82136],[14.43219,59.77473],[14.40642,59.75547],[14.40336,59.74279],[14.42925,59.69004],[14.43,59.66069],[14.45989,59.59759],[14.47252,59.53884],[14.43445,59.53767],[14.3985,59.51325],[14.46067,59.44088],[14.40234,59.40462],[14.36664,59.35623],[14.35668,59.33665],[14.33176,59.32667],[14.30869,59.28734],[14.30555,59.24902],[14.28989,59.22535],[14.29004,59.16153],[14.29972,59.12476],[14.30645,59.11826],[14.33805,59.08774],[14.29599,59.01278]]]]},"properties":{"code":"SE124","nom":"\u00d6rebro l\u00e4n","country":"SE"}},{"type":"Feature","geometry":{"type":"MultiPolygon","coordinates":[[[[11.9229,57.56222],[11.98377,57.564],[12.01562,57.54701],[12.07603,57.55127],[12.16537,57.56616],[12.20348,57.57251],[12.27791,57.59439],[12.33582,57.56248],[12.3158,57.51897],[12.34228,57.48802],[12.32775,57.46054],[12.35513,57.45132],[12.3763,57.44761],[12.39838,57.4366],[12.41645,57.39949],[12.396,57.37753],[12.38679,57.34416],[12.40002,57.32865],[12.42738,57.31876],[12.42384,57.30116],[12.43453,57.2716],[12.50758,57.28446],[12.53986,57.31765],[12.60094,57.34383],[12.63673,57.33099],[12.66486,57.33941],[12.69851,57.32759],[12.75855,57.27634],[12.80758,57.29844],[12.84028,57.26977],[12.92909,57.26295],[12.94997,57.24145],[12.91969,57.22055],[12.91414,57.18571],[12.92,57.17811],[13.02455,57.18039],[13.02744,57.15669],[13.05658,57.14879],[13.09098,57.15752],[13.10076,57.14552],[13.15278,57.18201],[13.20159,57.24659],[13.26702,57.2591],[13.29122,57.30692],[13.36069,57.32143],[13.42401,57.34788],[13.43999,57.36677],[13.50717,57.39988],[13.51475,57.42227],[13.60649,57.50638],[13.68124,57.55346],[13.67039,57.61318],[13.71853,57.65972],[13.72047,57.68551],[13.70692,57.7048],[13.74864,57.77407],[13.73787,57.849],[13.78868,57.91374],[13.76264,57.93558],[13.72738,57.9385],[13.70283,57.97273],[13.76812,58.00976],[13.76925,58.03592],[13.77919,58.04939],[13.92782,58.03805],[13.97195,58.00984],[14.04263,58.02045],[14.10776,58.06899],[14.13365,58.14039],[14.17318,58.13011],[14.30953,58.13353],[14.36664,58.16215],[14.41671,58.18724],[14.52301,58.35767],[14.60048,58.43626],[14.65858,58.49519],[14.67305,58.50987],[14.71198,58.55992],[14.77894,58.64599],[14.70709,58.69393],[14.67636,58.73714],[14.63283,58.73404],[14.61536,58.6961],[14.55518,58.6823],[14.54019,58.71349],[14.48003,58.72081],[14.46632,58.77725],[14.41003,58.8074],[14.37571,58.84561],[14.38689,58.8664],[14.38351,58.87851],[14.32966,58.90493],[14.29651,58.94231],[14.29599,59.01278],[14.2438,59.02585],[14.21896,59.04203],[14.14691,59.05042],[14.06982,59.04776],[14.01965,59.02935],[13.71562,59.0487],[13.58994,59.05669],[13.43318,58.96276],[13.40709,58.92149],[13.34692,58.8263],[13.34583,58.81357],[13.4093,58.74762],[13.25825,58.7275],[13.18209,58.75391],[12.89919,58.81849],[12.83996,58.92149],[12.77683,59.03128],[12.75173,59.12808],[12.69212,59.17003],[12.63898,59.17843],[12.61391,59.14276],[12.57204,59.11646],[12.47405,59.13065],[12.43034,59.16618],[12.45533,59.17897],[12.45244,59.19071],[12.34531,59.17682],[12.30867,59.19459],[12.26744,59.19559],[12.22846,59.25673],[12.16537,59.25121],[12.085,59.25485],[12.08487,59.23005],[12.10236,59.19436],[12.08268,59.1793],[11.95191,59.246],[11.93475,59.23036],[11.91104,59.22387],[11.84559,59.23465],[11.8262,59.23785],[11.78479,59.20612],[11.77677,59.13838],[11.76681,59.11699],[11.77619,59.09057],[11.71058,59.03154],[11.68771,58.99017],[11.68737,58.95757],[11.66026,58.92149],[11.65063,58.90867],[11.59286,58.89299],[11.55294,58.8961],[11.53122,58.87912],[11.46027,58.89031],[11.46045,58.92149],[11.46083,58.98866],[11.37052,59.08373],[11.33327,59.10384],[11.19367,59.07253],[11.15167,59.0422],[11.13482,59.01728],[11.13562,59.00305],[11.15358,58.98956],[11.13778,58.9576],[11.16364,58.92574],[11.12547,58.91453],[11.11809,58.90329],[11.15291,58.86589],[11.16377,58.83777],[11.1962,58.84437],[11.1907,58.87592],[11.19891,58.87915],[11.22025,58.84143],[11.20321,58.81587],[11.22704,58.80539],[11.21199,58.78462],[11.17957,58.77543],[11.14649,58.79337],[11.14389,58.77546],[11.18364,58.7229],[11.23964,58.68058],[11.23834,58.67101],[11.21462,58.65366],[11.23116,58.64583],[11.2595,58.66313],[11.28194,58.59257],[11.25739,58.56996],[11.24962,58.52889],[11.2885,58.49519],[11.31165,58.47512],[11.28697,58.44229],[11.24077,58.42304],[11.23827,58.39597],[11.25849,58.36527],[11.3705,58.37799],[11.39061,58.35975],[11.4301,58.36271],[11.4338,58.35326],[11.41561,58.32435],[11.45061,58.28213],[11.49075,58.29621],[11.5497,58.34576],[11.58272,58.44013],[11.616,58.41997],[11.64551,58.41325],[11.63514,58.38142],[11.54333,58.30457],[11.512,58.25723],[11.46414,58.25142],[11.42871,58.22599],[11.42871,58.20717],[11.45584,58.19152],[11.42395,58.15531],[11.42562,58.14028],[11.45088,58.10906],[11.44212,58.0914],[11.46761,58.09362],[11.51735,58.07212],[11.56695,58.09211],[11.60216,58.11766],[11.61651,58.11258],[11.63822,58.11878],[11.71509,58.10267],[11.81561,58.13485],[11.8374,58.17029],[11.82899,58.22636],[11.73815,58.29136],[11.69999,58.28794],[11.65869,58.24973],[11.61141,58.23997],[11.54862,58.21374],[11.52939,58.21828],[11.56911,58.25044],[11.64719,58.26881],[11.73109,58.32885],[11.85715,58.32825],[11.82904,58.29164],[11.8523,58.24764],[11.88942,58.21294],[11.86601,58.18729],[11.84136,58.1277],[11.81016,58.08191],[11.8084,58.01174],[11.76749,57.96824],[11.75854,57.91815],[11.70481,57.88886],[11.68788,57.85705],[11.69903,57.83348],[11.74005,57.79605],[11.79878,57.77839],[11.78534,57.75692],[11.73541,57.7341],[11.72533,57.70943],[11.76868,57.69162],[11.86059,57.68768],[11.8537,57.62912],[11.91082,57.61495],[11.9229,57.56222]],[[13.64028,57.59517],[13.65323,57.61033],[13.66435,57.6082],[13.64793,57.59238],[13.64028,57.59517]]],[[[11.48368,58.01725],[11.5049,58.01081],[11.51448,58.02555],[11.5305,58.01363],[11.57123,58.01145],[11.56897,58.00379],[11.52315,57.99965],[11.5199,57.99296],[11.5347,57.99093],[11.53636,57.98375],[11.5229,57.9793],[11.52309,57.97412],[11.53486,57.97119],[11.56349,57.94676],[11.55832,57.93377],[11.56635,57.92906],[11.67609,57.96961],[11.69259,58.0049],[11.70675,58.01441],[11.71823,58.01372],[11.72368,57.99924],[11.74464,58.00365],[11.76137,58.03969],[11.77595,58.04908],[11.75199,58.06914],[11.70446,58.06904],[11.70094,58.08745],[11.68733,58.09307],[11.66906,58.09028],[11.6362,58.06039],[11.60097,58.05309],[11.55395,58.06169],[11.54419,58.05912],[11.49717,58.03912],[11.48368,58.01725]]],[[[11.57048,57.86699],[11.59216,57.85425],[11.63653,57.87734],[11.63653,57.89088],[11.64988,57.8872],[11.6609,57.90271],[11.63653,57.90604],[11.58079,57.89854],[11.57308,57.88579],[11.59295,57.88369],[11.59368,57.87843],[11.57048,57.86699]]],[[[10.98513,58.9068],[10.9921,58.88817],[11.03258,58.86608],[11.05874,58.86934],[11.04362,58.89629],[11.00469,58.91114],[10.98513,58.9068]]],[[[11.61731,57.69774],[11.62956,57.69244],[11.63603,57.68358],[11.66719,57.68475],[11.65726,57.7044],[11.65789,57.73633],[11.63406,57.75097],[11.62609,57.743],[11.6478,57.73288],[11.64909,57.72729],[11.63441,57.72701],[11.6269,57.71751],[11.63603,57.70018],[11.62312,57.70208],[11.61731,57.69774]]],[[[11.7411,57.61993],[11.76498,57.6127],[11.77371,57.59797],[11.78983,57.60217],[11.79097,57.59719],[11.81396,57.59141],[11.8181,57.59451],[11.80424,57.61006],[11.79333,57.6087],[11.78633,57.6253],[11.7749,57.62626],[11.76491,57.6191],[11.76409,57.62612],[11.74649,57.63129],[11.7411,57.61993]]],[[[11.72923,57.63942],[11.76389,57.64077],[11.76768,57.63488],[11.78133,57.63161],[11.79355,57.64591],[11.80068,57.64062],[11.80959,57.64633],[11.8026,57.6629],[11.79739,57.65682],[11.78824,57.65975],[11.78319,57.65283],[11.77254,57.65579],[11.7692,57.65106],[11.74132,57.64563],[11.73067,57.64643],[11.72923,57.63942]]],[[[11.72924,58.08885],[11.73819,58.08189],[11.74871,58.08141],[11.75984,58.09199],[11.76546,58.08185],[11.7783,58.08543],[11.78841,58.09754],[11.77483,58.10695],[11.76177,58.10842],[11.75456,58.10015],[11.74502,58.10125],[11.72991,58.0952],[11.72924,58.08885]]],[[[11.34818,58.13879],[11.36911,58.13786],[11.37976,58.14493],[11.39059,58.14504],[11.38943,58.15624],[11.40292,58.18554],[11.38814,58.18251],[11.38567,58.17438],[11.3722,58.15971],[11.36086,58.15482],[11.34818,58.13879]]],[[[11.66732,57.73872],[11.67267,57.72463],[11.68091,57.71959],[11.6763,57.71281],[11.68106,57.70656],[11.68811,57.71254],[11.68792,57.72699],[11.70252,57.74014],[11.69177,57.74314],[11.70086,57.75634],[11.6942,57.76022],[11.69102,57.75274],[11.68256,57.7573],[11.67243,57.7527],[11.66732,57.73872]]],[[[11.31203,58.34245],[11.31883,58.3374],[11.31725,58.32596],[11.32604,58.32204],[11.33995,58.33444],[11.34124,58.3547],[11.33349,58.35808],[11.31663,58.35442],[11.31203,58.34245]]],[[[11.57793,58.36919],[11.58942,58.36601],[11.59566,58.38312],[11.60381,58.37765],[11.61388,58.38122],[11.61544,58.38872],[11.60606,58.39259],[11.59473,58.38868],[11.59324,58.39555],[11.57974,58.3871],[11.57793,58.36919]]],[[[11.06927,58.96311],[11.09316,58.95052],[11.09892,58.95663],[11.11147,58.95019],[11.11044,58.94449],[11.12119,58.94706],[11.10762,58.96608],[11.09783,58.96021],[11.08049,58.97465],[11.06927,58.96311]]],[[[11.59861,57.77954],[11.60366,57.75855],[11.61305,57.75259],[11.62182,57.77954],[11.60271,57.79245],[11.59861,57.77954]]],[[[11.2053,58.58361],[11.22318,58.57602],[11.22486,58.56131],[11.23827,58.56692],[11.23382,58.58103],[11.22113,58.59358],[11.2053,58.58361]]],[[[11.77098,57.59062],[11.78043,57.57434],[11.77879,57.56368],[11.79245,57.56238],[11.79201,57.5874],[11.77652,57.5934],[11.77098,57.59062]]],[[[11.76964,58.29278],[11.79089,58.26926],[11.80346,58.27865],[11.78871,58.28574],[11.78886,58.29878],[11.76964,58.29278]]],[[[11.23377,58.59707],[11.24332,58.58626],[11.25861,58.59587],[11.25525,58.60875],[11.24141,58.6095],[11.23377,58.59707]]],[[[11.03318,58.82539],[11.04783,58.8259],[11.04905,58.84096],[11.06051,58.84284],[11.05645,58.85519],[11.03961,58.84459],[11.03318,58.82539]]],[[[11.3801,58.24154],[11.38249,58.23164],[11.39255,58.22812],[11.39913,58.2361],[11.40358,58.22865],[11.41352,58.23441],[11.41129,58.24117],[11.39731,58.23802],[11.38526,58.24476],[11.3801,58.24154]]],[[[11.67534,57.91676],[11.71314,57.92117],[11.70714,57.92799],[11.67863,57.92664],[11.67534,57.91676]]],[[[11.23624,58.63357],[11.24569,58.62116],[11.25517,58.62566],[11.25483,58.64072],[11.24679,58.643],[11.23624,58.63357]]],[[[11.448,58.06786],[11.45322,58.0591],[11.46812,58.0591],[11.47467,58.06366],[11.469,58.07028],[11.45175,58.07266],[11.448,58.06786]]],[[[11.19894,58.66871],[11.2016,58.66212],[11.21734,58.66733],[11.21767,58.67689],[11.2004,58.6802],[11.19894,58.66871]]],[[[11.21096,58.35161],[11.22385,58.34945],[11.24302,58.36439],[11.2352,58.37081],[11.23111,58.3607],[11.22007,58.36121],[11.21096,58.35161]]],[[[11.13145,58.73542],[11.13561,58.7238],[11.14488,58.72118],[11.14744,58.73138],[11.14432,58.74173],[11.13404,58.74108],[11.13145,58.73542]]],[[[11.36511,58.30488],[11.3932,58.28978],[11.39296,58.29937],[11.37155,58.30995],[11.36511,58.30488]]],[[[11.3489,58.11477],[11.35356,58.10577],[11.3628,58.10245],[11.37026,58.10854],[11.35514,58.12205],[11.3489,58.11477]]],[[[11.71628,57.94424],[11.71833,57.93836],[11.73779,57.93568],[11.7374,57.94529],[11.71689,57.94868],[11.71628,57.94424]]],[[[11.67449,57.82392],[11.67976,57.81307],[11.68965,57.81328],[11.69023,57.82576],[11.68532,57.82929],[11.67449,57.82392]]],[[[11.64297,57.75393],[11.65292,57.74506],[11.66051,57.75846],[11.64344,57.76331],[11.64297,57.75393]]],[[[11.59962,57.93091],[11.59965,57.92392],[11.62353,57.92634],[11.61713,57.93576],[11.59962,57.93091]]],[[[11.74249,57.58123],[11.75065,57.57139],[11.76037,57.57834],[11.75695,57.58691],[11.74507,57.58691],[11.74249,57.58123]]],[[[11.05812,58.57706],[11.06926,58.57411],[11.07993,58.58031],[11.06571,58.59024],[11.05812,58.57706]]],[[[11.81885,57.62612],[11.82814,57.6145],[11.83744,57.61957],[11.83606,57.62592],[11.82419,57.63182],[11.81885,57.62612]]],[[[11.79446,57.62959],[11.79457,57.62215],[11.80294,57.62055],[11.81315,57.63271],[11.80668,57.63727],[11.79446,57.62959]]],[[[11.55503,58.07122],[11.5644,58.06544],[11.57767,58.07147],[11.5644,58.08148],[11.55503,58.07122]]],[[[11.74669,57.59863],[11.75113,57.59249],[11.76117,57.59361],[11.76433,57.60402],[11.75592,57.60881],[11.74669,57.59863]]],[[[11.66968,57.69903],[11.68102,57.68753],[11.69153,57.69112],[11.68058,57.70431],[11.66968,57.69903]]],[[[11.20464,58.33345],[11.21456,58.32778],[11.22628,58.33726],[11.22205,58.34588],[11.20464,58.33345]]],[[[11.72731,57.92065],[11.73937,57.91433],[11.75203,57.92365],[11.73937,57.92901],[11.72731,57.92065]]],[[[11.39807,58.29329],[11.40867,58.29],[11.41654,58.29499],[11.41163,58.30437],[11.40205,58.30412],[11.39807,58.29329]]],[[[11.75601,57.55312],[11.76491,57.54955],[11.77835,57.55349],[11.77939,57.56198],[11.76215,57.55933],[11.75601,57.55312]]],[[[11.61845,57.85893],[11.62726,57.84782],[11.63642,57.85324],[11.63074,57.86693],[11.61845,57.85893]]],[[[11.05572,58.82363],[11.06478,58.82237],[11.0801,58.83185],[11.07679,58.83837],[11.06395,58.83279],[11.05572,58.82363]]],[[[11.1875,58.68394],[11.19691,58.6806],[11.20337,58.69011],[11.1979,58.69816],[11.18783,58.69309],[11.1875,58.68394]]],[[[11.59616,57.63549],[11.6047,57.62578],[11.61827,57.62638],[11.60907,57.64041],[11.59616,57.63549]]],[[[11.64282,57.67079],[11.65912,57.66227],[11.66633,57.67372],[11.6497,57.67654],[11.64282,57.67079]]],[[[11.21558,58.62015],[11.2245,58.60867],[11.23518,58.61969],[11.2223,58.62725],[11.21558,58.62015]]],[[[11.6001,58.09112],[11.61088,58.08167],[11.62282,58.09191],[11.61343,58.09774],[11.6001,58.09112]]],[[[11.69403,57.8081],[11.69453,57.79824],[11.70737,57.79947],[11.71193,57.80814],[11.70094,57.81264],[11.69403,57.8081]]]]},"properties":{"code":"SE232","nom":"V\u00e4stra G\u00f6talands l\u00e4n","country":"SE"}},{"type":"Feature","geometry":{"type":"MultiPolygon","coordinates":[[[[19.04997,59.87746],[18.92059,59.93791],[18.85364,60.03495],[18.84142,60.05312],[18.81463,60.10686],[18.76347,60.10263],[18.72258,60.11992],[18.61829,60.13808],[18.5945,60.13199],[18.57484,60.11552],[18.54595,60.14182],[18.51327,60.14809],[18.49763,60.13439],[18.48569,60.09999],[18.44369,60.06052],[18.40509,60.04161],[18.41561,60.03495],[18.46719,60.00227],[18.43438,59.98321],[18.42104,59.95968],[18.38694,59.94507],[18.38912,59.93357],[18.39651,59.89448],[18.37478,59.87746],[18.36533,59.87005],[18.28022,59.85057],[18.24489,59.83383],[18.19494,59.82635],[18.13687,59.81765],[18.12103,59.80173],[18.10383,59.75882],[18.08347,59.74279],[18.01405,59.73838],[17.82373,59.68332],[17.78148,59.686],[17.77051,59.67866],[17.74733,59.66315],[17.709,59.68403],[17.63331,59.68951],[17.61823,59.67385],[17.58359,59.66132],[17.57474,59.64185],[17.5195,59.6213],[17.52935,59.59215],[17.57244,59.5642],[17.57631,59.55195],[17.47414,59.50719],[17.50145,59.44852],[17.4424,59.43995],[17.429,59.42645],[17.42937,59.39793],[17.41613,59.38414],[17.41614,59.35298],[17.34049,59.35059],[17.34961,59.32433],[17.34553,59.27899],[17.29042,59.25003],[17.27707,59.24301],[17.24858,59.2174],[17.24817,59.20498],[17.26999,59.18528],[17.31873,59.1413],[17.31694,59.11826],[17.31446,59.08632],[17.32684,59.04453],[17.37571,58.98791],[17.42671,58.98262],[17.45659,58.99125],[17.53859,58.98221],[17.5724,58.95085],[17.62853,58.96104],[17.64021,58.95174],[17.65034,58.92149],[17.67671,58.91181],[17.70652,58.92149],[17.69767,58.93608],[17.69987,58.95526],[17.71791,58.97702],[17.70559,58.99086],[17.68793,59.04313],[17.66156,59.06213],[17.65277,59.06783],[17.63521,59.03179],[17.64647,59.0191],[17.64419,59.00925],[17.62897,58.99774],[17.61755,59.02371],[17.62956,59.05546],[17.62431,59.08143],[17.63315,59.08632],[17.66156,59.10203],[17.67762,59.11092],[17.67507,59.11826],[17.66364,59.15119],[17.66725,59.16069],[17.69251,59.11826],[17.69049,59.08632],[17.68986,59.07641],[17.69969,59.06256],[17.72809,59.06641],[17.74106,59.08632],[17.75186,59.10288],[17.77034,59.09719],[17.76556,59.08632],[17.74916,59.04671],[17.75443,58.99359],[17.74235,58.93475],[17.77051,58.90243],[17.78775,58.88751],[17.80615,58.90725],[17.81915,58.90072],[17.80881,58.81619],[17.84285,58.80557],[17.858,58.82288],[17.84798,58.85802],[17.85179,58.87187],[17.86482,58.87183],[17.89023,58.84041],[17.91005,58.83453],[17.91021,58.87723],[17.93513,58.88659],[17.97691,58.9397],[18.01776,58.95098],[18.02186,58.97586],[17.99833,58.97762],[17.99274,58.98667],[18.01458,59.02291],[18.03984,59.03941],[18.19494,59.09559],[18.21785,59.10389],[18.23105,59.10055],[18.23787,59.07847],[18.28499,59.08477],[18.32108,59.11555],[18.4165,59.13658],[18.43093,59.15226],[18.39683,59.17806],[18.3943,59.18528],[18.38539,59.21068],[18.30759,59.25574],[18.30602,59.29214],[18.3169,59.30879],[18.33993,59.30603],[18.37542,59.27183],[18.52433,59.2196],[18.58369,59.23742],[18.59756,59.22699],[18.59814,59.24243],[18.67635,59.27694],[18.65021,59.30066],[18.61023,59.37735],[18.57366,59.37381],[18.45323,59.42866],[18.42226,59.41138],[18.3859,59.40531],[18.37902,59.39327],[18.40314,59.3718],[18.44549,59.37915],[18.45993,59.34761],[18.45035,59.33344],[18.36406,59.35523],[18.24792,59.34974],[18.22407,59.37248],[18.19494,59.37816],[18.12656,59.3915],[18.11655,59.37598],[18.16107,59.34023],[18.15025,59.33188],[18.08742,59.37878],[18.1063,59.41827],[18.14119,59.43773],[18.18039,59.39894],[18.19494,59.39819],[18.30178,59.39387],[18.34058,59.42759],[18.31285,59.43952],[18.31657,59.44826],[18.39825,59.46651],[18.52559,59.52909],[18.68568,59.59312],[18.72201,59.62175],[18.73505,59.6574],[18.76297,59.67253],[18.81031,59.67999],[18.88141,59.65284],[18.80724,59.59254],[18.80791,59.5856],[18.86125,59.60389],[18.86498,59.58694],[18.88753,59.58298],[18.92695,59.61779],[18.96549,59.62923],[18.96526,59.64004],[18.93397,59.66049],[18.85274,59.68686],[18.92265,59.70646],[19.03544,59.71316],[19.05767,59.72354],[19.06894,59.74372],[19.05204,59.7619],[18.98911,59.7768],[18.99124,59.81649],[18.93456,59.87746],[18.92719,59.89425],[18.95037,59.88935],[18.96715,59.87746],[19.04333,59.82346],[19.06681,59.83478],[19.068,59.86903],[19.04997,59.87746]]],[[[18.51305,59.48694],[18.51999,59.46213],[18.5242,59.45727],[18.54966,59.42944],[18.57872,59.43019],[18.59495,59.41854],[18.60133,59.42673],[18.58657,59.44647],[18.60105,59.45428],[18.60113,59.48668],[18.6797,59.52245],[18.80748,59.53983],[18.82268,59.54912],[18.81029,59.55445],[18.68975,59.53474],[18.65673,59.5589],[18.59362,59.53892],[18.5242,59.49422],[18.51305,59.48694]]],[[[18.34697,59.02605],[18.36643,59.01238],[18.41083,59.01398],[18.43448,59.04947],[18.46527,59.06183],[18.48409,59.08632],[18.48203,59.11081],[18.47202,59.11674],[18.39422,59.08632],[18.37491,59.07823],[18.37739,59.06548],[18.354,59.05233],[18.36677,59.03994],[18.3478,59.0336],[18.34697,59.02605]]],[[[18.19494,58.91445],[18.20435,58.90712],[18.22522,58.91074],[18.23005,58.91832],[18.24007,58.91624],[18.26886,58.91766],[18.2826,58.92541],[18.30631,58.92673],[18.30767,58.93157],[18.28785,58.9347],[18.28731,58.94684],[18.30208,58.94598],[18.31243,58.95125],[18.35715,58.96618],[18.36101,58.97986],[18.34792,58.97864],[18.31008,58.9663],[18.302,58.96733],[18.29653,58.96003],[18.28537,58.96283],[18.25635,58.95913],[18.22583,58.94257],[18.2146,58.93347],[18.20345,58.94268],[18.19494,58.94046],[18.19,58.93917],[18.18696,58.94674],[18.17168,58.94146],[18.16612,58.92156],[18.14954,58.91226],[18.15118,58.89758],[18.16542,58.90744],[18.16495,58.89457],[18.18089,58.89218],[18.18198,58.906],[18.1707,58.9111],[18.1858,58.92156],[18.19494,58.91445]]],[[[18.19494,59.01269],[18.19856,59.01795],[18.21527,59.02004],[18.21734,59.02297],[18.19494,59.02682],[18.19462,59.03393],[18.17586,59.04003],[18.17411,59.03001],[18.15866,59.02992],[18.1391,59.0237],[18.1332,59.01871],[18.09716,59.02202],[18.0857,59.01329],[18.08242,58.99446],[18.05765,58.98709],[18.06438,58.97612],[18.04936,58.96718],[18.05212,58.95877],[18.07665,58.96865],[18.08609,58.97687],[18.10251,58.9805],[18.10974,58.97103],[18.12463,58.9651],[18.15224,58.972],[18.14056,58.98829],[18.14774,58.99139],[18.1475,59.00701],[18.16485,59.00153],[18.17861,59.01433],[18.18829,58.9967],[18.19494,59.01269]]],[[[18.71129,60.211],[18.72593,60.20081],[18.71646,60.17815],[18.7231,60.15828],[18.7585,60.15257],[18.76482,60.12994],[18.78421,60.11893],[18.78858,60.15042],[18.80399,60.16774],[18.7585,60.20654],[18.7306,60.21866],[18.71129,60.211]]],[[[18.64476,59.36963],[18.68576,59.33395],[18.68641,59.31696],[18.67838,59.30751],[18.68124,59.3032],[18.74069,59.32211],[18.74541,59.32833],[18.74069,59.33697],[18.74069,59.34996],[18.71296,59.36601],[18.72309,59.37199],[18.72175,59.38658],[18.70473,59.37943],[18.70596,59.37005],[18.64754,59.37217],[18.64476,59.36963]]],[[[18.84672,59.39489],[18.85406,59.38627],[18.8852,59.40325],[18.90533,59.41423],[18.91286,59.42591],[18.92497,59.43888],[18.90681,59.45509],[18.85359,59.42591],[18.85953,59.41034],[18.85365,59.40325],[18.84672,59.39489]]],[[[18.71489,59.25625],[18.72376,59.24996],[18.74058,59.25992],[18.7736,59.25485],[18.81151,59.28984],[18.77888,59.29903],[18.74058,59.28479],[18.73107,59.27062],[18.72287,59.26959],[18.71489,59.25625]]],[[[18.70552,59.18528],[18.74728,59.20645],[18.69323,59.20812],[18.64767,59.18528],[18.63939,59.18093],[18.62605,59.16213],[18.62968,59.15959],[18.6806,59.17814],[18.68862,59.17744],[18.68508,59.16895],[18.69696,59.16902],[18.70552,59.18528]]],[[[18.89987,59.39463],[18.92202,59.38036],[18.91794,59.36249],[18.9498,59.35815],[18.9595,59.37633],[18.96918,59.35892],[18.9781,59.37323],[18.96211,59.38558],[18.95157,59.3821],[18.92266,59.40751],[18.90581,59.40662],[18.89987,59.39463]]],[[[18.73439,59.46997],[18.7522,59.45763],[18.78402,59.46931],[18.79403,59.45319],[18.7893,59.44275],[18.77926,59.44044],[18.77326,59.45007],[18.76119,59.43697],[18.76822,59.43124],[18.79664,59.43495],[18.79539,59.44114],[18.80844,59.44598],[18.80142,59.46882],[18.79154,59.46994],[18.78856,59.47658],[18.7522,59.47952],[18.73439,59.46997]]],[[[18.6407,59.44013],[18.66148,59.43868],[18.67528,59.44505],[18.6881,59.44105],[18.70414,59.44195],[18.70713,59.45101],[18.73021,59.45136],[18.73937,59.45686],[18.732,59.462],[18.73053,59.47135],[18.70978,59.47039],[18.71235,59.46091],[18.70191,59.45769],[18.68464,59.45956],[18.66222,59.456],[18.64438,59.44923],[18.6407,59.44013]]],[[[18.86894,59.32488],[18.88648,59.32272],[18.89533,59.32976],[18.89402,59.34399],[18.9059,59.3374],[18.91464,59.33826],[18.91784,59.35144],[18.91187,59.35734],[18.88948,59.34969],[18.87601,59.35285],[18.8705,59.34169],[18.87814,59.33485],[18.86894,59.32488]]],[[[19.08937,59.83635],[19.09614,59.82705],[19.10148,59.832],[19.10764,59.82885],[19.12268,59.84262],[19.1447,59.84007],[19.13766,59.86322],[19.10764,59.85299],[19.10185,59.84206],[19.08937,59.83635]]],[[[18.09534,58.86516],[18.10968,58.85591],[18.11764,58.86289],[18.12576,58.86171],[18.13882,58.87097],[18.13929,58.88144],[18.13041,58.89353],[18.12788,58.88578],[18.11205,58.8837],[18.10511,58.8709],[18.09633,58.87192],[18.09534,58.86516]]],[[[18.63342,59.41642],[18.64841,59.3885],[18.68509,59.39305],[18.68583,59.39832],[18.66413,59.40876],[18.66391,59.39956],[18.65543,59.3984],[18.65697,59.4152],[18.63342,59.41642]]],[[[18.93563,59.41382],[18.94105,59.39854],[18.95427,59.3972],[18.97434,59.40793],[18.9753,59.41472],[18.95366,59.42084],[18.93988,59.41989],[18.93563,59.41382]]],[[[18.74934,59.56715],[18.76458,59.55717],[18.79975,59.55883],[18.8048,59.56622],[18.77285,59.56623],[18.76335,59.58091],[18.75298,59.57897],[18.74934,59.56715]]],[[[19.16159,59.7715],[19.16871,59.76221],[19.18074,59.76117],[19.18299,59.7678],[19.19682,59.77659],[19.19989,59.78312],[19.17876,59.78644],[19.16362,59.77995],[19.16159,59.7715]]],[[[18.81111,59.64128],[18.81992,59.63467],[18.83323,59.63747],[18.83477,59.64329],[18.84646,59.64746],[18.85935,59.64363],[18.8663,59.64967],[18.84534,59.65546],[18.83345,59.65146],[18.83026,59.65865],[18.81111,59.64128]]],[[[19.01066,59.62879],[19.01528,59.62155],[19.03295,59.62801],[19.0315,59.63652],[19.05343,59.64125],[19.04901,59.6472],[19.03332,59.65378],[19.01995,59.64088],[19.02108,59.63406],[19.01066,59.62879]]],[[[18.75548,59.62122],[18.76653,59.61869],[18.77708,59.63314],[18.79104,59.64113],[18.78221,59.65401],[18.76875,59.64841],[18.76102,59.63818],[18.76565,59.63212],[18.75548,59.62122]]],[[[18.59056,59.08632],[18.60268,59.08138],[18.60848,59.08632],[18.61444,59.08632],[18.6182,59.07966],[18.62519,59.08632],[18.64119,59.09514],[18.63206,59.0996],[18.59623,59.09296],[18.59056,59.08632]]],[[[19.06599,59.77943],[19.08089,59.76965],[19.09471,59.77023],[19.09608,59.77861],[19.1058,59.7865],[19.09438,59.79657],[19.08878,59.78707],[19.06599,59.77943]]],[[[19.02099,59.57247],[19.02673,59.56499],[19.0579,59.56667],[19.07491,59.57461],[19.06634,59.57878],[19.0579,59.57909],[19.02099,59.57247]]],[[[18.67185,59.13673],[18.67904,59.1254],[18.69088,59.1352],[18.69537,59.14618],[18.70492,59.14179],[18.71116,59.15249],[18.69426,59.15942],[18.68312,59.14111],[18.67185,59.13673]]],[[[18.04376,59.00474],[18.05018,58.99809],[18.05429,59.00625],[18.06416,59.01057],[18.07741,59.02785],[18.05902,59.02977],[18.04376,59.00474]]],[[[18.51234,59.03602],[18.51431,59.03068],[18.5242,59.03019],[18.53474,59.04049],[18.53064,59.05161],[18.5242,59.05613],[18.51385,59.05258],[18.51234,59.03602]]],[[[18.78384,59.14028],[18.7939,59.12865],[18.80167,59.13006],[18.80788,59.15773],[18.78753,59.15147],[18.79066,59.14323],[18.78384,59.14028]]],[[[18.14057,59.04748],[18.15534,59.03938],[18.17174,59.04639],[18.18662,59.04272],[18.18536,59.04972],[18.16558,59.05271],[18.16306,59.05839],[18.14057,59.04748]]],[[[18.49181,59.18528],[18.49969,59.19479],[18.49121,59.20311],[18.47533,59.18528],[18.47389,59.18366],[18.48239,59.17145],[18.48989,59.17334],[18.48923,59.18216],[18.49181,59.18528]]],[[[18.92557,59.29177],[18.93066,59.28408],[18.94074,59.28617],[18.9474,59.28012],[18.96453,59.28286],[18.96584,59.29005],[18.94423,59.29061],[18.94494,59.29582],[18.93096,59.29727],[18.92557,59.29177]]],[[[18.71506,59.10222],[18.71969,59.09698],[18.74385,59.10128],[18.75995,59.10666],[18.76244,59.11482],[18.74814,59.11296],[18.73943,59.10633],[18.71862,59.10718],[18.71506,59.10222]]],[[[18.33126,59.26661],[18.33225,59.25997],[18.36368,59.25442],[18.35817,59.26661],[18.35236,59.26971],[18.33959,59.27147],[18.33126,59.26661]]],[[[19.11209,59.74279],[19.11832,59.74279],[19.12914,59.74279],[19.13429,59.73577],[19.14532,59.74279],[19.1409,59.75173],[19.12193,59.75509],[19.11209,59.74279]]],[[[18.80709,59.37764],[18.81535,59.37368],[18.82442,59.39534],[18.81863,59.40338],[18.80753,59.39722],[18.80709,59.37764]]],[[[18.80635,59.30391],[18.80896,59.29996],[18.83844,59.29867],[18.8442,59.29244],[18.852,59.29886],[18.82099,59.30996],[18.80635,59.30391]]],[[[18.82443,59.50481],[18.8263,59.49797],[18.84186,59.50419],[18.85545,59.50166],[18.86481,59.50782],[18.86127,59.51321],[18.8482,59.5127],[18.82443,59.50481]]],[[[19.11554,59.79495],[19.13242,59.79846],[19.14696,59.80718],[19.14506,59.81292],[19.13242,59.80846],[19.12071,59.81149],[19.11554,59.79495]]],[[[18.69892,59.43235],[18.71148,59.41594],[18.72257,59.41437],[18.71811,59.43633],[18.69892,59.43235]]],[[[18.7444,59.22439],[18.75655,59.21467],[18.77107,59.2142],[18.77403,59.22764],[18.75714,59.22467],[18.75387,59.23288],[18.7444,59.22439]]],[[[18.89902,59.28752],[18.90235,59.27965],[18.92302,59.27303],[18.93212,59.27631],[18.9192,59.28807],[18.89902,59.28752]]],[[[17.95483,58.88587],[17.95942,58.87857],[17.97509,58.89725],[17.97169,58.9093],[17.96357,58.90244],[17.95483,58.88587]]],[[[17.7004,58.8556],[17.70894,58.84674],[17.70654,58.84181],[17.71773,58.83389],[17.72386,58.84163],[17.71128,58.85779],[17.7004,58.8556]]],[[[19.12203,59.77594],[19.12511,59.76976],[19.13667,59.77239],[19.1462,59.7656],[19.15035,59.77849],[19.13602,59.78144],[19.12203,59.77594]]],[[[18.43636,59.19393],[18.45133,59.1942],[18.45883,59.18692],[18.46184,59.20027],[18.43643,59.20464],[18.43636,59.19393]]],[[[17.85749,58.76531],[17.86331,58.73889],[17.86999,58.74208],[17.8678,58.76066],[17.86255,58.77236],[17.85749,58.76531]]],[[[19.14387,59.69468],[19.14921,59.68245],[19.16024,59.67987],[19.16491,59.68842],[19.15497,59.69793],[19.14387,59.69468]]],[[[18.872,59.30886],[18.88278,59.30246],[18.89668,59.30921],[18.89336,59.3194],[18.872,59.30886]]],[[[18.48755,59.10698],[18.49792,59.10247],[18.50847,59.10829],[18.50863,59.11796],[18.48975,59.11273],[18.48755,59.10698]]],[[[18.40059,59.44902],[18.4073,59.44746],[18.41368,59.45621],[18.42496,59.45606],[18.42799,59.464],[18.41155,59.464],[18.40059,59.44902]]],[[[18.56901,59.12496],[18.57354,59.12094],[18.59007,59.12487],[18.59686,59.13245],[18.59007,59.13326],[18.5807,59.13291],[18.56901,59.12496]]],[[[18.55136,59.41666],[18.55742,59.40472],[18.57068,59.40743],[18.5715,59.4125],[18.55723,59.42068],[18.55136,59.41666]]],[[[18.95626,59.47512],[18.97162,59.45825],[18.97856,59.46672],[18.97029,59.46956],[18.96583,59.48117],[18.95626,59.47512]]],[[[18.80447,59.48154],[18.80599,59.47391],[18.82115,59.47188],[18.82917,59.48307],[18.80447,59.48154]]],[[[18.67347,59.41386],[18.69043,59.40603],[18.69774,59.41566],[18.67919,59.42033],[18.67347,59.41386]]],[[[18.77342,59.39001],[18.78376,59.37831],[18.79477,59.37998],[18.78818,59.386],[18.78529,59.39736],[18.77342,59.39001]]],[[[18.44435,59.46756],[18.45065,59.46267],[18.46894,59.46632],[18.46377,59.47678],[18.44435,59.46756]]],[[[18.78584,59.62247],[18.79127,59.6196],[18.81306,59.63035],[18.80396,59.63661],[18.78584,59.62247]]],[[[18.40089,59.21903],[18.41859,59.20792],[18.42555,59.21727],[18.40722,59.22346],[18.40089,59.21903]]],[[[18.76064,60.23542],[18.77396,60.22796],[18.78152,60.23568],[18.77079,60.24531],[18.76064,60.23542]]],[[[18.48399,59.49504],[18.4924,59.48982],[18.50487,59.49827],[18.50315,59.50355],[18.489,59.50308],[18.48399,59.49504]]],[[[18.83816,59.49475],[18.84254,59.48626],[18.85423,59.48452],[18.86062,59.4915],[18.8556,59.49641],[18.83816,59.49475]]],[[[18.76319,59.40587],[18.78063,59.40367],[18.78537,59.41351],[18.77026,59.41647],[18.76319,59.40587]]],[[[18.46663,59.45409],[18.47649,59.44341],[18.48706,59.44864],[18.47911,59.46048],[18.46663,59.45409]]],[[[19.13083,59.65723],[19.14331,59.64891],[19.1547,59.65109],[19.14771,59.66299],[19.13083,59.65723]]],[[[17.95347,58.86308],[17.96817,58.85823],[17.96554,58.87662],[17.95904,58.87808],[17.95347,58.86308]]],[[[19.18395,59.75803],[19.19999,59.74955],[19.20393,59.75935],[19.19512,59.7674],[19.18395,59.75803]]],[[[18.4733,59.06062],[18.48179,59.05203],[18.49186,59.06203],[18.47844,59.07134],[18.4733,59.06062]]],[[[18.83925,59.31733],[18.85286,59.31268],[18.85882,59.32413],[18.84536,59.32863],[18.83925,59.31733]]],[[[18.97436,59.48243],[18.98421,59.47665],[18.99532,59.49],[18.97925,59.49219],[18.97436,59.48243]]],[[[18.55116,59.17945],[18.55811,59.16267],[18.56407,59.16411],[18.56623,59.18114],[18.55116,59.17945]]],[[[18.64916,59.47115],[18.66613,59.46164],[18.67229,59.47588],[18.65178,59.4744],[18.64916,59.47115]]],[[[18.50887,59.07858],[18.52255,59.06701],[18.52439,59.0757],[18.52439,59.08641],[18.51539,59.08554],[18.50887,59.07858]]],[[[19.00843,59.68082],[19.0172,59.67524],[19.03485,59.67878],[19.03349,59.68503],[19.01633,59.68499],[19.00843,59.68082]]],[[[18.71379,59.56918],[18.7257,59.56435],[18.73849,59.57369],[18.72885,59.57964],[18.71379,59.56918]]],[[[18.54021,59.02481],[18.54846,59.01775],[18.56229,59.01975],[18.56146,59.02451],[18.54512,59.0317],[18.54021,59.02481]]],[[[18.38989,59.24189],[18.40701,59.23044],[18.41185,59.2348],[18.39746,59.25007],[18.38989,59.24189]]],[[[18.53798,59.09464],[18.54134,59.09134],[18.5616,59.09461],[18.55793,59.1067],[18.53798,59.09464]]],[[[18.77862,59.4927],[18.78228,59.48293],[18.79894,59.48445],[18.79527,59.49553],[18.77862,59.4927]]],[[[19.15596,59.493],[19.17178,59.49004],[19.17494,59.50461],[19.15879,59.50123],[19.15596,59.493]]],[[[18.64313,59.11284],[18.64945,59.10479],[18.66264,59.11255],[18.65672,59.11826],[18.65142,59.12338],[18.6474,59.11826],[18.64313,59.11284]]],[[[18.72978,59.401],[18.74122,59.38932],[18.75031,59.39935],[18.74122,59.40701],[18.72978,59.401]]],[[[18.39626,58.9733],[18.40663,58.96334],[18.41564,58.97498],[18.40133,58.98161],[18.39626,58.9733]]],[[[18.461,59.16415],[18.46859,59.15187],[18.48102,59.15436],[18.47831,59.16525],[18.461,59.16415]]],[[[18.40556,59.43213],[18.42219,59.42439],[18.42702,59.43463],[18.42051,59.44112],[18.40556,59.43213]]],[[[18.16238,58.98629],[18.16857,58.97866],[18.18375,58.98536],[18.17459,58.9954],[18.16238,58.98629]]],[[[19.49322,59.44892],[19.49569,59.43867],[19.51183,59.43925],[19.50846,59.45155],[19.49322,59.44892]]],[[[18.79547,60.24668],[18.81188,60.2418],[18.81508,60.25505],[18.80002,60.25526],[18.79547,60.24668]]],[[[19.17595,59.6685],[19.1817,59.6577],[19.19539,59.66117],[19.19443,59.66797],[19.18068,59.67217],[19.17595,59.6685]]],[[[18.39733,59.10177],[18.40675,59.0981],[18.41826,59.11051],[18.4135,59.11827],[18.39733,59.10177]]],[[[19.18872,59.43162],[19.20311,59.43427],[19.20735,59.44531],[19.1939,59.44699],[19.18872,59.43162]]],[[[19.13591,59.37047],[19.14679,59.35448],[19.15267,59.36644],[19.14367,59.3769],[19.13591,59.37047]]],[[[18.8373,59.20267],[18.84999,59.19688],[18.85488,59.19946],[18.84948,59.21261],[18.84351,59.21499],[18.8373,59.20267]]],[[[18.56333,60.1449],[18.57374,60.13438],[18.58759,60.14249],[18.57004,60.14972],[18.56333,60.1449]]],[[[18.82737,59.53762],[18.83755,59.52765],[18.84711,59.53939],[18.84104,59.54635],[18.82737,59.53762]]],[[[18.31586,59.03974],[18.32457,59.03647],[18.33506,59.04093],[18.33288,59.05006],[18.31776,59.04749],[18.31586,59.03974]]],[[[18.45301,59.01483],[18.46312,59.00875],[18.47358,59.01116],[18.47412,59.02118],[18.4576,59.01939],[18.45301,59.01483]]],[[[17.71722,58.90545],[17.73498,58.8934],[17.73998,58.89772],[17.7304,58.91092],[17.71722,58.90545]]],[[[18.85878,59.29336],[18.87506,59.28219],[18.8797,59.29615],[18.86503,59.29821],[18.85878,59.29336]]],[[[18.87724,59.37153],[18.88438,59.36936],[18.89776,59.37812],[18.88797,59.38447],[18.879,59.38083],[18.87724,59.37153]]],[[[19.26915,59.53966],[19.27829,59.52985],[19.28837,59.54001],[19.27454,59.54867],[19.26915,59.53966]]],[[[18.70977,59.23178],[18.71851,59.226],[18.72997,59.23338],[18.72062,59.24415],[18.70977,59.23178]]],[[[18.36658,59.25266],[18.3736,59.24477],[18.38645,59.25842],[18.36952,59.26187],[18.36658,59.25266]]],[[[19.14561,59.59083],[19.14927,59.58703],[19.17242,59.58813],[19.17316,59.59519],[19.14848,59.59417],[19.14561,59.59083]]],[[[18.76956,59.19979],[18.78594,59.19914],[18.79019,59.20715],[18.78157,59.21157],[18.77205,59.20845],[18.76956,59.19979]]],[[[19.15329,59.74606],[19.15789,59.73511],[19.16914,59.73189],[19.17318,59.73832],[19.16563,59.74606],[19.15329,59.74606]]],[[[18.11155,58.89294],[18.11233,58.88933],[18.1282,58.89723],[18.12389,58.9083],[18.1178,58.90857],[18.11155,58.89294]]],[[[19.38129,59.72395],[19.39808,59.72165],[19.40127,59.73332],[19.39268,59.73729],[19.38129,59.72395]]],[[[18.68834,59.56859],[18.69373,59.56341],[18.7104,59.56331],[18.71319,59.57023],[18.70485,59.5741],[18.68834,59.56859]]],[[[19.1953,59.66751],[19.20836,59.66176],[19.21162,59.67267],[19.20091,59.67365],[19.1953,59.66751]]]]},"properties":{"code":"SE110","nom":"Stockholms l\u00e4n","country":"SE"}},{"type":"Feature","geometry":{"type":"MultiPolygon","coordinates":[[[[16.6814,63.98178],[16.57732,63.85403],[16.57065,63.81018],[16.59878,63.74269],[16.59322,63.71506],[16.33953,63.69503],[16.25364,63.66459],[16.09193,63.69596],[15.98313,63.66039],[15.88584,63.6737],[15.8327,63.65298],[15.98141,63.55239],[15.99155,63.44346],[16.06656,63.43912],[16.11406,63.42334],[16.12717,63.40597],[16.12021,63.3743],[16.12945,63.36109],[16.27287,63.30914],[16.58383,63.17731],[16.6814,63.12532],[16.87715,63.02103],[16.94784,62.95591],[16.6814,62.90999],[16.66089,62.90646],[16.4413,62.78037],[16.35257,62.70124],[16.24527,62.70779],[16.12031,62.69457],[15.95759,62.70825],[15.63377,62.63364],[15.26519,62.6005],[15.14196,62.56848],[15.08226,62.57896],[14.97652,62.59751],[14.80512,62.58263],[14.80007,62.57589],[14.80821,62.53396],[14.8358,62.47663],[14.81346,62.45811],[14.80378,62.45207],[14.80479,62.41668],[14.86335,62.39695],[14.93909,62.3243],[15.08226,62.27559],[15.14286,62.25498],[15.27321,62.28632],[15.32734,62.27208],[15.50232,62.33649],[15.61153,62.34295],[16.02493,62.25794],[16.23022,62.23478],[16.41279,62.23585],[16.4404,62.23601],[16.57009,62.22459],[16.6814,62.21345],[16.7962,62.20195],[16.90767,62.1761],[16.96149,62.16361],[17.10744,62.15663],[17.19621,62.16186],[17.22835,62.1505],[17.31609,62.156],[17.4893,62.13695],[17.52375,62.17688],[17.51163,62.20412],[17.51602,62.21678],[17.5428,62.21792],[17.55198,62.20101],[17.56778,62.19609],[17.62022,62.21358],[17.63428,62.22908],[17.48829,62.2623],[17.43173,62.3187],[17.38234,62.32827],[17.35671,62.38358],[17.37923,62.40483],[17.38266,62.42471],[17.35126,62.46506],[17.3498,62.47846],[17.46966,62.50774],[17.54254,62.4572],[17.70983,62.4104],[17.70926,62.42408],[17.68382,62.45789],[17.68807,62.4806],[17.71917,62.49659],[17.81212,62.49252],[17.86233,62.51031],[17.91386,62.58953],[17.92246,62.63147],[17.91195,62.66241],[17.95642,62.6689],[17.97085,62.6874],[17.94862,62.75797],[17.88442,62.82462],[17.8873,62.88645],[17.74955,62.97258],[17.74063,62.98411],[17.74574,62.99332],[17.77131,63.00548],[17.79174,63.00368],[17.82049,62.96019],[17.89996,62.91177],[17.92096,62.84824],[17.94471,62.8223],[17.96522,62.8199],[18.04966,62.84024],[18.06171,62.82717],[18.01853,62.80961],[18.09488,62.78296],[18.13378,62.78581],[18.17412,62.80423],[18.21685,62.80542],[18.24945,62.81962],[18.25656,62.83722],[18.22816,62.84697],[18.21912,62.86231],[18.22619,62.87733],[18.24829,62.88802],[18.28532,62.88711],[18.339,62.85275],[18.3923,62.85585],[18.42628,62.87137],[18.47991,62.92476],[18.47052,62.93581],[18.43495,62.94557],[18.42926,62.95665],[18.50417,62.96271],[18.523,62.97942],[18.46235,62.99837],[18.3154,62.99295],[18.29827,63.00182],[18.30706,63.01767],[18.33877,63.03389],[18.37731,63.03525],[18.39917,63.05516],[18.47287,63.04987],[18.51804,63.09528],[18.53927,63.13912],[18.58095,63.13583],[18.62111,63.17394],[18.69388,63.17678],[18.69184,63.23402],[18.72267,63.22728],[18.73753,63.19441],[18.78956,63.18578],[18.85333,63.21536],[18.75613,63.25654],[18.75089,63.26884],[18.81199,63.26208],[18.87617,63.27526],[18.92093,63.24648],[18.9449,63.21661],[19.0381,63.20813],[19.0547,63.22292],[19.04115,63.24901],[19.09384,63.25692],[19.14944,63.32134],[19.23221,63.33948],[19.26141,63.43265],[19.28647,63.46972],[19.23943,63.5191],[19.19336,63.56746],[19.1769,63.59987],[18.99953,63.72753],[18.95426,63.73186],[18.95793,63.75528],[18.95123,63.76329],[18.89872,63.78086],[18.81681,63.77562],[18.75723,63.80882],[18.71453,63.80827],[18.64395,63.82506],[18.58845,63.82384],[18.48871,63.84351],[18.47356,63.87007],[18.41127,63.92543],[18.46168,63.93511],[18.47234,63.95789],[18.46688,63.97043],[18.43393,63.98769],[18.4033,63.99452],[18.25004,63.97043],[18.17809,63.95873],[18.13039,63.95096],[18.05886,63.93911],[18.01414,63.93105],[18.00074,63.92864],[17.98788,63.92632],[17.84162,63.89995],[17.79268,63.89105],[17.72739,63.88036],[17.66156,63.88446],[17.47279,63.89622],[16.88593,63.94921],[16.84089,63.97043],[16.71895,64.02788],[16.6814,63.98178]]],[[[17.36844,62.47286],[17.37813,62.46133],[17.38269,62.45811],[17.39286,62.45093],[17.40288,62.4341],[17.40409,62.42305],[17.41124,62.40847],[17.41004,62.39516],[17.40333,62.38165],[17.40476,62.3703],[17.41413,62.36043],[17.42585,62.35459],[17.44196,62.35395],[17.4551,62.36408],[17.48189,62.35807],[17.5027,62.35811],[17.52616,62.36251],[17.52011,62.37353],[17.52311,62.39904],[17.51772,62.41096],[17.50101,62.42419],[17.47476,62.43635],[17.47994,62.4461],[17.49758,62.45037],[17.48777,62.45811],[17.47018,62.47201],[17.45821,62.46794],[17.45056,62.47113],[17.42585,62.47173],[17.40646,62.47602],[17.39542,62.47514],[17.38015,62.47957],[17.36844,62.47286]]],[[[17.9968,62.6909],[18.02616,62.67101],[18.01306,62.66262],[18.01397,62.6577],[18.0798,62.64426],[18.09956,62.65806],[18.07979,62.67492],[18.10303,62.68608],[18.1268,62.69161],[18.11651,62.70275],[18.11833,62.70728],[18.1344,62.70823],[18.1555,62.7248],[18.15041,62.74788],[18.12138,62.75181],[18.09792,62.74424],[18.07124,62.75756],[18.04491,62.75732],[18.02056,62.74932],[18.02391,62.73401],[18.00069,62.70415],[17.9968,62.6909]]],[[[17.93209,62.60822],[17.94871,62.56617],[17.93835,62.55673],[17.94676,62.55429],[17.99824,62.57396],[18.04867,62.59725],[18.05957,62.6122],[17.99824,62.64068],[17.96274,62.64421],[17.94318,62.63549],[17.93209,62.60822]]],[[[18.61582,63.02486],[18.6243,62.99762],[18.6167,62.98233],[18.6238,62.97309],[18.65366,62.98589],[18.6508,62.99762],[18.6771,63.04604],[18.7031,63.06075],[18.68872,63.0746],[18.66644,63.07491],[18.64016,63.06107],[18.61582,63.02486]]],[[[18.49124,63.0471],[18.50107,63.03743],[18.49491,63.0246],[18.50202,63.01931],[18.51646,63.02284],[18.51503,63.02873],[18.53413,63.03153],[18.5432,63.03959],[18.55125,63.0328],[18.56667,63.04156],[18.55566,63.0486],[18.56442,63.05421],[18.56605,63.0625],[18.54319,63.05931],[18.53564,63.0676],[18.52735,63.06709],[18.51427,63.05711],[18.49819,63.05468],[18.49124,63.0471]]],[[[17.67989,62.1863],[17.68301,62.18337],[17.70746,62.18737],[17.73745,62.20918],[17.74406,62.21904],[17.72113,62.22744],[17.69542,62.22795],[17.6809,62.21398],[17.68373,62.20095],[17.67989,62.1863]]],[[[17.95426,62.78419],[17.99082,62.75815],[18.00828,62.75674],[18.02582,62.76845],[18.00075,62.78603],[17.95701,62.78693],[17.95426,62.78419]]],[[[17.53334,62.39746],[17.54486,62.39629],[17.54322,62.38864],[17.55285,62.38402],[17.57951,62.37899],[17.58994,62.38071],[17.59053,62.39183],[17.58096,62.40257],[17.56825,62.40289],[17.55596,62.39707],[17.54815,62.40711],[17.53435,62.40438],[17.53334,62.39746]]],[[[18.8589,63.25211],[18.8639,63.24615],[18.88391,63.23929],[18.89911,63.24612],[18.88607,63.26433],[18.86782,63.26205],[18.8589,63.25211]]],[[[18.19288,62.76212],[18.19735,62.75356],[18.20828,62.75854],[18.21495,62.76853],[18.22487,62.77078],[18.2362,62.77957],[18.23005,62.78509],[18.21515,62.7813],[18.19288,62.76212]]],[[[18.64918,63.14953],[18.65165,63.13949],[18.66533,63.13267],[18.68365,63.12973],[18.67453,63.14986],[18.65902,63.15377],[18.64918,63.14953]]],[[[18.86761,63.17494],[18.87059,63.16551],[18.88712,63.17642],[18.88694,63.18913],[18.89622,63.18838],[18.89919,63.1972],[18.88116,63.19746],[18.86761,63.17494]]],[[[18.60266,63.07336],[18.60425,63.06413],[18.61305,63.05533],[18.62066,63.05888],[18.63006,63.08051],[18.609,63.07899],[18.60266,63.07336]]],[[[18.82741,63.14969],[18.83188,63.14617],[18.85833,63.1507],[18.87083,63.14988],[18.86468,63.1617],[18.83462,63.15701],[18.82741,63.14969]]],[[[18.76531,63.14116],[18.77245,63.13607],[18.783,63.13976],[18.79019,63.13184],[18.8116,63.13694],[18.80592,63.14687],[18.7992,63.14448],[18.76799,63.14415],[18.76531,63.14116]]],[[[18.71878,63.08112],[18.72483,63.06962],[18.74536,63.05835],[18.74914,63.06641],[18.72527,63.08681],[18.71878,63.08112]]],[[[18.61255,63.1262],[18.6227,63.11906],[18.63178,63.12509],[18.63415,63.11381],[18.64283,63.12377],[18.6325,63.13467],[18.61595,63.13185],[18.61255,63.1262]]],[[[17.52202,62.43476],[17.54124,62.42588],[17.55861,62.43022],[17.55275,62.43689],[17.5262,62.44043],[17.52202,62.43476]]],[[[18.74985,63.11984],[18.76203,63.11238],[18.77033,63.12816],[18.75588,63.13079],[18.74985,63.11984]]],[[[19.13847,63.28383],[19.15555,63.27475],[19.15948,63.2867],[19.14554,63.29246],[19.13847,63.28383]]],[[[18.56982,63.03547],[18.57956,63.02492],[18.59039,63.03659],[18.57807,63.04249],[18.56982,63.03547]]],[[[17.48704,62.27863],[17.50316,62.27691],[17.50368,62.28976],[17.49037,62.29018],[17.48704,62.27863]]],[[[18.29327,62.83824],[18.29604,62.82907],[18.30567,62.82805],[18.30947,62.8355],[18.2983,62.84643],[18.29327,62.83824]]],[[[18.12258,62.76375],[18.13965,62.75476],[18.14036,62.76737],[18.13183,62.77359],[18.12258,62.76375]]],[[[18.73548,63.16387],[18.74888,63.15389],[18.75184,63.1682],[18.73713,63.17297],[18.73548,63.16387]]],[[[19.16105,63.27826],[19.17536,63.26313],[19.18109,63.27918],[19.1641,63.28073],[19.16105,63.27826]]],[[[17.96998,62.7325],[17.98672,62.72747],[17.99138,62.74087],[17.97679,62.74056],[17.96998,62.7325]]],[[[18.47217,62.87502],[18.47726,62.86761],[18.4883,62.87245],[18.48694,62.88117],[18.47683,62.88505],[18.47217,62.87502]]],[[[18.47163,62.8648],[18.4747,62.8617],[18.47859,62.86501],[18.47524,62.86857],[18.47163,62.8648]]]]},"properties":{"code":"SE321","nom":"V\u00e4sternorrlands l\u00e4n","country":"SE"}},{"type":"Feature","geometry":{"type":"MultiPolygon","coordinates":[[[[20.94435,64.07633],[20.94885,64.08174],[20.95962,64.12658],[20.9775,64.1507],[21.02717,64.16981],[21.04642,64.18467],[21.07636,64.20779],[21.12351,64.19713],[21.23427,64.28845],[21.24675,64.29882],[21.28557,64.29197],[21.35262,64.30113],[21.36522,64.31758],[21.39866,64.32862],[21.42061,64.34876],[21.4613,64.35997],[21.51793,64.40934],[21.60079,64.44405],[21.58061,64.47001],[21.5323,64.46581],[21.5039,64.45191],[21.48174,64.45479],[21.4647,64.50208],[21.42913,64.51392],[21.42496,64.52428],[21.45207,64.53715],[21.50321,64.51441],[21.5326,64.51945],[21.53504,64.52889],[21.48671,64.54501],[21.46485,64.57135],[21.42808,64.56753],[21.37515,64.59697],[21.34715,64.59685],[21.32548,64.58504],[21.25599,64.60781],[21.22736,64.64512],[21.16981,64.68957],[21.18213,64.69666],[21.26447,64.67397],[21.27234,64.69201],[21.23464,64.73232],[21.27627,64.74851],[21.27136,64.76349],[21.23105,64.77698],[21.10412,64.7838],[21.102,64.79753],[21.03006,64.82747],[21.02108,64.85087],[21.046,64.85922],[21.0928,64.83055],[21.14863,64.82333],[21.17537,64.85906],[21.20525,64.8706],[21.20878,64.88969],[21.23529,64.91182],[21.24623,64.94166],[21.3562,64.96175],[21.36382,64.98633],[21.4053,65.01343],[21.52426,65.02468],[21.52899,65.0378],[21.47337,65.0352],[21.45494,65.05846],[21.53487,65.06592],[21.48704,65.08156],[21.32454,65.1347],[21.25952,65.16454],[20.80546,65.20945],[20.70464,65.22905],[20.36985,65.29412],[20.14931,65.3363],[20.03997,65.35721],[20.02278,65.36878],[20.00251,65.36333],[19.89807,65.37954],[19.75871,65.29412],[19.74153,65.28094],[19.71702,65.26214],[19.70718,65.25459],[19.60798,65.19936],[19.4469,65.1517],[19.39462,65.14463],[19.3341,65.18747],[19.24996,65.2153],[19.24808,65.23409],[19.26911,65.24326],[19.25601,65.2552],[19.12573,65.29412],[19.09748,65.30468],[19.07232,65.30721],[19.06149,65.30625],[19.03339,65.30744],[19.0203,65.31242],[19.02101,65.3195],[19.01772,65.32834],[19.01195,65.3319],[18.99032,65.33666],[18.97751,65.34107],[18.96397,65.34278],[18.87244,65.37106],[18.8371,65.37229],[18.76893,65.39723],[18.7196,65.43663],[18.58201,65.44071],[18.52755,65.45154],[18.50041,65.47567],[18.43153,65.4956],[18.33875,65.49588],[18.19487,65.55624],[18.17553,65.57514],[18.14932,65.57688],[18.13918,65.58933],[18.10582,65.5932],[18.07874,65.58126],[18.05578,65.58216],[18.02203,65.60316],[17.87622,65.62121],[17.84745,65.62477],[17.67455,65.65764],[17.21364,65.85351],[16.98507,65.95065],[16.77682,66.02964],[16.51966,66.05558],[16.40542,66.0914],[16.36459,66.1042],[16.07081,66.19631],[15.96831,66.22845],[15.77058,66.29044],[15.45399,66.34523],[15.48167,66.28177],[15.30545,66.23269],[15.29094,66.22845],[15.18081,66.19631],[15.03577,66.15399],[15.00625,66.1526],[14.95052,66.14997],[14.68087,66.13889],[14.63047,66.1369],[14.51737,66.13243],[14.5288,66.09556],[14.57303,65.95804],[14.58441,65.90156],[14.58983,65.88967],[14.60231,65.86225],[14.62506,65.81153],[14.56047,65.7261],[14.54129,65.69987],[14.53865,65.68881],[14.52374,65.62624],[14.51904,65.60655],[14.50446,65.5452],[14.499,65.52218],[14.50069,65.44466],[14.50178,65.41932],[14.50459,65.35451],[14.5062,65.31698],[14.5065,65.31002],[14.43998,65.27736],[14.38161,65.24871],[14.37739,65.2435],[14.32598,65.11892],[14.38161,65.09667],[14.4194,65.08156],[14.60503,65.00733],[14.69417,64.98808],[14.7212,64.96051],[14.77001,64.93914],[14.79042,64.90954],[14.86941,64.86926],[14.9763,64.83964],[15.02281,64.80036],[15.04682,64.76016],[15.18281,64.73807],[15.30815,64.67986],[15.32625,64.65075],[15.29067,64.63258],[15.29042,64.62534],[15.36948,64.58809],[15.42205,64.57814],[15.45498,64.55394],[15.52019,64.52892],[15.58659,64.45061],[15.63445,64.45333],[15.64479,64.51217],[15.69489,64.52824],[15.74746,64.41],[16.0046,64.33499],[16.01919,64.28845],[16.02371,64.27403],[16.03718,64.25836],[16.14709,64.2649],[16.22556,64.25774],[16.36459,64.19297],[16.38239,64.18467],[16.61495,64.07633],[16.6814,64.04537],[16.71895,64.02788],[16.84089,63.97043],[16.88593,63.94921],[17.47279,63.89622],[17.66156,63.88446],[17.72739,63.88036],[17.79268,63.89105],[17.84162,63.89995],[17.98788,63.92632],[18.00074,63.92864],[18.01414,63.93105],[18.05886,63.93911],[18.13039,63.95096],[18.17809,63.95873],[18.25004,63.97043],[18.4033,63.99452],[18.43393,63.98769],[18.46688,63.97043],[18.47234,63.95789],[18.46168,63.93511],[18.41127,63.92543],[18.47356,63.87007],[18.48871,63.84351],[18.58845,63.82384],[18.64395,63.82506],[18.71453,63.80827],[18.75723,63.80882],[18.81681,63.77562],[18.89872,63.78086],[18.95123,63.76329],[18.95793,63.75528],[18.95426,63.73186],[18.99953,63.72753],[19.1769,63.59987],[19.19336,63.56746],[19.23943,63.5191],[19.28647,63.46972],[19.33986,63.45873],[19.35622,63.48172],[19.40042,63.45286],[19.42954,63.45058],[19.4572,63.43166],[19.4948,63.42213],[19.50156,63.44352],[19.48364,63.46542],[19.4848,63.48973],[19.44157,63.52572],[19.44774,63.55615],[19.46504,63.56428],[19.57102,63.52102],[19.63435,63.44832],[19.65473,63.43788],[19.67769,63.43862],[19.74969,63.46826],[19.75082,63.48776],[19.73857,63.51228],[19.74876,63.52665],[19.89431,63.60473],[19.98591,63.61899],[20.02526,63.66213],[20.19871,63.65969],[20.24549,63.69199],[20.26396,63.66903],[20.28948,63.66616],[20.3111,63.69032],[20.31258,63.7323],[20.32577,63.74855],[20.35968,63.72682],[20.36312,63.69488],[20.39856,63.69062],[20.4244,63.70868],[20.44468,63.7521],[20.49991,63.81133],[20.51991,63.7978],[20.5387,63.75382],[20.55993,63.74727],[20.5652,63.775],[20.57949,63.79707],[20.60797,63.80436],[20.63483,63.79519],[20.68466,63.80576],[20.67491,63.84077],[20.72039,63.85007],[20.76107,63.87268],[20.80928,63.93771],[20.89566,63.99199],[20.91007,64.03508],[20.94435,64.07633]]],[[[20.82862,63.77268],[20.83689,63.76146],[20.85759,63.76005],[20.87077,63.74013],[20.8578,63.68162],[20.87686,63.6902],[20.88784,63.68072],[20.92687,63.70837],[20.94194,63.76735],[20.93123,63.78127],[20.93553,63.78789],[20.92486,63.78955],[20.91277,63.80528],[20.89246,63.81319],[20.86204,63.80621],[20.82862,63.7805],[20.82862,63.77268]]],[[[21.23651,64.88317],[21.25594,64.87387],[21.26344,64.88112],[21.27382,64.87245],[21.29215,64.87478],[21.29251,64.88567],[21.27814,64.89904],[21.2702,64.89919],[21.25405,64.90851],[21.2454,64.88794],[21.23651,64.88317]]],[[[20.81122,63.64176],[20.82868,63.64204],[20.8474,63.64768],[20.869,63.6652],[20.87058,63.6722],[20.8572,63.67349],[20.82868,63.65734],[20.81512,63.64852],[20.81122,63.64176]]],[[[20.74287,63.59678],[20.7476,63.59159],[20.76354,63.59135],[20.77503,63.59928],[20.78346,63.6179],[20.77057,63.61721],[20.76955,63.60732],[20.76092,63.59931],[20.74741,63.60393],[20.74287,63.59678]]],[[[19.86679,63.56193],[19.8729,63.55344],[19.87295,63.5402],[19.88726,63.55099],[19.88199,63.56283],[19.86679,63.56193]]],[[[19.87988,63.48399],[19.88144,63.4754],[19.8984,63.47831],[19.89896,63.4856],[19.89127,63.4915],[19.87988,63.48399]]],[[[20.99297,63.80567],[21.00458,63.79879],[21.01769,63.80952],[21.00982,63.815],[20.99297,63.80567]]],[[[20.58729,63.79038],[20.59074,63.78327],[20.60368,63.78304],[20.60529,63.79327],[20.595,63.79674],[20.58729,63.79038]]],[[[21.09871,64.17138],[21.10632,64.16292],[21.11965,64.16921],[21.11083,64.1798],[21.09871,64.17138]]],[[[19.53723,63.49398],[19.53808,63.48407],[19.55052,63.48395],[19.55367,63.49144],[19.54317,63.49968],[19.53723,63.49398]]],[[[20.33628,63.70739],[20.34952,63.70401],[20.35356,63.71908],[20.34814,63.72408],[20.33628,63.70739]]],[[[20.50638,63.77863],[20.51276,63.76436],[20.51728,63.76498],[20.52145,63.77886],[20.5115,63.78445],[20.50638,63.77863]]],[[[19.86149,63.50576],[19.86523,63.49532],[19.87397,63.49533],[19.87584,63.50628],[19.86302,63.51388],[19.86149,63.50576]]],[[[21.48359,64.59693],[21.49509,64.58887],[21.50595,64.59265],[21.50189,64.60381],[21.48359,64.59693]]],[[[19.51503,63.42726],[19.52377,63.41987],[19.53816,63.42726],[19.53072,63.43557],[19.51503,63.42726]]],[[[19.7775,63.48117],[19.77802,63.46607],[19.78729,63.46275],[19.78911,63.48229],[19.7775,63.48117]]],[[[19.8793,63.58738],[19.89116,63.57686],[19.89962,63.58441],[19.89626,63.59398],[19.8793,63.58738]]],[[[21.3844,64.99306],[21.39314,64.98274],[21.40494,64.98162],[21.40452,64.99408],[21.3844,64.99306]]],[[[20.31173,63.6591],[20.32319,63.65221],[20.33593,63.6611],[20.3187,63.66685],[20.31173,63.6591]]],[[[20.40496,63.681],[20.41241,63.67376],[20.42375,63.67746],[20.41925,63.6918],[20.40496,63.681]]],[[[20.57974,63.74692],[20.58676,63.73815],[20.59885,63.75005],[20.58396,63.75671],[20.57974,63.74692]]]]},"properties":{"code":"SE331","nom":"V\u00e4sterbottens l\u00e4n","country":"SE"}},{"type":"Feature","geometry":{"type":"MultiPolygon","coordinates":[[[[15.42105,57.70488],[15.44306,57.68494],[15.49025,57.66853],[15.58,57.6373],[15.6541,57.59879],[15.58449,57.55214],[15.62654,57.53243],[15.64863,57.50306],[15.62309,57.48343],[15.61241,57.44406],[15.59744,57.43902],[15.54808,57.4652],[15.50456,57.45223],[15.49363,57.42078],[15.52365,57.40616],[15.52003,57.38603],[15.50093,57.37324],[15.51359,57.36273],[15.51763,57.338],[15.50943,57.31039],[15.47139,57.30292],[15.47745,57.28118],[15.46781,57.26534],[15.52272,57.2368],[15.51653,57.20145],[15.55294,57.18355],[15.55972,57.14885],[15.63529,57.1269],[15.64513,57.10908],[15.66979,57.09153],[15.71908,57.07392],[15.81295,57.00712],[15.83333,56.983],[15.83377,56.94966],[15.79667,56.91215],[15.70112,56.91357],[15.6636,56.90416],[15.60012,56.92274],[15.54114,56.92579],[15.52094,56.90509],[15.55326,56.87631],[15.54086,56.85957],[15.55242,56.82855],[15.53974,56.8088],[15.44987,56.79544],[15.44007,56.78063],[15.36899,56.77808],[15.36405,56.75878],[15.39357,56.72233],[15.41503,56.71319],[15.41033,56.63928],[15.37357,56.6035],[15.38566,56.57245],[15.37762,56.55869],[15.36111,56.55909],[15.34394,56.49961],[15.34604,56.49019],[15.3635,56.48238],[15.37206,56.49461],[15.39056,56.49852],[15.50196,56.47542],[15.52657,56.50169],[15.57397,56.49627],[15.60639,56.4705],[15.65595,56.45776],[15.6798,56.42627],[15.73628,56.41199],[15.80088,56.34701],[15.83756,56.32492],[15.94739,56.31688],[16.00357,56.29891],[16.04987,56.32189],[16.07713,56.35512],[16.10868,56.42925],[16.21264,56.54078],[16.24339,56.61975],[16.2826,56.64759],[16.33003,56.65092],[16.36167,56.67287],[16.37362,56.74461],[16.41002,56.79744],[16.45459,56.93021],[16.4498,56.99224],[16.46878,57.0008],[16.50807,57.04257],[16.56115,57.05488],[16.55399,57.08927],[16.50532,57.12824],[16.46815,57.18058],[16.46939,57.19932],[16.49096,57.23804],[16.49109,57.27801],[16.55898,57.32136],[16.57659,57.36646],[16.63607,57.38207],[16.70633,57.44684],[16.68803,57.4687],[16.68899,57.50982],[16.64667,57.54519],[16.62319,57.67852],[16.67501,57.6717],[16.70357,57.6853],[16.70889,57.70675],[16.67911,57.73658],[16.66861,57.77068],[16.55559,57.83665],[16.49989,57.88651],[16.51397,57.89819],[16.57569,57.90409],[16.57256,57.93261],[16.52088,57.96655],[16.51369,57.97889],[16.52071,57.98266],[16.60103,57.94058],[16.61474,57.90524],[16.64813,57.87379],[16.69742,57.8878],[16.72088,57.87505],[16.77103,57.87646],[16.78662,57.96184],[16.79071,57.98423],[16.78662,57.98494],[16.76116,57.98936],[16.71425,57.97415],[16.67976,57.98298],[16.66668,57.99608],[16.63052,58.00357],[16.60458,58.03488],[16.6022,58.05344],[16.56341,58.10011],[16.54321,58.10989],[16.53319,58.10709],[16.48606,58.09391],[16.40421,58.12909],[16.37577,58.13106],[16.32903,58.11991],[16.29685,58.12909],[16.26228,58.13896],[16.20558,58.10803],[16.17532,58.10333],[16.16599,58.06409],[16.14762,58.06531],[16.12032,58.08307],[16.06662,58.07105],[16.00229,58.08141],[15.99497,58.07196],[16.01275,58.05344],[15.99784,58.02237],[16.07853,57.97807],[16.03465,57.95722],[16.02123,57.94244],[16.03008,57.92279],[16.05777,57.90246],[16.0601,57.87279],[15.93994,57.80597],[15.88878,57.82878],[15.82336,57.81828],[15.76313,57.85096],[15.68166,57.85867],[15.60689,57.85358],[15.60142,57.82543],[15.54813,57.79101],[15.54931,57.77367],[15.44353,57.7471],[15.44132,57.71763],[15.42105,57.70488]]],[[[16.78662,56.79365],[16.85487,56.83909],[16.86316,56.88217],[16.88728,56.91491],[16.90072,56.95922],[16.89062,56.975],[16.92883,57.00877],[16.91847,57.03351],[16.9595,57.05384],[17.03791,57.1588],[17.06606,57.18289],[17.07517,57.22602],[17.06265,57.27297],[17.0859,57.29621],[17.13123,57.31526],[17.1237,57.34212],[17.10164,57.34236],[17.07637,57.36008],[17.05928,57.35934],[17.01922,57.33958],[16.97468,57.30062],[16.95059,57.22935],[16.91236,57.19612],[16.91434,57.15825],[16.89586,57.11761],[16.83937,57.05764],[16.81578,57.01565],[16.78662,56.992],[16.77855,56.98574],[16.74691,56.94673],[16.71884,56.88927],[16.6554,56.88365],[16.63303,56.87328],[16.49711,56.71319],[16.45503,56.63288],[16.41071,56.59459],[16.3749,56.52004],[16.37891,56.43447],[16.40528,56.40245],[16.39753,56.29859],[16.39584,56.2759],[16.40627,56.24852],[16.40352,56.20344],[16.47354,56.23473],[16.52025,56.29859],[16.54021,56.32587],[16.56192,56.36293],[16.57073,56.40579],[16.63342,56.51743],[16.64015,56.54831],[16.69491,56.59158],[16.70329,56.6312],[16.74311,56.71319],[16.7818,56.79056],[16.78662,56.79365]]],[[[16.65403,57.80312],[16.68448,57.78946],[16.6782,57.78062],[16.68789,57.774],[16.69425,57.77959],[16.70293,57.7765],[16.71538,57.79209],[16.71949,57.78281],[16.73049,57.78161],[16.73644,57.792],[16.72463,57.79667],[16.71849,57.8045],[16.72368,57.82034],[16.7122,57.8172],[16.71402,57.81054],[16.69956,57.81057],[16.68977,57.83344],[16.68215,57.8293],[16.67066,57.83438],[16.66858,57.81363],[16.65403,57.80312]]],[[[16.65937,57.59703],[16.66612,57.58269],[16.67717,57.58803],[16.68502,57.58069],[16.66423,57.56809],[16.67561,57.56099],[16.68872,57.5718],[16.68885,57.57746],[16.70316,57.57856],[16.71632,57.59647],[16.72764,57.60333],[16.72835,57.62063],[16.70982,57.62301],[16.70233,57.62022],[16.70027,57.599],[16.69071,57.59712],[16.67371,57.60259],[16.6693,57.59587],[16.65937,57.59703]]],[[[16.70482,57.84353],[16.72962,57.83146],[16.74322,57.809],[16.7529,57.81028],[16.75292,57.81744],[16.7667,57.83024],[16.76134,57.83679],[16.74675,57.83737],[16.73151,57.8515],[16.74324,57.85479],[16.74514,57.86438],[16.72841,57.86652],[16.72157,57.85318],[16.71036,57.85355],[16.70482,57.84353]]],[[[16.42037,56.77875],[16.43067,56.76941],[16.44836,56.76235],[16.47973,56.77377],[16.48223,56.79075],[16.46814,56.8004],[16.45874,56.79813],[16.42037,56.77875]]],[[[16.5277,57.16314],[16.53347,57.15202],[16.5406,57.14817],[16.56781,57.16354],[16.56261,57.17561],[16.5406,57.17579],[16.5277,57.16314]]],[[[16.66565,57.54779],[16.69148,57.53271],[16.70001,57.5209],[16.70779,57.52305],[16.70727,57.53503],[16.69992,57.5426],[16.6754,57.55778],[16.66565,57.54779]]],[[[16.58118,57.10326],[16.60411,57.10588],[16.61238,57.09965],[16.64376,57.09649],[16.64347,57.10205],[16.61678,57.10501],[16.6062,57.11213],[16.58468,57.11821],[16.58118,57.10326]]],[[[16.55627,57.86296],[16.57557,57.85688],[16.57045,57.84783],[16.58341,57.84239],[16.5917,57.8542],[16.5845,57.85888],[16.58341,57.86784],[16.55853,57.87011],[16.55627,57.86296]]],[[[16.66425,57.8496],[16.67963,57.84122],[16.68813,57.85418],[16.69849,57.85401],[16.69354,57.86507],[16.67745,57.86504],[16.67769,57.85783],[16.66425,57.8496]]],[[[16.73667,57.53479],[16.74206,57.52839],[16.75261,57.52932],[16.75993,57.5217],[16.76996,57.52683],[16.76767,57.53624],[16.75291,57.53829],[16.74237,57.54462],[16.73667,57.53479]]],[[[16.73721,57.71736],[16.74265,57.70734],[16.75477,57.71035],[16.76665,57.70399],[16.77709,57.70645],[16.77182,57.71719],[16.75709,57.71533],[16.74866,57.72256],[16.73721,57.71736]]],[[[16.78662,57.80316],[16.78662,57.81099],[16.78662,57.81536],[16.79091,57.8152],[16.7922,57.8325],[16.78662,57.83266],[16.77845,57.8329],[16.78231,57.81703],[16.76655,57.81345],[16.77118,57.80762],[16.78662,57.80316]]],[[[16.588,57.87391],[16.60752,57.86137],[16.6198,57.86753],[16.59978,57.8789],[16.588,57.87391]]],[[[16.64541,57.6534],[16.65435,57.65164],[16.64911,57.643],[16.65829,57.63605],[16.66441,57.63936],[16.66016,57.65447],[16.65054,57.65953],[16.64541,57.6534]]],[[[16.63067,57.82319],[16.64003,57.80999],[16.64875,57.81737],[16.6435,57.83338],[16.63067,57.82319]]],[[[16.56055,57.12704],[16.5615,57.1131],[16.57532,57.10608],[16.57411,57.12435],[16.56055,57.12704]]],[[[16.5167,57.02923],[16.52263,57.02005],[16.5406,57.02266],[16.5406,57.02705],[16.52667,57.03379],[16.5167,57.02923]]],[[[16.69486,57.75217],[16.71084,57.73363],[16.71562,57.74506],[16.69944,57.75503],[16.69486,57.75217]]],[[[16.49176,57.01349],[16.49585,57.00445],[16.50637,57.00324],[16.51127,57.00598],[16.50898,57.01233],[16.49561,57.01764],[16.49176,57.01349]]],[[[16.6108,57.28184],[16.6228,57.2723],[16.63227,57.27926],[16.62758,57.28865],[16.6108,57.28184]]],[[[16.47657,57.19419],[16.48535,57.18177],[16.49517,57.18821],[16.48848,57.20028],[16.47657,57.19419]]],[[[16.4769,56.94144],[16.48333,56.9357],[16.49664,56.94042],[16.49573,56.94779],[16.48124,56.94885],[16.4769,56.94144]]],[[[16.68985,57.55585],[16.70525,57.54904],[16.71209,57.56045],[16.69929,57.56413],[16.68985,57.55585]]],[[[16.71877,57.67803],[16.74,57.6712],[16.74369,57.679],[16.72872,57.68533],[16.71877,57.67803]]],[[[16.78662,57.24977],[16.80032,57.24497],[16.8015,57.25666],[16.78976,57.25983],[16.78662,57.25719],[16.7804,57.25195],[16.78662,57.24977]]],[[[16.50979,57.00507],[16.51781,56.99704],[16.52372,56.99934],[16.52395,57.00242],[16.52276,57.00352],[16.51414,57.00761],[16.50979,57.00507]]]]},"properties":{"code":"SE213","nom":"Kalmar l\u00e4n","country":"SE"}},{"type":"Feature","geometry":{"type":"MultiPolygon","coordinates":[[[[18.09787,57.26488],[18.14513,57.23749],[18.16131,57.15684],[18.21448,57.13346],[18.21482,57.1269],[18.20699,57.06906],[18.23169,57.06681],[18.28319,57.09036],[18.29218,57.07709],[18.27624,57.04403],[18.20568,57.01669],[18.19054,56.98112],[18.13653,56.92422],[18.14132,56.91219],[18.19808,56.91038],[18.2936,56.9351],[18.37747,56.99655],[18.34632,57.02059],[18.34591,57.06246],[18.37644,57.09325],[18.41995,57.11103],[18.39982,57.1269],[18.40417,57.13819],[18.55193,57.19239],[18.55459,57.20759],[18.57096,57.21592],[18.69197,57.22709],[18.68538,57.24064],[18.70519,57.24824],[18.71057,57.26635],[18.66961,57.28589],[18.6725,57.3078],[18.71117,57.32567],[18.75928,57.36271],[18.85742,57.3947],[18.88703,57.38917],[18.92267,57.41715],[18.88662,57.442],[18.85214,57.43703],[18.80971,57.44332],[18.79348,57.4524],[18.79282,57.46883],[18.76956,57.47379],[18.7755,57.48864],[18.7588,57.51344],[18.79461,57.54045],[18.80533,57.55976],[18.80099,57.60233],[18.76994,57.62505],[18.77595,57.64316],[18.80112,57.66853],[18.81303,57.74135],[18.84885,57.72723],[18.8814,57.7303],[18.90255,57.71901],[18.94624,57.72845],[18.955,57.78276],[18.98626,57.77963],[19.03519,57.83221],[19.08474,57.82243],[19.0883,57.83153],[19.03183,57.87467],[19.01128,57.91566],[18.88921,57.92645],[18.84514,57.91506],[18.84018,57.88286],[18.81785,57.86816],[18.79425,57.83439],[18.76132,57.90787],[18.73496,57.92551],[18.70543,57.92189],[18.63833,57.89234],[18.59976,57.84473],[18.55741,57.84245],[18.46209,57.81753],[18.32732,57.66853],[18.26644,57.62408],[18.19143,57.59418],[18.14261,57.56393],[18.11101,57.52642],[18.12432,57.48713],[18.1237,57.44544],[18.18267,57.38753],[18.17056,57.33015],[18.15674,57.31416],[18.10502,57.28603],[18.09787,57.26488]]],[[[19.04026,57.90684],[19.0634,57.89253],[19.07762,57.89024],[19.07909,57.86853],[19.08985,57.86534],[19.10216,57.8525],[19.12253,57.8421],[19.12965,57.85681],[19.14086,57.86078],[19.14145,57.86909],[19.15472,57.88045],[19.16552,57.88427],[19.16827,57.89217],[19.14407,57.90589],[19.13779,57.91581],[19.14664,57.92324],[19.15744,57.92446],[19.17026,57.93364],[19.19186,57.92866],[19.20739,57.93685],[19.22377,57.93825],[19.23089,57.94712],[19.25084,57.95059],[19.29893,57.94391],[19.34713,57.96122],[19.33494,57.978],[19.31478,57.98385],[19.25084,57.97348],[19.24212,57.97476],[19.22103,57.98581],[19.22525,57.99051],[19.21619,57.99437],[19.20575,57.98299],[19.18736,57.9813],[19.18549,57.99832],[19.16219,57.99298],[19.141,57.97986],[19.11161,57.9811],[19.07821,57.96172],[19.07806,57.95323],[19.08972,57.95491],[19.09637,57.95078],[19.08563,57.93443],[19.07234,57.93384],[19.06093,57.92275],[19.04783,57.92472],[19.04026,57.90684]]],[[[19.1736,58.39502],[19.20747,58.35389],[19.21558,58.33859],[19.22958,58.33553],[19.25615,58.33589],[19.28562,58.33894],[19.2945,58.34335],[19.32142,58.36524],[19.28198,58.38317],[19.24544,58.39183],[19.22179,58.39272],[19.19316,58.39725],[19.1736,58.39502]]],[[[18.99713,57.77943],[19.00377,57.76843],[19.00342,57.75948],[19.0145,57.74393],[19.02039,57.75833],[19.03503,57.76778],[19.02348,57.78543],[19.01114,57.78574],[18.99713,57.77943]]],[[[19.02468,57.80258],[19.02548,57.7983],[19.04498,57.78785],[19.0546,57.78809],[19.0606,57.79554],[19.0311,57.80743],[19.02468,57.80258]]],[[[17.95746,57.28939],[17.95849,57.2796],[17.97238,57.27784],[17.98936,57.28274],[17.98442,57.29229],[17.95746,57.28939]]],[[[18.83751,57.71531],[18.84539,57.69846],[18.8564,57.7008],[18.85544,57.71648],[18.83751,57.71531]]],[[[18.05069,57.31244],[18.05455,57.307],[18.0734,57.30816],[18.07092,57.31843],[18.05899,57.32117],[18.05069,57.31244]]],[[[18.96809,57.44399],[18.98748,57.42984],[18.99271,57.44607],[18.97077,57.44651],[18.96809,57.44399]]],[[[18.96537,57.75269],[18.97343,57.74156],[18.98486,57.75681],[18.9802,57.76162],[18.96537,57.75269]]],[[[18.84484,57.67735],[18.86224,57.67488],[18.86346,57.68648],[18.84797,57.68739],[18.84484,57.67735]]],[[[18.45493,57.12142],[18.46875,57.11943],[18.47262,57.13465],[18.45506,57.12972],[18.45493,57.12142]]],[[[18.08037,57.42991],[18.09269,57.42621],[18.10355,57.43974],[18.08852,57.44011],[18.08037,57.42991]]]]},"properties":{"code":"SE214","nom":"Gotlands l\u00e4n","country":"SE"}},{"type":"Feature","geometry":{"type":"MultiPolygon","coordinates":[[[[15.3635,56.48238],[15.31784,56.45858],[15.26527,56.4678],[15.22665,56.46136],[15.20743,56.43822],[15.18977,56.4309],[15.15292,56.4358],[15.12012,56.45311],[15.0683,56.45212],[15.04535,56.44297],[15.0055,56.44454],[14.97373,56.41817],[14.96369,56.40213],[14.90723,56.36477],[14.86375,56.36009],[14.77808,56.38139],[14.68736,56.38703],[14.63274,56.41613],[14.60765,56.43966],[14.51467,56.46004],[14.47447,56.41185],[14.41766,56.39793],[14.4187,56.37255],[14.39283,56.30535],[14.40523,56.29859],[14.42631,56.2871],[14.43161,56.24521],[14.44385,56.2295],[14.46041,56.22722],[14.47163,56.23515],[14.51222,56.21915],[14.56398,56.22163],[14.57901,56.17786],[14.58373,56.12884],[14.57673,56.09875],[14.55938,56.08439],[14.5464,56.06132],[14.56121,56.04363],[14.62694,56.00354],[14.72165,56.00296],[14.75413,56.01685],[14.76317,56.03568],[14.68545,56.12591],[14.68285,56.14566],[14.69716,56.15653],[14.8467,56.14693],[14.90921,56.16241],[14.97373,56.16145],[15.00892,56.16093],[15.03391,56.17697],[15.08521,56.15787],[15.16964,56.14977],[15.27829,56.17247],[15.30144,56.16206],[15.30584,56.13707],[15.33816,56.13078],[15.38065,56.15555],[15.39535,56.15479],[15.40655,56.1696],[15.42615,56.16634],[15.42886,56.14312],[15.44414,56.14093],[15.47182,56.15861],[15.58457,56.19855],[15.59188,56.19301],[15.5862,56.16684],[15.63106,56.17933],[15.65116,56.17121],[15.69334,56.17412],[15.75632,56.14883],[15.80892,56.15738],[15.80012,56.11002],[15.84665,56.08959],[16.04042,56.25385],[16.04987,56.32189],[16.00357,56.29891],[15.94739,56.31688],[15.83756,56.32492],[15.80088,56.34701],[15.73628,56.41199],[15.6798,56.42627],[15.65595,56.45776],[15.60639,56.4705],[15.57397,56.49627],[15.52657,56.50169],[15.50196,56.47542],[15.39056,56.49852],[15.37206,56.49461],[15.3635,56.48238]]],[[[15.64144,56.09829],[15.66284,56.08458],[15.68391,56.07493],[15.72492,56.07232],[15.73165,56.09325],[15.71867,56.10066],[15.70936,56.09378],[15.7177,56.08681],[15.70884,56.0807],[15.69502,56.10373],[15.71658,56.10305],[15.72252,56.11048],[15.66243,56.12301],[15.64144,56.09829]]],[[[15.51589,56.11066],[15.52269,56.10203],[15.55284,56.0986],[15.56135,56.10242],[15.56746,56.11888],[15.56443,56.12477],[15.55407,56.12199],[15.53197,56.12958],[15.52328,56.1236],[15.51589,56.11066]]],[[[15.71474,56.13257],[15.7271,56.12664],[15.73386,56.11357],[15.74313,56.12072],[15.75301,56.10878],[15.76297,56.10693],[15.76931,56.11178],[15.76799,56.12194],[15.77823,56.12439],[15.77552,56.13196],[15.76668,56.12861],[15.7469,56.13355],[15.7408,56.1388],[15.72323,56.14027],[15.71474,56.13257]]],[[[15.43909,56.10825],[15.44212,56.1004],[15.46067,56.09914],[15.46552,56.09473],[15.48331,56.10472],[15.49125,56.12263],[15.48038,56.12397],[15.46777,56.11853],[15.46327,56.12173],[15.43909,56.10825]]],[[[15.59529,56.10935],[15.59535,56.10282],[15.6123,56.09704],[15.63247,56.10457],[15.6307,56.12345],[15.6384,56.12957],[15.63287,56.13434],[15.6184,56.13034],[15.61454,56.12183],[15.59529,56.10935]]],[[[15.73963,56.07355],[15.74306,56.07099],[15.76266,56.07623],[15.76987,56.08787],[15.77983,56.08438],[15.7849,56.09292],[15.77639,56.09881],[15.74607,56.08438],[15.73963,56.07355]]],[[[15.77591,56.01955],[15.78559,56.01335],[15.80082,56.0206],[15.80445,56.03055],[15.79697,56.03406],[15.77816,56.02944],[15.77591,56.01955]]],[[[14.83364,56.01489],[14.84118,55.99978],[14.8573,56.00392],[14.84925,56.01762],[14.83394,56.01969],[14.83364,56.01489]]],[[[15.79994,56.05112],[15.81427,56.04493],[15.81566,56.05876],[15.80545,56.06564],[15.79994,56.05112]]],[[[14.96441,56.11727],[14.97008,56.1073],[14.98604,56.1256],[14.98219,56.12945],[14.96441,56.11727]]],[[[15.81506,56.0594],[15.82738,56.04815],[15.8336,56.05968],[15.82921,56.06776],[15.81506,56.0594]]],[[[15.7599,56.05682],[15.76531,56.04775],[15.7731,56.04761],[15.7743,56.06391],[15.76646,56.0647],[15.7599,56.05682]]],[[[15.48561,56.09157],[15.48851,56.08839],[15.50442,56.09186],[15.50474,56.10099],[15.49786,56.10458],[15.49593,56.09879],[15.48844,56.09774],[15.48561,56.09157]]],[[[15.77096,56.07632],[15.77581,56.06471],[15.79134,56.06935],[15.78887,56.07806],[15.77096,56.07632]]],[[[14.95392,56.12306],[14.95857,56.11739],[14.96321,56.11746],[14.96419,56.12177],[14.95878,56.12427],[14.95392,56.12306]]]]},"properties":{"code":"SE221","nom":"Blekinge l\u00e4n","country":"SE"}}]}