{"type":"FeatureCollection","features":[{"type":"Feature","geometry":{"type":"MultiPolygon","coordinates":[[[[8.57249,47.80563],[8.56651,47.80738],[8.56304,47.80349],[8.56206,47.79362],[8.57406,47.78929],[8.5771,47.78155],[8.57467,47.78067],[8.57235,47.77994],[8.56864,47.77916],[8.56621,47.77798],[8.55202,47.78417],[8.52625,47.77757],[8.52013,47.77049],[8.51012,47.77619],[8.50015,47.77258],[8.49622,47.77116],[8.48754,47.77217],[8.47355,47.76421],[8.4676,47.75642],[8.45725,47.74918],[8.45541,47.74313],[8.45023,47.73871],[8.45261,47.73145],[8.45698,47.72916],[8.45521,47.72264],[8.44474,47.72233],[8.44058,47.71824],[8.4355,47.71734],[8.42599,47.71136],[8.41683,47.71001],[8.40515,47.69783],[8.41357,47.69279],[8.42067,47.68386],[8.41844,47.68278],[8.40641,47.67548],[8.41156,47.66742],[8.42405,47.66633],[8.43781,47.65719],[8.44473,47.65434],[8.44905,47.65474],[8.45767,47.65331],[8.46615,47.65618],[8.46507,47.64542],[8.4735,47.6383],[8.47518,47.64008],[8.47204,47.64208],[8.47696,47.6452],[8.47355,47.64826],[8.47558,47.6497],[8.49072,47.64281],[8.49501,47.64675],[8.50015,47.64654],[8.52719,47.64545],[8.53113,47.64573],[8.53258,47.65065],[8.52701,47.66039],[8.53292,47.6619],[8.53912,47.65927],[8.54082,47.66433],[8.54716,47.66706],[8.56365,47.66994],[8.56573,47.66528],[8.57708,47.66207],[8.59396,47.66783],[8.59909,47.67248],[8.60555,47.67192],[8.60637,47.66901],[8.61356,47.67709],[8.6239,47.67633],[8.62713,47.68036],[8.62524,47.69159],[8.63209,47.69273],[8.63772,47.69335],[8.64456,47.69411],[8.66335,47.68589],[8.66054,47.69098],[8.66936,47.69299],[8.6759,47.69881],[8.67392,47.704],[8.66642,47.70811],[8.66494,47.7125],[8.67054,47.71128],[8.67893,47.71265],[8.6855,47.70897],[8.69742,47.71382],[8.70189,47.71457],[8.70504,47.71252],[8.71175,47.6967],[8.7169,47.69449],[8.71772,47.69074],[8.7205,47.69164],[8.72455,47.6926],[8.72798,47.69268],[8.72708,47.69812],[8.73629,47.71615],[8.71816,47.72143],[8.71191,47.73018],[8.71496,47.73839],[8.72369,47.74511],[8.7397,47.74703],[8.7401,47.75279],[8.73212,47.75642],[8.72668,47.76211],[8.71421,47.76501],[8.70563,47.7628],[8.69545,47.75642],[8.69224,47.75642],[8.68841,47.7593],[8.68396,47.76948],[8.68825,47.77365],[8.68347,47.7771],[8.68013,47.78601],[8.66805,47.78795],[8.65873,47.79185],[8.6594,47.79695],[8.65441,47.79969],[8.64998,47.79816],[8.6464,47.79306],[8.64595,47.78719],[8.64967,47.78207],[8.64859,47.77473],[8.65193,47.77287],[8.64549,47.76502],[8.63772,47.76192],[8.63325,47.76013],[8.62823,47.75944],[8.61989,47.76734],[8.62247,47.7765],[8.61771,47.7802],[8.61559,47.78571],[8.62155,47.79372],[8.61383,47.80108],[8.60161,47.80269],[8.59291,47.79949],[8.58727,47.80209],[8.57657,47.8001],[8.57249,47.80563]]],[[[8.8116,47.72964],[8.80644,47.73831],[8.79735,47.73477],[8.799,47.72728],[8.79069,47.72821],[8.77101,47.71844],[8.7695,47.70672],[8.79339,47.70438],[8.79843,47.6978],[8.80889,47.69352],[8.79738,47.68876],[8.79381,47.68071],[8.79571,47.6756],[8.79867,47.67617],[8.80464,47.6782],[8.81823,47.67728],[8.83681,47.67128],[8.84184,47.66468],[8.85332,47.66066],[8.84636,47.65352],[8.85113,47.6504],[8.85673,47.65],[8.86303,47.65502],[8.86489,47.65542],[8.87489,47.65467],[8.875,47.65597],[8.87369,47.66919],[8.86408,47.67848],[8.85673,47.67991],[8.85156,47.68092],[8.85092,47.68472],[8.8567,47.69207],[8.85126,47.69665],[8.85673,47.69727],[8.86408,47.69812],[8.86563,47.69644],[8.86408,47.69435],[8.86408,47.69255],[8.87496,47.69546],[8.87067,47.70145],[8.87275,47.70406],[8.87138,47.70496],[8.85673,47.70454],[8.84852,47.70349],[8.8438,47.71175],[8.83402,47.71412],[8.82301,47.71161],[8.81998,47.71364],[8.82457,47.71816],[8.81856,47.7183],[8.81259,47.7234],[8.80591,47.72474],[8.8116,47.72964]]],[[[8.59424,47.59646],[8.5956,47.60554],[8.58173,47.59656],[8.57455,47.59621],[8.56284,47.59943],[8.55687,47.59737],[8.55634,47.59554],[8.55628,47.59414],[8.55044,47.59225],[8.54762,47.59273],[8.54548,47.59197],[8.53806,47.5879],[8.53492,47.58228],[8.5359,47.57575],[8.54523,47.57377],[8.54276,47.56959],[8.55467,47.55282],[8.5588,47.55336],[8.56368,47.55752],[8.56763,47.56257],[8.572,47.57428],[8.57963,47.57736],[8.5782,47.58803],[8.58739,47.59431],[8.58921,47.59466],[8.59106,47.59499],[8.59291,47.59562],[8.59424,47.59646]]]]},"properties":{"code":"CH052","nom":"Schaffhausen","country":"CH"}},{"type":"Feature","geometry":{"type":"MultiPolygon","coordinates":[[[[9.55288,47.46398],[9.54584,47.46404],[9.54387,47.46826],[9.53252,47.46784],[9.52955,47.46492],[9.52763,47.4632],[9.52588,47.46168],[9.52619,47.45996],[9.52981,47.45473],[9.52375,47.45148],[9.50919,47.44909],[9.49009,47.44155],[9.46794,47.43808],[9.45176,47.43109],[9.43489,47.4345],[9.43219,47.41375],[9.42581,47.40715],[9.39772,47.40107],[9.38283,47.40627],[9.37173,47.40724],[9.33972,47.39978],[9.3257,47.40047],[9.30522,47.39552],[9.29414,47.39692],[9.27318,47.40062],[9.25897,47.39934],[9.25266,47.40074],[9.23663,47.39675],[9.23248,47.39807],[9.23147,47.38809],[9.22287,47.3872],[9.21873,47.38477],[9.22143,47.37339],[9.20839,47.36265],[9.19151,47.36244],[9.1956,47.35348],[9.20086,47.35508],[9.20389,47.35582],[9.20475,47.35752],[9.20731,47.35598],[9.19869,47.34771],[9.20564,47.34228],[9.20635,47.3393],[9.20839,47.3401],[9.22384,47.34248],[9.23346,47.33198],[9.2098,47.32096],[9.21311,47.31882],[9.21779,47.30782],[9.21666,47.30112],[9.22351,47.29284],[9.21784,47.28532],[9.20839,47.28024],[9.20625,47.27651],[9.20839,47.27556],[9.23473,47.26546],[9.25759,47.26391],[9.2741,47.26937],[9.29677,47.25806],[9.30864,47.25885],[9.30885,47.25486],[9.32333,47.24676],[9.33209,47.24926],[9.3404,47.24932],[9.34294,47.24934],[9.3404,47.25319],[9.33412,47.26275],[9.33273,47.27015],[9.32254,47.28309],[9.3135,47.29197],[9.3177,47.30979],[9.31619,47.31722],[9.31038,47.32245],[9.31272,47.32539],[9.32836,47.33101],[9.33412,47.34096],[9.3404,47.34355],[9.34331,47.34475],[9.34624,47.34499],[9.34342,47.35018],[9.34362,47.35216],[9.35148,47.35498],[9.36416,47.35874],[9.35754,47.37055],[9.3581,47.37754],[9.34984,47.38312],[9.37647,47.38638],[9.37902,47.38098],[9.38638,47.378],[9.39395,47.37965],[9.40116,47.37785],[9.40259,47.37457],[9.41197,47.3692],[9.42273,47.36838],[9.43054,47.37066],[9.43041,47.36633],[9.43556,47.36015],[9.43791,47.35721],[9.44664,47.35588],[9.46537,47.34729],[9.47923,47.34717],[9.4873,47.35022],[9.49635,47.34861],[9.50298,47.34737],[9.50244,47.35432],[9.4994,47.36129],[9.49985,47.36948],[9.50401,47.37405],[9.5047,47.38797],[9.5077,47.39288],[9.50901,47.39455],[9.51166,47.39811],[9.51076,47.40238],[9.53151,47.41035],[9.52405,47.41366],[9.52649,47.42318],[9.52972,47.42426],[9.53206,47.42377],[9.53464,47.42462],[9.53741,47.42573],[9.53917,47.4279],[9.53895,47.43168],[9.54278,47.43133],[9.54699,47.42977],[9.55388,47.42641],[9.55772,47.41913],[9.57388,47.41535],[9.57337,47.40826],[9.56967,47.40641],[9.55037,47.40947],[9.54374,47.40819],[9.55532,47.39663],[9.56703,47.40095],[9.58298,47.4089],[9.58288,47.40977],[9.58514,47.41361],[9.58229,47.41983],[9.56876,47.42155],[9.57247,47.42634],[9.55854,47.43165],[9.55875,47.43393],[9.56176,47.43508],[9.56181,47.43633],[9.56497,47.43683],[9.56415,47.43857],[9.56598,47.43889],[9.57524,47.43387],[9.61791,47.43717],[9.62612,47.43909],[9.6298,47.43998],[9.63052,47.44272],[9.6285,47.44464],[9.6118,47.44961],[9.59539,47.45831],[9.58881,47.45783],[9.58917,47.45925],[9.58402,47.46164],[9.57664,47.46297],[9.57225,47.4633],[9.56699,47.46342],[9.56203,47.46273],[9.55288,47.46398]]]]},"properties":{"code":"CH053","nom":"Appenzell Ausserrhoden","country":"CH"}},{"type":"Feature","geometry":{"type":"MultiPolygon","coordinates":[[[[9.37902,47.38098],[9.37647,47.38638],[9.34984,47.38312],[9.3581,47.37754],[9.35754,47.37055],[9.36416,47.35874],[9.35148,47.35498],[9.34362,47.35216],[9.34342,47.35018],[9.34624,47.34499],[9.34331,47.34475],[9.3404,47.34355],[9.33412,47.34096],[9.32836,47.33101],[9.31272,47.32539],[9.31038,47.32245],[9.31619,47.31722],[9.3177,47.30979],[9.3135,47.29197],[9.32254,47.28309],[9.33273,47.27015],[9.33412,47.26275],[9.3404,47.25319],[9.34294,47.24934],[9.34357,47.24782],[9.35008,47.24473],[9.36378,47.24357],[9.37044,47.24003],[9.38209,47.234],[9.39158,47.23654],[9.39651,47.2373],[9.40242,47.23762],[9.41507,47.24634],[9.43735,47.25111],[9.46067,47.26397],[9.48482,47.28369],[9.48773,47.2884],[9.48657,47.29101],[9.48808,47.29497],[9.4896,47.29937],[9.4892,47.3021],[9.49234,47.30447],[9.49611,47.30593],[9.49331,47.31295],[9.49843,47.31958],[9.5028,47.33736],[9.50304,47.34441],[9.50298,47.34737],[9.49635,47.34861],[9.4873,47.35022],[9.47923,47.34717],[9.46537,47.34729],[9.44664,47.35588],[9.43791,47.35721],[9.43556,47.36015],[9.43041,47.36633],[9.43054,47.37066],[9.42273,47.36838],[9.41197,47.3692],[9.40259,47.37457],[9.40116,47.37785],[9.39395,47.37965],[9.38638,47.378],[9.37902,47.38098]]],[[[9.55388,47.42641],[9.54699,47.42977],[9.54278,47.43133],[9.53895,47.43168],[9.53917,47.4279],[9.53741,47.42573],[9.53464,47.42462],[9.53206,47.42377],[9.52972,47.42426],[9.52649,47.42318],[9.52405,47.41366],[9.53151,47.41035],[9.51076,47.40238],[9.51166,47.39811],[9.50901,47.39455],[9.5204,47.39645],[9.52966,47.39772],[9.53429,47.39886],[9.54261,47.40014],[9.54319,47.39888],[9.54528,47.39844],[9.54311,47.3951],[9.54503,47.39518],[9.54755,47.39314],[9.553,47.39379],[9.55328,47.39523],[9.55532,47.39663],[9.54374,47.40819],[9.55037,47.40947],[9.56967,47.40641],[9.57337,47.40826],[9.57388,47.41535],[9.55772,47.41913],[9.55388,47.42641]]],[[[9.56598,47.43889],[9.56415,47.43857],[9.56497,47.43683],[9.56181,47.43633],[9.56176,47.43508],[9.55875,47.43393],[9.55854,47.43165],[9.57247,47.42634],[9.56876,47.42155],[9.58229,47.41983],[9.58514,47.41361],[9.58288,47.40977],[9.58984,47.41168],[9.59632,47.41147],[9.60032,47.41349],[9.60479,47.41419],[9.5903,47.42119],[9.58889,47.42499],[9.61791,47.43717],[9.57524,47.43387],[9.56598,47.43889]]]]},"properties":{"code":"CH054","nom":"Appenzell Innerrhoden","country":"CH"}},{"type":"Feature","geometry":{"type":"MultiPolygon","coordinates":[[[[9.0668,47.13055],[9.05431,47.13812],[9.05012,47.14175],[9.03179,47.15536],[9.00851,47.17214],[9.00457,47.17315],[8.99082,47.16113],[8.97345,47.14038],[8.96726,47.13665],[8.96937,47.1345],[8.96812,47.13361],[8.96917,47.1303],[8.96514,47.12178],[8.96704,47.11918],[8.972,47.11804],[8.97375,47.11507],[8.97093,47.11248],[8.97133,47.11026],[8.96928,47.108],[8.97104,47.10377],[8.95964,47.10013],[8.95629,47.09611],[8.95418,47.09417],[8.95448,47.09135],[8.95851,47.08979],[8.97221,47.08654],[8.97513,47.08593],[8.97268,47.08418],[8.96592,47.08177],[8.96674,47.07967],[8.96475,47.07742],[8.96078,47.07622],[8.96153,47.07468],[8.96114,47.07177],[8.95943,47.07039],[8.95821,47.06816],[8.95447,47.0655],[8.95102,47.06076],[8.94887,47.05543],[8.94813,47.04936],[8.92207,47.03866],[8.91244,47.03963],[8.90611,47.0384],[8.90232,47.03766],[8.90275,47.02754],[8.89461,47.02454],[8.89507,47.02114],[8.90611,47.01807],[8.90962,47.0171],[8.91166,47.00946],[8.91891,47.0018],[8.9276,46.99791],[8.93615,46.98786],[8.94074,46.98688],[8.9331,46.98139],[8.94468,46.96837],[8.94883,46.96888],[8.95639,46.96294],[8.96826,46.95891],[8.96351,46.95513],[8.95561,46.939],[8.96345,46.92802],[8.93508,46.92021],[8.94252,46.90967],[8.94359,46.90616],[8.94879,46.90149],[8.95336,46.90076],[8.95282,46.8983],[8.95734,46.8879],[8.95765,46.88113],[8.95787,46.87952],[8.95602,46.87536],[8.94656,46.87308],[8.94175,46.87087],[8.93799,46.86826],[8.93271,46.86575],[8.9257,46.86442],[8.92245,46.8631],[8.918,46.86081],[8.91384,46.86057],[8.90855,46.86151],[8.90611,46.85923],[8.9047,46.85791],[8.90031,46.85463],[8.89651,46.85073],[8.89272,46.84906],[8.88877,46.84825],[8.88088,46.846],[8.87815,46.84492],[8.87496,46.84393],[8.87119,46.84207],[8.88148,46.82938],[8.87717,46.81312],[8.88858,46.8149],[8.89187,46.81365],[8.89839,46.81423],[8.90023,46.81363],[8.90151,46.81225],[8.90611,46.81035],[8.91486,46.81115],[8.91515,46.80928],[8.9156,46.80544],[8.91509,46.80351],[8.91451,46.80108],[8.91529,46.79921],[8.91809,46.79831],[8.92545,46.79805],[8.92827,46.79647],[8.95778,46.80443],[8.96565,46.80651],[8.97689,46.80783],[8.9823,46.80768],[8.99745,46.81026],[9.00318,46.81025],[9.00901,46.81118],[9.01633,46.8155],[9.01996,46.81733],[9.02148,46.82169],[9.02546,46.82556],[9.02739,46.82993],[9.02997,46.83338],[9.0344,46.83535],[9.03373,46.83905],[9.03758,46.84512],[9.03971,46.84726],[9.04595,46.8502],[9.04418,46.85552],[9.04517,46.86498],[9.04615,46.8665],[9.04837,46.86705],[9.05355,46.86712],[9.05789,46.87125],[9.06563,46.87475],[9.07411,46.87517],[9.08467,46.87225],[9.09492,46.87117],[9.09467,46.86758],[9.10361,46.8597],[9.10478,46.85316],[9.11132,46.85038],[9.11381,46.85239],[9.11989,46.85484],[9.12285,46.85498],[9.12696,46.85691],[9.12859,46.85918],[9.13438,46.86042],[9.14044,46.86178],[9.14654,46.87113],[9.14828,46.87238],[9.15074,46.87283],[9.15319,46.87281],[9.15682,46.87389],[9.15298,46.87979],[9.17732,46.87906],[9.18333,46.8783],[9.18827,46.87645],[9.19148,46.87873],[9.19977,46.88051],[9.20416,46.88309],[9.20636,46.88702],[9.20839,46.88799],[9.21121,46.88934],[9.21297,46.89198],[9.21795,46.89477],[9.22456,46.90153],[9.22658,46.9056],[9.23455,46.90829],[9.23976,46.90825],[9.24318,46.91342],[9.24463,46.91429],[9.24888,46.91626],[9.25151,46.92206],[9.25024,46.9242],[9.25323,46.92719],[9.24965,46.9356],[9.24771,46.93678],[9.24018,46.9391],[9.23931,46.94169],[9.2363,46.94484],[9.23731,46.9468],[9.23676,46.95457],[9.2447,46.95647],[9.24571,46.95794],[9.24494,46.96267],[9.24329,46.96647],[9.2462,46.97243],[9.24618,46.97521],[9.24653,46.97874],[9.24363,46.98238],[9.24657,46.98704],[9.24537,46.99157],[9.24748,46.99457],[9.24991,46.99516],[9.24797,47.00043],[9.24277,47.00693],[9.24287,47.01462],[9.24139,47.01739],[9.23648,47.02208],[9.23641,47.02399],[9.23023,47.02574],[9.22813,47.0285],[9.22482,47.03032],[9.22233,47.03308],[9.22001,47.03315],[9.20839,47.0358],[9.20017,47.03444],[9.18149,47.02664],[9.17524,47.02834],[9.16767,47.02698],[9.13816,47.03919],[9.15334,47.04713],[9.16797,47.05006],[9.17603,47.05399],[9.18206,47.05844],[9.19078,47.07135],[9.19029,47.08991],[9.18657,47.09758],[9.1889,47.11673],[9.18985,47.12372],[9.14759,47.12893],[9.13608,47.13196],[9.1158,47.13288],[9.10798,47.13126],[9.10158,47.13326],[9.09884,47.13283],[9.09431,47.13198],[9.08713,47.13139],[9.07217,47.13008],[9.06903,47.13006],[9.0668,47.13055]]]]},"properties":{"code":"CH051","nom":"Glarus","country":"CH"}},{"type":"Feature","geometry":{"type":"MultiPolygon","coordinates":[[[[9.55201,47.05787],[9.53975,47.06514],[9.53054,47.06304],[9.51172,47.05758],[9.50094,47.05711],[9.49718,47.05525],[9.49233,47.05655],[9.4847,47.05056],[9.47973,47.05579],[9.47605,47.0518],[9.47763,47.04934],[9.48198,47.04372],[9.48518,47.04044],[9.48712,47.03836],[9.49173,47.0336],[9.50684,47.01832],[9.50802,47.01652],[9.51021,47.01076],[9.54572,46.97673],[9.54126,46.97432],[9.5348,46.97463],[9.52606,46.97297],[9.52373,46.97253],[9.52026,46.97143],[9.51739,46.9684],[9.51864,46.96505],[9.51768,46.96364],[9.51847,46.95578],[9.50457,46.95355],[9.50315,46.94947],[9.50024,46.94958],[9.49843,46.94488],[9.49585,46.94201],[9.4961,46.94035],[9.49286,46.93923],[9.49371,46.93772],[9.48652,46.93553],[9.48572,46.93037],[9.48043,46.92598],[9.47777,46.92053],[9.47857,46.91568],[9.48799,46.91229],[9.48228,46.90821],[9.47542,46.90642],[9.471,46.90142],[9.46728,46.89984],[9.46772,46.89689],[9.46932,46.89166],[9.46719,46.88717],[9.45447,46.88445],[9.45594,46.88122],[9.45428,46.87688],[9.45254,46.87462],[9.44887,46.87288],[9.43275,46.88438],[9.41221,46.89128],[9.39812,46.89283],[9.38171,46.89751],[9.34313,46.89828],[9.3404,46.90057],[9.33864,46.90204],[9.33044,46.90181],[9.32189,46.9006],[9.31762,46.90123],[9.31272,46.90472],[9.30993,46.90577],[9.30351,46.90588],[9.30107,46.90548],[9.2933,46.90708],[9.29074,46.90696],[9.28649,46.90509],[9.28044,46.90724],[9.27534,46.90707],[9.26663,46.9037],[9.25638,46.90849],[9.25435,46.91323],[9.24888,46.91626],[9.24463,46.91429],[9.24318,46.91342],[9.23976,46.90825],[9.23455,46.90829],[9.22658,46.9056],[9.22456,46.90153],[9.21795,46.89477],[9.21297,46.89198],[9.21121,46.88934],[9.20839,46.88799],[9.20636,46.88702],[9.20416,46.88309],[9.19977,46.88051],[9.19148,46.87873],[9.18827,46.87645],[9.18333,46.8783],[9.17732,46.87906],[9.15298,46.87979],[9.15682,46.87389],[9.15319,46.87281],[9.15074,46.87283],[9.14828,46.87238],[9.14654,46.87113],[9.14044,46.86178],[9.13438,46.86042],[9.12859,46.85918],[9.12696,46.85691],[9.12285,46.85498],[9.11989,46.85484],[9.11381,46.85239],[9.11132,46.85038],[9.10478,46.85316],[9.10361,46.8597],[9.09467,46.86758],[9.09492,46.87117],[9.08467,46.87225],[9.07411,46.87517],[9.06563,46.87475],[9.05789,46.87125],[9.05355,46.86712],[9.04837,46.86705],[9.04615,46.8665],[9.04517,46.86498],[9.04418,46.85552],[9.04595,46.8502],[9.03971,46.84726],[9.03758,46.84512],[9.03373,46.83905],[9.0344,46.83535],[9.02997,46.83338],[9.02739,46.82993],[9.02546,46.82556],[9.02148,46.82169],[9.01996,46.81733],[9.01633,46.8155],[9.00901,46.81118],[9.00318,46.81025],[8.99745,46.81026],[8.9823,46.80768],[8.97689,46.80783],[8.96565,46.80651],[8.95778,46.80443],[8.92827,46.79647],[8.92545,46.79805],[8.91809,46.79831],[8.91529,46.79921],[8.91451,46.80108],[8.91509,46.80351],[8.9156,46.80544],[8.91515,46.80928],[8.91486,46.81115],[8.90611,46.81035],[8.90151,46.81225],[8.90023,46.81363],[8.89839,46.81423],[8.89187,46.81365],[8.88858,46.8149],[8.87717,46.81312],[8.87393,46.80864],[8.86909,46.80716],[8.86408,46.80637],[8.85988,46.8057],[8.85673,46.80312],[8.85253,46.79969],[8.84765,46.79836],[8.84759,46.79614],[8.84807,46.79435],[8.84027,46.79409],[8.83947,46.79574],[8.83446,46.79522],[8.83162,46.79342],[8.82793,46.79174],[8.82704,46.78961],[8.82737,46.78617],[8.82904,46.78223],[8.8279,46.7792],[8.83061,46.7735],[8.83063,46.77128],[8.83395,46.76696],[8.83149,46.76477],[8.82601,46.76555],[8.82223,46.76389],[8.81761,46.76215],[8.81835,46.75879],[8.81593,46.7574],[8.81494,46.75533],[8.81373,46.75256],[8.81451,46.7507],[8.81312,46.74907],[8.81064,46.74507],[8.80987,46.74383],[8.81297,46.73731],[8.80356,46.73399],[8.79952,46.73145],[8.79648,46.73177],[8.79357,46.73166],[8.78782,46.73052],[8.78199,46.72831],[8.76897,46.74404],[8.76469,46.74461],[8.74755,46.7354],[8.74483,46.72884],[8.74851,46.72082],[8.74584,46.7175],[8.71908,46.70626],[8.71021,46.70006],[8.70079,46.70322],[8.69258,46.70185],[8.68669,46.69491],[8.67848,46.69455],[8.67468,46.69233],[8.67365,46.67672],[8.67371,46.67101],[8.67714,46.66808],[8.67859,46.66426],[8.6663,46.65597],[8.66122,46.65607],[8.65486,46.64997],[8.65843,46.64716],[8.65644,46.64374],[8.65764,46.64166],[8.65251,46.63878],[8.6512,46.63558],[8.65659,46.63133],[8.65796,46.62616],[8.66365,46.62259],[8.66581,46.62178],[8.66785,46.62019],[8.67134,46.61961],[8.67699,46.61932],[8.67874,46.61599],[8.67768,46.61049],[8.67776,46.59934],[8.68144,46.58836],[8.67873,46.57919],[8.68134,46.57877],[8.68563,46.58045],[8.69257,46.57967],[8.6984,46.58106],[8.70092,46.5787],[8.703,46.57917],[8.7042,46.57695],[8.7053,46.5738],[8.71751,46.57111],[8.71931,46.57257],[8.72244,46.57304],[8.72488,46.57534],[8.72793,46.57709],[8.73905,46.57219],[8.74552,46.57277],[8.75074,46.57622],[8.75516,46.57417],[8.75914,46.57346],[8.76196,46.57426],[8.7852,46.56761],[8.8006,46.56326],[8.82964,46.57135],[8.82973,46.56758],[8.8318,46.56388],[8.84319,46.56337],[8.85449,46.57018],[8.85673,46.5705],[8.85906,46.57084],[8.86336,46.57257],[8.87637,46.57512],[8.87828,46.57667],[8.88818,46.57903],[8.89393,46.58197],[8.90344,46.58456],[8.90611,46.58573],[8.90838,46.58671],[8.91593,46.5923],[8.91536,46.59579],[8.91707,46.59665],[8.9072,46.60621],[8.90611,46.60972],[8.90611,46.61133],[8.90712,46.61491],[8.9125,46.61863],[8.9233,46.62242],[8.94122,46.61918],[8.94999,46.62433],[8.95225,46.63139],[8.95738,46.63032],[8.96251,46.61837],[8.95961,46.61049],[8.9622,46.60265],[8.96603,46.60377],[8.97309,46.60266],[8.98373,46.60882],[8.99057,46.61049],[8.99613,46.61164],[9.0053,46.61103],[9.00701,46.61049],[9.01137,46.60794],[9.01622,46.60322],[9.02079,46.60325],[9.02524,46.60148],[9.02807,46.5991],[9.03409,46.60003],[9.03352,46.5941],[9.03698,46.59226],[9.0428,46.5888],[9.04375,46.58725],[9.04221,46.58519],[9.04374,46.58339],[9.03732,46.58203],[9.03521,46.57788],[9.03539,46.57521],[9.03282,46.5741],[9.0299,46.57134],[9.02669,46.56598],[9.02669,46.56182],[9.02323,46.55825],[9.02463,46.55535],[9.01924,46.54754],[9.02121,46.53963],[9.02295,46.53788],[9.02171,46.53396],[9.01662,46.53205],[9.01718,46.52904],[9.0202,46.52799],[9.02065,46.52354],[9.02315,46.51908],[9.02199,46.51253],[9.02354,46.5081],[9.0284,46.50359],[9.03267,46.50233],[9.04015,46.49395],[9.03896,46.49157],[9.04024,46.48957],[9.04506,46.48816],[9.04637,46.48666],[9.04787,46.48365],[9.04535,46.4813],[9.05102,46.47932],[9.05375,46.47689],[9.06055,46.4763],[9.07356,46.48028],[9.0786,46.47809],[9.08537,46.47536],[9.08505,46.47096],[9.09357,46.46324],[9.09508,46.46039],[9.09319,46.45518],[9.09221,46.45092],[9.09123,46.44844],[9.08701,46.44369],[9.08867,46.43912],[9.0895,46.43691],[9.0893,46.43218],[9.10035,46.41805],[9.10185,46.41209],[9.09136,46.40634],[9.09527,46.39959],[9.08725,46.38883],[9.0908,46.38359],[9.09307,46.377],[9.09522,46.37302],[9.09295,46.37083],[9.09267,46.36764],[9.09444,46.36407],[9.09262,46.35751],[9.0887,46.35291],[9.08843,46.34963],[9.0819,46.34844],[9.07115,46.34359],[9.0693,46.34357],[9.06957,46.34114],[9.06644,46.33637],[9.06961,46.33249],[9.06565,46.32939],[9.06372,46.32721],[9.06575,46.32405],[9.07192,46.31859],[9.07511,46.31461],[9.07217,46.30857],[9.06994,46.30783],[9.06796,46.30712],[9.06424,46.3032],[9.06048,46.29741],[9.05462,46.29498],[9.05391,46.29221],[9.05767,46.28225],[9.06264,46.27601],[9.07725,46.26064],[9.07617,46.23965],[9.072,46.23504],[9.07446,46.23232],[9.08013,46.23189],[9.08772,46.21341],[9.08926,46.21239],[9.11122,46.20499],[9.119,46.20039],[9.13108,46.1884],[9.13176,46.18383],[9.13575,46.18032],[9.13927,46.17864],[9.15295,46.17038],[9.15938,46.1696],[9.16867,46.17136],[9.17045,46.17174],[9.17275,46.17094],[9.18352,46.17053],[9.19341,46.17846],[9.19809,46.18701],[9.19517,46.19287],[9.20217,46.20831],[9.20839,46.21006],[9.21799,46.21388],[9.2224,46.2238],[9.22091,46.22889],[9.22479,46.22965],[9.22683,46.23036],[9.23553,46.23342],[9.23976,46.23232],[9.24644,46.23204],[9.24853,46.23377],[9.24836,46.24753],[9.25212,46.26739],[9.25774,46.27078],[9.26001,46.27853],[9.2846,46.29735],[9.2823,46.30878],[9.28529,46.31439],[9.2941,46.31743],[9.30014,46.32646],[9.29268,46.33498],[9.29938,46.34338],[9.29667,46.35453],[9.28321,46.3581],[9.27607,46.36781],[9.27622,46.37372],[9.28352,46.38629],[9.27615,46.39381],[9.28171,46.40666],[9.28042,46.41227],[9.27453,46.41885],[9.2652,46.42],[9.24979,46.4314],[9.24742,46.44581],[9.2519,46.44895],[9.26832,46.45293],[9.27633,46.45992],[9.2741,46.46715],[9.27724,46.47773],[9.27517,46.48374],[9.28274,46.49669],[9.29266,46.49766],[9.31322,46.50425],[9.3404,46.50462],[9.35473,46.50482],[9.36235,46.5095],[9.37343,46.50355],[9.36889,46.49502],[9.37111,46.49019],[9.38579,46.48131],[9.39052,46.47327],[9.41079,46.46679],[9.42365,46.47642],[9.42564,46.48878],[9.43406,46.49748],[9.45901,46.50811],[9.46434,46.50778],[9.46147,46.50455],[9.46104,46.48484],[9.45073,46.48428],[9.44955,46.48168],[9.45162,46.48016],[9.46225,46.48047],[9.46504,46.46945],[9.45908,46.46041],[9.46032,46.44284],[9.45463,46.42214],[9.4563,46.41592],[9.46131,46.41153],[9.46786,46.38953],[9.4623,46.38278],[9.46171,46.37606],[9.48731,46.36616],[9.49542,46.36416],[9.50786,46.35109],[9.51196,46.33725],[9.51962,46.32618],[9.5345,46.31172],[9.54958,46.30234],[9.5587,46.30598],[9.58304,46.29429],[9.60923,46.29431],[9.61885,46.28791],[9.63821,46.28636],[9.64677,46.29008],[9.6611,46.2963],[9.66856,46.29686],[9.67631,46.30243],[9.68821,46.29427],[9.70251,46.29124],[9.71415,46.29271],[9.71771,46.30433],[9.72559,46.31308],[9.72541,46.31946],[9.7178,46.32401],[9.72647,46.3333],[9.72393,46.34049],[9.72647,46.34381],[9.73585,46.34988],[9.74316,46.35119],[9.77027,46.33599],[9.77815,46.33566],[9.78463,46.34091],[9.79787,46.34361],[9.80236,46.34452],[9.8213,46.3519],[9.83207,46.36099],[9.84992,46.36408],[9.86957,46.36322],[9.88446,46.37295],[9.90783,46.38051],[9.9165,46.3715],[9.92131,46.37062],[9.92573,46.3666],[9.93678,46.37548],[9.95213,46.37883],[9.95924,46.37812],[9.95683,46.37295],[9.96444,46.36422],[9.9856,46.35232],[9.99591,46.35066],[9.9955,46.34261],[9.98613,46.33429],[9.98108,46.32368],[9.99971,46.31225],[9.99714,46.30715],[9.99987,46.30238],[9.99236,46.29513],[9.99585,46.28569],[10.00058,46.28293],[10.02937,46.27717],[10.0536,46.26655],[10.06057,46.24823],[10.05428,46.24178],[10.05261,46.23531],[10.04462,46.23054],[10.04947,46.22735],[10.05205,46.22754],[10.05623,46.22516],[10.05861,46.22497],[10.06308,46.22019],[10.06622,46.21966],[10.06693,46.21799],[10.07059,46.21712],[10.08339,46.22621],[10.10143,46.22778],[10.1232,46.22424],[10.1356,46.22626],[10.14554,46.23066],[10.1516,46.23992],[10.17362,46.25388],[10.17652,46.25828],[10.16341,46.27444],[10.16162,46.28246],[10.15475,46.28581],[10.1535,46.29286],[10.13753,46.30109],[10.13877,46.30303],[10.13835,46.30462],[10.11611,46.31501],[10.10508,46.33331],[10.10607,46.34125],[10.10943,46.35214],[10.12886,46.36155],[10.12663,46.36968],[10.1288,46.37834],[10.14378,46.38628],[10.15895,46.38575],[10.16337,46.39038],[10.16258,46.40322],[10.16553,46.40885],[10.15963,46.4154],[10.14973,46.41363],[10.14283,46.4277],[10.13093,46.4315],[10.12118,46.42968],[10.11674,46.42659],[10.10792,46.42761],[10.09906,46.42147],[10.08218,46.42123],[10.07657,46.42796],[10.06495,46.42634],[10.06127,46.42787],[10.05637,46.4401],[10.04233,46.44237],[10.04012,46.44651],[10.04264,46.45298],[10.05333,46.46326],[10.05112,46.4719],[10.04519,46.47696],[10.04354,46.48133],[10.04763,46.48739],[10.0453,46.49262],[10.04808,46.49962],[10.04265,46.50866],[10.05111,46.51342],[10.0538,46.52087],[10.05214,46.53202],[10.04418,46.53798],[10.04677,46.54404],[10.06134,46.54625],[10.06834,46.55138],[10.07202,46.559],[10.08415,46.56646],[10.07939,46.5746],[10.09601,46.57856],[10.10063,46.58444],[10.09749,46.59459],[10.10213,46.61074],[10.11697,46.60643],[10.12934,46.60586],[10.13865,46.61058],[10.16284,46.61606],[10.18974,46.62566],[10.21514,46.6176],[10.22432,46.62895],[10.23817,46.63468],[10.24487,46.62209],[10.25795,46.61043],[10.24156,46.59157],[10.24643,46.5746],[10.25371,46.57185],[10.26728,46.57721],[10.27297,46.57345],[10.28596,46.56993],[10.2953,46.55809],[10.29457,46.55144],[10.29707,46.54972],[10.3116,46.54725],[10.32545,46.55108],[10.33981,46.54326],[10.34914,46.54906],[10.35225,46.55509],[10.36186,46.55546],[10.39678,46.54442],[10.41831,46.55063],[10.43362,46.54132],[10.43773,46.5371],[10.4528,46.53068],[10.45973,46.5408],[10.47159,46.54399],[10.47714,46.55657],[10.47471,46.56538],[10.484,46.57706],[10.48714,46.58823],[10.48441,46.59281],[10.48713,46.59822],[10.48522,46.60558],[10.49206,46.61539],[10.48582,46.61668],[10.46242,46.63307],[10.44754,46.64049],[10.42093,46.63828],[10.40983,46.63547],[10.40321,46.63669],[10.39409,46.65464],[10.39146,46.65777],[10.39178,46.67197],[10.38258,46.68513],[10.39374,46.69015],[10.40298,46.70461],[10.40999,46.70546],[10.41405,46.70818],[10.41827,46.71834],[10.40119,46.73358],[10.43438,46.75183],[10.44171,46.75211],[10.44381,46.76175],[10.44091,46.77284],[10.43306,46.78188],[10.42272,46.78824],[10.42699,46.79034],[10.42894,46.79599],[10.44467,46.79997],[10.45163,46.80584],[10.45701,46.81535],[10.45628,46.8214],[10.45953,46.82472],[10.45758,46.83043],[10.46587,46.83598],[10.46496,46.84195],[10.47108,46.84915],[10.46965,46.85491],[10.46834,46.86202],[10.47101,46.87361],[10.46561,46.88487],[10.4746,46.8941],[10.47885,46.91003],[10.48555,46.91517],[10.48782,46.92576],[10.48597,46.931],[10.48935,46.93779],[10.47738,46.94089],[10.45676,46.95141],[10.43295,46.95628],[10.42782,46.95682],[10.42279,46.96046],[10.4272,46.97229],[10.42555,46.9764],[10.4112,46.98394],[10.39795,46.99696],[10.38932,47.00052],[10.37139,46.99108],[10.35569,46.99214],[10.34898,46.99061],[10.33089,46.96585],[10.32746,46.95416],[10.31114,46.95052],[10.30841,46.94826],[10.30692,46.93985],[10.31658,46.93093],[10.31607,46.92518],[10.31387,46.92518],[10.30953,46.92583],[10.30715,46.92526],[10.30354,46.92527],[10.30081,46.92466],[10.29927,46.92335],[10.29688,46.91996],[10.29361,46.92181],[10.25751,46.92978],[10.25248,46.93073],[10.2417,46.93164],[10.24161,46.91906],[10.23683,46.9145],[10.23333,46.90258],[10.22644,46.89573],[10.22785,46.89074],[10.2346,46.88403],[10.23283,46.87161],[10.23091,46.86644],[10.20629,46.86475],[10.19475,46.86626],[10.18048,46.85517],[10.16843,46.85103],[10.15781,46.84857],[10.14497,46.85101],[10.1391,46.84756],[10.12216,46.84798],[10.11816,46.84437],[10.10517,46.84091],[10.10203,46.84496],[10.10054,46.84624],[10.09801,46.84753],[10.0968,46.84879],[10.09258,46.85209],[10.09188,46.85767],[10.08748,46.86065],[10.05391,46.86249],[10.05116,46.86533],[10.05166,46.87595],[10.03312,46.88802],[10.02619,46.89542],[10.01779,46.90084],[10.0047,46.89921],[9.98964,46.90303],[9.98268,46.90688],[9.97789,46.91589],[9.96669,46.91245],[9.95792,46.91561],[9.94543,46.91265],[9.93845,46.91326],[9.92193,46.91881],[9.91303,46.92538],[9.90551,46.92571],[9.89462,46.93141],[9.87615,46.93464],[9.87954,46.93971],[9.87683,46.9417],[9.87559,46.94954],[9.8783,46.95597],[9.87201,46.96311],[9.87558,46.97283],[9.88335,46.98004],[9.88405,46.98427],[9.89167,46.98948],[9.8888,47.00073],[9.87297,47.00734],[9.87187,47.01262],[9.87968,47.01788],[9.87626,47.0209],[9.86043,47.02266],[9.85289,47.0168],[9.83663,47.0132],[9.83073,47.01433],[9.82289,47.01995],[9.81068,47.02261],[9.80141,47.02879],[9.79787,47.02984],[9.79315,47.03125],[9.78334,47.03846],[9.74928,47.03711],[9.74204,47.04211],[9.71814,47.04397],[9.70729,47.04841],[9.70816,47.05283],[9.69692,47.05283],[9.68642,47.05635],[9.68101,47.06158],[9.67745,47.06141],[9.6588,47.05844],[9.64677,47.05924],[9.63656,47.05171],[9.61911,47.05325],[9.60708,47.06077],[9.60282,47.06189],[9.58771,47.05518],[9.55685,47.04933],[9.55201,47.05787]]]]},"properties":{"code":"CH056","nom":"Graub\u00fcnden","country":"CH"}},{"type":"Feature","geometry":{"type":"MultiPolygon","coordinates":[[[[9.56183,47.50456],[9.55872,47.54189],[9.53388,47.54566],[9.52317,47.54728],[9.4956,47.55145],[9.43591,47.50686],[9.42575,47.50167],[9.42145,47.49685],[9.41578,47.4977],[9.40658,47.49291],[9.39915,47.47806],[9.39796,47.47694],[9.39653,47.47518],[9.39131,47.47649],[9.38929,47.48061],[9.38084,47.48572],[9.37268,47.48587],[9.36737,47.48474],[9.36855,47.48742],[9.36984,47.48855],[9.37133,47.48917],[9.37251,47.48994],[9.36743,47.49209],[9.3681,47.49301],[9.37269,47.49486],[9.37393,47.49929],[9.36431,47.50157],[9.35888,47.50345],[9.35445,47.5007],[9.3404,47.50282],[9.33773,47.50322],[9.33932,47.5072],[9.34448,47.5087],[9.3548,47.51803],[9.3416,47.52238],[9.33961,47.53189],[9.33663,47.52925],[9.31745,47.53079],[9.31302,47.5272],[9.31251,47.52289],[9.30435,47.526],[9.29359,47.52271],[9.28377,47.5207],[9.2799,47.51103],[9.27538,47.51251],[9.27053,47.51153],[9.27124,47.50868],[9.28127,47.50626],[9.29011,47.50661],[9.30404,47.51473],[9.31698,47.50865],[9.30929,47.50576],[9.30679,47.5023],[9.30942,47.4984],[9.31712,47.49971],[9.32091,47.49081],[9.2993,47.47776],[9.28233,47.48269],[9.27706,47.47921],[9.26033,47.47489],[9.24808,47.47599],[9.24408,47.47984],[9.23906,47.48097],[9.23702,47.48088],[9.22373,47.48421],[9.21752,47.48313],[9.21251,47.47946],[9.20889,47.47992],[9.20714,47.48885],[9.1938,47.48954],[9.18973,47.49239],[9.18355,47.49194],[9.18083,47.49652],[9.1777,47.49704],[9.17394,47.49523],[9.16998,47.49853],[9.17098,47.50288],[9.16594,47.504],[9.15548,47.488],[9.14205,47.48489],[9.12896,47.48448],[9.11885,47.4799],[9.1109,47.48433],[9.09953,47.485],[9.09038,47.48241],[9.08195,47.49512],[9.0616,47.49165],[9.05685,47.488],[9.04277,47.49603],[9.04203,47.49587],[9.03685,47.49205],[9.03334,47.49158],[9.03053,47.49073],[9.02822,47.48862],[9.02625,47.49007],[9.02014,47.48824],[9.01736,47.49004],[9.01207,47.48947],[9.00587,47.48171],[9.00866,47.47766],[9.01089,47.47262],[9.02872,47.46713],[9.02851,47.46137],[9.02581,47.46029],[9.02743,47.45762],[9.02963,47.4572],[9.03334,47.4556],[9.04323,47.45373],[9.06262,47.44645],[9.06058,47.44509],[9.0589,47.44582],[9.05689,47.44556],[9.05872,47.44323],[9.05461,47.4432],[9.04796,47.44365],[9.04239,47.44068],[9.03809,47.44148],[9.03671,47.43823],[9.03334,47.43973],[9.03134,47.43772],[9.0278,47.43683],[9.02202,47.44153],[9.01971,47.44033],[9.01872,47.43668],[9.01375,47.43544],[9.0119,47.43348],[9.01007,47.43523],[9.0033,47.43409],[8.99926,47.43505],[8.99683,47.43152],[8.99027,47.42907],[8.99196,47.42161],[8.98934,47.41224],[8.97944,47.41137],[8.97542,47.40827],[8.97155,47.39125],[8.96814,47.39048],[8.96469,47.38546],[8.95777,47.38569],[8.94364,47.37584],[8.95036,47.37246],[8.9613,47.35454],[8.97251,47.35099],[8.97361,47.34046],[8.97852,47.33699],[8.97772,47.32719],[8.98504,47.31938],[8.97465,47.30697],[8.95858,47.30428],[8.94834,47.29308],[8.93599,47.28835],[8.94124,47.28141],[8.94703,47.27906],[8.94216,47.26741],[8.9353,47.26084],[8.91312,47.25533],[8.90611,47.25596],[8.88514,47.25284],[8.87348,47.25155],[8.8737,47.24759],[8.87017,47.24653],[8.87018,47.2453],[8.86408,47.24425],[8.85673,47.24461],[8.85049,47.24973],[8.84057,47.24741],[8.82861,47.25044],[8.80923,47.24796],[8.80333,47.24655],[8.79575,47.23911],[8.80778,47.22056],[8.80938,47.21939],[8.82107,47.21196],[8.82935,47.20934],[8.8406,47.20808],[8.85673,47.20974],[8.86408,47.2105],[8.90611,47.21483],[8.94118,47.21844],[8.95408,47.21672],[8.96582,47.21781],[8.97123,47.21644],[8.97427,47.21291],[8.96859,47.21131],[8.96495,47.19832],[8.95775,47.19931],[8.96053,47.18823],[8.96095,47.18653],[8.96173,47.18356],[8.96283,47.17999],[8.97024,47.1789],[8.97489,47.18167],[8.98361,47.18262],[9.00457,47.17315],[9.00851,47.17214],[9.03179,47.15536],[9.05012,47.14175],[9.05431,47.13812],[9.0668,47.13055],[9.06903,47.13006],[9.07217,47.13008],[9.08713,47.13139],[9.09431,47.13198],[9.09884,47.13283],[9.10158,47.13326],[9.10798,47.13126],[9.1158,47.13288],[9.13608,47.13196],[9.14759,47.12893],[9.18985,47.12372],[9.1889,47.11673],[9.18657,47.09758],[9.19029,47.08991],[9.19078,47.07135],[9.18206,47.05844],[9.17603,47.05399],[9.16797,47.05006],[9.15334,47.04713],[9.13816,47.03919],[9.16767,47.02698],[9.17524,47.02834],[9.18149,47.02664],[9.20017,47.03444],[9.20839,47.0358],[9.22001,47.03315],[9.22233,47.03308],[9.22482,47.03032],[9.22813,47.0285],[9.23023,47.02574],[9.23641,47.02399],[9.23648,47.02208],[9.24139,47.01739],[9.24287,47.01462],[9.24277,47.00693],[9.24797,47.00043],[9.24991,46.99516],[9.24748,46.99457],[9.24537,46.99157],[9.24657,46.98704],[9.24363,46.98238],[9.24653,46.97874],[9.24618,46.97521],[9.2462,46.97243],[9.24329,46.96647],[9.24494,46.96267],[9.24571,46.95794],[9.2447,46.95647],[9.23676,46.95457],[9.23731,46.9468],[9.2363,46.94484],[9.23931,46.94169],[9.24018,46.9391],[9.24771,46.93678],[9.24965,46.9356],[9.25323,46.92719],[9.25024,46.9242],[9.25151,46.92206],[9.24888,46.91626],[9.25435,46.91323],[9.25638,46.90849],[9.26663,46.9037],[9.27534,46.90707],[9.28044,46.90724],[9.28649,46.90509],[9.29074,46.90696],[9.2933,46.90708],[9.30107,46.90548],[9.30351,46.90588],[9.30993,46.90577],[9.31272,46.90472],[9.31762,46.90123],[9.32189,46.9006],[9.33044,46.90181],[9.33864,46.90204],[9.3404,46.90057],[9.34313,46.89828],[9.38171,46.89751],[9.39812,46.89283],[9.41221,46.89128],[9.43275,46.88438],[9.44887,46.87288],[9.45254,46.87462],[9.45428,46.87688],[9.45594,46.88122],[9.45447,46.88445],[9.46719,46.88717],[9.46932,46.89166],[9.46772,46.89689],[9.46728,46.89984],[9.471,46.90142],[9.47542,46.90642],[9.48228,46.90821],[9.48799,46.91229],[9.47857,46.91568],[9.47777,46.92053],[9.48043,46.92598],[9.48572,46.93037],[9.48652,46.93553],[9.49371,46.93772],[9.49286,46.93923],[9.4961,46.94035],[9.49585,46.94201],[9.49843,46.94488],[9.50024,46.94958],[9.50315,46.94947],[9.50457,46.95355],[9.51847,46.95578],[9.51768,46.96364],[9.51864,46.96505],[9.51739,46.9684],[9.52026,46.97143],[9.52373,46.97253],[9.52606,46.97297],[9.5348,46.97463],[9.54126,46.97432],[9.54572,46.97673],[9.51021,47.01076],[9.50802,47.01652],[9.50684,47.01832],[9.49173,47.0336],[9.48712,47.03836],[9.48518,47.04044],[9.48198,47.04372],[9.47763,47.04934],[9.47605,47.0518],[9.47223,47.06129],[9.4722,47.06308],[9.47297,47.06442],[9.47491,47.06589],[9.51225,47.08536],[9.51439,47.08668],[9.51561,47.08843],[9.51949,47.0972],[9.52034,47.10015],[9.52005,47.10343],[9.51716,47.11513],[9.51522,47.12195],[9.50958,47.13902],[9.50374,47.14722],[9.4994,47.15179],[9.49543,47.15694],[9.4862,47.17833],[9.48761,47.19029],[9.48931,47.19605],[9.49022,47.19825],[9.49612,47.20671],[9.49911,47.21065],[9.49964,47.21265],[9.50015,47.21606],[9.50135,47.21997],[9.50272,47.22279],[9.50427,47.22491],[9.51039,47.23178],[9.52124,47.24591],[9.52904,47.26213],[9.52981,47.26938],[9.53075,47.27058],[9.54332,47.27834],[9.54615,47.28],[9.55147,47.28704],[9.55401,47.29392],[9.55456,47.29541],[9.55509,47.29684],[9.55658,47.29846],[9.55923,47.30019],[9.56573,47.30418],[9.57061,47.30632],[9.58156,47.31112],[9.5836,47.31266],[9.58829,47.31754],[9.58928,47.31915],[9.59236,47.32715],[9.59481,47.3335],[9.59635,47.33752],[9.59942,47.345],[9.60073,47.3469],[9.60508,47.35129],[9.61324,47.35752],[9.61967,47.36243],[9.62448,47.36614],[9.64677,47.3673],[9.64955,47.36745],[9.66109,47.37061],[9.66983,47.37719],[9.67332,47.38225],[9.67358,47.39129],[9.67247,47.39262],[9.67063,47.39368],[9.66869,47.39432],[9.66246,47.39639],[9.66011,47.39755],[9.65735,47.40016],[9.65439,47.4044],[9.65164,47.40463],[9.6519,47.40857],[9.6509,47.41643],[9.6503,47.42111],[9.64903,47.42472],[9.64677,47.4289],[9.64512,47.43206],[9.64434,47.43516],[9.6447,47.43675],[9.64677,47.43974],[9.6508,47.44274],[9.658,47.44779],[9.65906,47.44912],[9.65945,47.45138],[9.6517,47.45466],[9.64677,47.45521],[9.62243,47.45792],[9.61177,47.46877],[9.60725,47.47033],[9.60298,47.46288],[9.59482,47.46362],[9.58308,47.48152],[9.57639,47.48661],[9.5658,47.49237],[9.56414,47.4936],[9.56282,47.49501],[9.5618,47.49679],[9.56131,47.4987],[9.56183,47.50456]],[[9.50919,47.44909],[9.52375,47.45148],[9.52981,47.45473],[9.52619,47.45996],[9.52588,47.46168],[9.52763,47.4632],[9.52955,47.46492],[9.53252,47.46784],[9.54387,47.46826],[9.54584,47.46404],[9.55288,47.46398],[9.56203,47.46273],[9.56699,47.46342],[9.57225,47.4633],[9.57664,47.46297],[9.58402,47.46164],[9.58917,47.45925],[9.58881,47.45783],[9.59539,47.45831],[9.6118,47.44961],[9.6285,47.44464],[9.63052,47.44272],[9.6298,47.43998],[9.62612,47.43909],[9.61791,47.43717],[9.58889,47.42499],[9.5903,47.42119],[9.60479,47.41419],[9.60032,47.41349],[9.59632,47.41147],[9.58984,47.41168],[9.58288,47.40977],[9.58298,47.4089],[9.56703,47.40095],[9.55532,47.39663],[9.55328,47.39523],[9.553,47.39379],[9.54755,47.39314],[9.54503,47.39518],[9.54311,47.3951],[9.54528,47.39844],[9.54319,47.39888],[9.54261,47.40014],[9.53429,47.39886],[9.52966,47.39772],[9.5204,47.39645],[9.50901,47.39455],[9.5077,47.39288],[9.5047,47.38797],[9.50401,47.37405],[9.49985,47.36948],[9.4994,47.36129],[9.50244,47.35432],[9.50298,47.34737],[9.50304,47.34441],[9.5028,47.33736],[9.49843,47.31958],[9.49331,47.31295],[9.49611,47.30593],[9.49234,47.30447],[9.4892,47.3021],[9.4896,47.29937],[9.48808,47.29497],[9.48657,47.29101],[9.48773,47.2884],[9.48482,47.28369],[9.46067,47.26397],[9.43735,47.25111],[9.41507,47.24634],[9.40242,47.23762],[9.39651,47.2373],[9.39158,47.23654],[9.38209,47.234],[9.37044,47.24003],[9.36378,47.24357],[9.35008,47.24473],[9.34357,47.24782],[9.34294,47.24934],[9.3404,47.24932],[9.33209,47.24926],[9.32333,47.24676],[9.30885,47.25486],[9.30864,47.25885],[9.29677,47.25806],[9.2741,47.26937],[9.25759,47.26391],[9.23473,47.26546],[9.20839,47.27556],[9.20625,47.27651],[9.20839,47.28024],[9.21784,47.28532],[9.22351,47.29284],[9.21666,47.30112],[9.21779,47.30782],[9.21311,47.31882],[9.2098,47.32096],[9.23346,47.33198],[9.22384,47.34248],[9.20839,47.3401],[9.20635,47.3393],[9.20564,47.34228],[9.19869,47.34771],[9.20731,47.35598],[9.20475,47.35752],[9.20389,47.35582],[9.20086,47.35508],[9.1956,47.35348],[9.19151,47.36244],[9.20839,47.36265],[9.22143,47.37339],[9.21873,47.38477],[9.22287,47.3872],[9.23147,47.38809],[9.23248,47.39807],[9.23663,47.39675],[9.25266,47.40074],[9.25897,47.39934],[9.27318,47.40062],[9.29414,47.39692],[9.30522,47.39552],[9.3257,47.40047],[9.33972,47.39978],[9.37173,47.40724],[9.38283,47.40627],[9.39772,47.40107],[9.42581,47.40715],[9.43219,47.41375],[9.43489,47.4345],[9.45176,47.43109],[9.46794,47.43808],[9.49009,47.44155],[9.50919,47.44909]],[[9.44896,47.50097],[9.46756,47.49556],[9.47629,47.48934],[9.46418,47.48442],[9.4657,47.48797],[9.45971,47.4889],[9.45563,47.48952],[9.45294,47.49002],[9.45361,47.49166],[9.44963,47.49224],[9.44896,47.50097]]],[[[9.35912,47.51055],[9.3569,47.51195],[9.35337,47.51144],[9.35449,47.50937],[9.35817,47.50805],[9.35912,47.51055]]]]},"properties":{"code":"CH055","nom":"St. Gallen","country":"CH"}},{"type":"Feature","geometry":{"type":"MultiPolygon","coordinates":[[[[8.2608,46.98037],[8.25687,46.97955],[8.25332,46.97979],[8.24975,46.97817],[8.24462,46.97448],[8.2406,46.97354],[8.23469,46.97453],[8.22882,46.97315],[8.22893,46.97002],[8.22615,46.96941],[8.2167,46.96916],[8.20285,46.96687],[8.18724,46.97174],[8.18193,46.96856],[8.17661,46.9685],[8.16591,46.96582],[8.16161,46.96377],[8.15052,46.95666],[8.15195,46.95206],[8.16394,46.93968],[8.15702,46.9334],[8.13358,46.92101],[8.11124,46.89361],[8.10696,46.89704],[8.1074,46.90808],[8.09516,46.91131],[8.08591,46.90615],[8.08607,46.90422],[8.08284,46.89967],[8.07804,46.89734],[8.07286,46.89693],[8.06988,46.89576],[8.06973,46.89094],[8.06711,46.88783],[8.06922,46.88197],[8.07096,46.88156],[8.0706,46.87766],[8.06613,46.86058],[8.05815,46.85738],[8.05692,46.85082],[8.04563,46.84359],[8.0429,46.8379],[8.06417,46.80729],[8.06319,46.80306],[8.05588,46.7988],[8.05569,46.79298],[8.04909,46.78801],[8.05119,46.7883],[8.05483,46.7885],[8.05684,46.78765],[8.05997,46.78637],[8.06896,46.78857],[8.07456,46.7866],[8.07851,46.78658],[8.08206,46.78742],[8.08982,46.78781],[8.09098,46.78403],[8.09699,46.77895],[8.09963,46.77829],[8.1023,46.77379],[8.10526,46.77282],[8.11361,46.7733],[8.11877,46.7707],[8.12189,46.77033],[8.14636,46.75526],[8.15856,46.75931],[8.16753,46.76592],[8.1722,46.76414],[8.1898,46.7702],[8.19632,46.76787],[8.20815,46.76935],[8.21239,46.76617],[8.21942,46.76338],[8.22206,46.76093],[8.23388,46.76172],[8.23912,46.76957],[8.25941,46.76364],[8.26395,46.76044],[8.26865,46.75435],[8.27562,46.75502],[8.28347,46.7532],[8.29147,46.7581],[8.29551,46.75917],[8.29809,46.76194],[8.30202,46.76201],[8.31593,46.77011],[8.32153,46.77366],[8.333,46.7808],[8.36,46.78296],[8.36351,46.78444],[8.36376,46.78608],[8.36889,46.78798],[8.36156,46.79339],[8.35878,46.79548],[8.35406,46.7952],[8.34479,46.79964],[8.34304,46.80217],[8.34271,46.80418],[8.33912,46.8055],[8.33131,46.8128],[8.32635,46.81478],[8.32194,46.82045],[8.32571,46.82403],[8.33263,46.82609],[8.33516,46.82843],[8.3358,46.83304],[8.33226,46.83372],[8.3317,46.8397],[8.32927,46.84187],[8.32813,46.84641],[8.33071,46.85145],[8.33092,46.85669],[8.33455,46.86114],[8.33434,46.86465],[8.33397,46.86755],[8.32948,46.87168],[8.33007,46.87429],[8.32837,46.87799],[8.33274,46.88116],[8.33307,46.88603],[8.33772,46.89007],[8.33868,46.89684],[8.33633,46.90309],[8.33687,46.90548],[8.34108,46.90887],[8.34337,46.9149],[8.34185,46.91738],[8.3385,46.9185],[8.34051,46.92146],[8.34113,46.92628],[8.33811,46.92934],[8.32144,46.92518],[8.31018,46.9249],[8.28827,46.93388],[8.29182,46.94044],[8.2987,46.94645],[8.30978,46.95217],[8.30604,46.95586],[8.30952,46.96898],[8.30682,46.97405],[8.30735,46.97581],[8.30125,46.97767],[8.2901,46.97652],[8.28189,46.97586],[8.27256,46.97859],[8.26254,46.97817],[8.2608,46.98037]]],[[[8.37613,46.85858],[8.38321,46.86634],[8.38097,46.87201],[8.37362,46.87352],[8.36397,46.86568],[8.36301,46.86163],[8.37005,46.8563],[8.37018,46.84247],[8.37688,46.82678],[8.37569,46.81696],[8.38654,46.81203],[8.38644,46.80427],[8.38916,46.80133],[8.39666,46.79613],[8.41792,46.78878],[8.42556,46.7783],[8.42495,46.77587],[8.41488,46.77743],[8.39522,46.77154],[8.39744,46.76599],[8.41462,46.77373],[8.42391,46.77109],[8.4366,46.7721],[8.44569,46.7697],[8.44896,46.76452],[8.45785,46.76758],[8.46331,46.76931],[8.46653,46.77],[8.46993,46.76876],[8.47325,46.76808],[8.48252,46.76971],[8.49143,46.77306],[8.48736,46.78204],[8.4793,46.78925],[8.48097,46.79758],[8.47172,46.79612],[8.46564,46.79887],[8.48164,46.80385],[8.48282,46.80846],[8.47902,46.81391],[8.487,46.83175],[8.49099,46.83616],[8.50015,46.83982],[8.50373,46.84125],[8.50703,46.84547],[8.50235,46.84813],[8.50015,46.85086],[8.49785,46.85372],[8.49406,46.85284],[8.48789,46.85356],[8.48079,46.85741],[8.47774,46.85666],[8.4769,46.85524],[8.47199,46.85535],[8.42452,46.85154],[8.41979,46.85415],[8.41763,46.86444],[8.41138,46.86864],[8.3763,46.8522],[8.37613,46.85858]]]]},"properties":{"code":"CH064","nom":"Obwalden","country":"CH"}},{"type":"Feature","geometry":{"type":"MultiPolygon","coordinates":[[[[8.38288,47.00066],[8.38473,47.00336],[8.38379,47.01772],[8.36868,47.0194],[8.33517,46.98896],[8.31937,46.9996],[8.31444,46.99878],[8.29682,46.99834],[8.28817,46.99481],[8.27544,46.99802],[8.26,46.99624],[8.25525,46.99418],[8.24839,46.98738],[8.24401,46.98607],[8.23772,46.9918],[8.22851,46.99166],[8.21944,46.98145],[8.22232,46.97664],[8.22882,46.97315],[8.23469,46.97453],[8.2406,46.97354],[8.24462,46.97448],[8.24975,46.97817],[8.25332,46.97979],[8.25687,46.97955],[8.2608,46.98037],[8.26254,46.97817],[8.27256,46.97859],[8.28189,46.97586],[8.2901,46.97652],[8.30125,46.97767],[8.30735,46.97581],[8.30682,46.97405],[8.30952,46.96898],[8.30604,46.95586],[8.30978,46.95217],[8.2987,46.94645],[8.29182,46.94044],[8.28827,46.93388],[8.31018,46.9249],[8.32144,46.92518],[8.33811,46.92934],[8.34113,46.92628],[8.34051,46.92146],[8.3385,46.9185],[8.34185,46.91738],[8.34337,46.9149],[8.34108,46.90887],[8.33687,46.90548],[8.33633,46.90309],[8.33868,46.89684],[8.33772,46.89007],[8.33307,46.88603],[8.33274,46.88116],[8.32837,46.87799],[8.33007,46.87429],[8.32948,46.87168],[8.33397,46.86755],[8.33434,46.86465],[8.33455,46.86114],[8.33092,46.85669],[8.33071,46.85145],[8.32813,46.84641],[8.32927,46.84187],[8.3317,46.8397],[8.33226,46.83372],[8.3358,46.83304],[8.33516,46.82843],[8.33263,46.82609],[8.32571,46.82403],[8.32194,46.82045],[8.32635,46.81478],[8.33131,46.8128],[8.33912,46.8055],[8.34271,46.80418],[8.34304,46.80217],[8.34479,46.79964],[8.35406,46.7952],[8.35878,46.79548],[8.36156,46.79339],[8.36889,46.78798],[8.37129,46.78811],[8.3774,46.78581],[8.38008,46.78288],[8.38665,46.77847],[8.39209,46.77768],[8.39522,46.77154],[8.41488,46.77743],[8.42495,46.77587],[8.42556,46.7783],[8.41792,46.78878],[8.39666,46.79613],[8.38916,46.80133],[8.38644,46.80427],[8.38654,46.81203],[8.37569,46.81696],[8.37688,46.82678],[8.37018,46.84247],[8.37005,46.8563],[8.36301,46.86163],[8.36397,46.86568],[8.37362,46.87352],[8.38097,46.87201],[8.38321,46.86634],[8.37613,46.85858],[8.3763,46.8522],[8.41138,46.86864],[8.41763,46.86444],[8.41979,46.85415],[8.42452,46.85154],[8.47199,46.85535],[8.46796,46.86076],[8.47138,46.86792],[8.46981,46.87129],[8.46656,46.87518],[8.46795,46.87746],[8.4719,46.878],[8.47488,46.88038],[8.47907,46.88254],[8.47659,46.88846],[8.47289,46.89138],[8.474,46.89339],[8.47054,46.89465],[8.46614,46.89761],[8.46188,46.8975],[8.45868,46.89896],[8.46482,46.9044],[8.46785,46.9049],[8.48123,46.90859],[8.4841,46.91202],[8.48607,46.91848],[8.49106,46.91853],[8.49459,46.91789],[8.49815,46.91875],[8.50015,46.91693],[8.50291,46.91442],[8.51551,46.91797],[8.51886,46.92002],[8.51979,46.92282],[8.52719,46.9233],[8.53169,46.92359],[8.54406,46.92788],[8.5473,46.93332],[8.54601,46.93801],[8.5574,46.94044],[8.55568,46.96287],[8.56093,46.96674],[8.56321,46.97296],[8.57256,46.97977],[8.57387,46.98392],[8.56915,46.99025],[8.54279,46.97957],[8.52719,46.97974],[8.51936,46.97982],[8.50015,46.97695],[8.49662,46.97643],[8.46523,46.98427],[8.46816,46.99652],[8.46906,47.00929],[8.42797,47.01721],[8.42633,47.00265],[8.42708,46.99933],[8.4254,46.99832],[8.41432,46.99832],[8.39687,47.0007],[8.38547,46.99834],[8.38288,47.00066]]]]},"properties":{"code":"CH065","nom":"Nidwalden","country":"CH"}},{"type":"Feature","geometry":{"type":"MultiPolygon","coordinates":[[[[8.47992,47.2086],[8.46921,47.21355],[8.46155,47.21417],[8.44843,47.22039],[8.44641,47.22343],[8.42255,47.22401],[8.41853,47.22807],[8.41821,47.23364],[8.4142,47.24408],[8.41072,47.24804],[8.41121,47.24675],[8.41069,47.24522],[8.4081,47.24271],[8.40564,47.23677],[8.39599,47.22823],[8.39648,47.22031],[8.40038,47.21502],[8.40535,47.19572],[8.40024,47.18352],[8.40282,47.1774],[8.41205,47.17223],[8.41434,47.15718],[8.41485,47.14562],[8.41213,47.14074],[8.41632,47.13185],[8.41535,47.12445],[8.42024,47.12263],[8.43136,47.12396],[8.44168,47.12897],[8.44733,47.12942],[8.4526,47.1145],[8.45838,47.11445],[8.4673,47.11867],[8.48109,47.12589],[8.49369,47.11373],[8.49298,47.1002],[8.50015,47.09758],[8.52077,47.09005],[8.52719,47.0917],[8.54541,47.09403],[8.56339,47.09261],[8.5649,47.08729],[8.56248,47.08292],[8.56353,47.08166],[8.56727,47.08114],[8.5743,47.08224],[8.57752,47.08471],[8.58091,47.08398],[8.58694,47.08576],[8.59013,47.08643],[8.59099,47.08895],[8.59541,47.09124],[8.59992,47.09064],[8.60285,47.09119],[8.60757,47.0919],[8.61211,47.0949],[8.63772,47.0934],[8.64499,47.09584],[8.64546,47.09964],[8.64945,47.10344],[8.6605,47.11422],[8.67041,47.11604],[8.67259,47.11999],[8.68147,47.12572],[8.68723,47.13669],[8.68503,47.14088],[8.68788,47.14517],[8.70115,47.15093],[8.69891,47.15266],[8.69922,47.15502],[8.69825,47.15663],[8.69829,47.15875],[8.69673,47.15958],[8.69572,47.16331],[8.69248,47.16362],[8.68806,47.16296],[8.68418,47.16264],[8.67765,47.16086],[8.67479,47.15944],[8.66584,47.15968],[8.66169,47.16146],[8.65999,47.17003],[8.64359,47.16953],[8.63772,47.17105],[8.63331,47.17219],[8.625,47.17347],[8.62734,47.1797],[8.62083,47.18823],[8.61549,47.19958],[8.6082,47.20474],[8.60323,47.20313],[8.59802,47.20309],[8.59465,47.21151],[8.58319,47.21152],[8.58201,47.21751],[8.57831,47.21879],[8.57431,47.21702],[8.57271,47.21838],[8.56078,47.21971],[8.55793,47.22134],[8.55393,47.22322],[8.55277,47.22168],[8.54591,47.22134],[8.54337,47.22207],[8.53333,47.2214],[8.53097,47.21851],[8.52719,47.2189],[8.51377,47.21912],[8.51125,47.21581],[8.50015,47.21253],[8.49844,47.21203],[8.49003,47.21098],[8.4839,47.20836],[8.47992,47.2086]]]]},"properties":{"code":"CH066","nom":"Zug","country":"CH"}},{"type":"Feature","geometry":{"type":"MultiPolygon","coordinates":[[[[7.66987,47.48545],[7.66835,47.48671],[7.6654,47.49153],[7.66626,47.4945],[7.66602,47.49683],[7.65065,47.49459],[7.65388,47.48674],[7.64098,47.48265],[7.63483,47.48414],[7.62926,47.48443],[7.61665,47.48885],[7.6139,47.48938],[7.61189,47.48845],[7.60637,47.48947],[7.6067,47.48791],[7.60755,47.47477],[7.6052,47.4714],[7.61106,47.47004],[7.61562,47.46874],[7.61957,47.46728],[7.62612,47.46287],[7.62429,47.46156],[7.6222,47.46186],[7.62262,47.45708],[7.6205,47.45318],[7.61955,47.44961],[7.61628,47.44509],[7.61668,47.44198],[7.61531,47.43955],[7.6153,47.43762],[7.61555,47.43518],[7.6158,47.4327],[7.61171,47.43277],[7.60824,47.43278],[7.60219,47.43127],[7.59209,47.43268],[7.58486,47.42864],[7.5815,47.42903],[7.57908,47.43039],[7.58086,47.43195],[7.57771,47.4324],[7.57836,47.43499],[7.57562,47.43672],[7.56859,47.43647],[7.56855,47.42256],[7.58031,47.41468],[7.56609,47.41343],[7.55464,47.41435],[7.54354,47.41411],[7.52634,47.41193],[7.53057,47.40467],[7.52894,47.40099],[7.51727,47.38861],[7.51045,47.38909],[7.50081,47.38482],[7.49237,47.38527],[7.49084,47.38565],[7.47912,47.39039],[7.47673,47.40055],[7.46451,47.40217],[7.45998,47.40048],[7.45295,47.40331],[7.44858,47.40049],[7.44206,47.4007],[7.44314,47.3895],[7.43689,47.37997],[7.43611,47.37814],[7.44019,47.38027],[7.45368,47.37343],[7.45844,47.37083],[7.46938,47.37022],[7.4763,47.3711],[7.47914,47.37118],[7.48703,47.36974],[7.4906,47.37003],[7.49434,47.37071],[7.49995,47.37186],[7.51882,47.3721],[7.52377,47.37096],[7.52359,47.36447],[7.53457,47.36012],[7.5396,47.36012],[7.54147,47.35575],[7.53683,47.35019],[7.53951,47.34744],[7.54393,47.34759],[7.55221,47.3453],[7.55652,47.34389],[7.55666,47.34212],[7.56021,47.34241],[7.56188,47.34081],[7.57257,47.32891],[7.5712,47.32641],[7.56879,47.32443],[7.56167,47.32147],[7.5584,47.32237],[7.54842,47.31637],[7.54804,47.31381],[7.54695,47.30615],[7.53908,47.30204],[7.5396,47.29871],[7.53794,47.29718],[7.53243,47.29444],[7.52062,47.294],[7.5146,47.29257],[7.49468,47.28817],[7.4953,47.28682],[7.4871,47.28397],[7.48531,47.28429],[7.47811,47.27846],[7.47189,47.26954],[7.46774,47.26545],[7.46591,47.26471],[7.46411,47.26458],[7.45777,47.26409],[7.4518,47.26317],[7.4457,47.2631],[7.44019,47.26265],[7.4349,47.25974],[7.4272,47.25622],[7.41878,47.25454],[7.41634,47.25214],[7.41657,47.24917],[7.41819,47.24538],[7.4209,47.24288],[7.41538,47.24027],[7.41195,47.24089],[7.40152,47.23496],[7.3791,47.22825],[7.36353,47.22075],[7.34042,47.21751],[7.34472,47.20726],[7.35447,47.19232],[7.36536,47.19335],[7.38129,47.18346],[7.39116,47.16718],[7.38346,47.16534],[7.38251,47.16142],[7.39307,47.16036],[7.40076,47.16269],[7.41021,47.16216],[7.4149,47.16459],[7.41871,47.1707],[7.4305,47.17541],[7.43091,47.18115],[7.43544,47.18481],[7.44168,47.18066],[7.44698,47.18207],[7.44971,47.18515],[7.45032,47.18923],[7.47534,47.19137],[7.47215,47.18114],[7.48058,47.17263],[7.49557,47.17158],[7.49703,47.17011],[7.49022,47.16578],[7.49273,47.16328],[7.48848,47.16066],[7.48475,47.15964],[7.48208,47.15816],[7.47984,47.15532],[7.46792,47.15186],[7.45461,47.15633],[7.44968,47.15565],[7.44005,47.15042],[7.44098,47.14602],[7.43958,47.14403],[7.4366,47.14365],[7.43442,47.1438],[7.43052,47.14295],[7.4267,47.14104],[7.42647,47.13875],[7.42176,47.13588],[7.42644,47.1313],[7.42963,47.13166],[7.43128,47.12914],[7.43536,47.13127],[7.4358,47.12882],[7.43484,47.12404],[7.42813,47.12373],[7.42212,47.12151],[7.41739,47.12183],[7.40957,47.12031],[7.40558,47.11834],[7.40363,47.11762],[7.39506,47.12184],[7.38994,47.11957],[7.38897,47.12171],[7.38887,47.1234],[7.3867,47.12595],[7.38295,47.12321],[7.38084,47.12292],[7.37909,47.12424],[7.3754,47.12332],[7.37389,47.12183],[7.37138,47.12255],[7.37043,47.12097],[7.37195,47.11728],[7.36945,47.11621],[7.37446,47.11174],[7.37583,47.10844],[7.37915,47.10627],[7.3787,47.10495],[7.38228,47.09889],[7.38197,47.09576],[7.38605,47.09629],[7.38941,47.09513],[7.39007,47.09259],[7.39572,47.09324],[7.4008,47.09436],[7.4054,47.09494],[7.40911,47.0955],[7.41167,47.09651],[7.41422,47.09771],[7.4188,47.09965],[7.42406,47.09805],[7.4337,47.09941],[7.43641,47.09488],[7.43356,47.08914],[7.43494,47.08234],[7.44317,47.07449],[7.46639,47.07889],[7.47407,47.08776],[7.46313,47.10133],[7.46183,47.10761],[7.47486,47.11216],[7.47969,47.1135],[7.49209,47.11705],[7.50448,47.12292],[7.51152,47.12784],[7.51722,47.13828],[7.52892,47.14936],[7.52187,47.15859],[7.52299,47.16082],[7.53264,47.16379],[7.53889,47.16319],[7.54073,47.16362],[7.54507,47.16047],[7.5487,47.16181],[7.55176,47.16487],[7.55856,47.16808],[7.56354,47.16753],[7.56838,47.16313],[7.57489,47.16445],[7.58092,47.15951],[7.58612,47.14755],[7.58947,47.15135],[7.59277,47.15267],[7.59797,47.15165],[7.60478,47.15274],[7.61466,47.1546],[7.61562,47.15644],[7.61913,47.15436],[7.62206,47.153],[7.63961,47.15303],[7.64487,47.14908],[7.65203,47.15125],[7.65287,47.16246],[7.66041,47.16801],[7.67269,47.16825],[7.67348,47.17218],[7.67736,47.18192],[7.67106,47.1846],[7.67462,47.19093],[7.66126,47.20082],[7.64748,47.20176],[7.65122,47.20666],[7.64918,47.20993],[7.64844,47.21107],[7.64598,47.21474],[7.64669,47.21771],[7.64841,47.21876],[7.64026,47.22189],[7.64274,47.22614],[7.64063,47.22879],[7.62662,47.22711],[7.62109,47.22931],[7.6189,47.22921],[7.61594,47.23362],[7.60989,47.23882],[7.59722,47.24504],[7.59701,47.25075],[7.59778,47.25415],[7.59444,47.2637],[7.58439,47.27213],[7.58004,47.27634],[7.60686,47.28047],[7.61298,47.28098],[7.62732,47.28179],[7.6486,47.28218],[7.65178,47.28296],[7.65619,47.28453],[7.66049,47.28722],[7.667,47.28779],[7.66868,47.28878],[7.67099,47.28764],[7.67683,47.28911],[7.6849,47.29393],[7.70139,47.28566],[7.71098,47.27498],[7.71771,47.27488],[7.73177,47.26018],[7.73828,47.25996],[7.74405,47.2572],[7.75047,47.25896],[7.75692,47.25809],[7.76161,47.26329],[7.76481,47.2667],[7.77436,47.26743],[7.77586,47.26135],[7.78505,47.25629],[7.80093,47.26748],[7.81329,47.26216],[7.82473,47.26564],[7.82808,47.26689],[7.83302,47.26824],[7.83502,47.26966],[7.84093,47.27442],[7.84294,47.2767],[7.84359,47.27819],[7.84445,47.28226],[7.84626,47.28497],[7.84796,47.28782],[7.84933,47.28888],[7.8507,47.29017],[7.8524,47.29284],[7.86238,47.30698],[7.87361,47.31129],[7.88059,47.3114],[7.88593,47.31168],[7.89219,47.31623],[7.89741,47.31993],[7.897,47.32755],[7.90764,47.34105],[7.91588,47.33661],[7.91821,47.33538],[7.91928,47.33398],[7.93126,47.3331],[7.93894,47.33237],[7.94788,47.33265],[7.94893,47.32952],[7.94726,47.32505],[7.94785,47.32105],[7.94834,47.3177],[7.95666,47.31951],[7.9637,47.32069],[7.97632,47.32256],[7.9753,47.32631],[7.98444,47.33013],[7.98542,47.32841],[7.9917,47.33254],[8.00103,47.33476],[8.00521,47.3367],[8.00736,47.3394],[8.00426,47.34356],[8.004,47.34536],[8.01191,47.34981],[8.0115,47.35719],[8.01888,47.36413],[8.02276,47.36489],[8.02408,47.36768],[8.02673,47.37129],[8.03052,47.38331],[8.02743,47.39316],[8.02656,47.39562],[8.01207,47.39519],[8.00612,47.40729],[7.98864,47.41378],[7.98151,47.41422],[7.96309,47.4223],[7.98171,47.42785],[7.98535,47.42432],[7.98718,47.42837],[7.98535,47.43186],[7.98646,47.43321],[7.98374,47.43749],[7.98445,47.43954],[7.98381,47.44327],[7.98188,47.44632],[7.98062,47.44893],[7.97492,47.45201],[7.97658,47.45418],[7.97398,47.45966],[7.96773,47.46237],[7.95685,47.4552],[7.95693,47.4512],[7.94675,47.44324],[7.95189,47.43283],[7.94996,47.43176],[7.95955,47.42366],[7.96171,47.42194],[7.95683,47.41893],[7.95476,47.41585],[7.94792,47.41607],[7.94062,47.4141],[7.93497,47.41174],[7.93673,47.40802],[7.93265,47.40528],[7.92416,47.40202],[7.92099,47.40238],[7.9097,47.39843],[7.90377,47.40245],[7.90082,47.40084],[7.8885,47.40725],[7.88324,47.4061],[7.88336,47.4012],[7.88169,47.40074],[7.8797,47.40166],[7.8777,47.40125],[7.87523,47.39763],[7.86914,47.3955],[7.87186,47.39138],[7.87373,47.39015],[7.87682,47.39037],[7.87941,47.38813],[7.87888,47.38359],[7.87614,47.38454],[7.8685,47.38138],[7.86272,47.38203],[7.85882,47.37979],[7.8524,47.37875],[7.84997,47.37836],[7.83965,47.37411],[7.83705,47.37272],[7.83363,47.3675],[7.83057,47.36519],[7.82212,47.36328],[7.80623,47.36239],[7.79761,47.35549],[7.79344,47.33963],[7.78799,47.33769],[7.78525,47.33744],[7.78503,47.33902],[7.78213,47.33962],[7.76915,47.33891],[7.76913,47.34162],[7.76636,47.34286],[7.75419,47.34325],[7.75148,47.34437],[7.74298,47.3496],[7.73416,47.35778],[7.72891,47.36693],[7.72793,47.3688],[7.70035,47.37233],[7.68757,47.37126],[7.6442,47.36727],[7.64253,47.37332],[7.6431,47.37566],[7.64191,47.37839],[7.64173,47.38054],[7.63355,47.38308],[7.63671,47.38763],[7.6327,47.41008],[7.66348,47.40977],[7.67455,47.41474],[7.67985,47.41767],[7.68482,47.42849],[7.68384,47.44386],[7.6908,47.4529],[7.69852,47.45562],[7.69958,47.46106],[7.71005,47.46925],[7.70516,47.47616],[7.69974,47.48059],[7.6959,47.48173],[7.69042,47.4816],[7.68397,47.48286],[7.67692,47.485],[7.67446,47.48481],[7.6717,47.48455],[7.66987,47.48545]]],[[[7.51304,47.49898],[7.51091,47.50258],[7.50996,47.49683],[7.49751,47.48925],[7.48763,47.48231],[7.47601,47.48001],[7.4709,47.48045],[7.46628,47.485],[7.46463,47.48663],[7.46213,47.48909],[7.45967,47.48888],[7.45697,47.48865],[7.45464,47.48944],[7.43478,47.49797],[7.42124,47.48018],[7.43001,47.48179],[7.4558,47.47279],[7.44502,47.46172],[7.44718,47.45697],[7.45452,47.44953],[7.4626,47.45148],[7.46842,47.45381],[7.47453,47.45502],[7.48046,47.45556],[7.48447,47.45722],[7.49495,47.45958],[7.49959,47.45958],[7.5059,47.45858],[7.50874,47.45858],[7.51168,47.45937],[7.51422,47.46071],[7.51747,47.46101],[7.53066,47.4612],[7.52746,47.47386],[7.52917,47.47795],[7.53311,47.47826],[7.53667,47.485],[7.53635,47.49105],[7.5326,47.49095],[7.53208,47.49519],[7.53181,47.49741],[7.51927,47.49689],[7.51304,47.49898]]],[[[7.42401,47.44418],[7.42114,47.44639],[7.42006,47.4453],[7.41394,47.44204],[7.40658,47.4402],[7.40285,47.43786],[7.40298,47.43551],[7.40036,47.4354],[7.38089,47.43189],[7.38279,47.43123],[7.38276,47.4297],[7.37964,47.42763],[7.37899,47.42126],[7.37568,47.41408],[7.37813,47.41406],[7.38175,47.41338],[7.38805,47.41403],[7.41435,47.41101],[7.42041,47.41114],[7.42731,47.41448],[7.43807,47.41281],[7.44728,47.41452],[7.45022,47.41762],[7.45052,47.42012],[7.45174,47.42272],[7.45473,47.42569],[7.45526,47.42761],[7.45483,47.42933],[7.4521,47.43104],[7.45032,47.43547],[7.44849,47.43769],[7.44337,47.44146],[7.44,47.44346],[7.43779,47.44625],[7.42717,47.44382],[7.42401,47.44418]]],[[[7.6924,47.16411],[7.69062,47.16492],[7.68774,47.16538],[7.68856,47.16669],[7.68456,47.1662],[7.685,47.16498],[7.68255,47.16398],[7.68135,47.16232],[7.67954,47.16309],[7.67811,47.16175],[7.67798,47.1599],[7.6744,47.15462],[7.67586,47.15355],[7.68161,47.15474],[7.69008,47.15287],[7.69398,47.1585],[7.69612,47.15777],[7.69838,47.15987],[7.69968,47.16122],[7.6924,47.16411]]]]},"properties":{"code":"CH023","nom":"Solothurn","country":"CH"}},{"type":"Feature","geometry":{"type":"MultiPolygon","coordinates":[[[[8.43532,46.54066],[8.42819,46.54504],[8.41879,46.56782],[8.40663,46.58563],[8.40977,46.59594],[8.40829,46.60067],[8.41721,46.61049],[8.4223,46.62724],[8.42082,46.62837],[8.41875,46.63572],[8.42026,46.63733],[8.42061,46.64646],[8.42198,46.64788],[8.41817,46.65223],[8.41041,46.65302],[8.39944,46.65348],[8.39462,46.6464],[8.38128,46.63516],[8.37263,46.6332],[8.36924,46.6287],[8.3684,46.62459],[8.36845,46.62038],[8.37088,46.61884],[8.3705,46.61395],[8.36852,46.61049],[8.36166,46.59977],[8.36357,46.58193],[8.34938,46.56824],[8.33625,46.56126],[8.31719,46.55866],[8.30332,46.54614],[8.28925,46.54348],[8.28198,46.53787],[8.26595,46.53379],[8.25806,46.52944],[8.25193,46.52942],[8.24123,46.52658],[8.2371,46.52687],[8.23115,46.52707],[8.22577,46.52703],[8.21875,46.52646],[8.21056,46.52523],[8.20544,46.52359],[8.20017,46.52443],[8.19168,46.52341],[8.18461,46.52081],[8.18079,46.52055],[8.17907,46.52268],[8.1745,46.52408],[8.17343,46.52738],[8.1747,46.52987],[8.17434,46.53139],[8.16882,46.53148],[8.16304,46.53216],[8.15919,46.53133],[8.15538,46.53142],[8.14991,46.53179],[8.13381,46.5357],[8.12574,46.53725],[8.12249,46.54069],[8.11764,46.54316],[8.11397,46.54653],[8.10475,46.54832],[8.1006,46.54818],[8.09602,46.54933],[8.09361,46.55143],[8.08521,46.55171],[8.07928,46.55372],[8.07578,46.55558],[8.07081,46.55393],[8.0627,46.55327],[8.06143,46.55136],[8.05392,46.5559],[8.04278,46.55702],[8.03456,46.56017],[8.03358,46.56184],[8.03039,46.56247],[8.02484,46.56192],[8.01575,46.5633],[8.00126,46.55807],[7.99733,46.55831],[7.98652,46.54881],[7.97134,46.54524],[7.96324,46.53883],[7.97204,46.52421],[7.96863,46.51412],[7.95442,46.50867],[7.94109,46.50709],[7.93505,46.50323],[7.93277,46.4982],[7.92775,46.49737],[7.92352,46.49511],[7.92492,46.49348],[7.92327,46.49167],[7.91529,46.49114],[7.91112,46.48686],[7.90584,46.48725],[7.90521,46.48559],[7.90108,46.48476],[7.89755,46.48292],[7.89537,46.48235],[7.89091,46.48339],[7.88688,46.48124],[7.87665,46.4785],[7.86897,46.47803],[7.86288,46.47828],[7.8524,46.47807],[7.84996,46.47802],[7.84704,46.47888],[7.84341,46.47786],[7.82746,46.47025],[7.82414,46.46655],[7.81243,46.46259],[7.80902,46.46196],[7.80644,46.4614],[7.79752,46.45807],[7.79319,46.45414],[7.78777,46.45225],[7.78463,46.44895],[7.78017,46.44681],[7.77823,46.44345],[7.77195,46.44208],[7.76807,46.43995],[7.76574,46.43963],[7.76082,46.43609],[7.75644,46.43496],[7.75459,46.43284],[7.74423,46.42838],[7.74218,46.42633],[7.73647,46.42408],[7.73151,46.42185],[7.72407,46.42129],[7.72025,46.41952],[7.71554,46.41484],[7.71238,46.4139],[7.70865,46.41391],[7.70508,46.41599],[7.69292,46.42423],[7.62694,46.44443],[7.62112,46.43899],[7.61003,46.43615],[7.60923,46.42769],[7.5992,46.42174],[7.59945,46.4156],[7.59628,46.41287],[7.58871,46.4131],[7.58347,46.41726],[7.56256,46.41302],[7.55478,46.41357],[7.54919,46.41202],[7.53971,46.41177],[7.53398,46.40977],[7.53329,46.40681],[7.52867,46.4005],[7.54076,46.39486],[7.5468,46.39403],[7.55538,46.38898],[7.54068,46.38378],[7.53844,46.37744],[7.52628,46.37448],[7.50725,46.37584],[7.5023,46.37043],[7.49933,46.3699],[7.4945,46.37193],[7.49027,46.37032],[7.4869,46.37073],[7.48508,46.37242],[7.48578,46.37471],[7.48353,46.38156],[7.47939,46.38529],[7.47365,46.38366],[7.4732,46.38113],[7.46999,46.37823],[7.46381,46.37801],[7.46213,46.37623],[7.45876,46.37855],[7.45939,46.3803],[7.45728,46.38152],[7.44324,46.3829],[7.43804,46.38619],[7.43362,46.38512],[7.42772,46.38068],[7.41716,46.38022],[7.41483,46.3787],[7.4042,46.37602],[7.40168,46.37427],[7.39968,46.37662],[7.39274,46.3731],[7.38835,46.369],[7.3856,46.36859],[7.38235,46.36528],[7.35907,46.35329],[7.33574,46.34631],[7.31503,46.34452],[7.30862,46.35203],[7.31255,46.3688],[7.3104,46.37513],[7.29905,46.36665],[7.29488,46.36577],[7.29059,46.36714],[7.28432,46.36525],[7.26232,46.35822],[7.26154,46.35523],[7.26187,46.34846],[7.26017,46.34436],[7.2621,46.33818],[7.25974,46.33689],[7.25583,46.33268],[7.25331,46.33054],[7.24966,46.33031],[7.24709,46.32873],[7.2438,46.3278],[7.23361,46.32655],[7.22146,46.32921],[7.20056,46.31283],[7.18911,46.30388],[7.18975,46.29529],[7.1958,46.28944],[7.19381,46.28599],[7.18701,46.28259],[7.1886,46.27152],[7.17741,46.26767],[7.16268,46.25474],[7.15508,46.25216],[7.15117,46.24447],[7.14968,46.24303],[7.14475,46.24131],[7.143,46.23973],[7.14024,46.23795],[7.13495,46.23661],[7.13026,46.23713],[7.12474,46.23597],[7.12157,46.22365],[7.11305,46.21565],[7.08833,46.20156],[7.07986,46.19966],[7.07752,46.19949],[7.07556,46.19955],[7.07134,46.20102],[7.0414,46.19],[7.03316,46.18697],[7.0232,46.19893],[7.01327,46.20592],[7.00962,46.22051],[7.00326,46.22593],[6.98721,46.25144],[6.97923,46.25718],[6.97046,46.26391],[6.96465,46.26943],[6.96172,46.27995],[6.94949,46.29125],[6.93653,46.29872],[6.93203,46.32431],[6.93182,46.32545],[6.9282,46.33147],[6.91853,46.33867],[6.90225,46.33871],[6.896,46.3405],[6.89352,46.3432],[6.8818,46.35601],[6.88677,46.36539],[6.88355,46.37647],[6.85884,46.39426],[6.82106,46.42715],[6.80519,46.39407],[6.80216,46.38744],[6.80581,46.38001],[6.8009,46.37514],[6.79181,46.36761],[6.77983,46.36597],[6.77264,46.36183],[6.77076,46.35474],[6.77468,46.34729],[6.77913,46.34406],[6.78536,46.33306],[6.79689,46.33174],[6.80063,46.32051],[6.8079,46.32003],[6.81934,46.31534],[6.8214,46.31309],[6.82481,46.31192],[6.83003,46.30605],[6.82821,46.30278],[6.82875,46.30108],[6.83053,46.29984],[6.83433,46.29979],[6.83604,46.29747],[6.83981,46.29505],[6.84352,46.29429],[6.8453,46.29115],[6.84715,46.28998],[6.85088,46.29025],[6.85451,46.2918],[6.85892,46.29043],[6.86418,46.28032],[6.85943,46.27348],[6.85935,46.26538],[6.85452,46.2589],[6.85337,46.25339],[6.84009,46.24767],[6.83225,46.236],[6.82074,46.22997],[6.82167,46.22346],[6.81975,46.22126],[6.81661,46.21988],[6.81333,46.21512],[6.81009,46.21389],[6.81008,46.21219],[6.80838,46.21107],[6.80356,46.20314],[6.80496,46.20041],[6.80698,46.19647],[6.81242,46.18142],[6.80733,46.17785],[6.80609,46.17417],[6.80563,46.1728],[6.79559,46.16556],[6.79231,46.1632],[6.79277,46.15982],[6.79042,46.15432],[6.79827,46.13709],[6.80718,46.13579],[6.81522,46.12932],[6.81933,46.13107],[6.82395,46.13142],[6.8391,46.13256],[6.84154,46.13203],[6.84445,46.12871],[6.85269,46.12648],[6.87574,46.12548],[6.8824,46.1234],[6.89001,46.12495],[6.89352,46.12462],[6.89947,46.12406],[6.89396,46.11353],[6.89437,46.10741],[6.89352,46.10617],[6.88358,46.09486],[6.89119,46.08476],[6.88904,46.0784],[6.89146,46.07388],[6.88785,46.07319],[6.88426,46.07064],[6.88082,46.06945],[6.87308,46.05557],[6.87263,46.05205],[6.87789,46.04676],[6.89033,46.04329],[6.89352,46.04646],[6.89483,46.04777],[6.90913,46.05124],[6.92347,46.06399],[6.93304,46.06612],[6.93675,46.06392],[6.93635,46.05529],[6.943,46.05141],[6.94974,46.05173],[6.96291,46.03054],[6.96692,46.03033],[6.98027,46.02023],[6.9863,46.00462],[6.99709,45.99989],[7.00506,46.00066],[7.0088,45.99846],[7.01264,45.98789],[7.02224,45.98054],[7.02174,45.97723],[7.01122,45.9731],[7.01021,45.97046],[7.00971,45.96916],[7.01893,45.96017],[7.03674,45.95449],[7.03607,45.93835],[7.0414,45.92871],[7.04489,45.92241],[7.0619,45.91197],[7.06472,45.9003],[7.07585,45.89483],[7.08069,45.88524],[7.0939,45.87669],[7.09311,45.87199],[7.10117,45.85927],[7.1181,45.85976],[7.13116,45.8671],[7.13632,45.87277],[7.15354,45.87925],[7.16257,45.87708],[7.16298,45.87093],[7.17328,45.86414],[7.1906,45.85868],[7.19367,45.85989],[7.19988,45.86294],[7.19796,45.86941],[7.19984,45.87452],[7.21491,45.8839],[7.21756,45.88879],[7.22912,45.89153],[7.2411,45.89031],[7.24867,45.89273],[7.25314,45.88847],[7.2574,45.88898],[7.2694,45.89842],[7.2767,45.90131],[7.28575,45.91545],[7.29444,45.92178],[7.30205,45.91759],[7.31548,45.91614],[7.31873,45.91188],[7.32341,45.91048],[7.34532,45.91444],[7.3556,45.91038],[7.36053,45.90415],[7.37396,45.90038],[7.38248,45.89697],[7.3868,45.89751],[7.39529,45.90319],[7.40076,45.91051],[7.41137,45.90919],[7.42846,45.91638],[7.44477,45.9311],[7.45544,45.93268],[7.46019,45.93537],[7.47275,45.93518],[7.4724,45.94764],[7.48745,45.95581],[7.49347,45.95623],[7.49882,45.96169],[7.50783,45.95847],[7.51667,45.96196],[7.52751,45.95692],[7.54025,45.95587],[7.54602,45.96172],[7.54348,45.97046],[7.54196,45.9757],[7.54676,45.98427],[7.55141,45.98638],[7.5747,45.98757],[7.57917,45.9846],[7.58453,45.97217],[7.60026,45.97046],[7.6104,45.96936],[7.61402,45.97046],[7.61949,45.97211],[7.63788,45.97046],[7.63987,45.97046],[7.65777,45.97622],[7.66506,45.97521],[7.6703,45.97046],[7.67659,45.96474],[7.68022,45.95769],[7.69799,45.95431],[7.70868,45.94837],[7.70792,45.93534],[7.71307,45.92874],[7.72118,45.9239],[7.7351,45.92399],[7.74973,45.94043],[7.76846,45.93703],[7.78959,45.92548],[7.79952,45.91713],[7.82084,45.92656],[7.83732,45.92199],[7.8524,45.92065],[7.85821,45.92039],[7.86408,45.91675],[7.87285,45.92078],[7.87714,45.92695],[7.86896,45.9377],[7.8705,45.94624],[7.87687,45.94986],[7.87592,45.9578],[7.88146,45.96467],[7.879,45.97046],[7.8779,45.97306],[7.89371,45.97903],[7.90868,45.99694],[7.9585,45.99629],[7.97645,45.9991],[7.98909,45.99593],[8.00137,46.01148],[8.01241,46.01197],[8.01153,46.01952],[8.01675,46.02533],[8.0132,46.03166],[8.02248,46.0388],[8.03458,46.04432],[8.02241,46.06964],[8.03476,46.10084],[8.05567,46.1017],[8.06686,46.10537],[8.082,46.10575],[8.10823,46.11163],[8.11376,46.11845],[8.11676,46.13065],[8.12731,46.13558],[8.14311,46.13654],[8.14961,46.14061],[8.15441,46.14731],[8.14971,46.15818],[8.15073,46.16384],[8.15898,46.17386],[8.16528,46.17691],[8.16455,46.1829],[8.15333,46.19209],[8.15131,46.20227],[8.14357,46.21198],[8.13888,46.22615],[8.12565,46.22932],[8.12101,46.23507],[8.11394,46.23792],[8.11015,46.24872],[8.10162,46.24947],[8.1001,46.25223],[8.08772,46.25424],[8.0813,46.26028],[8.08554,46.26264],[8.08685,46.26653],[8.09724,46.27174],[8.10556,46.27904],[8.11485,46.28253],[8.12212,46.29259],[8.14112,46.30193],[8.16141,46.29622],[8.17893,46.2977],[8.1929,46.3035],[8.19617,46.3023],[8.19875,46.30225],[8.20089,46.30347],[8.20539,46.30602],[8.21145,46.30958],[8.21554,46.31982],[8.22393,46.32525],[8.22257,46.33036],[8.22529,46.33461],[8.23531,46.33999],[8.2488,46.3408],[8.2534,46.34607],[8.2617,46.34636],[8.26098,46.34873],[8.26531,46.3527],[8.26159,46.36093],[8.2636,46.36353],[8.27244,46.36636],[8.28392,46.36427],[8.29986,46.37368],[8.31229,46.37719],[8.31874,46.38613],[8.31472,46.39001],[8.31679,46.39496],[8.31433,46.39976],[8.30949,46.40319],[8.30405,46.40258],[8.28893,46.40811],[8.29794,46.41385],[8.30749,46.42585],[8.31422,46.42385],[8.32451,46.42565],[8.36365,46.45046],[8.37304,46.45275],[8.37991,46.45102],[8.38472,46.45216],[8.38227,46.4598],[8.38575,46.46186],[8.38535,46.46558],[8.3924,46.46795],[8.39216,46.46949],[8.38972,46.47006],[8.38908,46.47338],[8.3859,46.47562],[8.38721,46.47751],[8.39466,46.485],[8.39164,46.4916],[8.39229,46.49473],[8.39478,46.4939],[8.39876,46.49425],[8.40104,46.49236],[8.41102,46.49277],[8.41431,46.49472],[8.41957,46.49263],[8.43161,46.49702],[8.44291,46.49543],[8.44514,46.49697],[8.45174,46.50782],[8.45579,46.50826],[8.4603,46.51119],[8.46607,46.51757],[8.4701,46.52008],[8.47282,46.52324],[8.47816,46.5251],[8.47767,46.5276],[8.46537,46.53488],[8.45362,46.53461],[8.43532,46.54066]]]]},"properties":{"code":"CH012","nom":"Valais","country":"CH"}},{"type":"Feature","geometry":{"type":"MultiPolygon","coordinates":[[[[6.17051,46.29428],[6.14071,46.3054],[6.12561,46.31723],[6.12437,46.31727],[6.11909,46.30772],[6.12114,46.29717],[6.11005,46.28989],[6.10237,46.28485],[6.1043,46.27849],[6.11005,46.27451],[6.11201,46.27315],[6.11152,46.26959],[6.11604,46.26566],[6.12009,46.26115],[6.12358,46.25057],[6.11005,46.24074],[6.10182,46.23754],[6.08814,46.24704],[6.06943,46.24162],[6.0608,46.24477],[6.04634,46.23144],[6.0424,46.2331],[6.03372,46.23843],[6.02519,46.23324],[6.01917,46.23173],[6.01668,46.23183],[6.00206,46.22077],[5.99263,46.22192],[5.9924,46.21605],[5.97998,46.21683],[5.97441,46.21475],[5.96995,46.20709],[5.97183,46.2023],[5.9642,46.19803],[5.96368,46.19697],[5.99152,46.18684],[5.99444,46.18309],[5.99229,46.17687],[5.98829,46.17169],[5.98224,46.1722],[5.97621,46.16033],[5.97334,46.15618],[5.96514,46.1452],[5.96556,46.13744],[5.95607,46.1321],[5.95729,46.12795],[5.97576,46.1328],[5.98036,46.13588],[5.98216,46.13714],[5.98254,46.14053],[5.98273,46.14214],[5.99381,46.14412],[6.02437,46.1407],[6.03507,46.13691],[6.04781,46.14095],[6.0524,46.15083],[6.07456,46.14931],[6.09184,46.15167],[6.09943,46.14444],[6.11005,46.14289],[6.12662,46.14047],[6.13131,46.14083],[6.13554,46.14116],[6.14161,46.14611],[6.14669,46.14592],[6.15286,46.15164],[6.17542,46.15814],[6.18824,46.16649],[6.1861,46.17823],[6.19916,46.18474],[6.20699,46.19187],[6.21424,46.19379],[6.22385,46.20142],[6.23012,46.20356],[6.23406,46.20581],[6.24243,46.20508],[6.24501,46.20655],[6.2494,46.20577],[6.26333,46.21251],[6.27637,46.21525],[6.27871,46.2165],[6.28081,46.21763],[6.29173,46.22346],[6.29446,46.22493],[6.30941,46.24333],[6.30688,46.25176],[6.30853,46.25502],[6.29524,46.25595],[6.29409,46.25828],[6.29654,46.26368],[6.29488,46.2646],[6.2834,46.25444],[6.26775,46.24826],[6.25005,46.26229],[6.23853,46.27659],[6.23872,46.28201],[6.24429,46.28508],[6.25128,46.28841],[6.25188,46.29168],[6.24772,46.30183],[6.24137,46.30457],[6.23541,46.30656],[6.21955,46.31188],[6.1987,46.28443],[6.17051,46.29428]]],[[[6.23791,46.33853],[6.24136,46.34358],[6.21291,46.35289],[6.2015,46.35533],[6.19698,46.36003],[6.18745,46.3606],[6.18028,46.36459],[6.17441,46.36238],[6.17273,46.35551],[6.1938,46.34833],[6.19312,46.34384],[6.20712,46.33846],[6.23169,46.32943],[6.23791,46.33853]]],[[[6.18445,46.34595],[6.17602,46.3509],[6.17229,46.34896],[6.17017,46.34642],[6.16748,46.34261],[6.17098,46.34127],[6.17472,46.34595],[6.18135,46.34433],[6.18445,46.34595]]]]},"properties":{"code":"CH013","nom":"Gen\u00e8ve","country":"CH"}},{"type":"Feature","geometry":{"type":"MultiPolygon","coordinates":[[[[6.88625,47.12385],[6.88871,47.13119],[6.86145,47.16563],[6.85891,47.16529],[6.84907,47.15638],[6.82649,47.14418],[6.82474,47.14192],[6.82037,47.14028],[6.81747,47.1375],[6.80921,47.13496],[6.80455,47.13046],[6.79239,47.127],[6.7899,47.12601],[6.77888,47.12348],[6.7753,47.12106],[6.77015,47.12123],[6.76515,47.12033],[6.75242,47.11456],[6.74777,47.11031],[6.74414,47.10962],[6.74053,47.10735],[6.74584,47.09667],[6.73904,47.09049],[6.72571,47.09118],[6.71606,47.08811],[6.70426,47.08194],[6.70662,47.07874],[6.70531,47.07445],[6.69263,47.06693],[6.70113,47.05937],[6.71974,47.05232],[6.69896,47.0388],[6.69681,47.0375],[6.6865,47.03741],[6.67794,47.03523],[6.65763,47.02544],[6.64216,47.0048],[6.63372,46.99854],[6.61676,46.9918],[6.60006,46.99239],[6.59614,46.99253],[6.59193,46.99079],[6.58423,46.98761],[6.56346,46.97959],[6.51936,46.97084],[6.50662,46.96659],[6.49669,46.97419],[6.49136,46.97064],[6.48602,46.96717],[6.48133,46.96412],[6.47253,46.95687],[6.47165,46.95563],[6.47028,46.95368],[6.46626,46.95046],[6.46208,46.94709],[6.45948,46.94307],[6.44475,46.93341],[6.43766,46.93048],[6.43275,46.92846],[6.4337,46.92633],[6.43579,46.92165],[6.43766,46.92034],[6.44123,46.91784],[6.44469,46.9141],[6.44745,46.91111],[6.46393,46.89098],[6.4628,46.87554],[6.46132,46.86219],[6.46001,46.85155],[6.46537,46.85079],[6.46648,46.84778],[6.48213,46.84653],[6.51137,46.85368],[6.51511,46.8546],[6.52332,46.8566],[6.52752,46.85865],[6.53777,46.86699],[6.54561,46.86882],[6.55203,46.8731],[6.55942,46.87396],[6.56275,46.8756],[6.57041,46.87888],[6.57484,46.88046],[6.58726,46.88416],[6.59336,46.88433],[6.59777,46.88355],[6.60006,46.88441],[6.60636,46.88677],[6.60894,46.88739],[6.61464,46.88894],[6.62125,46.88881],[6.62708,46.88871],[6.63024,46.89163],[6.64552,46.90621],[6.6472,46.91061],[6.6624,46.91762],[6.66842,46.92031],[6.68503,46.92586],[6.72087,46.93614],[6.72039,46.93386],[6.72112,46.93225],[6.72346,46.93112],[6.71745,46.91589],[6.71674,46.90607],[6.72103,46.90541],[6.74008,46.89481],[6.73967,46.89227],[6.73801,46.88455],[6.74016,46.88445],[6.73948,46.8794],[6.73497,46.8704],[6.74275,46.87172],[6.75668,46.86892],[6.78005,46.85264],[6.86623,46.90929],[6.89352,46.92389],[6.89621,46.92533],[6.9279,46.95317],[7.00229,46.98672],[7.03997,46.97988],[7.02548,47.00588],[7.03235,47.01442],[7.03382,47.02039],[7.03329,47.02388],[7.03307,47.02912],[7.03337,47.0307],[7.0344,47.03212],[7.03713,47.03459],[7.03948,47.03664],[7.0414,47.03765],[7.05104,47.04275],[7.05358,47.0434],[7.06545,47.045],[7.07711,47.05124],[7.08653,47.05744],[7.08851,47.05888],[7.0811,47.0668],[7.07704,47.07599],[7.08708,47.08163],[7.08685,47.08569],[7.0841,47.08812],[7.07572,47.09627],[7.06338,47.0996],[7.05722,47.0997],[7.04927,47.10498],[7.0414,47.10864],[7.02916,47.10444],[7.02344,47.11224],[7.03212,47.11966],[7.04024,47.12425],[7.03781,47.12657],[7.03007,47.12723],[7.02561,47.12417],[7.01055,47.12316],[7.00774,47.12419],[6.99651,47.11891],[6.98413,47.11697],[6.93931,47.10967],[6.93639,47.1087],[6.92975,47.11258],[6.92656,47.10919],[6.91812,47.10507],[6.90151,47.09828],[6.89352,47.09502],[6.88609,47.092],[6.86689,47.08512],[6.87081,47.10211],[6.88101,47.10835],[6.88625,47.12385]]]]},"properties":{"code":"CH024","nom":"Neuch\u00e2tel","country":"CH"}},{"type":"Feature","geometry":{"type":"MultiPolygon","coordinates":[[[[7.37568,47.41408],[7.38398,47.41165],[7.38847,47.40398],[7.3957,47.40267],[7.39973,47.39689],[7.41341,47.39389],[7.41366,47.38948],[7.41628,47.38481],[7.41172,47.38061],[7.41415,47.3804],[7.43342,47.37925],[7.43689,47.37997],[7.44314,47.3895],[7.44206,47.4007],[7.44858,47.40049],[7.45295,47.40331],[7.45998,47.40048],[7.46451,47.40217],[7.47673,47.40055],[7.47912,47.39039],[7.49084,47.38565],[7.49237,47.38527],[7.50081,47.38482],[7.51045,47.38909],[7.51727,47.38861],[7.52894,47.40099],[7.53057,47.40467],[7.52634,47.41193],[7.54354,47.41411],[7.55464,47.41435],[7.56609,47.41343],[7.58031,47.41468],[7.56855,47.42256],[7.56859,47.43647],[7.57562,47.43672],[7.57836,47.43499],[7.57771,47.4324],[7.58086,47.43195],[7.57908,47.43039],[7.5815,47.42903],[7.58486,47.42864],[7.59209,47.43268],[7.60219,47.43127],[7.60824,47.43278],[7.61171,47.43277],[7.6158,47.4327],[7.61555,47.43518],[7.6153,47.43762],[7.61531,47.43955],[7.61668,47.44198],[7.61628,47.44509],[7.61955,47.44961],[7.6205,47.45318],[7.62262,47.45708],[7.6222,47.46186],[7.62429,47.46156],[7.62612,47.46287],[7.61957,47.46728],[7.61562,47.46874],[7.61106,47.47004],[7.6052,47.4714],[7.60755,47.47477],[7.6067,47.48791],[7.60637,47.48947],[7.61189,47.48845],[7.6139,47.48938],[7.61665,47.48885],[7.62926,47.48443],[7.63483,47.48414],[7.64098,47.48265],[7.65388,47.48674],[7.65065,47.49459],[7.66602,47.49683],[7.66626,47.4945],[7.6654,47.49153],[7.66835,47.48671],[7.66987,47.48545],[7.6717,47.48455],[7.67446,47.48481],[7.67692,47.485],[7.68397,47.48286],[7.69042,47.4816],[7.6959,47.48173],[7.69974,47.48059],[7.70516,47.47616],[7.71005,47.46925],[7.69958,47.46106],[7.69852,47.45562],[7.6908,47.4529],[7.68384,47.44386],[7.68482,47.42849],[7.67985,47.41767],[7.67455,47.41474],[7.66348,47.40977],[7.6327,47.41008],[7.63671,47.38763],[7.63355,47.38308],[7.64173,47.38054],[7.64191,47.37839],[7.6431,47.37566],[7.64253,47.37332],[7.6442,47.36727],[7.68757,47.37126],[7.70035,47.37233],[7.72793,47.3688],[7.72891,47.36693],[7.73416,47.35778],[7.74298,47.3496],[7.75148,47.34437],[7.75419,47.34325],[7.76636,47.34286],[7.76913,47.34162],[7.76915,47.33891],[7.78213,47.33962],[7.78503,47.33902],[7.78525,47.33744],[7.78799,47.33769],[7.79344,47.33963],[7.79761,47.35549],[7.80623,47.36239],[7.82212,47.36328],[7.83057,47.36519],[7.83363,47.3675],[7.83705,47.37272],[7.83965,47.37411],[7.84997,47.37836],[7.8524,47.37875],[7.85882,47.37979],[7.86272,47.38203],[7.8685,47.38138],[7.87614,47.38454],[7.87888,47.38359],[7.87941,47.38813],[7.87682,47.39037],[7.87373,47.39015],[7.87186,47.39138],[7.86914,47.3955],[7.87523,47.39763],[7.8777,47.40125],[7.8797,47.40166],[7.88169,47.40074],[7.88336,47.4012],[7.88324,47.4061],[7.8885,47.40725],[7.90082,47.40084],[7.90377,47.40245],[7.9097,47.39843],[7.92099,47.40238],[7.92416,47.40202],[7.93265,47.40528],[7.93673,47.40802],[7.93497,47.41174],[7.94062,47.4141],[7.94792,47.41607],[7.95476,47.41585],[7.95683,47.41893],[7.96171,47.42194],[7.95955,47.42366],[7.94996,47.43176],[7.95189,47.43283],[7.94675,47.44324],[7.95693,47.4512],[7.95685,47.4552],[7.95763,47.45879],[7.94886,47.46379],[7.94017,47.4621],[7.9465,47.48525],[7.93272,47.48162],[7.90552,47.48488],[7.90469,47.49216],[7.89958,47.49619],[7.89831,47.50121],[7.89534,47.50225],[7.89411,47.50571],[7.89192,47.50711],[7.88393,47.50852],[7.87813,47.51396],[7.87571,47.5132],[7.87532,47.51803],[7.87668,47.52269],[7.86595,47.51948],[7.86273,47.52436],[7.86257,47.52695],[7.85735,47.53321],[7.85245,47.53526],[7.84558,47.53289],[7.83309,47.53382],[7.83503,47.53177],[7.83199,47.51475],[7.81476,47.50453],[7.80743,47.49717],[7.7983,47.4994],[7.79747,47.49616],[7.78865,47.49341],[7.79208,47.49961],[7.79092,47.5014],[7.79273,47.5036],[7.78979,47.50502],[7.78787,47.51959],[7.76116,47.52501],[7.75071,47.5251],[7.74992,47.5247],[7.74681,47.5263],[7.74564,47.52534],[7.73961,47.52709],[7.737,47.52719],[7.73439,47.53011],[7.72376,47.53554],[7.71606,47.53663],[7.71378,47.5394],[7.69704,47.53316],[7.68622,47.5325],[7.67529,47.53355],[7.66749,47.53639],[7.66119,47.5444],[7.65019,47.54797],[7.64531,47.55261],[7.6341,47.56111],[7.63265,47.5614],[7.61831,47.55817],[7.62147,47.54231],[7.6202,47.53926],[7.61566,47.53915],[7.60907,47.5345],[7.59455,47.51972],[7.58926,47.52069],[7.58823,47.52745],[7.5837,47.53089],[7.58258,47.53251],[7.58584,47.53751],[7.58501,47.5395],[7.5866,47.54207],[7.57953,47.54368],[7.57441,47.54372],[7.56898,47.54483],[7.56453,47.54529],[7.55518,47.54425],[7.55663,47.54668],[7.55868,47.55279],[7.56131,47.5523],[7.56437,47.55715],[7.55516,47.56456],[7.55179,47.56339],[7.52716,47.55242],[7.51918,47.54643],[7.50789,47.54476],[7.50452,47.54297],[7.50083,47.54078],[7.49924,47.53983],[7.49823,47.53662],[7.49904,47.53524],[7.50375,47.52863],[7.50996,47.52896],[7.5162,47.53261],[7.51945,47.53391],[7.5274,47.53183],[7.53148,47.52772],[7.5239,47.51523],[7.51487,47.51678],[7.50463,47.5148],[7.49782,47.52123],[7.49955,47.51627],[7.50896,47.50927],[7.51091,47.50258],[7.51304,47.49898],[7.51927,47.49689],[7.53181,47.49741],[7.53208,47.49519],[7.5326,47.49095],[7.53635,47.49105],[7.53667,47.485],[7.53311,47.47826],[7.52917,47.47795],[7.52746,47.47386],[7.53066,47.4612],[7.51747,47.46101],[7.51422,47.46071],[7.51168,47.45937],[7.50874,47.45858],[7.5059,47.45858],[7.49959,47.45958],[7.49495,47.45958],[7.48447,47.45722],[7.48046,47.45556],[7.47453,47.45502],[7.46842,47.45381],[7.4626,47.45148],[7.45452,47.44953],[7.44718,47.45697],[7.44502,47.46172],[7.43007,47.45928],[7.42794,47.45705],[7.42848,47.45352],[7.42334,47.45083],[7.42373,47.44899],[7.42114,47.44639],[7.42401,47.44418],[7.42717,47.44382],[7.43779,47.44625],[7.44,47.44346],[7.44337,47.44146],[7.44849,47.43769],[7.45032,47.43547],[7.4521,47.43104],[7.45483,47.42933],[7.45526,47.42761],[7.45473,47.42569],[7.45174,47.42272],[7.45052,47.42012],[7.45022,47.41762],[7.44728,47.41452],[7.43807,47.41281],[7.42731,47.41448],[7.42041,47.41114],[7.41435,47.41101],[7.38805,47.41403],[7.38175,47.41338],[7.37813,47.41406],[7.37568,47.41408]]],[[[7.37568,47.41408],[7.37899,47.42126],[7.37964,47.42763],[7.38276,47.4297],[7.38279,47.43123],[7.38089,47.43189],[7.35275,47.43441],[7.3374,47.44088],[7.32647,47.43985],[7.32589,47.4321],[7.33967,47.42921],[7.34528,47.42405],[7.3574,47.41806],[7.35724,47.415],[7.36314,47.41472],[7.37568,47.41408]]]]},"properties":{"code":"CH032","nom":"Basel-Landschaft","country":"CH"}},{"type":"Feature","geometry":{"type":"MultiPolygon","coordinates":[[[[8.82935,47.20934],[8.82107,47.21196],[8.80938,47.21939],[8.80778,47.22056],[8.7934,47.22255],[8.74066,47.21167],[8.71448,47.20312],[8.7102,47.20104],[8.70432,47.20155],[8.70158,47.19831],[8.69346,47.19549],[8.68695,47.18823],[8.68546,47.18651],[8.68219,47.18505],[8.68133,47.1836],[8.68039,47.17912],[8.68125,47.17732],[8.68203,47.17411],[8.68631,47.1719],[8.69027,47.16974],[8.69204,47.16675],[8.69248,47.16362],[8.69572,47.16331],[8.69673,47.15958],[8.69829,47.15875],[8.69825,47.15663],[8.69922,47.15502],[8.69891,47.15266],[8.70115,47.15093],[8.68788,47.14517],[8.68503,47.14088],[8.68723,47.13669],[8.68147,47.12572],[8.67259,47.11999],[8.67041,47.11604],[8.6605,47.11422],[8.64945,47.10344],[8.64546,47.09964],[8.64499,47.09584],[8.63772,47.0934],[8.61211,47.0949],[8.60757,47.0919],[8.60285,47.09119],[8.59992,47.09064],[8.59541,47.09124],[8.59099,47.08895],[8.59013,47.08643],[8.58694,47.08576],[8.58091,47.08398],[8.57752,47.08471],[8.5743,47.08224],[8.56727,47.08114],[8.56353,47.08166],[8.56248,47.08292],[8.5649,47.08729],[8.56339,47.09261],[8.54541,47.09403],[8.52719,47.0917],[8.52077,47.09005],[8.50015,47.09758],[8.49298,47.1002],[8.47782,47.1064],[8.47229,47.11218],[8.4641,47.11144],[8.45121,47.11366],[8.42075,47.1019],[8.41034,47.09281],[8.4112,47.08594],[8.40702,47.08069],[8.38921,47.07065],[8.38947,47.06804],[8.39053,47.06127],[8.40046,47.05964],[8.40344,47.06087],[8.43018,47.06526],[8.44237,47.06238],[8.46186,47.05029],[8.46444,47.04828],[8.47111,47.04731],[8.47517,47.04318],[8.47745,47.04075],[8.48325,47.03783],[8.48881,47.03393],[8.49229,47.03018],[8.49703,47.02863],[8.50015,47.02544],[8.50147,47.02409],[8.50721,47.02462],[8.51359,47.02193],[8.51005,47.00648],[8.50015,47.0008],[8.49489,47.00051],[8.48331,46.99673],[8.47366,46.99567],[8.46816,46.99652],[8.46523,46.98427],[8.49662,46.97643],[8.50015,46.97695],[8.51936,46.97982],[8.52719,46.97974],[8.54279,46.97957],[8.56915,46.99025],[8.58242,46.99341],[8.59714,46.99021],[8.60314,46.98684],[8.60413,46.98233],[8.60118,46.97524],[8.60351,46.96856],[8.60439,46.95198],[8.61943,46.95224],[8.63651,46.94982],[8.66885,46.94474],[8.69264,46.94573],[8.69931,46.93467],[8.69875,46.92636],[8.7081,46.91747],[8.71009,46.91822],[8.71335,46.91897],[8.71657,46.91858],[8.71942,46.92012],[8.72088,46.92201],[8.72348,46.92407],[8.72392,46.92571],[8.72905,46.92752],[8.74598,46.93553],[8.7513,46.93466],[8.77046,46.94086],[8.77925,46.93273],[8.78972,46.93061],[8.7985,46.93666],[8.81071,46.94075],[8.82647,46.93505],[8.82943,46.93039],[8.82758,46.92237],[8.836,46.90844],[8.84846,46.91213],[8.84811,46.89176],[8.85321,46.88539],[8.85673,46.88862],[8.86408,46.89538],[8.8782,46.89702],[8.90611,46.9084],[8.93508,46.92021],[8.96345,46.92802],[8.95561,46.939],[8.96351,46.95513],[8.96826,46.95891],[8.95639,46.96294],[8.94883,46.96888],[8.94468,46.96837],[8.9331,46.98139],[8.94074,46.98688],[8.93615,46.98786],[8.9276,46.99791],[8.91891,47.0018],[8.91166,47.00946],[8.90962,47.0171],[8.90611,47.01807],[8.89507,47.02114],[8.89461,47.02454],[8.90275,47.02754],[8.90232,47.03766],[8.90611,47.0384],[8.91244,47.03963],[8.92207,47.03866],[8.94813,47.04936],[8.94887,47.05543],[8.95102,47.06076],[8.95447,47.0655],[8.95821,47.06816],[8.95943,47.07039],[8.96114,47.07177],[8.96153,47.07468],[8.96078,47.07622],[8.96475,47.07742],[8.96674,47.07967],[8.96592,47.08177],[8.97268,47.08418],[8.97513,47.08593],[8.97221,47.08654],[8.95851,47.08979],[8.95448,47.09135],[8.95418,47.09417],[8.95629,47.09611],[8.95964,47.10013],[8.97104,47.10377],[8.96928,47.108],[8.97133,47.11026],[8.97093,47.11248],[8.97375,47.11507],[8.972,47.11804],[8.96704,47.11918],[8.96514,47.12178],[8.96917,47.1303],[8.96812,47.13361],[8.96937,47.1345],[8.96726,47.13665],[8.97345,47.14038],[8.99082,47.16113],[9.00457,47.17315],[8.98361,47.18262],[8.97489,47.18167],[8.97024,47.1789],[8.96283,47.17999],[8.96173,47.18356],[8.96095,47.18653],[8.96053,47.18823],[8.95775,47.19931],[8.96495,47.19832],[8.96859,47.21131],[8.97427,47.21291],[8.97123,47.21644],[8.96582,47.21781],[8.95408,47.21672],[8.94118,47.21844],[8.90611,47.21483],[8.86408,47.2105],[8.85673,47.20974],[8.8406,47.20808],[8.82935,47.20934]]]]},"properties":{"code":"CH063","nom":"Schwyz","country":"CH"}},{"type":"Feature","geometry":{"type":"MultiPolygon","coordinates":[[[[8.70159,47.69194],[8.68985,47.69494],[8.67046,47.68486],[8.66817,47.67767],[8.66826,47.67605],[8.66961,47.67475],[8.67688,47.67182],[8.67761,47.66853],[8.67903,47.66734],[8.67796,47.66582],[8.68076,47.65802],[8.68903,47.64968],[8.70788,47.6427],[8.71367,47.64351],[8.71714,47.64172],[8.72002,47.64113],[8.72218,47.64148],[8.7257,47.64309],[8.73185,47.64199],[8.73444,47.64163],[8.73825,47.64181],[8.74302,47.64261],[8.74389,47.63953],[8.74725,47.63873],[8.74864,47.64115],[8.75774,47.64306],[8.75957,47.64551],[8.76241,47.64622],[8.76477,47.64851],[8.77687,47.64981],[8.78534,47.65504],[8.78854,47.66449],[8.79852,47.66499],[8.8027,47.66491],[8.80493,47.65317],[8.8147,47.64958],[8.82152,47.64873],[8.82643,47.64675],[8.82625,47.64391],[8.82709,47.64224],[8.82754,47.64034],[8.82546,47.63714],[8.82143,47.63064],[8.81406,47.62727],[8.81285,47.6172],[8.80547,47.61344],[8.80411,47.60807],[8.80135,47.60157],[8.78943,47.60356],[8.78783,47.60965],[8.77942,47.61267],[8.77631,47.61289],[8.77453,47.61484],[8.77042,47.61509],[8.76201,47.61808],[8.75839,47.61835],[8.75652,47.6168],[8.7506,47.61981],[8.74948,47.62139],[8.74665,47.62095],[8.74558,47.61373],[8.73988,47.60948],[8.74773,47.60003],[8.74819,47.59235],[8.76201,47.59285],[8.79791,47.58503],[8.80206,47.58362],[8.81025,47.57095],[8.81609,47.57037],[8.82323,47.57271],[8.82904,47.57167],[8.83159,47.57333],[8.83863,47.57104],[8.83965,47.5661],[8.84549,47.56355],[8.85105,47.56367],[8.84958,47.56081],[8.82967,47.557],[8.83016,47.55337],[8.84168,47.53317],[8.85673,47.53153],[8.86408,47.53073],[8.86779,47.53044],[8.87124,47.53002],[8.87369,47.52948],[8.87927,47.52747],[8.88758,47.52827],[8.88989,47.5268],[8.8965,47.52571],[8.89872,47.52409],[8.89679,47.52083],[8.89505,47.51948],[8.89713,47.51769],[8.89638,47.51332],[8.89764,47.51114],[8.89708,47.50497],[8.89486,47.50272],[8.89301,47.48981],[8.89686,47.48563],[8.88623,47.48167],[8.88485,47.47766],[8.88201,47.47508],[8.88366,47.47018],[8.88992,47.46898],[8.89349,47.46374],[8.89561,47.46332],[8.89886,47.4562],[8.90611,47.45023],[8.90786,47.4488],[8.90611,47.44694],[8.90349,47.44415],[8.90611,47.44013],[8.9127,47.43684],[8.93008,47.4351],[8.93082,47.4318],[8.92657,47.43141],[8.92208,47.43298],[8.91923,47.43273],[8.91812,47.43243],[8.91709,47.4332],[8.91347,47.43157],[8.9119,47.43377],[8.91063,47.43408],[8.90789,47.43143],[8.90771,47.43043],[8.90886,47.42951],[8.91294,47.42815],[8.91401,47.41797],[8.90611,47.40586],[8.90389,47.40245],[8.90617,47.40135],[8.92154,47.39887],[8.94146,47.38718],[8.94364,47.37584],[8.95777,47.38569],[8.96469,47.38546],[8.96814,47.39048],[8.97155,47.39125],[8.97542,47.40827],[8.97944,47.41137],[8.98934,47.41224],[8.99196,47.42161],[8.99027,47.42907],[8.99683,47.43152],[8.99926,47.43505],[9.0033,47.43409],[9.01007,47.43523],[9.0119,47.43348],[9.01375,47.43544],[9.01872,47.43668],[9.01971,47.44033],[9.02202,47.44153],[9.0278,47.43683],[9.03134,47.43772],[9.03334,47.43973],[9.03671,47.43823],[9.03809,47.44148],[9.04239,47.44068],[9.04796,47.44365],[9.05461,47.4432],[9.05872,47.44323],[9.05689,47.44556],[9.0589,47.44582],[9.06058,47.44509],[9.06262,47.44645],[9.04323,47.45373],[9.03334,47.4556],[9.02963,47.4572],[9.02743,47.45762],[9.02581,47.46029],[9.02851,47.46137],[9.02872,47.46713],[9.01089,47.47262],[9.00866,47.47766],[9.00587,47.48171],[9.01207,47.48947],[9.01736,47.49004],[9.02014,47.48824],[9.02625,47.49007],[9.02822,47.48862],[9.03053,47.49073],[9.03334,47.49158],[9.03685,47.49205],[9.04203,47.49587],[9.04277,47.49603],[9.05685,47.488],[9.0616,47.49165],[9.08195,47.49512],[9.09038,47.48241],[9.09953,47.485],[9.1109,47.48433],[9.11885,47.4799],[9.12896,47.48448],[9.14205,47.48489],[9.15548,47.488],[9.16594,47.504],[9.17098,47.50288],[9.16998,47.49853],[9.17394,47.49523],[9.1777,47.49704],[9.18083,47.49652],[9.18355,47.49194],[9.18973,47.49239],[9.1938,47.48954],[9.20714,47.48885],[9.20889,47.47992],[9.21251,47.47946],[9.21752,47.48313],[9.22373,47.48421],[9.23702,47.48088],[9.23906,47.48097],[9.24408,47.47984],[9.24808,47.47599],[9.26033,47.47489],[9.27706,47.47921],[9.28233,47.48269],[9.2993,47.47776],[9.32091,47.49081],[9.31712,47.49971],[9.30942,47.4984],[9.30679,47.5023],[9.30929,47.50576],[9.31698,47.50865],[9.30404,47.51473],[9.29011,47.50661],[9.28127,47.50626],[9.27124,47.50868],[9.27053,47.51153],[9.27538,47.51251],[9.2799,47.51103],[9.28377,47.5207],[9.29359,47.52271],[9.30435,47.526],[9.31251,47.52289],[9.31302,47.5272],[9.31745,47.53079],[9.33663,47.52925],[9.33961,47.53189],[9.3416,47.52238],[9.3548,47.51803],[9.34448,47.5087],[9.33932,47.5072],[9.33773,47.50322],[9.3404,47.50282],[9.35445,47.5007],[9.35888,47.50345],[9.36431,47.50157],[9.37393,47.49929],[9.37269,47.49486],[9.3681,47.49301],[9.36743,47.49209],[9.37251,47.48994],[9.37133,47.48917],[9.36984,47.48855],[9.36855,47.48742],[9.36737,47.48474],[9.37268,47.48587],[9.38084,47.48572],[9.38929,47.48061],[9.39131,47.47649],[9.39653,47.47518],[9.39796,47.47694],[9.39915,47.47806],[9.40658,47.49291],[9.41578,47.4977],[9.42145,47.49685],[9.42575,47.50167],[9.43591,47.50686],[9.4956,47.55145],[9.44891,47.58333],[9.43431,47.5933],[9.43017,47.59612],[9.42753,47.59793],[9.39471,47.62033],[9.38788,47.62222],[9.37722,47.62519],[9.34915,47.63298],[9.3404,47.63541],[9.31783,47.64169],[9.27653,47.65316],[9.25656,47.65871],[9.21483,47.6551],[9.20839,47.65529],[9.1883,47.65708],[9.18219,47.65589],[9.1708,47.65528],[9.16305,47.66046],[9.15721,47.66574],[9.14834,47.66761],[9.14159,47.66469],[9.13542,47.6652],[9.12781,47.66661],[9.11942,47.66814],[9.09509,47.67871],[9.07371,47.67901],[9.05767,47.68406],[9.03334,47.68537],[9.02157,47.68643],[9.01021,47.68408],[8.98092,47.67398],[8.96349,47.66481],[8.94305,47.65723],[8.90611,47.64962],[8.90034,47.64843],[8.8946,47.64839],[8.88319,47.65396],[8.87489,47.65467],[8.86489,47.65542],[8.86303,47.65502],[8.85673,47.65],[8.85113,47.6504],[8.84636,47.65352],[8.85332,47.66066],[8.84184,47.66468],[8.83681,47.67128],[8.81823,47.67728],[8.80464,47.6782],[8.79867,47.67617],[8.79571,47.6756],[8.7849,47.67681],[8.75743,47.68926],[8.72798,47.69268],[8.72455,47.6926],[8.7205,47.69164],[8.71772,47.69074],[8.70923,47.68969],[8.70159,47.69194]],[[9.35449,47.50937],[9.35337,47.51144],[9.3569,47.51195],[9.35912,47.51055],[9.35817,47.50805],[9.35449,47.50937]]],[[[9.47629,47.48934],[9.46756,47.49556],[9.44896,47.50097],[9.44963,47.49224],[9.45361,47.49166],[9.45294,47.49002],[9.45563,47.48952],[9.45971,47.4889],[9.4657,47.48797],[9.46418,47.48442],[9.47629,47.48934]]]]},"properties":{"code":"CH057","nom":"Thurgau","country":"CH"}},{"type":"Feature","geometry":{"type":"MultiPolygon","coordinates":[[[[8.2586,47.2872],[8.24969,47.28517],[8.24209,47.27732],[8.24239,47.27231],[8.23464,47.27292],[8.23287,47.27389],[8.22819,47.27305],[8.22007,47.25259],[8.20802,47.24772],[8.20328,47.23435],[8.20427,47.22649],[8.17621,47.2219],[8.17443,47.22764],[8.17187,47.22824],[8.16383,47.22992],[8.16108,47.23602],[8.15664,47.23891],[8.17423,47.24055],[8.17997,47.24561],[8.17932,47.25018],[8.17427,47.25293],[8.14277,47.24729],[8.13556,47.24667],[8.13169,47.2458],[8.12977,47.24342],[8.12502,47.24131],[8.11961,47.24386],[8.10905,47.24457],[8.1062,47.24888],[8.10601,47.25221],[8.09888,47.26027],[8.08831,47.26292],[8.07188,47.25517],[8.05629,47.25555],[8.06174,47.24748],[8.06026,47.24601],[8.02879,47.24128],[8.01505,47.2442],[8.01661,47.25588],[8.0138,47.26201],[8.00958,47.26501],[8.00799,47.26712],[8.00536,47.26924],[8.00476,47.27095],[7.99767,47.27973],[7.99484,47.28084],[7.98645,47.27623],[7.97659,47.27482],[7.95796,47.27672],[7.95077,47.27491],[7.95176,47.26637],[7.96149,47.25433],[7.95739,47.25186],[7.95366,47.24959],[7.9522,47.24871],[7.94608,47.24329],[7.94027,47.24077],[7.93347,47.23588],[7.92226,47.23773],[7.91717,47.24024],[7.90959,47.24396],[7.8947,47.24261],[7.8524,47.23269],[7.84303,47.23436],[7.84201,47.23565],[7.8397,47.23568],[7.83869,47.23441],[7.83746,47.22357],[7.84609,47.21676],[7.8524,47.20614],[7.85613,47.20095],[7.85729,47.19973],[7.85968,47.19889],[7.86063,47.19273],[7.8754,47.18279],[7.88035,47.17636],[7.88145,47.17186],[7.87638,47.16581],[7.875,47.16239],[7.8755,47.15997],[7.87559,47.15725],[7.87685,47.1548],[7.87712,47.15296],[7.87836,47.15145],[7.87982,47.14902],[7.88147,47.14723],[7.88965,47.14004],[7.88953,47.13327],[7.88615,47.12841],[7.88273,47.12766],[7.87312,47.12484],[7.8686,47.11959],[7.86935,47.11271],[7.87428,47.10938],[7.87451,47.09839],[7.87892,47.09549],[7.88056,47.09],[7.87894,47.07878],[7.87202,47.06466],[7.87307,47.06129],[7.86716,47.05502],[7.86834,47.04665],[7.87512,47.04142],[7.88168,47.0399],[7.88453,47.03345],[7.89275,47.02924],[7.89431,47.02312],[7.8996,47.01809],[7.89753,47.01268],[7.90201,47.00592],[7.92223,47.01047],[7.93194,47.00456],[7.94115,47.00497],[7.9446,47.00545],[7.94762,47.00551],[7.95169,47.00607],[7.95618,47.00342],[7.95393,47.00188],[7.95206,46.9966],[7.94833,46.99371],[7.94954,46.9872],[7.95239,46.98131],[7.94457,46.97695],[7.94489,46.96831],[7.93303,46.96195],[7.93116,46.95046],[7.92224,46.9465],[7.91462,46.93454],[7.90889,46.93292],[7.89692,46.93432],[7.87343,46.92508],[7.86798,46.91476],[7.8805,46.90989],[7.8825,46.90404],[7.8722,46.8899],[7.85861,46.88528],[7.85621,46.88084],[7.8581,46.8754],[7.85771,46.87325],[7.85727,46.87143],[7.8644,46.86944],[7.86452,46.86632],[7.86956,46.86416],[7.86729,46.85874],[7.86765,46.85472],[7.86739,46.85129],[7.86982,46.84726],[7.87041,46.84386],[7.87711,46.83708],[7.89558,46.83101],[7.92242,46.82002],[7.94674,46.80522],[7.95099,46.79993],[7.95302,46.79443],[7.95412,46.79163],[7.9674,46.78499],[7.97336,46.77875],[7.98439,46.77492],[7.99319,46.77917],[7.99758,46.78229],[8.00457,46.78383],[8.02067,46.78905],[8.03127,46.79021],[8.03901,46.78757],[8.04694,46.7871],[8.04909,46.78801],[8.05569,46.79298],[8.05588,46.7988],[8.06319,46.80306],[8.06417,46.80729],[8.0429,46.8379],[8.04563,46.84359],[8.05692,46.85082],[8.05815,46.85738],[8.06613,46.86058],[8.0706,46.87766],[8.07096,46.88156],[8.06922,46.88197],[8.06711,46.88783],[8.06973,46.89094],[8.06988,46.89576],[8.07286,46.89693],[8.07804,46.89734],[8.08284,46.89967],[8.08607,46.90422],[8.08591,46.90615],[8.09516,46.91131],[8.1074,46.90808],[8.10696,46.89704],[8.11124,46.89361],[8.13358,46.92101],[8.15702,46.9334],[8.16394,46.93968],[8.15195,46.95206],[8.15052,46.95666],[8.16161,46.96377],[8.16591,46.96582],[8.17661,46.9685],[8.18193,46.96856],[8.18724,46.97174],[8.20285,46.96687],[8.2167,46.96916],[8.22615,46.96941],[8.22893,46.97002],[8.22882,46.97315],[8.22232,46.97664],[8.21944,46.98145],[8.22851,46.99166],[8.23772,46.9918],[8.24401,46.98607],[8.24839,46.98738],[8.25525,46.99418],[8.26,46.99624],[8.27544,46.99802],[8.28817,46.99481],[8.29682,46.99834],[8.31444,46.99878],[8.31937,46.9996],[8.33517,46.98896],[8.36868,47.0194],[8.38379,47.01772],[8.38473,47.00336],[8.38288,47.00066],[8.38547,46.99834],[8.39687,47.0007],[8.41432,46.99832],[8.4254,46.99832],[8.42708,46.99933],[8.42633,47.00265],[8.42797,47.01721],[8.46906,47.00929],[8.46816,46.99652],[8.47366,46.99567],[8.48331,46.99673],[8.49489,47.00051],[8.50015,47.0008],[8.51005,47.00648],[8.51359,47.02193],[8.50721,47.02462],[8.50147,47.02409],[8.50015,47.02544],[8.49703,47.02863],[8.49229,47.03018],[8.48881,47.03393],[8.48325,47.03783],[8.47745,47.04075],[8.47517,47.04318],[8.47111,47.04731],[8.46444,47.04828],[8.46186,47.05029],[8.44237,47.06238],[8.43018,47.06526],[8.40344,47.06087],[8.40046,47.05964],[8.39053,47.06127],[8.38947,47.06804],[8.38921,47.07065],[8.40702,47.08069],[8.4112,47.08594],[8.41034,47.09281],[8.42075,47.1019],[8.45121,47.11366],[8.4641,47.11144],[8.47229,47.11218],[8.47782,47.1064],[8.49298,47.1002],[8.49369,47.11373],[8.48109,47.12589],[8.4673,47.11867],[8.45838,47.11445],[8.4526,47.1145],[8.44733,47.12942],[8.44168,47.12897],[8.43136,47.12396],[8.42024,47.12263],[8.41535,47.12445],[8.41632,47.13185],[8.41213,47.14074],[8.40848,47.13854],[8.40509,47.1376],[8.37724,47.13975],[8.37483,47.14303],[8.36207,47.14598],[8.36135,47.15221],[8.35828,47.15327],[8.35827,47.15682],[8.34128,47.17431],[8.33921,47.18456],[8.33827,47.18861],[8.33321,47.1942],[8.33055,47.19703],[8.33019,47.20234],[8.32954,47.20378],[8.32801,47.20613],[8.32736,47.21075],[8.32016,47.21613],[8.31857,47.22337],[8.31546,47.23075],[8.31396,47.23644],[8.31477,47.23973],[8.31073,47.24512],[8.3059,47.25065],[8.29914,47.25547],[8.2953,47.26469],[8.2994,47.27083],[8.29772,47.27201],[8.29432,47.2733],[8.28719,47.27913],[8.27942,47.28095],[8.27871,47.28207],[8.2726,47.28062],[8.27066,47.28334],[8.26163,47.28254],[8.2586,47.2872]]]]},"properties":{"code":"CH061","nom":"Luzern","country":"CH"}},{"type":"Feature","geometry":{"type":"MultiPolygon","coordinates":[[[[8.60351,46.96856],[8.60118,46.97524],[8.60413,46.98233],[8.60314,46.98684],[8.59714,46.99021],[8.58242,46.99341],[8.56915,46.99025],[8.57387,46.98392],[8.57256,46.97977],[8.56321,46.97296],[8.56093,46.96674],[8.55568,46.96287],[8.5574,46.94044],[8.54601,46.93801],[8.5473,46.93332],[8.54406,46.92788],[8.53169,46.92359],[8.52719,46.9233],[8.51979,46.92282],[8.51886,46.92002],[8.51551,46.91797],[8.50291,46.91442],[8.50015,46.91693],[8.49815,46.91875],[8.49459,46.91789],[8.49106,46.91853],[8.48607,46.91848],[8.4841,46.91202],[8.48123,46.90859],[8.46785,46.9049],[8.46482,46.9044],[8.45868,46.89896],[8.46188,46.8975],[8.46614,46.89761],[8.47054,46.89465],[8.474,46.89339],[8.47289,46.89138],[8.47659,46.88846],[8.47907,46.88254],[8.47488,46.88038],[8.4719,46.878],[8.46795,46.87746],[8.46656,46.87518],[8.46981,46.87129],[8.47138,46.86792],[8.46796,46.86076],[8.47199,46.85535],[8.4769,46.85524],[8.47774,46.85666],[8.48079,46.85741],[8.48789,46.85356],[8.49406,46.85284],[8.49785,46.85372],[8.50015,46.85086],[8.50235,46.84813],[8.50703,46.84547],[8.50373,46.84125],[8.50015,46.83982],[8.49099,46.83616],[8.487,46.83175],[8.47902,46.81391],[8.48282,46.80846],[8.48164,46.80385],[8.46564,46.79887],[8.47172,46.79612],[8.48097,46.79758],[8.4793,46.78925],[8.48736,46.78204],[8.49143,46.77306],[8.48252,46.76971],[8.47325,46.76808],[8.46993,46.76876],[8.46653,46.77],[8.46331,46.76931],[8.45785,46.76758],[8.44896,46.76452],[8.44637,46.75673],[8.44393,46.7541],[8.44145,46.7547],[8.43872,46.75336],[8.4424,46.74997],[8.44287,46.7469],[8.44196,46.74507],[8.44093,46.74299],[8.44077,46.73746],[8.44972,46.72985],[8.44747,46.72686],[8.44783,46.71844],[8.44724,46.71457],[8.44858,46.71235],[8.45379,46.71078],[8.45456,46.69826],[8.44984,46.68806],[8.44157,46.6859],[8.42662,46.68639],[8.39982,46.69173],[8.39837,46.67533],[8.40811,46.66559],[8.41041,46.65302],[8.41817,46.65223],[8.42198,46.64788],[8.42061,46.64646],[8.42026,46.63733],[8.41875,46.63572],[8.42082,46.62837],[8.4223,46.62724],[8.41721,46.61049],[8.40829,46.60067],[8.40977,46.59594],[8.40663,46.58563],[8.41879,46.56782],[8.42819,46.54504],[8.43532,46.54066],[8.45362,46.53461],[8.46537,46.53488],[8.47767,46.5276],[8.48373,46.53199],[8.50015,46.53451],[8.51953,46.53893],[8.5141,46.55912],[8.52049,46.56711],[8.52175,46.57664],[8.52719,46.58197],[8.5313,46.58456],[8.53586,46.5847],[8.5392,46.58678],[8.5483,46.58206],[8.55825,46.58152],[8.56487,46.58134],[8.5734,46.58368],[8.57743,46.58168],[8.58131,46.57702],[8.58413,46.57689],[8.5905,46.57348],[8.60133,46.57364],[8.61134,46.57504],[8.61484,46.57822],[8.61749,46.57781],[8.62038,46.57812],[8.62645,46.57632],[8.6275,46.57436],[8.62982,46.5736],[8.62865,46.5712],[8.6308,46.56584],[8.63465,46.56441],[8.63772,46.56462],[8.64299,46.56497],[8.64818,46.5657],[8.65352,46.56786],[8.65844,46.57066],[8.65983,46.57265],[8.66349,46.57417],[8.66667,46.57658],[8.67301,46.57829],[8.67873,46.57919],[8.68144,46.58836],[8.67776,46.59934],[8.67768,46.61049],[8.67874,46.61599],[8.67699,46.61932],[8.67134,46.61961],[8.66785,46.62019],[8.66581,46.62178],[8.66365,46.62259],[8.65796,46.62616],[8.65659,46.63133],[8.6512,46.63558],[8.65251,46.63878],[8.65764,46.64166],[8.65644,46.64374],[8.65843,46.64716],[8.65486,46.64997],[8.66122,46.65607],[8.6663,46.65597],[8.67859,46.66426],[8.67714,46.66808],[8.67371,46.67101],[8.67365,46.67672],[8.67468,46.69233],[8.67848,46.69455],[8.68669,46.69491],[8.69258,46.70185],[8.70079,46.70322],[8.71021,46.70006],[8.71908,46.70626],[8.74584,46.7175],[8.74851,46.72082],[8.74483,46.72884],[8.74755,46.7354],[8.76469,46.74461],[8.76897,46.74404],[8.78199,46.72831],[8.78782,46.73052],[8.79357,46.73166],[8.79648,46.73177],[8.79952,46.73145],[8.80356,46.73399],[8.81297,46.73731],[8.80987,46.74383],[8.81064,46.74507],[8.81312,46.74907],[8.81451,46.7507],[8.81373,46.75256],[8.81494,46.75533],[8.81593,46.7574],[8.81835,46.75879],[8.81761,46.76215],[8.82223,46.76389],[8.82601,46.76555],[8.83149,46.76477],[8.83395,46.76696],[8.83063,46.77128],[8.83061,46.7735],[8.8279,46.7792],[8.82904,46.78223],[8.82737,46.78617],[8.82704,46.78961],[8.82793,46.79174],[8.83162,46.79342],[8.83446,46.79522],[8.83947,46.79574],[8.84027,46.79409],[8.84807,46.79435],[8.84759,46.79614],[8.84765,46.79836],[8.85253,46.79969],[8.85673,46.80312],[8.85988,46.8057],[8.86408,46.80637],[8.86909,46.80716],[8.87393,46.80864],[8.87717,46.81312],[8.88148,46.82938],[8.87119,46.84207],[8.87496,46.84393],[8.87815,46.84492],[8.88088,46.846],[8.88877,46.84825],[8.89272,46.84906],[8.89651,46.85073],[8.90031,46.85463],[8.9047,46.85791],[8.90611,46.85923],[8.90855,46.86151],[8.91384,46.86057],[8.918,46.86081],[8.92245,46.8631],[8.9257,46.86442],[8.93271,46.86575],[8.93799,46.86826],[8.94175,46.87087],[8.94656,46.87308],[8.95602,46.87536],[8.95787,46.87952],[8.95765,46.88113],[8.95734,46.8879],[8.95282,46.8983],[8.95336,46.90076],[8.94879,46.90149],[8.94359,46.90616],[8.94252,46.90967],[8.93508,46.92021],[8.90611,46.9084],[8.8782,46.89702],[8.86408,46.89538],[8.85673,46.88862],[8.85321,46.88539],[8.84811,46.89176],[8.84846,46.91213],[8.836,46.90844],[8.82758,46.92237],[8.82943,46.93039],[8.82647,46.93505],[8.81071,46.94075],[8.7985,46.93666],[8.78972,46.93061],[8.77925,46.93273],[8.77046,46.94086],[8.7513,46.93466],[8.74598,46.93553],[8.72905,46.92752],[8.72392,46.92571],[8.72348,46.92407],[8.72088,46.92201],[8.71942,46.92012],[8.71657,46.91858],[8.71335,46.91897],[8.71009,46.91822],[8.7081,46.91747],[8.69875,46.92636],[8.69931,46.93467],[8.69264,46.94573],[8.66885,46.94474],[8.63651,46.94982],[8.61943,46.95224],[8.60439,46.95198],[8.60351,46.96856]]]]},"properties":{"code":"CH062","nom":"Uri","country":"CH"}},{"type":"Feature","geometry":{"type":"MultiPolygon","coordinates":[[[[8.22405,47.60685],[8.22127,47.61551],[8.21535,47.6194],[8.20499,47.62081],[8.19753,47.61857],[8.19104,47.61288],[8.18446,47.60481],[8.1754,47.60201],[8.16604,47.59487],[8.1592,47.59415],[8.14988,47.59542],[8.13952,47.59118],[8.13636,47.58455],[8.1261,47.58329],[8.1105,47.58282],[8.10339,47.57599],[8.10098,47.5657],[8.09718,47.56103],[8.08373,47.55771],[8.06772,47.56425],[8.05942,47.56293],[8.04604,47.5553],[8.03691,47.553],[8.01956,47.55059],[8.0082,47.55455],[8.00723,47.55497],[7.99917,47.5564],[7.97714,47.55539],[7.9647,47.55718],[7.9554,47.55678],[7.94837,47.54565],[7.9405,47.54448],[7.91659,47.54827],[7.90852,47.55542],[7.91119,47.56872],[7.90654,47.57692],[7.89796,47.58406],[7.89411,47.58637],[7.88472,47.58872],[7.86865,47.58842],[7.8524,47.58377],[7.83758,47.58264],[7.83274,47.58656],[7.82402,47.58767],[7.81837,47.58602],[7.81114,47.57005],[7.79477,47.55726],[7.76021,47.54898],[7.75268,47.54503],[7.72405,47.54223],[7.71378,47.5394],[7.71606,47.53663],[7.72376,47.53554],[7.73439,47.53011],[7.737,47.52719],[7.73961,47.52709],[7.74564,47.52534],[7.74681,47.5263],[7.74992,47.5247],[7.75071,47.5251],[7.76116,47.52501],[7.78787,47.51959],[7.78979,47.50502],[7.79273,47.5036],[7.79092,47.5014],[7.79208,47.49961],[7.78865,47.49341],[7.79747,47.49616],[7.7983,47.4994],[7.80743,47.49717],[7.81476,47.50453],[7.83199,47.51475],[7.83503,47.53177],[7.83309,47.53382],[7.84558,47.53289],[7.85245,47.53526],[7.85735,47.53321],[7.86257,47.52695],[7.86273,47.52436],[7.86595,47.51948],[7.87668,47.52269],[7.87532,47.51803],[7.87571,47.5132],[7.87813,47.51396],[7.88393,47.50852],[7.89192,47.50711],[7.89411,47.50571],[7.89534,47.50225],[7.89831,47.50121],[7.89958,47.49619],[7.90469,47.49216],[7.90552,47.48488],[7.93272,47.48162],[7.9465,47.48525],[7.94017,47.4621],[7.94886,47.46379],[7.95763,47.45879],[7.95685,47.4552],[7.96773,47.46237],[7.97398,47.45966],[7.97658,47.45418],[7.97492,47.45201],[7.98062,47.44893],[7.98188,47.44632],[7.98381,47.44327],[7.98445,47.43954],[7.98374,47.43749],[7.98646,47.43321],[7.98535,47.43186],[7.98718,47.42837],[7.98535,47.42432],[7.98171,47.42785],[7.96309,47.4223],[7.98151,47.41422],[7.98864,47.41378],[8.00612,47.40729],[8.01207,47.39519],[8.02656,47.39562],[8.02743,47.39316],[8.03052,47.38331],[8.02673,47.37129],[8.02408,47.36768],[8.02276,47.36489],[8.01888,47.36413],[8.0115,47.35719],[8.01191,47.34981],[8.004,47.34536],[8.00426,47.34356],[8.00736,47.3394],[8.00521,47.3367],[8.00103,47.33476],[7.9917,47.33254],[7.98542,47.32841],[7.98444,47.33013],[7.9753,47.32631],[7.97632,47.32256],[7.9637,47.32069],[7.95666,47.31951],[7.94834,47.3177],[7.94785,47.32105],[7.94726,47.32505],[7.94893,47.32952],[7.94788,47.33265],[7.93894,47.33237],[7.93126,47.3331],[7.91928,47.33398],[7.91821,47.33538],[7.91588,47.33661],[7.90764,47.34105],[7.897,47.32755],[7.89741,47.31993],[7.89219,47.31623],[7.88593,47.31168],[7.88059,47.3114],[7.87361,47.31129],[7.86238,47.30698],[7.8524,47.29284],[7.8507,47.29017],[7.84933,47.28888],[7.84796,47.28782],[7.84626,47.28497],[7.84445,47.28226],[7.84359,47.27819],[7.84294,47.2767],[7.84093,47.27442],[7.83502,47.26966],[7.83302,47.26824],[7.82808,47.26689],[7.82473,47.26564],[7.82926,47.25906],[7.82788,47.25369],[7.82678,47.24537],[7.83869,47.23441],[7.8397,47.23568],[7.84201,47.23565],[7.84303,47.23436],[7.8524,47.23269],[7.8947,47.24261],[7.90959,47.24396],[7.91717,47.24024],[7.92226,47.23773],[7.93347,47.23588],[7.94027,47.24077],[7.94608,47.24329],[7.9522,47.24871],[7.95366,47.24959],[7.95739,47.25186],[7.96149,47.25433],[7.95176,47.26637],[7.95077,47.27491],[7.95796,47.27672],[7.97659,47.27482],[7.98645,47.27623],[7.99484,47.28084],[7.99767,47.27973],[8.00476,47.27095],[8.00536,47.26924],[8.00799,47.26712],[8.00958,47.26501],[8.0138,47.26201],[8.01661,47.25588],[8.01505,47.2442],[8.02879,47.24128],[8.06026,47.24601],[8.06174,47.24748],[8.05629,47.25555],[8.07188,47.25517],[8.08831,47.26292],[8.09888,47.26027],[8.10601,47.25221],[8.1062,47.24888],[8.10905,47.24457],[8.11961,47.24386],[8.12502,47.24131],[8.12977,47.24342],[8.13169,47.2458],[8.13556,47.24667],[8.14277,47.24729],[8.17427,47.25293],[8.17932,47.25018],[8.17997,47.24561],[8.17423,47.24055],[8.15664,47.23891],[8.16108,47.23602],[8.16383,47.22992],[8.17187,47.22824],[8.17443,47.22764],[8.17621,47.2219],[8.20427,47.22649],[8.20328,47.23435],[8.20802,47.24772],[8.22007,47.25259],[8.22819,47.27305],[8.23287,47.27389],[8.23464,47.27292],[8.24239,47.27231],[8.24209,47.27732],[8.24969,47.28517],[8.2586,47.2872],[8.26163,47.28254],[8.27066,47.28334],[8.2726,47.28062],[8.27871,47.28207],[8.27942,47.28095],[8.28719,47.27913],[8.29432,47.2733],[8.29772,47.27201],[8.2994,47.27083],[8.2953,47.26469],[8.29914,47.25547],[8.3059,47.25065],[8.31073,47.24512],[8.31477,47.23973],[8.31396,47.23644],[8.31546,47.23075],[8.31857,47.22337],[8.32016,47.21613],[8.32736,47.21075],[8.32801,47.20613],[8.32954,47.20378],[8.33019,47.20234],[8.33055,47.19703],[8.33321,47.1942],[8.33827,47.18861],[8.33921,47.18456],[8.34128,47.17431],[8.35827,47.15682],[8.35828,47.15327],[8.36135,47.15221],[8.36207,47.14598],[8.37483,47.14303],[8.37724,47.13975],[8.40509,47.1376],[8.40848,47.13854],[8.41213,47.14074],[8.41485,47.14562],[8.41434,47.15718],[8.41205,47.17223],[8.40282,47.1774],[8.40024,47.18352],[8.40535,47.19572],[8.40038,47.21502],[8.39648,47.22031],[8.39599,47.22823],[8.40564,47.23677],[8.4081,47.24271],[8.41069,47.24522],[8.41121,47.24675],[8.41072,47.24804],[8.40327,47.25489],[8.40144,47.26825],[8.40174,47.2728],[8.39509,47.27834],[8.39163,47.28649],[8.39023,47.28847],[8.38874,47.29004],[8.39231,47.29101],[8.39707,47.28797],[8.40356,47.29052],[8.40431,47.29191],[8.41474,47.29346],[8.42916,47.3007],[8.42846,47.3012],[8.43601,47.31515],[8.44122,47.31587],[8.44825,47.32264],[8.45413,47.33465],[8.44927,47.33061],[8.44157,47.32759],[8.43278,47.32637],[8.42915,47.32724],[8.41628,47.32447],[8.41526,47.32626],[8.41264,47.32686],[8.41259,47.32858],[8.41679,47.33424],[8.41587,47.3357],[8.41644,47.33709],[8.41464,47.33714],[8.4078,47.34159],[8.40422,47.34634],[8.40682,47.3519],[8.40933,47.3551],[8.40735,47.35553],[8.40751,47.35989],[8.40501,47.36408],[8.40813,47.36674],[8.40714,47.37014],[8.40037,47.37053],[8.39959,47.37485],[8.39462,47.38196],[8.39464,47.39397],[8.38357,47.3957],[8.37875,47.39933],[8.36664,47.39929],[8.36235,47.40237],[8.36736,47.40157],[8.37487,47.40434],[8.37975,47.40315],[8.38322,47.4054],[8.38276,47.41659],[8.38801,47.41725],[8.39168,47.42104],[8.38768,47.42826],[8.37833,47.4293],[8.37468,47.43227],[8.38392,47.43494],[8.38121,47.44638],[8.38679,47.44944],[8.38297,47.45618],[8.38014,47.4562],[8.37892,47.459],[8.3728,47.45874],[8.36948,47.46539],[8.36577,47.46623],[8.36864,47.46972],[8.37449,47.47168],[8.37329,47.48139],[8.36357,47.48084],[8.362,47.48574],[8.36266,47.49063],[8.36088,47.49564],[8.35836,47.49745],[8.36238,47.49947],[8.36317,47.5012],[8.35915,47.50091],[8.35783,47.50247],[8.35904,47.50426],[8.35876,47.50566],[8.36168,47.50785],[8.36109,47.51027],[8.37698,47.5127],[8.38206,47.52554],[8.38668,47.52885],[8.39188,47.52514],[8.3933,47.52572],[8.39639,47.5318],[8.40272,47.53332],[8.4088,47.54418],[8.41754,47.5457],[8.4151,47.55417],[8.41841,47.56441],[8.42643,47.56755],[8.41629,47.57074],[8.39997,47.57675],[8.3921,47.57502],[8.38347,47.56604],[8.3621,47.56949],[8.35411,47.57032],[8.33718,47.5704],[8.32519,47.57251],[8.31635,47.57894],[8.29796,47.58936],[8.29543,47.59462],[8.29706,47.60527],[8.28848,47.61032],[8.27946,47.6114],[8.26553,47.60978],[8.26115,47.61347],[8.2541,47.6148],[8.23726,47.61176],[8.22857,47.60558],[8.22405,47.60685]]]]},"properties":{"code":"CH033","nom":"Aargau","country":"CH"}},{"type":"Feature","geometry":{"type":"MultiPolygon","coordinates":[[[[6.73967,46.89227],[6.74008,46.89481],[6.72103,46.90541],[6.71674,46.90607],[6.71745,46.91589],[6.72346,46.93112],[6.72112,46.93225],[6.72039,46.93386],[6.72087,46.93614],[6.68503,46.92586],[6.66842,46.92031],[6.6624,46.91762],[6.6472,46.91061],[6.64552,46.90621],[6.63024,46.89163],[6.62708,46.88871],[6.62125,46.88881],[6.61464,46.88894],[6.60894,46.88739],[6.60636,46.88677],[6.60006,46.88441],[6.59777,46.88355],[6.59336,46.88433],[6.58726,46.88416],[6.57484,46.88046],[6.57041,46.87888],[6.56275,46.8756],[6.55942,46.87396],[6.55203,46.8731],[6.54561,46.86882],[6.53777,46.86699],[6.52752,46.85865],[6.52332,46.8566],[6.51511,46.8546],[6.51137,46.85368],[6.48213,46.84653],[6.46648,46.84778],[6.46537,46.85079],[6.46001,46.85155],[6.4552,46.84614],[6.45278,46.84343],[6.44879,46.83894],[6.44578,46.83556],[6.44251,46.83188],[6.43961,46.82412],[6.43985,46.82236],[6.44068,46.81626],[6.43766,46.81504],[6.43482,46.81388],[6.431,46.81233],[6.43463,46.80204],[6.43766,46.79994],[6.4417,46.79776],[6.45756,46.78825],[6.45169,46.77399],[6.4389,46.76637],[6.43802,46.76363],[6.43942,46.76257],[6.43766,46.76145],[6.42758,46.75573],[6.41714,46.75277],[6.4001,46.75018],[6.39424,46.74754],[6.38951,46.74361],[6.39118,46.73798],[6.38548,46.73211],[6.37177,46.73047],[6.37068,46.72427],[6.36511,46.72236],[6.36024,46.72309],[6.35745,46.71986],[6.35422,46.71842],[6.3531,46.71638],[6.35242,46.71514],[6.34904,46.71426],[6.34757,46.71344],[6.34201,46.71038],[6.33254,46.7076],[6.32781,46.70621],[6.32414,46.70604],[6.3074,46.69859],[6.29822,46.69449],[6.29578,46.69438],[6.28311,46.69046],[6.27788,46.68665],[6.27049,46.6832],[6.2688,46.67769],[6.25728,46.66978],[6.23476,46.65563],[6.22739,46.64826],[6.21943,46.64491],[6.21711,46.64339],[6.21713,46.64194],[6.21279,46.64063],[6.18207,46.62115],[6.17513,46.61398],[6.16608,46.61043],[6.16122,46.6099],[6.15378,46.60376],[6.14914,46.60237],[6.14225,46.59827],[6.13884,46.59712],[6.12611,46.58947],[6.12174,46.58401],[6.11096,46.57666],[6.13811,46.55767],[6.15646,46.54526],[6.14988,46.54012],[6.15233,46.5359],[6.14556,46.52937],[6.13666,46.52965],[6.12083,46.51694],[6.11711,46.51362],[6.11296,46.5099],[6.11118,46.50672],[6.11005,46.5047],[6.10314,46.49233],[6.09804,46.48322],[6.09713,46.48159],[6.07358,46.46527],[6.07575,46.45325],[6.08624,46.44315],[6.08544,46.44062],[6.08417,46.43956],[6.07491,46.43184],[6.07399,46.42839],[6.07026,46.42487],[6.064,46.41623],[6.09682,46.40875],[6.10528,46.4003],[6.11005,46.39931],[6.11749,46.39777],[6.14939,46.37802],[6.15491,46.37765],[6.15858,46.37954],[6.17014,46.36644],[6.16086,46.35893],[6.15802,46.35097],[6.14884,46.34292],[6.13889,46.33886],[6.13921,46.33464],[6.1377,46.33313],[6.13145,46.32466],[6.12561,46.31723],[6.14071,46.3054],[6.17051,46.29428],[6.1987,46.28443],[6.21955,46.31188],[6.23169,46.32943],[6.20712,46.33846],[6.19312,46.34384],[6.1938,46.34833],[6.17273,46.35551],[6.17441,46.36238],[6.18028,46.36459],[6.18745,46.3606],[6.19698,46.36003],[6.2015,46.35533],[6.21291,46.35289],[6.24136,46.34358],[6.25296,46.36042],[6.27194,46.37041],[6.27753,46.37336],[6.3223,46.39693],[6.33519,46.40372],[6.35101,46.40583],[6.37855,46.40951],[6.39285,46.41142],[6.42269,46.41541],[6.42562,46.41581],[6.43766,46.42103],[6.50483,46.45017],[6.51176,46.45318],[6.5191,46.45637],[6.53599,46.45616],[6.58616,46.45553],[6.59487,46.45542],[6.60006,46.45536],[6.62689,46.45502],[6.65571,46.45466],[6.67356,46.45444],[6.68186,46.45433],[6.75707,46.43965],[6.77945,46.43528],[6.81269,46.42879],[6.81589,46.42817],[6.82106,46.42715],[6.85884,46.39426],[6.88355,46.37647],[6.88677,46.36539],[6.8818,46.35601],[6.89352,46.3432],[6.896,46.3405],[6.90225,46.33871],[6.91853,46.33867],[6.9282,46.33147],[6.93182,46.32545],[6.93203,46.32431],[6.93653,46.29872],[6.94949,46.29125],[6.96172,46.27995],[6.96465,46.26943],[6.97046,46.26391],[6.97923,46.25718],[6.98721,46.25144],[7.00326,46.22593],[7.00962,46.22051],[7.01327,46.20592],[7.0232,46.19893],[7.03316,46.18697],[7.0414,46.19],[7.07134,46.20102],[7.07556,46.19955],[7.07752,46.19949],[7.07986,46.19966],[7.08833,46.20156],[7.11305,46.21565],[7.12157,46.22365],[7.12474,46.23597],[7.13026,46.23713],[7.13495,46.23661],[7.14024,46.23795],[7.143,46.23973],[7.14475,46.24131],[7.14968,46.24303],[7.15117,46.24447],[7.15508,46.25216],[7.16268,46.25474],[7.17741,46.26767],[7.1886,46.27152],[7.18701,46.28259],[7.19381,46.28599],[7.1958,46.28944],[7.18975,46.29529],[7.18911,46.30388],[7.20056,46.31283],[7.22146,46.32921],[7.22273,46.34775],[7.21988,46.35637],[7.22913,46.36182],[7.22575,46.36435],[7.21588,46.36277],[7.20803,46.37282],[7.20685,46.37891],[7.1937,46.37895],[7.19463,46.38381],[7.19848,46.38898],[7.19868,46.39069],[7.20135,46.39305],[7.20346,46.39682],[7.20462,46.40041],[7.20777,46.40296],[7.20704,46.40831],[7.20986,46.41618],[7.20651,46.42106],[7.2027,46.42299],[7.20049,46.42537],[7.19911,46.42919],[7.19295,46.43367],[7.195,46.44058],[7.20844,46.43932],[7.22096,46.44171],[7.2252,46.44538],[7.22659,46.45122],[7.23126,46.45394],[7.22803,46.45708],[7.23042,46.46636],[7.22438,46.48563],[7.23565,46.48843],[7.23375,46.49452],[7.23956,46.49643],[7.24367,46.50083],[7.24868,46.51912],[7.24543,46.5384],[7.23767,46.54649],[7.23702,46.5538],[7.22938,46.55039],[7.22329,46.54773],[7.22071,46.54452],[7.21039,46.53402],[7.20733,46.53279],[7.20104,46.53992],[7.20082,46.54166],[7.19217,46.54662],[7.18276,46.53869],[7.17108,46.53275],[7.1591,46.52725],[7.15441,46.52761],[7.14838,46.52849],[7.14472,46.52664],[7.14366,46.5222],[7.14095,46.52041],[7.14035,46.51792],[7.13921,46.51563],[7.13707,46.51284],[7.13574,46.50819],[7.13306,46.50655],[7.13162,46.5049],[7.12904,46.50439],[7.12641,46.5032],[7.12473,46.50123],[7.12421,46.49931],[7.11801,46.49772],[7.11421,46.49592],[7.11033,46.49481],[7.10674,46.4923],[7.10525,46.48921],[7.10039,46.48698],[7.07857,46.48847],[7.06157,46.48732],[7.0414,46.47499],[7.02885,46.46731],[7.02122,46.45984],[7.01684,46.44762],[7.00254,46.4434],[6.99282,46.43888],[6.98877,46.43807],[6.98395,46.43805],[6.99146,46.44918],[6.97985,46.46019],[6.97789,46.47319],[6.98043,46.47475],[6.97374,46.48189],[6.97214,46.48984],[6.96204,46.49688],[6.95196,46.50196],[6.93479,46.50161],[6.90941,46.51224],[6.90145,46.51257],[6.89608,46.50744],[6.89606,46.51874],[6.89352,46.51769],[6.8833,46.51345],[6.88156,46.51258],[6.87254,46.50432],[6.86631,46.50074],[6.86277,46.49385],[6.85819,46.49325],[6.8478,46.49367],[6.84546,46.49667],[6.842,46.4966],[6.83676,46.5001],[6.83556,46.50194],[6.83276,46.50507],[6.83164,46.50815],[6.83011,46.51235],[6.82443,46.51216],[6.81789,46.51654],[6.81528,46.52155],[6.81079,46.52521],[6.81222,46.52607],[6.82425,46.54131],[6.82657,46.54195],[6.82614,46.53824],[6.83246,46.53742],[6.85401,46.54082],[6.86117,46.53059],[6.86653,46.54049],[6.86834,46.54184],[6.88598,46.55602],[6.89352,46.55925],[6.90246,46.5612],[6.89963,46.56465],[6.90064,46.56933],[6.89797,46.57062],[6.89352,46.56851],[6.8888,46.56737],[6.88467,46.56267],[6.87974,46.56631],[6.87448,46.56579],[6.87181,46.56952],[6.86511,46.57721],[6.85269,46.58202],[6.84277,46.58236],[6.8349,46.5761],[6.82873,46.57716],[6.8256,46.57792],[6.82373,46.57742],[6.82056,46.58371],[6.81412,46.58561],[6.81206,46.57884],[6.80615,46.57806],[6.79932,46.57408],[6.79511,46.57522],[6.79917,46.58355],[6.80131,46.59226],[6.7983,46.59993],[6.80202,46.60189],[6.80359,46.60911],[6.80176,46.62781],[6.79731,46.63381],[6.80349,46.64463],[6.79882,46.64925],[6.80201,46.64887],[6.80668,46.65039],[6.8112,46.65034],[6.81191,46.64919],[6.81364,46.64962],[6.81457,46.64743],[6.81847,46.64811],[6.81725,46.64925],[6.82142,46.65231],[6.82797,46.66028],[6.83134,46.65956],[6.83345,46.66232],[6.83621,46.66152],[6.83842,46.66262],[6.84407,46.66088],[6.84218,46.65881],[6.84765,46.65737],[6.85355,46.65552],[6.85659,46.65729],[6.85947,46.65993],[6.86303,46.65838],[6.8649,46.65825],[6.86802,46.66075],[6.86831,46.66298],[6.8644,46.66473],[6.8684,46.67011],[6.87185,46.6734],[6.86808,46.67493],[6.86471,46.67634],[6.86279,46.68099],[6.86548,46.68127],[6.86527,46.68278],[6.86658,46.68457],[6.86856,46.68574],[6.87311,46.68332],[6.87916,46.68826],[6.88115,46.69005],[6.88373,46.6899],[6.88795,46.69446],[6.88961,46.69397],[6.89347,46.69986],[6.89352,46.70184],[6.89352,46.70373],[6.89807,46.70843],[6.90556,46.71467],[6.91715,46.7186],[6.92044,46.72186],[6.92214,46.72355],[6.93429,46.73248],[6.93567,46.73323],[6.94054,46.74457],[6.93768,46.74871],[6.93009,46.75342],[6.9209,46.75174],[6.91056,46.75324],[6.90901,46.75487],[6.91032,46.7561],[6.90819,46.75755],[6.91437,46.76282],[6.91741,46.76253],[6.91696,46.7611],[6.92002,46.76007],[6.92878,46.76744],[6.93415,46.77102],[6.93248,46.77536],[6.93883,46.78153],[6.94407,46.78401],[6.94995,46.78346],[6.95866,46.79026],[6.95679,46.79377],[6.9657,46.80246],[6.95875,46.81099],[6.95751,46.81508],[6.9606,46.81823],[6.95866,46.82021],[6.96574,46.82735],[6.97461,46.82359],[6.98481,46.82261],[6.99241,46.83059],[6.9841,46.83949],[6.98754,46.84403],[6.97824,46.85029],[6.97771,46.86135],[6.98011,46.8663],[6.98806,46.87253],[6.98616,46.87627],[6.97348,46.88674],[6.96724,46.8839],[6.96221,46.88418],[6.95805,46.8814],[6.95971,46.87775],[6.96237,46.87671],[6.9649,46.87351],[6.96989,46.8672],[6.96512,46.86516],[6.94106,46.88517],[6.93862,46.8896],[6.93102,46.89283],[6.92596,46.89261],[6.92496,46.8954],[6.929,46.89955],[6.92204,46.90534],[6.89621,46.92533],[6.89352,46.92389],[6.86623,46.90929],[6.89172,46.88678],[6.89352,46.88575],[6.90488,46.87928],[6.91087,46.88063],[6.91854,46.87079],[6.89444,46.86376],[6.89836,46.86235],[6.91413,46.86455],[6.93013,46.85387],[6.91151,46.83949],[6.9052,46.82767],[6.91012,46.81311],[6.90598,46.80725],[6.90734,46.80493],[6.91211,46.80404],[6.91959,46.80978],[6.92781,46.80841],[6.93055,46.80604],[6.91661,46.787],[6.91099,46.7798],[6.90648,46.78333],[6.89352,46.77778],[6.87966,46.77589],[6.86468,46.78095],[6.86397,46.78439],[6.85955,46.78747],[6.85151,46.78588],[6.84703,46.78105],[6.83988,46.77994],[6.83393,46.77523],[6.82807,46.77622],[6.82459,46.774],[6.81875,46.77767],[6.81316,46.77932],[6.80564,46.78504],[6.79806,46.78282],[6.78253,46.79287],[6.77597,46.7897],[6.77725,46.79185],[6.77903,46.79416],[6.78731,46.79956],[6.78409,46.80314],[6.77886,46.80056],[6.77686,46.80254],[6.76734,46.80886],[6.74231,46.82746],[6.78005,46.85264],[6.75668,46.86892],[6.74275,46.87172],[6.73497,46.8704],[6.73948,46.8794],[6.74016,46.88445],[6.73801,46.88455],[6.73967,46.89227]],[[6.8306,46.75667],[6.84477,46.76591],[6.84903,46.77458],[6.85933,46.76656],[6.85888,46.76207],[6.86405,46.76243],[6.86779,46.76018],[6.87248,46.75755],[6.87698,46.75586],[6.87573,46.75386],[6.88008,46.75178],[6.88208,46.74978],[6.86642,46.73303],[6.86675,46.72758],[6.8618,46.72459],[6.84673,46.72769],[6.82833,46.7354],[6.81736,46.73319],[6.81133,46.72791],[6.80886,46.7271],[6.8062,46.727],[6.80443,46.72737],[6.80184,46.72619],[6.79985,46.72687],[6.79611,46.7263],[6.79298,46.72555],[6.78847,46.72796],[6.78793,46.72934],[6.79105,46.73098],[6.79092,46.73272],[6.79299,46.73391],[6.79363,46.73571],[6.79896,46.73475],[6.8121,46.7372],[6.8306,46.75667]],[[6.77479,46.72399],[6.7634,46.718],[6.75893,46.72474],[6.74862,46.73181],[6.76754,46.74419],[6.77307,46.75142],[6.78624,46.74767],[6.78445,46.73547],[6.77479,46.72399]],[[6.16748,46.34261],[6.17017,46.34642],[6.17229,46.34896],[6.17602,46.3509],[6.18445,46.34595],[6.18135,46.34433],[6.17472,46.34595],[6.17098,46.34127],[6.16748,46.34261]]],[[[7.05981,46.93655],[7.05792,46.93858],[7.06138,46.94245],[7.06052,46.94869],[7.05966,46.9517],[7.0577,46.96056],[7.0622,46.97148],[7.05185,46.97711],[7.0414,46.97955],[7.03997,46.97988],[7.00229,46.98672],[6.9279,46.95317],[6.9614,46.92781],[6.97187,46.92144],[6.97907,46.92276],[6.98584,46.91983],[6.98228,46.90969],[6.98417,46.90784],[7.00948,46.88904],[6.99486,46.87824],[7.00485,46.87363],[7.01738,46.87905],[7.03381,46.87457],[7.03103,46.86592],[7.03886,46.86024],[7.02998,46.85222],[7.03186,46.84851],[7.03696,46.84642],[7.0414,46.84731],[7.05021,46.85462],[7.06666,46.86872],[7.07001,46.87449],[7.0659,46.87995],[7.06212,46.88058],[7.06213,46.88305],[7.07667,46.89276],[7.0746,46.89551],[7.07876,46.89602],[7.08331,46.89609],[7.08733,46.89743],[7.08687,46.89898],[7.08892,46.89972],[7.08671,46.90163],[7.09127,46.90346],[7.09315,46.90661],[7.09008,46.90773],[7.08421,46.91317],[7.05981,46.93655]]]]},"properties":{"code":"CH011","nom":"Vaud","country":"CH"}},{"type":"Feature","geometry":{"type":"MultiPolygon","coordinates":[[[[7.0704,47.49227],[7.06291,47.49452],[7.0414,47.49699],[7.03697,47.4975],[7.03625,47.49901],[7.02724,47.50133],[7.02441,47.50422],[7.00575,47.50112],[6.98291,47.49427],[6.98826,47.48713],[6.9885,47.47305],[6.99292,47.47125],[6.99103,47.46809],[6.99178,47.46643],[7.00036,47.46688],[6.99981,47.46426],[7.00109,47.46176],[6.99788,47.45811],[7.00093,47.45393],[6.99518,47.44962],[6.97029,47.44706],[6.96862,47.44321],[6.96624,47.43772],[6.96365,47.4357],[6.95775,47.43373],[6.95462,47.43508],[6.95143,47.43479],[6.93919,47.4337],[6.94156,47.41642],[6.9386,47.40648],[6.91731,47.40547],[6.91549,47.39818],[6.90954,47.39618],[6.91159,47.39041],[6.91367,47.38946],[6.91194,47.38618],[6.90518,47.38294],[6.89496,47.38167],[6.89352,47.38047],[6.88421,47.37278],[6.87981,47.35244],[6.89352,47.35653],[6.90103,47.35877],[6.92108,47.35564],[6.93527,47.35759],[6.97449,47.36029],[6.98956,47.36348],[7.00229,47.366],[7.01234,47.37279],[7.03365,47.36788],[7.03526,47.36403],[7.0414,47.36374],[7.04355,47.36364],[7.04878,47.36121],[7.05213,47.35279],[7.05081,47.34773],[7.06069,47.34371],[7.05293,47.3369],[7.05539,47.33378],[7.04618,47.32728],[7.0414,47.32774],[7.03444,47.32841],[7.02648,47.32633],[7.01247,47.32469],[7.00974,47.32437],[7.01574,47.31393],[7.0074,47.30131],[6.99583,47.29645],[6.97768,47.29597],[6.97347,47.29198],[6.94714,47.29089],[6.94465,47.28887],[6.94161,47.28507],[6.95138,47.26898],[6.94722,47.25231],[6.95514,47.24317],[6.94413,47.23817],[6.94234,47.23457],[6.92872,47.2284],[6.92214,47.22181],[6.89311,47.20779],[6.88944,47.20507],[6.88016,47.19974],[6.87312,47.18573],[6.86708,47.1844],[6.86142,47.17935],[6.84193,47.1708],[6.84569,47.16652],[6.85891,47.16529],[6.86145,47.16563],[6.87215,47.17309],[6.87968,47.15512],[6.88438,47.15112],[6.89352,47.15376],[6.90574,47.15728],[6.91599,47.16348],[6.93265,47.17134],[6.93819,47.17518],[6.93992,47.18026],[6.94134,47.18455],[6.94535,47.1854],[6.95209,47.18738],[6.95555,47.18382],[6.95345,47.18275],[6.95623,47.18071],[6.96145,47.18205],[6.97046,47.18131],[6.977,47.17494],[6.97989,47.17412],[6.9845,47.17607],[6.98674,47.17753],[6.99046,47.18374],[6.99455,47.18695],[6.99506,47.18923],[6.99647,47.19327],[7.01612,47.19479],[7.02337,47.19568],[7.02563,47.19781],[7.03021,47.20219],[7.03357,47.20771],[7.03498,47.20976],[7.03676,47.21331],[7.0414,47.21862],[7.04433,47.22196],[7.04744,47.22731],[7.05215,47.22839],[7.05863,47.23077],[7.05627,47.237],[7.05701,47.24051],[7.05801,47.2418],[7.06357,47.24356],[7.06828,47.24429],[7.0794,47.24784],[7.07999,47.24427],[7.08593,47.24437],[7.08704,47.23864],[7.09155,47.237],[7.09582,47.23748],[7.10295,47.24258],[7.11344,47.24206],[7.12891,47.24479],[7.13907,47.24353],[7.15052,47.24638],[7.15488,47.24829],[7.15026,47.25545],[7.14298,47.25731],[7.14702,47.26126],[7.14874,47.26911],[7.15118,47.27023],[7.16082,47.27226],[7.16873,47.2747],[7.16772,47.28137],[7.16836,47.28329],[7.17016,47.28315],[7.16935,47.28605],[7.1652,47.2864],[7.16468,47.28849],[7.16914,47.2909],[7.16338,47.29308],[7.17437,47.29412],[7.19394,47.29582],[7.2058,47.29557],[7.20909,47.29471],[7.20619,47.29191],[7.21024,47.28879],[7.23159,47.28807],[7.24401,47.28544],[7.26264,47.28693],[7.28007,47.28448],[7.30735,47.28802],[7.31694,47.29039],[7.32268,47.29555],[7.33166,47.29963],[7.33719,47.30546],[7.3481,47.30525],[7.34957,47.3054],[7.35451,47.30633],[7.36499,47.30939],[7.37517,47.31356],[7.37849,47.31495],[7.39154,47.31312],[7.40576,47.31261],[7.41169,47.3133],[7.41301,47.30993],[7.41956,47.30874],[7.42137,47.30678],[7.4263,47.30773],[7.42966,47.30706],[7.44005,47.30843],[7.44234,47.30872],[7.45965,47.30665],[7.47426,47.30696],[7.47637,47.307],[7.47795,47.30501],[7.48625,47.30213],[7.49033,47.30207],[7.50055,47.30363],[7.51006,47.3074],[7.52218,47.31376],[7.52932,47.31604],[7.549,47.31953],[7.5584,47.32237],[7.55397,47.3232],[7.54762,47.32155],[7.53177,47.32107],[7.52774,47.32267],[7.53414,47.3331],[7.53445,47.33437],[7.54988,47.34089],[7.54989,47.34284],[7.55221,47.3453],[7.54393,47.34759],[7.53951,47.34744],[7.53683,47.35019],[7.54147,47.35575],[7.5396,47.36012],[7.53457,47.36012],[7.52359,47.36447],[7.52377,47.37096],[7.51882,47.3721],[7.49995,47.37186],[7.49434,47.37071],[7.4906,47.37003],[7.48703,47.36974],[7.47914,47.37118],[7.4763,47.3711],[7.46938,47.37022],[7.45844,47.37083],[7.45368,47.37343],[7.44019,47.38027],[7.43611,47.37814],[7.43689,47.37997],[7.43342,47.37925],[7.41415,47.3804],[7.41172,47.38061],[7.41628,47.38481],[7.41366,47.38948],[7.41341,47.39389],[7.39973,47.39689],[7.3957,47.40267],[7.38847,47.40398],[7.38398,47.41165],[7.37568,47.41408],[7.36314,47.41472],[7.35724,47.415],[7.3574,47.41806],[7.34528,47.42405],[7.33967,47.42921],[7.32589,47.4321],[7.32647,47.43985],[7.32457,47.43896],[7.30392,47.43842],[7.29198,47.43363],[7.28323,47.43449],[7.27053,47.42733],[7.24559,47.4203],[7.24499,47.42605],[7.23852,47.42957],[7.23591,47.43689],[7.22577,47.43954],[7.20624,47.43489],[7.19687,47.43563],[7.18966,47.43943],[7.17042,47.44345],[7.17291,47.44646],[7.17459,47.45014],[7.17827,47.45815],[7.17761,47.45971],[7.17905,47.46113],[7.17923,47.46291],[7.17883,47.46418],[7.17833,47.46885],[7.19119,47.48768],[7.20233,47.49171],[7.19852,47.49366],[7.17121,47.48958],[7.15936,47.49077],[7.14978,47.49727],[7.13035,47.50304],[7.11186,47.49511],[7.10037,47.49432],[7.09673,47.49514],[7.07488,47.48817],[7.0704,47.49227]]]]},"properties":{"code":"CH025","nom":"Jura","country":"CH"}},{"type":"Feature","geometry":{"type":"MultiPolygon","coordinates":[[[[7.68375,47.59598],[7.68987,47.59766],[7.69337,47.60064],[7.68251,47.598],[7.67303,47.59212],[7.64904,47.59622],[7.64408,47.59566],[7.64197,47.59125],[7.62452,47.57945],[7.61909,47.57732],[7.60558,47.5781],[7.60353,47.58524],[7.58904,47.58988],[7.58447,47.57647],[7.57482,47.57614],[7.56687,47.57697],[7.55852,47.57295],[7.55516,47.56456],[7.56437,47.55715],[7.56131,47.5523],[7.55868,47.55279],[7.55663,47.54668],[7.55518,47.54425],[7.56453,47.54529],[7.56898,47.54483],[7.57441,47.54372],[7.57953,47.54368],[7.5866,47.54207],[7.58501,47.5395],[7.58584,47.53751],[7.58258,47.53251],[7.5837,47.53089],[7.58823,47.52745],[7.58926,47.52069],[7.59455,47.51972],[7.60907,47.5345],[7.61566,47.53915],[7.6202,47.53926],[7.62147,47.54231],[7.61831,47.55817],[7.63265,47.5614],[7.6341,47.56111],[7.63646,47.56328],[7.6479,47.56038],[7.65471,47.56243],[7.66798,47.56552],[7.67591,47.56402],[7.6794,47.56939],[7.6828,47.57046],[7.68616,47.56742],[7.68953,47.5715],[7.68436,47.57417],[7.68111,47.58092],[7.68003,47.58276],[7.6725,47.58519],[7.6721,47.5873],[7.68375,47.59598]]]]},"properties":{"code":"CH031","nom":"Basel-Stadt","country":"CH"}},{"type":"Feature","geometry":{"type":"MultiPolygon","coordinates":[[[[7.549,47.31953],[7.52932,47.31604],[7.52218,47.31376],[7.51006,47.3074],[7.50055,47.30363],[7.49033,47.30207],[7.48625,47.30213],[7.47795,47.30501],[7.47637,47.307],[7.47426,47.30696],[7.45965,47.30665],[7.44234,47.30872],[7.44005,47.30843],[7.42966,47.30706],[7.4263,47.30773],[7.42137,47.30678],[7.41956,47.30874],[7.41301,47.30993],[7.41169,47.3133],[7.40576,47.31261],[7.39154,47.31312],[7.37849,47.31495],[7.37517,47.31356],[7.36499,47.30939],[7.35451,47.30633],[7.34957,47.3054],[7.3481,47.30525],[7.33719,47.30546],[7.33166,47.29963],[7.32268,47.29555],[7.31694,47.29039],[7.30735,47.28802],[7.28007,47.28448],[7.26264,47.28693],[7.24401,47.28544],[7.23159,47.28807],[7.21024,47.28879],[7.20619,47.29191],[7.20909,47.29471],[7.2058,47.29557],[7.19394,47.29582],[7.17437,47.29412],[7.16338,47.29308],[7.16914,47.2909],[7.16468,47.28849],[7.1652,47.2864],[7.16935,47.28605],[7.17016,47.28315],[7.16836,47.28329],[7.16772,47.28137],[7.16873,47.2747],[7.16082,47.27226],[7.15118,47.27023],[7.14874,47.26911],[7.14702,47.26126],[7.14298,47.25731],[7.15026,47.25545],[7.15488,47.24829],[7.15052,47.24638],[7.13907,47.24353],[7.12891,47.24479],[7.11344,47.24206],[7.10295,47.24258],[7.09582,47.23748],[7.09155,47.237],[7.08704,47.23864],[7.08593,47.24437],[7.07999,47.24427],[7.0794,47.24784],[7.06828,47.24429],[7.06357,47.24356],[7.05801,47.2418],[7.05701,47.24051],[7.05627,47.237],[7.05863,47.23077],[7.05215,47.22839],[7.04744,47.22731],[7.04433,47.22196],[7.0414,47.21862],[7.03676,47.21331],[7.03498,47.20976],[7.03357,47.20771],[7.03021,47.20219],[7.02563,47.19781],[7.02337,47.19568],[7.01612,47.19479],[6.99647,47.19327],[6.99506,47.18923],[6.99455,47.18695],[6.99046,47.18374],[6.98674,47.17753],[6.9845,47.17607],[6.97989,47.17412],[6.977,47.17494],[6.97046,47.18131],[6.96145,47.18205],[6.95623,47.18071],[6.95345,47.18275],[6.95555,47.18382],[6.95209,47.18738],[6.94535,47.1854],[6.94134,47.18455],[6.93992,47.18026],[6.93819,47.17518],[6.93265,47.17134],[6.91599,47.16348],[6.90574,47.15728],[6.89352,47.15376],[6.88438,47.15112],[6.87968,47.15512],[6.87215,47.17309],[6.86145,47.16563],[6.88871,47.13119],[6.88625,47.12385],[6.88101,47.10835],[6.87081,47.10211],[6.86689,47.08512],[6.88609,47.092],[6.89352,47.09502],[6.90151,47.09828],[6.91812,47.10507],[6.92656,47.10919],[6.92975,47.11258],[6.93639,47.1087],[6.93931,47.10967],[6.98413,47.11697],[6.99651,47.11891],[7.00774,47.12419],[7.01055,47.12316],[7.02561,47.12417],[7.03007,47.12723],[7.03781,47.12657],[7.04024,47.12425],[7.03212,47.11966],[7.02344,47.11224],[7.02916,47.10444],[7.0414,47.10864],[7.04927,47.10498],[7.05722,47.0997],[7.06338,47.0996],[7.07572,47.09627],[7.0841,47.08812],[7.08685,47.08569],[7.08708,47.08163],[7.07704,47.07599],[7.0811,47.0668],[7.08851,47.05888],[7.08653,47.05744],[7.07711,47.05124],[7.06545,47.045],[7.05358,47.0434],[7.05104,47.04275],[7.0414,47.03765],[7.03948,47.03664],[7.03713,47.03459],[7.0344,47.03212],[7.03337,47.0307],[7.03307,47.02912],[7.03329,47.02388],[7.03382,47.02039],[7.03235,47.01442],[7.02548,47.00588],[7.03997,46.97988],[7.0414,46.97955],[7.05185,46.97711],[7.09428,46.97648],[7.13811,46.98346],[7.14656,46.98493],[7.15375,46.98627],[7.16052,46.98752],[7.17107,46.9914],[7.17887,46.99412],[7.18725,46.99722],[7.1967,47.00023],[7.19638,47.00194],[7.19977,47.00171],[7.20496,47.00634],[7.2103,47.00399],[7.21303,47.00688],[7.21543,47.00549],[7.21725,47.00681],[7.22168,47.00206],[7.2233,46.99819],[7.22586,46.99914],[7.22674,46.99672],[7.22362,46.99379],[7.2293,46.9907],[7.2342,46.98621],[7.2297,46.98093],[7.22727,46.97856],[7.2213,46.97602],[7.22254,46.97458],[7.20579,46.96417],[7.19542,46.96382],[7.19547,46.96247],[7.19716,46.9609],[7.19996,46.96018],[7.20659,46.9606],[7.2101,46.95608],[7.2078,46.94902],[7.20976,46.94806],[7.21029,46.94615],[7.2097,46.94337],[7.20347,46.93965],[7.20371,46.93837],[7.21145,46.93092],[7.21111,46.92706],[7.20546,46.92172],[7.2072,46.90961],[7.19212,46.90224],[7.19132,46.90012],[7.19542,46.89898],[7.20003,46.90236],[7.20824,46.9027],[7.21247,46.90176],[7.21744,46.89754],[7.22113,46.90126],[7.223,46.90262],[7.22498,46.90333],[7.23038,46.90406],[7.2361,46.89839],[7.24577,46.89965],[7.25681,46.89828],[7.28101,46.88955],[7.29025,46.89374],[7.32524,46.8938],[7.34941,46.88907],[7.35356,46.88616],[7.35273,46.87486],[7.3589,46.86295],[7.35071,46.85469],[7.33849,46.85098],[7.32589,46.85217],[7.32392,46.85524],[7.32923,46.85812],[7.31619,46.86174],[7.31088,46.85544],[7.30216,46.85207],[7.32999,46.83438],[7.32935,46.82999],[7.31968,46.82501],[7.31985,46.81524],[7.31116,46.80891],[7.30605,46.7973],[7.30204,46.79392],[7.30293,46.789],[7.30312,46.78314],[7.29158,46.77346],[7.2952,46.76571],[7.29989,46.76398],[7.30317,46.75742],[7.30316,46.74722],[7.29629,46.73556],[7.29876,46.72362],[7.30803,46.71753],[7.32632,46.71661],[7.34821,46.71197],[7.34947,46.70793],[7.34625,46.69924],[7.36244,46.69849],[7.36784,46.69333],[7.37905,46.69082],[7.37364,46.67988],[7.37572,46.67484],[7.37159,46.66946],[7.37201,46.66696],[7.37139,46.66404],[7.37128,46.66168],[7.37036,46.65825],[7.3685,46.65526],[7.37585,46.65576],[7.35672,46.6405],[7.35498,46.64601],[7.34503,46.65445],[7.32249,46.6547],[7.32895,46.64137],[7.32322,46.63761],[7.31325,46.63658],[7.31213,46.62169],[7.31784,46.6185],[7.31829,46.61606],[7.31485,46.60036],[7.32076,46.59165],[7.31253,46.58914],[7.30805,46.58132],[7.2987,46.57915],[7.28164,46.58378],[7.26965,46.57507],[7.25977,46.5634],[7.25509,46.55988],[7.25114,46.55873],[7.24576,46.55587],[7.24028,46.55421],[7.23702,46.5538],[7.23767,46.54649],[7.24543,46.5384],[7.24868,46.51912],[7.24367,46.50083],[7.23956,46.49643],[7.23375,46.49452],[7.23565,46.48843],[7.22438,46.48563],[7.23042,46.46636],[7.22803,46.45708],[7.23126,46.45394],[7.22659,46.45122],[7.2252,46.44538],[7.22096,46.44171],[7.20844,46.43932],[7.195,46.44058],[7.19295,46.43367],[7.19911,46.42919],[7.20049,46.42537],[7.2027,46.42299],[7.20651,46.42106],[7.20986,46.41618],[7.20704,46.40831],[7.20777,46.40296],[7.20462,46.40041],[7.20346,46.39682],[7.20135,46.39305],[7.19868,46.39069],[7.19848,46.38898],[7.19463,46.38381],[7.1937,46.37895],[7.20685,46.37891],[7.20803,46.37282],[7.21588,46.36277],[7.22575,46.36435],[7.22913,46.36182],[7.21988,46.35637],[7.22273,46.34775],[7.22146,46.32921],[7.23361,46.32655],[7.2438,46.3278],[7.24709,46.32873],[7.24966,46.33031],[7.25331,46.33054],[7.25583,46.33268],[7.25974,46.33689],[7.2621,46.33818],[7.26017,46.34436],[7.26187,46.34846],[7.26154,46.35523],[7.26232,46.35822],[7.28432,46.36525],[7.29059,46.36714],[7.29488,46.36577],[7.29905,46.36665],[7.3104,46.37513],[7.31255,46.3688],[7.30862,46.35203],[7.31503,46.34452],[7.33574,46.34631],[7.35907,46.35329],[7.38235,46.36528],[7.3856,46.36859],[7.38835,46.369],[7.39274,46.3731],[7.39968,46.37662],[7.40168,46.37427],[7.4042,46.37602],[7.41483,46.3787],[7.41716,46.38022],[7.42772,46.38068],[7.43362,46.38512],[7.43804,46.38619],[7.44324,46.3829],[7.45728,46.38152],[7.45939,46.3803],[7.45876,46.37855],[7.46213,46.37623],[7.46381,46.37801],[7.46999,46.37823],[7.4732,46.38113],[7.47365,46.38366],[7.47939,46.38529],[7.48353,46.38156],[7.48578,46.37471],[7.48508,46.37242],[7.4869,46.37073],[7.49027,46.37032],[7.4945,46.37193],[7.49933,46.3699],[7.5023,46.37043],[7.50725,46.37584],[7.52628,46.37448],[7.53844,46.37744],[7.54068,46.38378],[7.55538,46.38898],[7.5468,46.39403],[7.54076,46.39486],[7.52867,46.4005],[7.53329,46.40681],[7.53398,46.40977],[7.53971,46.41177],[7.54919,46.41202],[7.55478,46.41357],[7.56256,46.41302],[7.58347,46.41726],[7.58871,46.4131],[7.59628,46.41287],[7.59945,46.4156],[7.5992,46.42174],[7.60923,46.42769],[7.61003,46.43615],[7.62112,46.43899],[7.62694,46.44443],[7.69292,46.42423],[7.70508,46.41599],[7.70865,46.41391],[7.71238,46.4139],[7.71554,46.41484],[7.72025,46.41952],[7.72407,46.42129],[7.73151,46.42185],[7.73647,46.42408],[7.74218,46.42633],[7.74423,46.42838],[7.75459,46.43284],[7.75644,46.43496],[7.76082,46.43609],[7.76574,46.43963],[7.76807,46.43995],[7.77195,46.44208],[7.77823,46.44345],[7.78017,46.44681],[7.78463,46.44895],[7.78777,46.45225],[7.79319,46.45414],[7.79752,46.45807],[7.80644,46.4614],[7.80902,46.46196],[7.81243,46.46259],[7.82414,46.46655],[7.82746,46.47025],[7.84341,46.47786],[7.84704,46.47888],[7.84996,46.47802],[7.8524,46.47807],[7.86288,46.47828],[7.86897,46.47803],[7.87665,46.4785],[7.88688,46.48124],[7.89091,46.48339],[7.89537,46.48235],[7.89755,46.48292],[7.90108,46.48476],[7.90521,46.48559],[7.90584,46.48725],[7.91112,46.48686],[7.91529,46.49114],[7.92327,46.49167],[7.92492,46.49348],[7.92352,46.49511],[7.92775,46.49737],[7.93277,46.4982],[7.93505,46.50323],[7.94109,46.50709],[7.95442,46.50867],[7.96863,46.51412],[7.97204,46.52421],[7.96324,46.53883],[7.97134,46.54524],[7.98652,46.54881],[7.99733,46.55831],[8.00126,46.55807],[8.01575,46.5633],[8.02484,46.56192],[8.03039,46.56247],[8.03358,46.56184],[8.03456,46.56017],[8.04278,46.55702],[8.05392,46.5559],[8.06143,46.55136],[8.0627,46.55327],[8.07081,46.55393],[8.07578,46.55558],[8.07928,46.55372],[8.08521,46.55171],[8.09361,46.55143],[8.09602,46.54933],[8.1006,46.54818],[8.10475,46.54832],[8.11397,46.54653],[8.11764,46.54316],[8.12249,46.54069],[8.12574,46.53725],[8.13381,46.5357],[8.14991,46.53179],[8.15538,46.53142],[8.15919,46.53133],[8.16304,46.53216],[8.16882,46.53148],[8.17434,46.53139],[8.1747,46.52987],[8.17343,46.52738],[8.1745,46.52408],[8.17907,46.52268],[8.18079,46.52055],[8.18461,46.52081],[8.19168,46.52341],[8.20017,46.52443],[8.20544,46.52359],[8.21056,46.52523],[8.21875,46.52646],[8.22577,46.52703],[8.23115,46.52707],[8.2371,46.52687],[8.24123,46.52658],[8.25193,46.52942],[8.25806,46.52944],[8.26595,46.53379],[8.28198,46.53787],[8.28925,46.54348],[8.30332,46.54614],[8.31719,46.55866],[8.33625,46.56126],[8.34938,46.56824],[8.36357,46.58193],[8.36166,46.59977],[8.36852,46.61049],[8.3705,46.61395],[8.37088,46.61884],[8.36845,46.62038],[8.3684,46.62459],[8.36924,46.6287],[8.37263,46.6332],[8.38128,46.63516],[8.39462,46.6464],[8.39944,46.65348],[8.41041,46.65302],[8.40811,46.66559],[8.39837,46.67533],[8.39982,46.69173],[8.42662,46.68639],[8.44157,46.6859],[8.44984,46.68806],[8.45456,46.69826],[8.45379,46.71078],[8.44858,46.71235],[8.44724,46.71457],[8.44783,46.71844],[8.44747,46.72686],[8.44972,46.72985],[8.44077,46.73746],[8.44093,46.74299],[8.44196,46.74507],[8.44287,46.7469],[8.4424,46.74997],[8.43872,46.75336],[8.44145,46.7547],[8.44393,46.7541],[8.44637,46.75673],[8.44896,46.76452],[8.44569,46.7697],[8.4366,46.7721],[8.42391,46.77109],[8.41462,46.77373],[8.39744,46.76599],[8.39522,46.77154],[8.39209,46.77768],[8.38665,46.77847],[8.38008,46.78288],[8.3774,46.78581],[8.37129,46.78811],[8.36889,46.78798],[8.36376,46.78608],[8.36351,46.78444],[8.36,46.78296],[8.333,46.7808],[8.32153,46.77366],[8.31593,46.77011],[8.30202,46.76201],[8.29809,46.76194],[8.29551,46.75917],[8.29147,46.7581],[8.28347,46.7532],[8.27562,46.75502],[8.26865,46.75435],[8.26395,46.76044],[8.25941,46.76364],[8.23912,46.76957],[8.23388,46.76172],[8.22206,46.76093],[8.21942,46.76338],[8.21239,46.76617],[8.20815,46.76935],[8.19632,46.76787],[8.1898,46.7702],[8.1722,46.76414],[8.16753,46.76592],[8.15856,46.75931],[8.14636,46.75526],[8.12189,46.77033],[8.11877,46.7707],[8.11361,46.7733],[8.10526,46.77282],[8.1023,46.77379],[8.09963,46.77829],[8.09699,46.77895],[8.09098,46.78403],[8.08982,46.78781],[8.08206,46.78742],[8.07851,46.78658],[8.07456,46.7866],[8.06896,46.78857],[8.05997,46.78637],[8.05684,46.78765],[8.05483,46.7885],[8.05119,46.7883],[8.04909,46.78801],[8.04694,46.7871],[8.03901,46.78757],[8.03127,46.79021],[8.02067,46.78905],[8.00457,46.78383],[7.99758,46.78229],[7.99319,46.77917],[7.98439,46.77492],[7.97336,46.77875],[7.9674,46.78499],[7.95412,46.79163],[7.95302,46.79443],[7.95099,46.79993],[7.94674,46.80522],[7.92242,46.82002],[7.89558,46.83101],[7.87711,46.83708],[7.87041,46.84386],[7.86982,46.84726],[7.86739,46.85129],[7.86765,46.85472],[7.86729,46.85874],[7.86956,46.86416],[7.86452,46.86632],[7.8644,46.86944],[7.85727,46.87143],[7.85771,46.87325],[7.8581,46.8754],[7.85621,46.88084],[7.85861,46.88528],[7.8722,46.8899],[7.8825,46.90404],[7.8805,46.90989],[7.86798,46.91476],[7.87343,46.92508],[7.89692,46.93432],[7.90889,46.93292],[7.91462,46.93454],[7.92224,46.9465],[7.93116,46.95046],[7.93303,46.96195],[7.94489,46.96831],[7.94457,46.97695],[7.95239,46.98131],[7.94954,46.9872],[7.94833,46.99371],[7.95206,46.9966],[7.95393,47.00188],[7.95618,47.00342],[7.95169,47.00607],[7.94762,47.00551],[7.9446,47.00545],[7.94115,47.00497],[7.93194,47.00456],[7.92223,47.01047],[7.90201,47.00592],[7.89753,47.01268],[7.8996,47.01809],[7.89431,47.02312],[7.89275,47.02924],[7.88453,47.03345],[7.88168,47.0399],[7.87512,47.04142],[7.86834,47.04665],[7.86716,47.05502],[7.87307,47.06129],[7.87202,47.06466],[7.87894,47.07878],[7.88056,47.09],[7.87892,47.09549],[7.87451,47.09839],[7.87428,47.10938],[7.86935,47.11271],[7.8686,47.11959],[7.87312,47.12484],[7.88273,47.12766],[7.88615,47.12841],[7.88953,47.13327],[7.88965,47.14004],[7.88147,47.14723],[7.87982,47.14902],[7.87836,47.15145],[7.87712,47.15296],[7.87685,47.1548],[7.87559,47.15725],[7.8755,47.15997],[7.875,47.16239],[7.87638,47.16581],[7.88145,47.17186],[7.88035,47.17636],[7.8754,47.18279],[7.86063,47.19273],[7.85968,47.19889],[7.85729,47.19973],[7.85613,47.20095],[7.8524,47.20614],[7.84609,47.21676],[7.83746,47.22357],[7.83869,47.23441],[7.82678,47.24537],[7.82788,47.25369],[7.82926,47.25906],[7.82473,47.26564],[7.81329,47.26216],[7.80093,47.26748],[7.78505,47.25629],[7.77586,47.26135],[7.77436,47.26743],[7.76481,47.2667],[7.76161,47.26329],[7.75692,47.25809],[7.75047,47.25896],[7.74405,47.2572],[7.73828,47.25996],[7.73177,47.26018],[7.71771,47.27488],[7.71098,47.27498],[7.70139,47.28566],[7.6849,47.29393],[7.67683,47.28911],[7.67099,47.28764],[7.66868,47.28878],[7.667,47.28779],[7.66049,47.28722],[7.65619,47.28453],[7.65178,47.28296],[7.6486,47.28218],[7.62732,47.28179],[7.61298,47.28098],[7.60686,47.28047],[7.58004,47.27634],[7.58439,47.27213],[7.59444,47.2637],[7.59778,47.25415],[7.59701,47.25075],[7.59722,47.24504],[7.60989,47.23882],[7.61594,47.23362],[7.6189,47.22921],[7.62109,47.22931],[7.62662,47.22711],[7.64063,47.22879],[7.64274,47.22614],[7.64026,47.22189],[7.64841,47.21876],[7.64669,47.21771],[7.64598,47.21474],[7.64844,47.21107],[7.64918,47.20993],[7.65122,47.20666],[7.64748,47.20176],[7.66126,47.20082],[7.67462,47.19093],[7.67106,47.1846],[7.67736,47.18192],[7.67348,47.17218],[7.67269,47.16825],[7.66041,47.16801],[7.65287,47.16246],[7.65203,47.15125],[7.64487,47.14908],[7.63961,47.15303],[7.62206,47.153],[7.61913,47.15436],[7.61562,47.15644],[7.61466,47.1546],[7.60478,47.15274],[7.59797,47.15165],[7.59277,47.15267],[7.58947,47.15135],[7.58612,47.14755],[7.58092,47.15951],[7.57489,47.16445],[7.56838,47.16313],[7.56354,47.16753],[7.55856,47.16808],[7.55176,47.16487],[7.5487,47.16181],[7.54507,47.16047],[7.54073,47.16362],[7.53889,47.16319],[7.53264,47.16379],[7.52299,47.16082],[7.52187,47.15859],[7.52892,47.14936],[7.51722,47.13828],[7.51152,47.12784],[7.50448,47.12292],[7.49209,47.11705],[7.47969,47.1135],[7.47486,47.11216],[7.46183,47.10761],[7.46313,47.10133],[7.47407,47.08776],[7.46639,47.07889],[7.44317,47.07449],[7.43494,47.08234],[7.43356,47.08914],[7.43641,47.09488],[7.4337,47.09941],[7.42406,47.09805],[7.4188,47.09965],[7.41422,47.09771],[7.41167,47.09651],[7.40911,47.0955],[7.4054,47.09494],[7.4008,47.09436],[7.39572,47.09324],[7.39007,47.09259],[7.38941,47.09513],[7.38605,47.09629],[7.38197,47.09576],[7.38228,47.09889],[7.3787,47.10495],[7.37915,47.10627],[7.37583,47.10844],[7.37446,47.11174],[7.36945,47.11621],[7.37195,47.11728],[7.37043,47.12097],[7.37138,47.12255],[7.37389,47.12183],[7.3754,47.12332],[7.37909,47.12424],[7.38084,47.12292],[7.38295,47.12321],[7.3867,47.12595],[7.38887,47.1234],[7.38897,47.12171],[7.38994,47.11957],[7.39506,47.12184],[7.40363,47.11762],[7.40558,47.11834],[7.40957,47.12031],[7.41739,47.12183],[7.42212,47.12151],[7.42813,47.12373],[7.43484,47.12404],[7.4358,47.12882],[7.43536,47.13127],[7.43128,47.12914],[7.42963,47.13166],[7.42644,47.1313],[7.42176,47.13588],[7.42647,47.13875],[7.4267,47.14104],[7.43052,47.14295],[7.43442,47.1438],[7.4366,47.14365],[7.43958,47.14403],[7.44098,47.14602],[7.44005,47.15042],[7.44968,47.15565],[7.45461,47.15633],[7.46792,47.15186],[7.47984,47.15532],[7.48208,47.15816],[7.48475,47.15964],[7.48848,47.16066],[7.49273,47.16328],[7.49022,47.16578],[7.49703,47.17011],[7.49557,47.17158],[7.48058,47.17263],[7.47215,47.18114],[7.47534,47.19137],[7.45032,47.18923],[7.44971,47.18515],[7.44698,47.18207],[7.44168,47.18066],[7.43544,47.18481],[7.43091,47.18115],[7.4305,47.17541],[7.41871,47.1707],[7.4149,47.16459],[7.41021,47.16216],[7.40076,47.16269],[7.39307,47.16036],[7.38251,47.16142],[7.38346,47.16534],[7.39116,47.16718],[7.38129,47.18346],[7.36536,47.19335],[7.35447,47.19232],[7.34472,47.20726],[7.34042,47.21751],[7.36353,47.22075],[7.3791,47.22825],[7.40152,47.23496],[7.41195,47.24089],[7.41538,47.24027],[7.4209,47.24288],[7.41819,47.24538],[7.41657,47.24917],[7.41634,47.25214],[7.41878,47.25454],[7.4272,47.25622],[7.4349,47.25974],[7.44019,47.26265],[7.4457,47.2631],[7.4518,47.26317],[7.45777,47.26409],[7.46411,47.26458],[7.46591,47.26471],[7.46774,47.26545],[7.47189,47.26954],[7.47811,47.27846],[7.48531,47.28429],[7.4871,47.28397],[7.4953,47.28682],[7.49468,47.28817],[7.5146,47.29257],[7.52062,47.294],[7.53243,47.29444],[7.53794,47.29718],[7.5396,47.29871],[7.53908,47.30204],[7.54695,47.30615],[7.54804,47.31381],[7.54842,47.31637],[7.5584,47.32237],[7.549,47.31953]],[[7.2167,46.92771],[7.21749,46.93258],[7.22766,46.93642],[7.22985,46.93927],[7.23468,46.93775],[7.23489,46.93302],[7.23462,46.92943],[7.23083,46.92934],[7.21863,46.92438],[7.2167,46.92771]],[[7.6744,47.15462],[7.67798,47.1599],[7.67811,47.16175],[7.67954,47.16309],[7.68135,47.16232],[7.68255,47.16398],[7.685,47.16498],[7.68456,47.1662],[7.68856,47.16669],[7.68774,47.16538],[7.69062,47.16492],[7.6924,47.16411],[7.69968,47.16122],[7.69838,47.15987],[7.69612,47.15777],[7.69398,47.1585],[7.69008,47.15287],[7.68161,47.15474],[7.67586,47.15355],[7.6744,47.15462]]],[[[7.5584,47.32237],[7.56167,47.32147],[7.56879,47.32443],[7.5712,47.32641],[7.57257,47.32891],[7.56188,47.34081],[7.56021,47.34241],[7.55666,47.34212],[7.55652,47.34389],[7.55221,47.3453],[7.54989,47.34284],[7.54988,47.34089],[7.53445,47.33437],[7.53414,47.3331],[7.52774,47.32267],[7.53177,47.32107],[7.54762,47.32155],[7.55397,47.3232],[7.5584,47.32237]]],[[[7.12955,46.90545],[7.13872,46.90828],[7.13416,46.91885],[7.11483,46.91586],[7.1138,46.91074],[7.11862,46.90246],[7.11959,46.90055],[7.12301,46.9002],[7.12955,46.90545]]],[[[7.08671,46.90163],[7.08892,46.89972],[7.08687,46.89898],[7.08733,46.89743],[7.08331,46.89609],[7.0846,46.893],[7.09075,46.89186],[7.09485,46.8955],[7.10381,46.90029],[7.10322,46.90147],[7.09742,46.89996],[7.09456,46.90298],[7.09253,46.90249],[7.09127,46.90346],[7.08671,46.90163]]]]},"properties":{"code":"CH021","nom":"Bern","country":"CH"}},{"type":"Feature","geometry":{"type":"MultiPolygon","coordinates":[[[[8.66817,47.67767],[8.67046,47.68486],[8.66335,47.68589],[8.64456,47.69411],[8.63772,47.69335],[8.63209,47.69273],[8.62524,47.69159],[8.62713,47.68036],[8.6239,47.67633],[8.61356,47.67709],[8.60637,47.66901],[8.60914,47.66378],[8.6145,47.66153],[8.62681,47.65399],[8.62831,47.64873],[8.62274,47.64075],[8.6157,47.63805],[8.60758,47.63728],[8.60385,47.63916],[8.61345,47.64465],[8.61227,47.6492],[8.60768,47.65188],[8.5952,47.64193],[8.59775,47.62834],[8.60449,47.61634],[8.60346,47.61126],[8.5956,47.60554],[8.59424,47.59646],[8.59291,47.59562],[8.59106,47.59499],[8.58921,47.59466],[8.58739,47.59431],[8.5782,47.58803],[8.57963,47.57736],[8.572,47.57428],[8.56763,47.56257],[8.56368,47.55752],[8.5588,47.55336],[8.55467,47.55282],[8.54276,47.56959],[8.54523,47.57377],[8.5359,47.57575],[8.53492,47.58228],[8.53806,47.5879],[8.54548,47.59197],[8.54762,47.59273],[8.55044,47.59225],[8.55628,47.59414],[8.55634,47.59554],[8.55687,47.59737],[8.56284,47.59943],[8.56679,47.60923],[8.57315,47.61194],[8.56868,47.61678],[8.56284,47.61755],[8.55714,47.62417],[8.54304,47.62696],[8.53935,47.62673],[8.53812,47.63114],[8.53558,47.631],[8.53367,47.63136],[8.53159,47.63205],[8.5296,47.63176],[8.52719,47.63176],[8.51905,47.63418],[8.51645,47.63195],[8.51371,47.62371],[8.50777,47.62294],[8.50721,47.61777],[8.50015,47.61612],[8.49418,47.61473],[8.48466,47.61472],[8.47928,47.61428],[8.47781,47.61073],[8.46637,47.60329],[8.4566,47.60236],[8.46104,47.58894],[8.46727,47.58476],[8.48701,47.58735],[8.49455,47.5812],[8.48693,47.57772],[8.48376,47.57725],[8.47683,47.57746],[8.46412,47.57221],[8.45523,47.57204],[8.43576,47.56701],[8.42643,47.56755],[8.41841,47.56441],[8.4151,47.55417],[8.41754,47.5457],[8.4088,47.54418],[8.40272,47.53332],[8.39639,47.5318],[8.3933,47.52572],[8.39188,47.52514],[8.38668,47.52885],[8.38206,47.52554],[8.37698,47.5127],[8.36109,47.51027],[8.36168,47.50785],[8.35876,47.50566],[8.35904,47.50426],[8.35783,47.50247],[8.35915,47.50091],[8.36317,47.5012],[8.36238,47.49947],[8.35836,47.49745],[8.36088,47.49564],[8.36266,47.49063],[8.362,47.48574],[8.36357,47.48084],[8.37329,47.48139],[8.37449,47.47168],[8.36864,47.46972],[8.36577,47.46623],[8.36948,47.46539],[8.3728,47.45874],[8.37892,47.459],[8.38014,47.4562],[8.38297,47.45618],[8.38679,47.44944],[8.38121,47.44638],[8.38392,47.43494],[8.37468,47.43227],[8.37833,47.4293],[8.38768,47.42826],[8.39168,47.42104],[8.38801,47.41725],[8.38276,47.41659],[8.38322,47.4054],[8.37975,47.40315],[8.37487,47.40434],[8.36736,47.40157],[8.36235,47.40237],[8.36664,47.39929],[8.37875,47.39933],[8.38357,47.3957],[8.39464,47.39397],[8.39462,47.38196],[8.39959,47.37485],[8.40037,47.37053],[8.40714,47.37014],[8.40813,47.36674],[8.40501,47.36408],[8.40751,47.35989],[8.40735,47.35553],[8.40933,47.3551],[8.40682,47.3519],[8.40422,47.34634],[8.4078,47.34159],[8.41464,47.33714],[8.41644,47.33709],[8.41587,47.3357],[8.41679,47.33424],[8.41259,47.32858],[8.41264,47.32686],[8.41526,47.32626],[8.41628,47.32447],[8.42915,47.32724],[8.43278,47.32637],[8.44157,47.32759],[8.44927,47.33061],[8.45413,47.33465],[8.44825,47.32264],[8.44122,47.31587],[8.43601,47.31515],[8.42846,47.3012],[8.42916,47.3007],[8.41474,47.29346],[8.40431,47.29191],[8.40356,47.29052],[8.39707,47.28797],[8.39231,47.29101],[8.38874,47.29004],[8.39023,47.28847],[8.39163,47.28649],[8.39509,47.27834],[8.40174,47.2728],[8.40144,47.26825],[8.40327,47.25489],[8.41072,47.24804],[8.4142,47.24408],[8.41821,47.23364],[8.41853,47.22807],[8.42255,47.22401],[8.44641,47.22343],[8.44843,47.22039],[8.46155,47.21417],[8.46921,47.21355],[8.47992,47.2086],[8.4839,47.20836],[8.49003,47.21098],[8.49844,47.21203],[8.50015,47.21253],[8.51125,47.21581],[8.51377,47.21912],[8.52719,47.2189],[8.53097,47.21851],[8.53333,47.2214],[8.54337,47.22207],[8.54591,47.22134],[8.55277,47.22168],[8.55393,47.22322],[8.55793,47.22134],[8.56078,47.21971],[8.57271,47.21838],[8.57431,47.21702],[8.57831,47.21879],[8.58201,47.21751],[8.58319,47.21152],[8.59465,47.21151],[8.59802,47.20309],[8.60323,47.20313],[8.6082,47.20474],[8.61549,47.19958],[8.62083,47.18823],[8.62734,47.1797],[8.625,47.17347],[8.63331,47.17219],[8.63772,47.17105],[8.64359,47.16953],[8.65999,47.17003],[8.66169,47.16146],[8.66584,47.15968],[8.67479,47.15944],[8.67765,47.16086],[8.68418,47.16264],[8.68806,47.16296],[8.69248,47.16362],[8.69204,47.16675],[8.69027,47.16974],[8.68631,47.1719],[8.68203,47.17411],[8.68125,47.17732],[8.68039,47.17912],[8.68133,47.1836],[8.68219,47.18505],[8.68546,47.18651],[8.68695,47.18823],[8.69346,47.19549],[8.70158,47.19831],[8.70432,47.20155],[8.7102,47.20104],[8.71448,47.20312],[8.74066,47.21167],[8.7934,47.22255],[8.80778,47.22056],[8.79575,47.23911],[8.80333,47.24655],[8.80923,47.24796],[8.82861,47.25044],[8.84057,47.24741],[8.85049,47.24973],[8.85673,47.24461],[8.86408,47.24425],[8.87018,47.2453],[8.87017,47.24653],[8.8737,47.24759],[8.87348,47.25155],[8.88514,47.25284],[8.90611,47.25596],[8.91312,47.25533],[8.9353,47.26084],[8.94216,47.26741],[8.94703,47.27906],[8.94124,47.28141],[8.93599,47.28835],[8.94834,47.29308],[8.95858,47.30428],[8.97465,47.30697],[8.98504,47.31938],[8.97772,47.32719],[8.97852,47.33699],[8.97361,47.34046],[8.97251,47.35099],[8.9613,47.35454],[8.95036,47.37246],[8.94364,47.37584],[8.94146,47.38718],[8.92154,47.39887],[8.90617,47.40135],[8.90389,47.40245],[8.90611,47.40586],[8.91401,47.41797],[8.91294,47.42815],[8.90886,47.42951],[8.90771,47.43043],[8.90789,47.43143],[8.91063,47.43408],[8.9119,47.43377],[8.91347,47.43157],[8.91709,47.4332],[8.91812,47.43243],[8.91923,47.43273],[8.92208,47.43298],[8.92657,47.43141],[8.93082,47.4318],[8.93008,47.4351],[8.9127,47.43684],[8.90611,47.44013],[8.90349,47.44415],[8.90611,47.44694],[8.90786,47.4488],[8.90611,47.45023],[8.89886,47.4562],[8.89561,47.46332],[8.89349,47.46374],[8.88992,47.46898],[8.88366,47.47018],[8.88201,47.47508],[8.88485,47.47766],[8.88623,47.48167],[8.89686,47.48563],[8.89301,47.48981],[8.89486,47.50272],[8.89708,47.50497],[8.89764,47.51114],[8.89638,47.51332],[8.89713,47.51769],[8.89505,47.51948],[8.89679,47.52083],[8.89872,47.52409],[8.8965,47.52571],[8.88989,47.5268],[8.88758,47.52827],[8.87927,47.52747],[8.87369,47.52948],[8.87124,47.53002],[8.86779,47.53044],[8.86408,47.53073],[8.85673,47.53153],[8.84168,47.53317],[8.83016,47.55337],[8.82967,47.557],[8.84958,47.56081],[8.85105,47.56367],[8.84549,47.56355],[8.83965,47.5661],[8.83863,47.57104],[8.83159,47.57333],[8.82904,47.57167],[8.82323,47.57271],[8.81609,47.57037],[8.81025,47.57095],[8.80206,47.58362],[8.79791,47.58503],[8.76201,47.59285],[8.74819,47.59235],[8.74773,47.60003],[8.73988,47.60948],[8.74558,47.61373],[8.74665,47.62095],[8.74948,47.62139],[8.7506,47.61981],[8.75652,47.6168],[8.75839,47.61835],[8.76201,47.61808],[8.77042,47.61509],[8.77453,47.61484],[8.77631,47.61289],[8.77942,47.61267],[8.78783,47.60965],[8.78943,47.60356],[8.80135,47.60157],[8.80411,47.60807],[8.80547,47.61344],[8.81285,47.6172],[8.81406,47.62727],[8.82143,47.63064],[8.82546,47.63714],[8.82754,47.64034],[8.82709,47.64224],[8.82625,47.64391],[8.82643,47.64675],[8.82152,47.64873],[8.8147,47.64958],[8.80493,47.65317],[8.8027,47.66491],[8.79852,47.66499],[8.78854,47.66449],[8.78534,47.65504],[8.77687,47.64981],[8.76477,47.64851],[8.76241,47.64622],[8.75957,47.64551],[8.75774,47.64306],[8.74864,47.64115],[8.74725,47.63873],[8.74389,47.63953],[8.74302,47.64261],[8.73825,47.64181],[8.73444,47.64163],[8.73185,47.64199],[8.7257,47.64309],[8.72218,47.64148],[8.72002,47.64113],[8.71714,47.64172],[8.71367,47.64351],[8.70788,47.6427],[8.68903,47.64968],[8.68076,47.65802],[8.67796,47.66582],[8.67903,47.66734],[8.67761,47.66853],[8.67688,47.67182],[8.66961,47.67475],[8.66826,47.67605],[8.66817,47.67767]]]]},"properties":{"code":"CH040","nom":"Z\u00fcrich","country":"CH"}},{"type":"Feature","geometry":{"type":"MultiPolygon","coordinates":[[[[8.95738,46.63032],[8.95225,46.63139],[8.94999,46.62433],[8.94122,46.61918],[8.9233,46.62242],[8.9125,46.61863],[8.90712,46.61491],[8.90611,46.61133],[8.90611,46.60972],[8.9072,46.60621],[8.91707,46.59665],[8.91536,46.59579],[8.91593,46.5923],[8.90838,46.58671],[8.90611,46.58573],[8.90344,46.58456],[8.89393,46.58197],[8.88818,46.57903],[8.87828,46.57667],[8.87637,46.57512],[8.86336,46.57257],[8.85906,46.57084],[8.85673,46.5705],[8.85449,46.57018],[8.84319,46.56337],[8.8318,46.56388],[8.82973,46.56758],[8.82964,46.57135],[8.8006,46.56326],[8.7852,46.56761],[8.76196,46.57426],[8.75914,46.57346],[8.75516,46.57417],[8.75074,46.57622],[8.74552,46.57277],[8.73905,46.57219],[8.72793,46.57709],[8.72488,46.57534],[8.72244,46.57304],[8.71931,46.57257],[8.71751,46.57111],[8.7053,46.5738],[8.7042,46.57695],[8.703,46.57917],[8.70092,46.5787],[8.6984,46.58106],[8.69257,46.57967],[8.68563,46.58045],[8.68134,46.57877],[8.67873,46.57919],[8.67301,46.57829],[8.66667,46.57658],[8.66349,46.57417],[8.65983,46.57265],[8.65844,46.57066],[8.65352,46.56786],[8.64818,46.5657],[8.64299,46.56497],[8.63772,46.56462],[8.63465,46.56441],[8.6308,46.56584],[8.62865,46.5712],[8.62982,46.5736],[8.6275,46.57436],[8.62645,46.57632],[8.62038,46.57812],[8.61749,46.57781],[8.61484,46.57822],[8.61134,46.57504],[8.60133,46.57364],[8.5905,46.57348],[8.58413,46.57689],[8.58131,46.57702],[8.57743,46.58168],[8.5734,46.58368],[8.56487,46.58134],[8.55825,46.58152],[8.5483,46.58206],[8.5392,46.58678],[8.53586,46.5847],[8.5313,46.58456],[8.52719,46.58197],[8.52175,46.57664],[8.52049,46.56711],[8.5141,46.55912],[8.51953,46.53893],[8.50015,46.53451],[8.48373,46.53199],[8.47767,46.5276],[8.47816,46.5251],[8.47282,46.52324],[8.4701,46.52008],[8.46607,46.51757],[8.4603,46.51119],[8.45579,46.50826],[8.45174,46.50782],[8.44514,46.49697],[8.44291,46.49543],[8.43161,46.49702],[8.41957,46.49263],[8.41431,46.49472],[8.41102,46.49277],[8.40104,46.49236],[8.39876,46.49425],[8.39478,46.4939],[8.39229,46.49473],[8.39164,46.4916],[8.39466,46.485],[8.38721,46.47751],[8.3859,46.47562],[8.38908,46.47338],[8.38972,46.47006],[8.39216,46.46949],[8.3924,46.46795],[8.38535,46.46558],[8.38575,46.46186],[8.38227,46.4598],[8.38472,46.45216],[8.39291,46.45223],[8.40829,46.45852],[8.43955,46.46415],[8.44941,46.46192],[8.45417,46.45452],[8.46199,46.45071],[8.4658,46.44263],[8.45829,46.43538],[8.46013,46.42887],[8.45724,46.42312],[8.46754,46.41231],[8.46369,46.40396],[8.47021,46.3962],[8.46155,46.38718],[8.46567,46.38078],[8.46882,46.36211],[8.4621,46.35309],[8.46436,46.34465],[8.46396,46.33301],[8.45333,46.32165],[8.44372,46.31949],[8.44053,46.30412],[8.42774,46.2983],[8.43586,46.2863],[8.44983,46.27394],[8.45495,46.26518],[8.44319,46.25477],[8.44453,46.24888],[8.44727,46.2479],[8.45018,46.24816],[8.45375,46.24751],[8.45901,46.24603],[8.46077,46.24478],[8.46411,46.24455],[8.46868,46.23289],[8.49292,46.22889],[8.50015,46.22596],[8.51234,46.22103],[8.52719,46.2201],[8.53212,46.21768],[8.53682,46.2037],[8.54245,46.19738],[8.55255,46.19234],[8.55531,46.18613],[8.56388,46.18326],[8.56969,46.17706],[8.57514,46.16368],[8.58608,46.16193],[8.5896,46.15663],[8.60255,46.15475],[8.59354,46.14369],[8.60928,46.13271],[8.61117,46.12453],[8.61379,46.12173],[8.62889,46.12233],[8.63424,46.12241],[8.63772,46.12262],[8.64021,46.12277],[8.64552,46.1236],[8.64803,46.12333],[8.6479,46.12253],[8.65893,46.11258],[8.67009,46.10936],[8.67816,46.11016],[8.6858,46.10257],[8.69803,46.10161],[8.71394,46.09727],[8.7181,46.10172],[8.72001,46.10432],[8.72161,46.10652],[8.72441,46.11033],[8.7265,46.11179],[8.73026,46.11427],[8.74233,46.12222],[8.7558,46.10492],[8.76083,46.1015],[8.78348,46.09443],[8.79876,46.09495],[8.80791,46.1004],[8.84752,46.07575],[8.85211,46.07564],[8.85418,46.06858],[8.85459,46.06159],[8.84419,46.04851],[8.83453,46.05137],[8.83044,46.04735],[8.82882,46.04647],[8.83193,46.04566],[8.83544,46.04377],[8.83271,46.04057],[8.83003,46.04161],[8.82817,46.03423],[8.82715,46.03228],[8.81968,46.0255],[8.80638,46.02169],[8.79711,46.01219],[8.79309,46.00811],[8.79218,46.0057],[8.78997,45.99982],[8.78591,45.98908],[8.79564,45.99164],[8.81284,45.99034],[8.82186,45.9873],[8.82359,45.98767],[8.83105,45.9875],[8.83823,45.98412],[8.84682,45.97617],[8.84948,45.97298],[8.85372,45.97039],[8.85673,45.96855],[8.86008,45.96649],[8.86907,45.96088],[8.88259,45.95703],[8.89283,45.95857],[8.89657,45.95502],[8.89839,45.94539],[8.89737,45.94327],[8.89296,45.93411],[8.89817,45.92566],[8.90611,45.91906],[8.91629,45.91446],[8.92025,45.90896],[8.92484,45.9037],[8.92494,45.90086],[8.92345,45.8988],[8.92192,45.8952],[8.92414,45.89222],[8.93178,45.88491],[8.93377,45.87033],[8.93671,45.86811],[8.94184,45.86961],[8.94389,45.86832],[8.93936,45.86374],[8.93141,45.8598],[8.91423,45.84223],[8.91215,45.83044],[8.91492,45.83186],[8.91812,45.83321],[8.92048,45.8342],[8.92373,45.83411],[8.92659,45.83328],[8.92903,45.83338],[8.9342,45.83927],[8.9468,45.84278],[8.94881,45.84343],[8.95315,45.84232],[8.95577,45.84291],[8.96227,45.83794],[8.96998,45.83235],[8.9863,45.83791],[8.99211,45.83488],[8.99749,45.83494],[8.99412,45.82621],[8.99458,45.82264],[9.00676,45.81979],[9.01592,45.81836],[9.02133,45.82069],[9.03446,45.82302],[9.0318,45.82514],[9.0371,45.83543],[9.03543,45.83966],[9.03865,45.84203],[9.0407,45.84576],[9.05077,45.85221],[9.05137,45.85552],[9.04942,45.86205],[9.05585,45.87392],[9.06633,45.87596],[9.07784,45.88506],[9.07813,45.89121],[9.08772,45.89699],[9.089,45.90065],[9.08684,45.9022],[9.07693,45.8993],[9.07635,45.90339],[9.07645,45.91076],[9.06819,45.91291],[9.06003,45.91644],[9.05906,45.92037],[9.04953,45.92116],[9.04251,45.92695],[9.02984,45.9265],[9.02616,45.92875],[9.02294,45.92901],[9.01936,45.92837],[9.02204,45.93809],[9.0122,45.94378],[9.01644,45.94915],[9.01357,45.9601],[8.99371,45.96699],[8.99009,45.96992],[8.99107,45.97164],[8.99526,45.97331],[8.99611,45.98001],[9.00764,45.98081],[9.01233,45.98794],[9.01957,45.98839],[9.02373,45.9925],[9.02846,45.99363],[9.02451,46.00076],[9.02346,46.00939],[9.02254,46.01686],[9.00813,46.02946],[9.01782,46.04977],[9.05037,46.06199],[9.06225,46.06109],[9.07831,46.06532],[9.07881,46.07435],[9.08943,46.08569],[9.07252,46.1181],[9.07687,46.12014],[9.07869,46.12124],[9.09856,46.12682],[9.10486,46.1317],[9.11708,46.13541],[9.12148,46.13482],[9.13443,46.15263],[9.15561,46.16209],[9.15938,46.1696],[9.15295,46.17038],[9.13927,46.17864],[9.13575,46.18032],[9.13176,46.18383],[9.13108,46.1884],[9.119,46.20039],[9.11122,46.20499],[9.08926,46.21239],[9.08772,46.21341],[9.08013,46.23189],[9.07446,46.23232],[9.072,46.23504],[9.07617,46.23965],[9.07725,46.26064],[9.06264,46.27601],[9.05767,46.28225],[9.05391,46.29221],[9.05462,46.29498],[9.06048,46.29741],[9.06424,46.3032],[9.06796,46.30712],[9.06994,46.30783],[9.07217,46.30857],[9.07511,46.31461],[9.07192,46.31859],[9.06575,46.32405],[9.06372,46.32721],[9.06565,46.32939],[9.06961,46.33249],[9.06644,46.33637],[9.06957,46.34114],[9.0693,46.34357],[9.07115,46.34359],[9.0819,46.34844],[9.08843,46.34963],[9.0887,46.35291],[9.09262,46.35751],[9.09444,46.36407],[9.09267,46.36764],[9.09295,46.37083],[9.09522,46.37302],[9.09307,46.377],[9.0908,46.38359],[9.08725,46.38883],[9.09527,46.39959],[9.09136,46.40634],[9.10185,46.41209],[9.10035,46.41805],[9.0893,46.43218],[9.0895,46.43691],[9.08867,46.43912],[9.08701,46.44369],[9.09123,46.44844],[9.09221,46.45092],[9.09319,46.45518],[9.09508,46.46039],[9.09357,46.46324],[9.08505,46.47096],[9.08537,46.47536],[9.0786,46.47809],[9.07356,46.48028],[9.06055,46.4763],[9.05375,46.47689],[9.05102,46.47932],[9.04535,46.4813],[9.04787,46.48365],[9.04637,46.48666],[9.04506,46.48816],[9.04024,46.48957],[9.03896,46.49157],[9.04015,46.49395],[9.03267,46.50233],[9.0284,46.50359],[9.02354,46.5081],[9.02199,46.51253],[9.02315,46.51908],[9.02065,46.52354],[9.0202,46.52799],[9.01718,46.52904],[9.01662,46.53205],[9.02171,46.53396],[9.02295,46.53788],[9.02121,46.53963],[9.01924,46.54754],[9.02463,46.55535],[9.02323,46.55825],[9.02669,46.56182],[9.02669,46.56598],[9.0299,46.57134],[9.03282,46.5741],[9.03539,46.57521],[9.03521,46.57788],[9.03732,46.58203],[9.04374,46.58339],[9.04221,46.58519],[9.04375,46.58725],[9.0428,46.5888],[9.03698,46.59226],[9.03352,46.5941],[9.03409,46.60003],[9.02807,46.5991],[9.02524,46.60148],[9.02079,46.60325],[9.01622,46.60322],[9.01137,46.60794],[9.00701,46.61049],[9.0053,46.61103],[8.99613,46.61164],[8.99057,46.61049],[8.98373,46.60882],[8.97309,46.60266],[8.96603,46.60377],[8.9622,46.60265],[8.95961,46.61049],[8.96251,46.61837],[8.95738,46.63032]],[[8.9673,45.96321],[8.95859,45.96479],[8.95983,45.96804],[8.96129,45.97185],[8.96402,45.97598],[8.96464,45.97906],[8.96687,45.98416],[8.97697,45.98307],[8.97756,45.98257],[8.97853,45.97033],[8.97567,45.96169],[8.9673,45.96321]]]]},"properties":{"code":"CH070","nom":"Ticino","country":"CH"}},{"type":"Feature","geometry":{"type":"MultiPolygon","coordinates":[[[[7.21303,47.00688],[7.2103,47.00399],[7.20496,47.00634],[7.19977,47.00171],[7.19638,47.00194],[7.1967,47.00023],[7.18725,46.99722],[7.17887,46.99412],[7.17107,46.9914],[7.16052,46.98752],[7.15375,46.98627],[7.14656,46.98493],[7.13811,46.98346],[7.09428,46.97648],[7.05185,46.97711],[7.0622,46.97148],[7.0577,46.96056],[7.05966,46.9517],[7.06052,46.94869],[7.06138,46.94245],[7.05792,46.93858],[7.05981,46.93655],[7.08421,46.91317],[7.09008,46.90773],[7.09315,46.90661],[7.09127,46.90346],[7.09253,46.90249],[7.09456,46.90298],[7.09742,46.89996],[7.10322,46.90147],[7.10381,46.90029],[7.09485,46.8955],[7.09075,46.89186],[7.0846,46.893],[7.08331,46.89609],[7.07876,46.89602],[7.0746,46.89551],[7.07667,46.89276],[7.06213,46.88305],[7.06212,46.88058],[7.0659,46.87995],[7.07001,46.87449],[7.06666,46.86872],[7.05021,46.85462],[7.0414,46.84731],[7.03696,46.84642],[7.03186,46.84851],[7.02998,46.85222],[7.03886,46.86024],[7.03103,46.86592],[7.03381,46.87457],[7.01738,46.87905],[7.00485,46.87363],[6.99486,46.87824],[7.00948,46.88904],[6.98417,46.90784],[6.98228,46.90969],[6.98584,46.91983],[6.97907,46.92276],[6.97187,46.92144],[6.9614,46.92781],[6.9279,46.95317],[6.89621,46.92533],[6.92204,46.90534],[6.929,46.89955],[6.92496,46.8954],[6.92596,46.89261],[6.93102,46.89283],[6.93862,46.8896],[6.94106,46.88517],[6.96512,46.86516],[6.96989,46.8672],[6.9649,46.87351],[6.96237,46.87671],[6.95971,46.87775],[6.95805,46.8814],[6.96221,46.88418],[6.96724,46.8839],[6.97348,46.88674],[6.98616,46.87627],[6.98806,46.87253],[6.98011,46.8663],[6.97771,46.86135],[6.97824,46.85029],[6.98754,46.84403],[6.9841,46.83949],[6.99241,46.83059],[6.98481,46.82261],[6.97461,46.82359],[6.96574,46.82735],[6.95866,46.82021],[6.9606,46.81823],[6.95751,46.81508],[6.95875,46.81099],[6.9657,46.80246],[6.95679,46.79377],[6.95866,46.79026],[6.94995,46.78346],[6.94407,46.78401],[6.93883,46.78153],[6.93248,46.77536],[6.93415,46.77102],[6.92878,46.76744],[6.92002,46.76007],[6.91696,46.7611],[6.91741,46.76253],[6.91437,46.76282],[6.90819,46.75755],[6.91032,46.7561],[6.90901,46.75487],[6.91056,46.75324],[6.9209,46.75174],[6.93009,46.75342],[6.93768,46.74871],[6.94054,46.74457],[6.93567,46.73323],[6.93429,46.73248],[6.92214,46.72355],[6.92044,46.72186],[6.91715,46.7186],[6.90556,46.71467],[6.89807,46.70843],[6.89352,46.70373],[6.89352,46.70184],[6.89347,46.69986],[6.88961,46.69397],[6.88795,46.69446],[6.88373,46.6899],[6.88115,46.69005],[6.87916,46.68826],[6.87311,46.68332],[6.86856,46.68574],[6.86658,46.68457],[6.86527,46.68278],[6.86548,46.68127],[6.86279,46.68099],[6.86471,46.67634],[6.86808,46.67493],[6.87185,46.6734],[6.8684,46.67011],[6.8644,46.66473],[6.86831,46.66298],[6.86802,46.66075],[6.8649,46.65825],[6.86303,46.65838],[6.85947,46.65993],[6.85659,46.65729],[6.85355,46.65552],[6.84765,46.65737],[6.84218,46.65881],[6.84407,46.66088],[6.83842,46.66262],[6.83621,46.66152],[6.83345,46.66232],[6.83134,46.65956],[6.82797,46.66028],[6.82142,46.65231],[6.81725,46.64925],[6.81847,46.64811],[6.81457,46.64743],[6.81364,46.64962],[6.81191,46.64919],[6.8112,46.65034],[6.80668,46.65039],[6.80201,46.64887],[6.79882,46.64925],[6.80349,46.64463],[6.79731,46.63381],[6.80176,46.62781],[6.80359,46.60911],[6.80202,46.60189],[6.7983,46.59993],[6.80131,46.59226],[6.79917,46.58355],[6.79511,46.57522],[6.79932,46.57408],[6.80615,46.57806],[6.81206,46.57884],[6.81412,46.58561],[6.82056,46.58371],[6.82373,46.57742],[6.8256,46.57792],[6.82873,46.57716],[6.8349,46.5761],[6.84277,46.58236],[6.85269,46.58202],[6.86511,46.57721],[6.87181,46.56952],[6.87448,46.56579],[6.87974,46.56631],[6.88467,46.56267],[6.8888,46.56737],[6.89352,46.56851],[6.89797,46.57062],[6.90064,46.56933],[6.89963,46.56465],[6.90246,46.5612],[6.89352,46.55925],[6.88598,46.55602],[6.86834,46.54184],[6.86653,46.54049],[6.86117,46.53059],[6.85401,46.54082],[6.83246,46.53742],[6.82614,46.53824],[6.82657,46.54195],[6.82425,46.54131],[6.81222,46.52607],[6.81079,46.52521],[6.81528,46.52155],[6.81789,46.51654],[6.82443,46.51216],[6.83011,46.51235],[6.83164,46.50815],[6.83276,46.50507],[6.83556,46.50194],[6.83676,46.5001],[6.842,46.4966],[6.84546,46.49667],[6.8478,46.49367],[6.85819,46.49325],[6.86277,46.49385],[6.86631,46.50074],[6.87254,46.50432],[6.88156,46.51258],[6.8833,46.51345],[6.89352,46.51769],[6.89606,46.51874],[6.89608,46.50744],[6.90145,46.51257],[6.90941,46.51224],[6.93479,46.50161],[6.95196,46.50196],[6.96204,46.49688],[6.97214,46.48984],[6.97374,46.48189],[6.98043,46.47475],[6.97789,46.47319],[6.97985,46.46019],[6.99146,46.44918],[6.98395,46.43805],[6.98877,46.43807],[6.99282,46.43888],[7.00254,46.4434],[7.01684,46.44762],[7.02122,46.45984],[7.02885,46.46731],[7.0414,46.47499],[7.06157,46.48732],[7.07857,46.48847],[7.10039,46.48698],[7.10525,46.48921],[7.10674,46.4923],[7.11033,46.49481],[7.11421,46.49592],[7.11801,46.49772],[7.12421,46.49931],[7.12473,46.50123],[7.12641,46.5032],[7.12904,46.50439],[7.13162,46.5049],[7.13306,46.50655],[7.13574,46.50819],[7.13707,46.51284],[7.13921,46.51563],[7.14035,46.51792],[7.14095,46.52041],[7.14366,46.5222],[7.14472,46.52664],[7.14838,46.52849],[7.15441,46.52761],[7.1591,46.52725],[7.17108,46.53275],[7.18276,46.53869],[7.19217,46.54662],[7.20082,46.54166],[7.20104,46.53992],[7.20733,46.53279],[7.21039,46.53402],[7.22071,46.54452],[7.22329,46.54773],[7.22938,46.55039],[7.23702,46.5538],[7.24028,46.55421],[7.24576,46.55587],[7.25114,46.55873],[7.25509,46.55988],[7.25977,46.5634],[7.26965,46.57507],[7.28164,46.58378],[7.2987,46.57915],[7.30805,46.58132],[7.31253,46.58914],[7.32076,46.59165],[7.31485,46.60036],[7.31829,46.61606],[7.31784,46.6185],[7.31213,46.62169],[7.31325,46.63658],[7.32322,46.63761],[7.32895,46.64137],[7.32249,46.6547],[7.34503,46.65445],[7.35498,46.64601],[7.35672,46.6405],[7.37585,46.65576],[7.3685,46.65526],[7.37036,46.65825],[7.37128,46.66168],[7.37139,46.66404],[7.37201,46.66696],[7.37159,46.66946],[7.37572,46.67484],[7.37364,46.67988],[7.37905,46.69082],[7.36784,46.69333],[7.36244,46.69849],[7.34625,46.69924],[7.34947,46.70793],[7.34821,46.71197],[7.32632,46.71661],[7.30803,46.71753],[7.29876,46.72362],[7.29629,46.73556],[7.30316,46.74722],[7.30317,46.75742],[7.29989,46.76398],[7.2952,46.76571],[7.29158,46.77346],[7.30312,46.78314],[7.30293,46.789],[7.30204,46.79392],[7.30605,46.7973],[7.31116,46.80891],[7.31985,46.81524],[7.31968,46.82501],[7.32935,46.82999],[7.32999,46.83438],[7.30216,46.85207],[7.31088,46.85544],[7.31619,46.86174],[7.32923,46.85812],[7.32392,46.85524],[7.32589,46.85217],[7.33849,46.85098],[7.35071,46.85469],[7.3589,46.86295],[7.35273,46.87486],[7.35356,46.88616],[7.34941,46.88907],[7.32524,46.8938],[7.29025,46.89374],[7.28101,46.88955],[7.25681,46.89828],[7.24577,46.89965],[7.2361,46.89839],[7.23038,46.90406],[7.22498,46.90333],[7.223,46.90262],[7.22113,46.90126],[7.21744,46.89754],[7.21247,46.90176],[7.20824,46.9027],[7.20003,46.90236],[7.19542,46.89898],[7.19132,46.90012],[7.19212,46.90224],[7.2072,46.90961],[7.20546,46.92172],[7.21111,46.92706],[7.21145,46.93092],[7.20371,46.93837],[7.20347,46.93965],[7.2097,46.94337],[7.21029,46.94615],[7.20976,46.94806],[7.2078,46.94902],[7.2101,46.95608],[7.20659,46.9606],[7.19996,46.96018],[7.19716,46.9609],[7.19547,46.96247],[7.19542,46.96382],[7.20579,46.96417],[7.22254,46.97458],[7.2213,46.97602],[7.22727,46.97856],[7.2297,46.98093],[7.2342,46.98621],[7.2293,46.9907],[7.22362,46.99379],[7.22674,46.99672],[7.22586,46.99914],[7.2233,46.99819],[7.22168,47.00206],[7.21725,47.00681],[7.21543,47.00549],[7.21303,47.00688]],[[7.1138,46.91074],[7.11483,46.91586],[7.13416,46.91885],[7.13872,46.90828],[7.12955,46.90545],[7.12301,46.9002],[7.11959,46.90055],[7.11862,46.90246],[7.1138,46.91074]]],[[[6.89352,46.88575],[6.89172,46.88678],[6.86623,46.90929],[6.78005,46.85264],[6.74231,46.82746],[6.76734,46.80886],[6.77686,46.80254],[6.77886,46.80056],[6.78409,46.80314],[6.78731,46.79956],[6.77903,46.79416],[6.77725,46.79185],[6.77597,46.7897],[6.78253,46.79287],[6.79806,46.78282],[6.80564,46.78504],[6.81316,46.77932],[6.81875,46.77767],[6.82459,46.774],[6.82807,46.77622],[6.83393,46.77523],[6.83988,46.77994],[6.84703,46.78105],[6.85151,46.78588],[6.85955,46.78747],[6.86397,46.78439],[6.86468,46.78095],[6.87966,46.77589],[6.89352,46.77778],[6.90648,46.78333],[6.91099,46.7798],[6.91661,46.787],[6.93055,46.80604],[6.92781,46.80841],[6.91959,46.80978],[6.91211,46.80404],[6.90734,46.80493],[6.90598,46.80725],[6.91012,46.81311],[6.9052,46.82767],[6.91151,46.83949],[6.93013,46.85387],[6.91413,46.86455],[6.89836,46.86235],[6.89444,46.86376],[6.91854,46.87079],[6.91087,46.88063],[6.90488,46.87928],[6.89352,46.88575]]],[[[6.85933,46.76656],[6.84903,46.77458],[6.84477,46.76591],[6.8306,46.75667],[6.8121,46.7372],[6.79896,46.73475],[6.79363,46.73571],[6.79299,46.73391],[6.79092,46.73272],[6.79105,46.73098],[6.78793,46.72934],[6.78847,46.72796],[6.79298,46.72555],[6.79611,46.7263],[6.79985,46.72687],[6.80184,46.72619],[6.80443,46.72737],[6.8062,46.727],[6.80886,46.7271],[6.81133,46.72791],[6.81736,46.73319],[6.82833,46.7354],[6.84673,46.72769],[6.8618,46.72459],[6.86675,46.72758],[6.86642,46.73303],[6.88208,46.74978],[6.88008,46.75178],[6.87573,46.75386],[6.87698,46.75586],[6.87248,46.75755],[6.86779,46.76018],[6.86405,46.76243],[6.85888,46.76207],[6.85933,46.76656]]],[[[6.77479,46.72399],[6.78445,46.73547],[6.78624,46.74767],[6.77307,46.75142],[6.76754,46.74419],[6.74862,46.73181],[6.75893,46.72474],[6.7634,46.718],[6.77479,46.72399]]],[[[7.23083,46.92934],[7.23462,46.92943],[7.23489,46.93302],[7.23468,46.93775],[7.22985,46.93927],[7.22766,46.93642],[7.21749,46.93258],[7.2167,46.92771],[7.21863,46.92438],[7.23083,46.92934]]]]},"properties":{"code":"CH022","nom":"Freiburg","country":"CH"}}]}